Timepoint,1,2,3,4,5,6,7,13,16,17,18,19,20,21,22,23,48,49,121,142,152,153,154,156,157,158,159,160,163,181,182,183,184,185,186,187,193,196,198,199,201,202,203,229,301,322,332,333,334,336,337,338,339,340,343
0,3.5870783,8.965708,0.75069946,3.849507,7.3348813,2.6252286,4.42427,-2.276461,0.6912362,-0.4536709,6.594027,-1.0219519,6.0363297,1.513046,3.0356448,-0.5972444,3.387551,2.5533855,5.166791,6.1778765,1.6998066,9.271751,4.639403,3.8375509,3.350489,3.9697611,1.5989931,-3.0398827,5.2732987,4.4008894,-2.0837698,2.639089,4.2565026,4.6617436,4.266311,1.8324715,0.79806167,-0.3414348,5.668013,-1.0110893,4.561208,3.803185,-0.26980302,3.1480157,6.999445,6.4132466,4.37726,6.010063,13.0623455,7.067749,4.716003,5.5029354,2.170774,6.3481927,8.203119
1,1.2002262,12.992409,1.4214048,4.9212394,5.4009237,7.6584377,19.061531,2.345563,4.115566,-2.3216841,8.351745,-0.81921667,6.4853563,10.604453,7.93212,3.087069,-0.3960156,-1.1606462,3.3013177,2.4042897,-3.855263,8.402098,1.4560189,4.899819,2.4825704,7.6011934,7.997295,9.769779,0.9093249,5.6358438,5.605015,7.392927,0.5608943,-0.33117318,4.1984982,3.6737525,1.8395299,1.5814368,4.1320243,-3.6715608,1.6044368,0.9972343,1.6019361,5.176641,0.18156978,5.716416,3.0044801,9.756937,-2.2498071,2.6594563,3.9213703,4.42218,6.1582847,-4.859683,3.0562627
2,1.17836,7.3145337,0.8795209,2.617505,4.1126943,6.345776,3.864634,-2.1938345,-8.153323,1.2384752,7.6909113,-0.48483655,9.820259,8.86711,4.769844,3.295333,0.08955997,-4.336536,-2.7438447,-2.3882782,-5.167701,6.1057854,-4.0441585,5.0957966,-0.45269692,5.513367,3.731364,5.3223634,1.6656135,2.058122,-3.6303818,-0.7507704,0.8180075,1.2179356,3.3953695,10.109972,-2.0447497,-2.5394206,4.6238413,-0.17575559,-0.55364203,3.8236732,-2.9065397,1.2200061,-1.1523561,0.18897092,-1.6316447,2.4272888,-2.9909098,3.0839617,-1.5327708,-2.0620294,-2.7603652,3.2914882,2.534709
3,-2.8950107,5.0580654,0.2743092,-1.7982281,0.70550114,-0.41160685,4.1839232,0.13176979,-0.74828017,2.6790478,-0.2408915,2.892144,5.3244214,-2.4230092,-1.471784,-3.772299,0.4960741,2.4559724,-6.247825,-4.690524,1.3572518,4.7324457,4.741431,6.8756123,-2.6710768,6.8833995,5.845648,6.1557174,0.044086587,0.1280351,7.56655,-2.78139,-0.77761924,-0.21774435,-0.2491841,-10.062034,-0.68997675,0.9495195,-8.053961,-0.65791893,3.534672,-8.185443,2.0357254,2.0896566,-1.1641732,-5.2159863,1.7433825,2.3763628,0.1087037,3.961309,4.719566,4.3495245,-3.0778012,-2.625407,-2.0529366
4,-0.6344395,10.727131,3.7804165,2.590478,3.0390592,5.6103377,9.1859665,2.4783566,-1.5678194,-2.217819,3.3099911,0.52652204,7.5565963,15.970336,6.9190817,3.0853195,-4.7650003,-3.7741616,-0.21302307,-0.802859,0.46914726,7.2308083,2.2740328,2.319515,0.68829465,4.5317225,5.4941673,3.2231636,-0.46586052,3.2817454,-3.5058444,2.946483,1.0104467,-0.021203399,3.7841873,2.9718587,4.252335,3.8649912,-0.2201275,4.7304573,2.8378627,-1.4096298,2.0676126,0.8815786,-0.7055377,-3.346902,4.2586384,17.768053,-3.118117,6.9259143,1.5026107,4.9534006,1.7913274,1.4174701,-3.9716969
5,-7.0223618,4.5610986,-1.7075596,-2.0527678,2.2245886,3.2107146,6.656235,-3.0981596,0.3847749,0.8667089,-2.243896,-12.004225,4.449757,6.152729,3.151698,-1.4987556,-4.2004824,1.0546087,-12.049454,-4.3444157,-0.4895686,0.32166204,0.45887595,3.9003487,-5.126848,1.5161084,10.17362,1.9811684,-0.5998717,-1.7771771,0.80272186,-6.6539273,-1.4936398,-0.6930859,-0.5337274,8.170869,0.7688863,0.86254454,1.0524048,5.7075396,-1.3452334,-6.720326,-2.4379966,-0.34889835,-6.532376,-6.0749216,-5.2288604,12.691259,-3.1211102,-1.611445,-4.0892286,-1.5127451,-4.1174803,-1.8273078,-5.730038
6,-0.9610445,9.010958,5.6037583,-0.9164423,-0.17683917,3.0960135,2.4428804,-1.5660566,-6.2834506,-1.2895689,-2.5870347,-10.863617,1.506629,3.6387706,2.9506261,1.4439696,-1.7533629,0.64796716,-10.31664,-5.637013,-0.55085903,-3.051407,-3.3802376,2.0565114,0.36850286,1.9874883,6.5971293,-2.2032285,-1.832062,-2.5881412,-3.9611008,-6.38733,-1.5204803,-1.5679456,2.8026848,7.6395373,-1.6486472,-1.3722397,-1.4622506,-10.521687,-0.0136557985,-1.2359321,1.0425369,-2.9718313,-9.320231,-0.82382226,-5.840515,5.248488,1.2781713,4.435477,-0.15917084,-0.87927246,-2.0742302,-1.1945341,-1.5708438
7,-7.616315,-3.4356039,-0.043952025,-1.5967078,-2.3538957,-4.638318,0.8343874,-2.3175063,-3.0766003,-2.038386,-5.8213983,-2.7992647,1.1796606,-5.8400455,-7.5425625,-1.3862605,2.015654,-3.2786775,-3.581479,-4.0489025,-0.19955699,2.449576,-1.166988,-2.0834742,-2.0990818,4.8225574,0.8965149,-4.4593644,0.34897667,-3.2134635,4.6282573,-4.072291,-2.6256657,-1.4261061,-1.7984989,-13.52618,2.314288,4.530426,-11.088271,4.3892746,2.4807336,-13.0992775,2.7445834,0.18249844,-1.6076843,-1.2282277,-0.70932657,5.140901,-3.2230034,1.2980372,4.698767,5.374542,-2.0456047,4.2298656,-6.1115484
8,-4.0233245,-0.6756235,1.5395778,-4.091117,3.385508,1.8126087,1.4664412,2.7415252,-2.6576395,-3.557816,-3.695318,-3.6199932,5.6133018,11.713715,0.23002186,1.6799021,-3.2889025,-3.1202836,-5.4641623,-7.568213,-0.073005244,2.3814447,1.3609712,-1.7384418,-5.7120457,-0.99604017,2.7414653,-3.9989784,-3.068132,-2.5819502,-11.173288,-1.6419946,-4.837572,-2.1154945,3.5851753,7.9133697,1.7768893,-0.08818143,0.1401813,2.9161444,-0.97612464,1.5663056,0.5485317,-1.6252619,-8.429452,0.8719927,0.89614064,5.2660594,-0.94406915,0.3268841,1.0120561,2.5766041,-0.7588002,6.77408,-3.8374932
9,-5.9469986,10.378829,-1.9113109,1.0947994,4.440754,-0.97737485,5.917931,-3.7935238,-5.544606,-0.024784096,-3.7168858,-4.82716,0.6835631,3.070798,0.24644315,-2.5639305,-3.6047091,-0.90297455,2.584921,-1.1489308,-0.08363329,-2.4055765,2.539526,5.6324515,-0.6998523,6.368576,6.0669136,1.3072919,2.981872,-8.360595,2.3800356,-4.0019736,1.7653682,0.5416943,-0.5732118,-5.578343,-1.594071,-5.502046,4.5054736,-6.3018465,1.0121806,3.0610123,2.6302538,-1.766858,-3.7238548,5.1043262,-0.15234865,3.6063492,13.413685,3.661719,-0.87341744,-4.16212,-4.537175,-0.12384421,3.315455
10,0.19059555,9.827394,2.9109728,-0.85794264,0.87619454,2.1907918,6.581545,7.8342204,0.9296411,3.2095323,3.9931426,4.693345,0.4205812,7.059456,-4.9677663,4.925009,-1.3871139,0.841179,0.7902549,5.768232,3.0051517,8.050418,-1.5599011,2.6061165,-3.8039052,0.05026035,4.340374,8.923213,7.944442,-2.358243,11.851616,12.16038,-1.4531329,2.6037848,0.61600345,-3.4459827,5.3035383,9.446668,-4.4284477,8.543597,5.916334,-1.5100535,5.5873804,1.3807808,1.4301078,11.254994,5.9089565,9.66589,-3.0507212,6.3011103,8.278383,8.517603,4.7188835,-2.4418964,3.3799028
11,2.0907917,8.456228,-3.7224405,2.5522704,4.029724,5.0336986,4.2966704,-3.8869445,-3.8520975,3.2777107,5.412099,-9.888169,3.1635876,6.222053,6.8847547,1.6412436,-4.3104143,0.7167587,-2.9775932,6.9708595,-3.8617673,-7.2706847,4.5929365,7.303417,0.068682544,1.9541531,9.712623,6.212179,5.7266192,0.2921608,2.5333455,8.468048,4.042313,7.324932,3.3446732,2.6830127,0.78062755,-0.084525146,5.2435946,-11.121947,1.453728,9.253966,5.754693,-0.8077529,-0.9045277,8.896657,-1.6899014,-8.660472,8.661696,3.8064175,5.686578,-4.078905,0.21827929,1.4101747,1.74335
12,9.688888,-3.8082252,8.395943,5.6817756,5.5808616,3.0752547,11.729293,6.8119583,5.035411,7.1048026,12.4184065,6.5364313,1.3184013,1.8358408,3.030014,4.2033687,8.109738,8.239403,10.090946,5.1697545,5.9434376,2.938179,5.8529277,1.4898659,10.053335,8.363036,8.076704,1.5362397,9.556386,5.704884,11.842809,18.367928,4.603149,5.87195,-0.24012177,-4.665699,-1.9839815,0.92184156,-0.5189396,2.9104302,6.2286267,2.166909,4.884939,5.196277,21.566113,9.18748,5.0362067,-4.6099844,7.1204557,3.881091,7.1644354,4.5150847,6.104559,3.1036797,9.454192
13,9.850744,18.338669,3.9650874,6.4748464,7.5218205,11.386232,14.465076,3.593245,5.489916,8.767442,10.373592,5.562572,9.926725,11.713428,11.512942,4.650997,3.8249068,6.921531,5.8652773,10.491874,2.7284522,-2.0414598,-2.3186061,10.149689,3.8062828,11.947999,5.438796,-2.0445974,2.5927458,12.149182,1.4261618,11.553528,6.56111,9.31983,3.289083,12.665276,4.789263,6.167951,4.641235,5.2812138,3.2837718,6.324955,3.3488238,6.8959727,1.6380624,7.567699,1.7366782,5.027291,4.471784,6.0631313,2.356455,4.1251273,4.0330443,7.143393,6.1665487
14,6.807469,2.3250463,1.7994075,5.958959,3.1202965,5.2843885,1.2863468,7.572703,8.38458,3.7260547,5.5433393,-0.11414862,3.8272526,2.8609848,12.393098,-1.0922695,1.752216,7.756146,3.4191058,1.7076716,-0.63964516,-0.60269076,2.7163093,6.1372447,0.30821082,16.28005,6.5400662,-5.2238307,0.8275918,8.549638,-1.2430505,4.013674,0.9238425,2.611551,0.05306475,0.92284495,0.62387735,3.1578622,6.6935015,-2.2306323,-1.2394521,5.7504926,-0.49529186,4.6723614,13.370574,2.1891356,4.3249073,-9.4669485,10.853956,5.0520744,1.1782397,2.8753836,1.9597366,5.604071,6.5357594
15,4.0809484,-0.6709958,-2.3314893,0.40510193,3.294794,4.381602,5.973885,6.001642,2.7142127,-1.7551223,5.0416193,-4.7456923,4.984333,14.1767025,5.0438933,5.159048,3.4639738,-3.1713111,-1.3489679,1.1328156,2.3571198,-3.2802472,-4.884797,5.446791,3.7562065,6.3529544,9.273522,-0.8220484,-0.35986894,5.394254,6.7370257,-1.3226732,2.2639966,2.2769504,0.9763329,-2.9046996,2.3769367,4.606894,-5.8285217,-1.1995779,-0.7556715,0.42794722,2.6493366,1.1259832,1.5468822,-3.2839553,1.5687172,3.6423388,-0.36931598,1.1813074,2.6949146,4.4733763,-0.66919726,-0.5303734,2.9726772
16,-1.4981116,1.7304844,0.9438554,4.2031956,1.0185622,4.7731757,4.288174,1.7381885,5.0161204,4.1104603,0.9318793,8.965365,5.4353423,4.89034,4.6436415,-4.7008963,0.7578353,0.36841822,-4.924283,-3.7086973,-0.5902331,-5.6939344,-3.1379907,4.5313025,-2.4261281,11.597051,5.4128475,-3.9651067,-3.7978656,0.31584454,-5.078618,-6.3699484,-1.262821,1.5328574,1.9667892,-0.247313,1.4692892,2.7554932,1.2470978,3.358598,0.04803342,1.954213,-0.33379626,0.4134487,4.1210113,-3.922559,-0.51833147,-10.579384,2.2121377,1.1903648,-0.5945582,2.648579,-1.8258308,-6.8238015,-3.4772189
17,-1.0342673,4.6126986,0.4789828,-0.5347202,0.8429766,2.752267,1.0060749,3.5770023,1.6145861,0.23004884,0.696543,0.6095279,0.40207657,1.2966908,0.9172468,-5.172123,9.758505,-0.32396036,2.2654643,1.1774179,1.2458351,-0.40103236,-3.7470207,-3.6553607,-1.087067,4.5293536,5.244966,2.7285314,-0.41241726,-5.0397787,2.6053798,-6.36083,0.20563096,-2.0368285,-0.8498621,-7.5742283,0.89786416,1.1036457,-8.293747,4.6610417,0.92168546,-7.430534,-0.59376156,-0.89028037,0.3780602,-5.5843873,2.934316,11.925394,0.21387798,2.659452,5.400601,4.296864,-2.6003036,-1.7187859,-4.4393754
18,-3.402593,5.3465886,-1.1397886,-0.49071494,0.86509717,3.2465696,5.376827,-2.2441492,-0.36615455,-3.818913,0.71404135,7.9549694,3.9517689,8.446958,1.8643034,-0.14484541,3.3024287,-0.98394895,4.6311455,-3.0313752,1.8620762,-0.14130515,3.881339,6.9065876,-0.15321103,1.8267908,3.595578,2.5394535,2.4619167,-0.7672578,-5.504448,-4.2818956,-1.6475813,1.031177,1.9652035,4.181721,0.15169078,4.5531335,-0.9853118,5.0952454,2.6472008,-0.06282095,2.265018,-3.8959658,4.356314,-2.673541,0.3652308,-2.384362,4.1456623,-3.4413483,-1.0847775,2.534954,-0.45514175,9.409842,-5.81395
19,-3.0439825,15.24198,3.339378,-0.8055693,1.0242577,1.5792314,9.335444,-1.4128046,1.862893,-2.3460078,-2.100753,6.158852,2.9492476,3.7503626,1.9381135,-2.2782888,-0.06429446,-0.34402066,-5.2176228,-1.1937413,3.829852,-3.4712641,5.4459105,2.3573892,2.2885888,10.789028,3.0819838,6.4212337,2.5094497,-6.062076,-0.4082569,-7.578154,4.1552973,-0.11397776,0.41160944,-4.353652,-1.2561285,-0.99176174,2.0188868,-5.706188,-1.8858012,1.4773619,-0.73052627,-1.8533847,0.3266965,-0.6722884,2.2547822,-2.7298043,4.110716,0.2785499,-2.5555847,-0.6401626,-2.0577214,3.437523,-0.79979664
20,-2.9116466,5.4640574,1.4610196,0.16479412,-0.20511629,0.48770136,7.730249,2.5648293,3.8479447,1.6556988,1.3894558,7.4862924,3.7114797,0.77778524,-3.4993427,3.3118975,2.766479,2.9593453,1.9353454,-1.502399,2.8886683,2.262471,0.7144589,-3.6318574,4.710591,0.11837141,4.3062015,10.0153055,3.4750245,-2.3236663,3.301045,3.2256293,-0.9561407,2.3947916,2.5531712,-10.287464,6.2146063,6.244746,-5.5737348,2.898377,4.5478363,-3.3568468,5.6788034,-1.005776,1.6714835,2.4762163,5.740702,5.0827703,1.6368343,3.0879655,9.123284,8.657481,2.072421,-0.50493145,2.1161914
21,0.96806645,0.21908362,-2.6742098,1.8248949,2.0034974,3.0892785,2.2197556,3.5908384,4.173776,-5.7428193,5.231485,2.0657125,1.1209651,9.201358,1.8041574,-1.7742629,3.0163417,0.20059586,-7.786552,2.4632998,-2.8830018,-14.166734,-5.9960485,2.3810554,-2.032652,5.0425377,3.870274,-9.275667,-0.7511687,0.09277906,5.4007864,2.2932885,0.45133188,0.94764,0.9839412,5.7290196,2.4075468,0.8523919,3.2649121,-4.111167,4.167222,1.210641,1.3329893,-0.44277593,-2.2050605,2.104574,-2.0560668,-5.337667,-1.6683716,4.4214907,3.6779828,-1.0235226,-0.5531891,-7.0898232,1.2645943
22,-1.519212,-0.5693885,0.97297555,1.8743277,2.953774,1.3231847,-2.2451885,-3.6685348,-0.13305978,-0.4442971,0.12899242,-15.4575205,1.002459,1.0737988,1.3817327,-4.5777454,0.18356845,4.296383,0.5122451,-2.8872712,-1.9258013,-2.7363806,0.31367883,-0.64205235,1.2903912,2.600918,3.2745295,-1.3670528,-1.4598193,-2.1154964,-1.7911605,2.4280374,-3.106796,0.33034614,-1.9060038,-2.9913008,-3.9329166,-8.370805,4.5407686,-1.7967652,0.45280078,4.0655804,-0.78643495,2.419978,1.9084891,5.5509267,3.6309206,-3.486626,-0.061911695,-5.285192,3.8246098,-5.2113056,-3.2132173,-4.0534983,5.958402
23,4.13102,-0.37141776,0.48209327,2.3818488,0.31250954,-0.66026825,8.129909,-0.1903721,2.7675729,-1.1831231,1.501909,-5.0217757,1.2248926,0.5550228,1.0852,-2.1590347,2.3439834,3.7114975,-4.179619,1.033147,6.562369,-8.24234,0.16825005,-4.9095235,-8.039202,-4.6991787,-1.4547222,0.7240668,4.811525,3.6424916,5.8686385,6.0669417,3.546388,3.8937824,0.30025688,-5.155336,-0.6139936,2.868422,0.8974796,7.529035,1.8209652,1.5702298,2.1262593,3.4694235,2.0060608,5.565207,1.8570404,-0.64348435,2.3021317,2.3443305,3.0041344,0.63522565,1.3998573,-0.38168868,4.709697
24,6.778435,4.7896967,4.1310077,5.296495,6.0583262,4.371471,3.298663,2.4594615,-0.5111545,2.8366063,7.4766665,-3.9721835,8.392886,13.857113,2.5935888,1.5149871,0.73088884,6.96941,0.8259789,1.4368622,0.7434907,2.8436027,3.7493951,2.0247066,1.0033256,-2.6022274,2.2459,8.331492,2.2377315,8.804568,1.8967611,7.8797617,3.4953375,5.1722026,4.2673683,15.76286,5.082309,5.496363,5.060286,-1.1196784,2.161268,7.078169,3.353446,-0.7340822,6.218352,7.6914268,2.453668,-5.2155786,2.4479632,1.8496437,0.3726322,0.90837026,0.14337665,-2.125409,5.022638
25,5.985509,9.808379,2.7173955,4.632295,4.114337,4.809984,11.89617,2.3350356,2.527904,4.1865444,2.8353786,-7.864911,1.8536266,2.5784113,10.611296,-0.6429564,4.0204062,4.6163325,-0.7826127,1.1544244,1.3075842,-11.632774,1.9557799,0.7353494,2.394498,12.534068,5.2663455,0.5631556,6.4443765,2.7217484,0.9855512,3.1288147,5.6030245,0.15657453,-0.4579244,-5.810841,1.3270575,0.09433998,5.592204,-2.825084,-0.508728,1.3803325,-0.3214616,1.872068,-0.6989895,2.0778506,1.025321,-7.1104145,4.758074,-0.9133367,0.15142636,3.2354925,-1.588051,-2.1820226,0.39287007
26,4.2669187,13.004529,2.252263,4.4581685,1.8730693,4.5746393,8.968457,4.358311,4.384374,1.2892116,4.9114714,4.713347,9.791399,13.7528305,2.478751,2.1075141,4.5523,1.0802315,-7.1441917,-0.3587198,4.9355874,-2.1630507,-0.60712063,-2.942731,1.3430562,5.8102183,3.0117767,-2.329068,1.4149556,7.95099,-2.8345928,3.6077523,1.6039174,1.8226682,4.034953,4.3557057,2.9732103,9.97695,0.08224265,4.6111193,6.258308,-1.6809974,3.086735,2.7621086,-5.2691493,-0.36574596,0.32094377,3.289324,-1.2841252,1.9432718,-1.3164256,6.235452,3.6804175,-5.2464476,2.2318716
27,-3.889144,-11.154895,-3.3696039,0.71681565,-1.9303614,0.62333554,0.136265,0.8425046,-0.6955897,-0.2372885,1.0761801,-7.8794317,4.3492045,7.8123546,-2.7746785,-3.4618516,1.2297623,-5.604186,-6.938114,-4.542297,1.4726354,-13.8299465,-4.074895,3.588116,-0.87401116,-2.5086067,-0.5143942,-0.8618042,-2.377044,0.8003931,5.174669,-6.8725443,1.3300102,-4.0144067,-4.6368113,-0.06342723,-0.62589675,-2.996753,4.512485,4.0505767,-3.8602462,-8.2246,0.560988,-5.8066673,-3.0107734,-6.0631123,-1.8421354,-2.0490854,-10.268265,-3.9489503,-3.5861776,0.81609917,-3.9850717,0.29579762,-5.468572
28,-0.41918883,0.26660103,0.34529725,-2.9518824,-2.8819745,-0.6222395,-4.3668137,1.1444584,0.85620576,-2.3775473,-6.1131597,-1.3937719,-0.6943871,3.4328725,-0.8539121,-0.93596536,-1.6757779,-3.1909816,-9.645551,-6.1090717,-2.7961345,3.7886639,2.0555308,4.683755,-2.1695735,-6.8147645,-1.7988673,-3.4978683,-2.7254622,2.7717457,-1.3552872,-6.754893,-3.5120618,-4.2075505,-0.8563018,-1.2215145,-2.5119076,-1.3322836,-2.2529845,0.9141874,-0.20062187,-1.702878,-1.6095961,-0.20991758,-13.41352,-7.027683,-1.2952268,-1.603669,-4.666188,-0.9605592,-2.5553203,2.1583045,-0.6596599,-9.4560585,-5.8480453
29,-2.485213,-3.2617805,-1.225632,-3.702828,-2.8410587,-4.1884346,-6.710337,-8.3436575,-5.7337484,-5.5451665,-7.2605968,-3.0545783,2.722257,0.53356904,-4.808882,-2.0267885,1.0622962,-1.0052941,-13.672326,-1.063776,-2.589576,-8.505051,-5.549024,-1.180017,-2.4581795,-7.037702,-2.0676577,-3.1555533,-4.133406,-1.4121729,-7.53796,-6.1550837,-1.8722962,-6.460456,-3.0854933,-0.2314284,-3.4860075,-2.722913,1.4475101,-8.943564,-3.1830049,-7.8921366,-1.9277176,-1.2728267,-15.871367,-4.488045,-5.3747835,-10.165892,-11.31461,-1.1474175,-6.845987,-8.305959,-5.8146267,1.7729551,-7.0732794
30,0.55562234,12.060794,5.8603196,1.8249573,-1.7596781,-1.5341841,-1.2633598,0.9557111,-3.2836585,-0.13255985,-3.4123392,-1.5944576,-2.7720978,2.1139495,1.6097475,0.77183086,-0.9523881,-0.07022519,6.8140116,-1.4451033,-0.34977996,5.2434225,9.885924,-0.6598092,-0.80703354,-0.601657,-1.1046773,-1.1519736,3.124279,4.235033,7.18791,0.3889983,1.2958493,0.001645459,2.2334313,-1.624618,-0.92213356,-2.6741023,0.57928866,-1.6400979,2.384297,1.6786611,-0.87578744,3.6465502,7.7781153,10.494431,2.2379487,-2.3606973,-0.5338127,0.87724036,2.9284892,3.9925504,-1.9419829,9.15471,3.8323338
31,3.7924862,-2.9327192,1.6121788,-0.43208116,2.7361894,0.96100533,7.405327,3.3204193,-1.2002867,-6.682307,-3.2750473,-1.8696033,0.70884,5.781682,-2.273263,-1.6869568,6.1779547,-0.24920589,6.5443234,7.3647833,-2.1790965,-1.6066023,-5.825289,1.5451027,-5.837276,5.526151,1.1727791,-7.995371,-3.7810094,6.0582952,0.17353244,8.916885,1.858041,2.4220946,0.09099745,8.55386,4.2585826,7.178882,-2.095587,1.8017452,-0.55498594,-3.395962,4.464292,-1.7120556,-1.1997943,13.778171,-1.7464569,-4.639937,-1.5742677,1.1838133,2.9885721,3.949278,0.3970233,11.289653,-6.8116117
32,-2.2821105,3.8603015,3.1716807,0.9118116,-0.4081526,-0.74583405,-4.29315,0.52414966,-1.8051499,-2.070434,-9.001671,2.0188518,-3.6600826,-2.5136924,-1.8126041,-0.21868007,-2.165913,-4.061279,-6.2579246,3.03458,0.055419564,-6.2592993,-2.3373673,0.02039395,-8.76696,-0.07479624,0.72690016,-6.128903,-5.833589,-0.40275735,-5.867893,2.8356154,0.2953353,-1.5146638,-0.94354004,1.3084008,-3.5162964,-5.9940677,0.67789626,-4.1389337,-1.4444605,4.148328,-3.7052493,-4.6980042,-5.160743,10.195723,-3.1967127,-11.009403,5.354302,-4.5573587,-0.13256118,-3.2491934,-3.018059,6.7427883,-4.24749
33,0.5954365,2.6206987,1.5594548,0.2795727,-4.360811,-6.0766487,3.1592958,-2.6703389,-1.1489304,-3.5090692,-4.9678955,-3.578543,-1.0628041,-3.6367295,-2.3684926,0.5243766,4.5108957,-4.2122483,4.510309,6.7687,-0.38454702,-1.3126225,0.4017999,0.5924727,-10.242534,-7.6478024,4.093769,-7.7591357,-2.4939246,-0.0695784,4.1310496,8.890957,2.3157682,-0.30311033,-1.9747404,-5.7977495,0.5999375,0.72752887,-2.7599006,5.4551163,0.73224,-3.4242043,1.2649217,-4.849199,-0.8057873,1.9403888,-2.6666794,2.4718835,-1.2786564,8.222727,1.0008683,2.6807773,-2.1414948,2.196787,-7.4523587
34,2.1101832,6.995623,1.0829846,-0.12550461,-0.89088154,0.6897177,-5.662656,2.959795,1.7274166,0.54853535,-1.3264284,6.8469605,-0.08553577,2.6130757,-1.5585616,0.6483426,-0.3990349,-5.4454064,-9.560347,0.44896975,-0.47729918,0.108308956,-0.5146922,0.5832171,1.9398916,1.3232577,-3.9502504,-2.140971,-0.3878878,4.7751937,5.555552,4.5859017,0.4180434,-0.24931753,-0.34317988,2.534859,1.0467947,1.6364187,0.22761497,0.5250157,1.4787867,3.9082134,1.7153982,-4.3928275,1.843544,3.2753184,1.9974577,-7.1592174,-5.589926,1.1326257,-0.14760327,0.62558156,0.17974618,-3.584767,1.2991146
35,2.7035992,-4.185501,5.9616003,1.0590167,0.7390144,-1.8429412,-6.842528,0.95610297,3.1556487,0.9893502,3.654569,-1.525294,-2.2233472,-4.7754126,1.1358402,1.7312562,1.9520053,-3.5942628,5.1301503,2.9488378,1.6601241,-5.7398868,1.9634837,1.7324464,2.4468157,7.992594,3.843308,-12.53782,2.153762,3.232702,0.49522176,11.142009,5.3991194,2.812629,-0.8693145,-3.3261719,-2.6459575,-0.252391,1.2338455,-1.464113,1.1637634,2.6173506,1.2930437,-0.19225883,7.3142586,3.8498929,-0.57752764,2.6073625,2.4403071,-0.38484767,5.7114353,1.5325282,0.71273625,5.059243,3.4512718
36,6.2019987,6.611704,0.1363837,3.2540164,2.996336,3.0561538,2.6364825,5.3097553,12.835017,8.344371,5.6888742,0.5353984,2.9210598,5.6628556,3.6636357,9.01252,4.420011,1.4287755,5.8883314,4.366795,6.5494213,8.361441,3.5872,-2.5061562,2.1787636,2.0591614,5.466721,-2.4866738,0.32345793,10.219403,7.0585732,9.411845,4.9764013,3.6009936,4.115094,9.313663,6.6323013,6.2733865,3.4980214,6.765804,2.9418807,7.456019,7.693431,-1.1324302,4.9552298,4.9519053,5.6840744,0.47781295,-5.5796404,1.8026541,2.034023,7.242356,4.799362,0.015048479,6.3857327
37,3.5031888,17.880487,4.982775,4.578195,2.1083732,0.7281905,-5.450286,-0.65414417,2.6441221,4.3033075,3.7764053,0.90131307,-1.0154951,-2.355913,5.142552,5.194834,0.16649227,2.5486498,8.261526,0.5823703,1.5946842,-0.8479597,5.6539407,8.124216,2.7629807,9.263413,0.23223501,-2.6231236,1.2413692,0.78164625,5.058879,2.3480103,4.902604,4.160043,0.3121697,-1.171245,0.6801617,0.30000803,5.572387,1.6742383,-2.761743,0.31822342,-2.122027,-0.82670826,6.40484,-6.198685,0.31191286,3.8156211,0.11146096,3.2055426,2.8658311,5.634637,-1.1704799,2.4735703,5.651451
38,7.39864,18.803362,0.042512156,10.474494,7.952071,10.119321,9.257517,4.425847,7.2810607,4.681698,8.251202,-2.2605207,3.6953254,5.2745094,9.336607,12.649987,1.2806593,5.407118,10.787945,4.341197,9.819241,9.2102,9.067837,-3.9676397,0.20547655,0.37837023,4.290026,16.847641,3.5230403,10.245285,4.1249704,7.25851,5.4226456,6.8944035,5.1928425,5.0483317,3.2114656,1.8142768,8.078917,7.915393,2.8441813,2.8885434,3.6854088,3.9806306,11.390421,2.063747,8.324706,9.035457,4.275014,3.265953,3.1016476,10.61015,6.0391684,6.0286837,7.196155
39,11.588633,11.2989235,7.3409047,11.452456,11.910546,8.8412075,11.731202,3.3852856,2.6971774,9.312243,13.133454,-5.944754,7.6865554,10.778212,13.927955,3.8136075,-1.1911664,5.32872,14.882845,5.009771,-0.2731443,2.5758102,6.7606635,5.065534,3.1389341,6.205124,11.851383,-2.271456,1.3603233,9.789992,3.83715,17.278852,5.497415,7.6353903,2.8117206,11.828369,0.9902035,1.9497249,11.134742,-3.1729448,3.8461275,8.6753025,0.84784967,0.66395974,17.10817,7.8566175,-3.841058,13.98882,-1.9413941,0.86057496,1.8956873,1.3209975,5.389679,12.095578,7.742603
40,5.9421067,10.819124,0.97449625,12.746608,8.86022,12.558628,12.745905,5.133227,6.533098,10.447046,13.756423,7.1571937,5.8640094,3.5914664,13.764445,9.129596,3.4960573,6.0442533,12.175325,5.393466,3.9851031,9.076869,15.395139,0.97287565,8.492937,10.989066,7.926913,12.217873,6.779726,5.1048245,9.328058,13.988178,8.144987,9.283029,2.7847831,1.9456345,2.2924356,2.6200526,5.6243134,6.8628774,5.126357,9.934124,5.9293337,4.5188203,12.137712,7.3949804,6.139453,10.889234,7.552671,5.1101465,7.9700184,8.677237,6.2186604,-1.6892377,12.310855
41,4.29177,18.563072,4.8723335,6.345666,8.011817,10.048742,17.96997,9.6842575,11.342298,6.9865174,9.707501,11.270457,7.623787,14.9991255,12.406123,3.984387,-0.36404318,4.471435,6.718118,0.14102522,-0.36854568,8.560274,-0.26588154,8.16135,7.3201776,7.357246,3.2779036,7.927497,2.1650558,7.750639,1.0570949,19.479153,4.61676,7.3411145,5.6572104,14.620391,5.597955,10.282747,3.4041407,1.9816564,2.9321015,2.7113917,2.2844193,2.1906905,8.072534,7.6934876,5.4653044,9.96148,1.8354659,-0.6435973,0.9324242,3.7878525,9.826844,-2.0393038,3.9049885
42,-9.015434,4.8033834,1.7414747,4.506812,4.065064,5.7857113,6.948692,3.553385,5.710347,8.853297,1.3002969,-7.587761,1.6554945,-1.1806629,7.910966,2.5262592,-0.6331139,2.3138986,6.2658854,0.7674816,-1.1292661,-1.7537102,-1.7679996,-2.2612944,-2.336749,6.0863514,4.859397,-0.9564661,-1.4295527,-5.7977314,1.0695373,1.6644045,2.3699684,0.84697104,-1.2025278,-1.2839258,-1.0681876,1.9028746,-1.8337556,-4.400788,-3.6045542,-0.0050181015,-1.7894614,0.1452524,4.3455324,2.1205297,0.50390863,6.5494075,-2.1428037,0.73926413,-2.5471928,-4.419436,-4.8867946,-7.0829244,2.5576997
43,-2.0906236,2.4809523,6.4836144,-1.4566374,0.10266077,-2.2762053,3.4272718,7.464654,5.315014,-2.5269465,-1.7091997,13.024732,3.2609892,-1.4220543,-0.2949706,4.2980065,2.4974766,-0.54419285,7.3532414,-0.25762016,1.8584484,7.087146,-1.0308546,1.7636266,-6.2894993,-3.2138698,1.1037222,-6.8574133,-0.8839879,-3.7411778,7.8366723,7.0457516,-4.0234113,0.5947508,0.34965774,-1.6116055,1.6678843,2.0064166,-4.791679,1.6706281,1.0631686,-5.7651725,-0.30091444,0.4769006,-0.06634202,2.5537896,3.1328952,10.535874,-1.6224697,0.79798526,2.7107773,3.0453897,4.4114375,-4.993558,-4.6927524
44,-9.090856,0.17994086,3.0801284,-0.9763804,-5.708813,-0.33002275,-3.1252513,3.5184383,-1.9377948,-2.8762767,-6.856294,-5.299364,-1.9087127,-2.7007232,-1.5113692,0.6232126,-8.57074,0.6521285,-3.4547637,-0.71921355,-4.7645326,-5.989273,-0.37785757,-4.023031,-5.436722,-9.003657,2.2796853,-3.5488224,-4.1343737,-8.8093,2.2170134,-0.30733112,-0.7032588,-3.6503692,-1.6532156,-3.0523462,2.76626,1.5249162,-2.8631487,-1.861423,-2.1313262,-0.55083704,-0.85208017,-2.979818,-6.726562,-2.5631194,1.3675207,6.9154572,-5.2610545,-2.9542944,-1.635705,-2.3840284,-1.2336601,-4.3478165,-7.6889544
45,-4.3425417,-4.5936494,7.5082545,-2.8171656,-2.1882033,-5.132239,-8.109108,3.7702086,1.2851421,-0.95992833,-4.6313148,-10.174116,-2.811289,-6.54841,-3.1885965,4.568958,-2.8737588,0.888034,10.086471,-0.46712956,1.8890668,7.427907,0.7414129,-2.9552171,-1.9812064,1.1064383,0.94370055,1.3761963,0.528468,-6.6125126,-1.6902184,2.9853573,-2.958426,-2.0074377,-0.9965419,1.3735499,-0.9857181,0.43570462,-6.120647,1.9458374,2.7367496,-1.1885387,-0.016574034,-1.7136674,-1.2148377,-1.5687827,4.302285,5.2080975,2.9357357,0.12780736,-1.7229382,-0.22668372,3.1048064,-8.706597,-1.6495874
46,-7.5225024,4.6196036,6.0593386,-4.389008,-3.138836,-3.4900649,-1.9424345,2.5440514,-0.6158906,-8.110086,-7.560805,4.746852,1.0017679,2.2570038,-4.2263007,2.9955199,-8.097741,-4.1255355,6.348158,5.8973846,0.11154498,-2.9037812,-0.9204303,0.6816364,0.47977495,-2.181547,0.87391883,-3.5170488,0.3211732,-8.512127,-2.8414254,3.7875166,-0.36574465,-2.0522766,-1.7614511,-3.6268773,1.2314377,-1.1030154,-2.9256072,-0.7739506,-1.2734323,-9.703684,-2.2193673,-3.6993096,-0.4412857,-2.0825076,-0.97257715,9.483142,-2.6459246,0.4201556,-0.52284247,-1.23407,-0.12417686,-2.6880758,-9.462047
47,-3.9905622,-2.1705148,10.148753,-3.1322243,-4.1514554,-3.9826212,-13.317646,5.2797866,-6.405626,-3.8942459,-7.2395434,5.8987346,-5.229879,-7.763122,-7.5916543,2.0175738,-0.58981144,-2.4398754,13.831189,0.41572577,-1.4047744,9.692563,-0.14661263,-1.0194612,0.016810603,-2.1040232,-0.3899466,3.6842687,-0.3719301,-8.365239,-0.3776197,9.608818,-6.186705,-2.5693161,-1.3420596,-3.7513707,1.4094661,0.7329926,-5.652407,-0.3466584,2.3820615,-1.0068492,3.1851492,-1.4922756,7.935877,4.087838,3.5060897,13.314763,-7.7478504,4.0652723,1.9202205,-4.829062,1.4728683,-2.895836,-6.0746155
48,-1.7138014,1.9073244,10.300849,-0.54200685,-0.18710858,-1.6198084,-2.8271909,0.70825297,-3.140102,-5.662892,-2.4206324,7.3512626,-1.3867269,-0.58512014,-3.2516074,1.8816125,-6.836654,-3.1425261,17.694532,11.413664,-1.3607073,4.8398786,2.9032779,-3.7097378,-3.3027458,-3.523304,2.096871,3.7274892,1.383612,-3.783077,11.06878,12.11656,1.725343,2.1007385,2.5623915,2.325639,2.59136,2.9250102,1.1580791,-1.960084,-1.1576914,-5.4707623,2.7373636,-3.4602087,7.773617,10.686023,3.861763,2.9372857,-1.7013105,1.7678393,5.0594845,-0.74197507,1.0313199,8.892284,-8.650532
49,-0.526792,2.303279,9.902087,-0.63376707,0.08620356,-0.3993771,-3.1531613,7.139821,1.47285,-1.256587,0.91166687,15.188218,-1.0167756,0.4553361,0.023525931,4.22256,-0.9938744,3.3899868,8.352729,5.086175,-0.51091653,12.967625,10.670034,2.1869595,0.95076346,-3.271012,0.38001633,8.25845,6.397266,-2.428255,4.9014106,10.479481,1.5629101,2.6999125,1.9368095,5.2016063,3.4742115,-1.2880062,3.5997574,6.311813,3.2523348,9.593028,3.0111732,1.1767381,14.219716,4.914215,7.566812,-11.236973,11.543696,5.3105593,4.9778743,-1.5640084,1.2335904,-0.6900836,3.945153
50,3.83184,1.9090489,6.957038,3.478307,4.013865,3.703576,5.687203,4.325519,2.3363159,-0.47344953,4.6572847,-1.1744028,1.1266053,5.8030553,8.302893,4.083928,1.4512109,1.2563994,9.917651,6.9867826,4.350677,2.417225,6.716239,0.7423646,0.2631262,0.85965025,-0.16146949,15.4004545,7.117415,1.7665492,2.559153,16.489178,5.0125523,5.7087865,4.8463597,5.2207084,4.6669188,4.199074,0.7417,2.180262,5.462544,3.9292223,2.9770672,1.4072587,0.6004737,2.560121,-0.72248375,3.1777303,3.9402807,7.152161,4.074159,4.2010946,4.470245,1.0047966,1.8207344
51,-1.0976466,1.3317997,1.5903087,4.621784,4.2813296,5.6812243,5.3056593,1.637793,1.3922174,8.226202,6.9001074,-14.234294,-2.654358,-2.361094,5.2517595,-0.6934514,-4.688869,6.6164246,5.3319125,2.2618043,2.3552027,5.5718613,7.640455,2.6712902,1.6742475,4.4330583,1.2441862,3.7023299,2.6935449,0.97255427,7.248806,2.5503614,0.089821175,2.1676557,2.4214094,6.177608,0.26009423,-0.9251047,5.6631293,-3.104267,4.0923195,6.1774716,3.2986264,1.959561,2.5236783,5.1485496,2.1103728,1.5012206,14.437295,6.420385,4.319454,2.7283099,2.612385,0.7009413,4.1881685
52,2.5653841,1.215278,3.7513163,2.0627356,2.0026505,1.3240203,15.102854,3.9479322,0.70572007,-0.6905419,4.7904315,2.6740324,-0.9288718,4.272307,6.764981,0.10519989,3.835285,4.229665,5.087564,4.7710757,3.0681918,5.6132846,-0.023502003,-0.29949942,3.9046524,8.128602,2.338611,-0.7249568,4.459101,0.45427883,0.8046469,2.5841389,0.29906335,0.6101916,2.183541,-1.9349749,0.6545127,3.4597163,3.1250339,12.517861,3.8566043,0.3903922,1.8113221,3.5903158,6.338896,4.835695,-0.03682784,15.993236,-2.5187633,7.155492,3.8560405,6.7306323,4.6456842,-0.15232685,1.5380464
53,-4.418117,-0.6869117,-5.149806,2.1303737,2.444064,3.222653,-6.0296106,-1.0122429,1.9307197,5.5023823,-0.11831589,-3.9502077,-3.1243505,-2.8634496,3.1081748,-3.5132895,1.3420365,1.6088719,-7.300678,1.0338148,-3.2911448,-9.007101,-0.45414507,5.14654,3.779611,-1.8642136,-1.6613939,-6.8942943,0.9137303,-0.5945547,1.1354192,-5.955993,-1.4075722,-2.5512748,1.0030153,0.39217138,1.6576456,1.798424,1.8204297,5.0167623,-0.06582245,-0.8492739,0.2622581,0.95120525,7.654929,-2.4070938,0.5315663,5.735349,-3.3284066,2.911965,-1.0574548,-5.0663795,-3.0143015,-6.1062675,-3.1310647
54,-7.2035666,-10.901754,-4.388075,-4.8190656,-4.018374,-3.1211755,6.050446,-1.9711256,-2.1813831,-3.3770597,-2.888679,12.663604,1.2686627,-4.9512453,0.5407147,-3.1413507,-1.7135642,-3.5643198,-2.7119064,-0.22462524,-1.6695294,3.2107074,-3.1771684,1.9046527,-5.254713,1.4916366,-3.525981,-3.8661723,-0.31742525,-7.1350584,-5.745462,-11.780414,-7.9145284,-6.6957994,-1.1223556,-7.333093,-2.2396064,-0.8716634,-4.9683633,-1.6383109,-1.8045061,-4.4017673,-3.9580076,-1.3238323,-9.577204,-8.054829,-3.8441067,8.692144,-9.416223,-6.7326174,-3.2166057,-3.8347201,-5.445655,-6.56269,-3.4182932
55,-6.7739115,-2.1773314,-7.4711566,-5.235553,-2.2593095,-3.8433268,-4.8670206,-2.438922,-5.6021323,-1.1976422,-6.9517064,3.8243139,-4.8597794,-2.1154847,-2.6280255,-8.629092,-2.5789545,0.80245745,0.7009898,-1.914073,-1.3025482,-4.146176,1.5511199,-2.960665,2.3141093,-1.9318578,-6.364455,-2.9746149,1.8378695,-4.246174,0.033455346,-20.036816,-5.9449644,-6.400088,-2.603718,-0.4727843,-1.1990837,-0.039073035,-3.8254123,5.0031657,-1.1957066,-6.0371766,-4.213102,-6.1275573,-4.4143662,-8.644714,-1.0749708,0.68995214,-0.32176608,-5.7467837,-3.1697378,-8.33093,-9.681205,1.7545155,-7.4899716
56,-3.9259157,-5.307676,-2.9776766,-5.910782,-4.5667925,-2.6589804,-3.40447,-2.256191,-0.2719515,-3.0136611,-6.865551,0.87805843,-4.7255373,-9.280628,-0.3081413,-0.66899645,-4.1973796,-7.443689,-7.5979543,-6.9095078,-0.9136908,-2.786756,-2.9290788,-2.775903,-3.3414154,0.71881837,-4.4289966,-8.710139,0.19874075,-5.716419,-3.0185168,-17.114723,-8.746046,-6.0657587,-1.2151496,-7.78615,-0.9707004,-3.8544874,-5.97399,4.3543034,-5.066316,-7.513567,-6.001866,0.49660495,-9.918974,-7.650954,-0.7135184,-1.5165908,-11.679766,-7.9462514,-2.534619,-4.7600245,-3.5640595,-8.041098,-6.3442636
57,-3.016501,-0.7447149,-6.850072,-3.420261,-3.3189485,-6.3405347,-9.215066,-7.981936,-4.607539,1.9695721,-4.3552885,-7.808169,-5.0095773,-5.2557697,-3.111521,-6.642095,0.771211,-3.806552,-9.506407,-0.52465904,-5.5264335,-15.833824,0.92981786,-6.8710694,-3.060833,-6.243375,-8.9933,-5.3920236,0.4354854,-3.6605184,-3.3096526,-18.883705,-3.8808208,-4.7520704,0.15310933,0.96754867,-1.5868791,0.4761427,-0.023423754,0.355487,0.16601458,-5.4406815,-1.1899873,-3.2191448,-2.7092807,-8.814336,-4.5821047,-5.889867,3.0090714,-4.676432,-1.559131,-8.423523,-9.677537,1.3803718,-3.1923785
58,0.70323944,8.38242,1.1020322,-1.5270895,2.5267577,-3.0246897,11.141842,0.38937408,-2.5010934,1.5258597,4.670483,1.3955936,-4.186858,-4.2924047,1.6277096,5.6359167,-4.2838945,-3.600653,-0.9707521,-1.4356769,-3.2831767,5.1029754,7.0177884,-7.2928,-0.040513642,-0.8220347,-1.6149235,4.1819277,8.326137,-1.0026525,-3.1508691,-11.375587,-0.9022015,-1.3205777,1.8870577,-8.543769,-2.5069125,0.6035765,0.6789273,-0.36919105,0.634351,-0.24146014,0.886629,0.8614244,-3.5270169,-3.6701343,-2.443036,1.9322672,-1.4822646,-1.957131,5.8252416,2.7784145,0.15681677,-5.380327,5.979426
59,0.8813583,-11.843101,-5.4290557,1.4518547,2.0879083,1.0510578,3.8275135,-0.078276925,-2.867929,3.817151,4.088512,-11.819477,2.8562,1.8982965,4.4977922,2.4477198,-0.4625117,1.7230589,-6.349692,-0.5406768,-2.0470016,-2.8438985,2.7321053,2.6350267,4.980394,-0.83978766,-2.1532173,-1.99061,2.7287903,1.1265155,-8.2671385,-6.1623716,0.8914015,0.4478329,2.9511554,12.105591,0.23091127,2.5680566,2.8316388,5.553274,-0.8799113,8.542415,2.559926,-0.02648347,-7.0729184,-1.1712008,-1.7403995,-4.3912425,8.794752,1.5135136,1.9359758,-3.9283848,-2.003658,-0.40332192,1.9538788
60,0.044308253,8.48781,-0.7705361,0.56402075,-0.83786464,1.7129918,7.748311,1.1603009,1.9017687,1.0862712,3.271536,17.697487,-4.7788706,-7.2979765,5.4159374,2.0415359,-3.5171356,4.5731015,-8.336648,-1.6334468,3.3280535,-1.5350941,1.2615595,-1.3833348,4.3624926,10.977134,0.99747807,-6.447281,0.42515978,-1.2101194,-0.53251594,-0.5353736,1.0221219,-0.78860414,2.8929741,-8.194699,-2.0132008,4.4754167,1.4883903,2.2241213,-1.272107,8.178244,6.2144213,5.7446513,-5.499437,6.0114946,2.5907817,-8.4189415,3.5269132,3.7470865,6.9573445,6.589623,0.91267616,-12.947969,2.2475052
61,-3.2474031,-4.8797007,-1.4558213,-1.4827938,-1.0968705,4.610767,-1.5639285,3.7829328,1.007518,-4.95126,-0.7712431,-6.8164783,1.2090007,7.0422363,0.94339925,3.9597156,-1.5019897,0.19344796,-1.8691319,0.80645025,1.7722459,-7.8986516,-6.607865,5.544894,8.407141,-1.2856545,-2.6271918,-5.3711243,-7.6944118,-0.73030365,-4.4101844,-3.5302582,-2.443579,-2.1434622,3.1895127,11.342744,2.6078012,9.559221,-1.3195933,7.6729417,4.0061045,4.6959305,-1.895395,1.3995396,-6.8872514,-1.4922826,1.5131063,15.074333,-3.281931,2.8027754,2.0479841,5.164448,5.3583307,-0.44632927,-2.6297054
62,-5.642301,-1.4847515,4.7778344,-2.5755417,-3.4108264,-0.7424676,-5.1216297,-2.784269,-4.9213796,-0.1721949,-11.160621,7.369812,-1.7062552,-9.844305,3.4178221,-4.557814,-2.6184523,-0.35341865,-12.1658535,-3.0526073,-2.0286832,-8.08271,-5.097703,-0.2668837,-2.498933,4.806359,-0.28168875,-4.2458763,-6.507689,-8.637262,-4.340321,-9.429217,-3.2424858,-4.8331704,-1.5188559,-12.768959,-2.4545135,-0.8506082,-3.9013803,-0.63186085,-3.9095595,-3.5800502,0.2138177,1.045113,-1.7708969,-3.465996,-0.60723156,-18.248549,-6.6671524,-2.9992192,-1.82352,-0.080079794,-3.8628256,-6.3287416,-11.736449
63,-4.105886,-2.6288326,0.35502407,-7.4972725,-7.1996226,-5.3119397,-11.7206135,0.8818124,1.991365,-2.5132785,-9.756556,1.5725963,-5.567867,-8.715481,-7.400729,-3.0764623,-1.2364686,-0.47808188,2.0595515,3.880906,-0.033982866,-5.359036,-4.176382,-10.80257,-4.422274,-5.5573225,-5.857058,-5.7312584,-4.923675,-7.5745773,1.6237849,-6.576383,-5.640977,-5.667731,-2.5969126,-4.0030055,2.8606124,1.4351561,-5.7310967,1.2739861,-2.1508791,-3.8116267,-3.6791196,-1.5892329,1.2955227,-3.0561821,-1.9541225,-1.7950481,-4.5920405,-2.4159877,-1.454946,-2.0736425,-2.8468416,-2.3298025,-13.678861
64,-1.3524054,-4.6141753,8.247202,-2.2569666,-3.7807693,-1.5927058,-5.9816375,1.2618055,-1.4023585,-1.4720883,-7.0374923,3.4189777,-4.1144857,-10.114227,-6.3916736,0.57419276,-1.9157654,-1.0819242,9.9264345,5.3054276,-3.2373986,5.592164,-4.6358123,-1.9045383,-5.3934755,1.3621011,-3.0449605,0.6057921,-3.68399,-2.9205112,5.002543,-2.5161533,1.695933,-2.9493425,-3.605246,-9.940655,-1.9042481,-1.800251,-1.4108689,-6.250702,-5.7834954,-2.285819,-3.0355797,-0.96153384,10.617696,3.5445812,1.3114341,-10.619382,-4.3852997,-8.667052,-5.6879363,-5.593886,-4.4791036,2.459566,-7.9644566
65,5.0161605,-2.5864046,7.4636536,-1.7780075,-0.8877658,-4.21594,-13.10781,6.8919053,1.4121115,-3.8892994,-4.502654,-6.7207675,0.67193705,-1.8559507,-6.947985,5.6519356,-2.5903592,1.7471122,12.510266,11.237258,-1.1872222,12.367833,3.8268034,-6.737388,-1.784175,-7.2639985,1.9170561,-0.1843812,0.87316287,2.8933334,-1.4979825,9.153089,5.1921654,5.3231425,0.34146032,5.3926225,0.6462109,-4.136744,-0.020967757,-0.38370505,-3.4814253,-2.60978,-2.1868365,1.0099779,15.902877,1.5022106,0.43972507,4.264861,-1.6092547,-4.3903785,-5.9267025,-2.3118832,-2.0289614,6.955312,-0.616948
66,7.414759,10.396117,10.6763525,9.903648,8.315992,0.30560097,-0.25438392,3.9273148,0.69289666,0.5486272,-5.85669,1.1733946,-1.0260437,-5.8083596,-2.7392652,7.6239448,1.8899363,4.97647,19.366892,7.5200143,4.171026,6.546858,1.9538841,6.6576934,-0.621835,4.4592795,2.8097425,4.8205624,2.2143452,4.415773,1.0157944,13.502315,10.452484,8.342906,0.8364657,-4.416756,0.43625778,-3.865263,3.10264,-4.1312933,-2.0031419,-3.4675295,2.0370994,-0.061382703,22.636143,1.1472831,1.4688952,-12.983533,-2.7394361,-3.5782897,-2.913114,-2.6541886,-2.2376106,-3.009544,4.0212774
67,13.324309,15.722359,7.22774,6.012362,7.5700955,0.027815267,-3.329037,10.762833,7.2969546,-4.7666955,-1.1145815,6.950373,1.6428189,-3.1043143,-0.13321431,10.377057,-0.36518252,3.792949,9.23385,9.981109,-0.044383574,3.4994752,5.64257,-3.2528946,-3.3797972,-7.345964,4.6205993,-1.8210123,0.57725686,10.131154,6.588833,20.707722,12.085907,9.970229,3.813633,4.2613854,6.3991632,2.7955203,1.0606954,0.10910441,0.23633647,2.2260962,6.5094595,0.4886223,13.4508505,-0.8651407,4.824009,2.1630073,8.632547,1.3032464,-1.6479774,-1.8580711,1.3630577,1.2342823,-3.8828666
68,12.890098,17.378193,2.0363321,12.9147415,9.666007,5.2671146,6.4049454,5.436273,3.2087078,4.2670546,1.4505712,-9.032743,-0.21906088,-0.24273433,4.256864,8.141523,0.2662853,1.544343,5.0286565,0.6174945,-1.041069,3.373365,1.0292764,4.011199,6.2282495,-5.2882457,3.7252114,-3.097643,5.073168,12.02419,-0.06486594,14.034054,11.538675,13.033379,3.2502646,3.1142864,1.9244995,-2.0638728,6.4107714,-7.035115,1.0436397,9.656671,4.8202953,0.17842245,10.493442,-2.5232844,1.5001515,-15.648672,9.531214,1.3726072,-1.7218263,-7.174624,1.2968707,0.82102364,6.7186394
69,15.410705,11.763704,-2.3828418,7.805969,10.0118885,4.0806894,5.982171,7.757086,7.4660873,10.258223,9.137861,-3.3366022,2.822599,1.3119802,5.419449,12.843476,2.2743287,7.7179585,4.833083,7.2105556,2.1165028,-1.7835444,13.20696,0.034835715,10.201385,-1.9805083,2.0905147,6.6509995,7.9699087,15.773861,9.631842,14.136769,14.526558,13.946675,7.140591,5.1532655,3.2328713,2.4237118,5.563264,2.5361717,7.325758,16.50237,8.791378,2.7308698,4.0994596,-3.1034064,4.488914,-4.2105103,16.596472,9.927855,4.3561544,1.3584471,7.169532,3.617919,11.319774
70,10.714267,17.746046,-4.682932,11.875204,14.102938,9.692418,16.121876,4.6812778,10.552975,16.099346,13.057394,13.183144,3.6380854,11.520219,8.707289,9.368013,7.807426,8.844068,3.9169593,6.4386897,4.8057036,2.098686,3.2743542,9.480635,12.732387,7.986396,7.5716605,4.1160107,6.806392,12.687435,0.83723956,9.358444,11.652294,11.8215065,7.2927895,4.1549754,6.0285053,5.1369767,6.276652,-0.080488786,12.4440155,16.720255,11.942205,2.4650886,4.063681,3.8029728,0.38943633,-11.5150585,4.016534,14.354599,9.984759,6.700688,8.346477,-2.1355984,10.783766
71,1.0120926,5.0077047,-1.4046986,0.06736076,7.58964,8.694996,2.0288675,8.17709,9.567693,4.87066,7.7455783,15.630683,6.1334,5.5694733,5.2177095,7.0844026,-1.0288174,6.6059337,-9.132852,0.7184403,7.2447085,0.5463169,5.043118,5.097582,13.309028,7.7089605,3.8681817,1.2367836,2.5640845,4.615537,2.0172362,5.563823,5.282162,4.323824,4.6427298,0.72834915,1.5439463,4.2401886,3.4286468,-0.15350679,6.1097302,12.094098,6.866183,4.590468,6.9958405,1.8633543,4.515043,1.9169596,6.874019,10.199114,4.217769,9.40008,7.99205,7.429842,2.5836415
72,-7.4073944,-4.4419007,-5.1541185,2.2743635,-2.4949477,2.1059422,2.1897476,-3.3062072,9.385791,4.260896,-0.49466696,-5.2825303,2.9755,-0.8824561,2.9775374,-2.5683208,1.2942618,6.04782,6.2170253,-6.043295,3.545272,0.631467,2.755801,-4.8111086,1.5223793,12.726797,-3.1200752,0.5389483,-3.3953974,-3.916916,-5.9833713,2.3631036,-1.9896454,-1.8778162,-0.63674605,0.86101043,-3.7115948,-2.3023558,0.82591844,-6.1106143,-1.9081861,-0.19538058,-0.54861605,1.9412795,0.22722057,0.71600705,-1.714877,-13.105191,-8.248621,1.2669675,0.041661464,3.1214294,2.66232,2.3984368,2.1359782
73,-4.2936387,-4.084551,0.64862156,-2.5545309,-5.5076685,-3.6335633,-9.984967,4.3064146,6.710739,-1.8016285,-5.927404,19.51746,-3.4527235,-10.375558,-2.365118,-5.8774695,-3.8065004,-2.0648472,5.0913324,0.67776316,1.9955841,-4.5926304,-2.206934,-6.991144,1.1421803,-0.20935427,-1.4017949,-1.3053098,-3.2095342,-5.024376,7.29152,2.4149146,-4.2885327,-4.9130125,-3.9544635,-4.4088736,1.3965918,5.7530837,-6.356205,-0.7723697,-1.2351949,-1.5607054,-1.8636985,-1.6066082,3.4809854,1.3188202,-2.0839279,5.465778,-0.5033971,2.9673007,1.0791606,4.636175,-2.461191,8.143281,-0.33872446
74,-9.406388,2.332091,-12.728978,-2.4107995,-5.9090695,-0.5185501,-1.0740874,-6.3388762,6.9402103,-4.9317675,-7.212621,10.639581,-1.1718599,-9.659232,-4.284541,-1.9438267,-5.7762704,-0.37630022,-7.7662997,-5.356626,-0.9998615,-1.1642416,-4.6439023,-6.9537663,-0.9535651,-0.14428246,-2.873527,4.5109625,-3.568758,-7.932255,-4.685808,-3.3922923,-5.4091587,-5.637189,-1.7788728,-3.8519704,-3.8399172,-5.4241433,-0.07330795,-2.6205342,-3.7266371,-5.554801,-3.402976,-0.776795,-12.243501,2.49721,-4.0814104,-5.164256,-1.851704,-2.665411,-1.7196915,-4.33904,-2.1486137,-8.692658,-0.31150436
75,-10.487509,-5.6326113,-2.3746908,-10.885667,-11.48077,-7.9251757,-17.068008,0.68856984,1.8857156,-9.298251,-7.8584347,-1.8818643,-4.3048124,-13.090577,-6.6612763,-2.1049092,2.2774994,-8.742033,-6.9427514,-6.460255,0.09229309,-12.105488,-4.9968696,-8.613242,-3.4873204,-3.417024,-4.8565297,-10.691096,-2.6918607,-9.76275,7.492463,-6.6139894,-6.1630507,-8.9425745,-3.795335,-6.1645637,-1.2097712,-1.783583,-5.5713863,-7.5642333,-5.918288,-6.1253467,-2.8214939,-0.07524177,-10.833878,-3.1003625,0.3036202,1.5798372,-0.39207605,-2.5121753,-1.6619854,-4.7271943,-6.3430295,-4.927248,-3.7262754
76,-7.325155,-3.636945,-11.017744,-4.078707,-3.487764,-5.002123,-3.4889498,-6.4457054,-0.3886062,-3.215073,-7.865658,-3.4768827,-5.30766,-6.306208,-7.440889,-0.91940004,-5.6430907,-5.010015,-2.4350028,-7.4827847,0.6945952,-2.6695592,-6.9304295,-2.6153393,-1.5055692,1.966612,-3.8342314,-0.71854776,-4.2625422,-4.436761,-3.8962777,-6.1469154,-7.381045,-6.513569,-1.9226102,-7.6106763,-5.7092333,-2.0314243,-1.8815889,4.3243456,-1.5881879,-5.635317,-3.7807393,-3.5775397,-13.863715,-4.301547,-4.67331,-6.518537,-8.541065,-8.956759,-1.3187616,-4.606755,-4.316062,-7.5288253,-1.3242044
77,-7.9016266,-6.3431544,-2.5681987,-9.457399,-10.50661,-10.514408,-14.599101,1.1079516,1.1749345,-5.8294764,-9.2789135,6.3820457,-7.187093,-10.432298,-7.175161,-1.4891837,2.9127104,-5.84413,-19.845911,-8.713276,-4.810878,-5.915413,-4.9421396,-11.3023205,-4.8921623,-8.442158,-9.23013,-2.3922174,-1.5078465,-3.7574584,-2.3534174,-5.725583,-4.034265,-9.105532,-3.0128999,-3.5333776,1.6283373,0.96493024,-6.4174676,2.6806858,-5.0101285,-6.720827,-6.526559,-2.6866312,-11.773549,-3.0485399,-4.785458,6.8958445,-0.31444097,-5.3907123,-1.8657678,-4.087608,-5.143236,-7.8918633,-5.567
78,-6.526028,-10.758493,-9.641057,-9.351414,-6.7142,-2.5405638,0.10804337,-8.254726,-3.1717842,-2.7786558,-7.1635866,-9.356509,-6.415157,-13.306709,-13.225679,-8.045774,0.621956,-1.2554498,-16.168434,-5.2003946,-2.0248973,-4.694269,-1.2709701,-6.909906,-3.1184406,-3.1042867,-10.196072,0.5479111,-4.594841,-6.213955,-5.3974886,-24.864653,-10.722435,-6.853646,-4.189652,-6.1134896,-2.9785051,-4.494385,1.6655755,-6.0311947,-3.3707526,-5.255667,-10.440791,-3.768192,-13.781916,-9.817103,-8.783681,4.050657,-10.571526,-6.0797963,-6.8702936,-5.539209,-6.307468,-1.709331,-6.1347675
79,-10.572008,-7.001067,-0.9283067,-10.307299,-8.403327,-6.8981013,-16.745426,-3.6748936,-2.867848,-8.420435,-9.608284,-6.3194985,-7.440373,-13.193446,-9.738839,-5.9366226,-4.4785795,-1.8429083,-15.413614,-6.680539,-2.7471156,-3.8848977,-2.599288,-5.576668,-3.3701384,-10.608534,-4.043614,6.421836,-3.3497915,-7.967246,-7.0862994,-22.359165,-4.6872735,-6.47509,-0.45405748,0.7342853,-4.1895766,-4.8193274,-1.2292732,-1.9793466,-7.057892,-9.068657,-7.8601646,-3.9893303,-9.211014,-15.617573,-4.441866,10.574892,-0.6951389,-2.2660015,-1.3928423,0.55784297,-3.930708,0.06603505,-4.509014
80,-5.9352045,-2.6670814,-6.3630977,-4.43364,-6.5855365,-5.0790615,-13.5512295,-12.247747,-7.520082,-5.5105724,-5.563218,-15.421563,-0.69927704,-11.133449,-13.096896,-3.351716,-7.1831985,-0.097929746,-9.947167,-6.592783,-0.4729162,8.865466,0.7605049,-1.7982826,-6.6498027,-9.754044,-6.978979,-0.39701584,-1.1222259,-5.8206015,-2.661765,-22.905811,-9.944852,-4.8326597,2.4906402,3.192958,-5.234459,-5.5386724,2.2806218,1.2895421,-3.0786166,-5.755764,-7.619905,-2.4838426,-4.462556,-11.47027,-5.6949787,5.7021656,-6.9197416,-9.09245,-8.20693,-1.5401044,-6.227092,3.7369907,0.13056158
81,-1.8090851,-10.45807,4.498809,-4.228795,-3.0127225,-7.1140504,-5.94784,-5.0544834,-8.939596,-4.614514,-5.0522814,4.6805787,-2.4908988,-6.2563066,-10.692676,-0.8759138,-4.0923038,-5.3260546,-0.9501516,-2.712142,-4.6815867,3.2660964,-0.43047044,-1.423639,-5.890795,-9.983859,-3.1698349,0.776463,-1.2994843,-3.7100275,-4.34027,-12.917843,-4.423301,-4.0326667,-2.4545114,7.6871243,-3.0892258,-4.6624217,2.0100708,-1.3515763,-6.1467495,-5.3310027,-3.550971,-4.317425,-6.153011,-10.82825,-7.9845023,-1.3140745,-9.296258,-10.581457,-4.0300975,-7.2048182,-4.710385,1.3908173,-7.044445
82,2.5151613,-1.7677324,-4.646685,-2.0269606,-3.0852313,-7.5286865,-7.4905753,-7.922113,-3.4462373,-2.6031368,-1.1912544,-13.204901,-7.457194,-15.786165,-7.9912114,-4.261286,4.210877,-0.7346889,7.0315986,-0.6966021,2.6065032,6.2649684,9.54904,-1.8983788,-4.8948865,-7.0212016,-7.820915,3.54383,6.414724,-1.7406584,-1.0710034,-8.125283,-2.5062776,-0.76566684,0.038332406,4.476174,-3.354728,-6.4895864,6.352385,-10.264865,-3.3002865,3.6358747,-2.3510098,-0.5363698,-1.7318442,-7.9108214,-0.027782192,0.06193127,1.8077675,-4.715637,-0.85753566,-6.116852,-5.4513497,6.0733156,5.2721143
83,9.267769,4.456356,8.229053,3.5576637,1.8619814,-2.080277,5.506996,1.6978712,-3.2570274,1.2804271,3.8468297,13.445354,-7.840397,-0.89181894,-3.1900597,5.0495234,0.45457718,-2.489269,18.012123,5.335199,-2.3742309,7.0000267,2.7733562,1.2707969,-1.7525444,-5.7384796,-5.410938,9.854858,5.0733104,5.7010407,0.2646316,4.1236653,0.8484492,2.5918028,3.8373468,6.363994,0.392596,-1.0712498,4.032617,4.037283,-0.4725654,2.4977462,2.1437018,0.3486408,12.760882,-1.8363844,3.7454233,-1.8793693,2.8834481,1.0483024,2.115212,-0.1917449,0.5395508,1.2287625,1.0204586
84,8.031775,7.6114783,1.2283405,1.4206679,2.688977,-1.2170379,-2.0788445,-3.8492668,-3.074357,0.09838618,3.784367,-5.98057,-4.5934277,-7.2241483,0.13872936,-1.6728636,-0.95125574,-5.124476,4.5141487,10.072845,2.1021068,9.090056,10.003916,4.5405455,2.6992085,-4.309122,-4.661725,3.2147512,3.757314,3.7007706,7.3737054,3.8484473,2.4594464,4.398489,0.98599625,8.18135,-1.9182059,-1.7639322,7.891524,-1.5592433,0.37594494,7.2190366,1.1872647,0.011713207,2.3993409,1.0806777,-1.5545748,-0.1720358,2.92694,0.44245172,3.0689633,-0.93508893,-2.6225562,0.838638,11.71551
85,11.534978,2.3552973,-0.71182275,3.7354925,2.717426,0.54518086,12.706682,-1.0127835,-3.2880116,1.4614532,9.214159,4.0824256,-0.8389846,2.5711937,4.478768,0.43075338,-1.4246476,-0.12357586,6.453651,5.1370344,3.0828598,3.9493823,-2.8160417,-0.9226806,4.2875323,-4.8546124,-1.1441842,8.039845,2.7544491,7.0397596,1.8000472,6.57117,1.1274886,3.1043136,1.0528332,0.85183173,-0.5631596,-0.25313446,3.2715263,-0.45751992,0.46404386,6.75262,0.41771176,3.091683,7.433772,1.8400468,0.0192829,-14.429865,6.482498,2.3953764,-0.51427823,4.0136194,1.8278016,-7.332785,7.301817
86,5.65141,-8.860507,-14.62103,-0.50270593,0.74555326,2.9946616,1.0516865,-4.3883905,5.2221065,13.584817,6.261226,4.789659,0.29046038,-2.2884734,5.046296,-5.3570194,7.320138,2.2939641,-14.406827,-4.78395,1.6326752,-7.97417,-3.6203072,0.75676405,-1.9794116,1.7037648,2.3463848,1.9491967,0.73897684,-0.24895813,-12.524532,-8.87133,-0.17611949,-0.631119,-0.5154175,4.498257,-4.511559,-6.399322,7.648646,0.26057056,-0.2877158,12.676794,-4.8246064,0.26875594,-7.2487864,0.51689625,-1.8831317,-10.045015,-2.0965343,-1.1393452,1.8789783,-2.4776256,-3.087741,-1.1908876,11.6872
87,1.5542579,-4.2206416,-10.355097,0.4711279,0.88681465,0.39507565,7.025149,1.1911163,8.127936,7.33364,7.5743675,8.138405,-2.137872,-4.7448587,7.050544,3.186725,1.9485068,6.330524,-4.7394795,-7.8319674,6.541002,-8.928955,-0.45631367,0.9741645,3.6623948,10.547707,-5.9212403,-4.0104427,1.5156947,-1.3531544,-9.805011,-2.8196862,-2.065011,1.60569,0.20292467,-3.2689042,2.384718,3.2040331,1.3328934,-4.2188244,3.0283542,10.32768,-0.44969168,4.7275553,-7.495963,4.964565,-0.79421085,-11.279623,-6.4710855,2.4133244,4.074796,8.538033,5.5261955,-14.879632,4.2492585
88,-1.1529385,-14.08467,-8.188197,-3.0271516,-1.0778857,6.8615146,1.1000701,4.106862,12.112195,10.35278,4.8232946,7.597447,1.6914086,6.943832,6.5579267,-3.5591195,0.21750498,2.7219102,-13.692807,-1.5983334,-0.8601486,-10.098331,-9.903469,0.10450759,3.0821097,3.5675461,0.72161555,-8.788263,-1.0840416,-1.701319,6.110246,-9.864171,-1.5147332,-2.1859794,-0.7113027,6.691364,4.128092,7.989722,2.8036075,4.068927,2.9746885,9.065888,0.052533913,0.65108657,-23.848291,3.6207213,-0.7401394,-11.092945,-8.52078,-3.7593093,-2.441097,6.579136,3.151375,-0.27010655,3.7240438
89,-1.4957862,-12.69672,-0.29081333,-1.3415318,-2.530345,-3.0213628,-3.6258209,-1.9647185,-1.8780527,10.219039,-2.8211288,3.9691377,-4.2112217,-9.193563,-1.0514526,-5.4434285,-3.239357,2.7549524,-3.3378327,0.5429942,7.998292,-3.9629743,1.886476,-1.3954979,5.2988033,3.7720208,-7.9624205,1.1674542,-0.19297326,-1.7302886,0.61839825,-2.4823453,-3.4888496,-3.5823572,-1.5567493,-6.905503,-1.7995725,3.8206174,-0.18062997,3.8337824,0.13677913,1.4183104,-1.5861738,3.6000519,0.5662747,6.72326,1.5737965,-1.4176837,6.2203298,-5.4002533,0.9821267,3.0701277,3.3825197,-2.9645412,1.6449484
90,4.907847,-16.325102,-1.3882238,-4.4460793,-3.9565237,1.2914385,-0.5725952,2.949176,11.7581625,-0.62345904,-0.15499066,5.2717023,-4.838063,-0.13413695,-3.052868,-11.011049,-0.7997203,-0.7567989,2.4445934,9.352577,6.330086,-2.5711753,-6.35858,-4.4167514,-6.1184645,0.8219712,-2.331,-3.021218,-4.0511518,5.7084517,7.5067153,6.394331,-1.2726462,-2.7456782,-1.3450065,-4.0204277,5.08718,12.199846,-1.0705874,5.981204,2.5793424,0.715285,-1.1826401,0.9972863,0.9730571,15.169648,6.6617417,7.9489875,-2.4978364,-4.8070445,-1.9568552,7.427901,6.7331824,12.433674,-2.6507125
91,-3.387402,-28.653778,-6.8501143,-7.499067,-11.738151,-7.758416,-20.454706,-5.4854302,1.3510665,-1.080158,-10.928919,3.852455,-1.596382,-13.428646,-3.2819965,-9.263601,-12.189701,-4.5384,-0.9397487,-0.4449184,-2.749589,-18.998693,-10.249397,-10.61629,-7.80043,3.9739296,-4.0844517,-9.681906,-7.196906,-2.558051,-9.477254,2.2573323,-8.754542,-9.857131,-10.5723505,-7.0805035,-3.9493306,-0.037443228,0.744844,-4.8028564,-7.3044515,-0.54721636,-18.806616,-0.40658548,-2.203914,7.972197,-1.606142,-8.987692,-2.844728,-15.184757,-5.9652286,-1.6850432,1.43041,5.044556,0.14718068
92,-0.7944001,-15.733096,-9.152308,-8.802702,-14.879537,-9.721117,-8.972385,-11.240785,4.1603317,-3.5571606,-8.761497,-9.681439,-9.725393,-12.583934,-8.858419,-11.524982,4.0276346,-3.7481222,-1.9340026,-2.7049403,-3.3262358,-11.94579,-10.9668,-12.954942,-8.801349,-1.4140718,-5.4032483,-13.912114,-3.2967198,0.6035341,-4.8073997,-3.4583948,-7.0790124,-9.950755,-9.388841,-16.331478,-2.8685849,4.018211,-2.728193,2.3821335,-0.9985549,-8.439032,-11.768611,2.3521905,1.8712778,10.595478,0.7364535,3.5040543,-3.9385512,-11.210041,-1.7153039,3.956988,4.209385,4.3577642,-1.1748393
93,-1.4854392,-18.486534,-8.620297,-8.982966,-11.659057,-7.238265,-18.5773,-5.861187,-0.3246201,-3.3887756,-8.553971,12.297375,-6.3769755,-7.243403,-5.796882,-8.261116,-5.8585577,-2.720634,-13.919437,-8.410781,-2.249235,-7.944384,-11.837178,-8.740204,-10.246701,-4.4159684,-12.004854,-2.3137429,-8.535065,5.107506,-12.256464,-4.0975327,-6.5939918,-9.016112,-5.0660434,-0.4015124,-3.4680216,3.3871222,-2.1709356,0.4819039,-3.256089,-7.279621,-7.3130937,-2.1449587,-14.517208,6.260182,1.3323628,-5.6935005,-4.3339334,-17.559055,-10.74223,0.9620758,2.5250509,-6.334272,-6.619792
94,-1.9648196,-11.199721,-9.401825,-5.9722013,-13.406476,-7.6956215,-8.304821,-14.502679,-2.826904,-4.0748124,-12.631307,-6.83726,-10.951488,-17.533384,-4.158669,-7.910852,-1.9463156,-3.5967495,-18.939262,-11.643139,-2.6181166,-14.189259,-10.0181055,-7.8871226,-7.171814,-0.9986351,-8.1852865,-16.035412,-8.795646,-0.19599815,-5.5976634,-15.774655,-4.052994,-9.431372,-7.619581,-16.741505,-9.225474,-6.7130804,-3.8003664,-0.98847246,-4.829464,-14.930834,-7.300124,-1.523613,-15.554556,0.16107294,-3.226869,-6.4574094,-13.924096,-10.238151,-9.046936,-2.3349977,-7.0992837,-5.7741046,-5.977343
95,-3.3917968,-17.373007,-4.629287,-7.0287476,-9.9376,-4.8927383,-13.628504,-5.6382303,-0.16941641,-7.9801235,-9.00754,4.468053,-5.1351957,-1.6906024,-2.9714034,-0.7633963,-0.49868825,-3.334176,-19.220411,-14.532295,-0.6430113,-10.9112,-14.696786,-9.573991,-9.880034,-12.686792,-10.38461,-11.336264,-9.491423,2.8030007,-8.631886,-14.0980425,-2.2585971,-7.0855417,-3.5279162,-0.67727023,-1.5140036,-1.9549063,-7.1459146,5.949767,-1.8971316,-9.272744,-5.30159,0.44362697,-19.064465,-7.8163743,-1.1450043,-9.799837,-6.2116175,-7.445648,-4.853548,-4.7212605,-1.7233423,-14.564639,-9.518883
96,-6.053842,-10.173315,-10.19354,-9.91891,-9.932243,-8.2989025,-14.338809,-12.79369,-4.275434,-2.820035,-13.145561,-5.8428063,-8.412016,-13.081107,-6.20446,-10.497667,2.3778288,-6.274608,-17.418016,-12.929039,-4.6539574,-20.954496,-13.646439,-9.57944,-4.864915,-10.520722,-9.094187,-12.496699,-9.905343,-7.467615,-8.021843,-20.009405,-3.6287882,-8.236439,-7.31353,-8.676319,-7.6320167,-8.422962,-5.5325656,-6.4874697,-8.468746,-9.532998,-8.115863,-1.6593142,-13.309563,-9.141961,-6.5803733,-12.949171,-9.131055,-8.137224,-8.150791,-6.4867845,-8.191432,-6.1233683,-11.164002
97,-6.7886167,-13.465258,-0.3674998,-5.029168,-8.548795,-6.58611,-5.7297873,-3.9342036,-9.218662,-1.4698557,-13.934786,4.3413496,-4.223168,-8.63943,-5.9149704,-2.51195,-2.036715,-6.5087547,-18.398636,-9.657366,-5.753321,-9.064065,-7.864748,-8.924514,-4.8597016,-11.721703,-9.583547,-8.5743885,-8.311857,-4.905824,-8.5303135,-16.048159,-4.9645576,-7.943166,-4.607962,-5.607635,-1.8347491,-2.081567,-3.3628476,-4.4347844,-3.6412897,-11.5387335,-3.6454606,-2.7855163,-10.899576,-7.961845,-4.7021556,-14.175797,-12.555473,-8.847256,-5.3249,-0.24855962,-0.8845239,-9.257023,-12.242314
98,-0.72095346,-10.610638,-0.67103344,-5.7512727,-8.642786,-7.901186,-19.34067,-1.6950742,-4.98854,-1.6873027,-16.868744,-8.669609,-5.553619,-15.5740595,-6.4028225,-7.302656,-2.8243632,-8.676767,-10.91541,-4.632646,0.6979958,-10.519511,-8.204408,-8.101881,-7.2091494,-11.038873,-6.970785,-11.693202,-7.7390523,-5.302412,-1.1491486,-9.399554,-4.945825,-7.465038,-4.4165,-8.625228,-1.5052198,-1.883522,-7.207996,4.440855,-4.705815,-6.790923,-1.083672,-4.6582336,-12.054026,-6.592553,-3.4921887,-6.880658,-13.591239,-4.7622037,-2.8720956,-5.804226,-4.397514,-0.18477085,-15.935729
99,-4.303798,-8.202749,1.157722,-3.0375757,-5.929152,-6.8354487,-14.474036,-2.0005147,-5.9539404,-9.285957,-15.065309,1.4760545,-3.3572373,-7.4743276,-8.878559,-2.3885598,0.026167879,-7.2696595,-0.18363602,-3.9193964,-3.883009,-7.6670656,-10.325337,-8.343893,-5.1135225,-9.093763,-11.964389,0.286752,-9.529835,-4.686288,-2.5256565,-3.3551702,-1.5023803,-5.730635,-4.559633,-6.3400517,-0.48822945,-0.88143456,-6.168308,3.2169092,-3.296193,-8.272688,-3.5954149,-4.9935923,-9.065221,-7.180061,-0.6298583,-17.019163,-20.902206,-8.4091625,-5.331233,-7.224062,-1.2323902,2.8088753,-11.399739
100,1.6009362,-4.7165456,2.0843318,-2.9320672,-10.310784,-11.601954,-17.802473,-4.917753,0.41439018,-7.0547805,-17.186342,-2.6843307,-8.099495,-17.6299,-7.178329,-3.5743363,-2.9540732,-0.76986766,8.6776705,-3.788941,-1.4442023,-3.2938912,-0.124172546,-5.838237,-3.4792776,-10.671135,-8.998609,-12.097321,-5.313792,-4.8943906,-2.211138,-1.2204744,2.1923373,-3.8152483,-4.963415,-9.222842,-3.357753,-7.8153515,-3.5949783,-4.42699,-3.1907706,-10.0288315,-0.8944881,-3.6905837,3.0432134,-7.8016615,0.102465756,-0.62314457,-3.6000576,-0.98378706,-6.269766,-6.938109,-4.814691,1.9016329,-8.454113
101,9.832422,-1.8591237,5.9602127,1.348864,-4.0315924,-6.021404,-10.780075,4.068257,-1.7784674,2.9777777,-4.5936837,1.4393619,-9.893885,-4.4931226,-4.2984457,-1.5050588,-0.045844972,-0.98029894,18.24598,4.2824163,-2.6034458,7.4890976,-1.6236815,-6.4972386,-6.605714,-13.29513,-5.5127068,-2.2620227,-2.4500005,4.62616,5.2773504,9.11347,5.009285,3.2084568,-2.2262607,0.6537472,5.8013983,4.0268145,-2.928551,-1.2449688,0.32756457,-0.39160264,4.0063047,1.1876955,5.715248,-1.3926178,4.107088,-1.3017855,-8.988514,0.17992228,3.2526395,-0.37592798,3.848049,-4.352862,-0.104397975
102,11.29274,3.6353505,-0.08526921,0.3756569,-2.270386,-7.2674603,-14.754146,2.8452775,1.195358,-1.9353946,-4.702258,-5.549506,-9.77231,-16.495907,-2.3089995,-0.4447582,-1.3831196,2.2359874,1.4536968,6.1560016,-1.680702,-4.4820423,4.426113,-8.811979,-4.2203054,-11.195,-6.2409124,0.6271916,-1.7779261,5.398569,-2.8117852,9.97331,7.310336,3.1437218,-5.8550024,-4.25729,-0.78857046,-7.80295,0.40651473,-4.176517,-2.8687265,-1.9154038,-0.626091,2.5918205,-3.070503,-4.431478,-1.0226517,-7.39872,5.03674,3.4846585,0.16135812,-8.64805,-2.0776625,1.1977068,2.4399827
103,10.008137,1.36022,1.1506803,5.38089,1.2802949,-2.8947377,-1.5003474,4.423422,8.266542,2.8370605,1.4963903,8.96263,-8.266962,-4.8559275,1.6472386,4.367267,6.948681,7.491066,1.210718,2.1374028,1.5946963,5.9837136,-5.3228016,-6.205104,4.0966077,-3.2421873,-5.497308,-0.29779387,2.4691567,10.666329,1.3577794,12.165365,6.0486674,4.0483294,0.2450087,2.3601182,2.408322,4.7253046,0.8491191,4.669227,4.527075,0.8538187,8.808306,6.3507357,7.4537945,-1.6504382,-1.00376,3.3157027,-2.6366725,7.9699864,3.405256,0.6692486,6.550218,-4.3444114,6.3418183
104,3.3102992,-2.0428798,-3.1760433,0.9689048,0.2756805,0.72388536,-8.712123,-0.2571234,1.6818724,0.37845603,-2.1727142,0.53055346,-5.423254,-2.882462,4.857734,-1.754164,-0.36536542,6.6987042,-9.2496805,0.28107145,1.4390545,-3.2149644,-2.1467626,-4.7332716,6.7725697,3.2382865,-7.2166033,-15.694833,-4.8308663,3.024386,-4.415234,-1.9563969,1.8150386,3.660265,-0.5484181,2.5755727,-0.9717827,-2.6411445,3.2466354,-3.3210342,-3.2897842,0.825943,-1.4526879,3.3635027,-9.275172,-9.226487,-4.181083,-1.9286524,-2.0848753,2.6616774,-4.697428,-4.664436,-3.3692782,0.9145086,0.4541635
105,-1.7601641,-3.0060704,-1.5741572,0.4339623,-4.069798,-3.4135573,2.2582223,-0.9624176,2.903206,1.2913071,-0.90833724,10.11422,-4.196469,-5.309028,-1.3501642,2.7394335,-3.7779014,1.3942771,1.4683125,3.3461158,-0.5526887,4.115787,-9.701332,-4.3987308,3.1055117,2.0622356,-3.4396992,-3.8458455,-2.1252034,-0.5875046,-0.52771056,-6.289226,1.3975345,-1.1373638,-0.9729198,-5.020159,0.06552531,-0.56950533,-0.460475,-2.5977361,-3.4728825,-3.2897215,3.5796375,3.1768491,1.988503,-6.571801,-1.0061382,-8.089277,-3.5494404,-0.8986537,0.6165474,3.1273847,6.0036154,-7.7522974,-1.6024331
106,0.5512993,-12.803512,-4.1295404,-4.2326202,-2.8485925,-2.1641364,-8.560023,1.5414398,-3.7571375,-0.971051,-1.302937,-1.4984853,-5.4428563,-5.482822,-4.73271,-5.8256817,0.23987797,0.7848669,-2.2766623,-4.3540206,-2.834039,-0.48845854,-3.7994404,-5.507047,-4.815504,-11.364811,-4.444087,-5.8426437,-2.568321,-2.2929795,-0.6205362,-10.399336,-1.6031232,-0.20570156,-1.2101327,5.560027,-1.0561155,-4.2825336,2.5745652,-3.8139353,-1.6112764,-0.6261181,-6.1985836,-1.1797962,-7.6202955,-5.933555,-0.6151823,-3.1469991,-6.974317,-2.0978742,-4.917805,-1.002669,1.1251285,4.8691444,-2.2801495
107,-3.8198032,-11.006698,0.82470393,-2.5301764,-4.8431067,-6.4189916,-5.1235266,-3.1776264,-4.234028,-1.6456726,-3.8561814,1.8366903,-4.895855,-6.7733335,-11.0084305,-5.8884444,-1.223942,0.8312336,0.26451355,-2.1962976,0.34256414,-0.69060373,-3.893886,-4.502244,3.2815719,-5.6926994,-6.7287703,-0.14515029,-0.7175575,-4.8978443,-4.901985,-3.4683104,0.24083929,-0.5801569,-1.9475374,-2.2933948,1.8679302,-2.3393302,-1.8347874,-3.1259375,-2.8376162,-4.4764776,-1.3119571,-1.3347623,0.8853106,-2.0604556,-2.8103697,-7.163085,3.028949,-1.2963902,-4.5569544,-2.7324584,1.6004351,3.2630918,0.2647416
108,4.9962373,-10.219712,9.36943,0.6890706,0.82134545,-8.508201,-9.315094,3.040718,-3.3201654,-1.4800185,-1.2713231,-1.5638521,-3.601999,-5.2120714,-12.928095,-6.8564067,2.4669495,0.52156675,4.476109,10.557701,-1.5636693,9.568504,6.7486176,4.7107797,-5.5881586,-4.8577986,-5.1308246,8.466108,1.0076333,1.166104,5.352053,8.394564,3.939911,2.5980153,1.0270882,3.6725209,0.451111,-2.2592652,0.3054796,0.16501677,-0.09860949,-3.6038752,2.2183278,1.747093,-2.5782943,5.4010744,0.035194162,6.379821,-0.9926605,-1.4208729,-0.93293524,-1.4303977,-0.2787504,12.460174,-2.4436388
109,3.4459713,1.6634336,8.733139,3.495476,-0.13525386,-3.8503506,3.9252048,-1.8304068,-1.2007056,-3.0458064,-2.1024106,-3.640619,-1.561906,-3.6903596,-5.799219,4.6782246,2.4923897,-1.3247386,7.0789647,11.030561,-3.3328466,1.7776636,1.1759367,0.6195607,3.25739,-11.085146,-3.4507446,5.91577,1.1936737,4.3579354,-0.28946096,13.298235,3.3292303,6.608555,0.82215834,6.525903,4.455278,-5.1290307,-0.13820949,-4.384881,-1.6182727,2.7362022,3.8791478,-1.5203515,13.741898,6.4031267,-0.14731622,2.1411002,10.524058,-0.65927225,-5.96335,-1.3259,4.637525,7.6173234,1.5158514
110,4.2831697,-4.4188776,5.0334153,0.15192345,-0.55980057,-5.9505076,-9.823377,-4.146587,-5.2514515,-2.1003172,-3.7350464,-6.303657,-7.573656,-11.255763,-6.4631085,0.6903046,3.7355273,0.8642175,12.5456705,4.840884,-1.1743994,-3.2352307,-4.161618,0.0051460443,-2.5964916,-14.711338,-8.235465,0.65802056,5.39255,-1.1506724,5.687095,10.307238,0.99522716,-0.045801383,-2.59245,1.4704106,-2.5096335,-5.215293,-1.0174237,-10.640878,-3.3711925,0.12058391,0.90710294,-4.699919,3.6683187,1.9753302,0.02634508,-4.1197324,9.211066,-1.7747265,-6.2181664,-10.2265005,-7.8536015,6.29544,0.15577103
111,7.2286677,-4.2247005,6.30537,5.514257,4.468331,-3.7269623,4.8656063,-1.9148685,-4.9673996,-2.0918028,1.9905996,-7.7595544,-8.052057,-0.23536575,-1.7981713,3.5035906,5.0961757,-2.4368734,17.016747,5.84177,-2.3647616,10.821114,5.1394525,2.625469,0.7393881,-9.3267975,-0.88193136,12.062595,5.0232406,4.1491685,2.4236772,12.258462,6.1075077,6.5790625,3.4046836,-0.4836072,0.6461979,-4.6157985,1.8106039,-4.27754,-0.65163213,7.3347297,3.0873606,-1.8049408,18.979782,3.118429,0.207149,5.737983,5.9444313,-0.3490291,1.3619114,-3.873417,0.99151915,10.072903,11.153659
112,8.9316635,12.147892,1.9093083,3.4412959,4.0736985,-3.312255,4.945586,2.8975487,-6.3244095,6.235073,3.8492095,-3.6161819,-1.2420824,-5.697975,-3.2688792,-2.2270353,1.7138281,-0.22147305,10.363561,3.0058236,2.1067734,2.6438503,6.406384,0.012534694,-3.781015,-11.759071,-6.942535,5.191623,6.687903,3.0268342,6.4978356,10.982104,5.3005214,5.785841,0.94240177,6.3672833,0.9445676,-3.9303513,3.3522441,-6.6706367,-1.2230711,8.543667,5.262961,-3.8081799,4.8569765,4.6018043,-0.08741286,2.8555677,6.8540993,7.2527823,-3.934537,-4.3956704,-1.4388688,11.114813,7.4115133
113,10.93822,16.212187,-3.4400618,9.020911,11.613467,6.585885,21.905373,1.2957323,2.972031,6.299221,12.117829,-5.363878,-2.3756647,8.452979,5.2269106,10.433933,4.003592,2.317852,2.2965696,2.6651728,2.6588087,16.158909,16.414711,0.19641465,8.761825,0.7096388,2.609287,22.767586,8.832729,5.094959,5.9875846,1.8563602,7.049885,10.723193,8.397198,-7.7248363,-1.1465296,-5.696774,7.757619,-1.2096846,3.1548975,12.063451,8.684204,3.7264962,1.7629046,-0.14697081,-2.6193545,5.926971,12.603746,9.88129,6.749409,2.6505554,9.279419,0.40385723,15.572025
114,11.025501,-0.5977821,-7.803656,8.043233,8.695549,5.608539,14.419895,7.9004974,9.998889,11.515876,15.885261,10.866679,5.356961,3.2807415,5.290592,7.06576,1.7121569,4.5804048,-3.8274415,-5.310418,0.56015426,-0.795164,8.367488,4.332552,8.288318,-7.303938,2.9312472,11.202071,6.4094534,4.6251984,2.3362744,-5.4142747,5.1637726,6.278265,4.754682,18.647093,4.4427457,1.1590303,12.432231,2.4137917,6.045338,19.45522,9.220286,2.3340898,-5.3145633,-7.7333355,0.27479157,1.392043,9.768041,18.314625,3.6202614,2.440012,6.9108872,4.2721863,16.952652
115,3.5704937,9.7789755,-3.7552104,7.376777,9.7815485,8.163912,22.140228,3.9567475,7.4628572,7.8645926,15.801189,5.2868953,5.5567245,4.240641,6.783595,9.9418545,5.4862027,6.7465253,-2.2133164,-4.853437,-1.5608284,7.9079847,9.728342,5.4339237,16.448181,13.8488865,10.645386,3.668673,5.3527956,-1.4272697,2.732885,-12.892615,1.3260133,3.6634336,0.70641613,-2.094876,0.5595739,0.5681117,8.945638,-2.3109865,5.32781,9.660384,7.223331,4.940672,-6.331858,-8.862829,-0.6351323,-2.7136872,-5.059459,10.978085,7.45643,1.7093432,5.508315,-3.5384536,15.772625
116,3.5653322,4.5383096,-6.0622272,1.4145548,0.79572827,4.0412083,6.970165,11.39344,14.272727,5.1101913,15.616344,10.914238,2.6444008,4.19167,2.9759898,7.958335,1.1102726,3.9960573,-3.430295,0.5490987,-0.11737172,-8.298899,2.6872215,7.9240117,15.021526,2.8738134,1.7183815,-2.8427784,2.9870467,0.18927851,8.925208,-5.396776,-0.9860431,0.30882373,-1.3874531,5.8217654,4.6214933,3.3521676,5.7183948,5.3345284,2.411928,9.342018,6.7577887,3.0323148,-0.31729272,-5.1941366,-1.0214869,1.6460032,-0.9908082,6.251254,4.0978174,0.0383811,2.7870505,-1.6729257,11.623012
117,3.2016463,0.4753783,-0.82612765,5.0507345,4.10924,7.3216496,5.3018312,1.1389029,4.7730384,1.1324291,9.705638,2.270381,4.323383,5.4043584,1.8760172,0.41929865,6.704365,4.992714,4.8712316,-2.7181532,1.817008,7.096579,1.52851,5.5017395,9.685846,4.661145,-1.1449401,17.005999,2.2929041,0.36539847,3.0764494,-3.72345,0.2128191,3.2654316,0.46757108,4.704779,-3.0808496,-3.744475,9.492735,-6.335726,-1.1519834,2.7695787,0.3018919,0.89639765,-3.657806,-0.67143756,3.66373,1.2615224,-6.5552726,3.957411,-0.13594672,-2.6053612,-1.2515011,3.7500303,14.703975
118,1.8206412,-1.9368173,3.812035,5.926001,5.59075,3.092496,11.096105,6.4137397,10.037582,-0.51778424,7.1815505,2.1345522,0.5171785,3.4526143,4.1140804,3.572297,5.612865,4.709607,8.659779,2.4073253,-5.9347095,4.5960736,1.4223849,2.2706723,7.6666756,-1.547901,-5.933845,5.007166,-0.61227924,0.4096702,5.0336785,4.036119,1.010042,1.0814602,2.3612647,5.9366584,2.0103953,-1.6317716,5.7368255,5.4284024,-2.2796571,5.59781,0.6334192,0.34128037,-5.3970346,0.94219065,-1.3887215,8.521422,-3.4843884,0.46854654,0.5420728,3.2118075,2.5002778,7.8319488,7.3970556
119,6.4518065,-5.371751,2.5183496,5.346785,2.9274356,1.5162333,5.3871875,-0.33976808,-4.579583,0.75479984,1.1158386,-4.0662565,0.7383933,0.44027314,2.03987,0.8163779,2.0231018,3.5901709,8.175215,4.0377693,-1.8524984,10.894226,4.0153155,-1.6325063,7.8273873,-1.7473675,-3.5080335,1.2514462,0.867144,1.5583907,4.501234,-0.7812404,0.11092712,0.36473304,3.564698,15.998822,-0.7118437,-2.4961605,3.795856,-5.961879,-1.6726893,0.6952887,-1.2939868,3.2766056,5.8309207,-2.9750268,-0.022727368,2.0086656,2.47753,2.550957,-2.3156111,-1.7142051,0.78302664,6.4521265,6.305798
120,6.5829873,4.186464,7.9286585,7.848515,6.64599,2.7032409,1.7286545,0.31158158,-3.337009,1.622547,5.6119714,0.84114397,-0.63809454,1.3090237,-1.8538346,4.6570764,3.2419245,2.216404,14.409128,9.127776,5.2820687,7.743782,3.4606988,4.527087,4.7307906,6.0437307,-0.9186188,15.596374,-2.6054568,5.0077753,5.16252,-0.20592734,4.0773163,6.803439,3.4311438,3.1400259,-3.1943436,-1.1267378,2.8888156,5.0792265,-2.9706364,-2.8109539,2.1384523,0.2888272,10.207094,0.45306182,1.1648191,12.075396,-1.3757393,6.0976787,0.4747258,4.022553,2.404592,11.949615,1.1240276
121,9.865673,10.067951,2.5809915,5.9563437,5.0532227,0.9378865,1.2463179,1.5635157,6.355544,-2.945506,0.058746673,-3.8513925,-3.3869581,4.2069116,-3.560169,1.6993868,-2.364607,0.25190425,9.939486,7.180232,1.1790267,15.59054,6.606364,-3.1601565,5.251173,-6.413374,-1.9852777,6.025897,2.8024824,8.661386,3.7413993,3.2891834,3.3209245,2.8930163,3.165869,16.581945,0.47480297,-4.8037844,3.592057,4.9778543,-1.3099456,-4.6307564,0.69523585,-1.6688669,12.587574,-1.5314466,-0.2773116,4.4386616,3.6634521,-1.8230551,-1.7981286,-0.7352994,5.6146703,7.3760576,-1.6507329
122,8.0020075,3.264312,5.3816447,6.50835,6.472945,2.3819423,-1.6580751,-3.6544507,-6.535758,-2.6641116,3.39266,-3.0072265,2.1827378,0.5263346,-3.4475083,0.37438717,-5.6278157,-2.3313458,11.553578,4.526186,-0.7901247,7.446086,4.855891,6.7157493,8.003937,0.15105873,-0.6027434,11.818013,2.5651877,7.5926704,-4.3248773,10.09967,7.5741043,5.969276,3.3635855,10.241969,-4.127225,-1.0211071,7.270143,-5.6850634,0.9033269,4.652346,-0.47767344,0.57163244,21.007725,2.5484781,-2.3329432,4.816405,10.383356,3.5618336,-2.5645134,0.80406654,0.2722273,8.223936,-2.0651305
123,12.437279,-3.3185525,-1.3045382,5.252931,5.1797557,2.236131,2.0804756,-0.67284054,-3.0969105,-3.1418464,2.6182609,5.138313,-3.3022263,-0.52709556,-2.6100268,0.77912724,0.7843753,0.090800375,0.79852974,6.098627,-4.6992254,20.875223,7.794132,5.0895643,9.64339,-1.9876885,2.1345778,13.68559,-1.4591113,9.254621,4.40961,6.592253,6.3769507,9.437245,7.8910785,10.317724,0.71307516,1.5286493,3.765912,2.9800436,0.99517924,2.7319565,5.2068667,2.5605862,10.98093,0.4532075,1.7492473,18.771706,15.845627,3.2437189,2.838683,2.009368,5.2112446,18.379593,5.3422365
124,7.781136,4.1222844,4.5210347,6.6986704,7.5173435,0.6891021,-1.6552361,-3.7737255,-1.194319,0.40741634,2.6017096,-1.7807559,1.1201237,-0.59795105,-1.3207642,6.9950714,1.6234488,2.5952222,5.1042666,5.709596,0.18294854,12.109976,9.202269,9.447157,5.3503222,6.699248,-1.8089994,11.439792,3.8483448,11.324669,-1.0335038,7.580525,4.650868,8.138508,6.2553554,13.94668,-1.2939284,1.801603,8.664128,1.9879951,3.143978,2.5966694,1.6925765,4.9990716,6.440526,-2.6358683,-1.5219942,0.5810984,20.002378,8.77126,5.4927487,2.4826887,0.7838499,15.143531,4.7279687
125,11.892852,4.8719144,-0.4655985,6.94166,6.93039,2.349612,2.8905368,0.16970707,5.9852233,5.722181,8.728981,4.6284738,-0.53420395,3.886373,0.23525067,4.2756944,8.371009,3.435965,-1.0910571,-0.70507747,-3.2592974,19.361624,9.862249,3.8419561,9.8889675,2.002831,-0.836923,7.6625586,3.5528152,10.503489,8.957153,3.2024167,7.423239,8.124947,8.51326,1.812391,1.839164,5.96025,4.0538406,7.1433487,4.299053,7.998228,5.915785,3.3540986,-3.6437266,-4.1297855,5.4383917,13.917148,15.476558,9.006402,10.90981,6.0194707,7.1883483,10.698857,5.248917
126,12.140095,0.25093868,5.050519,8.453171,11.400118,4.848315,5.274254,2.9645112,5.3307185,7.5602093,8.158365,13.840713,5.6124687,5.824382,3.4705682,7.2631845,2.164127,9.367813,0.18931307,5.3135867,3.5962021,5.343077,13.548286,3.3136508,8.220801,0.26470283,-2.8575265,15.140057,10.901876,17.000685,3.760013,2.9655533,5.0976567,7.5859733,8.895699,15.502579,5.151241,10.362563,6.460595,1.3272426,8.862272,14.224875,7.6315947,2.3667247,-1.2073171,-1.8675401,-4.04495,-4.41946,24.02281,7.9534054,9.835724,5.440164,1.7293084,-2.387892,3.3550937
127,8.750583,6.1813207,-5.0603933,7.5095687,11.469536,9.091295,23.021276,6.5335193,13.639301,12.495483,12.147666,18.018787,7.9683523,7.4416823,6.1892114,10.317811,4.6654115,8.900265,-4.1842685,-5.16033,-0.21554111,12.939921,11.902982,4.570213,22.211634,9.618333,8.435394,10.207775,10.89409,10.269043,3.8286772,-7.6931157,3.7302637,4.3499794,5.485236,1.4409488,-0.6514191,6.0460505,4.4576864,2.2233334,7.9734216,12.614819,5.8840203,7.089961,-10.677663,-3.558611,-1.2591281,0.29116058,0.52837414,7.917195,13.195662,5.238629,3.280066,-2.662221,12.812859
128,-6.5684457,3.5093215,-14.696058,1.3897647,6.667426,8.633164,19.322012,8.797378,13.353787,11.220647,7.3897486,28.987925,9.447658,7.5044966,8.297653,4.6151,3.2394907,6.7531414,-3.5744135,-13.670709,5.377293,-1.48941,5.4326215,9.491486,15.750484,13.583312,5.215559,3.926793,2.1335561,6.4675293,-6.914056,-15.789816,-0.88653725,-0.23114055,5.175436,13.719076,5.7786613,12.380125,2.9228473,3.679056,11.487057,12.621819,3.4637778,3.995122,-8.440245,-7.6979637,-1.9458407,-8.609198,5.0079017,12.557787,12.514729,4.6998873,2.3002462,-10.972618,-2.0713031
129,-18.883879,-29.594196,-20.894604,-13.795869,-5.736446,5.783309,10.245127,0.97864085,12.693729,0.903309,2.4947717,14.353809,4.3461475,7.703123,-2.8739908,-13.009179,2.8500764,-0.52688855,-25.952267,-20.450968,-4.489909,-4.181071,-10.707748,0.18204436,11.504187,14.883041,-0.92784435,-16.038567,-6.368519,-13.676955,-0.21144648,-31.637785,-11.274372,-13.324082,-3.6316917,-12.944039,-3.0421598,4.1072774,-8.864011,3.7130034,0.26863477,-8.905238,-5.5452166,2.7042143,-23.022337,-12.551447,-4.2121615,13.922807,-16.48473,-1.9856293,7.492954,6.8616567,-2.0957146,-6.9778233,-9.420742
130,-24.441498,-18.966993,-13.980268,-10.932533,-10.756736,-1.4466448,-12.79103,-7.441652,1.2912076,-1.6757967,-10.3836565,6.45203,8.224299,5.4389644,-9.025335,-9.744765,-3.354134,-3.1353104,-15.597025,-12.839501,2.3779616,-9.63699,-19.535746,0.42292893,-5.5412874,-2.105913,-2.2162833,1.6071552,-7.3206725,-13.461252,-14.427499,-23.764793,-12.682158,-10.789832,-2.84306,9.455995,-3.516046,-2.2174118,-2.7005625,6.8968554,-0.31537357,-8.761232,-15.893862,-2.6557183,-14.820249,-11.907762,-8.5742855,-17.179703,-17.355703,-6.3953633,-5.618781,-5.625612,-5.91833,-5.9051332,-12.848886
131,-15.59802,-16.326382,-2.512516,-12.338692,-8.237993,-7.144927,-10.155861,-6.686843,-1.7003347,-4.0359273,-10.808921,-11.880788,-3.664213,-3.9725506,-12.83973,-15.508922,-2.7017093,-5.7421384,-11.84825,-14.553831,-2.4281924,-2.169817,-9.064263,3.3854752,-7.162297,-1.9958247,-6.9717464,-2.3645997,-8.43824,-14.307987,-0.77726364,-16.878456,-8.221062,-12.25861,-7.6497602,-14.1113,-9.035649,-8.820955,-10.365242,-3.9265358,-9.071919,-18.097126,-9.559565,-6.0078444,-18.013432,-6.1265755,-3.4334579,12.2595005,-19.901205,-14.07954,-11.759842,-4.7539124,-9.650901,4.663731,-13.2108
132,-9.511856,-21.951466,1.4205825,-11.867337,-11.03722,-10.689973,-16.468058,-3.2285938,-9.657715,-7.7652097,-12.475487,-0.5823737,-3.5676107,-0.1953983,-15.595268,-15.934784,-9.297531,-9.190979,10.271133,4.752943,-1.4213609,-3.5454905,-7.003977,-3.267497,-11.313216,-19.122377,-5.708906,0.8322204,-4.0736732,-6.3694415,-7.995426,-7.75136,-8.68916,-8.568576,-4.515635,7.3646917,2.8736126,-3.1065865,-7.2419496,-0.06312064,-3.7377636,-10.926609,-9.288122,-7.1611543,-4.5498705,-4.1597567,-3.3715928,-4.0522084,-13.508387,-13.591853,-10.629936,-9.889275,-2.1792948,4.808521,-13.0415945
133,-7.9204783,-18.205372,4.021585,-10.654706,-6.888,-13.669525,-15.591641,-7.632145,-8.981285,-10.610475,-13.129105,-8.358557,-8.332457,-9.211,-17.319185,-10.664048,2.3157895,-6.058298,6.680588,-4.370103,-2.4772525,-3.6180046,2.46124,-8.493632,-18.81328,-4.704237,-5.920709,8.684542,-0.32858092,-12.687745,-11.334224,-0.45330468,-3.2750568,-6.7069826,-7.5217257,-10.595458,-4.8452415,-10.112448,-9.264072,-1.8948545,-11.22033,-17.992222,-11.426538,-5.3679433,12.677134,3.8415675,-1.3108473,6.4442444,-9.644237,-22.293127,-13.867379,-10.967984,-10.170177,5.607097,-4.708933
134,-0.66713226,-33.46988,5.7674665,-6.8896055,-9.352177,-8.500324,-19.023483,-3.1221817,-9.01049,-11.280101,-12.3419285,-9.4538965,-1.9337378,-3.3442774,-13.5303335,-0.59015375,-6.7182574,-6.820217,20.942368,6.4769273,-2.5294049,9.859927,2.7869852,-1.9400946,-12.335642,-14.413412,-11.726153,6.8886213,-2.401051,-2.1740541,-15.487043,7.082751,-1.5470403,-1.531651,0.5252229,9.407449,-1.3573742,-6.731176,-3.634469,-6.587633,-9.65372,-0.2940421,-12.286409,-6.642355,9.835981,6.967173,-3.840435,3.7380445,2.2514057,-15.075871,-17.992067,-10.583564,-4.2424293,10.7994175,-11.831468
135,-0.69765055,-10.400046,5.685745,-2.6170316,-4.5181475,-7.260319,-13.766991,-12.413903,-17.462639,-14.427378,-14.48739,-3.2049642,-6.0953493,-12.448331,-5.996151,-12.369784,-7.5784707,-4.1984315,20.919035,3.561739,-2.1197574,11.937264,6.510623,-6.06788,-13.88333,-3.3536303,-5.54733,10.086599,-4.870237,-5.827507,-19.803507,4.685156,-0.68616915,-5.2530804,-5.8479753,-14.091228,-8.292736,-13.172917,-11.30432,-7.1664686,-9.110414,-5.799543,-14.735264,-3.5781682,24.848825,-0.13128197,-2.9118052,-5.8655925,20.429348,-17.03088,-16.65922,-9.633152,-9.790625,6.512993,-15.433805
136,2.0763428,-23.693083,1.2147102,-2.5538106,-5.702272,-5.847325,-18.824947,-4.1202807,-15.117501,-14.888379,-3.7808368,-6.607968,-3.9977517,-4.1980567,-10.985687,-5.8567853,0.50017154,-8.632827,25.587412,10.593059,-0.7211057,19.133167,5.8424454,-5.532412,-9.750773,-14.454306,-3.6146555,10.287993,-1.2654074,-0.67379004,-6.6739516,11.118968,5.466016,3.0980053,-3.7956517,-5.7029004,-3.7500732,-6.4649496,-24.257545,-1.7006855,-7.5332866,-9.2480545,-10.535166,-3.3952148,16.156487,0.06469892,-1.1589521,11.3914385,12.648888,-22.617306,-12.408489,-10.327776,1.191783,10.663977,0.0002995935
137,5.0881953,-14.358736,-0.7288258,0.6515427,-1.0940081,-10.45477,-11.942795,-4.923743,-15.602104,-3.6094904,-3.6126482,-3.0008667,-8.089901,-16.495245,-6.0214086,-10.090851,-1.295233,-8.929702,24.14926,6.9800653,-2.6259375,9.890277,5.5680656,-9.637882,-14.412246,-13.088286,-10.478459,10.502609,0.25570318,-3.878478,-11.732626,11.779142,3.2352257,4.1453342,-5.8377404,-16.54043,-8.289,-10.144107,-7.069491,-5.1708956,-9.431446,-4.5269294,-18.037031,-2.0715504,23.362259,-1.4577006,0.26573718,-8.960777,29.280582,-10.167601,-13.421932,-7.222772,-7.0798817,12.365251,2.3103375
138,14.635208,-4.40057,3.1887457,7.3230543,7.161656,-0.25920963,-1.1063907,-0.43428406,-5.0129952,-2.3234894,8.2238245,5.0752387,-3.6595411,1.8395289,0.25281486,4.501927,6.0422115,-2.8577056,20.343922,14.353336,4.898426,21.726118,13.724771,-0.28919652,-6.2739024,-1.8468282,-1.7876124,18.023836,2.1225703,10.718838,2.2620647,14.846104,14.605726,11.09964,3.7066119,-1.0979838,0.7085434,-0.8208193,-6.4012547,1.158396,0.97333294,8.563973,-2.4743652,-1.9907417,19.907719,2.661271,3.083317,20.13252,17.405209,-7.4788284,-3.8539143,-2.2012491,6.4287744,5.5774827,19.395195
139,11.933458,4.7343407,-3.1017041,11.018299,8.551044,2.461198,-0.48123872,4.2404327,-1.1322333,7.581686,10.263204,-7.9054446,4.853495,1.5154314,10.896153,5.098167,-2.4132535,2.5242043,6.7783847,7.112175,0.5141483,13.528704,13.256045,2.1840682,1.3102361,-6.8902225,-0.21626678,3.9893107,6.7602124,10.461634,3.0861633,17.662548,7.191703,11.139685,1.2363539,-5.6214933,0.74288267,1.1632689,3.3584526,-1.5426639,0.76376027,13.100725,0.68423456,1.0392548,16.056353,8.436501,5.301103,-6.3690224,22.685932,0.97633076,-4.6182356,2.0759299,8.14068,-3.7580495,12.349093
140,11.728193,2.00245,-7.2033587,8.15835,10.511166,6.2469363,8.42812,0.9044867,4.1954165,3.7917414,15.861966,-1.8131788,6.296118,8.962379,11.459501,12.229302,6.271082,0.7362401,4.228539,3.3870678,0.49346396,6.2489614,-4.81803,3.2411888,9.846058,7.0424743,5.4473977,-7.3457336,6.7754107,9.491913,-3.972856,15.006151,3.7406723,6.360764,-1.2833941,-4.844538,-1.5596973,2.3213098,-1.1506315,-1.041695,4.4921966,11.2393675,4.6012263,1.880299,0.67989963,5.1146564,4.124881,2.7526178,0.29667777,7.478226,0.51266265,1.7147009,13.248171,-3.9073362,16.876186
141,-5.486587,-7.615745,-15.408856,0.8913115,1.8110145,6.5372314,5.1192117,0.31761667,-0.971616,8.743131,11.187858,4.0306473,6.623001,11.499005,12.704818,3.6828887,1.4250463,0.9009373,-24.976679,-9.750207,1.6104984,-13.945095,-12.115314,4.516084,7.3004985,5.932608,4.7526135,-18.310354,-3.537548,2.639899,-8.036667,0.70579165,-5.8684545,-2.0706291,-3.4292006,-5.867506,-2.2937913,-1.6546584,2.3864963,2.0153894,4.163983,10.478894,-0.0019315662,0.4421942,-8.9358015,-3.0625672,-1.0832753,-3.262968,-12.654323,3.6144876,-0.54309696,1.9713391,8.132076,-16.876488,6.433794
142,-10.911437,-0.6261859,-12.062015,-7.647586,-7.6449695,2.6815205,1.134297,-7.671567,-2.5009756,8.102665,6.771706,-7.711867,3.9796772,4.545823,5.0749598,-0.8674623,-1.6908253,-0.29750758,-18.569967,-9.205021,-0.43888274,-7.96247,-16.582846,0.88665843,7.0914984,9.957005,2.2685108,-20.173359,-7.3618937,-8.542758,-9.9851265,-7.045336,-11.286587,-6.801033,-6.5229235,-12.139778,0.9714532,2.416094,-8.969726,2.283463,2.9117928,3.18643,-3.764685,5.468331,-15.618512,1.2231077,-0.39434847,3.5386257,-9.52188,-0.026545882,-1.682384,2.4984214,5.7551746,-13.398799,6.4767103
143,-23.660513,-19.653194,-18.779438,-18.690437,-14.877644,2.0414143,-11.894425,-8.914804,-4.9628863,-0.7868306,-3.3166509,13.645896,3.6473515,10.840943,2.533826,-7.8922324,-7.5639586,-2.7705574,-40.53858,-18.986673,-6.739887,-15.775795,-20.22132,3.5936642,1.401263,3.882711,-1.9437262,-21.112844,-12.650425,-14.058942,-17.036757,-10.076955,-16.905432,-14.943655,-11.408085,-9.954454,-4.5849824,-1.2136207,-9.134995,11.073035,-5.5026426,-14.475178,-9.784345,-0.68876785,-28.879261,-4.931394,-6.7784753,-11.05066,-15.545696,-12.350842,-8.823266,-3.8761683,3.8852694,-14.895433,-11.546851
144,-26.554861,-17.820793,-14.2507925,-22.355207,-19.76163,-4.052991,-14.44478,-13.30243,-13.823302,-2.7091842,-10.444613,-15.54687,-1.6882054,-5.635073,-2.1100075,-14.500454,-6.3058887,-5.0440855,-37.520786,-27.804974,-4.4511876,-24.581095,-14.159321,-3.725647,-4.917749,-6.3150787,-3.4645886,-18.972733,-14.201112,-24.390488,-11.464479,-27.594788,-24.734554,-22.673204,-15.331813,-16.166414,-9.592206,-14.4078245,-11.680336,-0.37968698,-7.7200785,-9.214458,-13.76661,-0.90847594,-33.68347,-9.509555,-7.143824,-13.548732,-22.096209,-11.97549,-12.037048,-6.9161105,-8.570785,-17.644276,-15.667832
145,-33.83386,-21.99013,-21.119198,-24.62523,-20.562298,-9.341734,-13.726427,-20.017223,-20.251045,-11.029089,-11.595822,-11.313418,-1.493372,-2.85912,-9.558828,-12.909715,-5.2108326,-7.8726697,-46.67703,-26.668774,-13.407909,-27.24384,-27.76553,-3.7925858,-7.177512,-12.222188,-9.574988,-17.970675,-18.030443,-27.511723,-17.323647,-32.34281,-24.96894,-20.20766,-17.552092,-25.536247,-6.601596,-6.0383368,-22.05429,0.5506423,-12.484197,-31.785542,-13.623892,-3.6823366,-46.41743,-12.9147215,-10.818236,-21.694815,-31.09451,-18.582201,-13.82777,-11.66774,-8.637428,-24.800701,-20.313282
146,-30.516855,-19.161148,-18.012308,-24.749405,-24.538143,-11.442024,-23.112427,-17.482409,-17.468191,-12.27919,-16.585817,-18.667149,-3.9426463,-7.739318,-15.000553,-15.391229,-3.2926123,-7.9453382,-45.26056,-30.806139,-12.544413,-32.836926,-24.456123,-8.955317,-10.905317,-18.12538,-13.096902,-25.706894,-14.984468,-28.27409,-13.98569,-40.094166,-22.219166,-26.66687,-14.988717,-14.060199,-11.679677,-14.116392,-16.620714,-7.2964454,-11.685151,-21.484943,-15.899814,-2.4885588,-42.8294,-18.469292,-12.217858,-14.026551,-28.959772,-20.786419,-13.988086,-13.787925,-13.192777,-10.436862,-16.162096
147,-25.067846,-25.704578,-11.768347,-22.91064,-19.183605,-9.617383,-18.363827,-20.436113,-23.686895,-10.546967,-13.499306,-20.00991,-3.3810503,-3.1550407,-16.771294,-12.774407,0.75146323,-11.163751,-32.509964,-24.993343,-10.583831,-17.200443,-24.114347,-1.4154053,-12.0422535,-14.237039,-7.766852,-16.842901,-13.105695,-23.415558,-10.51142,-36.74034,-25.663815,-24.004957,-14.979635,-22.916494,-10.023568,-11.89365,-18.188309,-0.6694072,-8.662827,-25.494783,-10.093949,-3.3565714,-34.60404,-13.704755,-10.28068,-11.223612,-26.353954,-17.727718,-11.85619,-8.476023,-11.585262,-21.503677,-22.193384
148,-24.793545,-27.412157,-8.368695,-23.321114,-18.865911,-15.866668,-28.805212,-10.108958,-17.51831,-14.215474,-13.730027,-14.566008,-6.21689,-2.8458831,-18.796757,-14.906506,-10.999787,-9.852619,-19.004625,-23.300547,-9.089187,-26.00529,-22.074074,-10.942551,-12.949979,-23.29192,-10.582983,-22.29623,-16.877493,-24.354843,-6.120005,-34.96884,-20.733067,-22.830761,-16.835888,-9.869142,-5.496244,-8.553892,-14.9616585,-1.1663193,-6.347839,-25.525492,-12.481434,-7.499378,-30.016981,-18.079796,-4.626887,-8.837044,-18.977205,-16.85942,-11.252966,-13.655902,-11.784994,-15.927873,-17.823273
149,-16.8892,-20.33189,-9.810954,-19.554983,-19.734985,-11.794873,-23.25376,-16.238153,-15.666345,-12.1414995,-15.117725,-12.711549,-4.614078,-7.3935766,-13.561207,-14.834106,-5.148704,-3.9983795,-3.7447517,-16.17633,-9.983685,-14.47562,-22.98883,-7.9469757,-12.346432,-13.01275,-10.57922,-12.696265,-16.30065,-17.190702,-13.253928,-26.435339,-17.93781,-18.5809,-14.359973,-17.237017,-6.0406594,-13.361714,-16.71298,-5.3756604,-7.114673,-19.688126,-14.796062,-5.6042743,-24.777071,-12.393176,-5.87913,-16.597597,-19.809027,-11.606294,-9.255576,-9.02027,-12.580882,-12.199466,-17.361494
150,-16.328234,-26.677435,1.5061396,-19.977137,-19.543694,-17.576324,-27.223583,-8.120453,-15.4108925,-8.970546,-15.614918,-15.69279,-8.41098,-8.230894,-19.483843,-16.645557,-5.559854,-9.615967,-14.679903,-15.489553,-6.6695347,-12.537122,-28.099377,-9.06537,-14.699441,-17.324955,-9.110653,-22.350079,-14.2680025,-16.035044,-6.8345914,-21.297152,-15.48633,-17.066406,-14.237217,-11.664646,-3.246883,-6.553411,-16.68831,1.9241123,-8.353377,-21.159819,-11.108392,-6.5723267,-18.627825,-13.196917,-6.86293,4.06369,-13.81318,-14.08525,-5.5487094,-13.401313,-11.317118,-7.560057,-17.770615
151,-5.2248616,-24.179535,-2.689385,-9.383084,-13.734203,-13.300977,-23.210264,-14.128361,-21.097897,-2.2854397,-14.91092,-13.86807,-8.239934,-14.432713,-11.39666,-13.227046,-1.833138,-5.8913546,6.615495,-9.479195,0.31568548,-4.3849273,-8.951696,-6.866507,-15.775452,-15.901762,-13.936184,-9.171767,-8.711269,-7.500606,-7.286372,-14.930532,-7.961291,-9.153715,-9.189509,-11.679144,-3.5965185,-10.710719,-7.6435266,-5.785036,-2.5417342,-10.966266,-5.8677263,-4.2242665,1.7481283,-8.088838,-6.1034875,1.8131053,-3.811437,-5.739358,-6.612954,-10.363855,-14.158399,2.59439,-9.546231
152,3.6954784,-16.016737,4.32224,-5.4284506,-7.341701,-8.81044,-18.98789,-3.9418943,-15.813915,-9.766875,-6.966557,-13.403764,-8.920051,-8.497694,-9.991257,-7.8180933,-2.6588569,-1.141951,13.566293,1.3389874,-1.3513842,0.42969358,-6.002666,-5.38511,-8.622523,-18.9237,-10.39074,2.5813968,-5.717057,1.1505331,-3.3531253,3.6437838,-0.70333326,-3.8757966,-6.9903893,-5.7856216,3.7807071,1.5751786,-15.212777,2.26919,-3.0881422,-13.055975,-7.17445,-1.9918718,8.433845,1.142901,1.4145994,3.806492,1.3664706,-10.856148,-3.8304703,-7.54384,-4.0189624,2.3175282,-8.122744
153,7.27694,-13.777811,3.5042746,-0.2603885,-2.6259418,-7.6363215,-16.554928,-2.7766345,-10.503621,5.1573796,-4.2841425,-5.8939304,-6.76446,-18.2661,-8.429249,-9.006011,3.6965137,-2.1144753,17.93008,9.361262,1.0765676,10.062873,3.5799892,-8.089043,-9.492726,-8.224038,-9.177856,10.540202,1.8544637,-2.4407394,-4.6514716,4.6519227,1.8318394,1.2028557,-5.5950193,-8.32624,-3.1642702,-7.402564,-6.0423784,-7.345525,-1.348628,0.5882732,-6.272748,-3.115271,16.405205,4.5434747,1.1929739,4.8480363,12.784521,-1.5964241,-0.40730587,-9.852182,-7.245715,6.593772,5.495301
154,14.596968,-8.444161,11.084851,8.365388,9.182204,1.1522827,1.4077865,6.214623,-4.8953314,-2.249264,4.103535,5.0577717,-1.2215458,2.324875,1.8617555,1.2045392,1.824975,3.290252,24.006176,12.545222,3.128801,20.983854,16.03032,-2.4134712,1.9518454,-2.327471,-2.5735002,23.942368,7.3774824,13.423227,6.7932277,18.151525,10.782816,11.31704,3.4209073,-5.7177777,1.9545026,6.6848154,-11.095495,-3.022266,3.1654444,-0.74589133,7.0157504,3.7050662,29.044485,7.4464674,9.216687,6.9197135,24.554516,4.8249035,4.7612195,2.280916,6.366522,9.856237,1.2484459
155,9.43658,-6.1237874,1.622094,7.2674065,5.597759,1.2390327,-7.0808196,2.332135,-2.182207,-0.19353771,4.434694,-1.7615492,-2.4726167,-1.3802192,2.965168,-0.6235238,1.2090566,1.6494436,9.008115,6.9113955,-0.35461742,11.163131,5.936668,-2.1457644,6.295887,-10.582827,-2.444593,2.0608845,4.008682,5.3476424,2.3518913,7.753459,4.2403183,5.8434196,-0.9665763,0.38581422,3.7738218,2.0425236,-1.6193644,-3.470374,0.9322229,6.6743517,-5.599763,3.5569344,-0.17545152,5.291228,1.1756072,-2.8513043,20.553114,-0.6457277,1.4036516,0.36651507,3.0973861,3.9999757,12.233355
156,3.057308,-8.621264,2.7553353,5.0101237,3.7832398,-0.15374605,1.9764816,2.2353208,2.039138,4.2504573,5.3640466,18.420061,1.6214687,-3.2502453,4.495139,3.096342,0.61391467,4.186491,-2.3363442,4.4611316,3.7427764,2.6738653,10.6893425,1.5218474,2.2235847,9.143228,4.08471,3.0944045,2.1730726,3.4823022,-1.3360894,5.1832595,3.4165628,2.632039,-2.549816,-8.943665,-0.7239599,2.9942067,-7.560684,0.35723054,-0.68871313,-1.3299251,6.783414,1.8968844,4.055453,-0.6194808,2.9249012,-20.528053,17.60273,5.4730215,5.334746,4.6133366,7.0950565,-7.1721888,4.217873
157,-4.4561944,-7.7186136,-8.085191,-4.164798,3.752432,4.667835,1.3732351,1.5384343,4.3195496,-0.7905013,9.080917,0.8804795,3.419737,8.717952,3.5598445,2.5130615,-1.8880548,0.18524866,-20.322838,-2.5530462,-3.7785094,-1.691222,-2.5287666,3.9202907,1.3846184,3.8474183,5.9327106,-6.390163,-3.5356915,-1.2373757,-1.9296745,-6.7790093,-2.1892917,-0.6834767,-1.9470257,-2.8924565,0.24900024,0.62629914,-4.670335,4.959291,-0.09778168,2.0949183,2.683117,1.7614938,-15.432703,7.1196947,4.1995497,-9.337754,-2.5526972,0.82374984,3.343805,3.7847,4.1076283,-4.5552835,3.7838836
158,-16.516277,-7.749898,-6.149606,-5.492924,-4.708755,-1.7872921,2.918977,-6.0098376,-5.74608,-4.371365,5.4115763,-1.373145,2.759316,5.6492305,-0.8611514,1.7086996,7.0496826,-3.4478395,-27.07363,-3.009924,0.9703155,-14.012279,-10.074296,-0.80737734,5.616958,7.554809,4.941048,-10.8829,-1.0240775,-7.93036,-4.875687,-15.620127,-5.9370704,-6.1075106,-1.0033053,2.4766085,-4.753759,-11.198868,5.847907,1.7616172,-4.1473985,-6.54461,3.5905743,1.6250488,-22.568094,2.327331,-3.6258578,-16.724945,-12.577764,2.6512353,3.6826723,1.009009,2.7233758,-15.693666,2.0115
159,-12.791034,-2.3141127,2.3133152,-8.148847,-7.3422484,-2.4535778,-2.1052785,-5.227531,2.9173782,-8.605187,1.3704461,-11.176739,1.9553517,7.116807,-2.3143122,-4.975734,-2.679871,-3.2133949,-11.955263,-10.324053,-0.01976876,-8.7427845,-18.111525,5.7986374,3.6983678,1.5334406,0.84592,-18.739996,-6.047116,-8.768221,2.4013429,-11.849954,-8.911007,-12.456707,-4.136648,-0.6457042,-1.8418038,-9.021537,0.5862015,-0.320185,-2.083469,2.693457,4.3851914,1.0062993,-20.416779,0.90399724,-4.533276,4.780575,-19.54595,1.0018954,-5.4572477,-2.4609137,-5.721221,-9.284115,-5.607792
160,-10.195448,-18.517134,-1.7308087,-10.189387,-12.826468,-6.882912,-14.730668,-8.333414,-15.246031,-6.3195086,-5.652898,-15.75504,-1.8075783,3.1083462,-5.218624,-7.9118276,-1.7200385,-4.9708114,-3.3470151,-1.9845837,-2.4900615,-7.096516,-12.808534,0.84515464,-7.9286103,-6.607656,-2.7755766,-18.97837,-4.4506326,-13.381404,-2.7978756,-16.452482,-15.118357,-14.108637,-9.851406,-6.1878066,-5.256279,-7.0119967,-4.899537,-3.360217,-4.7769,-8.78477,-4.6690173,-3.8055155,-13.881414,-5.923665,-4.687578,-2.4262824,-16.146057,-3.9130943,-6.964487,-9.387195,-5.4273753,-13.128748,-4.056618
161,-11.132502,-10.590697,2.7795894,-8.633758,-12.87366,-7.1129165,-16.494059,-4.8263254,-8.438504,-9.554388,-6.144994,-17.242205,-3.2591243,-4.382193,-5.4333916,-4.6763315,0.5953533,-3.6342156,-5.685545,-12.195344,-4.86226,-9.593518,-6.693632,-0.41835356,-13.0489435,-5.8019805,-7.150208,-8.526212,-4.0962167,-9.632689,-1.5946302,-12.113042,-7.9274483,-11.004492,-8.09394,-5.0049033,-4.8273425,-10.420069,-5.6772056,-4.3091087,-2.7622263,-5.286268,-3.674746,-2.6071312,-3.113965,-8.963143,-4.031407,5.8845725,-16.579168,-5.233767,-7.780283,-4.064954,-5.2885423,-1.8242785,-4.746689
162,-6.10314,-14.957774,-5.9357214,-10.836725,-14.376245,-12.814589,-16.855825,-7.514447,-12.350107,-8.453681,-5.669207,-1.9643441,-8.084912,-7.499919,-9.407805,-8.961566,-1.7588067,-1.5338433,5.439242,1.3684554,-2.5897875,1.5854635,-11.867749,-8.441421,-4.569255,-11.115323,-8.502926,-9.923454,-4.4211173,-9.643954,-1.8636609,-8.315339,-9.557311,-8.054732,-9.28827,-4.6372957,-2.070525,-5.948227,-8.609489,-0.681155,-5.440328,-4.6452127,-5.9546423,-4.1495943,-3.657598,-9.401813,-2.7578948,12.915324,-6.232704,-11.7891,-7.905868,-11.309803,-4.003928,2.4547632,-1.7856641
163,-0.6843064,-3.6434345,2.0850995,-5.5637484,-5.019577,-9.113908,-16.376923,-9.212153,-13.968433,-0.69494414,-0.27923054,-6.085933,-4.989611,-8.2099,-12.012183,-7.513277,2.8196335,-5.7885776,4.614478,2.550103,-0.092304274,-2.7027843,-3.8193924,-4.497075,-5.55771,-3.6404266,-10.665965,3.7112613,0.0926413,-1.8463451,-0.07447572,-4.262343,-4.579362,-3.9827404,-6.563956,-0.2848446,-2.5528162,-5.976669,0.39651576,-8.316063,-3.982651,-4.4024763,-6.8514757,-0.56441045,13.078245,-1.8884076,-3.16036,-11.064322,-1.611204,-10.5052395,-6.3187594,-12.414734,-5.479006,0.90468407,2.30519
164,-0.04573731,-9.884491,-3.8054616,-7.024616,-3.733528,-5.9587026,-7.7546444,-5.5218954,-11.028003,-4.992069,-1.622497,-14.523744,-5.7941456,-5.26125,1.137948,-7.398545,-4.9759545,-6.6857557,6.6168733,8.55334,-6.467683,3.7295065,-2.6981673,-11.026041,-5.188429,-6.7770243,-5.106597,-2.213197,0.7514366,-2.6222665,-2.381503,-5.938308,1.647741,-3.2492726,-4.037438,-4.69738,-1.3126189,-5.454881,-3.805473,-5.2321444,-6.874233,0.74984723,-4.632902,-0.27371547,6.9233537,-6.9721427,-2.9861748,5.4568715,14.154878,-4.7354307,-4.2935953,-8.086709,-4.4873056,3.5941148,3.30052
165,4.4718776,-13.363689,4.5526876,2.0134118,-2.8126729,-3.6007888,-2.5625956,-5.841009,-9.715038,6.702963,4.530598,-5.0059814,0.12096844,-3.4687982,-6.956857,-5.150016,0.27014643,0.728035,8.019092,10.52301,1.7830455,4.7909884,3.090402,-2.1885717,0.6108866,-12.351916,-5.3739095,12.591768,1.9447013,2.4938204,-1.2181913,5.8077354,3.1979954,4.0085473,-0.34532744,9.256791,-5.4357457,-0.12337058,1.2025359,-2.2786512,-2.070241,-0.8035308,-5.546813,0.46408468,15.768662,0.4436473,0.3146655,-6.0696664,11.272899,4.2937007,-3.3917172,-5.6660023,-1.9252843,5.1634717,9.737402
166,12.626095,11.895574,2.28744,8.0621195,10.565129,5.8856378,9.749387,-0.7504305,-5.109161,4.6991005,11.241699,3.4963205,-0.09208483,3.2673752,7.485156,1.6999879,-0.025238633,-2.244228,20.627926,11.27158,5.262946,9.60529,15.447356,3.0418668,3.4530807,8.293312,4.892834,16.908764,2.4445462,9.5451,8.716685,7.663114,14.186201,12.089167,7.20009,7.9173703,1.1641039,4.347704,11.106631,-0.37660563,1.6714549,14.947204,9.229792,1.8876909,19.39048,5.6996984,7.2336593,9.439876,14.216076,12.30656,8.843227,8.712459,4.6872997,18.184687,14.456032
167,7.7602673,2.2566552,-0.21501172,10.642045,6.2069044,0.91213036,3.147595,3.063519,-0.49650294,4.541895,11.850297,9.214657,3.4608727,0.47677812,3.732458,1.3690931,4.212287,3.1452281,10.633791,17.833588,7.7804832,13.637057,12.065965,2.85638,4.958435,-2.5228686,-0.9420084,16.85616,7.4886103,9.46287,2.0490196,15.550494,8.667066,11.574842,6.578835,8.540609,4.295346,5.419223,7.29622,-0.3032905,4.2942533,11.714037,6.3521776,4.4073124,15.55473,5.9597526,2.898498,4.264853,18.881334,3.531791,2.5334718,6.2157845,6.5534635,17.70266,16.458666
168,13.257399,2.2671459,3.4693007,12.156424,10.250155,10.134615,10.96599,2.8292863,7.233492,3.9677737,15.492918,4.0254583,8.142868,11.197557,11.173617,6.2868996,2.79312,-1.0912977,11.888143,9.748407,8.909773,11.892882,13.960742,8.234155,7.7457347,10.690463,6.393049,17.783993,8.07543,11.719074,13.809729,13.034813,17.154995,14.0386915,7.874989,16.587431,0.23455226,2.6240103,14.203678,0.98488057,5.8011017,15.20724,7.482712,2.5477915,14.960968,9.209698,7.706187,9.500227,15.915766,7.2367234,9.25304,7.221032,7.9927115,12.350828,16.995161
169,9.6868925,8.473193,0.8389551,16.167494,10.361068,7.434569,8.8111925,3.1082256,2.4087486,1.2038225,15.6434765,13.534041,2.320701,7.582383,12.926646,7.799872,2.3525105,8.110199,14.889228,14.883954,6.5193906,15.508421,17.892992,7.413834,6.101063,4.158406,4.7336907,10.5291395,11.130059,12.136746,4.2692494,18.167587,10.570589,14.644918,8.776275,9.217803,4.2924542,7.340054,8.5640745,3.47228,7.9753585,16.1521,10.778636,6.186358,24.412308,7.415154,2.4896045,-1.3446552,29.7448,13.820871,7.722987,7.2821803,9.452936,18.876202,21.822739
170,8.001523,3.628082,6.729504,12.168766,9.287348,9.813793,11.741297,5.811356,7.8963375,2.5688581,14.451865,13.57059,5.285687,12.5866995,10.810236,4.9642186,3.427912,0.69651276,15.077846,5.5769887,-0.59606403,9.634056,8.173587,10.119914,8.976976,6.4321365,5.848868,9.421537,4.4687576,7.52606,5.218417,16.419132,10.055668,11.021962,5.8908277,10.64168,4.1948204,-1.1453452,14.352967,-6.3511577,3.230842,11.828114,8.930348,0.48868772,5.8452287,8.976819,7.77116,10.653168,-1.1276221,7.0738764,5.4564686,5.0347533,9.096768,6.9886503,16.129162
171,13.680619,13.227918,2.0721087,16.858725,9.7197895,9.375548,16.74688,1.6433518,6.3634453,5.3699617,11.279874,-11.699709,7.422464,10.825383,14.205658,9.6659,6.855547,1.5730524,18.432924,7.318458,6.8909492,17.972118,8.62352,10.502337,14.616034,11.102418,11.156297,0.5056402,7.3688927,10.691146,9.685682,16.322645,6.577018,11.751852,10.520788,15.854178,-1.026695,-0.831531,13.55012,-1.267945,12.575752,26.291243,11.89961,2.9854107,14.487532,6.9726105,2.71122,7.064638,10.818705,14.920217,9.817242,6.7648673,9.715041,13.16107,18.058645
172,9.78437,14.886264,12.417493,8.581302,9.943904,8.187928,12.278068,8.928846,2.6016474,-4.8382516,13.984826,7.48651,2.8064675,11.532997,11.773802,5.9406395,1.3888556,1.5594753,24.37159,7.08584,4.2453027,14.331182,3.2469232,10.551011,18.595144,3.5314283,3.1508589,-6.771131,0.028304644,8.178388,5.6558995,19.456585,5.962922,11.09241,3.403158,0.3749766,3.5677543,1.0505068,7.4473433,-3.586488,5.989152,13.477902,12.446431,0.5905561,8.493028,9.375878,8.576215,10.664298,-2.5320854,10.390046,9.967941,6.29334,9.25745,-5.759469,12.889025
173,13.321091,17.546324,3.237408,10.419361,7.1741686,5.3570585,12.59005,7.1871796,3.3163297,0.32519,9.542062,2.6191442,4.82988,10.605678,8.997931,11.186584,-0.87985516,3.1267188,19.784567,13.376586,6.516577,14.994395,-3.6967397,13.5075,14.166108,4.6098385,11.688446,-2.7235162,0.92410743,7.246692,7.6668067,14.516647,6.2735057,7.141334,5.2635074,7.6214557,2.255049,-4.0928884,9.157093,2.6602745,5.5980062,8.009239,12.646979,1.998777,15.433425,4.349175,4.2147517,-1.1735806,-6.5219,8.387553,9.196584,1.1974984,12.959174,-0.4794978,15.6897135
174,12.16713,30.816286,12.170024,11.13271,13.884614,7.139981,3.8891728,10.173676,-1.5128566,-7.77237,10.850634,-9.983701,7.6858788,14.025065,12.780516,13.957922,2.5742865,4.8300614,20.569067,8.315455,3.531755,11.785475,4.108807,15.731314,6.79792,8.289423,13.706781,-4.018161,1.7933841,14.809473,0.94797623,16.16814,12.2702265,14.435559,7.7462354,11.554935,0.6336204,1.4162937,11.456199,-0.03097092,4.2335386,10.490581,13.008408,4.806252,21.784964,4.967596,6.2092533,6.3990407,-1.1925296,9.88779,10.292229,0.28915283,7.874083,-14.475126,4.564367
175,9.827067,14.4657,2.286699,9.724832,7.4108424,5.170223,0.09262439,11.488274,-2.366677,-5.297978,3.4968488,-6.0530686,4.75251,10.602298,3.2422686,13.424597,2.248255,4.396575,11.145787,11.375397,-0.8163219,11.557491,-0.33050966,7.6186757,17.795282,-1.2529604,14.695964,-6.6156235,-0.543551,8.9640665,7.0376925,18.568855,10.83674,10.897005,5.220145,12.302261,4.728891,-0.07927451,10.548565,-2.2747457,6.128106,4.802153,15.57194,0.4426541,24.020885,3.5371003,7.106737,6.2393837,-5.925073,12.724398,12.63424,0.1425093,11.023809,-5.5266447,6.726057
176,4.662858,16.505291,10.580308,6.1021743,6.607999,2.1570456,-2.5817451,10.702891,-6.605505,-6.914716,3.9680934,3.7920475,2.5477612,11.064977,4.171644,13.145337,1.9651362,2.9326255,11.388438,10.591238,1.2123544,3.4195542,0.8816849,6.9866977,9.990509,-6.8715525,11.892169,1.929123,-1.3695962,10.539687,0.67746025,16.349482,10.875374,10.161556,4.8153214,5.859711,5.96091,4.210269,8.813093,-0.52326405,3.1217904,3.0732439,16.572945,-0.87256867,19.58905,3.4693763,2.9691076,-19.380825,-1.4636374,12.602855,5.057342,-1.814902,12.990079,-14.193038,-7.2594814
177,4.070701,10.534986,0.20437732,4.4037204,5.442017,2.7739756,1.3354827,7.107978,1.7797137,2.1206496,1.2099483,-11.901092,3.1104774,3.415272,3.4003325,11.718302,2.5852873,1.5299847,12.735171,7.0638824,3.746221,6.034529,2.632822,3.069251,8.901199,-2.0953076,12.990689,2.5821788,-1.7321023,5.4185467,7.909163,16.932932,9.887636,7.674577,1.807088,2.9797637,2.2939174,-5.1141915,6.8859468,-3.4708962,2.3870182,3.345646,12.497124,1.2685127,15.897731,7.93862,6.695842,4.3051257,-5.8265257,11.192083,3.6028376,1.7716858,10.09086,4.6769986,-2.09346
178,3.4381638,9.082323,8.314022,6.1965594,5.7687654,0.49637744,5.779487,8.919959,-8.311049,-2.4555938,1.8971025,3.1342163,3.1528807,5.6347485,-0.05191007,13.443098,-1.70967,1.2953933,13.087697,10.338491,0.86436504,-0.37627727,6.189179,10.013396,8.233141,0.014416383,7.4604487,13.754731,-2.3478274,8.849504,4.806302,21.221344,10.960009,11.211801,6.3476834,10.083705,7.326414,7.6895776,0.36873934,3.44988,1.2854575,-1.4615906,15.294462,0.8769211,18.382538,10.977675,3.053564,-0.29065016,9.049377,13.682342,3.0706906,0.9030457,13.131306,6.7795506,-6.1886587
179,6.6189237,11.103924,7.5280485,3.4285164,6.7370906,4.389405,1.1622378,8.0282135,6.6244698,2.1368964,-4.149118,2.7477796,4.1733537,1.5043169,0.8035849,12.687139,0.06399341,-2.6858804,16.883986,5.6274014,3.5595171,-2.882831,7.9464574,2.9281118,7.713642,1.4790657,5.3039174,11.890176,-3.4403136,7.714492,10.390228,18.303078,11.439092,8.09207,5.2506037,3.4457884,3.940787,3.6957617,-1.7780019,2.9013736,-0.4213007,-2.4304547,6.598223,-1.0785711,20.44795,9.655162,6.750751,-1.411535,13.692317,3.1434472,-3.2535975,3.3614926,5.1096134,3.9870086,-7.126192
180,6.3101616,5.19017,6.7082133,6.9630117,6.212192,2.4420152,5.868561,2.921196,-5.234068,-4.2002983,-2.13497,1.5599568,-2.0681775,5.300328,0.64946604,10.02208,-4.118553,-3.4206293,10.372955,13.575405,-1.0020889,9.1371355,10.342121,3.447663,0.43536827,-5.1135488,7.2479253,17.864733,0.38155702,9.100246,-4.134962,12.387152,13.134723,11.5631695,5.294636,4.873898,4.6589947,4.4297986,-5.4589777,-5.1693273,-1.2947556,-10.210715,3.0111363,0.5245718,18.453403,7.6366677,-0.6993016,-3.2270327,17.453983,0.008134044,-6.0467787,1.6685061,5.471268,4.620064,-6.5417366
181,9.61056,-2.9885933,7.4813304,8.092542,7.4656835,2.052794,9.838561,5.575602,6.5342407,3.9590242,-3.1527,0.49905273,-1.0139134,0.8766935,-3.5558076,9.886964,3.4050627,-1.624175,15.825092,7.7479463,6.884211,6.4571056,19.501629,4.954881,-4.2403803,1.5875556,-4.100197,14.958129,6.0771513,7.675406,-0.89831203,19.955023,14.431616,9.201304,7.770441,4.9964037,4.8355846,4.2821593,2.7171955,3.3596518,-0.78356427,0.8415766,-0.20277557,-0.9485456,21.805914,11.101911,2.5243816,4.4293146,15.361288,-1.9389755,-4.7705746,4.6144094,2.5503635,10.235627,-4.3216276
182,13.612314,12.422701,8.794478,12.294531,12.692476,6.2755837,18.627623,5.013435,3.0120106,3.0950382,1.6091789,5.336554,0.10956019,8.13929,7.3890166,11.012129,-2.0282643,-4.934805,18.225887,10.242783,1.9583355,18.43826,12.548013,3.5527923,0.48533607,7.239005,7.94913,13.342194,4.1118064,9.814929,-0.38835216,17.593023,13.283731,12.46703,10.10004,4.8815,1.49482,8.680362,2.5445476,-3.3551164,1.2469299,7.5009875,10.065507,3.6821818,19.235773,10.885736,4.7613487,3.1900468,15.12689,2.921874,-4.480165,1.8434968,4.785953,7.0845733,3.8236368
183,11.194755,5.6186213,10.760439,11.732126,9.938967,4.109038,18.33288,4.411788,5.2730827,6.7336864,4.535116,14.251301,0.42461503,-1.3880258,6.8573256,2.892699,-7.6750507,-0.9516872,15.649559,8.869349,2.9161413,-4.339573,16.927736,1.0401249,0.542951,2.0567985,-1.4084201,10.16192,10.075895,8.682138,-4.5470796,20.196363,11.098536,9.965675,7.794546,10.293934,1.5405318,5.821779,7.686105,2.150259,4.076823,16.086046,3.4580424,-0.5978799,21.704184,6.186202,4.64168,-14.796124,23.124352,3.3460784,-4.2572136,2.1571748,1.4544234,2.0911021,5.097597
184,11.163918,9.523327,5.363414,13.425543,12.156277,8.1884365,16.661081,5.9680204,4.7549453,6.848544,10.349566,10.351868,2.4720685,7.0692163,13.635796,8.183589,0.90375686,4.0615425,19.259466,6.1216216,-0.8508116,8.988212,11.92998,0.030561293,3.648949,1.7385308,7.5559015,5.3729057,4.135418,9.594545,-0.37954426,16.684587,8.465812,7.9323444,4.13848,-8.020032,0.78935385,2.029621,3.4005082,3.7810571,4.533004,8.714582,5.2807364,-2.097,18.198214,6.3794055,5.5758195,6.5379066,10.53597,8.03778,-2.539554,2.7101378,5.4130454,-7.9184356,5.684318
185,6.7606716,-2.6284533,2.8707426,5.6492863,4.4093714,-0.277822,10.330557,8.444198,6.498071,6.099335,6.847397,10.36482,-0.5707016,-3.0532525,5.521279,5.1844172,-1.974378,-0.09449872,2.4536183,4.164462,2.3114593,-8.313432,0.8595263,-2.289188,0.4895049,-7.549291,-3.5290976,-1.3219872,3.8034656,4.136114,-4.510371,18.952312,4.6455135,2.7200866,-0.46953934,4.8058968,3.6571603,4.129813,3.2927763,0.5075828,4.176764,11.323404,1.2300835,-1.4701843,11.438663,4.217493,2.6172605,0.758395,16.359093,3.3375974,-3.852811,1.3053331,1.1845758,-5.0543237,4.0783954
186,5.5831914,21.946299,2.6456678,9.542899,9.051014,8.688451,10.124599,3.9304268,2.0624628,7.199655,11.659714,2.6971452,5.234183,14.463281,5.838906,11.682473,2.3676848,6.3213067,15.184754,4.009932,0.6815858,9.44921,2.1073706,5.7941785,7.0189543,10.703573,10.422393,-1.1960682,2.5890272,4.5900493,0.83205974,12.665777,6.042703,4.359174,5.4125023,0.45582554,-1.6814651,1.586893,7.247465,-2.088731,9.052276,7.622028,8.792265,-2.4531147,16.267416,6.3421326,2.670641,2.5420005,-5.6223707,5.7733445,5.2401013,-2.9243448,2.5687993,0.8127146,7.613993
187,-2.4912958,12.040134,7.0284767,4.9993925,5.6942754,8.882625,5.994312,13.911215,11.974731,-0.69050515,6.577191,9.4752245,7.0630074,14.347814,10.022055,4.029721,-3.482275,2.2325203,-3.9303477,4.8299837,2.411552,-5.665903,0.42098615,6.766572,7.6229877,2.862658,6.5486164,-9.344704,1.8441024,3.8293252,4.211829,7.957753,3.120161,2.4205422,9.339946,16.544191,4.3198843,8.901282,9.520467,11.375605,8.408217,20.007149,9.062812,1.8612536,-0.6272241,0.061773878,0.2327344,2.6180384,4.57329,12.7534895,2.9608057,2.8476062,4.2112308,-3.5521011,4.9946656
188,-3.2743583,17.04572,-10.095112,-3.3772914,1.9517303,3.159838,-2.6103334,2.6410818,6.8558683,4.5980473,4.3451405,8.436393,1.5798438,2.89177,-0.09720284,9.430132,1.24754,1.9342892,-4.4961085,-6.3055034,-0.009576202,-2.2155764,-2.8419983,-3.0036829,13.038502,2.7823687,0.85932124,-11.6868725,-2.1181743,-8.871467,-2.3423035,-4.947715,-5.290868,-1.3395287,1.9690825,1.8640014,3.674948,1.9835303,1.8148897,-1.4033484,9.621031,6.3844604,6.1150365,1.3890258,-13.676354,-3.7682586,-0.53283453,-2.474675,-0.6006899,12.416088,8.470916,1.9065084,4.2505608,2.7244632,-1.3663474
189,-7.3220105,12.923018,-2.3460789,-0.8073704,2.5405848,7.7938585,-5.055479,8.9400625,10.721731,-9.026216,1.1743011,11.764718,7.912887,12.479486,7.674977,8.042452,3.723597,3.4396727,-6.5905094,-8.548027,-2.3812923,-3.03089,-0.82831293,7.655782,11.109288,4.3757515,5.4760623,0.3235112,3.0638585,-5.5627756,4.2690086,-11.295857,0.42062637,0.75132024,6.7563763,18.002401,4.351929,5.393319,9.39551,0.39000335,11.523465,15.3287735,8.498341,4.609666,-6.6370687,-3.6572018,-2.1946988,-14.204706,8.224267,14.22622,13.18662,6.946906,6.0708237,0.21783315,-4.4326944
190,-9.938863,1.1131065,-11.738473,-3.917099,0.6302617,2.9649692,-4.4886246,2.3016143,6.611438,-3.4265728,-1.4895697,-0.79759604,4.0216837,4.187175,-0.8605353,1.0592341,-1.8646553,5.366878,-9.580604,-13.179616,-3.8757749,2.567829,-2.726605,5.9841437,5.8631454,6.0801663,2.1358633,0.5251835,-3.4464672,-13.18535,6.7859793,-14.208338,-2.089136,-1.9686667,-0.12724711,-8.4065895,-0.78555626,3.35385,-2.8761468,-4.402099,7.6698694,3.3390484,3.8513203,2.653209,-4.2135897,-9.732872,-2.1546392,8.27653,-4.108586,10.77407,10.468128,7.7444544,2.8913476,17.86746,-2.218209
191,-13.113162,-2.799872,-1.9826145,-6.508508,-1.4989681,-0.8769883,1.8357613,-1.8751783,-3.0979385,-11.466642,-6.6677437,-2.9515502,0.90212536,5.065443,-4.0000806,-8.448499,5.133054,1.9045984,-13.833534,-6.903649,-2.8451674,-7.817098,-0.8567234,5.3004994,0.64737934,-3.0636542,-7.3700743,15.784113,0.70269585,-10.489832,-4.368864,-10.411708,-6.7859483,-1.313085,3.529755,4.484255,-4.674652,-5.4316773,-1.8727176,-3.7495065,-1.0777773,-6.879184,-2.0879476,1.5469424,-7.4999847,-6.0818086,-6.572239,-11.911696,-1.8088524,-2.2719226,5.983251,2.2577374,1.210425,16.274828,-9.106128
192,-6.025187,-7.267574,-4.7441506,-7.005625,-2.578309,-1.7775239,14.50173,-11.425393,-3.4858005,-7.929268,-6.169801,-14.241977,-0.8686529,-3.6149464,-3.281501,-5.849104,0.8074876,-2.5494652,-7.5843735,-5.5376315,-7.926046,-2.4352596,5.932826,-1.986058,-8.7652445,4.8501964,-12.108397,8.013887,2.8475285,-8.667795,2.229604,-11.607341,-6.5628366,-6.615333,0.6224598,-3.0363474,-5.3645816,-10.669198,-4.8729715,-2.948606,-5.846126,-13.051707,-6.055247,-2.5505655,-9.627492,-3.7987404,-8.687721,6.1430674,7.724934,0.5514448,0.29347116,4.796007,-8.6929865,11.145439,-4.0588217
193,-7.1251974,-0.40090734,-8.007131,-2.2226393,0.68404883,3.7718446,17.216393,-18.082796,-8.54966,-1.3201171,-5.1022406,-6.530884,0.6177967,9.043338,3.16671,-11.998331,-1.7316637,-5.9918084,-20.514196,2.2416868,-5.449492,2.4589279,0.5798014,2.1165676,-9.592951,4.040593,-1.0188082,7.4313164,1.4505754,-3.1961505,5.01537,-8.059576,-11.125066,-2.4693034,4.7339926,8.081733,-0.7210098,-5.953838,-4.8874884,-1.0765676,-5.708299,-13.8093605,-9.773176,-2.8586335,-10.181182,0.5166947,-7.6852717,4.2406445,8.19233,-8.535551,-4.833822,6.283904,-7.6378255,15.817961,-1.8901894
194,-21.51378,-7.7382345,-9.345801,-10.08417,1.162356,2.0018694,24.318256,-19.918947,-2.1929383,4.037996,-1.1813849,-11.99615,-0.33906397,1.6687839,4.7058735,-9.522208,-2.4636803,-3.114381,-21.482847,-17.99165,-5.7170324,-6.7453647,3.6813529,-0.9908931,-11.309175,4.156494,-3.9625025,0.62578017,5.2471814,-19.623941,2.5613992,-20.049053,-17.418615,-9.007798,2.26462,4.077042,-7.4019756,-11.897401,-1.8913054,-0.064412236,-7.3189616,-5.891963,-9.179401,-5.1300964,-18.87087,-10.892711,-13.504845,-2.4506874,5.851936,-7.513455,-8.060864,4.618628,-11.220375,-7.7159104,-3.0945494
195,-24.397636,-9.431252,-15.039789,-16.680437,-5.8146706,4.1294675,24.811237,-20.981165,-7.3980103,-0.5069417,2.6082718,1.478365,3.9043052,13.474542,2.0178485,-9.799519,5.032477,-3.3003154,-24.431454,-11.204732,-3.4598322,-2.3145208,-1.6879526,5.8193693,-5.67686,0.6178008,3.6787953,-8.315293,-0.933855,-19.846252,-6.881105,-23.818878,-22.914116,-15.662996,2.6863415,2.5966206,-4.6865687,-1.3053073,-4.937565,6.172704,-3.2439036,-5.335345,-7.476925,-7.1587853,-29.156382,-9.693844,-9.217943,0.8496493,-10.921812,-9.551838,-9.755861,0.5558215,-6.534258,-11.480409,-4.771768
196,-20.325426,1.1700828,-10.324066,-16.527878,-6.6754885,-1.725381,16.413319,-17.655651,-1.068479,10.756971,-1.7029251,-5.850331,2.90097,0.94244003,2.781412,-3.692363,-3.5266638,-5.153027,-16.670063,-23.150152,-3.270976,-24.123684,-10.065479,-1.9420015,-4.2434587,5.2173615,3.2315364,-7.65958,1.1692802,-18.835598,1.1085266,-23.710907,-20.50761,-17.085405,-3.6866376,-4.2878103,-6.1952143,-4.884209,-1.3795624,-3.4862561,-7.204636,-8.950884,-9.3840065,-7.767486,-26.114279,-9.839847,-11.089421,-16.930338,-10.253251,-8.249162,-9.298625,-1.4929491,-12.068526,-26.73456,-13.017719
197,-13.142647,-10.682627,-11.080646,-13.028512,-4.2747555,2.7338293,11.857342,-9.811497,4.6214194,8.068297,0.41804832,-0.30832127,3.3424833,12.464111,-0.8186305,-3.7697554,-3.3418155,-4.365599,-15.1437,-11.918014,-1.7814898,-5.292043,-9.77583,3.116579,-1.3514476,-0.6662159,3.7681646,-7.6221457,-1.509417,-10.940438,3.0437994,-10.522987,-15.054465,-11.862272,-1.0358406,1.0051512,-1.4349227,-0.8235166,-3.0534503,0.26362872,-2.9550588,-4.288451,-1.8015356,-5.716017,-20.255442,-8.599154,-7.2899337,-7.8214436,-8.733476,-9.965902,-3.6423545,1.0527635,-6.227301,-7.2124825,-11.314491
198,-21.483017,-2.7307644,-6.4189696,-10.534429,-8.555512,-0.3223129,12.676697,-14.472371,-0.2930397,8.285904,-3.1408525,3.1996589,1.5737171,3.7775524,1.1705928,-9.4982395,-3.423079,-2.203077,-18.778427,-11.719533,-5.938371,-21.963871,-9.274138,1.0406419,-4.6377683,3.9321206,1.8854448,-10.793868,-3.1431427,-16.481632,-5.9360127,-13.398163,-14.659409,-12.038808,-5.5654645,-6.139701,-5.1977544,-0.61033326,1.4694506,-7.1623845,-4.8021145,-6.40408,-6.422948,-8.006924,-20.447174,-9.936186,-7.0321946,-23.064808,-8.275393,-11.069259,-9.542461,-2.8197477,-9.882174,-14.290241,-10.806927
199,-15.947199,-1.7066863,-5.0821395,-14.55467,-11.732276,-2.6849856,1.6821874,-8.458646,8.539796,3.3365834,0.439079,6.075492,-2.2839963,0.22574733,-6.1394672,-7.7519536,0.06526064,-3.3325129,-11.230018,-10.690537,-1.4123813,-14.394817,-8.306323,-4.348068,-3.969276,0.23663282,-2.3543074,-9.461544,-5.272006,-12.922923,8.043021,-16.69449,-13.839941,-14.877507,-5.3237576,-3.383443,-2.5800045,-0.33173358,-7.0066915,-1.5445921,-6.619179,-14.459372,-4.6119647,-5.816226,-13.118655,-7.443525,-5.556169,1.222196,-12.142553,-3.493783,-7.2220745,-2.3853462,-4.882396,-3.4447775,-12.803261
200,-10.1567335,-3.6925335,-4.478381,-7.8491755,-6.9218936,-3.0872438,-2.2496588,-9.337082,-1.845161,6.941547,-5.936539,-6.286358,2.1634707,0.36488956,-5.080322,-8.88907,2.8708918,-3.7647552,-2.9320943,-1.7008284,-0.4771732,-1.3062339,-4.3272333,-3.0688903,-6.5931334,5.201916,1.0117934,-0.83905226,1.0934728,-7.7374916,-1.3176019,-7.944107,-8.456655,-6.898807,-2.5622041,6.970281,-4.0814066,-0.8709235,-0.8538992,-2.7184427,-2.117844,-3.7334332,-7.822632,-8.1772375,-3.1388404,-1.4670031,-6.850352,3.3206248,-7.2817397,-7.212412,-4.6494813,-6.185623,-7.221137,3.9107366,-13.692771
201,-6.6006675,-3.3895662,6.686804,-5.721956,-4.974441,-4.615452,-6.746759,-11.171928,2.8260734,3.4077597,-2.3356748,-4.7130947,-2.1129105,-7.175613,-5.172242,-6.200947,-4.2890406,-3.508959,1.5615824,-7.6916285,3.523106,-1.6673692,0.95417684,-4.548367,-4.44921,5.4316907,-1.4725664,1.0989141,-1.9185818,-4.3068204,-1.9735379,-4.093576,-5.27606,-4.0787673,-1.0573044,-4.905063,0.3758446,3.9162388,-8.401989,2.4105783,-4.3022118,-11.272323,0.43207675,-2.4737296,1.0149436,3.067459,-5.1005974,9.812197,-2.490497,-2.9641576,-7.515058,4.0666504,-3.6323104,1.4334081,-10.855671
202,0.0862699,2.3726964,1.9303157,-6.426242,-6.209172,-8.766471,-12.682314,-6.394593,-5.4086204,3.9801865,-4.222576,-3.6326208,-8.51799,-14.798294,-11.178064,-7.368992,-0.08439902,-7.7920156,5.1669207,9.28766,-2.65723,-4.9176006,2.7652361,-8.602919,-5.703462,-3.3972065,-4.7248845,3.3907225,-2.5134556,-6.528628,-4.4537325,0.74473774,-6.2571516,-4.1677504,-6.1601124,-9.136395,-4.6046243,-6.2598634,-8.958945,0.05291672,-7.6308875,-10.278172,-6.4329224,-1.595202,10.194327,6.925468,-0.85308164,0.30658945,3.4467556,-10.531013,-7.565137,-7.145899,-3.4500992,2.0873823,-12.355862
203,2.875727,-2.0078025,9.729483,3.0468752,0.4286602,-5.425459,1.4483848,-2.6825767,-0.33244392,1.887633,-0.16199283,-0.19601102,-4.7770777,-10.039292,-4.4363513,3.569587,2.4505522,-5.057978,7.9456043,9.055372,4.0314007,13.151554,13.60746,0.009602328,1.9321241,-0.64557356,0.28286064,18.698729,8.892957,9.089491,-2.6713588,15.376596,6.932109,6.6842957,3.7118177,-3.5101027,1.481732,-2.6717107,0.9028586,2.8214028,1.3691589,1.2535261,4.499337,-2.3702197,19.040222,15.003161,6.892301,10.37964,15.215668,5.18134,2.4911356,3.6472895,1.9138328,4.8162985,2.3915088
204,15.280641,20.735678,3.4566522,10.659259,12.13165,1.8064975,4.0213943,3.5405693,0.93148583,1.4182155,4.0817432,11.991889,0.33380836,4.26346,1.9874737,5.527926,0.48100343,-1.6680965,11.4928,11.8483715,1.4765964,15.538556,9.65936,-1.3899822,5.0403175,10.968203,6.2307687,7.8142676,3.9776044,12.910733,4.5488214,17.39945,10.302213,8.591894,6.1170683,0.73846257,4.822137,5.4255776,2.7789545,3.2902257,5.122399,7.36572,9.411892,1.5470443,5.394697,8.620554,5.089845,11.123037,6.8497357,7.8123593,9.150349,7.054568,5.7483096,11.019086,6.5296416
205,4.100834,17.046509,3.0262501,9.359566,8.401404,6.525864,8.249589,9.260655,6.695684,8.235774,8.737361,1.7396661,5.0106063,3.5287552,9.793495,12.482155,1.8487724,0.6091128,-7.4526787,4.9850297,8.3453,5.3191113,8.314706,0.28645808,10.536195,14.4696665,17.997139,-4.4449577,10.004931,9.756122,3.0240147,14.647446,8.646789,9.913147,6.7893424,4.094801,5.389028,5.6061163,7.8059964,-1.7268938,7.7342916,11.038857,15.398284,2.8401866,2.8326514,8.132528,6.0451565,6.5280733,13.043663,14.288647,9.270582,9.121212,8.601456,-12.348515,11.734105
206,-3.8234146,20.601604,-9.012278,1.2689825,3.4031863,4.3226185,2.2418747,6.884605,8.451789,-1.6129113,4.3197937,15.5774765,8.846448,7.6730237,6.1487226,5.6405716,2.213704,4.2244263,-2.575991,-2.0849957,0.22621727,-4.480718,-0.8685281,7.7436104,4.0484915,6.177259,7.452053,-7.9171195,2.3718174,-2.328301,-5.468509,6.5554805,-3.2448692,2.7148194,0.41587898,1.7015398,2.6325161,3.280315,0.25102738,-4.118039,10.086218,12.681753,5.154785,-0.02276093,-9.36205,-2.429274,4.1732407,-2.5012715,0.5663221,7.507369,10.232335,7.0026445,4.954269,-6.611966,1.5072844
207,-12.050761,10.700495,-2.5536635,-0.3639888,0.30450892,2.434509,1.3965929,3.746827,6.356835,4.8841224,3.0825813,3.3997834,4.97249,5.8866324,7.237502,6.227269,4.863829,3.5591817,-8.667226,-9.059227,-0.23188035,-11.412581,-3.166327,4.3623295,6.790768,12.856154,7.7252088,-0.7380496,0.64650655,-10.934298,6.0550966,-2.690758,-0.7249414,-0.33034047,-1.6892061,-10.197569,2.3686562,1.3307143,3.0652294,6.9074783,8.266893,5.7121534,7.885015,1.5387831,-12.37872,-2.1244433,0.43021747,-17.518932,-7.0717025,8.142831,9.871529,2.090233,1.327871,-12.201903,-1.0152906
208,-9.480972,1.1444321,2.4618776,-8.84515,-5.0885835,1.7335455,-5.2653637,8.422756,11.89652,-5.397727,-2.2504404,-5.4175253,2.4190974,4.4898214,-1.0566295,-0.86493325,-1.5348973,1.9679034,-16.202284,-2.6556773,0.29750448,-4.9999084,-9.079827,1.5684206,0.29869238,6.278873,0.6988898,-6.121123,-3.1841211,-8.525967,5.3203855,-3.8838801,-5.443757,-5.2691584,-5.26255,-9.043281,9.973485,4.629083,-6.1634283,1.9240061,-0.7317906,-1.7190897,-1.4538337,-0.7750128,-16.896997,-10.922167,0.0029477607,-1.7131284,-9.614359,0.05381178,-0.25979885,-1.8982847,-2.5228055,-2.303643,-8.198069
209,-6.6579194,5.130656,-3.3193007,-8.009218,-6.5056148,-1.4405768,-15.143102,-0.52158684,4.223658,3.5661197,-5.6557236,-0.721874,3.092015,-6.00499,-7.2119164,-5.718466,-0.1264835,2.274618,-14.2934265,-3.1225457,4.62744,0.4109681,-0.110415705,-0.99491304,-7.503461,8.180361,3.3616014,-3.1989627,0.4017867,-11.379269,-6.85061,-13.530873,-9.420822,-9.005659,-8.173844,-10.931667,-0.56849825,-0.7326214,-9.532313,-1.9152081,0.17516723,-8.06095,-12.029796,0.40693578,-8.670502,-13.74885,-1.4785345,-7.6367416,-8.321741,-6.5438004,-2.9801657,-0.76767176,-9.075203,3.065799,-4.8460917
210,-6.8486166,3.233164,5.1595,-8.351292,-5.468258,-4.8119717,-16.528442,2.8181155,-1.047424,-9.324536,-5.939686,-8.805436,1.2065634,-8.158263,-9.854469,0.48177332,-2.4738257,-4.3596115,1.4427665,-5.2671947,-4.1442294,2.8636658,-5.936424,-4.9903984,-10.560392,4.2414236,-1.6523181,5.135937,-1.9908222,-6.3251753,-12.868475,-6.7741513,-3.7851057,-5.987113,-6.97901,-7.1428075,0.076134905,2.2683175,-13.0849285,-2.1211996,-6.8151455,-13.231048,-15.214917,-0.29001248,-6.0297146,-8.038027,-2.9556127,6.5625186,-7.232906,-14.860826,-8.865897,-5.382452,-6.7283278,-3.3782434,-8.294951
211,-0.11528507,5.374304,-2.5356772,-1.9422811,-3.020569,-3.6796792,-18.904554,0.8124125,-3.1199007,-2.4562821,-8.024466,1.1672819,1.6144083,-14.147353,-11.523362,-0.8438853,-2.8094728,0.30296764,-7.0174804,-1.9376485,6.019004,-6.6043673,-0.257898,-2.3227203,-7.441546,4.431269,2.0900583,-0.04197701,-0.66124403,-5.8139577,-11.968404,-10.849281,-1.664739,-4.5213337,-3.208515,-9.684993,-1.5076505,-5.389458,-7.032872,-5.2619348,-4.829315,-6.3176236,-12.767208,0.2188665,-6.6712356,-9.052771,0.14466366,-7.0260854,-3.6927316,-9.65573,-0.8143438,-4.32817,-4.5097957,-1.8068403,-3.4438055
212,-1.2093253,0.4007229,4.065325,0.3042401,2.5068233,-0.8656057,-8.988737,5.574803,-1.9082911,-3.2043855,-2.245973,13.226705,5.25857,-2.941797,-4.6850863,2.335764,-3.5127122,1.1288432,-8.525784,-6.0436134,2.3755944,-5.053006,6.878542,-1.048868,-5.0000987,-1.2265358,5.6594276,0.42852068,2.6081383,5.5892496,-5.608856,-4.7260337,3.3483927,1.8479805,2.1361706,-2.5238492,3.006065,6.202433,-2.7636003,-3.5467958,-1.2468237,-1.7057384,-5.3161316,-1.0845585,-5.196287,-6.6211963,-2.587594,-10.109051,3.2563722,-4.5766077,-0.09531851,0.92430156,-3.9173756,-0.6682545,-5.102258
213,-4.996266,-4.947081,-10.712318,0.20514938,5.236026,4.147233,-0.21365638,5.433878,6.235361,1.0754641,-3.8982923,8.88954,1.7796615,-0.17980015,0.3986122,-3.1947095,0.19774888,-0.50317085,-16.815557,-7.1216393,-2.8228197,-5.4180236,4.332514,-1.0060459,-4.83099,7.324397,5.537753,-8.538487,-0.14177328,-4.8212457,1.1756811,-14.779473,0.38463283,0.9411412,1.439146,-6.5003757,0.4161032,6.4310274,-3.0413477,-4.357726,1.3646499,0.31561422,-4.131346,-0.7686113,-26.562395,-8.787778,-0.7565839,0.73287225,-2.8227334,-4.1384,0.975967,2.8612573,-4.499083,-2.744707,-2.0273297
214,-7.573902,2.7881396,-8.053102,0.18834077,3.220798,1.2812424,6.2655168,4.464733,-3.2996874,-2.5094945,-3.9093947,1.3067927,2.2597313,-0.0987912,2.1534495,0.9911893,-0.0053806184,-0.80716413,-16.625017,-14.133706,-0.42089495,-16.507662,3.8488858,4.870151,2.4443862,-1.0451277,1.6444072,7.914456,1.9899807,-2.4717755,-5.363246,-11.771864,1.5660492,0.41673854,6.2960443,6.290181,0.62516797,8.94888,-1.8261461,0.13432163,3.130636,-0.6989749,-3.5909379,0.663794,-16.703657,-8.562042,-1.9256012,-20.653618,2.4495332,1.2722688,1.4380119,1.8475045,-3.2808692,-2.366431,-4.6418386
215,-8.548651,4.098806,-12.010283,-3.8261735,0.5180035,2.5861285,0.8649159,2.0513408,2.5552104,1.0700907,-5.809272,-7.093202,-0.6871583,-1.3873334,0.29696995,-5.966381,3.936439,0.39476335,-21.335083,-16.264631,-0.87204766,-14.910657,0.1693075,1.6603343,-5.012926,0.59726036,1.432527,-9.923867,-0.10760802,-6.801641,10.156764,-13.790564,-2.2465944,-3.2584865,0.017099068,-3.3732855,0.50679743,7.275791,-1.6664625,8.883989,-2.4828277,-2.1910222,-1.0370656,0.14674236,-16.815351,-8.580382,2.0953438,-2.4857788,-4.6455517,1.0691582,6.848665,1.3596684,-6.717797,-8.626237,-3.1465707
216,-9.382738,3.2298412,-7.8121448,-3.798018,-1.9898901,1.265154,3.7751467,0.96340156,-2.661358,-3.2146182,-6.672461,-0.9155848,-0.24778377,-0.4503796,-0.9358391,-5.771585,-3.0980577,2.4510927,-14.179065,-12.709437,-4.828843,-11.885108,-2.318758,-4.007047,0.44704443,-3.09172,-1.7793018,-7.069924,1.2084144,-6.861165,0.30199268,-15.699739,-7.215193,-3.1827462,3.3211126,3.677188,2.2024589,7.1327844,-3.6382496,8.750442,-2.1448402,-0.72535306,-3.1906426,-0.0698259,-19.808704,-10.931974,-4.2086673,-13.050701,-7.430798,-4.927258,6.6816564,-0.7176959,-4.055268,-5.82606,-3.1178577
217,-7.663705,2.163625,-10.340192,-5.528328,-2.8211951,-3.3982143,-0.7871997,-3.0486972,1.3909764,1.0348065,-9.183307,4.0465174,-3.8280547,-8.805407,-6.951597,-5.555263,0.5979612,4.842914,-10.23711,-13.102008,-0.13124451,-8.283368,-3.2676961,-8.096109,-11.21024,-7.1056867,-9.097603,-4.7351294,-0.40977898,-9.106772,5.6478877,-19.528042,-8.980879,-5.3798475,-0.093944035,-3.9052567,-2.1345203,0.1946144,-1.1471753,-0.8704937,-2.9365952,-0.41411313,-6.2975388,-0.29654664,-11.889863,-5.606103,-4.0464864,-0.6674937,-7.88601,-4.179093,2.7274692,-1.8361752,-7.0926986,-11.89791,-3.581746
218,4.63336,4.8387275,1.9999845,3.5700479,0.9829673,2.3225002,1.4777985,-0.30639365,1.1943957,3.9381769,1.1455919,1.0141228,-3.43605,-0.49951944,2.3891625,-3.681473,1.1922654,-0.1060102,2.3991468,0.68234307,-3.5604205,-5.3776083,2.634061,-0.14044277,-2.0996847,-6.02347,-1.4255738,13.118096,1.1434994,1.6260978,-1.6036223,-6.3001323,0.21637909,1.5831641,6.1713147,0.95337576,1.5616556,0.72984374,7.7916436,0.18988922,4.6400576,5.3890953,4.2574306,0.40507331,4.6962576,0.41232362,-2.0333543,3.5294578,-4.6453753,9.249106,7.5171156,3.4028773,0.6440519,1.1223061,4.4336634
219,7.4890304,13.232102,3.708507,4.57128,2.9736485,1.479019,-2.5339856,1.664731,7.4780703,4.817695,4.5135493,9.290274,-3.1920762,-7.227964,0.80650866,-3.9709535,-2.8087943,0.45262688,5.05432,8.403442,4.9388304,-8.495729,-0.33042353,-5.4740176,-3.0260193,-7.165038,-8.007075,2.4891665,5.2609544,2.208206,4.2757974,7.7386923,4.302021,3.5019674,3.3951735,7.133893,3.0329306,-2.0551357,7.9823213,-2.0685632,1.7205827,8.900315,0.91344124,1.1712492,8.070264,9.305525,4.1609464,-5.9491577,-0.9209399,6.025843,4.2344856,1.4415852,-1.9957929,-2.3470654,7.128647
220,8.947693,7.6010613,5.2955446,11.201815,6.399563,7.017971,2.4540546,-0.72121334,6.6186643,0.16698375,7.619107,5.3645296,1.5571215,3.4955168,8.317117,7.1526766,-6.9309993,7.317682,5.9079895,2.7442882,3.445642,5.755719,6.658916,2.2722526,7.532947,1.438446,7.181644,2.7925444,3.8385227,8.691609,4.5289483,9.946161,8.35053,7.688109,7.212282,-0.8938961,-2.119284,-4.2260313,11.5886345,-0.1944107,5.669455,17.893684,4.8462434,5.859401,12.5126,7.9749913,7.8926387,7.000176,-1.7416171,9.865964,7.4746556,4.285896,1.2843515,5.9081573,10.741674
221,9.159766,8.088488,2.085916,6.776845,4.0250483,1.8538477,3.530702,5.534523,1.0241292,0.1691159,9.480924,3.6134198,0.55303526,2.599027,6.6394253,3.606577,1.2323258,2.0673695,8.6479025,6.2565255,3.5733619,4.4202037,0.9659234,0.9669746,6.824472,1.3699741,1.128561,3.359506,4.271109,6.7889104,5.5122313,12.316443,5.0922093,5.4179397,3.4446363,6.4421864,3.753117,-2.9932132,7.1268697,-3.3218207,7.553767,12.627597,8.492706,0.8175471,8.352841,8.797112,5.0650673,8.79073,-7.5483255,10.060527,3.7645328,-0.055681366,5.483498,-7.0216384,12.089262
222,7.2328053,10.002485,-0.59098953,5.797308,5.389241,4.122338,6.936032,-0.77806216,-3.9843621,-6.16357,5.8678637,-11.7666855,2.8934164,9.30808,10.014269,10.920254,0.6845414,1.0313226,13.913305,0.47748148,-6.7039666,12.729391,-6.0474977,8.639153,8.261351,4.7110724,9.496466,-4.725194,-1.038543,3.6206264,1.6852406,12.464886,4.79651,6.2191067,-0.68472654,2.5690413,-1.0733057,-7.724942,11.058172,-4.326816,4.8832583,11.231176,10.592889,3.1368785,22.156412,9.420866,5.921857,22.089651,-22.399012,8.73323,6.847258,0.14767735,9.738705,1.4204757,9.064748
223,-0.708738,14.451348,9.419788,2.9766836,0.32480842,-0.7640733,-1.6959773,7.447662,-0.6292114,-5.076896,4.570779,-7.60694,0.90169823,4.736372,2.701986,9.018211,5.712776,-1.3143204,-7.043283,6.5991845,-0.04461632,4.434138,-10.16604,5.7910905,14.518286,-5.821643,7.312621,-5.576031,1.9169922,4.081947,11.780347,20.63524,3.5245519,4.7127094,0.25698313,10.249045,5.40612,0.40003556,10.187876,1.184077,7.201751,9.658178,17.073824,-0.45456198,3.249162,11.179861,8.985379,11.1479025,-9.230018,14.4427185,2.6297767,-0.0821253,12.020544,5.615326,5.627057
224,1.2269474,26.497004,7.80862,-0.098249145,-0.43135202,-2.3751392,-1.3844236,3.0593216,-7.095852,-8.038976,0.69030344,-23.964605,-0.81480366,7.319243,1.4059467,17.106585,0.18233834,0.14303721,-3.3218684,3.6123838,-7.3631163,7.9383507,-9.166602,10.634077,12.745249,2.1587849,5.304917,-7.5005713,-4.411888,0.92952895,1.1821443,23.82746,0.7951106,3.6271966,-3.7055883,-5.0576878,2.2079008,-6.6208835,7.69034,5.0486665,1.3693814,0.82698447,14.342946,3.6987925,7.6246095,4.1210914,5.1513314,4.7361784,-15.731719,17.23207,0.9551615,-0.86530316,10.643727,-4.95567,1.9876622
225,0.40187046,21.416048,8.015013,-1.4341207,-6.9926662,-5.455436,-6.4460754,3.15258,-5.804473,-3.3241777,1.2878847,-26.673248,-5.9978642,4.266788,-0.22991584,11.0211315,6.4453464,-2.5502734,-16.459127,13.655344,-5.6700344,-6.2683167,-9.126136,4.7050796,12.238463,-2.2068017,10.0206585,-10.7356205,-1.539824,0.18848091,11.358518,23.184582,-0.030173004,0.9098061,-4.326201,-0.29701775,2.8346019,-3.6056464,4.6286063,3.284875,-0.13049744,-1.2090547,14.866877,1.0964428,-7.3181744,12.16623,6.739129,2.8421326,-9.093889,11.341751,-3.9651506,-3.7352405,11.866104,-1.6296226,2.6666057
226,1.1593572,18.554995,7.767222,-2.9650111,-6.558985,-3.3926017,-6.6374598,2.8975863,-7.73398,0.5556502,-2.2593725,-12.213488,-2.0224507,0.3985984,-2.2664397,17.877155,1.5224494,3.2811315,-7.4930205,13.384408,-6.4460096,-0.38546053,-7.5825934,5.9227514,6.3848805,1.2631115,4.7308626,-11.627111,-2.379046,-0.31962076,-2.0052197,18.434334,-7.356323,-2.8675022,-6.717866,-2.95853,-0.13733517,-1.8915786,-0.541489,-3.2782505,-2.4645967,-7.4434958,5.4535675,-0.123514466,-14.507925,8.088415,2.9931264,-5.1249104,-12.467217,7.344582,-0.26280174,-3.3743198,2.8921843,-8.222124,-0.5394837
227,-3.0929704,12.93214,9.754689,-2.3631048,-6.175676,-0.24793191,-0.41426983,1.302484,-1.5502836,3.4969382,-3.6903296,-17.542389,-5.112785,1.4548681,3.5452816,11.197803,5.952289,-1.092468,-5.69701,9.215626,-5.3713875,-6.9778013,-7.741076,0.4127574,-2.345913,3.712345,1.5469822,-18.926891,-4.1841574,-1.2814094,11.325143,7.1244636,-5.857867,-4.8292484,-0.62030137,-1.9791039,-0.76653326,0.5000885,3.0993595,2.4250867,-5.941754,-5.904908,7.9869657,1.4801865,-18.649841,5.364544,3.0614648,1.9335912,-14.134336,3.8308885,-0.118205994,1.9480139,-0.5230144,-3.9877038,-1.9063879
228,3.2471597,13.72377,9.476722,-4.3903575,-6.2452116,0.3508572,-2.834293,1.9655073,2.4121196,7.4411387,-5.2518673,0.20406955,0.2094123,0.96969706,0.55059093,11.181836,2.8072367,3.280713,-2.4198418,6.9419928,0.11022067,-11.98298,-12.745848,0.9503155,-5.750928,1.9731623,8.03298,-5.74682,-2.5448103,3.3728693,4.3945303,0.13645285,-3.487664,-7.077507,1.3300264,2.2441084,-0.5913204,4.49996,-0.86192733,-2.4429166,-2.8563046,-7.8113856,0.994128,3.8192697,-11.409798,2.1918948,0.5506658,-2.6153042,-4.7158813,-7.0921197,-1.5457407,4.616837,-5.2301826,-6.9305344,-2.3670118
229,0.4793138,0.052417234,1.9696124,0.027203811,-1.9111165,3.2466507,8.820502,2.439015,6.7226567,14.459535,0.47074968,-2.8632898,-0.32127407,0.08673264,0.53137577,2.1278071,4.1748886,-0.48325545,-6.004263,1.3129728,0.68424517,-13.37134,-6.559684,-1.0680093,-11.880959,7.0379877,1.6290913,-5.165619,-0.10007585,4.883705,3.53609,-9.301261,1.2687584,-1.7298418,4.090121,-1.5451245,-0.89601827,8.027804,2.7494307,4.8809233,-4.5684505,-3.5639024,-1.0072762,3.0824995,-15.885873,-2.5238342,-0.496281,6.23305,-6.0583286,-6.7712407,3.474963,0.80798364,-8.627788,-12.150786,-3.5204444
230,13.40645,0.71279955,4.330632,3.1156764,1.7434927,3.1912384,9.363618,6.7055287,11.237428,12.365124,0.5112268,-0.28478757,0.9293925,0.7051426,2.3722517,-3.6799552,0.24057434,7.724478,9.232039,-2.4061143,7.1996093,-3.9924905,6.9043097,-1.9796251,-6.6573353,3.0894003,-3.774826,-6.7651687,2.0520084,11.643325,7.1853228,-7.709281,1.9669188,-2.0840783,2.4148767,2.3324242,-0.91108817,12.104076,-0.94711775,2.2741945,2.2212849,-2.727352,0.17914501,3.8235378,-0.87042207,-5.139937,5.0888543,4.1948876,-0.12505347,0.36334643,5.650724,3.3887043,-7.627711,-3.011625,-0.13136248
231,8.667566,-5.7544465,-0.33274797,2.3805337,-1.3323148,2.4782543,5.8500576,6.440972,14.405524,4.2991047,2.4936557,0.5386041,-0.42958686,-1.143802,6.267171,-6.759962,3.5856123,5.73424,3.633137,-6.4878387,-1.3566654,-16.081707,-7.937667,-10.959791,2.3503675,-1.5763397,-2.926482,0.63517606,-3.174754,7.3831406,9.135796,-11.823655,3.6918974,-1.7563716,1.2590024,-0.65722674,0.67577994,9.78502,0.6478837,-0.28044942,-3.2154634,-3.3929245,-7.306744,4.8354635,-11.154381,-11.887424,-0.6088728,-0.29413667,1.1213628,-8.089228,4.7992105,-2.0924532,-7.749239,-7.9397717,-2.4455888
232,13.057409,-9.713342,4.3713393,7.201992,0.13466118,-0.043581273,11.754366,7.3576846,10.625207,5.8788347,3.2398856,2.3817449,0.8734846,-6.034635,2.6252828,-0.9928903,-0.45066845,7.121439,16.569414,-2.444083,6.0939713,-1.991611,-1.8660271,-6.4209156,2.7903085,-2.0771186,-5.1849885,-4.390533,2.025755,7.6417327,-5.1196723,-8.530682,4.3518305,0.13434517,0.9306394,-2.868347,-2.2094166,3.4935234,0.25562638,4.42332,-0.5891615,-5.575276,-13.039272,5.165178,8.753957,-1.5213062,0.38721442,-1.9494243,4.8720407,-6.1515784,4.0846777,-1.1258323,-7.360393,3.34045,5.5745716
233,15.64635,4.8699985,8.466975,9.963352,7.096568,8.015357,4.467997,7.2506075,4.27449,-3.1699815,3.2931125,3.139359,4.0372324,5.87135,11.450634,-3.9439662,-0.6750155,5.2141256,24.667297,7.272253,6.8302064,0.35182494,12.307719,-4.558541,-16.210934,-0.93782574,1.6778249,7.529051,2.120157,14.250831,5.863761,-1.7059356,13.670316,7.478571,2.880361,1.0115236,0.13173412,3.6808505,2.8872995,10.142458,-0.22496282,-0.002317881,-4.890782,3.4946327,19.092442,3.8164463,4.0437093,7.3205295,6.567267,-3.5761013,9.534376,-1.4755824,-3.543175,10.430709,2.0366912
234,17.482557,-8.499593,9.584278,13.296894,5.9961743,1.4370211,-0.53282166,6.906465,0.6450347,0.1930561,-2.1756933,11.238619,0.5686354,-5.8883715,-0.5199258,-4.792286,-0.88583356,6.339143,24.505077,6.9728384,4.364024,15.926386,15.772094,-5.318631,-1.9991341,0.3327788,-5.4142313,9.958768,5.5642667,16.075981,-2.3770225,5.727062,12.313271,5.610071,2.3029795,5.0660615,5.346411,6.8345,-2.153926,6.0045495,6.470129,0.67253447,-4.2400203,3.183615,22.482267,9.298822,2.6588693,14.708804,24.204046,0.6998889,6.3298893,-0.043742843,-1.9121538,17.518316,4.055879
235,21.74585,-9.564774,7.2903943,13.7364,12.949413,2.5179255,1.8635482,7.7530794,5.351865,-3.23163,-3.2109175,4.115148,3.3437917,-3.1936305,4.003244,-11.677684,0.9912404,4.1639295,17.451347,6.517009,5.23288,9.844469,17.409628,-4.003401,-6.233134,3.7946458,-3.8270836,15.960757,0.5959916,15.669209,2.5076888,9.980772,15.572219,12.673121,0.51243263,-5.358786,4.1777024,4.155808,-1.3299052,1.3420079,0.58888334,-4.1288104,-2.0816185,4.0858345,21.159338,12.2808895,3.2262452,12.078401,12.129258,-5.0835123,7.908405,0.87469476,-2.5425262,18.57212,1.8909228
236,22.393866,4.682817,11.808341,19.343906,14.315509,6.8575597,8.248857,12.831969,9.302672,3.5883882,-0.16650489,21.04858,4.064822,-3.3652709,2.5708725,-6.6120477,2.0250206,6.1538324,25.567606,13.717028,9.018426,26.426817,17.922276,-0.8472599,-2.6134846,1.698138,3.0568833,20.157663,10.101022,23.472162,-0.70063555,16.623493,19.685198,15.198329,9.184152,6.027615,6.989487,7.6203065,1.3914287,3.100699,6.486823,5.538305,-2.036798,5.030481,29.55608,16.810616,5.5486546,14.457717,28.489876,-2.4858642,3.8727236,10.609746,4.6869254,20.96845,11.885744
237,11.826997,0.7667309,9.248664,14.283461,13.03389,7.6209292,16.340397,11.312588,11.918204,2.9735234,0.20900725,18.252048,6.9439497,-3.1013205,6.471261,-3.2295794,-6.9188704,5.146131,11.447572,15.108783,5.0921555,13.430424,11.742113,-2.3957393,-4.609084,19.340528,2.647534,20.186016,6.855805,17.181305,2.8642395,16.207718,14.590599,10.634041,2.2197323,3.5631,5.4038095,7.265772,2.2576876,2.2762358,3.043223,3.3622832,-2.2382724,2.1585507,27.63234,14.413011,4.6163235,6.502756,15.93991,1.2870587,-2.558324,10.597883,3.0158904,8.848915,4.6463046
238,1.7749422,3.5445933,5.3465557,4.663808,4.2820187,5.290594,9.967049,7.1011367,12.775501,2.8532345,-0.7894088,19.242485,5.3127975,5.86668,2.2480788,-3.7299097,-4.2359104,1.0840449,-0.7742789,10.214503,6.656147,14.585658,6.693337,2.4055996,0.9480441,19.63008,6.238822,-1.3999834,2.0860124,2.7414,0.6623992,8.266775,2.2012103,1.8133664,-1.4089693,1.2278839,1.881622,8.377,0.5294718,0.56219244,2.8651423,-5.7411523,-1.1296676,-4.3625293,13.37833,8.603078,2.388538,10.367811,-0.4816094,3.000024,-0.96714205,13.154487,3.9372394,12.567035,1.0011219
239,-13.788846,4.274728,-1.3559937,-2.0549307,1.1800371,1.7745117,6.8234787,0.13164309,1.0276793,-3.4573433,-3.113858,3.1810353,3.9628012,-3.0602565,5.5466366,2.3742423,-1.6906358,-3.2065368,-14.57157,-3.098653,2.6300056,0.15046549,-4.47682,-2.2612057,-14.538651,10.984101,1.0871722,-12.614285,-1.0130684,-6.1483827,-0.43326458,-0.7843285,-2.761729,0.6776283,-0.98286235,4.9260893,2.478909,1.8578143,6.8576727,7.641943,3.0804317,2.781047,1.2457353,-5.6843014,-4.277773,0.8249017,-2.1109822,4.2067037,-8.957035,2.766382,-4.18565,8.342688,3.20866,-3.655177,-6.280991
