Timepoint,1,2,3,4,5,6,7,13,16,17,18,19,20,21,22,23,48,49,121,142,152,153,154,156,157,158,159,160,163,181,182,183,184,185,186,187,193,196,198,199,201,202,203,229,301,322,332,333,334,336,337,338,339,340,343
0,-8.890239,12.237481,-2.5602007,-5.4796996,-2.9641912,-7.334584,-11.453683,-3.2134721,-6.193458,7.8258677,-0.43324256,8.824876,-2.0596514,-12.237834,5.2197857,8.365843,-2.4368405,-0.7837975,-6.0287046,0.8361764,-1.3735718,-7.6548886,-5.8808637,3.1404102,6.327516,3.1497543,5.8056855,4.2481666,-9.307975,-5.2721643,-12.661,-6.2907386,-2.8987243,-5.0399837,-5.1708064,-10.693429,-5.6659875,-6.724273,-2.6654735,-6.401393,0.8827612,0.2735766,5.432205,0.36709777,-6.699248,0.3310833,1.6183244,-14.676072,-24.476316,-1.2898519,-3.907324,-2.42706,-2.6637917,-12.001425,-6.279693
1,-5.8601775,15.774769,12.314074,-5.3898745,-1.5025848,-5.8834314,-17.309633,-1.2680056,6.962783,12.1672535,1.8732424,-4.439687,2.0516913,-10.963703,8.439837,3.7557847,-0.4820728,0.15749964,0.8725091,8.289594,-5.094868,2.3231258,-1.7430693,0.82095486,6.330936,9.354403,0.09044301,7.936052,-1.1090181,-2.0322,0.32949272,10.971821,-1.3843067,-0.9325736,-1.2080767,-14.98772,-0.40196696,-0.85585064,0.13988292,0.9854109,-2.3112075,12.054946,1.9190259,4.560805,0.8667411,3.8823276,9.013976,-6.0295973,-4.8359866,-1.3966858,3.4628654,-8.389419,-2.3117127,-8.356382,5.171182
2,16.037529,-2.453222,15.654123,12.484207,10.098038,4.214548,3.0309818,5.337525,9.073132,15.688782,8.82755,6.6177964,9.794599,3.7111826,4.461241,1.8067662,1.4014789,5.5833626,8.81413,13.501625,7.7615113,12.255794,17.514433,7.8275228,11.439731,7.339814,5.757203,26.778772,16.470875,13.085507,6.5674233,16.701262,16.337698,11.177299,9.636473,0.64815366,9.382822,11.731072,15.118283,10.53147,8.885763,20.900288,3.9819226,7.8505316,11.486525,9.737135,15.575759,10.628071,5.99236,7.3491955,2.8971891,3.3236175,8.031698,7.844472,17.354118
3,18.903261,8.763018,11.366888,19.347546,13.697844,13.474745,15.940517,5.9606943,7.4849844,10.438557,13.964748,14.99198,11.874488,1.5287355,14.031767,6.152613,2.0603719,7.035829,12.378509,9.419643,9.784937,9.666046,16.429352,4.126378,19.74116,15.92835,21.357712,32.23035,11.526506,16.286884,-1.5823859,9.429726,21.795828,13.006397,16.743114,19.504755,13.024262,13.255539,20.15081,13.400458,10.18653,19.414165,10.165034,10.34864,20.651556,8.901775,10.53586,4.8773174,16.138906,7.967408,7.59515,11.352226,17.115133,1.4824581,18.70356
4,16.596172,8.087923,9.561998,17.102308,9.2234745,13.829991,14.894835,0.3143943,-2.6945903,7.9962277,12.014494,13.389738,6.6006083,-1.839025,19.47235,-0.7786902,-0.18904051,6.3503165,5.3538237,3.192878,7.69478,10.128758,19.886255,-1.6829818,9.348965,16.928497,20.38073,15.781082,8.569273,10.592222,-3.5738406,17.23443,16.068401,7.666277,9.489039,19.846825,2.4638157,6.5712166,14.062648,10.236257,10.122597,7.7345862,4.7904186,6.8977532,10.637903,4.1827345,7.365374,-3.7866642,5.209433,-1.5095767,-0.07845496,12.09557,6.631359,-5.2665195,8.961715
5,-0.4591627,6.654772,1.4368354,-0.22443953,-0.44256753,-0.048303,-0.40419042,-3.0894287,-4.0579367,3.5786285,-0.0043265624,15.619553,2.9396007,-9.355351,2.9785092,2.7957664,-2.399031,0.13133346,-0.8701196,6.6069403,2.9226828,2.916321,3.3896751,-1.4401417,14.482658,12.001373,12.469294,10.184613,-10.696779,2.560798,0.78390086,4.2936835,2.887805,-3.6246102,-1.8261188,5.1597614,-2.2683225,-0.6307124,-0.577185,12.142116,0.9147705,1.4172827,-0.45440328,-0.028723327,4.71602,-2.1584244,-1.450774,-10.267528,-12.110263,-6.7721314,-5.496175,3.5550966,3.6562114,-10.785207,-7.5667114
6,-5.6151953,7.477607,-1.2680423,-8.332338,-6.539311,-8.152418,-15.461571,-9.342388,-1.0984617,-1.4643542,-3.1415293,-2.987356,-2.5846453,-16.012909,-10.138836,4.4360003,-5.028562,-3.2261813,-5.0898657,2.1973526,-5.883058,-5.311854,-5.036627,-1.0084834,3.1941025,3.4798863,0.56033486,4.6766696,-11.158448,-5.796089,-7.5871305,-4.6675434,-7.2809615,-10.572706,-6.928502,-12.516346,-3.2462943,-2.1131096,-7.545947,-2.8674042,-8.425471,-1.1042849,-3.764171,-2.377391,-0.46916583,-4.461269,1.2965227,-7.848942,-14.887633,-13.276156,-8.2658,-2.505938,-0.05956486,-6.843071,-5.3313828
7,1.1850947,1.047967,12.249386,-0.63106626,0.30791202,-3.8639388,-13.8268385,-0.14303969,7.7412934,6.431046,-0.52304417,2.8898585,1.0594436,-1.8123002,-4.004486,4.452836,-2.737447,4.4640017,8.3666725,2.2858803,2.2256997,5.0897574,7.684946,-2.3502197,5.163046,10.441017,3.4556437,17.19313,4.706641,3.658446,-0.4874042,0.21005774,4.5117855,4.5722404,7.8390484,-4.897551,5.972208,7.0044107,8.33467,10.679922,2.989154,11.509557,2.3967216,2.432254,14.35365,5.6162944,6.07989,-1.281379,0.23655802,10.8918705,13.304435,0.054282345,3.6118073,8.7792,8.135372
8,10.542355,-6.3095675,6.609267,9.502718,6.573122,0.6582864,6.7183576,5.7678094,4.746325,6.6489367,8.439467,9.768166,5.8731847,-1.2573264,-13.185543,-3.9734082,3.737698,3.9888594,17.751236,15.112548,3.5138967,14.173914,20.967978,6.1756535,7.9998403,3.0483737,8.154428,25.91131,12.256426,12.162064,-2.2368112,6.8589973,14.159469,13.391262,16.958694,7.5724688,10.099564,12.151543,14.20176,8.616015,13.136734,10.93993,3.9418697,5.960345,13.489259,6.6205745,10.936271,5.5246906,14.15788,-0.55902094,6.6650267,12.074932,10.88742,1.1343513,15.606827
9,13.219431,14.551971,3.0056994,11.345769,6.054156,6.259319,13.668603,-1.2449123,-0.49778864,10.564515,6.078153,3.8825293,3.4509194,4.812725,-11.6140175,-0.93851894,-1.1275089,2.2138658,11.999093,7.037701,8.505037,5.626319,9.168206,-2.512363,11.4535475,10.459372,16.028885,15.695368,3.3057323,13.798813,3.3437195,12.972429,13.322566,7.5918317,8.653769,9.79105,7.4700427,7.9945107,8.538988,13.622069,4.941503,12.942879,8.471874,4.9050126,12.809887,10.828739,3.6005692,-12.31105,8.983983,0.65576035,1.3804513,12.726801,13.047937,-12.747373,12.944645
10,-1.1897544,6.769699,-3.736992,-1.9315463,-1.2482314,-0.044129945,4.13697,-5.125898,-8.43803,5.4103274,1.52477,-1.3041381,7.602159,-7.2265816,-3.1102836,1.6479326,-0.69205606,-0.82431006,-2.5502305,2.2467365,-0.7731107,-3.2728357,-6.273638,-3.269402,3.2532873,5.372419,12.54098,0.6982007,-10.066079,-0.34904724,-2.1800137,-2.1908128,-0.36596358,-1.4842347,-1.2540085,-9.389079,0.58878875,-3.5277145,-2.7984517,7.9903574,-0.020615568,2.618045,2.0734446,-3.2719042,-3.120661,-2.356341,-2.8880725,-16.309505,-9.584111,-5.0106936,-3.7448492,6.5428047,5.2122016,-14.217667,-7.9161363
11,-19.618664,0.83229524,-14.917912,-10.53143,-10.373145,-15.376966,-18.503162,-7.7459326,-7.042197,3.0480096,-13.757735,-1.0038891,-5.1933675,-15.021517,-20.106333,-5.7818985,-1.9117268,-4.923915,-11.366127,-0.06914151,-3.2499108,-5.4895563,-4.974353,-8.336133,5.3034062,1.7286208,-0.7225087,-8.105205,-15.867243,-14.860497,-6.993478,-11.447512,-10.988509,-13.585711,-13.156132,-15.338078,-4.42194,-10.580599,-15.563817,-9.9259615,-10.993167,-7.9910483,-4.8210754,-4.8027654,-8.283409,-5.3218856,-5.2170796,-15.865844,-33.025105,-13.392788,-10.58229,-5.5253654,-5.0635195,-12.932692,-17.390434
12,-17.391678,-12.7474985,-3.0199566,-13.87518,-10.134676,-13.685797,-14.99498,-4.3748965,1.517641,7.69116,-9.944912,-14.631796,-5.7159114,-14.666902,-21.855774,-0.7180575,-5.0417094,-3.6485083,-2.1923563,4.4755983,-6.414268,-10.160329,-0.40068018,-6.7086477,2.3320582,-6.6101146,2.1282187,2.6873193,-10.890474,-13.68663,-3.5514574,-13.064585,-12.254442,-7.1572065,-6.459607,-13.05777,1.5944484,-6.7243466,-14.019512,-14.908728,0.37947783,-3.9910393,-1.7442594,-4.7513547,-5.256422,-2.0071044,3.8699105,-7.6795597,-1.8839645,3.259682,3.0600028,-8.435768,-5.1408153,-1.2276894,-5.6616707
13,1.0947815,-0.69191796,11.074219,-5.5094104,-2.640768,-1.67628,-1.1247917,0.875079,-1.7299238,9.404882,-4.2439017,0.27424738,4.7285676,-6.39723,-25.488628,-4.427529,0.56845576,3.134304,4.1003675,14.661892,-4.748612,0.82711536,9.858426,-0.37498882,11.051597,2.9829044,6.03033,18.614702,1.2125486,1.7105162,8.1830635,1.7880032,2.8968296,4.715831,7.8636174,-1.8057383,9.588959,7.576245,-1.2572746,4.551086,7.1537833,7.2947454,2.4500248,3.8081083,-0.28033072,4.2326384,8.855152,-16.511793,10.902379,5.0334888,10.610481,5.6839,3.9453602,1.8768041,6.39005
14,9.750388,10.626706,2.8826122,6.77465,0.45399424,0.3653479,9.0501175,2.6067643,-0.8494976,3.5345476,0.15716441,12.800174,1.9401451,2.8042672,-24.179184,5.452294,-3.673111,5.194226,6.624202,10.038793,0.17341925,4.640726,12.287457,0.08929335,17.31809,8.650243,14.745075,13.219872,1.5108109,9.083662,5.766304,5.4967704,13.582678,7.654632,9.486877,9.516016,3.9093506,4.387701,-1.1317464,9.729689,8.917152,10.466321,5.597815,7.8913,8.384273,5.2674947,0.9087924,-1.7807956,7.4151797,0.37536183,8.116499,7.459841,9.684942,-2.6515348,9.161407
15,2.1361017,3.4624844,-10.744371,0.102935985,-0.04166111,-1.0889101,-1.7762828,-2.5805914,-6.0935955,-5.2701344,-0.032512624,12.920304,3.401412,-3.6646361,-13.819762,-6.070869,-5.015249,0.31632692,1.3426062,-12.833805,0.091607735,-0.46467072,3.772749,-8.0816,7.988029,5.8062925,11.977491,1.9775467,-2.3729413,3.27783,7.036295,-11.050156,5.328678,-0.88826233,2.2755291,5.0123067,0.33048862,0.6604351,-0.8935382,0.025528355,3.9409187,3.9029007,1.5988282,-1.2054466,3.4067895,-8.826524,-4.8766227,-9.356389,-3.2872515,-1.6020149,-2.3739932,4.8554482,2.8782403,-6.4200354,1.020049
16,-14.859001,0.7876717,-19.644703,-10.582588,-7.9848485,-7.3989882,-12.624105,-6.4387555,-11.873463,-10.326569,-9.501726,-4.4794087,-0.21055408,-8.012833,-10.387859,-2.715835,-7.1303215,-6.8448095,-6.032953,-17.314644,-7.341237,-9.189532,-7.873482,0.2659528,8.003336,3.101521,0.6812231,-2.5488732,-12.890192,-12.393463,-8.2771,-17.879692,-10.504351,-12.319916,-13.366834,-8.056156,-2.4900599,-11.495056,-16.97008,5.3138776,-3.4163802,-14.731504,-0.06251316,-7.317566,-15.74934,-16.666103,-10.43023,-14.519462,-16.181068,-2.454505,-3.8450544,-0.10303641,-0.6865125,-20.875725,-14.494042
17,-23.466171,-2.8261187,-12.835564,-19.449373,-16.378538,-21.420128,-24.730019,-8.68892,-10.956378,-13.352831,-12.120602,6.666004,-3.7008379,-15.780433,-37.87073,-4.924279,-9.297297,-4.689573,-15.666709,-19.707619,-12.411556,-6.0036373,-7.5646353,-12.766233,-1.4576422,3.2388413,-4.913999,-6.2398663,-14.934913,-18.581861,-2.311389,-16.423243,-20.89387,-13.098561,-15.993856,-13.77807,-7.0267596,-10.409459,-17.345404,6.965857,-13.673536,-22.156528,-3.9549553,-8.032207,-23.605772,-17.36676,-3.2562778,-19.682026,-17.211416,-2.1471028,-7.9121084,-10.805684,-10.734709,-17.830002,-21.633617
18,-13.910092,-5.2840824,2.5183542,-14.34268,-7.338251,-13.658297,-23.393953,-1.9028571,2.2581458,2.9510713,-4.968257,-0.8902166,2.3042684,-1.1816276,-38.112663,-13.8873205,0.098035865,-0.2507563,-9.2292795,-1.8215913,-8.085839,0.8030636,1.7467719,0.81109893,8.58727,0.29528654,0.37723234,7.4910545,-4.0832405,-8.697403,0.24865249,-13.875251,-11.950761,-3.9160802,-4.568376,-13.194012,-0.831747,-2.6808612,-14.221361,2.5404658,-4.367518,-20.687645,1.2367591,-6.5702996,-7.2038,-5.1321464,0.8134167,-5.162166,-18.190985,6.2992816,0.41380128,-1.2681922,-3.606326,-8.265451,-9.270103
19,1.3942367,3.5170028,1.0955348,-5.1823754,0.27996376,-6.2231894,-8.997255,-4.899364,8.6749735,13.576706,3.1998994,2.8514345,8.09338,-3.1058543,-22.058205,2.649913,1.8766189,3.2585742,-12.90493,8.241344,4.822259,-6.1111,10.776031,4.850783,8.084569,2.566486,9.099289,10.311702,9.803483,1.4728148,5.463479,-1.5695187,-1.221686,2.640006,-0.6682752,-7.3859663,-2.4293196,0.68114054,1.085315,-3.8428354,0.18102245,4.942638,8.243208,8.171921,-13.748452,-1.8415004,8.032748,-10.146255,-5.608282,5.1085067,1.6202128,1.1347623,0.31974825,-0.19547613,9.094927
20,-0.4295427,2.713923,-2.340901,0.73961616,0.42633823,-1.8125206,-4.687682,-9.762478,-1.5494915,13.359764,3.5175774,0.2250601,3.2795126,3.412417,-8.943043,-2.6975896,0.67900395,5.962873,-5.5837755,7.931982,-1.2879412,-3.768768,-1.9701785,1.8504298,10.773366,5.3744116,5.4848614,1.5795537,-0.7525135,3.9132674,6.007645,-1.4590484,6.1109624,2.9129224,0.47868034,3.4785635,-1.5110444,-1.646184,-1.9962279,-1.1360171,-0.6293896,-4.188495,6.6277223,9.146122,2.8854258,3.3259332,8.269137,1.4021907,-7.1552796,8.194852,7.3502336,5.53404,4.775924,-1.9653648,5.8923073
21,-14.382746,-1.7375587,-7.702823,-11.940257,-7.762407,-13.021905,-16.422253,-13.861278,-10.806903,-0.3292155,-8.262641,-4.940656,-3.4744956,-11.605245,-8.7333975,-1.1829324,4.5599623,1.6912862,-17.006035,3.4988616,-8.827795,-8.168081,-7.321555,-12.009759,2.9252594,1.5225902,3.5696676,-7.158219,-12.840826,-5.6348705,1.1139716,-1.6532564,-7.971234,-8.343461,-11.14518,-4.5262384,-5.159488,-11.815737,-16.679516,1.2718536,-10.939405,-14.568855,0.019436892,3.2352686,-13.537272,0.09237921,-4.1868324,-6.028237,-15.679516,4.360685,2.5306551,-1.2422593,0.7804955,-5.210232,-8.113972
22,-20.27789,-6.6693997,-2.9513006,-17.144484,-12.371944,-13.2252445,-17.46773,-12.367,-7.5573106,-3.5097697,-10.756025,-7.0444536,-11.537792,-15.020122,-21.53374,-6.970922,-4.3423967,-1.6034791,-13.02027,8.3640175,-7.7451425,-10.300242,-9.612999,-6.083707,3.3410773,-8.763515,-10.568503,-7.615233,-10.632109,-11.975366,-8.980106,0.67379093,-9.948286,-8.529618,-13.713032,-11.650295,-7.17165,-12.22087,-10.717361,-8.391993,-11.999111,-7.409006,-6.3106647,-3.9838185,-19.016842,2.2629597,2.0931914,-8.136591,-7.499013,-7.9939637,3.9635446,-7.3199663,-11.993682,-0.78138167,2.2199807
23,-4.4267735,-3.8819969,4.342598,-6.3095675,-4.153857,-2.3673267,-4.059771,-7.1877627,-1.0450162,-2.1207128,-6.2935734,0.010826576,-5.238303,-7.233586,-11.629468,-13.519307,-4.1433935,0.32957983,-11.841456,15.414651,-2.1134005,1.6679561,13.424828,-6.112661,9.700675,-4.4760027,-5.501543,9.704783,1.4416479,-2.4653504,-8.078362,9.330564,-0.2841837,2.3608687,3.083976,-4.8882914,2.107594,-2.6221387,3.6261122,5.7280855,-2.762537,-1.3090004,-9.07982,-5.1651998,-11.590904,12.066379,8.838911,3.7328806,8.571291,4.1026664,1.6350003,-2.5480444,1.4074535,2.4543025,7.5870576
24,6.592407,13.576524,13.583007,4.7387695,1.9947609,-0.53796035,0.4289467,1.1757511,1.4905843,0.48897943,3.2034614,1.4994096,4.1942573,3.1663637,-13.096242,-0.7939032,-0.050783172,1.3706088,-3.1836452,9.203516,9.441983,5.4522705,10.344544,-1.5196445,12.527454,5.8875628,4.252242,13.21592,3.8297412,8.85866,9.475605,10.165273,8.933361,9.0197315,7.4565477,3.943554,5.950515,3.307546,7.689217,10.180843,7.723699,-1.8505008,3.4153006,1.477152,8.740575,12.741118,11.9194765,9.740935,8.497251,4.956189,6.8753095,8.705756,1.4179153,-6.7573853,12.324737
25,5.946223,25.532253,5.5255027,7.772796,5.5962706,0.36894327,3.1128118,4.0285,-6.45821,2.954811,3.113293,-0.9459795,5.284092,-4.065568,-8.496591,-0.28314283,2.0818188,1.156339,0.5152938,-0.9591023,5.9838395,0.8769297,-2.508811,-3.817705,7.274169,4.599621,11.348888,3.9079502,-5.975545,5.6996803,-8.632981,-0.09916331,4.357702,1.4021174,-3.3171923,4.809275,2.668848,-3.1119988,0.5944741,4.6367755,-2.0318823,-2.9212914,2.05693,4.014243,5.825403,-2.7474117,0.63506126,6.1617036,-3.6736784,-4.3903565,-3.2901218,6.6881485,2.2282252,-8.177051,2.6089966
26,-3.7377007,-1.2458413,4.415813,1.1695166,-1.0060315,1.2648203,6.027185,-2.75113,0.8205902,-0.62695706,-5.2511883,-1.2864411,-5.893867,-10.028365,4.302393,-2.8733785,-6.599677,-3.0586529,2.6230562,-3.761313,0.42524272,2.2255933,-5.4218845,-1.7874583,1.8169521,5.6481776,2.4126556,-5.2909718,-8.982341,-4.3155794,-12.425302,-2.7803924,-1.9571723,-2.8621564,-5.386113,5.420255,-2.7183785,0.2151016,-0.7879384,-0.8052511,-5.51042,3.275506,-0.015165995,-2.736012,-7.77674,-9.272444,0.061136495,-10.006376,-8.615311,-5.068667,4.868087,-4.243413,-3.6681366,0.031786237,-4.694106
27,6.4060736,-1.3091878,8.598295,8.72059,7.272697,4.5653005,8.881537,3.1274853,4.9013834,5.986178,5.5579405,-2.181869,-4.148764,-0.8181008,4.1533318,-4.6644354,0.54499036,-2.1779997,10.543559,3.7133594,1.7948265,11.158842,13.272426,-0.75947845,1.627149,0.9515587,-1.6922033,12.372343,4.4653425,3.957894,-1.7696216,-2.1437411,7.4465175,7.3040795,4.6655717,8.491985,10.468388,8.197592,8.30349,5.8701854,3.8043277,5.368198,1.4705932,0.33281943,0.20821999,4.464178,13.729847,8.074171,-8.351074,10.071965,9.164569,1.8233846,1.4471984,3.7034738,6.6518235
28,19.908588,-1.7825847,12.5079565,14.490887,12.642997,13.133907,14.957849,12.237629,0.79284674,10.030494,6.6112833,0.3531701,11.76456,7.198581,1.4802082,-4.465334,-0.45853728,5.329119,25.471304,-0.3697864,11.491489,13.417135,12.03467,5.6142817,6.0742855,8.176532,8.623645,14.377375,2.0115018,15.699624,1.1349597,5.2613854,11.362563,8.40856,6.4026985,14.521064,7.1419024,10.803932,6.696166,18.390106,3.9955964,11.085467,3.8862004,1.9455382,18.432623,-2.6203597,3.0098054,14.356778,0.6127262,6.6262937,8.57125,9.303219,9.727733,11.177841,3.819619
29,5.8753476,7.1223054,0.6441343,7.092963,5.016775,1.0417,21.004684,3.111363,2.7673938,4.6340537,5.7616715,16.930315,10.152246,-0.6702492,6.4781384,-4.1844516,-7.112222,0.8637003,9.8530245,-0.26034677,4.9981475,2.769507,7.7891293,7.6636057,0.33462018,14.776999,8.066081,-0.94266236,-13.083617,4.018565,-0.5809799,-1.632013,5.999855,-1.940843,-2.168567,6.8633947,-0.93779427,4.520744,2.3317273,-0.42681018,-3.9230943,7.6785736,3.9257,1.6847287,0.87355864,-8.201129,-4.78402,0.9489754,-4.8299847,-6.6406755,-2.2097337,5.7588015,1.9013625,-4.8016977,-2.8979416
30,5.0813336,3.4085522,0.16054332,7.0565057,4.4883842,5.1540313,7.641,6.0994725,3.4024312,1.3932608,3.1023726,4.4761167,0.09314986,-2.639903,4.644509,2.8518314,-7.060143,-0.482363,12.038874,-4.172758,0.81695575,2.4746404,9.06866,0.9843443,-0.22744367,5.8838754,-2.104768,0.033117637,-1.998946,4.882567,5.288647,-1.1805958,8.745046,6.321142,6.218836,5.189995,4.7845106,5.7081504,10.728417,-0.25316092,0.5976774,9.121326,-1.2180812,-4.056798,1.909348,0.8854305,3.3685331,6.6181865,3.0927124,-5.845105,4.320605,3.3333316,2.1721294,7.046794,3.851833
31,6.3724647,-4.057854,6.723143,2.9708529,-0.12999043,-1.2513758,-8.714271,4.7627535,-7.077109,7.2799015,-1.6976871,10.300228,4.293811,-0.6037784,-15.709342,-9.049831,-2.3725615,-4.915037,7.4757533,-2.1517978,0.7930547,8.600976,3.5420785,-4.438105,2.5153058,5.7483797,2.6020274,3.820221,-3.729251,7.390562,1.770169,-0.36913583,7.0558105,2.9151232,4.6200676,-11.395562,6.688461,7.764808,-2.4352477,11.223821,2.8661532,-0.65200967,2.754686,-1.9909693,7.477533,-1.9292058,-4.5662136,-8.292208,-7.855229,4.281011,-2.1145756,3.1091716,2.1749046,2.5683255,-3.9171293
32,4.541179,-2.4214582,1.4277096,-2.2484796,-2.6141908,-7.493658,-12.020852,-2.2074718,-5.26712,8.700161,-3.1183875,10.1677885,2.0474715,-6.8857403,-19.15262,0.26289132,-1.6497306,-0.8564254,5.762531,-4.41116,3.444001,0.9456869,0.39786276,-5.911856,-4.6944375,8.200348,7.184394,-5.890565,-9.120958,3.5721698,-2.7391396,-7.325205,-1.4676281,-5.068278,-3.0399377,-17.39061,-4.028634,0.15196201,-4.115605,-4.4632373,-3.3442838,1.6517857,-3.712115,0.085929886,-0.26023522,-3.0905693,-7.670043,-11.174783,0.08935912,-6.542194,-4.5824895,-3.0100415,1.2947254,0.9657535,-5.4572754
33,-6.4916596,-17.763632,-1.9689838,-8.649219,-6.4722133,-6.9409375,-7.114296,-1.2083985,2.0320325,4.726282,-2.4713318,-4.492371,-2.2302341,-12.760962,-7.769587,-6.572636,-9.253212,-4.3414574,-0.4019193,-1.9959093,-0.3626665,-4.6655173,-4.134253,-8.184555,-0.046571136,8.29216,-0.26115218,-3.12201,-6.37895,-2.6115582,-2.935116,-7.6334705,-4.104356,-6.6499004,-5.565605,-17.992178,-0.63826835,-4.152722,-6.371276,-9.009881,-2.2284775,-3.2554948,-2.6354034,-5.8591194,0.5784545,-2.8725424,0.9338458,-13.059319,-14.866025,0.11105093,0.56834847,-1.9693524,-3.374044,-22.114225,-10.813986
34,-8.175257,-5.3514724,8.438981,-5.229513,2.7025414,1.626298,-0.30875638,6.4804816,2.7021506,10.062152,-1.3771865,0.5247722,-2.992958,0.46953884,-7.5980816,-0.4203259,-0.4668516,-1.8648356,3.4021685,2.898682,3.190223,3.6687355,10.867958,3.8563042,8.603896,-0.08041863,-1.7507447,10.666295,7.5421376,-2.7883945,-7.650868,-3.5301175,2.5873117,3.7858891,5.356029,-9.004428,3.092848,2.426928,5.117729,5.3109045,1.08744,1.7281772,-0.7135348,-1.1813252,5.63795,-1.9762455,3.982754,-4.411679,14.790426,-1.5815879,0.03128228,-0.3780015,-1.9284644,-2.849922,6.3619146
35,4.703983,10.152686,10.615634,3.5518503,9.165478,3.308724,-1.1048316,5.343128,2.533066,2.6368878,4.7003922,2.958735,5.282181,9.496475,-11.086946,-2.9868848,0.3492947,1.6349931,4.4347563,2.3818371,5.8907323,9.303425,14.722079,5.4402876,8.01114,2.442888,7.107788,3.5705986,8.148055,10.473769,18.043602,1.1513538,10.831474,10.675495,9.217668,1.4989796,8.025455,11.870116,12.626891,11.009153,11.727165,4.926489,8.523579,-1.0861646,6.2331405,2.9283252,-1.3247707,-1.461076,2.7067015,9.59209,8.009357,8.381641,8.4631,3.6880298,7.381268
36,1.5188084,12.425006,-4.9095373,-0.5845069,0.9021859,5.098636,-0.9810086,2.7015634,-8.911976,-0.58332485,-1.8244958,-1.3969121,1.125548,1.4612517,1.8629503,7.7256985,2.0039752,3.6381018,-0.06244336,-1.4034457,1.6452801,-2.2513657,-7.0484066,0.88552475,0.74731505,9.1852,7.682627,-6.4851394,-8.135977,1.4254733,-2.758831,-7.326691,0.9222399,1.2861798,0.058831424,-1.7741089,0.968898,0.44529492,-1.3041674,-1.499121,7.341125,4.60855,4.448029,-1.5684099,3.3433883,-6.4665484,-6.490827,-13.091011,-4.775587,-4.91637,-5.0531693,2.922197,4.199364,-10.819411,-4.4704943
37,-10.866998,4.7191257,2.2189784,-9.252844,-4.397517,-3.9450247,-9.793203,-3.0737445,1.3778305,-5.118646,-3.9925997,4.095518,-0.9244208,-5.2831807,-5.7018237,0.8341068,-8.463711,-0.38579142,-0.14694895,-4.5771904,-6.669552,1.1676614,-2.9429777,-7.7723417,1.2189517,-0.45383176,-0.024187885,-1.9989784,-9.190868,-10.792578,0.06477888,-2.5977933,-10.098101,-4.898704,-6.7867565,-2.8466396,-2.81507,-2.3563273,-2.6338878,-4.5391603,0.57463324,9.229332,-3.349791,-2.9799383,2.6380045,-5.9210415,-1.306234,-9.651002,-1.5956156,-7.461121,-1.7480425,-5.036311,-6.5691533,-3.3037915,-6.424297
38,-2.2813008,0.6374995,12.058869,1.044787,6.172276,3.375025,1.002922,5.7084985,3.711165,-2.967745,-1.2353537,6.4636054,6.66251,-0.5207473,-11.846787,-4.1516976,0.77458614,1.2399725,7.771192,4.795335,-4.461417,9.088147,10.866549,0.5416183,8.177052,3.2220557,1.7335415,10.515005,7.8629,-1.5374824,-0.8447255,9.750772,3.5658882,9.737292,9.166473,1.9946085,5.734361,8.541862,4.728031,6.0064106,8.930149,8.579843,5.309461,2.4834337,6.646076,2.6791954,5.883416,5.601169,11.749998,7.045411,4.8093615,2.1461463,4.9053435,11.366407,8.207183
39,5.2693105,9.377569,6.6348095,4.7721443,8.750604,6.571365,0.60173804,5.0168056,-2.0051627,2.0644953,4.3610816,3.62502,3.853368,9.260512,-12.093651,4.8343267,7.786459,0.11525954,17.00643,10.754298,5.7226424,14.420053,10.856793,-3.818409,4.099351,7.2404394,4.463894,14.626868,7.773979,4.9026713,-0.60477954,8.472234,6.85839,10.007129,10.328681,-1.5820019,9.068461,6.623037,6.382286,9.3914585,12.448149,11.23535,2.7957156,4.208767,7.3976564,4.456653,-4.5687213,8.080857,15.259966,6.311939,10.356765,9.991186,9.430343,9.079684,12.378822
40,-0.8511961,10.297282,-4.1029186,-2.1872838,-2.218404,1.2978107,0.8318317,2.8697355,-8.123495,-1.4953222,-0.32054374,6.077212,2.4161756,0.4014758,2.3889165,0.06760888,-1.1198064,1.1957828,7.7762065,-2.558905,-0.7391906,7.634943,-4.9180784,7.1336365,-6.2463713,6.168745,8.414231,-3.6693115,-6.9788227,-2.4704182,-7.79929,-4.5801487,-4.2367268,-5.0654454,-5.2761073,0.39907148,-1.5252683,0.5088795,-4.701742,2.8053424,3.849652,4.4214597,4.7069335,0.2061824,5.2820816,-4.0966954,-4.9736366,-2.3575494,1.5755256,-8.449518,-3.796476,2.3927019,3.2520268,-1.4551185,-6.4482064
41,-17.366283,-2.2633843,-5.464603,-14.895575,-14.095192,-9.222283,-19.386894,-4.4077716,-7.0752254,-3.5333617,-8.121333,-3.405057,-2.8314273,-8.300242,-7.9054155,0.610832,-10.988799,-1.4842482,-10.243993,-5.592518,-2.8036966,-8.883953,-10.095604,-4.354304,-4.8984046,-5.0649033,0.41373697,-15.307599,-17.129019,-19.976542,-3.2780106,-12.127898,-19.572903,-12.826033,-13.9732065,-21.451176,-7.886041,-5.056181,-12.646688,-5.497629,-4.7205887,-8.697738,-6.17557,-3.0669034,-3.8646812,-8.776902,-6.158789,-12.6479435,-15.624314,-2.385117,-1.8077759,-4.836522,-7.2001133,-13.276847,-17.940224
42,-10.094018,-4.2100945,1.007746,-9.47443,-6.204637,-3.6592531,-3.781581,-1.6600381,1.5993348,1.015744,-6.3436303,-5.7526293,-0.18689665,-6.648842,-9.309749,2.3344722,-0.29971337,-0.8955932,0.30597517,1.7554766,-2.1979535,2.6916323,2.0757031,0.6740338,2.240638,-3.7139745,-4.499205,7.8142653,-2.7321362,-12.166558,5.529607,-5.6472063,-9.511652,-5.540228,-1.8177326,-4.7023787,-1.8069863,0.6056855,-0.14916219,-0.5369216,-3.282843,-3.2365484,1.2952812,-3.1632352,-15.093261,2.5012317,6.8888607,-7.8551745,3.9722946,3.4241047,1.3872117,-3.5751328,-1.6878438,1.8285308,-4.9678974
43,0.9420374,16.66859,4.236984,-1.462591,1.7776296,2.9057102,1.994462,3.9215965,3.8774588,0.9492191,-0.44457752,-1.8933123,0.7604337,3.1482701,-6.2938347,-1.44352,6.451546,2.207294,8.557399,0.5902253,2.2850144,10.317017,7.0222425,-1.1329162,14.474561,-6.106916,-1.432406,6.4337277,4.467801,-0.18229835,18.265524,-5.6433234,2.6001668,7.444316,6.468143,5.117729,3.179542,9.520983,3.6116235,2.6079874,9.190823,7.617831,6.194565,0.7021611,6.4692492,1.944847,5.7534337,1.5474819,14.665748,4.1224937,8.869558,1.1392896,4.8357687,8.484354,5.814496
44,7.1064067,13.581813,2.0023677,5.0641136,3.7808275,0.2317443,5.7939453,2.6983936,0.74874485,4.0601716,2.5361788,12.107722,3.9486406,3.7076342,0.60272485,6.3339305,-0.6788788,-1.0974212,13.479267,2.8529584,7.152869,9.766611,14.986387,-3.7034197,1.052823,2.3693569,3.329733,6.406103,8.338614,2.5640428,4.832494,1.3944207,6.115008,6.847538,2.3608456,9.074744,7.8991075,7.430397,10.945397,-3.8616834,4.956849,11.430843,7.2470827,2.97493,3.403592,2.9600968,-0.023793006,1.2587806,16.636776,-3.1158452,1.7080011,6.51947,5.6432123,1.3721709,7.071746
45,1.7413027,-2.3026032,-4.323913,-1.6353364,-2.2997491,2.2902226,-2.234283,-1.281626,-7.4019637,-2.8584013,-2.1450245,6.837003,-1.1236494,-3.785904,13.233714,3.0440168,0.52843225,-0.0413269,8.281357,-7.2269406,1.767696,-2.139983,-2.8016236,2.5487995,7.1241374,0.9390259,7.2800484,-8.10607,-9.567668,-2.4102726,11.703968,-2.8996718,-2.423596,-3.9696295,-5.428552,-12.047877,-1.0917966,1.9050578,-4.339335,1.2561872,-1.358714,1.5687485,1.7728763,-4.2429867,4.9650116,-6.7872877,-6.6245437,1.7594829,-4.919353,3.7665117,1.7861079,4.2819586,4.3225985,-7.9859266,-10.0391245
46,-11.982241,-0.9064663,-6.6293907,-12.2949915,-10.926951,-7.2391286,-7.361657,-2.6311352,-7.77516,-6.8310213,-11.789596,-9.807521,-0.21684374,-11.899876,-3.11603,0.83842635,2.623988,-2.0825448,-1.2127119,-11.0248375,-9.934259,-11.66173,-15.917776,-9.662765,1.0098841,-2.456346,-0.1582399,-13.867936,-19.716942,-12.722155,-4.662549,-2.5196745,-14.312559,-9.300175,-11.687417,-14.49815,-2.7657304,-2.6930661,-12.355943,-15.754085,-4.2454166,-5.155212,-7.260899,-3.8299818,-2.7879925,-8.096518,-6.2491245,-9.486105,-9.952542,-0.0010728178,-5.103591,-5.1404166,-4.759636,-2.4409854,-13.919632
47,-11.486254,-4.967406,1.7088119,-10.351608,-9.391268,-6.3532333,-8.485436,1.2145811,2.0324554,2.5275319,-5.8741064,2.7271373,-4.573039,-4.300717,-1.4453583,5.437491,5.714343,1.5978365,-7.5497785,-4.322421,-0.11610614,-2.285076,-4.2936745,-7.0190296,-2.158455,-3.815926,-4.725826,-11.278995,-4.307848,-10.907532,-7.9090767,0.39665082,-13.042391,-3.798678,-5.7494445,-0.58259416,-2.0162902,-2.7796965,-3.2870867,-9.34354,-0.4557538,-1.3750257,-2.5432935,-3.967128,-5.8942704,-1.4150612,2.5092707,-7.1258216,4.272099,-0.548027,-4.5715046,-10.034192,-4.413503,5.467101,-6.760545
48,2.3215544,10.579465,4.4803343,-1.7637262,-0.081356764,5.051994,-2.5074627,3.8262234,7.528755,1.5372555,-0.13947229,6.067578,-0.6165587,2.5092368,-2.7599745,4.4165697,2.1718798,-0.23849384,-1.0631719,0.6075385,2.2289994,3.7767596,5.9968195,3.6427135,-2.4886827,1.6878216,1.3140894,12.233978,7.095641,-0.9433466,9.637536,-2.208091,3.611159,6.118472,5.9145155,6.5754976,3.8882298,5.5652146,2.8482516,4.4037786,2.8360255,4.5081253,4.323685,-0.8905775,0.66572917,0.13282922,4.7524486,12.584315,8.359986,4.4118414,6.1360364,3.2051098,0.8004892,10.7152815,10.867392
49,6.6269817,4.6984377,1.6777844,6.8922734,7.8667326,8.650504,4.0794168,9.34904,5.2599688,8.625277,8.577389,8.605129,-0.72463197,7.615241,12.183983,8.626885,2.4810152,2.6618073,3.2123313,-3.1580951,5.004628,3.000935,6.4961667,3.2745316,1.4361722,5.0267286,6.32606,1.8700387,6.7682934,1.2118403,3.5548491,1.0553908,6.9035544,5.5924945,6.4060254,7.463355,5.2836285,4.682955,11.344881,7.5505066,7.472931,10.600893,8.833922,0.5516144,-1.400682,-0.32731232,-0.8408735,-0.2874812,16.82196,2.139003,0.6783005,10.617524,4.6104774,7.5613756,8.565393
50,2.4389505,-3.1001384,-4.0070047,1.024244,-0.25277305,1.6236444,8.714747,6.130476,-0.15085739,1.8225473,2.1489694,10.178718,5.2711315,-4.987251,19.615969,9.974892,3.6657443,-3.7713356,5.591346,1.4139471,2.5441196,3.215571,-5.3566427,1.7526051,4.6981235,5.8142295,6.3108664,2.7168143,-2.771366,-3.4462323,-0.6632245,6.464469,-0.8179055,-2.803321,-1.2245444,3.063563,0.71965104,-0.3131098,-2.7950115,5.048382,-0.091323026,4.6430707,8.086472,1.6933471,-1.9373637,1.5307893,-2.719741,-4.981282,7.9887123,-2.4879177,-0.039513472,5.0173044,3.3433225,-7.087266,-6.2580237
51,-5.8423123,-5.8913794,-7.4586625,-5.2269964,-2.9636638,-3.2467966,0.14253224,-3.133389,5.30679,-1.019146,-5.821705,3.7277684,1.2139668,-7.0684905,6.878029,2.1529267,2.8767805,-3.7552798,-0.36939666,1.9889901,-2.2414517,-2.779766,-0.40390024,-7.0932794,-8.055867,-5.1684933,0.86244285,-3.7486815,-8.107851,-6.0489655,3.729361,0.4434522,-2.5467203,-1.1444612,-3.0952284,2.2163162,-1.9677047,-0.053265713,-3.6847396,-3.7563987,-1.7920094,-4.3354793,-0.43216002,-1.3309261,3.4229307,5.5455647,-3.1947403,2.5995119,-8.068885,-1.2081807,-1.4588838,-4.917377,-3.3329442,-2.218072,-7.6413593
52,7.6056914,-1.4070541,14.22104,2.3974245,3.871129,2.5838315,11.18497,3.7653096,9.846465,2.0627933,-0.89949423,-5.7498918,-0.7714498,-3.0797758,-1.2106103,-2.788945,4.49136,2.1331809,-0.27272463,14.12914,0.8728444,4.2476435,14.891358,-0.622035,-3.0147302,-7.621754,-1.5657259,6.4840164,9.408704,2.7320921,6.9286566,4.856005,3.633372,6.715413,8.671128,3.2050965,2.3909154,6.297917,6.1032085,4.269687,5.49893,9.422491,8.645357,0.49306932,-3.50105,11.56332,9.130471,10.19144,18.536627,7.9924088,5.9811215,1.5333859,6.2294135,1.777251,9.157286
53,19.396791,10.572763,12.7929535,9.316904,9.844214,8.500664,16.042006,6.0514393,1.6593233,10.834467,9.398553,11.500825,1.9953437,9.234708,1.2288619,0.71251327,8.7415695,7.0769444,3.1552153,10.045236,8.821957,12.690833,11.977752,-4.2437506,7.1056566,-5.755139,4.8306203,13.253314,8.786975,18.673307,9.499389,17.192553,12.471722,12.188517,9.023885,7.384272,3.6713274,11.165951,9.5317335,3.5373988,8.271712,8.802716,12.960698,2.6621082,7.089133,6.756353,1.2579613,1.947936,21.320068,5.305445,5.144522,9.383538,9.594531,8.467715,15.417049
54,3.881588,2.7408123,-2.461656,2.5901752,2.5926092,5.019009,13.222779,-0.6415249,-1.8069428,0.47116196,6.009234,14.319789,0.09241353,-1.0544513,18.417072,3.3032916,3.926473,1.2073535,1.9044677,3.7653325,7.562177,-4.5400558,-11.500486,-7.0233936,3.4405608,8.770001,1.699912,-3.5633597,-6.853047,5.5776873,3.6982732,4.552885,2.2690132,-3.1881423,-1.2039156,5.2111926,-2.100103,0.27919286,-0.5346039,-6.1976748,-6.8496714,5.490194,2.4686213,2.2457187,-2.195539,-1.9292972,-3.117824,-1.3356651,-4.9220634,-12.67344,-7.324403,-0.058164824,0.78783786,-10.7302475,-1.5468858
55,-9.276863,9.4594145,-1.5348151,-1.5718633,-0.40486136,2.9897459,13.826693,-4.9190025,0.6359239,3.7232578,-1.5267785,-7.4265156,-10.811106,-5.988975,19.283453,1.7352003,-0.6315558,-5.4828706,-15.727582,8.952406,-5.3409567,-8.48461,-11.009471,-8.526285,-6.6123533,0.23498662,-8.864955,-9.072897,-3.239906,-7.545352,-6.425258,-2.6432076,-0.16698426,-4.3486786,-1.9045248,1.5921563,-7.179108,-6.089639,-2.6212697,-11.389979,-6.0767713,4.520948,-5.725109,-1.9618961,5.527049,1.6699208,1.869258,6.0970635,2.9916685,-5.2225027,-5.1190863,-7.5380216,-5.5793056,7.0071383,0.43416965
56,-1.7767391,17.290054,4.9166784,2.702827,7.248543,7.609123,16.721975,-6.7958717,4.4369645,0.4403038,3.5555127,-5.636669,-6.8745117,-4.3931203,12.233308,-8.92235,2.302891,-4.7314787,-5.157447,16.07202,2.6570306,-5.6161323,6.1327085,-5.4446845,-7.2341895,-7.8297396,-7.6908913,4.890051,9.884706,-2.5320323,5.4859996,3.7602928,2.9506845,4.1093397,7.1403413,5.8229465,-0.20824715,0.59139085,10.873729,-0.31806627,1.3303525,11.669405,0.36073694,-3.6339276,-3.7823946,10.870571,14.937297,1.481393,3.9136703,3.86032,1.7833536,4.747453,4.062732,-2.1196268,10.104892
57,6.9883356,22.381742,6.837619,10.612592,10.49672,9.0667305,14.081005,-0.37794724,8.004939,2.8260403,5.271181,5.2522745,1.0601925,1.6771219,8.414501,-0.9774407,5.9425836,-1.3046945,-5.881489,9.356264,5.2064,4.219209,17.3666,-3.6869335,4.135216,1.1819828,-1.5055665,12.576291,17.530296,4.910293,-1.4902586,7.493508,10.662074,7.247689,10.219792,15.172277,3.5400589,2.7879457,8.433141,-0.53453153,5.5890965,8.735651,3.7925484,2.1463177,10.391397,10.187835,5.5073757,3.935323,9.118371,9.009659,7.095908,6.8949227,4.9997025,5.4679713,16.980415
58,3.8316827,8.075701,-3.831548,6.969657,5.530175,5.1587257,3.1319861,-6.549533,-15.042946,-4.0886765,3.8269157,2.0144513,1.9043951,-0.1751129,7.001176,-3.373981,-4.301964,0.23267263,0.5397312,5.054576,3.6601396,-2.1347606,6.0000477,-10.329142,5.5305924,1.9279506,6.579229,8.885162,-4.6172595,1.612299,6.673092,6.652347,3.3007982,-2.3575299,-5.6181684,6.581628,-8.075436,-7.978837,2.3369956,-1.4182433,-2.5993774,-4.4839697,4.83323,-3.9202845,3.5267866,8.7762785,-10.181719,-2.5776308,-1.9860477,-0.8542931,-2.9235804,4.156249,3.0561872,-8.317751,1.6174302
59,-16.810934,-7.981655,-13.938109,-10.797726,-8.614861,-9.524312,-3.5375245,-14.849901,-13.577327,-14.66764,-9.978022,1.8752145,-7.1175165,-12.776139,3.3153176,-5.9319506,-10.583117,-5.124912,-14.736419,-5.6869054,-7.686674,-10.747153,-12.980065,-18.326843,-13.997895,-5.9171543,-3.9274795,-19.815521,-18.356722,-18.44523,-10.791521,0.5719319,-14.926233,-16.372408,-18.423038,-11.15712,-15.089968,-22.229008,-15.259897,-3.4308903,-11.241997,-13.465484,-5.8012304,-8.476532,-18.571507,0.30804005,-17.320648,-6.769857,-15.65862,-8.453849,-15.9869585,0.97925216,-7.6450768,-16.968681,-12.915249
60,-23.076714,-17.307316,-4.4320006,-16.793957,-12.979165,-12.794541,-10.746265,-16.31306,-8.25234,-14.850623,-15.772455,-16.380276,-14.289181,-17.43075,-15.6555,-11.260635,-5.3039274,-6.1499033,-11.400591,4.029191,-16.049929,-13.258652,-13.976045,-7.035853,-5.9547935,-12.801262,-14.838008,-17.046524,-11.716482,-25.042233,-3.7556207,-2.5501997,-19.774984,-13.047532,-15.494169,-8.634828,-16.795769,-18.309175,-14.974296,-15.458425,-13.595074,-11.524918,-14.398565,-12.615914,-14.390425,2.0709443,-10.728212,-8.114733,-18.961958,-6.488493,-7.125379,-12.083427,-15.757601,-3.104597,-7.676581
61,-7.7238264,3.990202,2.4100778,-6.5331087,-4.850155,-8.030833,-10.129713,-7.2913613,-0.76290506,-8.543887,-11.340582,-6.843585,-8.938181,-10.260578,-28.8319,-14.186639,0.8114409,-3.4993787,-3.0160809,9.993425,-5.8699555,-1.6394254,11.467308,-11.863523,-11.022922,-14.485007,-9.773761,-4.490731,2.6394167,-9.923867,-3.2941666,6.1800003,-3.934476,2.7926202,-3.9232595,-6.51461,-3.9937446,-6.255484,-4.5658555,0.41843513,-4.8482537,-3.1154423,-6.8406196,-5.374024,-2.0011814,13.195297,4.236889,10.984362,-0.8937383,-0.12974943,3.9391136,-4.567409,-6.4659915,7.0453153,3.6903331
62,6.314234,7.270153,1.5336051,2.0425158,1.8325431,2.7639053,0.4596786,1.8866948,0.44200975,-7.8630915,-10.180847,6.6653023,-9.115934,-0.49095514,-25.356773,-9.344723,7.9988756,-3.3155484,-1.0715606,7.8447156,-2.9152014,0.3384319,-0.6173058,-8.571153,3.805487,-4.3494234,0.08628533,7.0943737,1.0757884,-1.210026,-1.410284,3.9756281,1.7245945,6.4486485,1.7151184,10.717944,0.7888245,-0.19173875,1.1441405,10.288215,1.9983076,-9.327733,-0.6617592,-0.39569715,2.0090516,7.4219093,-2.6710973,4.1387672,3.4888828,-2.7887087,-1.0956643,2.549655,2.5112493,-8.519152,8.83399
63,6.1738605,0.14747146,-7.905775,4.566545,-1.7080007,1.5471798,0.69284874,-0.011391153,-11.016657,-10.789873,-5.341975,6.378702,-6.201317,0.04923481,-9.421329,-3.0900185,-0.76528263,-2.162703,-4.1903887,-6.052931,-5.148381,-6.7092814,-1.0889997,-10.784239,-1.4021636,-7.8813844,-2.9810305,-0.84559655,-4.422714,-1.9999771,-4.5941334,-5.8608713,3.2021916,-0.5939789,-5.7832046,-1.3125095,-3.2893803,-6.9396515,-4.4050307,13.934491,-8.777461,-8.09666,0.13861844,-8.773553,-4.155036,-2.4701662,-7.5997314,1.3094523,-0.55133414,-0.7732673,-3.9773614,6.330539,1.427479,-6.7027965,-3.7869723
64,-9.271215,-15.649006,-25.454311,-12.026398,-11.949419,-9.001861,-16.572807,-13.22918,-20.663773,-17.441133,-16.763212,-7.0664325,-17.686808,-16.943506,-9.030643,-8.839615,-8.659463,-5.6359034,-8.401612,-13.133701,-13.618908,-10.4706545,-14.274286,-18.650162,-19.961197,-8.647839,-7.547186,-19.205528,-23.08399,-15.525104,-8.131204,-20.902014,-14.306581,-14.367259,-20.351635,-20.17999,-9.294174,-18.498375,-20.854181,1.8776646,-10.846622,-15.528531,-9.32222,-11.943147,-12.9096155,-15.511417,-21.619442,-7.2687683,-11.047145,-10.856185,-13.870324,-4.864955,-9.390514,-11.153338,-12.709669
65,-20.407942,-8.812699,-14.415303,-21.310625,-18.288986,-16.11491,-17.547318,-11.786853,-9.829745,-22.62846,-20.940462,-14.544266,-17.19137,-17.829016,-24.525297,-14.145123,-5.401303,-8.683168,-17.181267,-15.5656,-16.515766,-14.076878,-12.05649,-9.276868,-9.425786,-12.594081,-13.396977,-26.030437,-21.037136,-25.351492,-3.8612177,-18.780466,-23.498663,-17.598885,-21.305605,-24.256088,-11.172255,-15.7718935,-22.09687,-15.688303,-13.972779,-19.554678,-14.035831,-9.870317,-25.939821,-11.128223,-11.479734,-16.092585,-9.815476,-6.3086934,-12.37098,-14.36203,-15.1094475,-22.914345,-17.168533
66,-10.631634,-21.737595,-1.2773743,-13.250259,-8.215793,-12.965779,-16.265537,-5.072488,-0.73626107,-12.753052,-18.887083,-3.645028,-14.467258,-13.096776,-39.22689,-12.183956,-0.96102947,-6.775209,-1.5819436,1.0849463,-8.86762,2.5983467,-5.9083834,-8.442345,-2.3519843,-15.959351,-13.082062,-6.3656945,-5.5085907,-11.753997,-8.667112,-13.709194,-6.6970463,-1.3831632,-3.2180612,-13.490601,-7.293189,-5.754204,-10.710066,-0.3615552,-3.9047065,-6.916622,-0.9699569,-8.971975,-14.552115,-6.0468245,-9.2029,-1.683603,13.2392845,3.6386578,0.54142475,-5.5551805,-3.8812044,3.6545696,-0.9282722
67,5.091216,-15.847883,-1.7313268,-2.2950125,-6.17678,-10.595523,-12.229288,-1.9507848,-1.1367061,-10.355043,-11.434608,1.2621198,-7.769981,-6.6708612,-45.727222,-7.036279,-5.992722,-5.6914935,0.23263055,-4.930232,-8.004445,2.7480652,5.7428555,-4.230798,-2.2508702,-6.6496663,-7.471106,-0.941513,-0.19957468,-0.6163514,-3.9268274,-10.607235,-2.796869,-1.8271725,-1.1710765,-5.430343,-2.7583826,-7.4744053,-7.173329,0.463034,1.9540807,-9.817484,-4.069387,-2.039163,-4.9273777,-5.6332846,-8.328621,5.3078895,10.882736,3.741416,6.9984875,5.083314,-3.8750386,8.535598,8.967411
68,1.8434398,-14.831431,-18.032984,-6.833787,-10.962508,-8.092101,-15.90639,-7.0132394,-12.610988,-14.257769,-17.512617,0.040536534,-7.377092,-10.077741,-20.483212,-13.683579,1.5594823,-4.1929955,-3.4418507,-10.931113,-9.949707,0.5449036,-15.076071,-6.0978312,-14.53897,-11.431168,-6.1040974,-12.868289,-14.727186,-4.6314783,5.650967,-14.149127,-5.983765,-7.828412,-11.8257475,-14.601866,-8.757707,-10.356717,-14.5924425,-5.8040857,-10.448955,-15.302311,-1.7072407,-5.092,-11.253886,-11.154111,-15.036803,-3.8880641,-8.037793,-5.105612,-3.0971825,-3.3794425,-2.1196747,-3.8757286,-11.0524645
69,-9.4415245,-14.162774,-11.451414,-13.674906,-15.440445,-17.968048,-19.20189,-11.335428,-9.119161,-14.572702,-18.166946,-10.983421,-17.25716,-14.822392,-20.75306,-8.371887,-10.052649,-6.337472,-6.014767,-8.854564,-13.326255,-9.627333,-22.612387,-14.689941,-11.513535,-16.104374,-13.000076,-16.64698,-17.001287,-11.399168,-8.871989,-12.348348,-10.506076,-12.397114,-10.041987,-15.377517,-10.354482,-12.881266,-17.534134,-15.192064,-16.042276,-9.006395,-9.8344965,-9.947133,-16.101759,-5.786346,-13.534764,-1.8015251,-2.9468307,-6.161565,-1.3211942,-8.812151,-11.685497,-10.332534,-8.2022085
70,-5.1430955,-1.1294699,3.510947,-7.258095,-2.9339287,-8.497955,3.8430586,-4.967236,-0.23599495,-19.080805,-11.145047,-7.5995235,-6.8188205,-7.721868,-34.9839,-2.9946346,0.33655939,-3.741333,-5.547964,-5.025776,-7.7082386,-3.6910973,1.4857467,-6.666469,-10.361173,-16.577381,-14.368001,-2.9452393,-2.242817,-1.5573949,-3.2544172,-0.3004021,-0.19088213,2.792531,0.5530174,-13.229602,-1.994907,-1.6376159,-5.722743,0.7558158,1.0617956,-6.508757,-5.2496676,-8.00048,4.249504,5.2969027,-3.0503428,3.4443324,4.971337,6.3468575,-2.572803,0.3068007,-6.2507677,4.102502,-1.1705947
71,8.742543,0.73073876,3.2393196,3.8772447,1.5300072,-3.9031794,-3.076231,4.3678036,-7.20736,-9.040436,-5.7006435,9.577579,-3.081631,7.833615,-21.39744,-5.1298966,5.4410315,1.2229766,5.7998657,2.3687346,-2.781974,1.3776472,-0.43517002,-1.6604711,-5.531045,-6.606354,-1.3054469,0.49468163,-1.5168432,10.493927,5.6300683,6.9691014,5.4553056,3.9634473,1.4145646,-3.4621284,-1.6255645,0.99118733,2.2544832,-1.9720899,-2.330598,-0.041550543,2.7528632,-2.5411649,10.889401,2.6637714,-9.353186,7.464119,0.3567996,3.1166542,4.313321,5.027959,0.6910829,3.2048442,1.6405227
72,4.6629887,-3.381791,-7.146564,3.0932927,-1.3927417,-2.352539,2.0931149,2.1267908,-3.0528412,-16.624205,-5.570053,-6.492951,-4.3859706,-9.825214,0.5401607,8.792401,6.6524067,-1.4502647,0.9272874,-0.9627909,-7.1436353,-4.4320517,-10.584788,-3.2150753,-2.8614895,-0.168025,1.5341712,-25.4675,-8.352354,1.9295915,3.4381108,3.485818,2.3035212,0.122874856,-2.5293732,0.5417756,-1.2993143,-0.60634637,-0.09062518,-16.130438,-4.968126,4.0164576,-3.3017433,0.9322279,9.806247,4.843956,-6.9641376,-6.982815,4.393835,-11.889178,-6.649474,-0.291258,3.224464,-0.72483957,-5.187427
73,2.1740243,-2.2824073,-0.18841092,4.0431423,-0.3388654,2.4055426,2.3328593,2.8752534,4.160458,-6.731698,-7.479647,-3.6315165,-4.9044323,-2.0981753,5.2908006,-0.8899392,-5.224757,2.261469,-1.9286959,-4.9848924,-2.9163334,0.72096634,-4.2154717,-3.3465555,-5.7376437,1.5824668,-5.543685,-11.521957,-3.5730677,4.329447,0.7990684,2.403647,1.0185448,3.5160782,1.5229219,3.825422,0.28269705,2.0384622,0.25307184,-6.607723,3.265003,3.4537652,-4.766163,-3.9556735,-0.4799723,4.2484255,1.4372755,0.5723162,-2.6100984,0.61752635,-3.0293148,-3.1935308,0.15512095,0.5294019,-4.1104083
74,7.5475574,5.8465896,-0.06703307,1.985504,-1.8706241,-1.4440812,-6.717776,0.9035445,-3.7831273,-8.611701,-1.4251688,9.11977,-3.5255067,2.267293,-8.594103,1.347523,3.9866338,1.0724753,-0.51590145,-3.5826874,-4.478978,5.2858014,-1.106997,-9.22135,-1.0016148,-1.627197,2.5343046,-5.158666,-4.615145,10.511032,5.244148,-0.27105603,2.0496035,0.8660687,-3.1112056,-7.504554,-1.6746229,2.8368487,-9.186765,0.0902937,-0.46395755,-7.4599986,6.380138,-2.2555995,-8.331045,-4.766733,-3.5746653,1.9417158,8.135587,5.984735,1.5051075,-0.7998177,2.8114986,10.835287,-7.852108
75,1.1215702,7.909056,-9.510781,1.7265515,-4.9465523,-6.619773,-5.758059,0.090836175,-1.2587725,-2.7101743,-5.1894,-0.58950037,-6.2866044,2.2291667,-4.9252453,-2.8157988,-8.624646,-2.6460495,1.5760009,-4.3111906,0.65088916,-2.5026424,-12.484031,-6.1845045,-5.3755994,-2.5105944,-5.0118213,-12.958379,-11.693772,4.2773337,-0.3734031,0.03926888,-5.033389,-3.5472455,-7.41848,-12.027248,0.0027756952,1.7224456,-8.903044,-4.7725315,-7.710596,-0.7203053,-2.1455805,0.7640447,1.2621065,-0.23278798,-5.0418835,-2.8271036,-2.2266533,-7.2787395,-8.488867,-6.322782,-4.3167996,-7.800749,-4.4626994
76,2.2801998,4.177249,-2.1984558,1.2229099,1.5353533,-1.1901872,-7.1899214,4.413158,7.0253177,-5.761496,-4.360589,-0.5090308,0.753582,1.0297117,3.1595442,0.6259691,7.210652,-0.57520086,9.685389,-7.7417765,2.1110663,3.9604294,3.4670792,-5.4953184,-14.063392,-3.0271978,-6.5590115,-13.213346,-0.678049,4.3891387,-3.4021103,-0.049907718,2.1649277,0.5057799,3.8484583,-2.5626025,4.2333746,3.980252,1.0640832,5.3263817,-0.4793167,0.5601001,-1.2657464,-2.5927198,-7.630279,-2.5412712,-0.9646434,-2.0658586,4.4383574,-2.6796303,-1.5455936,0.44985083,1.9163349,7.8510447,-4.323144
77,4.063558,6.8376107,-4.1865945,-1.303217,0.0702299,1.5076771,-6.9065175,3.641137,-0.8950961,-0.879646,-0.55105054,0.55322546,-0.5285253,5.6000886,1.95774,3.9172347,7.746299,0.9718937,5.047157,-2.3606386,5.2771096,6.734697,-9.883172,-0.87486655,-8.451745,-6.9884205,-5.603435,-3.9208224,-4.9542246,3.1901608,-1.483619,-9.280777,-1.1531546,2.8327694,1.2468762,-13.655439,0.47506207,3.116958,-1.38067,-4.586661,1.274419,2.7963743,-0.38844058,0.26226258,4.07812,-1.9686518,-2.793109,8.38522,-0.07650952,2.6952288,-2.6306498,0.69281894,1.2619591,8.809768,-3.3149753
78,-4.186187,-7.853308,-5.131743,-3.7318962,-5.622042,-7.0581994,-11.377765,2.0780435,-1.6664858,-2.2840047,-5.934874,1.6486506,-6.0817003,-3.037206,-6.6062922,-0.43265867,-0.0030496446,-0.54904205,1.9285549,-7.441204,-2.0065398,-4.2057633,-17.545889,-4.4750934,-11.728117,-8.602082,-7.2261467,-19.075151,-12.059033,-2.4936156,-7.3775396,-9.668568,-6.9493666,-4.3927274,-6.2236695,-9.437129,-2.3059623,-6.042386,-8.87603,-7.5315905,-1.4788246,-4.0945616,-3.5836375,-4.1821227,0.41437587,-6.684504,-8.15761,6.360848,-16.68855,-9.578265,-3.9739907,-2.7621915,-4.259439,-0.42166993,-18.10695
79,-7.0991383,-6.3140116,-6.5716667,-5.488885,-4.4161577,-2.6518378,-4.5444937,4.202599,-2.4392433,-1.0204054,-3.5889618,-7.3691463,-12.472826,-1.912326,10.204632,-3.2533576,3.1300287,-1.3803796,0.4555254,0.8768668,0.63939756,-6.131022,-0.79687077,-0.7870896,-5.3018975,-11.999932,-14.152489,-10.347977,-3.3664472,-5.8967314,-11.168575,-2.2047446,-9.540714,-2.7055311,-4.070018,-19.203407,0.118097275,-6.815677,-5.79811,-14.589858,1.0999159,0.24745554,-4.639824,-3.9516912,-8.278294,-3.6595755,-5.966615,2.201239,-1.3424778,-1.7556517,-1.7830665,-8.71939,-5.8608427,1.5475603,-8.413233
80,5.129997,10.990461,6.5530343,1.4982382,2.7821574,0.083948635,2.2577424,8.381878,4.098506,0.67447454,8.277726,-5.3775134,-2.1467874,8.009925,2.0157535,3.019605,2.2749562,2.1629376,6.1574435,4.5855646,6.3774686,2.2801633,2.156266,1.0972768,-2.5480292,-2.6418316,-1.1460378,-3.6314769,4.901797,3.6765141,2.129679,9.020342,0.0048045046,4.2386036,6.9393287,-4.378202,-0.0049650758,1.8006096,2.8266268,-2.3961425,-0.50108826,3.506787,-4.420415,2.2399924,6.307027,0.17447634,-0.11263798,17.162878,3.8972256,-7.1047406,2.3911176,2.3235803,0.7741748,14.08891,-0.6459414
81,4.3300843,2.0328636,3.2151618,1.8331735,-1.5299766,0.41142663,9.237838,8.78464,2.2691624,7.8839545,6.0499926,0.84584105,6.1621017,6.1611166,14.778222,8.818582,6.3713417,5.67111,3.061583,1.4126633,9.158799,1.4337933,-6.8119955,-0.08623371,-7.1368937,3.225886,2.6377466,-3.3039176,3.0180264,1.4576205,-3.30739,2.7288272,-1.9190634,1.7768832,4.0271544,3.5055947,-0.95327264,3.2259688,0.18587442,-14.864097,0.32106823,0.3854463,1.9541041,0.8650829,5.8157215,0.8155837,0.74606603,5.876222,-12.403996,-3.6100595,-6.0436296,-4.9115796,0.5126703,5.932562,-4.9304476
82,1.0568856,4.7560177,3.8478556,7.285007,-0.26535326,5.5565877,3.959004,3.4723878,12.24606,11.799429,3.3649423,0.388066,4.507,6.634378,25.569479,13.166931,2.899264,-0.46945584,7.2086716,6.1561923,5.7546487,0.13524206,0.4903526,-0.98416835,-9.892608,2.0980163,-5.6061554,3.8209531,-0.3660621,1.9678489,-3.0748234,6.8705807,0.7214962,2.9395921,7.9389753,-6.098361,-0.9454819,-0.50595874,4.607256,-14.23775,1.7628955,4.0680265,-1.2345278,4.6112404,6.1185727,-3.1654327,2.371763,14.066567,-4.7679,-4.5832067,-7.722647,-0.62257904,-1.1539948,10.033989,-1.7619352
83,3.6290052,-4.721946,5.948803,2.811897,2.4571328,4.570949,5.223467,5.013123,5.29739,11.264564,11.120122,-1.7942535,5.2572846,3.194937,25.552935,5.987227,5.5995016,2.1343722,6.265273,0.45979968,6.390423,3.577362,7.371077,-3.3994033,0.06478847,-5.432693,-9.726303,1.1841698,4.5183496,3.5755332,1.7788546,1.3927109,1.3765106,6.4833107,8.761689,7.0322847,-0.47646576,6.1364255,7.500609,-4.1561074,0.6267112,5.236085,-0.12235329,1.6870173,4.613906,4.675306,0.010470792,10.332439,15.923364,-0.065363415,1.8064047,0.26106524,1.6223927,6.3033776,5.164724
84,4.990262,-4.969024,3.492804,3.643009,2.7626703,8.671097,4.168454,5.093087,6.062762,4.157538,9.342462,-10.393565,-5.434124,2.8993382,20.52618,1.6393034,2.66451,-0.7120554,-5.8152165,6.4337454,7.461153,2.1287487,5.6906157,6.654512,-6.5965204,-0.3915004,-9.514596,-4.1169796,11.228574,1.783975,0.9739293,1.2221396,2.507526,4.7766943,8.68894,3.2979379,-0.4700285,0.7352309,7.79809,-2.2839742,4.228216,5.696302,-5.003025,3.6990848,11.177935,3.4212682,3.7292044,11.56548,6.285049,1.291888,1.701143,2.998035,0.5736972,7.6054406,7.7036695
85,-3.1405654,-6.9909225,-3.7849355,-1.0413779,-1.774564,1.3724986,3.3778853,2.5276744,-4.0521564,4.182388,1.580938,2.6764934,-4.6111226,-1.2679529,14.890649,4.680275,2.0236952,2.275069,-8.172395,1.520423,0.8776096,-5.7462296,-6.745178,2.280549,2.983909,2.404022,-4.1544337,-9.8701515,3.0708163,-7.028223,-3.7105467,-6.698257,-6.4077535,-6.0089107,-0.9279088,-4.3724957,-5.6897593,-6.735778,0.21882422,-8.579939,-4.4044347,-2.168097,-2.9568868,-1.6146584,2.65005,-2.437177,-5.498198,0.24180536,0.048934694,-6.2545805,-3.5622597,-6.664941,-7.9602623,-5.8254094,-7.480162
86,-14.905835,-1.1111016,-4.4946957,-7.36491,-2.6644542,-0.41255462,-5.901141,-0.37860417,4.6722336,0.38601613,2.7659268,-4.660086,-9.51957,4.8865204,24.280857,7.8776345,0.7694768,0.6250794,-6.4352665,-4.850226,-2.8302603,-8.590016,-5.227752,-0.004715787,-9.674976,-5.7829,-7.9011974,-9.2740345,-0.18556675,-14.664504,-11.116513,-11.291996,-11.995437,-8.879334,-4.70959,-6.039119,-8.285858,-4.538558,1.2431235,-7.81305,-11.484579,3.3561761,-7.3902025,0.08925091,-4.4462233,-2.3881552,-1.69944,-6.4209285,2.9756098,-7.6501994,-0.9983374,-11.680842,-11.709543,2.6740932,-2.640687
87,-7.364625,-19.667973,-6.670175,-0.29433373,-1.3424469,3.0341878,0.9939942,1.6651969,9.186321,2.5587316,7.1785083,-4.0306706,-4.0357757,3.0292373,13.003933,-5.5018888,2.0206802,-3.0519233,-4.9661036,-0.4234379,0.21036786,-0.4766661,10.846413,5.625025,-0.6924621,-6.3887076,-7.8321815,2.325035,11.0106735,-9.546667,-2.123188,-6.684629,-3.9658604,0.21028283,2.8749583,-1.5838042,-1.5001639,-1.1913058,6.1080875,-4.4234214,0.7720304,1.7869244,-8.57933,0.25552657,-11.717936,-1.5076784,4.4823446,6.3396773,15.790679,-0.034186598,6.7299504,-4.4715886,-4.7229667,4.6243596,9.740746
88,0.40295136,-1.7595341,1.3567381,6.5854063,6.346754,6.605626,2.7505531,5.904403,6.137603,3.268069,10.225844,-4.1905575,-4.032809,11.63052,8.71057,1.9276735,-1.7295535,1.2996169,5.8021226,0.010415494,7.483772,11.02807,10.501391,2.55254,2.1809845,-5.949404,-5.7914357,7.651284,9.666686,-0.6438867,0.330375,-6.6904073,3.9357047,7.5643387,9.572666,2.8641472,0.8743047,5.9512672,10.01703,-9.842677,5.5561037,2.1045406,1.3518926,0.050493836,6.138201,1.6267608,4.2983937,14.631125,16.981005,6.413407,2.231871,-0.5275202,0.87037724,12.447016,13.408143
89,1.4982781,6.137649,4.0097156,7.643404,5.5557685,9.598764,-0.06458247,7.4510536,1.1694212,2.4551659,9.646318,-4.611909,4.570226,10.760306,22.103127,2.907451,-2.2467802,4.4366274,-0.13058007,-4.9125156,6.359174,0.03362107,3.2333856,2.5247355,-2.392397,-5.1753664,4.8452487,3.7808459,5.874569,2.137969,10.532508,-0.17765053,-0.35600495,2.1899166,1.9561813,13.274691,-1.6822335,-1.6938179,6.4128942,4.326094,-3.191182,-0.68887156,1.9464033,1.3041238,5.7431626,-3.2668316,-2.389129,3.5860486,6.940698,-4.0723286,1.0646936,4.451648,3.6430993,10.326507,2.6410618
90,-12.606527,-14.881209,-8.077996,-4.3314114,-3.0844483,-3.6762996,-6.2774353,-2.7601664,-7.4349337,-4.607222,1.1968058,4.820143,-2.9067385,-5.165583,20.21483,3.5609632,-0.60511786,1.6354051,-6.7480283,-12.609454,2.541393,-13.398557,-20.204088,-7.6860304,-9.534944,-3.3230777,-5.304033,-16.484287,-7.7510242,-14.211187,-2.4095545,-5.3863378,-7.8438406,-7.3583612,-9.605035,-3.7506871,-7.3545074,-8.413737,-6.9606457,-3.877329,-6.861235,-10.849772,-5.9620805,-1.7698131,-3.5312593,-6.6547318,-8.566111,-7.658524,-5.2280626,-10.456544,-11.55717,-5.681293,-0.52107596,-6.823131,-5.286312
91,-12.6563425,-10.044277,2.8729832,-3.641449,-3.9579258,2.719357,-5.3569765,-1.0577077,-1.547552,-3.0814939,1.5093154,-11.605281,-9.391897,-4.1312423,20.781967,5.2101216,-0.011901688,3.6621487,-1.1946551,-5.7867165,1.3809803,-5.0026836,-11.247593,-2.0863159,-6.9812503,-5.155239,-11.78801,-5.4169087,-0.7043768,-13.3803425,1.2825457,-2.4469671,-8.870174,-5.1684384,-3.83121,-7.9628644,-0.9328451,-8.692554,-1.3751452,-13.059097,-1.6091586,-10.194771,-8.229094,3.440265,-7.989082,-1.6509216,-3.8188086,4.515839,-11.419644,-1.7198572,-4.573376,-5.540082,-9.610067,0.79528,-3.692837
92,4.269553,-4.0367093,4.7808537,2.9403863,3.5958452,6.630586,4.36955,4.8328404,2.7198212,3.038008,9.890669,-2.2585583,3.484814,6.846811,10.348136,2.5111794,8.47033,3.0972567,6.1591773,-1.1361415,4.843641,8.870475,-0.58444077,3.4444287,-7.8819537,-0.38588193,-1.7540191,0.3908344,11.8145685,5.0541577,-3.4126806,1.8815454,0.7080236,5.3641105,5.431252,7.108746,3.7311804,2.7362127,2.916064,-6.5087557,-1.6045122,2.6088095,-1.6777586,-1.6714609,8.014532,-1.6244568,1.474702,10.82088,4.8514657,4.145069,5.601131,0.4913208,4.203214,10.845823,2.4074945
93,10.405583,-9.954515,-0.57029814,9.281572,2.8339417,3.3979146,8.124752,8.270179,5.9445286,-1.1275446,11.274024,1.2502356,4.8101535,8.943281,14.533002,3.7379115,9.511473,3.6079004,-1.119244,0.10674164,4.506047,1.7364745,-1.9591131,6.004831,-4.0126233,9.557466,0.6672927,6.43384,7.1075315,7.082714,-2.027431,5.9260044,0.8127056,5.6556206,6.975127,14.079249,3.2195733,8.027043,3.7055476,-2.1536512,6.6403284,2.2087564,2.3107545,2.572808,1.8784019,1.8898191,1.9541718,3.7502677,-1.9681275,3.5444055,-1.7622445,-2.2602973,0.77068746,11.501856,2.017351
94,11.350056,15.141222,-1.1772804,9.271676,4.6026645,6.6119876,19.22705,3.0814116,3.4427326,2.8107936,9.187389,-4.5828915,3.7072833,9.680309,35.119835,5.018915,3.865088,1.7485341,1.2928665,6.355343,-0.20080528,-0.2551516,-0.5368444,3.0885935,-6.680344,5.6065216,-5.8657618,1.2407804,13.141445,12.207049,9.285594,9.468018,3.7861567,5.9539905,5.8408637,3.9585648,1.0126765,5.8054795,7.1497555,-8.092395,0.6834304,7.0337844,1.85307,6.0879393,6.518776,8.877789,4.2230635,0.2947615,6.093887,6.6750975,2.7208395,-1.671822,0.8236751,0.77843964,2.3105578
95,21.850447,-2.8982794,7.3442388,15.264313,11.773891,14.115003,12.833778,4.8983517,8.293953,2.008879,12.927304,-4.802229,4.4968,17.61352,32.78231,1.4271597,0.5698938,3.9147007,-2.9178848,14.527279,0.015599536,8.415048,5.7755413,11.115795,3.4327037,5.502127,-1.0219414,16.604723,14.765263,22.979286,7.049239,14.705984,11.159595,9.486474,15.612708,17.181316,1.148263,9.032871,11.695407,9.017922,6.0446796,14.798857,7.310402,7.604976,0.5911545,9.997436,7.3139853,12.529766,10.09107,1.9375802,10.172646,6.817469,6.2514486,13.922431,10.580494
96,20.773424,18.042143,4.8014627,15.123838,10.153566,14.234281,19.075977,4.9137487,6.6775064,12.812324,19.086145,9.414054,8.1656,17.829956,37.791264,13.788245,4.7326293,9.281154,-1.686552,9.896553,7.381651,-0.19677028,4.4191184,17.217012,5.2920146,10.701971,2.919099,9.73332,9.922851,19.273058,9.730241,7.3332925,12.803732,5.4477453,12.105436,13.746125,-0.11293389,4.277314,12.943916,7.522702,5.8218603,9.630818,9.680005,11.261871,9.384211,5.432634,6.11694,15.307205,2.9174166,11.862083,8.57228,3.0019145,6.884623,15.893905,15.744705
97,2.0455618,5.133024,-7.024458,7.040323,6.094449,8.688177,28.997091,-3.8590994,2.6284676,6.6575127,16.819853,-5.853859,5.1378965,4.3777266,41.066044,5.2005053,2.4959056,5.1629534,1.4177963,11.271978,2.2987046,-6.9934354,5.756969,4.914936,-0.30207738,2.721288,-1.6074166,5.2407207,10.737059,7.1327367,6.5043135,9.540813,6.172711,1.6009715,4.958559,19.820068,-1.6698766,-3.4013267,13.201727,-11.061678,8.366145,11.766983,0.29055575,10.377598,6.953951,10.523488,1.499315,10.183841,0.9600347,-0.5257873,2.0687883,-1.5954459,2.8052661,12.039581,11.527222
98,-3.0256898,11.937375,-9.926319,4.8648524,6.9496346,11.254087,27.395832,-8.995291,-5.011547,-6.3845124,10.610318,-9.498032,3.91634,9.901196,48.75972,1.7136842,-3.921899,0.82391465,-3.0112453,6.665108,-3.1817942,-8.829899,5.865332,3.3279562,-1.3644618,-7.9027195,-8.525919,4.833351,11.267209,-1.6705842,3.4953454,7.7727146,3.3752499,1.2868714,5.5378075,2.4349346,-4.751598,-3.7036412,17.333454,-8.923705,9.767175,4.023575,-1.2841456,7.7372007,-0.73826015,13.468348,1.4723806,14.0215435,15.592055,11.124279,2.9416678,-1.4075029,-1.5810459,5.184027,18.577038
99,-0.9146816,-1.1528664,-5.9732885,4.902149,4.8796287,10.91994,13.27621,-5.7095065,-5.9349637,-4.544313,6.5190587,-4.228695,4.9209485,6.789616,26.193445,3.7529974,-2.1161392,0.5823925,5.2886205,5.9378223,-1.0871682,-2.776353,6.22804,9.755626,7.745672,-7.4651694,-4.1809635,2.645348,10.992962,-3.0099983,6.085786,4.7439117,1.9939822,2.14053,5.328591,7.380756,-1.4439756,-6.1180706,9.936773,2.7704105,4.06409,-2.2856889,0.5736984,2.0556018,4.291062,7.7750297,0.11351258,15.896407,11.23694,9.252502,-0.28440776,-0.22828801,0.7287628,6.3108134,16.390676
100,-8.442933,-13.385038,-11.147885,-1.8290445,-0.28356856,1.8919064,4.1642694,-5.2258554,-11.345402,-13.70439,0.20284607,-6.463067,0.3900269,1.9645933,18.988018,-9.044788,4.334599,-2.6624095,-6.116537,-3.2487283,-5.061797,-4.414506,-3.6282914,6.6834297,-5.4915786,-5.509123,-4.126638,-2.7397327,-0.5107071,-7.4187093,-4.5360694,-4.9888787,-8.797539,-9.261321,-6.8120337,5.096824,-5.3296795,-8.300648,3.4796295,-2.3728516,2.2502387,-11.274148,-3.4933333,-0.39176884,-5.3323126,1.0471523,-12.639679,5.9623914,2.826093,-4.3915186,-4.8489633,-3.51411,-3.2230225,7.476077,-3.0282726
101,-20.490578,-6.4344077,-20.53212,-14.054742,-14.019432,-6.876497,-11.059559,-14.608471,-15.325047,-13.326631,-12.101973,-11.368346,-12.198616,-11.69089,14.101079,-7.012359,0.6789542,-2.6397185,-20.905218,-9.142782,-11.68247,-15.282009,-21.79765,-2.9011612,-11.86986,-8.118883,-11.793947,-13.6034565,-17.386932,-22.776112,-10.904896,-16.151922,-16.858234,-18.784773,-17.588718,-11.902462,-16.583261,-21.902071,-14.275179,-11.14323,-11.517028,-20.03895,-15.64289,-5.592241,-19.733599,-9.161752,-17.040947,-11.924965,-17.064457,-6.5625544,-5.0139174,-8.862587,-14.281557,-13.583293,-13.003364
102,-22.985731,-11.077159,-8.802493,-17.213486,-17.67954,-12.385973,-6.9447904,-12.799715,-7.678867,-14.134654,-8.878537,-13.777682,-16.24392,-18.671177,1.0070542,-9.289658,-9.464717,-6.37759,-23.411564,-7.818762,-16.379223,-15.342359,-18.911816,-6.782916,-10.689861,-11.913307,-14.534641,-17.404928,-7.840809,-26.7495,-4.7185507,-17.968103,-24.93186,-18.404783,-17.77832,-6.1785707,-13.953199,-16.09841,-14.482171,-21.704605,-9.28021,-21.727467,-18.834259,-3.0918834,-27.519886,-0.19244635,-6.456339,2.3441048,-13.395089,-4.350936,-6.804263,-17.844597,-18.934423,4.1921844,-5.215383
103,-6.4864106,-17.044628,1.5201064,-3.3181565,-1.2075145,-3.2453494,9.233204,0.0692463,5.9181705,4.0816407,-2.253754,-13.376595,-2.642851,0.4070062,0.79663277,-5.465056,-9.118633,-0.7686937,-6.961476,-8.023882,-2.8799145,-3.0725822,2.856609,1.6195287,-6.717509,-5.657054,-12.518748,2.5890448,6.5356555,-8.653005,-0.63520676,-2.8498342,-4.182026,1.912615,0.8457619,4.459418,-0.11170977,-0.4263017,8.146368,-6.8281336,-1.5536566,-3.9945068,-0.9277509,0.79493,-13.021344,0.7692377,0.8713405,4.94541,12.986163,6.8196244,5.1411576,-8.050994,-4.947153,10.932262,11.443648
104,8.537425,-3.258823,-3.8223498,9.366794,6.6186123,6.0410395,22.182194,3.683827,3.633574,0.94460136,5.483782,3.048943,11.83254,10.51535,13.500511,1.1958646,-6.5354,-1.6235683,1.6482255,-13.173601,2.5088735,8.764003,12.938556,-1.018354,-0.28674322,-0.03347537,-1.8761467,8.239392,15.718562,4.459157,-4.9759903,8.40236,11.269624,10.023669,8.502705,29.78375,5.335073,8.108809,16.204672,5.9996343,12.091973,3.7727437,3.317241,0.903434,1.612433,-0.14291304,5.184311,3.54905,18.166594,10.386275,3.3187718,5.4211564,3.3340082,5.5295777,18.174839
105,7.097944,-0.4503541,-5.1566725,13.349489,2.500062,7.092141,18.20718,4.9842234,-7.578927,-14.00951,6.5285206,7.785463,7.852745,17.8933,15.5024805,5.5027246,-7.306399,-2.1767519,-0.724901,-18.620577,-5.8896594,1.3808014,3.1878202,4.3497267,-6.770776,-0.24284075,1.4657415,1.8212938,3.4790213,5.232805,4.4465246,-5.529525,10.252365,5.057231,2.0009496,23.779963,0.8874237,2.9408267,9.371881,8.304624,5.9409704,-2.342074,4.2184877,-0.454994,1.306114,-10.454753,-7.609462,-3.415331,20.864845,8.645002,-0.4842566,6.182131,2.48309,-7.4963317,6.386652
106,-2.7431574,-2.483282,-20.526941,-0.74243814,-4.3835893,0.04473471,6.921341,-5.6104064,-7.0967774,-7.3040853,-9.465782,6.483954,-1.7932523,-5.609202,15.055441,0.9963332,-10.635408,-6.633345,-9.136565,-19.574776,-7.724862,-4.047757,-12.513453,-0.58232033,-10.507474,5.250051,-6.03614,-19.897564,-12.555645,-5.130814,9.514102,-8.08875,-2.0711908,-9.448019,-11.16942,-4.6325226,-4.2421727,-9.38133,-7.6298394,-3.4531572,-4.0980244,-15.0197935,-4.5145926,-7.321827,-10.861753,-14.966465,-15.266415,-6.9696665,-3.3960624,-7.028962,-9.122005,-7.199753,-8.228324,-8.381035,-6.5662355
107,-10.968448,-1.0574783,-13.55459,-8.683633,-7.365739,-8.0546,2.951392,-4.323365,0.7863292,-13.88453,-6.705721,-12.002605,-7.56821,-1.2834353,5.9883695,-1.0142572,-6.8389664,-2.7299287,-16.137901,-10.629071,-11.502487,-12.485144,-5.0206833,-2.2980566,-4.592488,-10.681607,-15.844957,-15.866159,-3.7519832,-8.97221,4.4000635,-11.540397,-5.871812,-6.7913623,-8.1757,-7.0307913,-7.2976384,-8.714387,-6.756179,-13.074032,-7.824021,-10.632815,-12.596794,-4.8408875,-6.9555435,-7.62416,-5.2034855,2.2610738,-2.8503168,-5.4329686,-5.407009,-12.448181,-13.7798,-0.9155977,-2.6592095
108,6.301118,-6.492732,-3.6622877,9.48275,7.1320853,5.056093,13.906744,1.4344825,8.871727,-1.2215585,4.3580184,-10.8623295,-2.1097965,9.945097,8.528056,7.0766163,1.1854391,0.1373113,4.6678057,-10.671459,-0.06612805,5.5556407,1.3533208,6.345497,-5.965556,-6.9189057,-10.498941,9.620863,15.919849,7.9657354,4.742631,-1.5385624,8.943711,7.698973,4.135288,5.365951,1.9105029,1.0010178,10.666797,-7.488791,2.7485204,1.398777,-3.116266,-0.59948426,5.6954727,0.5177233,1.1306316,20.827194,3.490556,5.51656,3.2123363,-3.3773987,0.5631418,8.867147,10.856415
109,20.370298,11.23027,-3.2028491,17.494986,9.243815,6.05065,21.686485,9.553864,4.2774854,0.12074724,9.463401,6.479849,2.4151945,9.885134,13.367902,5.3811183,-0.55735636,2.1755912,10.937303,-6.199517,3.4730594,15.123298,2.3009684,10.257071,1.9306899,2.6110735,-6.6339965,12.023342,15.411016,16.704418,13.928357,3.359655,15.84694,11.019356,9.711273,28.54376,6.895008,9.148049,8.411722,8.30333,6.313378,1.5249312,11.433912,3.344461,13.55299,1.6833048,2.8358045,15.978817,16.892094,5.17216,4.630896,4.8121524,4.7536464,-3.1547005,11.800802
110,9.863468,9.160371,-12.948999,10.411857,2.9888995,3.7605705,11.684095,1.9805812,-6.402289,-1.1874758,3.594519,4.542451,1.5251213,8.187591,17.957066,6.6958303,2.531698,-2.7391288,0.40454227,-4.773154,-4.7138996,-5.493426,-6.2053895,10.755488,-4.114103,2.0872128,-2.300441,-3.0373995,5.119201,11.906807,0.32833552,-9.222449,6.365356,-1.2968788,-0.704841,7.8568687,-2.5574565,-4.617112,0.7600685,-6.394319,-0.2716174,-6.4041843,1.9188573,-0.30605298,3.4326735,-4.11743,-10.514098,4.7250032,18.754242,-0.16869785,-6.575081,-2.7387824,-0.9330466,6.9864726,6.0408893
111,-2.7127337,-3.84727,-14.51796,-6.007663,-10.215298,-7.280814,-4.2081933,-6.072149,-3.615496,-5.6197596,-6.520643,-8.887695,-5.4643993,-10.347119,9.733037,-3.17159,2.4014878,-1.385593,0.68298477,-9.474363,-9.135253,-7.6466603,-0.62116766,4.9578233,-11.411684,-8.245493,-6.3037543,2.2934697,-7.9764676,-1.3606511,-2.9895372,-13.342208,-4.8765697,-8.346033,-8.959398,-4.012721,-6.7514057,-8.286244,-3.8094177,-6.010052,-8.569225,-9.506612,-9.877097,-4.469121,-6.249164,-2.7433968,-9.725069,-4.6393557,1.7392287,-8.320275,-6.143672,-3.972679,-7.984797,5.1500115,-8.50769
112,-10.9132,-22.229214,-12.490657,-9.322277,-9.394925,-11.279589,-15.136851,-8.769958,1.6995358,-1.3511268,-10.082167,-16.836056,-8.642823,-4.2765436,4.691648,-0.9192037,-1.9967165,-3.327874,-4.4336305,-8.943515,-7.0026336,-3.4043128,-6.260599,-2.1448667,-17.721537,-11.01663,-17.783535,-4.256298,0.4680835,-6.4006753,-2.9354787,-9.879617,-9.446164,-6.806769,-8.134364,-7.705359,-4.3902736,-8.233915,-4.6704526,-7.006034,-8.225608,-10.696437,-9.874786,-4.7376695,-10.190342,-1.822451,-10.115382,2.7871513,4.247254,2.3382092,-0.84802485,-13.6537075,-13.386759,4.8744836,-5.202466
113,2.519236,-12.309495,2.215018,0.8108427,-0.18357731,-3.1315374,-11.995384,2.228189,9.653791,2.6569228,-0.5830376,-1.4645537,5.2259245,10.833547,-1.4982541,0.16440459,-0.8309075,0.23850997,0.70177585,-2.4036098,-6.6375275,3.6814141,6.8966956,3.2497737,-10.129089,-6.983104,-10.03841,17.639591,12.487225,5.5727906,13.644211,-4.4095945,0.4509609,4.750444,5.6742377,6.973719,2.4427595,1.7613705,8.116765,3.5068367,2.7780836,-5.8215055,-0.54964507,0.44362187,1.2736862,2.639693,0.9564914,9.346555,19.628952,15.592804,6.226028,0.3167961,-4.1373014,12.151651,8.177094
114,13.794302,-7.1895313,-4.3638644,10.910661,3.576384,1.3176804,10.123275,8.437983,9.2128935,2.2243707,6.0757713,7.526328,2.648256,8.546228,1.3389496,-2.2000034,3.9988236,2.042496,0.95283294,-3.3253002,3.3050969,2.9512527,2.282145,3.9290488,-3.061565,1.3611042,-1.8700234,7.7199125,7.552568,9.653115,13.948715,1.7915756,6.878194,9.268894,3.5097063,14.890841,0.38513717,4.186581,9.150767,2.3475175,5.7676473,-7.1872563,5.8914156,4.841473,8.154512,0.30410838,1.9761748,11.976611,11.420583,4.3667464,-3.2567296,0.6696023,-0.74453384,16.315165,6.019866
115,7.166474,-3.7207606,-5.3316174,7.019642,2.867546,4.5088706,3.398332,1.2405922,3.336952,2.879949,2.280032,-2.1902747,-1.7672868,5.7655225,19.487122,8.598876,3.332483,0.21247275,-4.8936524,-6.0154366,-3.3963468,-1.3773285,-8.213321,7.237707,-8.397105,2.529067,-0.8588164,-18.153988,-0.22599389,4.247027,10.033716,-0.7256413,5.857424,-1.7035506,-4.025758,3.1097734,-4.9200788,-4.628132,-1.1967292,-14.47127,-6.7146287,-8.674421,3.0882876,-1.6205022,-8.8448925,-8.102436,-7.6388946,4.8840775,-1.2013507,-4.208419,-2.5216045,-4.3161845,-1.1041925,-0.5948481,-0.59431356
116,-4.5024877,-5.905097,-2.6041446,-0.9555001,-2.7022674,-1.5296006,4.382974,-2.3782327,2.3843124,-8.652007,-4.5282946,0.6783416,-3.9352117,-3.6915848,19.629545,-0.018277887,1.4515902,-1.1276636,-5.1949835,-8.479775,-4.9817314,-5.597626,-10.926266,7.5848465,-11.067899,-1.808183,-16.255915,-11.989987,-5.814345,-5.504347,-3.8207273,-2.7752242,-5.591917,-2.1052253,-7.207571,-1.8830119,-4.3094187,-8.006441,-6.3235226,-3.8423762,-4.329653,-13.978808,-7.6283236,-7.6130457,-6.8989067,-0.6656198,-11.255345,-1.8200667,-3.989365,-6.8529105,-3.3200526,-11.603106,-9.255049,-6.2609406,-12.332778
117,5.7701344,-5.7264857,8.869078,3.5578914,2.5972674,0.8789299,-1.3406649,4.8542285,8.972704,-1.4322021,-0.98634064,-0.36190832,-0.4511153,10.521393,15.502846,2.9575405,1.6984727,-2.5513737,7.860385,6.9247603,-4.0909796,8.639161,8.703931,5.336577,0.98010916,-1.1551173,-11.268234,2.8813972,9.421112,2.9260814,7.9537926,8.737794,0.8673941,5.7564535,1.8427334,8.033639,-1.1641039,0.06700871,6.2207036,3.154669,-0.4347474,-1.220004,-0.11088963,0.4367106,6.2865896,7.054718,7.5514083,8.251912,5.536221,3.5847917,1.6201655,-4.4346166,-5.5030975,10.964213,6.7777047
118,22.782757,-6.036734,15.9889965,14.453553,6.7039504,5.4336576,1.0294051,14.343765,0.87705386,-3.7862256,5.779384,7.262588,7.4119153,19.541496,2.3396823,0.78068346,0.52047193,-0.73883396,18.162943,3.8299925,10.405688,15.388155,11.331397,13.1777725,-3.6163177,-2.3854594,0.23187192,2.4616714,9.944366,18.701937,9.419168,14.646019,10.207887,11.521243,4.3506765,8.579598,4.6875277,7.6228294,6.4318194,14.62679,5.3568697,-2.223447,4.577211,-0.8361077,24.543242,6.6188016,4.010771,18.28648,2.4093723,7.5949416,-3.4248621,1.4895152,4.693107,14.100515,3.887827
119,12.949441,-14.432855,0.80068713,8.788967,-1.0293692,1.0118124,3.4346118,2.9844527,-1.5585295,-7.3405104,-0.30720273,2.9674327,5.1008873,2.890088,11.435899,4.4708524,-1.5407642,-0.8789653,13.335478,-0.44194952,-1.8569214,3.926086,-14.263066,1.766995,-11.725757,4.9326277,-2.9866977,-8.128646,-6.1403766,6.0043306,1.1873928,6.6638465,1.6442178,-5.2132735,-6.5046606,2.0401723,-2.0059621,-2.4827774,-1.3434681,-7.0454903,-4.521259,-1.6718762,1.9500426,0.22197522,1.49559,0.90054816,-5.7588625,-6.0687447,-6.6457157,-6.8621764,-11.141126,-6.516728,1.2976018,3.5258453,-10.342484
120,3.9459789,-2.0522497,-6.8389025,3.871629,-1.4614365,-0.92012095,0.5934427,0.5193339,3.984163,-12.382554,-4.6192107,-6.6077356,-3.102197,0.12321251,18.02546,5.887036,0.36992615,-2.6093802,8.022363,-5.301142,2.4524813,0.8693189,-8.027768,5.531436,-11.914835,-4.8145185,-12.20933,-11.065451,-3.3557963,-3.5425177,-4.415631,4.8691216,-3.2952287,-4.4265165,-4.7030854,-6.3622937,-1.0914841,0.021863004,-5.816155,-15.077117,-8.56706,-7.203532,-6.154302,-6.4521875,-2.4808595,0.65396273,-5.594231,9.713209,1.3607386,-0.7832079,-3.1791127,-11.737482,-8.547699,10.200233,-5.0317774
121,7.007851,-12.565716,9.124386,3.241314,0.5738348,0.552512,9.388271,7.3100004,7.7021866,-11.039467,-2.8883584,-6.285294,-1.6535816,5.2392077,2.2386322,3.965737,1.5624338,1.3611408,8.183366,-0.9170545,2.4139066,7.8799996,4.9616427,10.409945,1.5358405,-5.827517,-11.490381,3.6196332,8.00031,5.957702,-5.2468357,6.451657,1.0131106,7.6904793,7.111517,11.131475,2.0535653,4.936498,1.9135805,-10.865148,3.1213179,-0.94120896,-4.4084034,0.23240079,4.8592505,6.166139,3.0538666,8.9652405,14.114582,1.0149566,6.320296,-1.3076472,-2.295727,16.676266,2.8833976
122,16.776482,-1.0859429,5.917795,12.135449,2.725932,1.4271935,2.429196,10.442002,2.880176,-8.31204,8.777906,7.564092,8.044111,15.053135,-0.99776703,5.344726,7.517548,0.77802247,7.6015983,-8.917281,1.41858,7.8892117,-1.2785919,16.216995,-5.8036075,-0.60373104,3.6416068,6.177965,12.393556,14.389116,-2.2970724,5.258202,6.0723042,9.3083315,8.316189,18.673735,-1.5348203,6.6443076,2.0927188,5.8318176,3.3585224,-7.8043275,4.200532,0.30990124,13.402622,1.9537237,2.4301603,9.914462,6.5694513,3.2165756,6.328778,0.30627328,-1.2070619,15.71548,4.66629
123,9.1773815,-26.388844,-6.6106734,4.5973983,1.2275137,2.270302,-1.930753,3.8267412,-2.8947885,-4.9882092,2.7425232,3.4488893,7.1291213,5.93176,12.991981,7.7522917,-3.6956792,2.105845,3.463797,-6.375672,3.857845,-3.2288642,-12.126129,8.423243,-14.177645,5.1172223,-3.101323,-12.424543,-4.3086505,7.8529997,-2.1043866,1.1293132,2.3971736,-3.1995537,-4.7500544,-4.0593677,0.37912995,1.2029644,-6.046671,2.2944317,-2.3472753,-5.3280187,-2.549618,-1.6941397,2.669503,-5.3822956,-6.812211,0.13536234,3.3733115,-10.793993,-8.303399,2.1307654,4.188397,-3.1789963,-9.66346
124,-4.8321924,-8.632601,-6.59516,-5.043766,-1.2341886,1.6163037,-5.1949253,-1.2468085,0.67062163,-10.276994,-2.174278,2.7056155,-2.0329413,7.4522867,21.298504,-1.7159038,-3.5189965,-2.348131,-10.875847,-17.392525,0.9699381,-6.371747,-17.138412,2.6258252,-7.452185,-0.8687326,-9.976351,-8.451555,1.7792147,-3.954214,-2.3806748,-3.2282996,-6.9605346,-5.163682,-5.7604136,5.1841745,-1.1130533,-7.723511,-5.8973856,1.8166112,-5.111317,-6.6330514,-2.858081,-1.9357834,-8.723324,-10.720393,-7.314996,-5.763226,-1.7131188,-5.9990726,-5.894439,-6.154922,-11.294095,-11.238338,-13.742321
125,-4.4450307,-5.542536,-1.4732662,-6.166603,-4.8393984,-2.1434462,-12.94102,5.933344,-2.6579533,-6.737556,-4.6964126,-3.683483,3.092383,0.28636077,5.7465115,0.8916073,4.4034305,1.6934135,-6.4413514,-11.215567,-1.6964808,-1.1110176,-13.724834,7.8971334,-9.500583,-3.7758474,-4.717257,-13.533782,1.1613274,-2.58773,-5.9035745,-4.0162334,-7.5328445,-5.862207,-4.5117,1.9757962,2.5187833,-1.514116,-10.182534,10.666374,-1.843131,-11.574112,-0.8442261,-1.9898388,-6.5489416,-9.759819,-6.0038195,1.6772479,4.3334217,-4.8155413,-11.09969,-1.7647532,-2.646399,-0.4967706,-17.074007
126,-1.604097,3.832607,1.1828218,-8.173363,-5.743704,-4.2375565,-11.914798,3.5042777,-0.17654929,0.9558396,0.57127255,0.29732028,0.18643463,3.6843317,-0.5355571,-4.6313844,2.803577,0.44477,-2.9667592,-3.1846728,1.9687574,-5.1248884,-15.4590645,12.273325,-13.081411,-1.0105897,-6.978661,-9.379646,-2.8115904,-3.1131284,2.0199537,-6.6411743,-9.958612,-7.382166,-5.7215385,-11.286536,-3.0387514,-2.3269017,-15.933433,-6.530262,-3.176589,-6.4455333,-7.200975,-2.9865112,2.6729074,-6.2674785,-4.294649,8.805148,-14.263254,-7.4271536,-9.68735,-6.7796903,-8.048228,9.36479,-13.168524
127,2.8622732,-12.66654,1.0976596,-0.8540916,1.0654176,-0.33318904,-4.4619107,5.407488,6.7039523,5.0458283,5.354982,-0.20146863,9.599451,11.262867,4.6780353,1.5305642,6.946512,-1.6001462,-0.14316474,1.4469965,1.0517482,-2.4612598,-0.4385202,11.045366,-5.910556,3.6385312,-3.3397071,-7.629571,6.5990787,1.9170865,-5.947358,5.464308,-3.468953,2.6595392,0.5661607,-0.7991818,2.2786155,2.937115,-3.1515658,1.6096274,-2.2698193,-4.688802,-3.4876697,2.5590084,6.0362496,-6.339604,3.5674999,-3.081706,2.5764365,-0.5407819,-4.965075,-0.97945875,-3.7914395,1.2507595,-9.1988125
128,11.877429,0.56404674,-0.9767577,2.9328558,2.6654923,4.115286,-7.2568207,6.789975,-1.2358415,5.1809287,4.789863,8.597295,3.5844398,11.828998,3.799966,1.6450982,10.567893,1.0739701,1.574572,3.0178761,7.637883,3.349464,-4.6752896,7.3368087,-8.312734,0.9684811,0.35580766,-7.9719396,4.7822413,10.594601,-5.232319,9.177526,1.6367738,3.800555,5.559554,-5.69579,5.0830197,9.705884,-0.81021374,-0.44191098,1.6863059,-3.8584921,-3.1820261,2.3616254,5.318394,0.95720905,-3.0213802,12.035217,-3.509625,1.5100571,1.3966599,-0.1688025,3.6179018,12.048206,-5.2612753
129,2.357769,4.301487,-1.3981649,-2.2118886,-4.768675,-3.2905154,0.22860259,2.5601356,-2.0401814,-0.584643,0.6972803,2.471067,-5.6052876,4.6043673,0.009398716,5.0148854,4.912841,-0.89650744,-0.7614129,1.6816406,4.996516,-1.9607228,-12.486994,10.268731,-0.052845407,1.0693252,-0.90107495,-13.204991,0.92411757,5.0047064,-16.898954,2.7312336,-4.918997,-2.351913,2.0678835,5.010331,3.1948066,3.7156854,-4.966373,-9.842168,-7.8061833,-6.330936,-9.144374,-3.1888852,0.7068732,-4.0066643,2.1008208,3.0981379,7.855296,-0.2349666,-3.4904344,-1.6238036,-2.1892858,-0.2649022,-9.6022005
130,2.8806386,-0.6757731,-0.6552212,0.3709531,-1.6824107,2.8837852,6.5151305,4.696191,6.941467,-0.9631054,1.4450741,-6.201902,3.7667537,9.719935,7.484269,2.83501,6.039583,0.132189,-5.3187656,-1.9019607,9.2981825,1.4666785,-15.625505,12.809612,-5.2926984,-4.536807,0.15886816,-3.8975687,8.673421,5.8730245,-11.737356,-0.7172968,-4.6914873,0.47947314,2.2863111,15.3098955,4.0493565,2.4349182,-2.2526214,-2.6132376,5.624913,-1.8760725,0.55525315,3.368211,0.57437736,0.35536584,9.908691,-0.7470418,-0.2767197,5.7812295,-6.7115016,-5.6090703,-3.8182762,11.3600855,-7.331789
131,12.551528,-3.4581192,-0.54523885,10.073922,9.546429,9.502608,8.1291685,8.865981,10.140564,4.026268,6.0993824,2.103417,12.62908,15.773167,14.306854,8.185965,10.310032,4.0779805,1.3554021,4.143938,3.933744,1.3330706,-7.851237,13.629511,2.284344,3.561353,0.67622185,2.5566459,21.218256,14.280579,7.4003057,10.711323,8.178199,5.9292903,14.632863,5.2813454,8.053206,8.773552,5.3879824,9.833561,3.741655,11.053585,4.0222335,3.0793638,5.113961,2.5638547,10.372495,8.546702,10.047614,0.67814755,4.7242136,-1.5207182,-0.45187646,10.489076,9.142632
132,16.839346,1.8858991,4.7234883,18.159044,13.919953,16.309847,30.869051,11.263212,4.9506254,-7.4255033,14.3866825,4.2571735,8.921778,15.395236,26.170729,10.973983,10.620698,5.5285544,7.1269274,2.5613215,5.593656,7.3354774,5.8972917,12.304392,6.16745,4.055252,3.808716,9.215405,25.356413,19.735018,1.1186067,19.074907,18.64963,10.076265,21.500206,30.68075,9.583502,13.672731,17.374208,7.0840955,7.221503,18.604877,6.9906096,9.532492,10.066792,7.414,13.800105,14.6774025,16.10022,11.5132265,10.265236,7.631944,8.709033,8.830553,15.0935755
133,14.178643,8.514714,1.5385783,17.748913,12.819436,19.826777,22.659794,7.208605,-2.1856227,-7.2157226,11.872858,-9.759976,5.9631143,22.053762,33.675224,8.74551,-2.8913944,3.921652,-4.1766615,-4.155658,4.6291976,3.385827,2.1205218,14.942109,-0.11416761,-2.6082864,2.920358,1.0719267,13.961011,16.334808,-2.5838337,1.3539282,14.093085,4.5696964,10.563919,18.47902,1.4434705,2.1351287,11.03018,5.314556,6.1457744,6.219633,8.868962,9.729898,9.920486,1.4049048,1.5230432,8.384014,6.8418603,5.2011595,4.41365,5.788708,1.5840409,10.7020235,7.5298033
134,-4.7549214,3.8899503,-6.802534,5.3909416,4.4931173,11.313914,17.057549,-3.6127975,-5.229499,-8.323713,8.280091,-1.777361,-6.5644093,13.110084,33.76365,5.848309,-2.4431393,4.978103,-10.024724,-7.105331,-0.11958334,-2.2025428,-7.189972,14.713868,-8.317927,2.4766884,-5.1943464,-11.382156,3.2972739,-2.15685,-11.158471,-3.603921,-1.2520969,-6.5345073,-0.6300189,20.644947,-6.5340104,-5.554886,4.098243,-8.501653,-1.7622615,-1.935671,-8.046632,3.1345131,-2.200312,-0.421055,4.787656,-5.155494,-16.70011,-5.185584,3.346455,-0.70906883,-2.0742352,-11.226167,-8.705928
135,-5.068354,-0.7472489,6.098286,8.682937,8.279569,12.742148,19.441042,0.7345058,3.2342248,-16.020174,12.954402,-8.405077,-1.3581936,16.409618,40.401302,13.56313,-2.4725187,0.8684627,-1.5454164,0.3001703,-2.7398956,-7.160125,-3.4707696,13.832454,-0.9186457,1.8221664,-9.489015,0.81932074,16.620916,-2.2420564,2.3750153,5.752261,-0.9276213,-0.061695814,4.490679,14.696071,-1.966128,-3.1739228,8.104793,-15.154004,7.8256617,5.407813,0.59731716,1.0205413,10.346374,11.689523,4.2624197,12.671407,0.42555314,13.723917,8.846802,-2.305839,-3.1560307,0.15190786,9.040125
136,7.333931,-3.2157192,1.4908584,13.151714,11.264275,18.418072,14.952589,6.4591713,0.44346192,-1.9675817,12.74501,-0.6024532,8.467304,23.507093,24.693214,6.7551317,-3.18009,0.19109459,-3.6864965,2.7370229,2.9287057,-1.2531686,7.979163,12.710759,0.060325686,2.5912406,-2.936823,2.3602245,15.435376,4.0749307,-2.1651325,9.82882,8.474397,7.0227523,7.0564775,15.367934,1.6089648,2.2358072,11.950047,1.5660073,6.156113,3.675406,4.598326,0.41241756,7.7485676,6.879615,10.320172,10.027221,16.796335,6.47614,6.696894,3.057278,3.184858,-0.30731627,4.041496
137,-3.1607106,3.203634,-4.77359,2.597628,8.603166,8.709675,14.735446,6.392224,3.0095832,-3.0132442,14.221105,2.3708265,10.990652,9.8057,20.94493,11.309533,1.4735509,2.1545963,1.198802,-4.109001,-0.02067342,-0.09381144,-14.907612,14.60303,-5.626666,5.022808,1.0480012,-4.5998435,2.5552726,-3.8231263,0.6938298,6.8598304,-0.92632526,-0.3650422,-5.540965,13.4646,1.4919527,-2.0120203,1.053016,9.913265,-7.163962,-5.1923475,3.5628016,0.6922335,-5.1539564,-3.4495668,-0.93184644,7.262504,-5.3097134,-16.420174,-2.784251,1.7858589,1.4479955,-11.253489,-3.9335775
138,-11.877815,-10.990792,-7.4251347,-1.0749456,-0.5271256,11.281647,17.534962,0.4179615,4.4564657,-13.619109,5.3736176,-9.000314,1.6082506,1.948604,27.547838,3.8701613,-9.964868,-0.7134058,-12.222256,-9.50674,-3.2275224,-8.76798,-13.356175,13.033221,-7.928626,0.779951,-10.43171,-17.740744,6.940354,-11.337542,0.48778343,9.600822,-9.605066,-5.757373,-6.1122766,12.08541,-3.3616967,-6.8685565,1.1812912,-11.788032,-4.0130777,-8.031039,-2.8051817,-2.1867118,-6.802592,0.2812419,5.3636913,-5.99136,3.4810379,-8.062593,-2.6437986,-9.696793,-7.171397,-14.461087,-9.584748
139,-2.3906689,-18.549349,4.578585,4.1463675,1.9272223,2.4855814,1.859164,2.371082,11.883484,-10.0216255,3.9257615,-11.061159,2.4836771,10.2774515,13.278168,-0.54936624,-3.1882954,4.4334598,4.343758,-1.9672486,-2.526881,5.6617947,5.5558596,5.193058,-0.94492507,-4.881092,-11.381977,-6.1839266,13.694159,-3.2569323,12.708554,10.0000515,-0.80163246,2.2713847,0.6637498,15.907878,3.621764,-1.6945387,4.641842,17.231247,-0.2717432,-5.320746,-0.42066988,-3.1004336,7.892579,9.251429,6.1419797,5.9570856,-1.3016411,-1.1070235,2.2540107,-3.3326914,-5.141536,-2.9648967,0.008256407
140,2.650961,2.8193681,4.519742,4.11744,5.8141522,6.3643084,-5.2462273,7.1211467,2.7000706,-6.139537,6.321655,-2.923646,5.4007373,21.881731,-0.8430449,8.733019,0.83697426,-2.3344285,-3.915034,-0.6059308,-6.6766787,0.73582655,0.4123314,14.235351,3.6317296,-0.5738882,3.2610104,-4.0004673,7.662378,5.815532,7.7003875,10.668362,6.8617196,4.850861,2.2965398,3.0572624,5.820815,3.744071,0.838067,6.2501483,5.8481717,-5.2973714,5.6763563,-0.06019757,12.442489,6.507774,3.4988687,3.5982652,1.5385574,5.23532,0.31303102,4.6077843,4.7131634,2.4457278,3.2119193
141,-3.5892384,-4.788945,-5.811375,-5.368853,-3.116571,-7.250465,-14.0037365,1.0649513,-2.8129628,-7.68679,0.26471156,4.9722714,6.3942766,6.2480845,-4.5215073,3.5773437,-3.648304,0.6585069,-6.088881,4.3414745,-3.6879487,-5.2857733,-9.775547,2.5392444,-4.273985,4.2186365,4.0226426,-20.0302,-4.5705023,-4.5602612,-13.299445,7.193109,-6.303001,-7.4312468,-13.568746,-7.3164864,-4.9301095,1.1251591,-10.077347,3.172389,-9.519442,-10.726309,-3.4466121,-0.45268354,0.52106607,-4.3483787,-6.038659,-3.4305592,-11.742804,-11.935292,-8.128229,-3.7838857,-1.8782536,-8.261699,-14.865736
142,-10.948816,-11.2264805,-0.46472758,-10.582486,-3.318391,-3.5467575,-8.919469,-1.2438263,-0.70006883,-10.057741,-4.221188,-14.991389,-2.946743,0.1193971,-8.306296,-6.088023,-5.174054,-2.6213877,-8.004013,-6.7168746,-3.4705184,-7.580826,-13.562301,-4.067752,-2.8611832,-2.4768362,-4.7716904,-13.925119,-4.023646,-8.550129,-2.8608465,2.6234403,-12.306001,-11.0911045,-10.061525,-10.303579,-3.6783054,-8.760318,-13.334159,6.4590855,-6.9011745,-12.378254,-12.088224,-2.7059977,-5.5972843,-8.092555,-1.1180106,-2.8597126,-14.103868,-10.532025,-8.192104,-4.954007,-9.813293,-16.477463,-17.689857
143,-5.799138,-8.747144,1.8672223,-9.810851,-4.3261423,-3.139307,-18.681591,0.7397949,-2.2833931,1.2990227,-3.9592288,-2.5264516,-2.9046366,5.3338723,-15.618262,-5.042695,-0.08423704,-1.0237042,-7.5647964,-1.3275326,-2.8609633,-9.430425,-10.124112,-0.6886184,-2.804701,-2.3934953,-0.49809277,-8.521539,2.485973,-6.7393827,-0.5330474,-3.9480267,-13.054951,-8.212954,-5.9744344,-13.934636,-2.5538638,-0.08895534,-13.989909,4.798003,-2.5571709,-10.385188,-2.3356216,-1.2615396,-11.256887,-6.683153,-2.7592278,-9.1629,-5.2361717,-0.8826583,-0.9386297,-4.7660522,-3.0049272,1.264079,-8.56721
144,4.738045,-2.587753,5.094703,-5.522116,-0.8641252,-5.6884704,-9.408834,0.61826074,12.763191,13.687847,-0.8860525,-2.872986,3.1891334,2.2462687,-27.963673,2.6734216,8.674671,0.7887872,7.162272,3.9703,9.114844,-1.8184215,-7.172759,9.771898,4.2552834,-2.0491474,4.788785,-7.0633082,3.9461808,1.9659002,-2.896205,-2.5649452,-6.428234,-2.1778567,-0.786671,-8.342531,1.4874892,0.74784744,-5.3207383,-7.0014915,-7.449471,-8.425202,-3.9153116,5.066759,1.7286528,0.2480407,4.6601634,5.5574718,-1.5595,6.537464,6.7076817,-4.3094306,-4.5382996,12.599001,-4.1096406
145,15.9615345,-1.3184221,3.417414,4.6361585,4.655222,4.992511,-3.396647,5.577698,5.9382987,12.395038,4.3231406,-2.1722124,10.439845,16.488928,-4.820513,0.94919866,12.587493,3.0409994,8.030288,-1.811747,4.758284,0.30547196,-6.864223,12.281519,6.4526973,7.5973177,8.645039,-10.865056,9.190758,14.447865,9.28806,5.0751457,4.4307365,2.5882509,4.5181327,4.5270715,6.7399,9.715962,8.714864,6.885595,8.092782,3.84571,2.947916,8.516281,11.856954,-6.479295,9.187727,0.01799449,-7.3221636,5.5005,1.7346804,5.271734,4.857005,-0.7832873,-0.017612545
146,14.332874,-5.273052,7.0326204,3.9057598,3.713831,5.616012,-6.172683,7.198013,7.0183206,15.490748,3.1729207,2.3843942,10.022728,12.117297,-0.36041656,9.882748,5.2747817,5.4968104,7.5308385,1.7929312,5.4851375,-4.5173893,-5.7931166,8.359035,4.888058,9.60184,8.699407,-1.3703932,-1.1738619,17.64842,11.474266,2.9205098,4.422022,2.644318,3.4317977,-4.3801246,7.117429,12.11241,-0.75222707,5.687399,2.227217,2.928056,-0.60793877,3.9625015,6.7354894,-4.7808456,-4.093507,5.2600684,-9.174666,1.2037396,2.60044,6.77623,4.204542,6.5428085,-2.9860437
147,5.076944,5.049991,8.071047,0.591066,-0.36473563,-0.8005102,-7.732645,5.74557,4.489307,7.527697,-2.2422664,-0.5326133,1.7625111,4.795397,3.6700945,10.821769,4.2704473,2.3677375,7.608883,3.0470715,11.979129,-0.651566,-11.66782,4.4554553,-1.8867353,6.6316037,6.41354,-6.065734,-4.15532,13.357306,-1.7485821,-4.137826,1.7442784,-0.66631335,1.3445086,-0.214819,5.626874,3.297609,-3.7508364,-4.6248965,4.4377513,2.8218648,-0.20501032,1.0443214,1.8757801,-2.4176323,7.435868,-8.135483,-8.228383,-0.5004396,-1.8387089,0.106672175,3.180304,2.676923,-13.405689
148,8.033928,7.4908543,6.25642,5.052823,7.7894855,12.018899,7.5464087,6.991525,9.71281,13.728805,5.039685,-5.164703,1.7443756,10.429081,4.2882633,0.8869606,4.159497,1.438717,12.033127,6.2922244,9.201511,1.2267743,-6.2750597,11.644473,4.326969,0.9531631,3.673763,3.7028255,8.365419,11.843833,8.089301,4.8911858,5.570769,1.0834522,9.993279,-7.493956,4.2130494,8.007678,4.9755015,-3.5568721,6.472926,17.797117,2.8795018,5.9132366,9.687608,0.072461545,9.80029,1.8791233,1.3105365,4.633372,-2.6735334,-0.06872164,1.315822,-4.554359,-1.8211445
149,13.521422,10.109515,8.6091,8.889562,12.691097,12.388041,-1.2125992,10.029656,8.150418,14.346748,7.173357,-4.392744,5.2085285,14.361937,4.7029405,0.44130436,8.149365,4.9250855,10.0128,4.875785,13.420967,8.645309,-3.3579574,7.860003,4.399475,5.6572804,4.664477,5.063845,8.784981,13.969988,6.5622544,3.2443883,12.183486,9.381769,12.800887,3.2913003,9.291059,11.128691,1.777215,12.468332,9.693924,16.583145,1.3789297,7.7364964,2.5983374,3.9082758,1.49958,8.920505,1.438782,6.538782,5.793234,4.067902,6.6985707,17.231916,0.19363488
150,3.25126,6.98959,5.9902086,-0.22252728,7.15334,3.9882681,6.8978505,2.0790303,9.875697,19.787413,7.9226365,9.779996,6.885772,4.7643228,7.701558,5.605686,13.230051,6.381145,7.4009447,4.794262,12.391929,-5.171778,2.58598,3.200852,4.814085,7.164991,14.054191,-4.608418,1.854077,0.9081548,-4.1056976,-0.027729122,2.558812,0.31017718,1.8591278,2.8417861,2.7466943,8.463627,1.0747106,-0.49305975,-2.6860425,13.966451,-0.65175545,6.980424,0.98584557,-3.5649397,-0.5778905,5.3859396,-4.0617285,8.686313,2.9699948,4.1275125,2.034906,1.8336546,-0.7247272
151,3.824722,25.853207,6.254906,8.7513485,10.1341305,17.406408,22.118853,-0.22719412,12.379634,16.485989,9.392286,-7.48282,11.639183,15.652064,16.019827,6.030177,7.02052,8.17388,7.1105814,3.5576315,11.09264,-2.3793623,3.3299718,8.28412,-0.826737,15.560168,8.946676,-1.3426259,6.5384016,-0.8890637,0.45564333,14.239481,5.60862,2.2791877,6.367431,16.54554,1.547446,6.2656717,12.078756,-8.466102,5.503513,11.786748,0.8752452,11.110996,2.8844695,5.4244027,13.09512,5.0907626,2.6889348,6.364468,3.2563384,-1.4796562,7.3872085,-4.3122497,4.310388
152,9.195339,7.897998,14.712835,9.768998,8.7103195,14.636531,9.451811,6.4615903,9.563666,12.640005,10.527015,-2.8888092,7.6846447,16.225414,18.22107,5.9937797,4.280803,2.2313795,11.324009,0.29591566,6.2368355,6.271209,9.722958,13.323946,9.163265,5.2546296,2.9742768,5.684262,19.1637,6.209011,4.5822554,13.319258,8.807011,4.930898,11.3505945,11.703489,5.7950935,13.870963,11.990518,11.180244,13.141069,12.957923,3.0691786,8.256015,7.9256964,5.875048,8.165412,8.93339,15.34376,5.5254393,14.963117,9.0184765,11.74438,12.522689,6.8326774
153,5.7293,0.70174384,14.026129,10.922537,11.921685,7.8650784,10.568096,10.431149,8.209798,20.039375,14.672264,13.606203,14.078812,19.57017,-3.8122773,8.012154,4.1326203,3.4236774,11.788478,10.677147,14.430484,8.053789,20.385853,29.425617,12.742286,10.824988,16.221952,11.187747,11.653216,5.5161295,16.122694,8.870049,10.957715,10.488299,10.90719,9.017713,9.701672,11.102767,12.169253,10.281282,13.36875,11.052969,7.0644565,9.321329,12.446021,5.674061,3.3336728,7.561417,11.042026,6.444495,8.665521,11.900448,7.323445,13.43018,14.557663
154,-1.8645822,6.056319,4.1851354,-0.9752246,4.35643,9.5757475,18.109957,3.8779812,5.8578715,7.04792,8.281378,2.9619246,5.6376195,6.2976,7.1223598,3.951251,4.757101,2.117377,7.8624177,4.0955267,10.173692,-3.857944,-6.8983035,14.037075,5.3475313,2.816703,15.35703,-7.6588163,-1.9342092,-4.5789495,-5.7056656,10.505022,-0.16218697,-3.0615418,-1.1901498,0.4638645,1.2075416,7.5248966,-2.066924,4.0916233,-3.8119442,0.32739937,3.3561769,5.029992,3.606405,1.879996,5.255044,-3.3736458,-14.654922,0.651298,4.2252164,5.779853,7.206531,-5.8717847,-3.3186302
155,-11.240124,11.578454,4.635192,-2.8790226,2.5668263,8.7962885,6.1655436,-0.73662555,8.975916,9.839638,6.4898057,-10.99418,-2.3182635,10.424607,12.718058,8.642224,1.5665013,5.930401,7.854616,-0.016221775,11.642928,-2.3824406,-3.5549748,12.701915,1.500826,1.8458713,4.8856683,-6.9951377,4.030488,-9.925215,4.7586293,10.836513,-3.0870268,-2.7886899,-2.555884,7.182543,4.144408,3.126727,4.6574426,-8.963099,-4.487646,5.252416,-1.8243494,8.166179,-6.778461,-1.4001979,5.107063,1.2681981,-5.618472,3.4041295,0.4546105,-2.4535043,-0.9545169,-1.7307979,0.4868444
156,-0.4899774,1.6736236,5.2593837,3.030455,4.9688635,6.830103,9.440115,-1.889615,9.726686,4.632165,6.870481,-15.188365,2.155978,13.791332,7.0940847,6.6899433,9.930112,-0.69623744,1.8833714,3.8340023,9.169223,-1.1866477,6.2720027,5.9265532,-6.313259,-3.8422294,0.74410415,0.34173846,12.685082,-1.3702538,2.804521,7.216057,4.587144,2.6400867,7.2542515,12.652107,9.126118,9.629075,5.231488,-1.5086707,0.93777657,7.080748,6.815291,8.368601,6.160092,10.408425,13.53745,14.0603075,1.8138803,12.535645,7.808292,6.8342743,6.940272,7.1392126,4.088795
157,2.3214893,4.2401686,7.8861976,6.7408333,10.055334,7.1587095,-1.6110568,9.484646,7.723286,9.388685,7.1124973,-6.7889686,2.0521789,16.265905,5.097699,-0.47411275,-0.22259013,5.0546646,-4.7401643,-1.4667978,11.057139,9.113156,5.305653,11.81653,2.3628287,-0.056694582,8.825728,13.072198,19.44603,2.9012504,6.6554756,8.374964,5.7865925,6.0796165,7.6753836,16.114843,7.349861,11.065259,14.013954,12.079688,8.431198,-0.26687184,5.977674,9.664864,7.4828954,-1.7686614,6.150939,5.6795964,9.370611,12.969393,6.6717815,8.415677,8.136641,5.078995,8.7145
158,-9.573322,0.6825217,-7.6660347,-2.9491649,0.11519839,-0.19177546,6.8347554,-3.0623531,-0.4926417,1.4305819,3.7274876,-4.8118644,4.054017,0.6597101,0.06470733,4.2771277,0.28603265,4.8020034,-13.047354,-8.34001,4.169866,-10.46873,-1.2142613,-0.25213414,-3.3340166,-5.9118013,9.626716,-15.295734,0.9462985,-5.832654,-4.6071095,-5.570548,-1.1568831,-5.8055987,-6.0862207,2.7291827,1.2085079,3.408397,2.6494575,5.965437,-1.5676454,-1.0345553,6.98717,5.584271,-8.576733,-4.2187486,7.550861,-11.58166,-14.668858,2.0790994,-1.869194,4.8695903,5.430667,-6.3450823,-4.6501727
159,-20.543152,-3.6400697,-11.370203,-12.515904,-6.3826256,0.70360845,0.26287282,-15.722232,-2.2698,-1.633524,-1.0277044,-20.521969,-5.450366,-3.6955304,1.9831295,-5.9033766,-8.318196,-0.8385945,-22.813435,-11.350721,-5.850596,-20.430565,-9.962507,-2.671451,1.0942786,-13.434305,-0.45765975,-14.971232,-3.2265832,-16.453487,-3.7761354,-5.4258385,-11.002964,-10.5168915,-8.606993,2.3621845,-4.1772857,-8.355552,-2.1324186,1.0155247,-7.3298078,-9.480699,-6.501059,2.3245769,-6.868084,-3.368981,7.1167493,-5.9772835,-6.153345,-10.826448,-1.5548139,-2.9568765,-2.656526,-8.314034,-8.3464155
160,-17.092808,-9.390701,-0.03429628,-10.063641,2.1770418,3.2811124,-6.6573324,-7.213091,7.111259,-4.5517836,-2.35496,-15.804787,1.2879429,3.0311406,-7.644244,-10.53645,1.7074547,-0.107671455,-19.24201,-15.362044,2.7030895,-10.681805,2.0918005,1.6286845,3.7018073,-6.1877213,1.8637685,-1.2421997,9.1731205,-10.195332,4.551942,-6.7800603,-4.2891006,1.5549638,3.3705828,8.0419445,4.0385427,2.9763174,2.9872944,14.035456,3.228378,-0.5332971,-3.804439,4.909215,-9.676166,1.8578173,16.21031,-4.5738826,6.431392,-4.3742056,-3.3586602,-1.6416557,2.2279816,-0.6794925,4.013127
161,-7.296318,-11.4932575,0.5298895,-2.5026584,3.024496,4.3324614,-9.078063,-1.7644142,7.5204754,-4.84858,5.845607,-3.466151,0.7750958,13.4189005,-19.272585,-4.1768045,5.1753035,1.5289344,-9.517901,-9.715322,2.864691,-0.64163584,5.678156,3.2276528,-0.4928786,-7.9150968,0.6232816,7.0818415,17.549797,-0.748348,5.031454,-3.249201,0.16285816,5.781732,4.4163113,17.766853,4.291581,6.849823,1.7813288,8.116431,6.129724,-5.299911,3.3457882,2.9017174,-1.2401334,1.3169684,11.08713,0.06401295,2.4339666,2.639719,3.2985775,5.2781944,5.686442,3.9486356,9.893434
162,-11.770261,-7.046106,-6.466122,-9.027223,-3.7193,-11.689879,-13.759075,-8.550322,-3.4001017,-3.689429,-5.497765,5.184204,-2.6173618,-0.4329568,-14.837176,0.08542785,-3.8218534,-1.176229,-22.984133,-7.8452725,-4.951912,-9.337128,-7.197358,-3.8293586,-16.256334,-8.384608,6.3762684,-10.243028,-3.5783615,-3.9326527,-9.746313,-8.953062,-2.6103837,-6.7126365,-9.217271,-2.1807947,2.2198753,-1.2043694,-5.3763056,10.6741905,-7.697496,-11.253075,-0.30845848,0.67418927,-9.005022,-5.643045,-5.992486,-11.521626,-20.036829,-2.0649607,-5.0559163,0.5573257,4.7641973,-6.468093,-9.922319
163,-25.805294,-20.35528,-18.367222,-18.364267,-12.959112,-8.503256,-5.9899354,-20.390472,-8.842322,-14.953377,-10.347217,-10.30582,-11.235583,-6.4778867,-14.343786,-15.670735,-9.812807,-2.8170795,-24.99107,-11.092615,-13.7909565,-26.365818,-23.569319,-3.0713594,-13.256807,-16.212555,-10.2667055,-20.807138,-2.8232062,-18.978836,-5.223015,-15.286447,-18.818197,-18.288622,-16.378593,-1.9915547,-10.400632,-15.00006,-9.732274,-1.240759,-13.614255,-21.747625,-15.929049,-2.1041086,-24.879017,-4.4520106,-8.072328,-16.057472,-18.84966,-9.752749,-11.70164,-11.666386,-16.046309,-7.327189,-9.851871
164,-14.381828,-22.350317,-8.15081,-12.415227,-8.479109,-6.2932863,-13.334688,-17.21525,-7.1338234,-18.174267,-5.6852975,-23.978296,-12.990029,3.2744677,-16.906187,-17.739773,-7.618385,-8.497206,-23.361853,-15.248744,-16.79175,-9.419269,-7.2004952,-0.9786744,-2.0701714,-23.183517,-14.183912,-11.994337,8.72347,-12.231575,-5.5940633,-18.058558,-11.340515,-8.738106,-5.263998,8.147177,-6.429336,-6.6837096,-0.29425964,-2.336226,-1.9826509,-14.475809,-4.7284455,-7.0274143,-18.065056,-2.9956024,-6.32413,3.7868187,-10.240659,-2.3736074,-3.0544589,-3.5378356,-8.921609,-4.1996627,3.2244334
165,-5.7706585,-10.126471,-6.014875,-8.110726,-4.215132,-5.976561,-17.108341,-9.460306,-7.3391743,-12.920467,-1.9247162,-14.476887,-5.100842,-0.06497417,-22.701591,-11.008698,-5.8161125,-5.8636117,-18.96008,-17.520771,-10.174683,-0.3028644,1.3988245,0.9501929,-0.012542193,-12.138801,-4.2215395,0.2753171,7.756588,-4.7550135,1.1365982,-16.063908,-9.446955,-6.356853,-6.2585034,10.385966,-2.5791802,-7.1737456,-1.0202663,10.313705,-1.6180627,-17.84258,-3.110449,-3.9436111,-11.537946,-9.71089,-8.717734,1.411105,-2.2239866,-4.9142036,-6.838555,0.7498174,-7.3762856,-0.25969157,-2.6721003
166,-8.940146,-14.605227,-21.261251,-13.871591,-8.941208,-7.633905,-13.713475,-17.230728,-14.319495,-12.647326,-3.828847,-12.764127,-10.81929,-1.505747,-25.50384,-10.094864,-8.58731,-4.1341805,-15.923084,-14.370872,-6.939488,-13.006623,-9.74494,-4.0079594,-7.6780286,-11.713526,-1.661278,-15.957425,-3.6874979,-10.970413,-9.496846,-21.99281,-10.673064,-13.476223,-16.974566,-2.2778351,-7.779413,-10.612647,-7.899871,4.7594714,-13.354703,-18.367182,-5.0316505,-1.343892,-21.34774,-12.627935,-16.893187,-5.342298,-18.764435,-14.449802,-9.330349,-3.2882195,-7.414088,-11.243711,-10.517217
167,-16.526436,-21.991625,-15.303099,-16.779995,-11.157779,-6.8603816,-1.2349678,-16.9161,-5.119294,-9.617095,-6.4032407,-17.98521,-12.657475,-1.3041677,-17.379099,-18.450796,-9.687169,-6.280917,-24.750355,-23.400816,-14.074935,-20.615147,-15.712975,-10.261545,-16.377544,-14.175051,-10.849086,-22.145761,-2.7347138,-14.537102,-9.37444,-11.683541,-19.034018,-13.882081,-15.597233,4.600626,-6.03663,-16.654364,-6.591533,-10.558153,-9.454132,-14.7119665,-16.701376,-4.283577,-23.618467,-7.9555387,-8.102654,-5.030984,-12.937794,-6.743739,-10.618081,-6.6730194,-14.799902,-9.693997,-6.3149605
168,-12.19432,-15.537655,-7.28096,-7.053122,-1.6817069,-3.5862584,-0.8607155,-13.13025,-7.5050163,-11.080134,0.7772096,-13.26815,-2.9993715,6.1747646,-13.542203,-10.697936,-8.039788,-0.9364865,-17.991783,-26.67975,-9.204434,-6.060348,-2.1452296,-3.3568158,-1.1909486,-9.461747,-7.6033764,-3.8459153,11.179163,-6.217759,0.69249934,-17.716547,-2.4630835,-1.5500629,0.96962696,8.138201,-3.7126482,-6.426493,0.83224463,14.197801,4.189517,-10.272479,-6.717366,-2.4421637,-12.965835,-4.2780137,2.4556336,0.92932165,-1.6870705,5.5901837,-1.7367871,-1.246104,-7.9116974,1.3954661,3.8131318
169,3.2976928,-1.6105927,-0.7329182,0.81209344,2.5540667,-3.2630289,-13.117684,-1.0581703,3.446922,-11.027435,0.93348414,-10.94099,1.6253582,9.489155,-30.575205,-9.93821,-7.4269795,-4.7297077,-11.6226,-15.511588,-3.6643882,-0.481625,-5.6755304,1.3307469,-5.432247,-11.615308,-1.7350348,1.294018,6.9047894,1.8972085,6.6048217,-7.016762,2.059247,0.31862164,-1.6256785,8.751724,4.665512,1.1645558,2.7946165,16.092636,-0.9384789,-10.09049,-1.421876,-3.4494195,0.63184196,-3.8629007,-0.27159485,4.763902,-4.5522947,6.399115,1.038355,4.8378654,-2.4253602,-4.917217,-1.1079453
170,-0.7893335,-15.130019,-6.3264165,-4.561687,-4.028156,-10.369621,-9.550927,-1.379614,-1.7605113,-9.80542,-8.943072,-3.0811796,-2.0348837,0.76647687,-25.213413,-1.746198,-10.352564,-3.0623627,-7.9127007,-12.282035,-8.52026,-3.7546134,-18.718056,4.579418,-16.05322,-13.406904,-1.3674681,-21.867199,-9.725236,-1.659697,-7.134166,-11.37474,-4.2768235,-6.5722275,-9.257328,-5.8581433,-2.7724776,-6.8434906,-8.515536,6.4275064,-3.8333745,-16.534431,0.14602402,-5.8337436,-11.050099,-14.291816,-3.9408555,-7.99726,-4.922231,-6.6718426,-12.004087,-5.4315014,-4.7711453,-0.7909926,-11.736237
171,-4.5133853,-8.942579,-3.1885407,-3.2941072,-2.5422175,-8.441307,-3.6507404,-3.8841772,-5.42649,-11.320118,-9.7916,-7.2648563,-7.5818233,-5.8808618,-24.589031,-10.848373,-8.578297,-1.2345661,-4.926856,-12.751764,-5.237764,-12.223547,-7.1198707,-3.0690086,-8.466241,-12.941887,-8.109335,-20.402704,-2.4444764,0.9495342,-5.2270236,-5.4874625,-6.7179227,-5.1912904,-9.7607565,-12.814799,-3.4679027,-5.558667,-5.8261495,8.412652,-6.425099,-10.363206,-11.134851,-2.6299481,-19.57631,-7.744102,3.5841997,3.1537337,-17.235727,-4.389266,-9.216511,-8.072976,-8.488846,0.46531975,-9.346867
172,7.8516283,-17.722515,6.480359,3.1647425,-0.75406057,-0.8620124,-9.632762,4.430462,-4.1034455,-2.7033994,-6.9541173,-9.689121,-1.1129508,2.9924746,-22.42418,-10.230836,-2.7190957,-4.1006045,2.7369444,-15.373323,-5.346368,1.7720177,0.33649883,2.4687307,5.760631,-9.27558,-0.5825599,-11.505075,1.1389396,8.837649,1.3393339,2.0469792,3.2445054,3.4157522,1.4721339,-3.937045,1.4149305,4.7999997,-1.8128073,3.152657,-0.33149335,-4.372215,-0.41482538,-3.5328848,-0.41375488,-1.5393964,-1.6154387,5.1686926,-4.8496094,-0.7307871,-5.558985,4.5795236,-3.0848792,13.071492,-3.509725
173,5.0951686,3.283527,6.0351043,-1.6069698,-4.4653864,-14.452653,-4.7032223,2.2678218,0.93146473,3.2094796,-4.689834,-0.29494518,-2.64751,-9.28385,-39.52082,-0.3521528,7.425834,-2.5414307,7.7735243,-9.422144,-0.13119888,5.5341988,3.995248,-5.301677,-3.0623667,-5.02394,10.547878,-5.6922865,-3.072155,6.5719223,-4.6954474,1.7634853,0.91566914,-1.1247717,-8.00941,-10.372233,-1.3156438,3.0577502,-7.7555885,1.0879542,-8.069856,-10.369779,-0.035112657,-0.24984902,-4.0301294,-6.193499,2.4937987,-7.3970957,-8.543825,1.666098,-0.6073545,1.8127372,0.83353865,5.5265093,-7.1222034
174,8.777473,2.9393256,7.9595246,2.1347783,5.068923,-2.9425611,-9.332572,7.140245,0.97669125,4.991107,-7.6652575,0.46980157,8.549015,6.6800413,-24.33735,-0.295354,7.5412164,-2.148994,14.142258,1.6718036,2.1608195,2.4420738,-9.7277775,-2.156921,-1.5813472,-10.65151,8.5888815,-6.551392,-0.9262477,11.890469,0.7911182,7.0678988,6.351143,2.6961572,-4.031042,-5.583139,-0.29840758,4.169974,-2.7872956,-1.5864384,2.8067946,-1.7400832,0.2655208,0.749897,1.3551662,-6.0181665,-2.7951312,7.529616,-5.902936,3.442405,-0.108813144,3.9529033,1.560673,0.0068414,-4.620617
175,7.5028706,4.6753583,7.768753,-1.7974434,-2.4311738,-11.627687,-9.744138,4.9964795,0.35879266,-0.39188203,-6.528525,-5.013883,-1.8307374,-4.552014,-19.298166,-0.49739665,3.3457832,-4.385873,11.827277,5.845479,-2.4116743,5.2751737,-6.399944,-2.597209,1.0540258,-7.9553814,9.120555,-14.023919,-9.215446,11.507157,-6.428134,0.7090772,2.6170924,0.05225864,-2.8407757,-14.781467,-0.6441752,3.696742,-9.432157,-9.780218,-9.763151,-5.6805477,-2.1184547,-3.4674299,8.672185,4.4968457,-7.4962053,-3.130305,-14.329231,-3.6721497,1.7095449,-5.088335,3.9737396,1.3587934,-9.906798
176,8.014088,-8.968097,11.772705,-1.2595438,-0.2252948,-5.407613,-9.470013,2.837553,-1.1374124,6.4388504,-8.049175,1.4341502,-3.768666,-0.3231964,-23.48415,4.634225,-1.5941591,-4.6324706,10.717006,13.058408,1.3913316,-2.8619444,-1.6880391,-1.8834374,-7.934342,-2.7444952,3.5624883,-5.411828,-7.51284,10.646781,-0.8536787,4.7791915,0.09334198,0.70285356,-4.7828364,-18.277155,3.6170819,2.341518,-8.624561,5.446473,0.47335243,-4.6703815,-5.680761,-2.6567085,6.2121286,1.6615746,-3.4941962,-3.159012,-18.427042,-6.085547,-5.323505,-4.1730175,2.292627,-2.569263,-11.6206875
177,9.686513,-8.236463,10.044455,-3.7918615,0.14599486,-5.632185,-1.2429246,2.766571,3.2423344,3.6955645,-6.0225353,-10.372596,-0.40273243,-5.150971,-18.622746,-7.538056,3.239509,-3.61251,14.597028,19.854525,5.2724676,0.09181692,-2.047337,-3.9589446,-11.687661,-8.856275,1.8173974,-14.491447,-9.049239,10.204074,-2.1711938,7.0931683,-2.4941607,-0.7251999,-0.46098527,-23.345419,2.0157535,-2.2470837,-13.079505,-5.362846,-2.018747,0.17670333,-3.0345147,-1.3004934,10.8668995,1.0620996,-5.944126,0.50230503,-8.255397,-0.47642368,-2.1292026,-2.5121489,-0.4595649,4.8116393,-6.92438
178,7.2110915,4.6607285,16.375023,-1.2835041,2.129674,-0.61475015,5.4382877,4.0203204,6.143022,10.547803,-4.124414,-9.3640175,1.0832528,3.1317022,-11.503774,-6.9415965,2.0666397,-3.440911,10.368087,19.322767,0.73235774,4.259926,7.0165462,-4.088297,0.030506881,1.3720555,5.883506,2.9067285,1.6129704,11.453159,3.291755,14.574233,-1.4756728,0.67340416,5.6768427,-14.054093,-0.38557956,-2.3911765,-1.5066222,-3.5598924,6.340136,4.4634686,-0.26377457,0.56841815,4.1496143,6.9982276,7.628799,-1.9456989,-2.3008416,12.5170145,4.5070643,-6.1646595,-3.3742743,2.0951285,-8.130926
179,21.227587,8.60589,22.378176,14.071939,12.422152,12.913641,10.919912,8.637771,14.160674,18.035563,6.8742285,-6.103336,11.690814,11.766533,-3.0654385,-3.9366462,9.183863,-3.9177346,13.805826,25.426212,5.784245,14.934844,16.784517,2.44189,5.47568,5.654768,-0.07970364,16.925348,11.141967,22.673498,6.164333,25.486116,14.813271,17.025282,21.974596,5.09997,8.775855,9.034648,12.432311,-1.162105,14.213133,19.312084,6.219119,3.5052361,15.7336855,17.433706,17.908564,3.1460278,23.344986,8.491006,8.937063,3.2595983,7.410726,24.743238,7.989582
180,26.398228,13.719054,19.933146,21.533188,17.75607,17.294943,14.374101,9.403451,13.961647,16.04806,6.96576,6.6320186,16.305742,15.965279,10.199376,7.668768,11.929593,2.111197,15.363795,19.993492,10.808621,15.121673,12.2283945,2.9222367,5.1793184,7.6867146,10.4341135,27.722034,11.877622,29.229757,3.5151267,24.469704,21.568222,14.929705,23.127296,1.6917857,12.261726,14.443498,7.386613,7.033427,16.79039,27.404976,10.862426,4.551138,25.597916,12.653996,7.768664,0.075107306,15.727595,10.086373,5.1157827,13.588223,15.450094,10.059018,11.155458
181,9.985825,21.195154,3.2304728,8.168084,8.0934515,9.092359,2.4819279,4.1613154,5.4578996,9.198079,1.5970925,17.288023,13.615895,-0.74888414,12.587493,5.380676,3.3962388,0.9549473,7.226761,12.809471,11.866093,1.6786993,-0.31046444,-7.4314575,1.6045413,14.592082,9.865517,5.0261993,-1.3656123,13.873734,5.733915,11.987052,6.808006,2.9144876,6.343438,-7.9929614,2.2987494,7.523967,5.3657227,14.154711,0.6400936,9.512783,7.2629805,5.7262115,10.857826,7.3182635,1.0730907,-10.4850445,-3.6202145,-3.4753623,-0.1952062,6.453679,9.437311,-2.7307632,-2.917085
182,-3.5118384,4.6820707,-1.1350428,0.5668072,6.214725,12.833624,-1.3204681,-0.38385916,6.5302305,4.511407,-2.096819,3.3569307,4.0584555,-0.8100797,20.002987,-2.4537756,8.0411215,3.0070312,-0.78007954,5.8662314,1.725543,-4.099605,6.1320024,-8.371948,-3.8118706,1.7011822,4.1020927,-9.450974,-5.079748,-0.37304825,-8.1102915,5.114141,-1.6631271,-5.2889633,1.6708413,-8.475178,-2.7211914,-0.3829537,4.464876,-3.6972945,0.32662,10.02336,-5.2365246,1.5622381,8.340128,4.8635325,7.960522,-10.446927,-0.06287412,2.3361218,-2.4874952,-2.9489686,3.4619844,-0.6308649,-1.36183
183,-2.2802725,-4.9458246,11.486493,3.9273157,7.976698,8.374088,1.0449375,0.8045842,0.93047935,4.9146085,5.4999623,-4.8889694,5.7900605,-3.8428173,11.759057,-3.5808988,11.353927,-1.0190997,1.781265,8.491451,5.4815598,5.0486965,14.958393,-6.1270347,6.2563453,-0.7146389,3.3440619,7.1679506,3.204493,-4.629725,-0.75104994,4.3597684,0.87728935,3.4205034,7.3580394,-2.1881523,2.9866512,2.3011744,12.013351,4.7646413,7.5603294,13.504688,3.1622734,3.6769147,-5.194828,8.453978,5.4869666,-8.3526125,7.4988313,3.2527218,-1.0648075,-1.1625512,5.1602397,-1.1318222,4.359532
184,2.3595107,3.6883047,13.546499,5.884335,9.573211,8.318206,1.4966993,12.088237,4.580798,3.0983214,11.430049,8.280941,13.340541,0.31643626,12.279022,-3.416066,5.5323405,2.74725,6.093697,6.0798206,7.906412,10.404569,14.727967,0.7220883,11.4821825,2.688193,7.8844066,18.492796,4.115684,-0.39340624,5.320392,12.203599,4.9729514,6.467568,8.61327,4.1384935,9.288178,9.012523,10.239773,11.035627,2.6596398,4.593487,10.152378,5.646098,5.952176,4.913341,9.879352,8.281019,12.061554,-2.6086874,5.123034,9.092333,8.611782,12.72908,5.2685814
185,-0.103117876,-2.6070309,8.945664,2.2850273,3.1037185,4.2564673,11.428924,-1.4652064,5.2576265,3.863623,6.873458,4.1060314,3.7944233,3.9952261,8.948399,3.7449317,5.497499,5.744849,16.436384,8.814127,5.5957494,3.9710715,-4.7375326,-5.5885983,3.943133,2.5385172,6.912645,-0.60105425,-3.5685716,-6.76746,-5.988471,10.448163,-1.653169,-0.64852166,-1.2704003,-6.44578,-2.0369437,4.618728,3.7385669,1.6237661,-2.3866818,-2.9067218,3.8453228,5.290613,3.6396272,-0.6857635,1.9859042,-0.5727647,0.22838865,-4.0177526,-2.5339458,0.42900068,3.0397243,8.914889,5.8542166
186,2.3803566,-10.528306,8.819851,6.981497,8.0310335,8.021039,1.5850134,3.591369,2.13049,7.708448,4.43487,-6.195213,6.4983945,5.996282,13.429658,5.9323697,0.65899086,2.1802294,18.434015,-0.34763387,8.318318,13.347047,8.082205,1.51433,10.992329,-4.615452,9.19674,8.202577,1.6064303,-0.021059092,6.8265266,5.3807163,5.2126336,4.22664,5.908809,7.3481545,3.1441867,5.2049675,6.3379507,-6.9491425,1.4205655,11.286915,2.5964139,1.8441919,14.512829,2.67123,-1.7933894,4.8157663,10.857075,-1.0999719,9.018558,1.0241163,1.3088156,-4.66374,7.6037335
187,2.2053034,3.2129853,7.0909586,1.1723382,-0.21109256,-6.677464,-12.620035,8.410905,-1.0460209,3.698978,6.510385,11.234859,-1.1229309,-1.3490071,1.1010674,10.6139,9.137848,6.880902,19.792805,6.4133906,9.720737,10.266498,8.436295,-3.2065806,2.098901,-3.4086046,4.7219667,4.347842,-6.921474,3.182958,6.6931024,0.38712028,0.16445264,0.38870895,2.5266654,-0.9627554,2.7578156,4.116954,-1.4484762,4.9793143,-2.8415477,-2.8001957,2.0510476,2.8994133,3.4339201,-1.1054018,-4.2054243,-0.566898,-0.2885641,-3.6949277,-0.23504429,2.0293837,4.1066008,1.4232132,1.8318069
188,1.2077101,-9.991419,9.059268,-0.30529618,-1.5739383,-8.066811,-1.1887532,8.110142,3.7681236,5.644717,3.9744518,0.3216808,-4.694167,-13.206766,-3.351913,3.3362498,3.0167277,2.7994285,10.680208,7.7726665,10.210974,9.572362,-1.8895693,-4.9624057,0.5522955,-4.5817027,6.0971694,2.4889023,-5.798961,1.848737,-5.9707193,11.607562,-0.008781115,-0.48090395,-6.0686283,-3.3642857,-4.369999,-2.8701708,-0.91927963,-1.044353,-1.9600137,-1.9612901,3.0092835,4.040818,6.2254324,-3.2650905,-0.4883054,1.0015237,-19.386112,-1.1293646,-4.2560797,-7.662885,-0.55460274,-1.3200471,-4.313876
189,2.3135283,3.657274,3.288269,-0.81103015,-1.5237019,-4.2094746,0.69472665,4.0753803,-1.2918638,11.495694,-0.32728955,11.219165,-1.049744,-3.1345475,14.552062,6.3054986,6.1518793,1.9301513,17.816545,5.43124,5.8200126,3.4952633,9.964973,-10.005427,-2.1779683,-2.5795004,7.8063264,-10.456713,-10.232489,0.6424233,0.32351866,1.5290829,-2.5736775,-1.9539834,-5.1543226,-5.4857655,0.1992395,-0.08841922,-3.5894334,-2.4021077,-2.9294827,-1.9827714,4.1299253,-0.12965697,3.7094302,-4.861758,-3.447371,-1.2262012,-17.434835,-7.162486,-3.4545476,-3.2042987,2.3334713,-11.974245,-1.7711098
190,1.389988,0.71518826,8.222523,0.81591654,0.08680104,-4.7088847,6.5119305,-0.07578985,2.060335,1.6317867,-4.620866,-6.4666867,-1.511166,-4.40721,7.7857714,11.004955,8.88006,1.0050154,18.900251,13.199613,6.0922747,7.417419,11.493733,-6.6690116,-2.4786427,-3.4266405,-0.7486086,-2.5596325,-9.493117,0.8399552,-2.4434087,3.2305176,0.29939854,0.7853122,1.4836475,-22.235277,0.46267274,0.5340958,-2.529045,-0.6402525,4.401536,4.2577376,0.16687994,5.2184644,3.3210077,4.9103856,10.202601,7.5606976,-8.039486,-1.0162991,5.134147,-2.9136415,-1.9305456,-5.5450697,-0.7841294
191,12.97945,2.0527654,11.226811,11.305975,5.641884,3.0466218,9.420589,3.6429152,8.329671,8.127754,4.7450314,-1.0171518,1.8767775,3.6070368,2.5103912,2.6813672,7.2555823,0.17512077,16.150898,13.25835,3.1055481,11.167509,12.701217,-5.75704,13.854796,2.3045242,0.23723622,14.686454,2.8624995,12.513172,4.468222,6.737541,10.249855,9.489536,16.592613,-1.2421585,5.0617833,8.408235,9.30325,-5.956967,18.49674,9.976374,2.4210777,8.054173,12.095777,8.433039,8.731329,7.6332417,16.668198,11.2980795,1.7506554,0.12676877,3.953084,11.5867605,14.980069
192,22.110546,18.48576,9.473891,21.469166,13.446559,10.219936,13.663966,10.172008,18.624235,8.760255,11.890066,12.337512,10.952949,15.341185,7.869795,3.3028467,5.1307926,2.6866038,30.330597,13.923293,6.9748225,18.720903,15.418577,3.6776702,16.041475,6.11013,9.000041,32.05704,7.3224797,22.045427,-1.0745714,17.92862,22.484001,20.018562,24.497715,16.539392,8.156113,14.410191,12.405371,-1.9405344,15.62439,24.23558,13.052019,8.500919,17.785568,16.145407,12.043588,9.766775,22.920254,9.469996,9.609649,12.142096,11.445283,6.6788335,23.69201
193,15.732349,10.024149,-3.4621587,15.053677,11.777704,12.333377,23.829721,5.9068723,-0.512516,2.830435,16.078833,17.419498,14.040923,16.896929,20.750338,10.2059355,5.132701,2.9258533,12.205621,5.7155194,-0.7145156,5.467354,9.682727,4.4671636,2.841491,11.247237,14.520879,12.442107,5.716601,20.428555,-1.7811856,9.028978,21.644361,12.842241,14.099437,20.20844,6.1580415,10.321904,15.550788,4.429077,10.577712,18.784891,10.1582365,5.0351357,8.589449,8.916207,-3.3116133,1.83339,-2.9571815,-2.407412,7.206629,13.871023,17.129305,3.4819202,14.773813
194,-12.155036,11.232901,-4.279944,-3.9669633,0.21852277,4.449197,4.935922,-8.883382,-10.448845,-2.798181,2.0530338,2.6016307,-4.034918,1.0150379,15.921938,-1.0708078,1.2522343,-2.0913794,-6.003165,1.8625743,1.1641859,-4.4171677,-4.4694786,2.3375893,-0.792931,0.2982531,5.005484,-5.5636334,-7.677354,-5.2859817,7.1644173,-6.6543484,1.3662255,-3.6216226,-3.87096,-9.205485,-3.0890114,-2.4340472,-2.4741805,-9.025487,-0.39881817,6.9274907,-0.5160079,1.7305324,-12.552105,-3.8634033,-4.710099,-5.090674,-9.601337,-7.393575,-4.126724,2.8285806,1.9813436,-7.982081,-3.2902079
195,-18.65699,8.276839,-6.1354036,-11.2916765,-2.7195435,2.6541963,13.400011,-11.751717,-1.0272894,6.7303734,-0.030365692,-14.552562,-5.579264,-11.673724,14.155186,3.0658238,-4.0448995,-2.77231,-16.836735,0.19218299,-9.586419,-10.083714,-4.182162,-7.186168,-0.76122886,-6.8394,4.191102,-10.19201,0.04402449,-14.161042,-10.246895,-7.513221,-3.9023092,-3.9821937,-1.8584331,3.6143367,-6.221558,-8.122051,0.8588435,-3.8527281,-4.705605,5.841967,-1.7163782,1.855177,-16.838762,-0.03622111,6.699108,-6.1900644,-7.5934057,-6.45647,4.390529,-1.1359166,0.11609069,-3.6209095,-5.637211
196,-7.7163525,-5.944841,-0.3130426,0.14029549,7.3329296,9.371027,18.724148,-4.6443324,3.1339035,3.8358617,8.574972,-8.256779,0.6926553,8.535474,-5.3465457,-3.0122514,-12.537524,-1.4234655,-5.1881433,-3.3154044,-4.913125,-0.8708408,10.480209,3.105689,9.222613,3.0817714,7.540503,8.425159,20.511084,-3.0315294,5.2287536,-7.3254495,7.258722,3.3080835,7.9298415,26.114864,2.268793,2.742474,12.924952,6.0402107,5.120282,10.738753,-0.72510785,5.1423154,-0.90771,4.0390296,8.224728,6.881965,-5.936212,6.895971,7.2692204,2.7610366,2.3920057,-5.4993653,14.823531
197,-0.52859616,4.980365,-2.4275947,5.6566033,7.9737754,9.011557,4.0180683,-3.8205538,-8.812952,-0.9008091,8.166769,2.4607983,14.467155,9.95126,0.96247023,-2.4607484,-6.5509105,-0.7574896,-7.874609,-13.270546,-8.551108,4.3535285,14.164508,1.0012411,10.337015,8.798429,10.168165,11.108985,13.159856,1.6476259,5.1375594,-8.714523,5.5897927,4.613755,6.342151,20.219704,5.042444,5.323991,7.553297,8.380257,5.9805794,10.147094,-0.14461592,6.3176584,-10.506804,-7.1928973,-2.6562693,-1.8849429,-6.506713,-3.0786877,-0.801446,12.307519,4.5728025,1.6270018,8.488713
198,-15.002293,-2.478581,-10.858879,-10.91553,-4.488013,-2.9202304,5.176316,-13.31768,-13.72758,-11.4574585,-2.3841722,5.888344,-0.808736,-9.116942,-4.287835,-7.469811,-4.1752114,-0.22129917,-22.449879,-8.032037,-8.482291,-13.859155,-19.01826,-1.3360727,-5.4861717,-1.6000032,4.7038436,-8.568407,-6.661821,-11.361361,-7.7428756,-17.436352,-2.6458552,-7.7097244,-8.20219,7.4873695,0.21590342,-2.2186255,-4.9723935,10.337786,-10.684027,-3.8740149,-2.9689965,-2.4885464,-19.242945,-6.5825853,-12.84722,-1.6287603,-20.599413,-10.588253,-8.422289,5.555235,0.13458464,-7.7454314,-1.1732895
199,-24.355537,-4.3850117,-10.345707,-16.04598,-9.882041,-8.586996,-3.9176636,-16.052818,-9.602013,-16.005741,-9.18585,-16.902523,-9.127981,-13.801885,-8.786127,-14.535596,-16.47093,-4.7439284,-26.348656,-9.789058,-13.94446,-13.385425,-10.298654,-11.375554,-7.8859296,-5.9514656,0.7619859,-13.154368,-2.7628143,-21.828415,-11.452824,-11.858744,-10.624331,-9.828109,-13.693435,-4.744184,-4.698543,-12.899529,-4.7910366,-0.15383367,-10.941391,-13.659453,-14.057945,-8.734132,-22.225245,-2.9910192,-1.2235764,-12.673516,-18.547628,-6.009164,-6.9070826,-6.7645392,-9.047373,-12.342663,-5.90991
200,-17.441078,-7.139646,-3.0750673,-9.512134,-3.6566763,-7.3957634,-15.776467,-12.383296,-7.006343,-15.884512,-7.0926876,-5.5641713,-6.918967,-2.8114338,-27.641603,-12.84867,-5.731016,-6.0231047,-9.76434,-12.402466,-12.072632,-3.2394476,-1.4485028,-12.56273,8.907766,-7.013793,-5.2008953,-7.990774,0.7536741,-13.857766,14.750757,-7.84938,-7.6126666,0.46703577,-3.1432223,0.009873639,-0.5645075,-1.4176779,1.9860463,5.5478067,0.91286945,-4.8429575,-4.2555323,-2.5789185,-17.527283,0.4826193,1.427042,-5.673119,-0.06830636,0.35681537,2.1936827,-3.6633008,-5.44136,0.1731187,-1.0258831
201,-6.95304,-9.251289,2.1024656,-7.101518,-4.688757,-8.332569,-19.725014,-3.394799,-11.112536,-14.726928,-8.321111,2.436224,-2.667265,-14.405012,-37.980923,-7.9493265,-7.381742,-3.1602829,-0.8285079,-2.9143314,-2.1896958,-3.03709,-2.392014,-6.5432296,-4.194463,-3.357619,-5.012822,-4.3673296,-3.9295628,-5.677582,0.2133902,-2.8387265,-1.2770617,0.031763844,-2.5184083,-7.1192408,2.7961931,3.9236298,-7.1058707,0.15639472,-1.2513162,-7.2040653,1.1806638,-3.8289163,0.76737183,-0.5884371,-1.1785492,-1.6011317,0.22086963,-1.6654027,-5.8274465,7.081947,5.356209,5.585871,1.3835759
202,-10.829259,-13.384868,-4.1236863,-15.009959,-13.353836,-18.417303,-28.094658,-3.9350278,-8.984011,-14.10667,-13.057862,-1.5760798,-13.43282,-17.690464,-35.31488,-6.3026443,-1.2857989,2.4430246,-2.8239663,-8.662631,-0.620864,-1.8576143,-9.291194,-10.9151325,3.8511827,-6.402086,1.7995931,-3.2422752,-13.291584,-12.928432,-14.169606,-1.6619211,-10.431323,-9.114712,-14.124203,-15.7268,-5.332798,-8.213825,-13.968191,4.1400414,-11.1613245,-15.09126,-0.36996946,-4.506474,-8.0351515,-6.0760694,-8.052262,-11.772222,-11.093322,-9.35671,-4.8516965,-0.9731987,-4.883303,-14.91927,-9.07101
203,-13.686003,1.9995667,-0.07788907,-19.626764,-14.439734,-14.93559,-21.601355,-7.393216,-4.0170207,-11.220903,-16.56159,1.3554047,-8.428336,-21.620693,-20.967815,-3.7485936,-3.43287,-0.17460333,-1.5781277,-8.841485,-8.307718,-8.552607,-10.586232,-11.149903,-4.5300536,-5.674599,-1.5709865,-3.3723524,-12.601977,-17.108015,-1.368868,-8.056892,-13.954624,-10.071805,-15.602436,-15.018258,-5.853234,-7.600077,-10.772022,-0.79881376,-8.892872,-12.826466,-8.75142,-6.403195,-7.1930304,-10.501789,-9.193076,-6.5712647,-8.1923895,-4.386626,-1.0148249,-5.307876,-3.6695797,-11.596412,-12.108058
204,-12.3682375,-9.246129,8.605545,-15.483756,-15.285431,-17.593262,-23.50589,-3.2975745,-9.641308,-4.816275,-13.445508,3.4926023,-9.921476,-22.549484,-21.64515,-3.9231308,-6.7935762,-1.6710382,-11.930584,-2.0234985,1.093268,0.13355874,2.297128,-7.300672,0.23289269,5.0164366,-4.149627,-2.899385,-11.176406,-11.854427,-0.6748179,-7.02116,-13.878589,-8.714313,-9.096346,-22.635641,-3.9572992,-8.958976,-10.03605,2.328361,-3.4795194,-7.017805,-5.4562216,-4.7123313,-8.44505,-0.25108024,0.61502475,-11.542456,-5.1798897,0.49156535,0.86983615,-9.091494,-7.5508223,-9.952328,-8.243085
205,0.6969377,5.596835,10.687062,-9.288373,-8.539726,-13.732141,-6.0782557,0.8962786,-2.1438067,6.478101,-10.493846,4.7123947,-8.7924795,-17.795698,-32.99106,-4.341726,-5.156855,-0.9634163,10.8424635,6.85021,2.2506812,3.5040421,10.990675,-11.170917,9.621721,4.4244123,-6.315552,4.3300505,-8.855285,-0.009589712,1.5864129,7.7850657,-7.601006,0.7435055,3.2005913,-15.252491,1.6109782,1.1701177,-5.8676896,-0.96849483,6.1414638,0.40530008,1.4442979,-1.8346696,-5.728417,2.4140117,6.090478,-8.297424,11.453554,19.092743,9.008994,-1.19406,-1.6430163,1.0287503,-3.2502484
206,16.191679,6.553752,12.411915,4.6953454,0.18719102,-4.477789,-10.698917,8.909267,5.812207,9.657064,-2.9543476,18.373863,6.968365,-7.002287,-13.807004,11.462845,-3.0467854,3.1162422,10.190189,11.3375435,8.41983,10.959214,12.205034,-2.7841964,10.2615385,9.04241,10.665688,20.058773,-5.325804,14.706785,4.552885,18.820774,4.8274307,7.6913795,6.0474524,-8.311148,2.4295874,5.1804485,1.7774036,3.08753,6.517709,6.4353547,8.656189,0.5546455,13.196027,6.552745,3.372015,-0.7105539,4.8940506,8.622948,7.018187,4.05705,7.558953,-1.6870886,1.1713452
207,15.587336,7.913861,6.5252285,7.43305,0.5901567,-1.773384,1.69042,7.3551884,6.4224524,8.057336,-5.2157965,23.044947,4.448822,-5.7514424,3.1414099,1.0587633,0.14603327,4.2934284,10.249963,12.114954,8.353461,5.390358,8.61243,3.3176138,10.854284,14.7235775,10.503315,9.981264,-5.507189,15.175195,-5.5827537,15.595341,6.0386834,7.657938,3.001802,-2.3605733,2.6982207,6.7416067,0.8539808,-9.617275,0.34260255,14.6773405,12.737898,-1.084243,21.508045,6.9656553,7.921292,3.9518838,3.6223059,6.8514338,1.9839817,1.8310368,6.3799686,1.6268795,-2.0490596
208,19.774595,5.812469,12.389888,13.201534,5.5211864,8.202829,18.32589,7.11814,0.69089955,10.403505,-0.41985214,9.245167,3.1260955,1.6910826,12.1970005,3.1514704,9.053193,-0.8461274,21.684553,20.004894,13.888084,10.766292,13.153828,3.8820505,10.107358,1.9467387,4.3805666,7.678006,-8.872096,17.47806,4.8916802,15.904484,12.218092,12.624237,12.015289,-3.789268,7.783881,8.062803,3.0563738,-10.415676,10.357742,19.87243,9.790202,-1.0113916,25.191576,11.551928,10.856894,2.917019,7.239536,8.206978,11.926948,4.5276585,8.758336,9.4799595,1.7100046
209,26.794085,0.31406775,18.438292,19.268246,7.047521,7.060596,9.859024,15.698856,11.035135,14.4884,8.441217,1.2652435,9.6901455,7.735648,4.069633,4.051179,7.299054,4.021268,22.955355,23.755808,9.389184,12.243478,16.558714,8.040868,9.844947,13.629908,6.8287544,21.53065,2.7981431,26.835648,9.872801,21.036057,17.988554,18.729504,18.535187,9.407849,8.543299,13.988415,12.120043,-1.5282991,8.916203,21.028843,13.29704,-0.8886248,25.32691,16.621431,16.962027,1.9298797,8.005978,14.058337,9.91839,7.6877813,9.95161,9.896058,10.422186
210,24.71783,16.490433,10.786763,18.244408,8.015201,11.486776,17.358528,10.781842,9.188369,18.014572,6.0202546,21.49974,11.796261,8.132965,9.098657,10.020678,6.982974,5.3515067,9.531355,18.895557,12.657452,12.506288,14.786865,4.86627,7.7061687,18.660223,17.040052,12.486628,-2.2554803,28.015354,-4.5010214,18.428072,18.373262,14.150971,12.96502,7.6357155,11.55746,13.724152,6.900877,5.157279,11.180891,28.247187,12.284602,4.975897,15.416176,6.650023,8.228902,-1.7425884,-0.533841,2.8296516,-7.810646,5.2955813,10.553185,9.772193,3.97808
211,13.031463,9.788262,1.4534042,15.833253,11.294433,19.097397,23.845741,7.0359807,8.99882,15.620806,11.386499,8.241921,10.757577,13.128431,30.660187,9.345073,7.078235,7.835561,4.74627,21.140284,11.672618,10.303159,6.0633945,-2.8977876,11.8226795,16.230402,8.563325,10.205028,2.0636914,20.610138,3.235333,20.360716,20.215477,10.10965,12.60322,-0.9679331,4.2911325,6.867512,11.084612,0.66330135,1.8890008,21.397354,5.199603,5.989501,15.017835,7.4854064,16.151834,5.0175176,1.0985827,4.811992,-1.6552289,5.5003953,11.829395,0.6813958,11.610587
212,8.854809,31.741064,11.671231,19.844608,15.564868,20.140442,18.124817,10.382859,17.15146,22.889793,11.311814,11.6561985,16.902716,7.6044292,28.079826,8.47503,1.038512,5.677338,6.529649,11.71261,10.4269085,15.808373,17.077194,1.3343704,12.217975,17.48126,10.934496,13.680716,10.052661,17.458303,-1.8220387,21.005518,20.883156,18.004627,23.363604,14.61602,8.87397,12.909567,18.216305,1.9741409,12.798494,28.180285,5.773914,9.367475,21.906368,11.263575,17.105968,-1.268569,32.870975,6.2817307,2.7665114,8.155389,14.314112,6.829017,22.58858
213,5.9800577,13.776117,7.598847,16.71676,11.183879,16.775755,29.263218,8.559834,10.688832,16.801126,16.643171,8.94979,14.616132,5.284699,32.085186,12.83015,11.559761,7.283976,9.804976,12.521464,9.055827,9.615518,17.399582,0.5385854,20.501951,10.030361,12.153531,29.383928,14.995091,7.1553316,-1.2318892,12.747167,19.698568,16.05338,19.136827,24.784464,14.173103,15.666325,17.605413,9.816137,11.679313,19.033617,12.1013365,12.576157,7.2395005,9.765352,13.537234,-5.1389375,25.878942,7.4461827,4.185138,16.71287,12.42024,4.0191717,25.636086
214,-3.6037493,22.136518,-0.8610454,11.824205,12.401739,12.644732,11.383392,7.5455523,1.9919671,14.885507,17.84638,20.67723,12.584621,9.445562,14.541129,12.335413,-2.5414748,4.20855,-2.8439176,13.702507,8.321159,8.119161,7.7453413,3.4837558,11.071449,14.580397,12.087146,17.213182,8.820422,-2.4735253,-0.20797005,12.676983,13.119568,10.022664,10.455713,9.419416,4.551717,7.869574,11.462141,0.23690325,4.7636747,14.529163,11.075166,8.22478,1.5130261,3.667222,0.10762297,1.1642522,11.799898,1.4200585,2.691991,9.212858,13.041031,8.689264,13.519868
215,-17.05547,-6.682005,-6.438316,-6.104103,-0.50337154,4.830453,10.553239,-3.735834,-1.1392078,11.007509,6.7683873,13.403077,2.5444353,-2.4671848,29.361588,1.5284356,2.1156278,5.3099236,-7.201936,-3.7642763,1.8960813,-5.6038947,-4.071754,1.1787814,4.055916,7.6791396,6.1042295,13.74122,-2.5716946,-18.19163,-5.627347,-1.7115515,-3.3277535,-4.8923206,-9.214158,4.211458,-0.8400604,0.6717327,3.380484,-6.8872013,-2.3996508,3.461604,0.16772914,1.7696027,-7.9616227,-6.030749,3.5025105,-6.987465,-1.6616169,-0.24718125,1.7706329,0.81051046,5.866208,-0.03949628,0.023766661
216,-21.361185,7.4138637,-2.5830603,-13.238922,-5.6222997,-4.1594224,-14.880509,-3.8387952,-3.969031,11.848351,1.0108241,1.7976112,0.96202433,-7.859039,16.679373,0.005983552,-0.5822688,2.369748,-11.871684,-2.389587,6.8655906,-5.8380413,5.935639,-2.8617454,2.3598096,6.0279117,0.7775598,3.273016,-7.8051414,-24.54353,-3.6963375,-7.93759,-12.969236,-5.637263,-8.682086,-3.6468441,-4.8152733,-3.7835593,-2.6846163,-1.9350213,-4.9739676,-4.4848766,1.8565584,2.6102266,-8.441046,-7.980546,-0.47549734,-6.589973,-6.3038006,-10.5420685,-4.8391232,-2.1020875,-2.878452,-12.562917,-0.051851872
217,-12.411032,3.6054559,0.70278096,-12.552836,-6.105032,-8.476885,-13.780511,0.4992141,-2.2328289,11.782943,-2.936726,1.382398,-4.8689117,-8.862786,-3.5712726,-0.1696117,-2.3645635,0.2090154,-4.407191,4.3926864,4.9073324,-0.43977082,-0.8196033,3.2286112,8.559698,7.3253217,-0.2691332,3.66225,-5.854745,-13.494632,10.259611,-11.242225,-10.046811,-4.518174,-12.071589,-5.257421,-0.5209935,-4.258428,-4.5927386,10.064284,-0.18982755,-6.428757,7.6776834,0.23461115,-7.7836943,-5.2838717,-3.1394677,-6.979184,-5.643665,-0.29475555,-1.35211,-4.2480807,2.54147,-16.486782,-7.7746778
218,1.1773092,4.760335,5.8226047,-5.2291026,-3.6862237,-7.862947,-10.299425,7.373857,2.010038,20.424465,-0.7804911,9.637739,2.496279,-11.399806,-1.8767409,2.809861,6.8099484,2.0904822,1.751152,5.157888,5.606085,2.3881798,2.867781,1.8807559,6.94696,6.0976844,1.4067212,6.217523,-3.1297405,-1.7183361,5.0379033,0.71839654,-1.0062603,-2.6024694,-4.88308,-12.693252,3.0968497,2.554225,-11.608518,4.650068,-5.5193233,3.1248786,7.2799716,4.0166125,3.851953,0.85315347,1.3893732,-0.57359755,1.600805,-7.4266315,0.1940117,0.32134414,2.2384396,-13.126868,-7.2151217
219,5.2417803,14.498499,-0.56371313,2.6428132,-0.97860646,-3.9264064,-1.0924511,10.506197,6.70071,19.375553,-1.5201442,12.257914,-0.34399536,-10.901666,1.7826053,12.283353,10.124154,-1.6297576,9.516166,9.730996,6.159322,2.517527,11.894502,2.1246746,4.238319,11.31657,3.6886392,7.1369395,-6.634989,1.2975243,7.2111616,3.0251853,-0.7425475,0.9125624,-3.491617,-3.8835688,-0.20141289,6.65633,-6.9666615,-1.638231,-8.576188,4.1160965,5.7250085,3.208324,3.9408083,4.72228,-2.239383,6.667239,6.5928354,3.280191,11.870165,3.3179939,-0.7057032,-7.0301647,-2.3599539
220,8.747021,11.474915,2.9353023,3.6240497,2.6506152,3.2322564,-0.98660135,7.641172,7.0120096,21.326283,-4.8565183,-1.2589332,2.6709347,-5.827952,0.94292605,10.805331,9.496043,1.3806827,6.974461,9.050755,11.059151,0.6661885,12.057493,3.8236835,6.0281816,4.8852453,0.9598063,18.735905,-6.560824,4.8079414,0.7578844,4.0937524,4.4867325,1.6322247,1.5427121,-11.628547,4.7806664,7.5784264,-5.6099467,-5.611364,-1.1380076,15.8445635,9.114759,0.93146485,13.008396,0.5543773,-4.4471893,-8.214354,3.048034,7.48584,7.6403384,0.09858602,3.5738778,-10.397394,-1.7952441
221,10.641053,12.218613,4.4336143,5.9627533,1.4438262,0.18714619,8.697012,9.488887,9.772272,13.111981,-1.0408148,14.036248,1.4631163,-10.062803,6.9214897,13.801379,5.8092895,3.3404622,12.345829,11.9552555,4.8556495,0.43527776,16.23809,3.5661228,10.643246,9.446423,2.800081,12.243013,-7.230081,7.2160487,2.2459736,9.796403,3.0628731,2.7688596,1.261366,-9.143006,5.319061,10.482918,-1.2264208,-0.010373087,1.7493203,16.076548,9.479868,2.9718711,15.3864,6.640145,4.6703687,-4.246724,-0.5724537,4.0981107,11.971975,4.1052356,3.2906535,2.4099236,-5.3429646
222,13.325446,7.4728217,6.470264,13.242032,7.1144314,8.776299,21.669699,8.900356,12.221254,13.734076,0.23961045,22.417452,5.5469866,-3.209241,11.653205,9.67986,-3.4190767,0.27827567,10.637219,15.410375,6.6120534,7.6092916,23.139015,-2.9914672,18.218357,18.61326,5.7799397,31.831215,1.8318931,10.400473,13.349215,6.925539,10.019308,8.6849,13.060685,-3.644463,4.406764,11.307952,5.1219883,-7.4976783,7.774324,22.320288,6.629671,1.2520357,21.765018,8.703984,12.154782,3.0962036,34.232025,17.172232,12.22966,1.8738075,4.825091,3.1429355,5.2507205
223,22.596624,21.26177,3.883191,21.801592,11.622438,12.625589,25.88334,14.760891,13.910703,18.544275,7.207557,23.29896,10.585388,-3.0566518,15.112167,3.8691304,6.3762517,-0.673961,18.609495,17.241951,11.100488,22.725822,13.757075,0.088406846,28.601978,11.255064,4.344672,41.79243,1.9543519,19.052628,7.700832,14.064986,20.21486,14.234595,21.166086,-3.136998,10.537414,11.661574,9.99355,3.1295137,15.65896,26.3597,15.213034,4.5829186,28.764545,14.266486,6.6843386,0.6541575,32.48805,18.481373,17.980888,8.308751,10.847939,7.0429883,17.011005
224,27.97205,23.549212,10.095516,26.187088,10.124122,16.185556,27.097298,15.067232,9.561083,14.182401,14.445053,21.904274,8.516896,-0.7438275,25.936958,16.418047,4.7894974,5.4581833,18.286446,12.060885,7.9563856,22.258753,17.59391,6.0289397,21.391611,22.45776,7.3461514,37.921913,4.694431,20.52929,14.708108,16.748816,22.345407,15.637522,18.325851,12.069115,10.996645,13.276668,13.409415,7.10891,13.898006,24.169212,20.549244,1.3675581,22.190775,7.296763,3.4184663,-7.689986,32.29577,17.765541,15.836363,12.685869,14.020579,5.5537453,13.425012
225,13.833065,11.523443,-3.6727355,16.754526,6.9636436,12.068963,15.6004715,6.444789,3.7825112,11.618034,10.047823,25.869923,5.440928,6.623961,18.09448,4.877325,3.6690826,4.3643417,1.8312318,4.095397,-0.36085743,7.6201572,3.9824736,0.51643866,8.731492,15.470858,4.225449,12.340046,-8.426034,13.050785,-1.3878773,5.0013027,12.600487,5.508183,9.53592,-5.0517106,1.2329485,8.272641,6.4862256,7.027664,8.504906,17.480734,7.5443897,-0.42997608,7.0019717,-3.1070004,-1.5657065,-13.011873,12.137614,-0.39600992,1.7770255,4.7247095,8.182729,0.759216,8.096176
226,2.1738353,15.733326,0.4438359,9.8268385,5.772096,9.600128,24.336323,-0.0012875004,5.146759,5.384403,6.0875807,7.415544,-4.1355352,-0.7037659,15.688356,2.9442613,-5.4866,1.1427892,-2.1016588,7.755657,-0.49608457,1.7175653,3.78552,-6.923563,5.5254593,12.3180685,2.13971,1.0747309,-0.1476406,9.735875,7.494102,3.5826876,5.961499,2.7764504,8.662463,-5.573346,3.2201338,4.3987193,6.7818375,0.6919559,4.920663,13.120756,3.225085,1.2118974,-3.8417304,4.239222,4.998844,-7.6117096,11.049873,-0.6717834,7.1910453,1.388427,0.80012417,3.8188224,10.464173
227,4.9867663,3.1450145,-2.9344945,13.97527,9.603544,10.086362,26.473225,-0.090926394,2.823185,-0.8587931,12.2886505,-0.725412,6.7984324,9.306313,16.367779,-1.0466154,-5.663987,-0.8080646,1.7891756,-1.9745692,1.8583802,12.2105255,14.314663,0.7048054,4.561613,7.3490543,0.23233421,19.523405,18.858704,14.092415,2.546824,-3.4653096,10.90651,8.277048,11.036298,15.479678,4.581415,7.183103,15.509549,0.20364738,10.031585,6.4293,3.7462685,2.4656847,2.3232677,3.35353,4.892243,-0.31291276,25.64242,-1.8791071,-2.9390056,6.3565083,6.484782,-0.044991847,14.614807
228,6.0991044,17.032578,0.25681144,7.369762,7.283902,6.91824,8.906661,-1.5719004,1.5936874,-7.515582,10.053754,15.70824,9.771748,1.242635,13.045391,-3.3278153,-8.115441,3.6380591,-6.04084,-2.4656844,-0.61166966,11.010306,17.893398,-2.1957765,11.417584,11.163543,2.8202684,4.6104345,7.064792,3.5580468,-2.1558533,-6.8580656,8.667824,5.378343,4.7675896,18.773664,5.6209908,5.5334105,9.901749,13.562685,4.343743,-0.73501086,-0.25615776,2.3979568,7.7930856,-0.42940643,-5.445008,-4.4446836,16.553799,-5.326015,1.4539679,12.765819,5.561578,-5.830521,21.673315
229,0.70440394,0.055510078,-12.450508,2.7305086,-2.1135368,-2.5591135,10.23114,-12.068873,-12.618539,-14.779442,2.298557,2.2767622,2.9227726,-6.325121,-3.0355613,-12.086253,-7.018398,-2.2312572,-6.0726056,-6.959221,-12.157826,-9.3602085,-5.2434235,-1.0875016,0.098022,3.4651039,2.7977345,-1.9934216,-0.77937233,-5.8338027,-1.3686274,-18.273983,1.8184358,-2.2953424,-6.7042975,15.552533,-6.075321,-6.4176407,-0.6022663,6.710602,-4.4450474,-14.405532,3.77723,-3.1418426,-6.8080783,-2.770533,-11.142871,-5.3202066,-7.190316,-4.248819,-3.341555,5.693716,-0.62658584,-8.750019,7.2429323
230,-15.168338,-10.271323,-21.624367,-14.730988,-12.373113,-8.894536,-18.855625,-20.76131,-22.657211,-23.592413,-8.925206,-7.1917996,-12.693539,-13.666398,7.214431,-10.508278,-13.945922,-5.427815,-14.064281,-13.24345,-20.21338,-16.21001,-17.886408,-14.2926,-13.53666,-2.739451,-6.480768,-15.975526,-13.314122,-18.973818,-21.327288,-28.64845,-7.8000684,-16.569902,-20.63322,-0.76874155,-15.968414,-19.871273,-10.311306,-3.2387028,-17.32769,-19.702093,-16.471472,-14.424551,-19.5009,-11.498251,-24.250576,-10.221488,-30.887545,-14.226298,-8.016687,-4.3989506,-11.564457,-16.590456,-11.554425
231,-29.351427,-19.623985,-27.545813,-29.00732,-23.764957,-22.614262,-28.62845,-29.718239,-25.970388,-30.004438,-18.503323,-17.521542,-25.026968,-28.570215,-22.370272,-16.92218,-16.378628,-9.247728,-21.724808,-19.125751,-28.02742,-22.269495,-24.20882,-22.198658,-8.589918,-17.011477,-14.0232525,-25.136036,-17.13688,-33.47329,-13.839901,-37.432545,-23.434044,-24.884441,-31.60974,-11.848749,-20.614985,-29.137201,-24.964611,-4.8442917,-23.69741,-30.177618,-18.181856,-13.266615,-19.524519,-11.687714,-13.165788,-11.268091,-35.241257,-16.660252,-12.526083,-16.030186,-22.53008,-21.369772,-15.50476
232,-28.106155,-16.140362,-17.437456,-20.368994,-19.04854,-15.647625,-24.342995,-21.425533,-22.624233,-22.104286,-18.05594,-16.096632,-14.421342,-14.590449,-34.939796,-20.290054,-8.194377,-6.3178177,-19.125223,-20.449432,-20.045652,-13.13501,-7.1876807,-14.705218,-10.591248,-18.326778,-17.090921,-11.382729,-5.1311827,-25.40239,-2.585578,-24.628223,-15.87543,-13.943049,-17.596102,-10.711535,-15.311807,-21.138786,-12.91063,-6.5812674,-10.624789,-27.960382,-15.837301,-11.090609,-28.972525,-14.468211,-9.027209,-13.70493,-9.476269,-8.22593,-5.7574525,-13.202174,-15.346292,-13.148493,-10.2882395
233,-15.217875,-9.498944,-16.191,-16.702917,-14.239327,-18.898798,-17.009892,-17.653492,-19.428522,-24.596972,-16.337921,-13.669471,-12.453979,-14.979377,-44.72479,-23.794195,-14.924696,-10.034306,-10.3758135,-18.12863,-19.055212,-8.478833,-9.540234,-6.284745,-4.3330574,-9.06954,-10.248985,-9.268414,-11.754413,-19.034237,-1.6884701,-27.354221,-15.262425,-8.433808,-12.651414,-6.998775,-6.276806,-13.138473,-13.157129,-1.9264191,-4.042392,-26.019867,-8.334938,-12.2351055,-20.129503,-11.979362,-8.989948,-0.74430716,-2.6735182,-7.8418217,-12.700929,-1.9891759,-10.876963,-13.578009,-6.5935063
234,-14.776484,-14.768183,-15.926525,-16.89817,-17.533743,-19.169388,-32.80309,-15.577654,-18.051971,-22.945406,-17.011927,-3.0295615,-10.787226,-13.217741,-45.76441,-17.48333,-14.760383,-6.518728,-11.125658,-20.204647,-22.925232,-12.002251,-7.905515,-16.7249,-6.1969533,-7.450209,-8.006874,-15.977446,-12.181352,-18.253315,-2.6641963,-26.856987,-13.245416,-10.432732,-15.454311,-10.210053,-5.654108,-16.844887,-10.984999,3.331686,-4.721856,-22.495306,-10.335838,-9.748316,-14.251641,-14.011777,-15.993369,-10.530586,-18.733301,-10.572553,-5.2456284,-1.4057493,-7.370162,-12.882686,-5.1393585
235,-22.179731,-7.6768837,-19.488476,-26.398018,-21.008139,-29.87271,-48.616325,-16.41702,-20.873005,-20.050823,-28.694822,-9.217083,-20.184656,-26.344952,-35.0557,-10.992202,-10.41432,-5.673204,-21.072544,-15.932051,-24.769,-18.044863,-22.189682,-14.63451,-13.103075,-14.081486,-11.377442,-17.54653,-25.091026,-23.224726,-9.282794,-24.757666,-17.42655,-16.916273,-19.058422,-20.226377,-14.846456,-19.413298,-18.123014,-5.2500305,-17.64815,-19.25925,-10.5886135,-12.6024885,-18.925909,-13.046428,-20.422277,-0.37735376,-19.95844,-14.328883,-10.728866,-5.5912294,-9.822663,-6.7980857,-9.026956
236,-30.689127,-12.056859,-12.233882,-33.22291,-24.02952,-26.928688,-40.284042,-17.302979,-23.479273,-25.876307,-24.859196,-18.14797,-25.54262,-30.580513,-38.303696,-11.178698,-16.206928,-4.3544908,-23.522308,-12.552392,-16.418753,-14.243908,-12.067448,-15.430124,-9.887104,-11.437167,-12.572468,-10.681857,-23.619305,-35.12319,-16.151623,-25.24576,-30.095325,-22.929693,-25.092503,-32.989025,-16.977793,-28.116747,-23.07997,-20.243896,-16.717783,-26.956228,-19.696812,-16.566875,-25.029682,-8.680725,-14.023456,-6.083967,-11.029603,-16.541569,-14.573845,-14.2728195,-19.250471,-9.995874,-18.081867
237,-17.649122,-5.2999935,-0.4788882,-25.854504,-18.630516,-25.640543,-34.159977,-8.053388,-15.805958,-6.5998793,-21.07111,0.95995665,-16.88889,-28.876854,-39.675484,-3.5674882,-3.5949628,-4.164932,-9.59611,-2.353993,-9.872638,1.5750294,-6.228767,-15.890149,-17.215258,-5.643327,-17.541817,-6.2297707,-19.195326,-22.041859,-1.98832,-13.957536,-25.546005,-12.480018,-14.709303,-20.242273,-10.421342,-21.107819,-15.211259,-0.29238805,-5.509737,-18.414341,-14.506673,-15.325538,-17.998371,-3.1649282,-7.419656,-3.251059,-21.498325,-10.490633,-12.086607,-9.188123,-14.000806,-4.671705,-18.045734
238,-4.2609215,2.878167,-0.043544937,-11.814531,-9.562045,-21.4686,-26.18257,2.4591498,-5.3373733,-4.4910164,-12.879189,-2.4945247,-12.359268,-19.829048,-41.047417,-1.3797666,3.4084325,-1.7521069,2.2845838,12.160463,0.42303485,5.0385647,-1.897205,-3.8666666,-9.102524,-5.0689225,-9.025567,7.5289917,-10.494472,-10.911356,3.6200402,-3.6237803,-12.988007,-2.9942365,-3.4930449,-8.081044,-5.05467,-9.767287,-8.51007,-6.4180503,-4.410226,-4.9880257,-3.279872,-7.6544156,-0.61451054,3.677074,-3.1821744,13.120268,-14.692475,1.0454456,2.5535257,-10.056409,-7.829194,6.4241643,-4.17334
239,6.201761,9.481502,6.8503747,-0.97623205,-4.787322,-12.101676,-15.355217,2.0288923,-6.2485237,0.47058794,-3.2611828,-1.2889942,-4.0124316,-12.443192,-25.263811,-4.3338656,1.0497863,1.2788215,16.69387,11.851995,1.6477017,-2.6562188,-3.492261,-2.3399775,2.003429,0.7527439,-0.83214647,0.96590185,-9.861526,3.986103,2.1708639,8.649494,-1.7241509,1.7232144,1.3928076,-12.140687,-2.854424,-5.1336193,-1.7346598,-14.750755,5.794464,5.685225,0.99270356,-5.106522,5.492719,0.21439175,-4.315246,6.1949415,4.345955,5.1742067,10.534071,-2.0446806,-1.791906,5.170332,-0.07388903
