Timepoint,8,9,36,39,41,42,47,51,52,54,55,56,100,101,102,115,168,188,189,216,219,220,221,222,231,232,233,234,235,236,280,281,282,284,295,348
0,0.988420519293571,1.9298077937291593,6.905492425573115,2.7759442770359466,1.042363974360787,4.539151536414818,2.618406612045911,-4.947719734542224,-0.779043332046392,-2.164678570272743,1.911538357751406,-11.840092032539602,6.905331753346385,-8.709747934789986,4.538506336662234,11.395949010338102,6.632028059995904,1.1270217869658858,9.685236298612185,-0.2638893972854225,0.3752284606500548,4.754348578197615,1.9598575830459595,3.2887284942731565,2.954755077062517,4.468870398341393,4.277338148988023,-3.915369954568391,4.76011678150722,-2.371622856782407,4.457718684661145,5.053625133572792,3.9050822525608297,9.17904831925217,-1.4162170564641758,1.2218457107641258
1,-2.0146833715998396,3.6729387549721464,1.0999000717182548,-0.7012095354041274,-0.5189451117600713,-0.2844621192435829,2.92098112434757,5.657127281840967,2.5032416022553736,-0.7536210776591787,1.4601679505134115,-9.262602827986893,-2.8815950879028867,3.964432577697598,-2.0484955627091077,5.555997449524549,2.449408633368356,-0.08114626152174813,2.1378584552784354,-5.102416012360125,0.2672233015907054,2.3677835841568147,-2.7124850184333567,2.856027122662992,4.310676555415349,0.5905750221311475,-8.439518442263408,-0.9116293997028653,3.980185230889795,-0.598115508045469,5.649092157276309,3.943872214428016,0.9167289832720951,6.14485758056446,-4.263051287252075,2.0069162219154593
2,2.5308959590537206,3.8395655192054656,3.6754038519397074,-2.624468752316066,2.7061169883426355,-1.1639438384421625,2.3450329084785615,-0.7506375835866345,4.764681695675363,3.704887325362283,0.9461015867335456,-0.22868598115687466,0.5745599011377412,2.083664375908521,-2.999948112027986,-0.51216850353747,2.38340560757384,-3.5381234233476677,-4.354552011860877,2.105588458022293,-2.100895491789798,-0.10723206484500243,0.4979959075548211,2.76655022587095,-0.8167827481936131,-0.0745676482210354,6.998585450405977,-3.7428508705022385,0.4412377589211172,1.9339835224102955,3.1096207998236833,8.034884528237946,2.509047827246238,-1.783990563178549,9.808050568310582,1.9630869262072506
3,1.541691636552616,-3.4742976278066635,0.6186471675731697,-5.8447399235197475,3.474386619974156,2.5993371411245696,-0.15414942679356555,-0.7502818174508153,10.453786413888542,-2.261051318931336,6.718690175335018,-0.03081453698022025,-5.157032486127347,10.407119487013135,16.741820924744314,13.466029678072248,7.879543075756151,0.34735027655046813,2.4594621962430527,-2.279209225761647,1.2659343110055339,-6.791765795678509,-2.008900361401694,-0.2699792867108267,3.3491886540183,-0.9499343080180032,-3.202966074402235,-0.3363395955185501,6.864962517302864,6.156683991758191,-7.68195650680941,0.2512076971482258,-4.282566403856083,-21.012778641009817,-4.409032965192989,-9.975861295145386
4,2.8784732830767727,6.1192014576221,2.222219551096157,5.874545397655088,-0.685629915217964,-1.1391559626374925,2.852854923326142,3.424328995450419,8.579131313732692,1.5124430650351,-1.247597092876629,5.083371660539082,3.0869677463660437,1.70415711342072,9.37895204704635,10.341577301220019,13.093867213142161,-2.586945113478875,-0.5310342165888572,-7.615773672960242,-0.7829047611781529,5.016477280733537,-3.993020455447995,2.7002207284071007,-0.3395484256349048,0.811093579611874,-1.442991512162345,7.3322570366518836,-5.816513835775609,0.7686827121948709,0.9725591300093398,3.3901981446816,-12.218663902915253,-1.355146235349227,-2.8501773853691255,-3.628538546513538
5,2.3699750267729467,0.10003240984313343,-2.0495379849964257,1.8334662366886527,1.1905287387115615,2.1296085514584364,-4.681518014596433,5.109123371693553,16.89610427861311,-1.1628345196344414,3.4251642113893617,1.8495309190938667,-3.719548856725498,6.024242918102109,16.442883970177903,12.709772934719007,9.625787391954539,4.702109117897189,-3.418296360999954,-4.1082358784517465,1.6026126468668178,5.744453557139757,-6.676033271210534,7.4899639985999285,-2.911811994046581,5.296755018891121,-4.55894240432856,-2.7299802500982673,3.880728187609692,-2.68055550054628,4.903537219884444,-8.190964143191065,1.9117188748656486,-9.672585269626307,10.115556146417346,-1.1754181248192885
6,-0.41248529297964914,8.153298176596968,-1.5546438070584316,-1.8747309075326335,-0.1906199978322399,1.385105507106197,5.136254657896197,1.478518789976227,4.508848987671794,-0.5848118279661451,-2.882650599795945,1.5034092111246926,0.2962194243255927,0.6069728537481658,4.130002649462953,-5.339168520606294,-13.104775207383293,1.8534534911872174,1.952849337032863,-1.1477987060741501,-5.949462355095513,8.039228661327947,-7.003477667059217,-1.1893429679948153,-1.1537779402367923,5.0774586881910055,-6.785969827248126,0.9882299656770668,-0.4753181088943871,6.745901012489078,-2.1188057320458547,-4.613000499084592,2.315413587707646,3.069857422186404,4.757483547439381,2.486362429449753
7,-0.8531052591849346,2.1126766119684492,2.741586801500953,-3.701541629372811,4.548553179721443,-1.8100883005072876,-1.695501624321451,7.316782750645462,-3.142276314448337,0.695007318744854,-1.717160246201924,4.190816019870797,0.2774460948243433,-15.1191200869424,4.146698060084362,-9.494040913119608,4.451293011100924,-1.5947485438414983,1.523437473238731,5.653652325158521,-9.452941962650844,-8.137539757757771,-3.7408109520162856,-4.299038107906069,2.133932418969213,-0.6586349904537201,0.36433502529956857,0.3615998066201502,-3.628857615802969,-2.0750783480399724,-7.413329564795202,-10.181299029564371,-13.262500386152949,1.9463194943204218,-17.61920652827438,-7.798805998296154
8,2.0993527636236076,1.3222827038594656,4.476497952427183,0.5705079627888543,0.27784800590301045,0.46267014620255453,2.3690476838727386,5.426171956621871,-1.2861068005464515,-2.298534223771825,2.109785885531075,-1.8581502452796819,7.304436243614372,-6.715995989283737,-9.59085032891254,8.939671816874524,2.9846367641371123,-0.8113931215235165,3.548845589160919,7.5182430586036375,0.17234395900551153,7.701078887952834,1.0668964325165262,1.4580086104723873,-4.905558398487616,3.7465192380608343,-0.5097421839529154,-2.3780593324680717,-2.0482282802766685,-10.156856406708153,11.490472426219862,6.576229987095814,5.27981288092477,13.301781001443766,8.727653279596446,2.191115683438827
9,-3.069916137018982,5.004908345183548,-0.7613939253651366,3.4460627292187844,7.09394864089863,8.866714920164371,-0.011674230043985406,-1.2993846341055266,-3.0624527627108047,-1.833241316736961,-5.085127697307236,0.9570146421996915,5.364636073763273,-2.416380922100982,-4.824585575990531,1.0126690098217555,-5.713670871695694,-5.62299941267286,7.53039546242478,0.4479676870515152,6.255777653990959,-8.329404715372592,1.6967380131993974,5.134152763047997,3.587422395239071,-2.9909589126402016,8.518392651360863,2.0653110634611576,2.619900625579211,-0.11775564964936704,3.1074633476685505,9.434392011287262,7.675775076661791,4.066771906249377,0.7363013734622877,-0.29569889148887324
10,1.9550806186256968,4.768126023667199,1.9373966000061862,1.9090631525127255,1.787239560363244,3.558725366863061,0.8654471647982694,-1.996041972266168,6.076998519654176,-1.450230296473114,3.974978858110856,5.481155178984817,-6.755118390735315,1.7895879155519057,9.95918562582561,9.470836359627393,0.3173108818579693,0.40098247848147034,1.2853896052633622,6.738101211129402,3.1595503882485994,0.43803699740341734,0.2096134655329646,-6.021909795245346,8.598513774573803,6.513822747736561,1.501856082556199,-4.192926779085276,-0.5860162648011227,-4.987843227629759,-5.747297085061366,2.4371608422727,-7.078991442310567,1.1125388242760483,-4.731024689820348,-11.874026139171756
11,-0.13970402293667503,-2.360356125372405,1.1204233637877874,2.418540186419779,3.68051730370035,1.1120731593394766,2.10576978052149,-2.4042540751967807,-3.6785421461171035,-2.2983523727375634,-1.5143070315409983,5.02337738445827,-6.5179492943749135,8.391843323804894,1.0526204766629605,15.951868680058693,-6.481400922853119,2.0897832172257558,-5.7340919427117525,-1.0804697193053303,-1.13937509059906,8.949238415807486,10.680730362327731,3.751589074426768,-2.2513007828775717,-2.3168566585043253,-3.634163068265331,0.4293728759702371,-1.0118814954648212,-2.215980510322415,-1.732874530918744,0.36500006473186064,-4.069166055291283,-2.8603482124756794,-8.488383308965332,8.769671065010586
12,3.4977039880290324,2.185116469860077,-2.716053325302747,0.8881453193572103,0.46989300174220483,-0.12721320986747742,0.6439570100331793,-3.267599880695343,-0.4404678904280371,-3.1184216828978792,2.880154469487618,3.117816245981625,-6.334420624436165,9.69990979287089,1.5014736536814242,14.417216612368215,-0.11577033662066168,4.41418969570374,8.574867912701198,-3.43686357535878,3.2199627617183997,-3.541705983938003,5.1391893745381,3.8118174380185654,-3.609522910750642,-4.737991480803003,3.631196079813704,-2.172001290990382,6.040239449666471,0.610622695514134,-2.8312062183204962,-3.8086441390368404,-2.954080526317869,-5.980027150438756,-0.6993284772853462,6.742271691560745
13,10.165227123669215,-2.2224332009043013,-3.9870628802752006,-3.25236897930807,7.422995114166822,-2.6818211285435423,-0.6565450454244808,1.9251447289573902,8.783746247084773,-0.6478030505229015,-0.9612337901275985,-4.2939183857976175,-7.46442859513419,21.850656300174947,17.795854607406927,11.527910796355227,1.6510141245564636,5.037674891705415,7.463395186832973,-4.857169831589776,3.1271708753644205,2.517778110139224,8.085209434737964,1.4883898861554203,2.0523595910291283,-1.0454186663335683,2.9372260410870825,0.6159557955605643,-0.7943530584476433,4.383375367339776,-8.788381707911588,-21.240528722806854,-5.507962783988641,-20.217858236663197,7.8587690764201845,1.4762680220360658
14,-5.7448422464789175,-4.280697618212018,2.3518826751684654,8.44976381501373,-3.170041279525173,-7.920229617553782,-0.8078819975561026,-0.13271979957210775,-3.247308996563055,1.9666235690214195,0.40503440021860354,4.520912984956284,8.530390829456096,-10.066988819715927,-2.3634031944128933,-5.9856683508474,-4.897233141928303,-0.3867321951048715,0.8191986424582345,0.9433089473417827,-0.7399247848257726,2.278098695132197,3.813210888100522,-3.1145918500058505,1.9258829610688346,2.1893978106732273,-0.8525021465457215,2.095962425275725,-3.0589010657704607,3.2927980831995303,-5.479137763989215,-13.098344883140253,-4.929313553839314,0.09461572340556554,-8.186404478793241,-1.9209779549618156
15,-0.18644350523851355,2.840850520803004,2.7799911681486638,-2.9970125446514206,-9.092911790828316,-8.587487217266949,2.513136095842537,-0.2319779894789871,1.9579112885557874,3.4405874283033975,1.8543313139555406,2.275569811159251,6.162458016556137,-9.574062202657972,-2.186511744650043,-7.0655190680099995,0.24537511747710558,0.18543193656571058,-0.02864503282673505,-2.3366879509115708,4.93635345356805,4.55874975208117,-3.495456867376152,3.96400523641888,-0.29852050968578886,-1.1969720818558518,0.5662703050338492,0.6104219634922183,-5.347870898337996,2.9946706854567235,6.176677610649138,-3.8310645560220795,4.952609048205979,13.308219802622892,10.35564418228305,10.078210331347524
16,0.4687161603752448,-0.605896172550868,2.295284617616206,5.092437939281214,5.464399474696731,1.2386876180463908,-3.2234101526591243,-0.6338144589443596,7.196974147339256,2.4359256512656504,5.485743687583172,1.0519655067093518,-4.379482220022046,7.116485313493378,5.556380991424833,3.0295166865903504,9.526695324906282,0.5130028327812954,3.981157518163019,-6.919641894345381,7.704186934597638,-8.943193625430672,-1.488786864645627,-3.98954920151404,4.244164715616071,3.733698404489123,-0.4598892391944418,-0.8088795317679035,1.7997673962797438,-4.362422084321781,-0.2202993412407077,3.0770497455888863,-3.2745751788725657,0.9581134586918111,-9.0052090141238,-7.740447849092283
17,-0.3426010298485659,-4.459417592353967,0.443313049494612,1.3371534457772363,3.930261259176293,-5.96900425256439,-2.7547303687743083,2.6496469399758746,-3.287202608220431,1.5163295502413292,2.4639785125547524,1.1896598567159808,-3.0119736389238008,-3.305119748018226,-0.32891542814215835,-0.07835768284846326,1.8751535032476698,-4.386199610573905,-0.7375533325331551,3.2667477793839512,-1.9393824539622482,1.5342671092675657,-3.3296199532187716,2.9625601086062283,0.9663510210051829,7.996360683927731,5.698190956357486,-1.6994089736622207,-5.245622502297771,10.240168695851247,3.35003815743388,8.790117434092931,9.966564718557864,9.250533220719317,4.153723693775888,-2.190865534300707
18,1.1515981424219754,-7.22619435160744,2.8585547563828984,-1.6954022025955575,6.646014417920794,-2.324722727646633,2.3910893055857443,0.6054049474852425,-0.6152151412501627,4.0510682737340735,0.8425499471474667,3.076028899270661,-0.447464183429066,4.60804976792816,3.5023083875373917,-0.5044972832713809,-5.478810465837619,3.9394917472892876,0.6325216925874049,-3.648774382867375,-3.1681516462442825,10.05707562882073,-0.885234709601013,5.081595169038189,-2.575415562154079,6.528034835445638,3.780072237764086,4.372031979776007,2.241357840445577,2.937792037214552,-8.471792621576057,-4.778836393614813,-11.285261864564857,-6.944381246153189,-7.707253967012678,-9.411053454389377
19,-4.253254338186615,-3.164919854730976,-2.3099640511185386,-1.5844755160565278,0.6950943080746398,-6.232104949196991,-4.347866396514737,4.729312404077881,2.1329224012335954,-1.3163072165976069,2.5260554637988,1.5735610078792184,3.867304607465559,-3.0308763859223347,-5.9640945780033965,-12.486164488354508,-4.7689573509352545,-0.7604763009110276,4.44337215593883,0.9139031913815713,5.872222163847515,2.027508537684168,-0.9041169833163826,-1.8683587888977966,3.518652944540491,-3.4169604657455444,-0.41780299556498623,0.3620237125730028,-4.0502308342529805,1.3465099930763245,7.4087680456589675,13.044980493127083,13.134897279496096,4.279195888918274,6.367540631975446,8.514296704409073
20,2.4581104174864534,5.052977010389144,-8.366205253163162,-8.006006761473053,-7.634496654782977,-2.482034308569772,-2.2567209236475887,-0.02942957379380051,-5.7601052401017165,6.246691724475549,-9.473948436123985,4.549101026842789,-9.026433128483442,-0.1853503572697542,-9.095809506518501,-10.820937898694252,-5.14727105504396,6.090706347506874,0.3385588052321453,-2.076507327507953,0.6685223483613559,-3.0543972168649947,5.790244254530693,-5.939742714166641,0.7386943333002985,-2.3355056074809055,-0.1648484126721718,5.548584905814152,1.6855313739910418,0.7394063203614585,-3.92886312974959,9.565231617616147,12.81109924766482,2.8880790919065475,-1.4832394317704805,3.883792360218204
21,3.956103253805516,-0.7813421195867111,0.44093532951510683,-5.792872466603104,-0.5668876195440486,-0.9453824433517091,-3.153978330748422,-2.6744693128430113,7.428204463452709,2.0406668757905764,1.4778038213143543,-1.1389708777471466,-3.978702965743688,10.406708037366672,0.9517479843022872,4.118249260649389,6.479391472680228,-2.9418441815947998,-6.158294399173892,11.767356992984304,1.8448729563732535,1.2095752358436584,-5.1511174574190255,-0.5455385434384249,0.8635510485999438,-3.3466126797150593,6.648994144470412,1.5400827314172472,2.8451909879032447,-0.9579885328302578,0.16553108819893428,16.512059808993826,2.783054987994992,4.765382679141298,0.03265905623533288,4.852930098163839
22,4.182989614958665,1.038452067089324,-1.9627691896594301,-5.49433367775411,3.304497247751878,-7.1741925928057455,1.2156351455012147,-1.136490780480054,1.6467340923085505,1.0532923099413818,-0.6146096413841053,-2.351610701303093,-0.13146141171455383,11.767191757961195,-2.169352494940466,10.174484394034561,-7.458902186276961,1.2869202786562395,-0.34961976080524676,-7.770245238226288,0.919305853393613,-5.947592897530721,-15.82451268658042,-7.017741653307969,-3.3238969311422233,2.0499613041780433,4.316540186806601,8.222057663664526,7.11394091801984,0.807624589423744,2.2645784227215513,3.5026492832646685,6.255977243793254,12.10029796921477,18.668445845039525,6.850806792171634
23,-3.274342032111421,-2.8015075836862837,0.05013891203062875,-6.639671943017414,-8.093309246801905,-0.5006700624920883,-3.2628357875712064,2.24571542958824,3.068843481492023,-0.3557232423704498,0.3536525247048359,-0.10682804335136803,4.713861783852383,0.37413049109128055,-7.574521776364774,-4.635405237577399,-5.2783627753355065,0.8181404827200637,1.245763606406696,-11.44074215086139,-1.6442327928178164,4.735197168831923,-6.280047611542503,0.2590369180757172,4.565680248396737,-4.618459366414012,4.6271544500273105,15.253784191851713,-0.5993368053922847,-2.507553348735887,-13.984716563808675,-3.0757541845039444,-10.061288320288366,-1.283515336562176,2.0574002265930176,-6.4725671714665935
24,-0.8515255737061403,-0.4528436478303403,0.9092795344031587,0.8400062500518195,-7.108350729455753,1.0283703232298091,-3.553375600323993,-1.9330453732792212,-5.004765228349335,-0.008535302111080714,-4.46322816762389,-2.385409396521899,-2.270151133439979,-10.343430312008273,-8.500813890476616,-10.51226721004564,-6.563737337705584,-3.952302275871744,-5.512501837647691,-6.945972177295053,-1.7601550209278962,-0.15962416511409136,4.20629466005734,-4.898805281641532,1.4175939572100738,-0.11244702255543397,-0.1997911695923124,-1.594286496541938,-2.0069718357859827,-7.094943031972768,-6.727957613614141,-2.6568172744342258,0.66492318498845,-6.521675676715617,-10.541317197741295,-6.964703704629626
25,1.4262673627509146,0.8892864663990176,-2.606188529608201,1.0627810143086376,0.014684279962461822,-0.6934707858124558,-2.50003795721093,3.9900246548409366,-8.045191785510706,1.7822840460100953,5.308965674164344,4.394737246237239,-5.319997358078859,-0.06302962984357562,3.161729096454017,3.5767884668038814,2.634758394591662,-4.27242512483986,-7.106741908861666,-4.640110338829001,-0.10231385668929742,-6.71020260331582,1.566639170962937,-2.4087716377511317,-5.986559335066348,6.80697773974769,4.574236273765564,-6.178129647763408,0.5032354830479135,-2.233948687946766,-1.5895249284043604,-8.75037934220567,-11.38371203444442,-8.540270798364464,-7.636304865686261,-6.381680105413709
26,-0.2929696606434121,0.9634732689176287,-5.406078906387699,-6.714625388992076,-6.734543413532023,-2.0693007689349505,-0.47949955825294766,-0.11247669616524054,1.1870819634320784,3.4004295311716137,6.372685139884754,2.2965622994364523,-9.72598064614802,9.587227351811467,8.492214417807302,4.467873332147696,5.548034908211961,1.7252309366072318,2.150225418562792,-0.8998184374400547,3.0626410867790788,-0.18943916169964536,7.48327651437448,0.8490378070546656,-4.784065424787755,0.4437205992372973,-2.1776641576874014,1.0998011876125724,-0.9224327230940059,-0.7207996700795329,-2.1330594742784696,-12.410438243223696,-6.106092899885713,-12.709358409351232,-8.113496293826978,-0.7136338261925445
27,-1.1847615642663167,-2.533244098631703,5.678180113130686,1.44082802169177,2.3235254275555515,-1.8891709691711835,2.6051681598230285,-3.1104841445173537,-0.6659391571064385,0.3209653749149673,5.035425931823497,0.1654146301503084,4.812616520390218,11.60313045005409,13.184750406109558,0.5267890618771923,4.308334902841217,4.022395231894085,-3.0232010276950136,1.3730740224828526,-0.37409804305251765,7.636742786485321,9.700524199982079,4.6690205554572906,0.6407630151631881,-2.283030779994264,-3.826341622261977,-1.0013119736496283,0.598215325754516,2.0083987785845387,-1.2446065265305188,-1.7614999644610347,-6.2480122118580095,-6.925902173835404,4.3383533832978225,-2.7705883779087843
28,5.604668988257038,-1.5591120269833778,-2.938955971248904,-3.3284284508958155,-12.557890634147489,7.466864233722492,-1.5542682591749697,5.577356256696643,-2.4841298217676124,3.839972266129085,-2.3707537231396656,-1.4523526016546755,2.860558487931076,4.337304017981705,-6.937631976239535,3.4403420857020786,1.5858113738347073,0.1323560269511476,-6.058625912179752,-2.750233316603972,-3.2332375943660736,4.2308171488800825,-4.595880001783371,3.3481093632931613,1.1425047553315455,-3.9740400890610657,-1.072655571501094,3.1008574278378975,-1.035270564106046,3.3195078348626894,-3.0587517137126046,-3.447680890256045,2.3367592801853103,-3.6129823448706646,-4.171747407742909,0.16433267325771098
29,-2.2817667070396093,-4.063433803465902,-2.3607899005315742,-7.148669051880739,-5.999693148446326,-0.3064740142043756,-1.4296932792177006,-3.866606202052564,0.4280541394742168,1.9683496769593687,-3.311202513928316,1.5699142685958318,-0.21629994012871567,12.277155820204287,-2.2186928488770308,-2.6134143556867326,4.02983577519047,0.7582005364250164,-19.418510177305766,-1.2651837191945987,-2.493258006110483,0.4047003984451294,-6.059395735969349,-2.8441380727656034,-3.8088864410410124,-3.919796368601371,3.577052034893814,-0.7446866127073156,-3.8512008585491957,-3.996986041871869,5.766937115970923,2.13104763322947,4.861534468981684,-8.539647825518433,-0.8597970218682776,3.8370716328523597
30,4.439377953811568,-1.8294510634578005,6.327033499978026,-0.539922009013137,-9.346869774010717,2.3010447189515952,-0.7266667114228619,0.4000838274250225,0.8144028728105583,-1.0649174739967804,4.032710843548482,-1.389142432687234,-2.3134337785292645,-14.841205492311595,3.7339490881683877,-2.5639168267347374,-0.7653827983505872,-1.379449445374158,-1.0745708309874242,-2.960806813167066,-1.322363165720385,-1.0551597862219324,-3.2600705121852913,-0.03532150205300779,4.810123210050622,-2.4076324920265044,2.999730291415234,-5.76162869513643,-1.5621351319916394,-0.5425593439413576,-1.3579205730739905,-3.8007428871315656,-5.099866896259542,-12.951683093090447,2.5562197255844974,0.8614067544742506
31,-4.1728609453658665,-3.8819323160058383,6.209940075874329,-0.4144767267363412,-6.525710388333822,-0.505021043882078,-4.707817044793343,-2.0487586777961377,-2.2764496129690386,-2.1580347286499277,-6.26790080265123,2.2533387483990923,0.907022589551551,-13.126032778194972,-7.202337025379648,-21.12286507068392,-4.281757603437469,4.370998457986481,-2.4589522091709837,5.3975813464850795,0.12539429932224508,-13.548721731925497,-1.1424249124770263,-6.7026722710959765,-8.910588750121544,3.829349599778652,-8.407680630075689,-6.728703286574811,-8.556293083392845,-6.688222107534506,-10.625987743996845,-7.517217786944642,4.024098867056321,0.07190408876964025,-1.2756437744413103,5.119558053965471
32,1.513511327000297,1.1758937251811126,-6.8131528454167505,-5.884543932214076,-1.504152850228913,-5.182938420042699,1.1136424600773929,-1.217027625259088,-1.3312055254165007,0.816530704498291,-3.0054898340331047,1.1566054139818465,-1.9605158470114883,2.378041784982292,-3.08010331951842,-13.253852158176656,-1.7514101120890404,-3.732890531800839,-1.7175101700371929,-0.44563645002793295,-6.544656816946,-4.786861144766515,2.5844235286420707,-4.087961802829285,-0.3509392249873098,-0.7332323680118639,-0.3880821296146938,-2.9472393618554484,-0.6592060595142598,-2.453249764685728,7.745499852968722,9.867190187226752,7.0149590444504,13.507645585099045,-1.081280188901084,3.89191771815626
33,4.7431782741783834,-4.290613833738833,7.511760153940746,-4.130445690331411,-5.3128179923004035,-1.372644862274126,-3.3356205319263497,3.057518708766723,-0.35820671125334136,2.679332430873598,-4.513941670368824,-0.11429569953862502,10.717971204494944,-3.252090646296131,1.0419940924157902,-0.36406855376399294,4.597771006579301,-5.211861720113844,-2.013344124567752,1.186086331018988,-3.5486318615018106,-15.721802580113314,0.22096308944176654,-1.8939748479395497,-0.4189608826929209,-4.854140741180401,-1.187337652761109,-2.1611245932931804,-0.475536799248384,-7.3620352130763385,5.69779813897853,12.223376609841171,6.612564937192566,24.893245863671204,6.083156004852178,9.75165323092013
34,-0.6290370648612782,-3.9955738539598427,2.705329868258262,-0.47280350753239225,2.145328472463452,1.2835251258648173,-2.4557976087137146,3.0266980291629326,1.3117269436372634,-2.21981508330423,0.164831243911568,-1.5453737278525927,0.5422582881791251,-11.712566296969142,-6.990069214178591,-11.200149898626366,-0.45307620265045945,-2.3301695726659832,1.0083838622180783,2.5132011844187367,-2.293093538634023,-3.3887625125293828,-1.6508357579610786,-5.57016705676001,-5.376025573635588,1.045181219675103,-0.6662000700527307,-5.4135410524144465,0.7420126601141326,0.8850888938319926,7.245176058642718,13.83697806085859,14.149852641953194,12.026357392875516,-1.7718499673872579,9.239884160002884
35,-3.1654133742333066,4.268380309246024,-0.6638537301700942,1.0751755298400412,0.19583153694259878,-3.036023043856329,-1.4869664724992246,1.6509153678709148,-15.18002550364757,-0.3009555355018499,-7.272302284228559,-5.3721558631074675,-0.47050281112291376,-8.366026978103482,-11.33169939809916,-8.333459889402194,-5.162742736388226,-4.3076164463953095,-3.2068673335776037,3.3493424362065842,1.3420800067940537,-4.250134958296406,-3.277608116670531,-4.069300848306442,-2.635401182636923,0.17993466806008804,-4.269381400958007,1.350578901719074,-6.007543664197533,4.907394342276515,0.8634017760656318,-2.4975444966433,-9.038009748166921,-6.687290397225594,-6.79013228538085,-10.676452697539816
36,-7.422392360409912,5.517415851658704,0.5549230122444581,4.462542957493237,3.5398962917376537,-4.0404053634526775,1.966826852487058,2.6615427564069325,-10.029266407295149,0.6752871664963207,-2.8709781905826257,-4.238775787913069,4.3992954151971,-4.194066658007856,-0.4628349186814561,-9.673951386797185,7.254389095063112,4.560148731330219,0.6257848117728623,7.176241446514519,1.9384210054971733,3.9969519677819036,-0.9955680908597245,-0.7116465438917583,-0.943414490289834,3.955713988566885,-6.2678625462006545,1.4127124420234136,-6.346793572513425,5.935037252854328,-0.3270151429638571,5.785313560038197,-3.071557950000374,6.092289401560413,-1.2057135056476205,-1.4019485639066112
37,5.977517839597196,-4.273818386452539,2.0915906715149784,7.089721837214062,13.375836771361682,-5.362409232526409,-2.4761236103213564,-4.313360266539515,-5.0700440674412,-4.590889303355801,-1.3313234375447642,-3.597121606067735,-3.2928997217392433,7.968355987753187,-1.3729046738269377,10.794407149966883,0.43597762681999985,0.3443992192647895,4.6704108650434994,2.1788866763212242,5.55397872718013,7.32601732258894,7.397773041996905,3.7775113655596364,5.544290985075795,2.3537679860482412,4.089320335309116,-0.293230765480168,-1.6084952634208056,5.946062387252341,-11.907197380552487,-11.909706754785754,-10.01492209702122,5.8810316244976555,-9.200173238254322,-0.6522445283374008
38,-5.187756150048607,-2.331619594474228,3.939253515126754,-3.9049676164072387,-4.704893046495866,-2.821076362716908,-5.197501383265671,-2.6602160626528213,-1.4544197737562412,0.5253011946167264,-0.5865336358547211,-1.7505623655659812,8.903498631959058,0.08298721362133415,-12.561132999707242,-12.286820009350777,-15.001560231252592,-4.624222846663728,-5.062828867411127,0.345187286333162,4.579730966869666,4.506615358956006,3.797224904809679,-3.2746738596838347,-4.218270306684533,-3.777034860484454,1.326844644789793,4.116583098562396,0.4135028902365237,-11.40617797812637,-6.234719505875694,2.850058755096124,-1.949549872048047,5.921445929274267,-9.667851029001937,-8.751891126438062
39,0.9578366684062141,-2.8225342433671563,-1.3626620714761772,-1.4387728486742293,4.324044751421529,-0.9353424128221006,1.3129833456204862,-7.742593750053523,-2.4011770907257284,0.37806626424497486,-3.2447460086978213,1.050139576500776,-0.21144835384828703,7.664866071650568,7.538688819019162,7.888416844971326,3.659021886027589,1.81594824015486,-2.243112533144197,-13.61247516894827,6.598177345431581,-7.599852756578095,7.714573621141668,0.9282885680393297,2.122041361064327,2.332277842930385,4.338440678557571,2.643850474941487,6.020120132790536,-11.239487881563148,-1.7890211282944193,5.810447543251271,1.5288474091461726,4.584553691805626,2.383250485573496,5.5129924875741105
40,1.5510051566727308,0.27143301525894475,-3.6071019371097184,4.816823643689253,6.075881812645465,-3.1253993067206167,5.169696141870654,5.800723033291953,3.851391923670866,-1.4168650605240647,4.735996923884567,4.871029137956853,-2.242846924203391,-2.4063255154356664,9.649715203411725,8.011609716683019,-4.149117424780009,1.0579072787445418,0.004280764837654269,3.3180050472823943,-2.236420725519788,3.1191207654013926,2.7220344288008556,2.8275546379843535,-5.943551194911101,2.451839951836333,3.806514817841199,-0.7370511652255545,-2.4767825904549383,8.217926854989967,4.277298363495846,-9.663771411289973,7.508671363397521,-4.498778099916419,4.894971469227149,4.501069037281737
41,-2.926331474464767,1.6658138377325875,-2.3105801818322163,8.088828625727674,-2.600030471475757,0.3710642531514168,4.537398913076946,-3.152064179887577,-3.8507041395926964,2.341036173153897,0.21306714354729167,-1.3220564333760008,-0.08573462160266175,2.466496875091475,-0.8160737290674326,-3.328834356093893,-2.6278131896135757,-6.306990425349499,-3.128121081663638,1.939562696127259,7.148019407476697,10.158639631709274,0.6732243469783238,7.709761905426881,-3.2487707983474343,-2.5238969208938733,5.864773299697102,-0.03145682233936933,-2.64920429816251,-2.686904920607197,-3.3932446995560004,-17.581979873229045,-4.932315996715,-4.7868674792805495,7.5367944289226925,1.071133693870233
42,-1.059331945010594,-1.9063654586064571,-3.9777315623906193,3.5874324294985556,0.27140463554129307,5.98955639102021,5.505713443366849,-3.7138646582559662,-3.4358782371392054,3.5117043347991244,4.298707262897978,1.7162267188636624,-4.777831444630817,9.938622942308383,2.443059871391374,-0.34706210846803626,5.374075264346843,7.030315227958621,2.1285443962836754,-2.4019123145512173,3.6630542024361845,1.9330423529050789,4.127110363269339,0.08064477024029712,-6.052265421468384,5.410752061070228,-3.992560555132068,-1.8258343552980496,6.985055994926666,3.8016763445065944,-7.242228794462827,-14.384307326406848,-10.319974950381688,-19.244859092089595,-0.5483331801939983,-8.613152396922208
43,8.038909914542218,0.7653994925168096,-0.3341129860099481,-2.2546819874218533,-1.2773061260885121,12.012001889092582,-0.5177725271739978,0.09226336888968945,-8.594470454722035,0.43788304134291045,-2.0257246001642577,3.7740952591506804,4.986278457301004,-3.5891751288151252,-2.470211601759098,-6.880186168876078,-1.2637010621173042,3.6115716421330464,2.5221447467195746,-4.805645122820017,-0.2848189035240485,1.4694875361663955,4.088385127028641,3.180783664085427,2.4810513160666643,2.8674834854900837,0.27733462258261077,-3.7706022219998494,1.4587040312436161,-5.109091630100976,-3.4375558386043625,-14.442817707451022,-0.16698918537217744,-13.435338111556305,5.051652730727683,2.24466789376979
44,-3.2795132313455855,1.5496528902832343,1.5123423925619952,0.9199128502181598,-5.115805240309968,9.801792465302409,0.17684887874187255,5.29991429922532,-3.5134548514473196,-2.109969405039233,-1.719770083241925,-9.544328329514483,1.0161191168792394,-4.292797784416043,2.6284364705183068,-11.96295251530044,-8.65686715987264,0.2861251204597707,6.642425581508753,0.021734597731609732,-4.541165894391585,2.002128058550309,-3.2513495756655324,3.440570772302394,2.5707886614361586,5.494188298376239,3.224131325373844,-3.079509819952809,-2.0340605134866676,2.0438383077176248,-2.855757094159418,-15.333691937582833,-2.733540790421622,-17.585671081682857,2.855581242211011,3.94874370098114
45,0.30632725297188274,6.529977832521711,2.9393096392099953,10.472837672245745,5.615913868349578,1.1809224400441258,-1.587935112378731,2.77965779511296,3.0199855249755236,0.45835048629313097,6.41027220722516,-8.913870424944527,8.909576098605687,6.642439174408815,12.100075824528325,8.072034304847522,5.486335682625673,0.5516086950594065,6.060783790690558,1.4328987814333973,11.592923225188741,0.5293739936029425,5.184699056251925,0.391308318595497,2.3730658815831553,2.3259910351159623,0.02512649613983777,-4.8286893969895885,7.964382052725675,6.668282563589057,5.0444981679320335,-10.03919879635986,-3.6509206051729164,-15.233968343053546,5.750205659440586,-10.912975188420743
46,1.537202533866678,1.367783465555736,-3.7594907402954236,2.0638875255779343,2.916251328146579,11.61345735374762,6.513608128744728,-0.555900823400945,3.39244084394708,0.2727954676564859,1.3242046157164233,-6.431097557426107,-0.8849332708181167,-3.129332480381946,7.604966311126339,5.091679305446391,6.751989290726428,1.9432889776570457,-2.6760306820577506,9.555022065432704,3.699457274103651,-10.935291189320234,-2.884491279417155,4.246167497367275,-1.5145028914724077,-1.581392689627044,-3.1978132478436647,3.30054178864372,3.207029105829341,1.282655017716544,4.053774794753717,-23.010857674540304,-21.41974723582365,-6.896205916696665,-17.499616691044398,-10.697501756707016
47,-3.177522445819816,-4.378250510108714,2.9496029810029634,0.6850155572197876,-0.16342519375742698,5.4671308763173165,-1.1307797848570103,-3.181615260182595,-3.406609696089005,-4.435383404396018,-8.998942274220136,4.635808289659266,5.4991330169901556,-11.470351210054087,-21.28699195871548,-20.60324776415922,-6.075171723657725,-0.027175068855285645,-7.710547592414885,6.355287184520644,-2.984676345270507,-13.939333995994257,-0.3112504956673603,-2.364395650673886,-3.3636013768157182,-11.605557529293762,-0.0002981451130947288,-2.0724856744007187,-5.973888812624678,2.3822057198505013,8.776355068446422,7.675630262919834,6.276972546869395,12.029334716574878,0.5175934637687645,7.904683565606876
48,2.147818591825816,-2.833563423886591,0.6976650600530663,-1.2818295098080927,-3.17380939941017,-0.3441696769120742,-5.7156377480346325,-3.0134885749038385,-8.952727057495895,-5.954077963926355,-2.592411767463295,-0.7362449167638409,-2.088760441663314,-9.139043342094032,-8.70371054386606,-2.15832979642615,-7.529035261090921,5.584054534684639,-12.333336374589376,5.259866704746169,-1.4339987288932412,-9.070507233240166,-9.159078371368956,0.9659748297868943,2.449949807050277,-2.191214464148697,-5.4666134921871885,-4.671785274330451,-1.3355909795785437,-0.3504071880360039,-9.777892181459737,-4.847614242106068,-16.141064912688975,-11.042909456759084,-10.707778770704659,-8.640260793876891
49,-1.6948226142902763,-3.1720449158123563,-1.6936395186550763,-5.389812739527955,-4.196398306866081,3.233762321423511,2.0574019800643533,6.6010414526170615,-8.48597821958211,2.2245883418589223,-1.2134591477866075,-3.365519234112331,6.246655705175837,-16.06205058523587,-22.540479214215765,-8.636626811051855,-7.140361040070349,2.6372939787653027,-9.287496965150444,-1.8074149988135513,-12.063192554274384,-2.803991368838719,6.469568926460889,-0.007408141329580424,-2.414886636393411,-3.744124097483499,3.189174631724552,-0.8219573321391125,-5.280048229256455,-1.4021359163583542,-9.78045218088189,0.40667040570049867,-2.614513783126461,-2.2582191879651985,-4.880532592839124,5.23152078475271
50,-0.37616635342033544,-0.4007271157235515,-5.2051928227349205,-4.042953573319377,-2.3946283380596007,-4.855005269147912,3.833495171398533,-1.7425123958715372,-7.903981127301041,0.12137245037117783,2.526072878010419,4.83325422600824,-0.6605245191223768,3.0355382452205735,0.7958819428268744,-0.33793169959467284,0.7943420093886706,-1.9468801085438048,-5.002124628546286,-1.4695870924969108,-2.2555088425169187,-5.994674530564522,-3.8734584627102833,0.863091836778485,2.7553681968426216,0.8962339941336184,-2.881253225918935,-6.759414189324087,5.65959184267083,-4.119653368178679,-1.817152682805852,-1.6200324783519822,-3.047518877578633,0.8698209463333597,0.8565721280720769,-2.9658346528909645
51,2.423147068035846,-2.8838091237204417,-5.038656107549157,1.9648845712749325,-2.6025782197105642,-0.8407455089749122,-3.79863012201932,-1.7139533707035743,-4.078696939409996,-4.257461466959545,1.6864435490296812,1.8852094919705877,-4.6370931523947085,-9.760678138051714,-4.425285894043592,-5.902799109909303,-8.973591710839953,1.154068865680269,-0.3259881077980509,-3.739581392735851,-3.8727033174767787,9.629632622611766,1.873104672042691,-0.6064446644515408,1.2560816787335338,-6.359743456451261,6.432381151890268,-0.945627100176501,5.895051481772442,-2.0576562699006526,-5.00767329806576,3.1500376219652138,-2.7817804521443894,-13.503774690384768,5.7461469946999335,0.007956650792335977
52,-0.29082026165358876,-3.844953915142283,-1.3459337378034786,2.134121360219255,-2.7536894621289507,0.9190944700824971,3.408269979515854,-8.06465759546477,-4.834126695686457,3.277197075133421,-3.362498392788123,5.848624791417803,-6.111996945069761,9.668623642045624,6.2859391819457615,5.475777800594058,2.30735998007716,-4.258375897699473,-2.9020853444021575,0.32788105947630747,7.039191912631599,-1.950882755371989,-0.5299409749556561,3.3865669187044305,-5.886941023246974,-7.38703453601623,-0.8061535765930098,-0.631232383299847,-4.23037552711915,0.38091042212077547,5.976326879798149,-11.79827843150314,-4.324539814676557,-10.080748562910118,-6.423257756598142,-0.23164359951505856
53,-5.236235083365927,-4.4695389251015625,-4.897004283812581,-7.619460574218205,-7.625782353537423,0.7259283044508525,-5.115847253354684,1.4660120085232216,-4.801212956710738,-1.3174194219161053,-1.128752598348929,-7.067732548683273,-2.7904359296876557,-10.133474849012433,-9.632252637524994,-1.4897576156927614,-3.141990238610579,-3.435866329134727,-4.1647795677489166,-0.9270949053521059,0.8875859331111519,-11.544813040567904,-6.7598265391223284,-6.383070342090665,2.387781567719518,-4.443497242976208,-4.65552634557671,8.106726108765116,2.865840720887087,1.7518576821502374,-4.402636262835289,-9.199907395304466,-9.136931084856695,0.625004451797933,-10.839976699984803,-1.079479112917063
54,-4.783758172651335,-0.9180121859725641,0.1988713230405535,-3.696178984885313,0.6159948846515344,1.4607456779601622,-2.552890983163094,-4.258584316496794,-2.590903540807111,-2.915572203011537,3.3857631817155953,0.4228392729953844,-8.90015614640956,3.0741705049057395,1.0159949039926335,0.1513969630611186,-6.468218236553426,-0.8939989897973684,6.739199236339452,5.155180782687907,-10.224273167094406,-17.478176483694387,-3.5450835641549556,-1.9377989087785994,3.8318463584446176,-3.553219120721428,1.557855583803386,-2.249923758056699,2.4519513881936366,2.409044528494076,-0.05875777042641932,11.963811504445514,-2.312781475636424,13.446627378463745,1.0518171106066023,-12.059293860075424
55,-0.6395843527754959,-4.285448954725752,-2.1394835236121197,0.6444190013583522,-5.010664185718158,0.010339339168704286,-3.322061684419762,6.689776628297203,4.428675965995205,-3.0201188512146473,-3.8575190457762503,-2.7133430449330076,1.0417121016249364,-7.320707430644911,-10.434362266136676,-1.7069877877223247,4.235853988297132,-2.8265327483567657,-1.9713666214018453,0.6893563270568848,-7.19087169593086,2.9140485902221833,-8.269057787194544,5.42361786232653,0.649695278506498,1.6515133417382533,-6.156875164761227,1.8440430456278276,-1.579976782506826,-1.2428158302696384,3.3594398208114566,11.845286566307959,-0.31389356632621923,-8.891226284357966,-1.6865877563856086,4.479207875777264
56,-3.2971160493943157,-7.953762277048462,0.5497223342559776,9.24188594915429,4.401549536316675,-3.457743980142535,-4.080683099067941,1.5449134531069775,10.357768390859876,1.335811040991423,-1.3159694574317153,0.770192488799898,-0.15239549413019296,-1.2072270184147114,-9.700884333678655,-15.158525483264606,-2.8606454888168646,-3.0990386276829,2.103663799714069,3.057164121799323,0.6722932810686073,-10.420798238442869,-8.120079268758394,-3.1519510782494837,-3.5392259490125033,0.5960727844919477,-0.365029054636858,-2.6841062800008424,-0.5218276883266411,-1.2332725713447648,6.098106203030567,13.877917956332771,17.207519120099594,6.316777406298384,8.37331370735655,2.518445314801469
57,-0.3619663399093005,-6.0716577549369966,-1.4936463206398243,3.820527129635519,2.3559088922885,-0.8142550840821802,2.4302870850173797,-4.529472677227186,-2.858164691195196,-2.768290253812257,-4.122643919547602,-2.097391590171931,-6.516255276543753,-8.962854178280246,-11.940314888954163,-12.388940352566388,-6.573407546598084,-1.211823781534117,8.810948446697118,-3.6304206440643387,-7.853597349050093,6.7383192500897815,0.7242817392154616,-6.89068894301142,-4.154979532166403,-2.8766153424370047,4.469739566195984,-0.7529636811541052,1.336832839615491,0.518728647305041,-2.810891021271141,0.753736712494675,-0.7971517717351719,11.945780651909965,3.3105131322327925,2.9057307985364176
58,3.410532810250107,3.2201844155978487,-2.2245147191748327,-1.1010039226741206,6.798362574559086,1.81898841649598,-1.932090908593061,-0.08483156531440969,2.2570678138611266,6.185423947110468,-0.5777558045727866,4.15909751063707,3.549138246750345,18.921536608618133,4.327545562873081,1.6070384763333263,-0.6931195143534212,-0.5905596361476548,1.1545010954141617,0.1170366756161865,4.586573805070805,16.863051319608882,15.670697631276383,0.557113379696194,-1.5016695983251747,3.1454825662836736,6.6946409885980644,2.088009176509721,0.17910935927410515,-3.1782166146654256,1.953765980443176,-9.090725435894363,6.3031494647872695,13.403669199165034,1.1871301477052727,-1.0701910616183767
59,-4.191726919339628,4.386061361173586,-1.6288782595371714,7.214998796278117,-2.832955061325005,-0.0015154012611934117,5.293062376124518,0.7231507410808485,8.670302206764417,3.088240883788284,6.356096330954104,2.5197289963157807,1.1478020153483566,8.941700536377576,16.933559149199603,17.84665232410236,9.45124525804909,-0.5736286891054134,2.3072381937990385,-6.906053428139005,8.15697955902742,17.559071677071707,0.9172527163612599,4.613880200349555,7.599690706146006,1.032670494245023,4.898550433011687,5.655016262312325,6.852145022275496,-0.09562847808915742,-4.082781612264867,-7.2110512384346555,-11.876555008547646,-10.21383338071862,-3.16784498642902,-12.98210471868515
60,-4.451020184828311,3.5189357202272027,0.08388822419302804,1.6356195491187426,0.7691332810387319,-1.9345814114322468,4.09530706369147,0.9065168486832051,5.885048491005995,2.3176980207161026,-8.044930742711436,-3.8814143674182042,-0.09897070758196773,13.684993658138781,10.581391633013073,5.846876772082582,10.281773312055336,-2.065021957137755,-7.43406038868184,2.1736294469054864,2.9081340477782853,8.153490854161126,-3.294900120521078,0.7322158272169075,5.617020877040162,-1.9314339282561321,0.2797490063370491,-1.6055965998343058,-5.102244721991675,-0.9012284801930798,12.671613931047673,0.06569822710387561,9.206427157685464,11.861284413508006,5.085620118495153,5.847159944018539
61,-1.1318620596917308,-0.23476391027168353,1.5723785016001488,4.953516801401061,-0.34125999133197626,-3.947241798955567,3.8320273756980896,-0.7860144157798923,-0.260468492702562,-2.0847442515042363,-1.5436106035295798,3.2753580735654246,6.840164783353708,10.454098635790299,6.402515425897983,6.328776687383652,-7.2872774022232205,3.672600665262767,5.660912857904118,-1.1054343690677566,-2.45379477161534,12.508241582889946,1.5019169407231467,0.7867041595128118,-1.9486505827125238,-0.13887868973673606,6.6616045382558084,-3.8127766981416817,-4.552486899669986,4.604947989084283,6.412435682452455,-5.858413827662566,2.570316587175642,-8.502371136023074,-10.077586534071942,0.7977607225885197
62,-4.7055982685818964,3.5730239079923045,7.348206578848922,3.648672968757396,1.4539060915003017,6.090953623761936,0.6963216677612188,-2.952211153522438,3.225917229847032,0.7295460162722335,-6.430763696529428,-0.45134096090890924,-0.026151118229846566,11.837377506859449,18.863216008458817,22.39214077287791,8.268132937197782,3.514333024925115,-6.098442539268611,1.444978195185564,-2.2125756691913216,5.4298503326480185,11.55270735767423,1.4465027059219322,-2.141942671975311,2.765041603117573,-7.161414969940575,4.09691631915618,3.536032286225533,4.916108304140519,3.511523083384548,5.755708979100597,2.6849939896135915,7.485944545998866,8.7155007628762,-1.9762636824529998
63,-0.3796841712022314,3.2451036083987175,-2.6493639587139595,-2.100674802551464,1.5939575594906905,5.34131111934477,2.2719327180969473,-7.117030952505919,-6.9160953833132375,-3.2704010127416376,-3.3864637718212847,-4.639625768272245,0.5417205420683842,-3.4342139862021623,-8.301545415605817,0.113671425045753,-8.02042504232757,-1.4475184790980147,-2.799941303778668,-0.4098514780706289,-7.134442240912087,-9.348338105240646,-2.3647073902645888,-4.583354422632529,-6.49639860031252,-6.319820698426694,-1.5757595414428838,-3.038940263037779,-6.771402162556746,2.864041809524809,11.99242350641562,2.5223427072775606,8.90254717335409,7.813137628594223,21.6876911951267,6.353374383887466
64,-1.6918965651064504,-0.5264228089731566,-6.980097674593633,-1.3687708149759137,7.2765480498878325,-8.066772610557322,0.80398064061087,-4.776435314392557,3.308470466915442,0.4392541324605747,6.220073808592801,-0.7383212036624247,0.16588991028921946,0.23358113425118582,10.53802186493971,3.2431716122189345,-0.9198665290462728,2.5379681264867586,-1.4895024688876406,-2.2917622227449805,3.240823211718579,-2.075352997956227,0.331133171003692,-2.5127750999313228,-0.8962530562159966,0.2953130946475632,2.682313373046262,-2.019505897346808,3.534503750503063,2.6922815478577906,4.4049755276028755,-8.894752357687269,-2.456964418596151,3.8893239254854164,-11.42656993136114,-5.183812050186858
65,-5.1304963091198275,-1.1305021363861707,6.832841409408316,0.5892996483919571,-4.00878071374431,-1.860398658760348,-5.415827926324338,3.3215828708239963,-3.4844688183190873,0.4308955676744369,-1.3267259619825957,1.1684790235392901,4.223216388906751,-1.653978974235301,2.992138830982909,-4.070200587081134,1.4042163752779668,1.463915544505022,1.797779445745507,6.7766285891435585,-0.07432526958232023,-5.965095558945014,0.19487219623156957,-0.6962339755109682,-6.559688441911522,-5.256891596074007,-1.560326099395752,1.942962507508239,-4.345680649183234,6.885986860157276,7.99043032192454,11.648136453969139,5.807831720430023,16.809740955124095,1.7051347713081204,1.572585721405185
66,1.3931159243291737,0.6760397796728173,5.317807744960396,0.7371562135462858,-0.25679961531137935,5.154998102054304,-0.7347286970031505,-0.9538615783866571,1.3554047338512478,0.6208287051745823,-1.2258654601719914,-0.3907261533396585,10.990971467932876,-4.714124528729186,-22.963247421140572,-9.849038790683357,-11.18198790386015,3.2986244881639677,4.769463448804252,7.72285490619893,0.837872644316177,-1.3511852466938448,1.8006967397368685,-11.132676769276054,0.10642452385960793,-2.8110847035232855,2.8183510239635194,3.4490193323213227,-1.0228497209597607,5.467119014993006,7.724119502670911,16.107465215787595,22.65971681901387,9.945125195444847,11.073956355756643,22.216584846377373
67,1.871047881184792,6.996653677249442,-0.33810180015101726,2.2970729695290935,9.770185285076803,-0.1640903073914197,1.5029336674785128,-0.1831343890148766,2.743248381480879,0.8634852435515852,7.319830250907309,1.9349721998584515,0.4748004113837164,19.43873836312975,13.582885785978668,16.186990922506975,16.065758388869618,-1.6577920183843495,9.733322713448077,1.5919908601410535,3.790833456175668,-4.344145638602121,0.40240655140000947,2.7755802063917625,-0.9449052293689884,3.9169062102327543,-0.2503512301007096,2.333736937265007,5.484960640115397,-0.7876041166636408,1.014125227319951,4.533756222043719,-1.0995883704448233,8.275838238244154,-6.094490195529497,-3.893084796107545
68,1.2815730772456344,-3.026506639256769,2.00198356472716,-2.157355784153452,-2.898212587308823,-0.6868453737424345,0.6646820817674909,-0.9090471973224562,0.7900697704480619,1.4131272562912531,-4.119826299271414,-1.0587949743684457,10.244091610519254,-6.921062013055958,-4.571205012044128,-7.507502291883741,-1.6037022954955393,-5.037793460245035,2.599534283487164,1.551229175256223,-3.161974360292055,3.1547419003077914,4.5655490889841195,3.9794486250196184,-4.297105286042301,3.1509236973159167,-1.0927816349632886,5.659588253011509,3.2486800116543866,3.165430717322291,0.5098920464515686,19.602610253557867,7.630550922179709,-15.569988593763235,4.179909780317423,9.419883479269183
69,4.407882572123211,2.04934163269948,-1.1160017846494306,2.2295377357881896,-0.09379070389027498,2.454906057946536,-2.423600458368963,1.0274278284335623,1.5128364562988281,2.129319557882085,9.099555249630036,-2.740456813908353,-7.06676764877475,4.040596417018345,-7.585765892145585,10.680791131087712,4.800621695360359,-0.6742000415617105,3.2556098018373762,-5.3119474947452545,4.315675488540104,5.527781581392094,6.861585775200202,1.7957602477803523,-1.428143459619308,0.8941164752658532,-3.346802723042819,4.296117396987214,5.4398368384917175,-1.5104523495751985,-5.770244749224916,-1.9598123668407907,-4.700575944720482,4.0394641595835585,-2.339216426927216,-6.475735439937942
70,0.17804872822396609,4.238904729181407,1.1793205312320165,5.685827094681409,8.943085867531446,-1.122669082819199,-0.1509003128324236,0.7843416028332953,-3.973965383609947,-1.195479544107707,0.47578328908706197,-4.625249587151469,-1.2675631313907856,-15.554669774308497,-5.646176124105648,-2.600219190424802,-6.533872903609763,-4.066868253822001,-5.669887676074797,4.5871188154025955,-2.5163930441652025,4.871353880179171,-5.510512493474751,-3.2975979398707955,7.207720591097462,7.9379982790168455,-6.335446557828358,-8.387234031697925,-4.826901306607286,-0.5344153042046391,1.3507618046536738,2.293049625292116,8.97017119125444,-6.500314781860429,13.855699271875984,4.704122635782982
71,0.3193657825491866,3.996493157531534,1.7051440422632256,-3.220386035588323,-2.025448198221168,3.773417787968504,1.9909035417498375,0.28927638092819524,-2.505088141378091,-4.719940791998239,-2.2062950827637495,-1.5831062631035338,3.3350921893606382,-11.221293060147033,-5.5111192577727595,-2.9043611798967635,-7.103181159009739,2.5254497290874016,10.132284782370743,5.133282670561148,5.238075105511412,2.1090697998903236,-3.5131351525078016,-2.2521522092271824,4.029590813937236,1.9030268630202936,-0.3978190786984502,0.7203132625745268,-2.3199251817197215,4.06120581164652,2.173739697252001,-2.812373979359257,9.643878711007384,-3.317517090816887,6.709615949959475,0.05481753228422331
72,5.399893603154591,4.428322639392347,-4.721930928376256,1.5557577327197911,3.16973248489049,5.727487785931753,3.164316644473952,-1.577622191030152,4.123724083207091,2.4761729216469184,8.098560999850838,1.4219950954524838,-0.002993035985499012,-3.020772174913056,8.624455052979139,-7.896271088901831,4.083855402104708,-1.950306588289689,6.709106042677043,1.5012421893830201,3.1426639357695776,2.092868761140473,-7.624696671962738,1.6837682261568856,-1.0194405981776666,1.8099436559239213,-2.6230682342180183,1.2964367598903423,2.071944290277909,-9.504053278236974,0.4322728317002861,0.04312758695106117,3.5982490297482936,-3.4375754400175444,-10.423024844150154,1.6281993373924373
73,-3.5048863702282613,2.279398546383089,0.3550393716717253,7.5393335910475985,5.915414062081551,8.100080883624603,-1.471212706395558,-2.699120011636797,-4.5736058051792945,-4.109363266970126,-0.32270692577775645,-1.0647798753438555,1.2976593496848126,-3.216184583549597,4.100360843600059,6.6814965107003035,2.1391960139177284,1.0540648212238235,0.44745417775548235,-1.499290216334012,4.1177081704063685,-0.8153097866749277,0.800075893195308,-3.6453598588705063,-5.160850741425339,3.886759068056637,-3.807403526896117,0.05866156062301325,0.7408119116206558,1.509402376048419,3.4810435528657875,-5.0671960942599235,6.309241055339879,10.280604321129468,-6.778730392456055,1.6203792776380266
74,1.276885170337497,-0.23514298440850512,3.5255561172201926,0.6372175952609704,6.102832401285366,4.416813708689748,-1.3757998462842436,-0.05888408726575423,3.2427024327370586,2.6997645804468466,3.05472504073868,4.245703256555966,-1.4226732479066264,11.50787382557684,5.185502940047608,9.86595589287427,3.426944068499974,-7.880964343645135,1.2685921490192413,-2.6439350934661165,6.486618277673819,11.093914044146635,0.6742749846711451,9.540542538068733,7.300972413043587,5.750487083379103,-3.72640723902352,-0.17872513625390676,-1.4001040203230721,-2.9528589808211034,4.966401892353077,10.12098991749238,0.03769269646430502,2.1905051421146005,-0.5676309113599816,8.48392325031514
75,-0.06610608709101774,2.02904920067106,8.159245364367962,0.7335819820968472,3.806567874765594,1.419245339778005,3.0198763178623453,1.8474635262878574,2.815204156296594,1.216535968744025,1.6176885962486267,-2.4526441808865993,-0.7196071619281963,1.512663983264748,-6.483070203236172,-1.155790993145534,-3.4270628678555393,2.901424829748326,2.0515724087552147,1.041278834245643,2.8816704523502565,-5.050389184027302,0.29831020321164814,4.283417402937705,-1.749453256324846,2.383747462107211,2.3001868039065476,5.1448007043527095,-0.993345388344356,-2.444921802829153,-5.323213628360203,4.426131646852104,-4.452237934482341,0.21212976806017816,-5.3857495126751616,-5.574348004496827
76,-2.0840418837152,7.264215621717122,-0.708728914358178,1.9688520688487559,-1.7337105432335211,2.1670176043194167,-0.03843306955330226,3.566187678247082,-1.5205800762894202,-0.4021142219402352,-4.123658297013264,0.9567693769931793,-4.454596225096255,-2.470691620087137,1.7783128789493017,-1.4046780868452422,7.4624490750079255,-1.3987889779465539,1.8489612280106058,-3.1837001509812413,-1.8737674388958483,-5.9430308171681,1.8206629255710511,4.150643920411869,-3.5726296461890548,0.6768849041236906,1.6773659703986985,1.8019574389469868,-0.6732765416405639,-2.851582838070332,-5.666985645415071,-0.393929441820602,1.5176435526536436,5.44018505909005,7.932042703944809,5.056833938676483
77,-2.46478386040853,-0.3640005588531494,-2.001216319142556,1.8245354799591764,-9.03384604533108,-1.472532800721879,7.582296997764889,8.429859275720558,-1.5625597062159557,-3.2419917546972936,0.07871422597340175,1.4259250528958378,-0.2282681696268977,2.8044536547849375,1.8036102226802282,-8.706524726079435,3.13404338031399,-2.508698157509979,0.6181370798422365,1.6407896924991996,4.863050589147879,2.310832862343107,-8.364900601761681,-5.5953565629161135,4.04192332619307,3.77399119757572,1.0534934815095396,-1.024116611602355,1.3322812969587288,-3.1433461478778293,-1.1803379277793729,-9.930618682382057,0.08883871350969587,-4.402042512990991,3.4970811100638644,2.4288137615943444
78,2.6127985787710974,5.954996558210375,-4.779779529084965,3.782640440123422,-2.391144958077645,-0.12342951249103157,7.055208620292191,2.3503593886081053,-0.1497592211377864,-3.4590699405086283,-4.32463821555887,1.5557544644998045,-4.149751116426623,-18.566996030034307,-3.906894875424249,-4.6140609538676784,5.742834183634544,-3.666787121977125,4.7704881362769065,4.062333983426192,-0.8174201456867919,6.901244190730611,-6.628663367458752,0.025889402141376416,-1.8510903643102061,4.252523729387595,-6.110115835861284,-4.389513418990738,-5.320603384883428,-2.3411282158019593,10.240233411755868,11.8884793904667,14.860887622346683,-0.339442927618416,10.742857787073875,8.61622041585494
79,0.7336200408789576,3.062722116556703,-1.9235235057315048,1.7760960496201808,12.845028921961784,-3.001568407428508,6.633067175289806,-2.627564765664996,4.1613473347863374,-3.304938576659378,1.9635300538977798,3.3022131494113376,2.1258692072362315,7.091153563893571,16.971877909398504,9.229509849937594,28.614532873946793,3.8860711680383098,8.950770127530001,0.2736941569921922,0.048003445094337266,-1.9470431585701145,4.414938923655724,-7.776780161626485,4.730175130905545,3.409696389217766,5.20358956677421,2.571935768600325,0.16035430954427135,-7.554161013389121,2.920092020715986,2.136751340968268,0.44757441720184016,-2.8033772852956034,-2.5098922276983457,-2.2796082411493575
80,-0.25581304516111103,-0.3162818307779273,1.440494603040267,-0.8146949161072167,0.370439708993143,-1.6418644919687388,-0.9183719413621085,6.592445359546311,4.152083316627814,0.7510495073333079,2.814204238203107,-0.7912663111881334,1.2649837692781372,4.534301158116788,5.580262870204692,11.205704318340487,7.781055572081585,-0.38610941232467183,5.162720588397007,4.288541411258737,5.983915507185216,-4.255334683826992,4.12986376516673,4.297806094799723,3.9664754070797743,1.2692890849952796,-4.981938610575637,-4.097289657106205,1.292685561642355,9.469667400632586,0.2605085102271061,-3.5797535257071864,7.961553752422333,-6.855379526712457,-6.068067621819827,7.4128900301091525
81,0.6217462900949984,-1.5143328357715995,2.662675362156362,0.7419184653126464,-2.020208908587086,-2.362232588991827,5.063010262591498,1.3956361267031456,1.9968643191232518,2.5523398895652925,1.2177926644074673,-0.9380540019091295,0.7889055153545068,-0.5583441648252156,4.603489513413942,14.451902905897219,1.2856375040980625,0.042249386407891096,0.3097256902529269,-0.8121299421300694,-3.201580326890155,-7.536602090207898,1.135864641593427,-1.7970786015598141,1.5399825746307567,-2.952914313394196,-1.066105492413044,0.3053686220426949,0.33162181125003465,-2.8415966587407246,5.087146100645163,-3.9794607016505026,-9.559473601531009,7.30400556812481,-11.099423708964368,-2.841925077292384
82,-8.04420652962765,-2.586400847349848,4.007952276237157,-3.4746033914995436,-2.647753107342489,-0.18393962419762902,0.5468366644820388,3.4681823847587316,-1.1520609662544972,-1.360242799608683,-0.13424384875261053,3.669204142628884,13.161913376681659,-12.905124745198659,-19.767068335140237,-7.284318226332567,-9.953681478847047,3.8106730470851975,2.5686933313097273,5.540696514504297,-9.289391601938108,-13.493232359691541,-1.4895709746954393,-6.939750542446059,0.835883763675787,-4.898977649455168,-3.1144521145188078,-5.5985997480397325,-7.068722846860788,0.906869427738141,-2.219139443368328,11.825528041440613,14.699541833935951,6.4228083211548475,10.723859242638763,7.438223460499121
83,-1.646450206333277,3.5813776424952914,1.0392385657344545,-2.364946170729034,-4.581994602266623,-1.0919156269151338,-1.3628668804101798,-3.3892121436644573,2.417011599607614,1.2455228334482835,-5.4785736568120065,3.8678463707697026,-3.1526445577643356,-8.32789487376505,-1.3710135884430943,4.336069478064167,5.269069630272535,2.203661840789172,0.22967717842179902,-4.439347133344533,1.6146260055960442,-2.0191855071758735,1.2726521218309597,2.9127890285180538,-3.4141318804147294,-7.331670036729501,5.0763943791389465,5.604801027142272,3.616756974890524,0.8918725324471538,-5.981977865556065,6.544329363472608,-5.3197431856272175,6.352953920559007,0.5291868848155956,1.008717308239061
84,-3.1317977498532557,-0.48626377387922637,-1.4721404250179018,-4.040275357207474,-5.749115648926521,-5.0379095016693585,-2.0516167647984562,0.4373530052146133,0.5722823586999154,-0.5101624012601619,8.593113771506719,-4.587276761629144,-11.462706016034495,-6.340744938169207,5.033999697286255,10.954807536942619,-1.4477882531224464,7.31135481824072,9.451270546840162,-2.934765605750133,0.47018543858917394,10.857958195160846,-6.844241473443654,-1.488990882829744,7.595003036820159,6.353301053144494,-0.45099509218517614,-0.6510361931761917,-0.12701604317645637,-0.2780688986638371,-4.558078197800383,-13.844046413366284,-9.98682996934774,-9.816742337479884,-6.116866167710752,-9.770187724305659
85,1.0246420887355903,-7.7042128845137,-2.2123261588264485,2.5674743047934405,-2.904132939418968,-4.630258855067802,-0.9430744267848074,-4.718932232686451,0.31929492767976253,-1.4163346184151513,3.8867103287151883,0.22779245826662803,1.1220208308754527,4.7748092675239455,10.816349389601728,12.687221885943899,5.2775635679765625,6.136770036793789,1.1322165218238929,-1.720717542329613,0.9705013652541199,5.169947286649626,-2.1927544952047113,2.6454668342306906,2.146629279973556,4.930052243933385,-6.664962261687128,2.0094082069640256,5.909104093605158,-1.3926381991834056,2.280477807686037,-10.129378391771901,-5.845610004906752,6.832278864724295,1.052868360767559,0.13073498740488168
86,-0.40768768440703956,4.016797176429203,-0.9112702863556998,-0.13081086624641808,-5.298409164255979,-0.7225957473321837,-0.9477262253663978,6.900500566071393,0.03395426638272344,-1.821846651635608,0.8706974983215332,1.6832519211635297,-3.0497354852909946,-10.579715884613748,-1.4821201927807865,-2.9449408115172875,5.212376544670183,-0.7163831025970225,1.8701326111141516,3.8877538223655854,-3.6841841303572362,0.3570116399502268,-0.0344437263449844,1.1110094563693416,-0.36796423853660115,2.87033265585802,-2.147609958843309,0.03464504863534655,-2.3047812164438013,-3.5383280394028644,9.433756026078244,16.233249443374117,-7.378757527896336,0.9097064484138878,0.3242254950562302,-0.1849169317556887
87,5.205857293946402,0.17034560320328693,0.9160948310579572,-3.185711668158064,-3.0911486399721126,-1.8391279112927768,-0.7964728757434961,3.1499834078915265,-6.6093595611805815,1.5742183485809638,8.524491527250834,3.7564281675280355,-0.9206389605390782,-5.883602523073858,1.0824642073439092,3.923882936944767,-2.806133968489511,0.158794176821806,-4.805829272890578,5.012575272394686,1.1069074443598488,-4.063574297087533,-5.4411347788207385,-0.3266892594342329,2.7605208611609986,-1.3755418573107039,-1.2153987244759896,-1.2654926530560668,4.046341180801392,4.838380757643252,-2.7754669530051097,-1.157260106534374,-0.33522564537671146,-0.7450253197125026,2.7874936784560584,-0.9564309795292056
88,0.7613866025087784,-4.571371966174671,4.157903918502282,1.0644312692540032,4.850262251891652,-0.699889881878483,0.40042661335699414,-0.5223083027771541,3.9664605010528953,0.7108766331660504,-2.4422198978005625,2.5839647185437533,6.137381556690956,2.1303929796024246,6.080672269573017,-4.902566111209441,-1.8835634406732054,2.6023853670577615,0.884900897133107,-0.26992923264600793,-5.41233166139953,-3.3321554929170074,-4.227762918691246,-2.788046117339815,6.68884519183514,1.243346863255209,2.6617779190443,-0.3738258935663165,-2.558331304666947,5.404447805516574,-11.133785826819283,-6.884128599142541,-15.605933860343482,-15.780106550576736,-19.28186638987794,-10.333338766168726
89,2.519699824403743,3.7707729814003925,-6.481434112300678,-0.6348718958241599,3.41363920564098,-3.01025968485949,3.340983294254663,-1.3486363741816307,6.87595949367601,0.6273822157966847,-1.264955640447383,5.213566140784901,1.1187038214839236,0.3281117648038329,-8.536069908920599,-2.0136683035869987,-7.068157296361668,1.887329793250074,-0.48735311201640535,0.37613989177102947,0.39938672951289583,0.32113197628332646,6.3836173403019805,3.771671845140506,-1.4022197902810818,-5.928059391221222,6.09187000594577,-1.8577905285115144,-1.7212224922009878,-1.3093292427306273,-6.161219347496422,5.444332023056186,-2.2519427896762383,13.267694625319267,0.7497965474517978,0.5269088076085461
90,1.944493097918374,-1.2223205694130488,1.5724570878914423,3.9222234241208254,-2.51853232724326,-3.1973756715959434,-1.5204567930528097,-2.5566004295738374,5.599378000108564,1.937499757932157,7.022845624660959,-0.6324181909463844,-10.067741120652277,-0.40290623766427136,4.451636807650936,11.591464585795695,4.337808335922202,-1.1445200783865792,-1.6874369577485688,-9.735986359417439,1.3223289640582339,2.1184389785844453,1.9498912667741581,3.371627394033938,2.8095019325918082,-0.8297140768596104,0.3586020615636086,-4.247454150598877,2.233171076038662,1.4659691179285244,-6.231729972119234,-14.25665940192281,-8.328813567453501,-3.376324347087315,-6.422826528549194,-6.670923111390095
91,1.9426792495104732,6.86937625888659,3.2655908185608533,-2.165274683310061,0.1028625997049468,0.8652411632391871,4.281194298547142,-0.8248395805760306,-1.1932760939306142,-6.810727019091042,-6.013311622094135,6.702194558114422,-7.133897877469355,3.8281985804894747,-6.563084893080653,-11.122970025150144,1.5484769618024632,-0.38110509332345455,3.8155112972064895,-2.3559537846214917,-3.744053704398019,-3.1984004007310283,2.9084622227415746,-1.9090488297598702,4.611577293854587,2.9769633789451753,-2.819294331481262,6.386068948373502,-1.838411431531517,-0.6456587314605713,-15.20414987145638,-0.8588730048160164,7.036243601112949,-10.860031652815488,7.48066018308912,6.3218549143294895
92,1.3498143227580859,0.9921757729381931,-2.2510546445846558,-2.6335155522944977,-3.8477526985260906,6.461850693031233,-3.056914263081794,-0.8894083113694677,5.51990832844559,2.1358085044716693,-4.898345747924581,1.9272558756020604,-6.58081163192282,-3.7448704741439043,-5.239618673616526,-3.049048798424857,5.772972248038467,0.36361236535772984,12.200111608115995,-1.3131948137769893,-2.9733069128527934,9.410702364785331,8.141103175221657,5.697026970463672,1.001320216424611,2.0853868564780877,-1.9701271993773324,3.311269613857172,2.8000099427846012,-4.866742052289904,-6.487845851298498,1.6266478421736736,-0.1488361188343593,-19.778771103644857,-4.153993879045759,1.828188959433108
93,1.1325829210025924,0.02977195838276221,-1.1230951167491017,-0.7124513451435261,5.558194479467917,-0.14417282111790716,2.830886649842165,2.1440559717997605,3.39415511063167,0.5196794672888152,-2.151260458123015,3.252618851710339,-4.79083931020328,5.702199473216826,6.007629655149518,-2.6785865292257194,0.672136917406199,2.224368099693437,7.527595556056013,0.29161352618616454,-2.2018332627354837,0.17761696373321573,3.632430204627465,-1.1675138955517692,-5.588689246956183,-4.40574988540338,-4.565253582231852,0.9361730652804278,1.0816104849990533,0.1379710909511362,-9.377442902448227,-4.367274240419572,8.603448367848689,-13.306242753048332,5.527609994216841,0.2602414671255618
94,-0.8327253825810491,-0.6542542683226722,5.116866732738456,1.584846960480458,2.8789587215501435,1.6097991937885479,1.5504908646285838,3.2780136409006557,-0.5181336938118448,-3.49436077201853,-1.6631473740752862,-2.5764018047829063,-6.8535092062487895,-12.980520305584887,-8.286542145269257,-17.613002999400607,-10.263222085882207,-0.05873763713301444,9.006774599454841,3.0498464813037796,-1.3093629625378822,-7.461246755354258,4.010583758354187,-0.5693488090622182,2.1639992050370394,4.239828264226719,-0.9918895041456028,-2.7367388654728324,6.195313669589101,1.9748841402482014,4.6538664418823865,3.1721986367994424,10.11886968421726,-21.611428777174073,6.018567250699413,-2.077405334698578
95,0.6583288567406791,0.8905918671160328,-1.539930680576636,4.836572485310691,-2.3328404840157955,3.484606078141654,5.650761608870662,-3.140127868372567,-0.7624793612227148,1.8397089273345715,-2.6026845112138863,1.015876332716066,-1.172881624984498,-6.793072632380894,-7.568638890677569,-12.326742647861948,-7.644063038789496,3.31971958583715,1.0203600276489646,-3.0130564193336333,-1.0187760999008102,8.365411215290731,3.1092385783487435,-3.23067413300884,-0.1487529879930068,-1.5412214288906174,-5.394603269440787,2.498674187353071,1.0869936471690937,-1.5568205726389983,2.522996501654995,0.12466074739183698,11.128922170674315,-12.414580802528226,9.818252066568453,4.558915902765429
96,4.12181347281653,4.627150915106949,-3.822739083243876,2.612529218006803,-2.9032963633689346,-8.674208877037982,2.751196586355871,0.0031387763363974436,7.1326713318727455,4.328456928839489,5.054160136349347,3.4126087264442933,-4.5767767627020275,5.091034425764668,13.236202743588661,5.840809871347583,9.6434480037008,-0.9538396797618087,-2.98217980928567,3.831662749757572,1.3882169808660234,7.8624748928206305,-1.9901293449255886,-2.04659842350045,-4.162115348845112,-3.809471157132363,3.205494662024537,4.12177649128954,9.186476578517835,-1.6041286776260453,-5.695553545440946,-7.918228361071373,-10.806934008792956,4.004734564800652,-8.472619056521097,-6.347086582865034
97,4.30804939756208,-8.27624339595133,-4.461127983064068,-5.654030043099608,6.224791890504409,-3.2006473565588194,2.6068857394310894,-5.359994106450859,-1.7355152915935128,4.538294219544956,4.32943471232239,3.506490032283627,-1.6444422043099696,7.589596346324804,6.178952048931803,11.129535422033193,6.097145539765456,-0.6564589889377964,7.787838347674328,-6.265854876868579,0.13104545066551287,12.97546316440008,9.364803535597664,0.4547380062998558,4.091733148511575,0.9815512886460946,0.7721618207133546,5.575035465006926,0.8984747668158035,3.1634983806585777,3.269480817171992,6.256737623895917,-13.9316233445187,1.9869756242450403,-20.324382275571022,-0.9783920739986458
98,-0.6681369238590099,-1.8316290256928425,-5.6640452481046015,-3.2728827522725474,-4.198912318871946,-8.817652279625134,0.1751683877438915,-3.010953093821905,-11.062182495788653,0.18027477274465906,2.962201342860959,0.8407239412166634,-4.349604815852885,7.244366139173508,6.843363889626095,0.2660928806480096,4.327921682474565,-3.8660918285652084,-0.07762822406176402,-6.004007717936623,5.572946697929684,-10.617190193156807,-0.4737679102287001,1.1668233949767084,2.686687620622771,0.6448646615430409,-1.5319073731649895,0.9777280189553086,0.41142682883204246,-4.478623613867224,-0.8013036622076618,-3.067816228282695,-9.196133881047064,10.890590287440894,-2.8576184769674224,-5.160894089815568
99,-2.701320921888157,6.489525617689503,-0.5840001592830736,-2.3154181495917086,-3.617211645963241,-1.132062554359436,0.09814181110384512,7.764058121613094,0.6146693740572248,2.7313196973837153,0.7046077108504821,-7.696465532390439,8.570408215328138,-1.8815381514782807,-8.60038032458753,-6.459123450578476,2.798728633900078,-5.819261971176887,2.603350809642247,1.502600976399013,3.1832136265477358,2.425617695082815,4.830506989846424,-1.1583397932806794,0.4543131845338004,-8.04520750270054,1.857176621045385,-4.896779095639988,4.689204389343456,1.503352274700087,8.63734233379364,18.76017313355542,14.852380014803945,0.7060130129055101,1.314273047812131,5.721378940708783
100,9.966146327707232,1.3407065111155412,0.6153307595119184,-4.292039289158218,7.465906048307613,1.5487003796448817,-2.483265433232395,0.8263794366194277,5.2912149240775985,-0.7996212072974566,-0.9077476132280973,6.001897192731196,-4.398267342271853,8.25582347840679,8.297491095503982,0.6840106005571327,0.8457955438263562,4.568903081271113,5.705493386910886,0.6871962255361129,5.354295768299881,8.341000680412565,-1.2116980730574958,-3.1770165758017375,2.037569681562635,3.0691525397860273,5.3547301923437995,7.075844522256746,2.7141760574007523,1.6476749315553783,-10.2671614246709,-4.827279588245616,-2.8897943858589445,1.7939421704837255,-10.873925570322543,-8.540702148207597
101,1.6985567114791091,-0.38743408237184795,1.782113412205054,2.6663386754843654,6.15757000872067,7.09404017274477,-2.4997197851842765,-1.4276788587472877,-0.9839882497884789,-3.6555376220114377,-0.9173123581068856,0.905276460306985,-6.68035688935494,5.0781247153574105,7.1466487594405,9.932384709922635,-4.279654405554947,-4.668926151583389,-2.011743460382734,-0.5389374093133577,-1.694631390273571,-20.058938028861064,0.7343799269625119,1.307752594047663,-0.10417747010990065,0.12156138067342798,-4.12512850274845,-0.7958292267760452,-1.7385365497701022,-1.4775456348244025,-3.554793326526272,10.257521257108571,-1.048436680694624,16.869941419484665,5.979388688291822,-4.197384340422494
102,-3.490232803383652,-0.492941178837601,-2.6734819330123005,-2.1938014200755527,-5.8654197217250355,-5.531555551199281,-6.003660796856393,-0.7957385294899648,-0.5821327103720028,-6.262775917746583,-6.279932036691783,-2.0234817411104333,3.224052822103306,-1.371526083775929,-19.832436872988332,-13.621126505793358,-14.589018573566358,-2.704607772583864,-9.162360300595054,-1.1487837777454026,-1.0267210748730873,4.661854874114601,-2.533822249393074,-1.0168606018533513,-1.5036522708072955,-2.804477784098411,-1.0792842981766682,0.15984636575591807,-7.789419996495149,-3.5654458829334805,1.0876385174235519,10.551075008450722,3.0788527653761664,-0.8049939810013285,-1.2587958473940284,1.3257133389005855
103,5.783554224335417,-2.622856535473648,-10.504654364926475,-8.958707114263456,-4.460067331486819,2.047659841727237,5.841160332061807,-2.753959611058235,3.62782919528533,1.1050062787776092,1.0879704501403837,3.8669942045698362,-5.263140002075507,13.719741227675458,1.9048816598191554,3.248847151289181,2.888533788067954,2.656237099851881,-7.169097532423175,-2.555429565207082,-4.423230412663246,-0.7278449948953123,1.8815459155914736,0.05914450299983122,0.09249095877214354,-7.0374928506053225,2.280598046220079,3.4903093597718646,5.039096136482394,0.08333354367285359,-8.071742563831563,-5.359360159583846,-16.924828636402985,9.68892324335721,0.5601993686690623,-7.140671813974575
104,-0.43752884507483364,-9.197858943470887,-4.831378573057603,-7.42896647903384,-2.6055078962627722,-4.611769612878561,-5.10452616883784,-4.173533275115247,-5.821741169812728,2.3042206417541116,-4.830073610860474,-7.0780753035630495,-8.646579518610118,-3.5244242609763634,9.82908798967089,-7.339248760014164,-1.2266464193864746,1.7628537659742394,-5.100661639808392,-9.711355921869375,-3.3057539134609457,2.1227740888692894,0.2457684497443997,-2.3148799671278315,-3.7744249725828367,3.095190469099551,1.739204723920141,3.6435631635237713,-1.3586341708290333,-0.07294304197540089,-3.8828235864639282,-17.329180997853378,-6.001839834816602,-11.39945358402875,6.079424808219987,-0.9293258445603507
105,-1.5290464363155924,-0.2895443932134278,3.675092708699557,-8.520950317382812,-5.226595069680895,-4.389955208541787,0.5301451473211756,-3.2600793808090445,-5.544358700817945,-0.231041425953106,-6.570568020094414,-4.213977557511962,1.2224114455035602,-5.146512637713125,-3.1423129402861303,-15.971313077576307,-0.06547081402065802,-0.15537646770173189,6.658698415269657,-0.5254501250325417,-2.7006572557955373,-5.258160838477162,-6.650863055671964,-6.344411276737038,-3.69492839641717,-1.7682633527687617,-7.012723829065051,2.651850111630498,4.644136680480169,-0.08123121851561022,3.730735364008923,-5.225018147303134,-3.392562121456983,-4.964306175708771,0.030948288586674904,-5.5181905980012855
106,-1.4567241011833658,-0.5175121840165586,0.9253492799340463,-4.282856694441669,10.312308246992073,4.143910353889271,-7.253556922686343,-1.5944966628235213,3.561949144820778,3.3731583113573036,-0.24981615008140096,-3.1135401883903815,2.3925162365241928,3.842241635736154,1.1416201615820125,-11.484457607171974,3.451525454618493,-2.832588797321125,1.4227961847672657,2.438728946204088,1.0879081603215666,-8.204713895612834,-5.626132236451519,-7.793738785827038,-3.487268872407018,-1.073715127548393,-4.243819245270321,-4.253945581767024,1.1333884878122076,2.9381254741123746,10.274350050152565,14.295770420103658,3.877184823763614,-3.4737179425297953,3.3526073463109074,-2.535982939053555
107,-2.5325821210269113,0.7350467632011491,0.505941849049865,-1.4531605693758751,-5.407449288939943,0.07099636111940656,3.7171907345859374,-0.20128765641426555,5.868315887694457,-2.8996806981004015,-2.7431362949463787,-4.970026588561583,0.8716218314152591,5.775821152998477,5.193682103113709,7.894772434721188,1.674280313660904,-1.4453089708576397,6.9387885015838,-0.004006093558000058,-7.146737747958729,14.01090378329462,-1.8096279812102416,-4.826054626344038,3.2485285359149683,1.6308700749460532,-5.164379724434444,0.09879479329196775,0.5987597393746279,1.059473648971441,14.228696487387833,20.895300320216588,16.61116956022321,5.376691832834361,10.455538149086797,14.543694192049454
108,1.7345355262561721,-1.0462051654348568,0.703387975692749,3.0146606908160813,5.53831050590593,2.535096705416027,0.10550941800584598,-2.072970805119495,6.196457821495679,3.0901658238002043,6.031776812611794,-1.8937421351367114,2.5169970967939923,7.240029916471364,6.868659367366713,17.669844293472718,8.179587380010254,-3.803144629512514,10.95248436562869,4.8369325873803115,-1.5443400328750818,27.272622644293065,-1.1615855584339219,3.0308081142756405,10.583905126367297,4.602694983232994,0.8688202105006393,3.432302931893845,2.444633522812201,10.353378508772169,14.553242532574401,11.13982378584998,1.265677587110169,9.651263247947304,6.277373855211297,-2.92650635631717
109,-4.033231302259528,2.510646577696411,-0.3009822161830201,-1.1217119268008642,5.215270586767975,0.0017933255555678386,-2.1548797512541014,3.2737074178092334,8.144632575463275,1.3380187868463749,0.816923057546421,-4.163106790610722,-3.8012479738313325,8.498477816581726,-0.08132812928180305,15.587264155550878,2.696845996136568,5.241685746503728,13.654543785112244,-0.7373350980330486,-2.4276615326501885,5.454400400117952,9.510760292714956,5.176120481929001,9.750621439242849,0.4372002746985883,-3.147411382776134,3.4942463758040447,3.6209080439745165,7.183005928993225,5.475582352706364,9.04922246568057,-2.1419053418295726,12.599083646219604,0.26747478149375137,-1.4801328011921473
110,-5.73180924599268,-0.3961716671379245,3.981449314526149,5.1390445937915725,-3.9833573735490138,7.023344280160203,3.642056484915772,-4.545882478660467,3.2814407001952737,2.2378642866197898,-6.527599327114164,-9.702337272313176,4.434647667772916,-15.293268797348956,0.3624114832099603,3.6620858256914177,-4.05856714808211,0.5588981494003412,-8.991652347603623,6.617920403577844,-8.149149424415462,-2.0865334430519415,-3.124311180747285,-0.969325352688225,2.1841862408482298,2.4306016965788237,-0.8921476994089934,2.5960759751650753,-3.3104290986547666,-2.923226106531766,19.33530439284383,14.314967567519266,10.647116499287742,13.72417999287041,17.41791861032953,11.45306589773723
111,0.2327887951111307,-3.7388079703918526,-1.1095581224986486,-1.489950745081415,-2.020186419693791,-1.9032101497358205,-6.298463575960118,3.19780479158674,6.684024232686783,-0.9454686155124586,-6.160967776969987,2.707884350744057,13.555552586000793,-9.845144179402565,0.0805154369801891,-9.957152921402333,-9.306369075969775,3.3108884753013146,-8.932250105300728,5.289518529321162,-4.35879699247224,-17.465402022080156,-0.9130907922374959,2.0700894927187843,-1.7742652582878968,1.5381542949043974,5.306172740702727,-2.5713783678959827,-3.3443053786889934,2.313320119770206,8.513930054951688,-6.75825726560184,11.991256401246908,1.8098608243222138,5.011017399174826,3.9876403297696794
112,-5.276687553950718,-5.34116224001865,-0.0736049769484267,0.9515325592792764,-7.329195877118987,-4.471672258434856,-8.692782188556633,-4.611949862266074,-9.793680902038302,-2.4138782492705753,-0.05453704814521634,1.4365477811317056,7.073939190835369,-5.189764436410398,5.7928193856258785,0.42495614411879556,-1.1320619517747237,-7.220160200887797,-10.708986596185333,-2.3766096282978446,3.1216757929294694,8.904397929809532,1.2585432742323195,1.764761175428118,-1.0413651962061317,-2.156429986412428,1.3868674654133466,-4.929517496605309,-7.049973200170362,-0.853977514772999,4.454306897802317,-6.165801515384596,-0.39378135666555286,4.34228779710069,-4.289773995778998,-6.312491573849503
113,3.1449562834233653,-3.896442180613474,2.672453502064799,-2.271094519264844,4.380273955817125,-0.46993824413844515,-3.1611097087057267,-1.6650961920504972,-0.7458299003085311,0.16986469346649793,-1.5276391269373042,2.166736864921998,6.503807987485613,-4.132023016332972,-6.497263488720875,-1.9107368114043255,-0.22551790427188484,4.611372718929636,-6.766197085380554,2.080232228551592,2.6084185595415077,9.035371462909543,4.1421902593301265,-2.171890193102311,-1.8476452626744095,-6.867585594860875,3.4472109264865214,-5.2373737653299255,0.02983308203366338,6.092393203657501,-0.2580049591405051,-5.3350770309263345,3.5285805427298254,10.364793469711225,-2.2292688504165534,-5.629411087960613
114,-2.364138204832466,-5.457900003511078,-2.558075036929578,5.952127782665953,-1.1439025402069092,-2.3609422953153145,-12.103942092584104,-8.880472881453377,-4.644477099788432,-0.7551648230577002,1.9959388623128131,0.22359690982468275,6.611477095557719,1.6227878295645422,3.7551937994300104,3.5717544080499484,-6.223004402554765,-2.5066759996876424,-20.931931129523687,5.721688939600575,1.852285096231772,-12.203017335765216,-0.13653155248992296,1.2760948473967764,-7.649343928208157,-4.296260447526465,5.08296708488951,-5.159104639778332,-1.8747745235355533,3.474222177981722,-1.9390088338024762,-4.756025224315877,-2.9423899906022206,8.74080446453727,1.9279527436129331,1.701598076796045
115,-1.547970014567278,-1.4791973446096693,0.43555554705766997,0.24867274414519874,-13.521114897058935,0.9038112411389545,0.8035278222998794,0.9885072197232928,-9.019398394439902,-0.7228046339385363,0.7711472511291504,6.292554163202947,-1.0019019960748905,-13.884191099478274,-10.274395773605425,-4.871939809954896,-5.058769598299143,-2.8139670737543883,-4.766550242900848,-4.548575718792117,-11.96445882137941,-13.339160523852524,-5.489494852265533,-1.4431260101193069,-5.675831938504564,-2.104175047606838,9.65152918440955,-1.7921464388467827,-7.113450233083294,-0.002763470976936574,-6.9597300461360385,9.596417127823344,3.0104341263673744,-5.271287949717775,3.6892928176996658,11.882469874863721
116,-2.0871760136618907,-8.375894153604703,-1.8507454381419384,-2.7823535617516963,-0.8309839395235996,-0.0005814014953009936,-3.6234942188068313,-1.9866776223085365,-6.564425369914697,-3.1375570586141275,0.7193350980476457,1.0591136970918398,-2.5544737369126205,-7.605061561477427,-13.752367722744845,-13.595282234707657,-13.930980718865687,-1.614016197773875,-10.350987697134213,2.20195851482603,-9.226871157179074,-7.288693050948941,4.471586143483921,1.184376249051824,-1.0629707480571708,-9.14055806641676,-8.367243516201876,-4.99696976554637,-3.369191153621187,-1.3548505465138931,-7.0464331852842355,2.1873650836701297,1.971369565749655,-7.258718523443962,0.09332877458358298,3.92990771977573
117,0.7424407814230237,-1.810852798424205,-5.703283528740308,0.039719548912680876,3.513259000011853,-5.265151792947127,2.476097849178679,-6.383120743899929,-2.6553523005271447,-3.3693026450215555,3.2725892717740974,6.249024643429688,-4.687804446536667,16.30101795829072,6.739393418996918,5.288878064982745,-3.5361927090858924,-4.733407144643823,-4.198670077840893,-0.22432234700845213,9.094792513214813,8.002630191189903,7.7673437765666415,6.565368770944829,-7.86936364615127,3.1147412969445694,2.466044096314177,-2.8602951807635173,-1.8566935881972313,-1.6024015048632816,-5.754987455752431,-14.098072582361649,-0.152936512642369,5.760883193843219,6.761606522968838,7.287768201636417
118,-6.037537206800616,1.6187491991690226,-1.3197519426443138,3.4827777448547432,0.4652590739483736,1.3117872777642037,0.2588411162094194,-3.9609759717571493,-12.665474267638459,0.208243354204662,3.7613255600540008,-2.9136904088818296,5.857691315363865,-2.1142950520223502,-4.814662957678036,-0.2063055659587286,-5.151430648200366,1.6013262177608452,-6.9541971328863115,7.382990286058309,-5.0654870536254375,0.36947969894628135,4.27264024743012,-2.972342018874324,-6.145590604568015,-6.764466451138866,-1.8321003427310867,-2.3467280142465414,-2.3782118113369357,-5.163137070986689,-9.301609347669446,-14.418676776241282,-1.131973857782325,4.584077748717094,-5.824068576097488,7.02234609029731
119,0.93601144333275,5.509226912594571,5.5325512943827375,2.378312587738037,5.882758779185159,4.328694493186717,-2.871806119397587,-4.110940256289074,-5.026395272843692,2.084906795955434,-3.676476912839072,1.2265972416011655,3.1147930415309206,-8.526965061012579,-8.767974925284483,-1.004470512879138,-3.2954364715486157,1.552723919858738,-10.255460582597523,5.512974785298717,2.1403171395768923,4.8032198292868475,0.8837105525391442,-2.2520658160198708,-2.9002123408171596,-9.452170663950394,3.9710504552539514,-4.438741974380552,-8.806744491567416,1.352295667199152,12.219007275542435,-0.1312441223738145,2.837834173319291,11.232015303811249,-5.050315745022832,6.87067405788266
120,-0.6705816902258263,0.19445694222742196,-1.9144231959873317,5.607085574038175,9.223765766742279,-4.395391937421293,-1.0412901007399267,1.3195234955269464,-3.3188274670012143,3.1841538630577984,-2.9756235778331757,-3.6735895925334523,1.1882486249111137,7.102028289619757,-10.760334469834152,-2.1385476005320645,-2.553326045372048,-1.0526239361081804,-8.909499574680718,-0.014934631026521022,2.156969779608201,3.8761412683798344,-6.833581147449357,6.362469172903469,-2.862292928355081,-5.607404344924251,1.8340535039196209,-3.5159090708713143,4.546490924698966,-2.616301493985312,5.336913787588781,2.222729968781374,-1.6165045974205952,6.126483323622723,3.791772940633248,-5.229171988915424
121,-2.6598447032120762,-0.6049688519263754,-1.5009782098385753,3.3229785500740516,2.8264279730465947,2.370491759205351,-7.855348306955124,-5.239330982675358,-5.344936161016931,-4.990436976357382,-6.407125942371025,3.547554129240464,-0.0731238138918974,-7.534942519299838,-13.6173727989805,-19.333843260395284,-10.536337713805997,2.2790749022851187,-13.479295353044053,5.945974330512845,-3.978983426428571,-9.57862950344475,-9.938367681843895,4.256190477585306,0.8732946940830776,-8.888844271095431,-1.5924854485356077,1.630049422991519,-2.257809274050654,-3.92075120532239,-1.345709714354301,6.122634991091125,1.7375512816468064,-0.9573484050984286,3.771890806452352,-4.176355975014823
122,2.1838488153048923,-1.1994422205856867,5.077208801799891,-1.124869925026991,-9.898511369997749,2.43841357909295,2.2196250126069907,3.322824861018025,9.466672574987216,-0.2538845686584103,1.736023606086264,-0.4065443277359009,2.4507026112809474,12.447039868150439,0.7470753776783846,12.441138527223043,3.78910172715479,-2.5497958599304664,-8.72332702516293,-4.194664042519063,0.4011962453321535,-10.848844124346364,-3.4181767787252153,4.325939400311635,-0.3779684980304874,7.074387442700717,4.649853217966703,-6.460613610336975,-0.06462917522508271,-3.0481225014949334,-2.7227791827552172,-7.54896377270319,-3.700777295900851,-2.791542632847416,-5.0874504261479085,-6.997714276216468
123,-2.802547734306783,-3.1668733826705386,-0.29440961443648045,-1.2849232134770374,-1.4472268260255152,9.641389039098,8.602886518653559,9.378229279907382,2.7910361453434644,-5.96531725439186,5.162255063348887,-8.508678074393954,11.050284449239166,-9.220855245784838,-23.01017514053656,-27.089482419344844,-14.258631282923172,1.0835588679325825,-4.475023189369513,9.563418220500557,-4.408880453328697,-18.97886323138159,-10.904270280380638,-2.0104787167237728,6.138212901597121,-1.8062500135630977,-3.880683198837297,1.6255726802105805,-3.0117984596563847,0.4434641873349949,-3.3800388084990636,-2.856207499090506,-1.4935824798077952,-1.5283485432060397,6.687558889389038,1.5547209675518834
124,-1.3038084306279007,-4.130839374752677,-5.330395007011842,-6.889458634415451,-1.7280455858123547,-0.8061486412818563,-0.8122016300960463,-1.7638525184319944,-10.525912523269653,-1.2516828057717304,1.2580323073328759,1.88959427948623,4.637902750044453,1.6803282459779663,-7.621982741416717,4.419281614070036,-10.495332202132868,-0.3345309082342654,-8.653034155466118,-6.06909365556678,6.4919703335178145,-11.322938909336012,-4.853207826310275,5.624206001053051,-2.166669249838712,-2.421749260960793,-9.403223761642465,-8.651393700619133,-2.9953638477897155,-4.667031098385246,-6.518182010066752,-3.0838156585790673,-13.336501799675883,-5.870814019624068,2.732997550039875,-15.664387301104714
125,-2.3286304008595797,-1.4681856778203224,1.6906926449464292,-1.4569268007667697,1.5756813902027753,1.5638130982311405,-3.6527163961103986,4.190582307321685,3.6982814006849516,4.702945935482881,-2.857127801039997,-9.913907226251096,-1.7810438646345723,1.4982626121871325,-12.29684765325213,-8.063277417299698,-7.068958587792455,2.9413425302018923,-7.582646035418218,-0.8970965937692292,-1.238086966227512,-9.06840346054155,-4.891578981158685,6.071111304419381,2.3617222175306205,2.2417705883176957,2.1715738256366883,-0.292271899325507,-1.3042643885223233,-3.3909179288513807,5.094358463676608,12.02818676768517,0.831921429050212,3.5308132536557255,6.02124282900168,-6.38030824612598
126,-0.5766867339725092,-1.5859019570812887,5.992921063106279,6.218771082404953,9.92631796063209,-1.5545297058261172,0.8765139185196283,-2.2210436451191806,3.031778305160756,-0.45538811370426296,2.3889549908285237,2.852757395378181,9.967268002276517,9.39614151935188,15.30585082939693,6.568888200332924,4.6807660712879535,0.9442340165984874,0.7087129493985249,-5.8367767042043255,6.223216958496035,1.2663184696314287,3.894371828254388,8.604753672164314,-4.620314125199707,4.487859797112796,4.034230705730769,2.1279575908366515,4.717730891947844,1.0170197833557517,-1.4891047675390632,-13.241617356940191,-15.157877201936683,-12.942707188275396,-13.97587082854339,-8.210270430360522
127,-1.2841848994092064,5.6828985208151295,-0.7854156773917529,3.813670901315553,4.8585297453160186,7.93387936329355,2.922386266405181,3.261581622216166,4.3885683514633955,-2.1464990359179827,-4.512669259340179,3.2076221300022945,6.426618952532204,4.790525869447357,-8.080355420404551,-2.1871520256509585,4.986015803959905,3.502278771935677,-1.2935185079671898,1.8358075191475907,4.488753679607596,3.737349193619222,-6.084248453986888,-0.7557724264203286,0.00742491319471476,3.545515551250808,5.762527225881207,7.746933401847373,-2.9287010765805537,-3.8786391670606575,-5.361076638406637,3.5946609876593767,-5.67320812964926,11.011487018088905,-7.9686737170024795,-0.7132351958021825
128,-4.104207491388126,-2.3841758455548967,0.23616126126476697,2.818745345485454,-2.0126449359314784,-1.1714917445669368,-4.446895013658368,0.027033299207687378,-5.7643254387135405,-1.8276279015200478,3.1702976774196236,3.907226313133629,-1.835719353386334,-1.3967411700560122,-10.885818021638054,2.2767044331650346,-1.3613173219622399,-1.6279186518976883,-1.7536167745687523,1.4054370139326369,2.718153537536154,-13.223031315268303,-2.852250280428906,-0.3539448191924971,-5.811451031237232,-0.2287899359148376,0.6700807530052808,0.9203531942805465,0.5466991456187501,-3.3128285955409615,-2.645070668081848,4.55461630650929,6.756730538849928,3.0307677667968127,0.9742924650104678,-3.696858522235131
129,0.7710160594813678,4.12452795067612,5.951521789845155,-0.6880845026094087,3.5445783466708902,4.261497287725915,-2.187652770962034,15.03320180031718,7.42731036762802,0.4564610570098977,2.775917334520087,-0.4515728099005563,-5.911771595478058,6.453100138781022,6.50618417834749,9.817602211115311,1.8072633852764053,1.3214257514408352,-0.7888310490822306,-2.7740223108961874,7.510967011354407,-1.2877677703390316,-4.780676414771956,-0.7468580956361732,-0.9607618551473228,5.128328074910203,10.957276477497452,-0.19048213380940107,2.6411143024356996,-3.1658308664146735,-7.471796406775105,-1.545314008179976,-6.526368161853479,8.917828920240305,-5.93346753898932,-9.186908302258471
130,9.84778148544078,7.077125127218207,-4.267379099008989,-1.9687405579856463,-0.9686116585317923,-3.6262185999325345,2.88422538271668,0.7176859950532719,-4.375417103268663,7.615402791116919,1.2521835507787005,-6.00927424309205,-4.14681495695698,-1.2427050331417395,17.954220453087164,11.231234832685821,13.093386433562454,-1.4060614090792987,3.759981411908354,2.398131085597739,-0.3745457146848951,8.310267759068887,8.688246994602437,-7.9306105080307745,-2.5378699500341804,-1.7949830149205364,-4.201665295630085,1.493299774369415,-2.008365049654124,-2.407000399973928,14.536581578303357,-6.903427868473287,12.785660707220739,3.5721251490164776,4.855652266619157,12.38710244334474
131,-0.28131454574818515,2.080587521499517,4.239022752764273,-1.4634151689860286,1.5376384884727246,6.475333723486687,2.339868855966749,-0.7956609741917678,6.142267221698956,0.16588091508162264,4.615393162381892,-8.635988709117685,1.339096901900306,11.9602785986297,6.48895082508727,20.964609340745575,0.3102882954539085,1.1084712836511281,11.546454660290358,-1.0882946286274462,2.130721607378551,7.750740789637273,0.9170856110903681,-5.063381283258905,4.162128495926759,3.641989031312417,1.4989366525907677,3.8493145694385986,5.84931047534456,-0.9058758263685265,17.868154635234756,2.165204722054151,13.723618001353984,13.12655961270235,-1.5350972462673576,0.6748992545264108
132,1.4412636129299596,-0.7616304159164429,1.0199625139333763,6.808823558748985,0.7734385734918167,5.051530081225198,1.5167197347903738,7.223215216276597,3.2754626474818407,0.25347406949315754,3.7764625622301686,-3.010886497795582,6.602682518373642,-4.694279134273529,-9.02868825318862,-1.2776309826544352,-9.292564399388372,3.3812461671780567,-8.271968504604029,-3.0019418804013,-3.604459140373736,-3.1310018292267103,-2.1405986827246997,-3.3868679218754476,-2.3282450328067856,1.5100003036917473,2.083502881989187,0.04505830942368021,-5.469765830404905,4.904556216025839,-1.7497243300384404,-8.120562130091141,-0.841707573861492,7.579460841052386,3.7992546260356903,-0.5255920923486048
133,4.231593594259145,-0.8110718197968542,2.606806416140527,-3.454823860708548,-7.447746927640876,0.18482325271684297,-1.6520967775461626,-1.1662567440344362,-0.7623803402696337,0.30198996696545155,-5.364862522604514,-1.214233574547748,-1.1321666654275389,-8.54353626650207,-23.62955184250462,-7.9460970722899145,-10.803597840727592,-0.516797016560081,4.584610315001741,-0.6237847327577825,0.38811532818541233,-5.960350071897312,-2.276363783953141,-1.772076345219904,-1.251250951874013,0.9825634019715446,5.925046403797305,3.962636569324805,-1.7821731016952165,6.55480293739511,-0.8476060799189976,13.222392584596362,-5.408169089531412,0.5495404698410813,-15.257329021181379,6.771208965656709
134,-1.4228978485477215,3.812215379429791,-4.0441367279510105,0.6818848024977713,-2.3341026464287116,-2.2357553121994953,2.2076090519525566,3.8142503457409993,3.794396619103393,1.2672491955513856,-3.0509789078211296,3.3212606508512885,-2.472402941511602,0.6584489199579978,3.48457407951355,-3.906664210922864,2.2369527293711293,-3.1954568052018177,4.628172620218628,-5.179419189083333,2.2380940572795818,6.087844809726337,-3.522437652763055,2.297414832558407,8.027816648385963,3.0011641641660614,3.5057924365510744,3.2913701718254966,4.060083358871694,6.2496006928232255,-0.6861442716754212,-1.2644196517613469,-2.6547606563081545,-7.97757308093869,6.1031355736206985,4.884898525111529
135,0.09381188653713586,-0.1127672511704114,1.97247457078525,-2.972399763278283,0.34582636429339036,-2.007005946976798,-2.577142287882007,3.733405127817271,-6.421459378940718,3.658467526946749,-2.455806639729714,-0.6112840066911006,-1.103113063734633,0.4823958288346018,-10.586572602695348,-7.178688363761318,-4.071182898720917,-5.141277859633674,4.339838356387858,-3.6627612706958033,4.148537767480831,-3.2710165125983104,-1.6838121897712046,0.9880933092564953,2.900678537329849,-1.6987388611448055,-4.866238265013208,-5.176721406321288,2.1840785999345234,0.8713295283366222,-3.3358176134678783,5.475525551532605,-5.157349874170459,-4.1334771988343215,0.9873660425750577,-2.6818428015222353
136,-2.783960742913947,0.683167682618511,-1.7985439501246627,2.568342773281798,3.0641828927458548,3.058977030065595,-2.4671571650067152,-1.1079302741860857,-0.8441526246618252,-1.568754580784209,4.01507456083687,-1.5888044761151683,-6.67834332767798,-11.220691332099388,-15.003115215167707,-14.078697493489909,-4.867735053811755,2.079222321510315,-1.3045926568459492,1.4187996783578882,-5.00180741536374,0.4565227871038476,-7.914820795460623,0.563459146159644,0.5036904988240223,2.6191954801277237,-2.294829753588657,-1.8880570103528396,-3.268032237811356,2.627225396584491,-1.3963284674955874,7.917992681264877,-2.6597382541821926,-6.1453723092468415,1.6093116439118678,2.660663345030376
137,-2.915711332796788,-0.8871504518450523,-7.350132810674151,-2.217342049491649,0.4153278853212084,-0.5403020825921273,-7.294387924427888,-4.378860847986474,1.6918605164605744,0.3006775798846264,6.354728012060632,0.19163301678336397,4.839725862656321,-4.549748420715332,7.411241729648745,3.0613092001603572,1.6222268452449722,1.0374071124028794,-2.412680799939803,-2.541933717776318,0.9192131996839022,-3.458036433677284,-2.3561457848670533,4.869441123945372,-0.22260649715151107,1.6503552453858512,-8.174561943630783,2.226313835504104,-4.5860984906250115,-4.273982704902182,-10.691917098906575,-10.160335762160164,1.015295639330027,-9.482142273260623,-0.6826431532295383,-4.2094618057718085
138,-2.7137675495172036,-0.8961961013930184,-6.606836301939828,4.435609373511101,-0.01894151449811702,-0.20620483616176916,2.7407990429094253,-4.861337725301178,-4.257890025267796,-2.8214168880058796,-3.913794400664617,1.0288501241985633,-9.257707844583356,-3.6385983563199336,-0.9171579074190588,-8.407773476474139,2.54458992213619,-4.134795264017825,-10.173525586724281,-1.9684924069716006,-5.326262991647331,-10.951484264159689,-5.355657869759871,0.135791080946825,-3.3551532273389855,2.18049994445577,-3.9473672338894437,6.447095573252561,6.605474654509097,-1.639618180236038,-10.274574470763303,-11.043708263003097,-0.9127984606489843,-10.598254407851064,8.474576991431567,1.628242159376339
139,-4.887415632605553,-0.7909751607447254,6.214883729064723,-3.116609660338382,2.47736170827126,-1.9899719609897963,-1.6391912236505626,1.0191551957811629,-2.9276419281959534,0.3122761532740325,1.351909396827829,-1.7585468314283965,6.499259024250264,-17.62117515778055,-9.515529446455897,-16.613721196748774,-9.75999161905172,0.2579597764059293,2.624950982174095,2.5448693796536146,-1.3188639202592325,-2.8455974563043944,-1.2191836316974796,0.09436899180314978,-7.376442583848019,-1.890136765582221,-8.266721940770442,-5.3844741494679935,3.3042795907477944,-0.9972522690588114,-14.697300373291483,2.8903776346420753,6.031326336520059,-20.188648003400587,6.420168383997314,8.909878830520475
140,0.8829720663476963,-3.063733253551989,2.038617378366845,2.2185474804469516,-3.780037591651994,6.657691546696789,3.295883138569034,4.680311454498038,4.531948020263594,-0.45390776529604077,-0.8680047137396676,1.049257746612539,0.7107704109987434,-0.1607835432704614,-3.150489720154782,-9.581664014835747,1.2036474468756695,-5.806590028715377,-4.73949057958564,4.7869232479406865,-2.3935327067667123,10.563939081771034,7.552177378109524,4.725659907776482,3.0987540659855823,-8.24480996022419,8.76065364538939,-2.4662869624337374,2.0228392354079654,3.5259668954781125,1.61363066307136,1.4254886660040642,14.626846557977249,6.355920163952574,13.069314742574887,8.461425472278984
141,1.8119430598251673,0.04834544932355686,0.8090858982533825,-0.17284083879571788,2.719441793402847,-6.052714962626294,-3.1241699943737107,-3.251533119045958,3.2477625474447804,-0.0911864626164339,3.118216799838202,1.684946443961591,0.9605410105111648,0.10930729581385243,17.32900377438993,-2.2238651209948013,5.38395474942363,-0.5077348193343805,5.053080572005437,3.6458150829587663,-1.9391392460282968,8.203117861431473,5.860592836628155,-3.3400365929214324,2.8631982976684767,3.4966911183936253,-7.021445853369577,-0.740621243356442,-2.5636947681101,-3.480336993324513,-10.100345059316986,-13.66882472378867,-9.443578352733534,-4.153102657016443,-15.44064643431683,-11.815352672520948
142,-1.0093488796633117,3.183685747944579,2.59594625356246,-1.2029427977240816,-5.2644118995082625,7.254801890679768,-1.7508387973113937,2.512783219999805,2.5925938236926283,-2.038496287957746,-6.996381541904138,-7.041793116349346,2.943185561925781,-2.6870255240676353,0.2299964196827947,-3.051007730620248,-3.0750638392506815,1.8499236137283093,1.8270224661243206,5.0951540869831735,0.6501222674031647,4.398268338977074,3.6705663058222555,4.739767777068274,-2.04034744963354,-0.5689801975172393,0.6476457960599539,-6.100787447727456,-0.5560265049642447,-8.525214238434422,11.8706183336219,9.591984612601143,12.68299896406884,-3.4859465166014068,8.089904287944035,4.549278244680288
143,0.8665398818497755,-3.583075858500539,-9.521547294696983,-0.6223395028892829,3.737270822330397,-0.7689121073606063,4.128092848828861,1.8966585385556123,1.5698894253190683,2.607418622289385,0.8166392153623153,0.7874567897952333,-2.9870789038891696,7.359654115322901,0.13208034573769084,-0.972740119209095,-3.2385217503321413,-1.7426944125671775,3.8905137172158883,-1.1054310804727125,2.104474357196263,3.951197586497482,10.417923718082662,1.8612815549179,-4.398262064523843,-4.69885976217231,-0.9222693692664711,-2.8043240874397513,1.1331426823625759,-2.8941969749878864,-7.160070858363595,0.04652732245776118,-7.184969605231772,-2.4802861888797914,-2.6980897176022434,-8.478208393466716
144,4.163922343935285,-2.2091641410881158,3.845094235575929,0.5345340685880914,4.176697152001517,-7.3911225187535186,0.12572570601288152,-2.646003920812996,-2.984397778097464,-4.551518291196957,-1.2258330534915536,6.526612035473999,-3.6789492582332115,1.8735212647185033,-1.6086863679241161,5.425700851240936,-3.1767515042340575,1.726735028077145,0.7708887041223292,-8.72052243108652,1.3027531711422666,1.3133379439918362,-2.2841035350539474,4.190802675120684,1.9694714418479375,-2.654433261375038,3.6993940826885554,5.016057073917924,-0.5068841789449964,8.555625657037814,-18.625945223837483,-7.595061487081099,-16.404067737715586,-9.221174252884728,-1.5803524318094155,-13.082961177339358
145,-7.889240157087238,-5.345201765244105,7.0409389472737605,0.9629121179483375,8.53667140007019,0.5091629764255212,2.532546875580233,2.3175258002414996,-2.5671535073494423,4.000119071529836,-9.410411539126416,1.2103907861271683,2.2206330846767037,0.04844003033881285,-0.5280589522147665,-6.481771633333089,-7.959506859584731,1.5434996593667536,5.99099229549875,1.7013446725144679,1.5135387236974678,3.578495786886434,2.1778756890978133,-5.7348844196115225,1.1218774079972385,0.5498619432352028,5.931057406627402,-4.443299626817509,-2.3591468304167598,-2.2703174410425886,-7.3233998956120745,-2.81929214633241,11.486388292961887,6.607893035728104,7.269287033348667,2.9578817839525184
146,-4.144642656859086,0.07597118311998796,-2.6545038909024123,2.6814888858673522,-1.9497185209575965,1.2021302939677725,-7.691208377176402,-2.7668411670898903,4.349614684527018,1.7119545077106781,-3.240041498018771,-0.14712209748674412,-0.31207053515375877,3.533355879540346,13.914206227477717,7.462110368572936,11.199819771915067,-3.1690740390699736,-2.064091753594729,-3.067837660409966,4.544592730853022,12.336084357329778,0.5766187517010436,-0.33146116076683513,-2.732565150577195,-3.336559288355769,3.0393603916983216,-3.085821363010577,-4.190823717689027,5.828410632756292,10.42641344727302,-3.7333976942665723,0.7299852857784349,7.611551178657279,2.664748234104137,-5.330921900515654
147,-2.1327212586694833,0.15327152427361937,-4.773379671330354,-0.025855014651861727,1.7416000005846122,4.206288615963897,3.881189089952683,-2.5326015900592416,-1.6125110019074411,-0.48789339466970794,-2.1806312185160968,3.3220585637858937,3.119646203457093,-9.063749045741801,3.4009477435326088,-8.313126702089699,3.133757219022634,3.0887618011661937,6.668837544869404,5.724276451431975,-8.35797857021799,6.750507076175845,0.6938494005981757,-1.0852639936670965,-2.7581892754046287,6.1828522815996285,2.091586719057998,3.29213816870232,-0.6807998248508998,-0.4177788064187887,6.21837322961311,0.18606336627687728,-1.142514227680406,3.6203130434970467,-3.9031864429006773,6.390482302146907
148,-5.299834983689444,4.931718649912853,2.5388039709353936,-3.4999330492348086,-2.9242522932437,-0.24064708181789943,0.4836445982967104,-2.097367247148436,-10.300823812620068,1.5657391122409277,-6.033250898730998,-6.268682613664744,4.778057917040222,5.148571285666252,-12.888676713315808,-10.798921907054526,1.063355687321449,-1.7924394884279795,7.766965337857908,2.4065370657006087,-4.6121967965546915,-3.794693029656702,-5.866418320305494,-5.0928659004216295,2.9981305818168487,-5.420811060435918,-1.9193494768471133,3.4587048255667394,-2.145364836770661,-10.068152286112309,7.4255788593876115,13.351205651249204,14.803393862685379,6.450839946160511,4.606028189464491,5.072696090504831
149,-5.968657564143745,-2.2743001203147735,0.6982388198375702,-0.6544209080843293,-7.045588391167777,4.992205543785679,4.334654816559383,0.7471597757266493,-2.268796068673231,0.3328857580009772,-4.018594285359188,1.410230662749738,5.8429544434255485,-12.992512401269407,-15.923997389114632,-11.617866764263232,-4.517774227930575,-1.7463233361438828,1.2628308882822796,3.1556894870436922,-5.400065554343924,-3.059937897993594,-4.298574853916557,-1.776023018420959,4.3359266203276965,-1.492115281066116,1.0120324497966438,-4.472240159250036,-0.7647696008183518,0.19277286407898883,7.165228525252671,11.500494030057167,6.468131525175912,-0.43183925687050334,8.853415461751272,2.908721843544318
150,2.0509712562269096,2.0411077044448076,5.950851897804105,-0.4401757443437771,-8.458653533945279,-0.7136573672902827,3.933913711990629,-0.9218155899826361,-5.72563835978508,-6.001517735421658,2.9458977919147937,-3.9100773813469067,1.641131331421891,-4.193407934539172,1.464504244376202,3.014952443692149,6.223539980090394,0.7212120321180139,1.547323682478496,7.60378530074139,-0.01570609272742758,-2.1344512434182117,-0.8902813512451795,-0.7589573610802086,-0.770927078869878,-4.5273583222712785,-3.7632898712644773,-1.9962097205677811,0.18794824912840005,-0.6431209110483831,5.21896895583795,-11.938175254938553,-2.460443823921437,-12.699584787141303,-5.726733048351443,-1.8615182188092445
151,-3.4278397953745965,-0.16231950995873431,0.9867944741735653,2.10168443681026,1.9711814936326475,-4.061324821442974,-0.1595822943716633,2.8575680474845733,-2.0708362940622838,2.7630386705301246,0.9068478753372115,3.6469759890923696,-0.33716429739582293,4.735071706528566,-1.5132913546902793,-2.197358946410977,4.710247910752589,2.450925347756366,-0.32199459446936235,6.4951611416680475,-1.6301044846067623,-8.26776888662455,-3.4073324471103903,1.5705284293817015,-1.6414064041205816,0.01596148160039162,1.5414060767816038,-0.7097406630613365,-2.2599325145081597,7.225450637389202,9.147995074184573,3.3190515509673526,6.730841527788007,7.319305728892891,2.4153975491621056,-0.45674655632096894
152,-0.24858134011833036,3.907320741488009,2.5579394746799857,-4.528287565525697,-2.301099938853663,-4.564020298193304,4.722502997943333,-0.340077493339777,-2.4656230005986837,3.020884428705488,1.5455226282380066,-1.8417733220421537,4.788855728465228,6.4071279545219575,7.898644245400721,-13.302112119538444,2.327374912418273,6.469870667068326,7.044479150249034,-0.9902152029835448,1.823955996228116,11.193631310852206,2.3854024191291963,-2.347503170675161,2.212843801370081,4.780207401635695,2.8976023906119623,-2.52761755731641,1.1829566319986267,2.00338766769487,9.668395830052239,3.546309514313328,2.344644550158053,6.773781756965482,-2.7501445592057947,7.466050354801879
153,4.065833873590645,4.232865954540213,-1.8320365105660594,-0.9873193849106224,4.250264032458772,-0.8307628443046492,0.7960677730793856,-1.0792744294265095,12.269468191022776,-1.863955297944497,-3.007623783179692,5.025465892893927,-4.208356745389043,10.899788924625941,19.971079030815435,3.7234181682674254,14.632075344421425,8.295670918055944,6.095177082382903,-2.019340182679506,1.6388995659594634,4.695980427216511,4.29337733497425,0.45673859910089143,5.276618484331637,5.949077853742911,-0.09767840893901124,-7.172430296333468,-0.8005903395158904,8.94105101726493,4.554013828842008,-9.417082359900279,-7.0713394016635664,3.4036369819422156,-15.873838948351997,-5.244092643374995
154,2.1558866087271245,-0.8152622078754463,0.7816041969523138,0.9688029551536453,-6.894938158745668,3.9592305385336584,-0.3803407495119134,3.206357313358054,7.864280999619133,-2.2569372261665306,-2.099472259228327,-0.5204938300410096,6.732522842835407,2.5184516408005537,-0.4449147496904646,0.2502002404356489,6.154715831182441,-2.643594874867371,-3.5554560903383763,2.669943913893432,1.0256816478712218,5.151665631605654,-1.725121053505917,7.850061983554339,-0.53690070704538,-2.608891272727324,-7.693550056948954,6.621052924467593,0.8193400026280053,-0.34558967599759294,4.560117090234951,13.529356404226654,-7.964199574018012,2.8409854538586674,6.5565972182215475,-5.532928025844146
155,1.665065006942165,-1.0525297692843847,0.46705493828927985,1.6107617592325016,-3.1773061107616036,-3.142496824872737,2.990645355107833,1.926574749301891,0.15887567568190245,0.04672262840429131,-3.096928230961975,-2.935868981845525,1.0064830840850363,-2.8430077737691453,-3.1083242053888283,-1.2870273641785797,1.4663085359699872,-2.8247935261425314,-2.469418252609214,-1.084398797580174,-2.0075905041731135,-8.902347106714638,-6.863392709773414,-0.6225898916624031,1.9002756610208629,6.221743673770403,0.7363444347770847,2.1250337867104276,0.5260970095286563,1.7878634960067517,9.630046997751508,6.59734676808727,2.0593748025748195,11.017730113194913,2.39402898233764,3.196309252052891
156,4.416921288991461,0.16096907337101138,-1.9214071929454803,3.306326266302138,2.0932863512817694,-8.543317977263003,0.29924341245573394,-2.3045655501132107,9.279369198546117,-0.31945771708780407,6.336175160748618,2.7897441776431338,-6.051998503962341,14.764823588485621,16.50893700791865,10.813185117682632,8.343967142305813,-0.5304588053603562,4.171061329087433,-3.797768534446249,13.480912312561152,10.856916809872706,14.607434898006673,-8.506237705447235,4.69213227197832,0.11456062112535749,-0.3800313402803577,6.007622706038611,3.755356561772677,-1.198657844063579,-7.296146468544493,-6.5061762089632,-8.058384791320684,-4.097442432629819,-11.035324981017988,-18.074489204251037
157,0.3070111870765686,7.6496948611979585,-3.6087420683886324,-3.3083411126720663,0.024634804044451033,-1.1840697636409683,5.265970805469824,1.3481340064686171,2.458966457646112,-0.052915421675662606,-1.8008340213979994,1.3268227479895767,-1.7749201412103615,7.4648407320587005,10.333185794402143,10.030892734776954,3.7297190135078773,3.6631003508762436,-0.47051286279242865,4.552419965972706,-2.59450587691093,-1.3696605722819055,3.2265688497193006,-1.825379809478716,3.19967386567471,1.4424591490200587,-9.007943276924138,11.824290397215863,-2.8647826739719937,-1.6894072799050077,5.948059984615871,6.460723356324799,13.761591098746475,2.8764704332059745,10.026263584896009,-2.989373886767699
158,2.868947548525674,2.676166688909336,-2.6349531618916258,1.420404433595891,3.6550020648508657,5.617111093991873,1.4539393317334506,-3.850660374502138,-2.5246491711966845,3.2326216299314887,2.9981013211060543,-1.7626893118175926,2.450142344649957,8.010536441997607,4.597807013562748,13.005417584156504,2.9539903058689467,7.43014856321471,1.6239858774506315,-2.978738861348556,1.031828721567076,1.5080671359081657,0.08025146017269212,-3.359619930082438,-2.7296022030771994,2.8959224351814816,1.8128043019535893,0.27608881617078973,-0.6404299827254548,-0.9829663813722377,-2.3417104379254945,-6.745839053270768,-7.119133229158362,-4.932757533326441,-8.428020647593907,-10.2182600814469
159,4.860949047974178,2.7000921382283676,2.384880648583782,-1.1578360467540973,-0.893580828242156,-1.192777702394797,3.416811111022015,-0.6656826651484078,-3.0536418447689133,-1.5653757963861739,6.630827364264702,0.05919007014255134,-2.3263819898877824,6.580570023887011,1.3260984518090073,8.580714338896225,2.214955669884779,1.7251641533660644,3.892336280978456,-7.178456038540723,-1.0649928076534856,4.8062388671904195,-1.5925401339725571,-0.6526712982022033,7.054243984271069,-5.943315671414745,2.252646214803871,1.4984624921059122,6.2684358042113635,2.8740120954355417,4.0749908503221,-8.475030562099146,-7.460534093939528,-8.547178660120283,-2.823197145851291,-16.137768146943074
160,0.6942959181508239,-3.2997713520818825,-2.5208751291644815,-1.8379586644622745,3.705902946238615,-0.42691196227560235,-0.31316057151677656,2.2742078461213873,1.734945663422042,0.24103057384490967,0.2581666963441031,6.131421456531602,-11.555988764276309,5.883105450899017,10.425006289871371,4.409421671562049,3.3959195641230564,-3.8939658931019356,-0.4800847358241373,-1.965218035998393,3.113609423442763,9.293615146559112,3.7666651452986564,5.118728991978022,3.1934873127207464,3.8135810707296645,1.9451851901047084,3.188099187855818,5.088121293758859,-4.9676302488969295,-1.2173096047980445,-5.070969622962329,-8.467497204031263,-1.665201719926328,-3.960148510276055,-4.891561534483822
161,7.857819904022071,-0.5814953809794114,0.9397756493821436,4.495645501935969,9.813107053236086,-3.2496286752272625,-3.6269621064468307,-3.4190903464142157,3.7686563681583016,-0.4297427057611699,6.886210614625289,3.083583057534938,-8.750149257937256,11.51682481473806,17.935559696080734,8.232035427677388,3.117183008668374,3.556784442492894,-1.4221937650320482,-3.4256479174506906,2.1816193949507205,3.944366833119064,8.998424405954323,0.9293639799770044,-5.170516006800593,1.1265864942831045,1.4139817060560596,-1.6161453836426443,3.469925112262064,5.092595209880751,-0.9852380363308654,2.4640426022969946,13.357261391774733,2.248100541075882,4.632252049689391,2.758237680914451
162,-0.7044475966570328,-4.382088734179127,-1.7100299949548683,2.336768052787805,3.4067713204695256,3.028764570854148,2.287130416656027,-1.6833775749011917,-4.455032283554272,4.204143466922093,2.561588533678833,-1.5358633241635196,-9.798502700213266,-0.5121084941284997,12.86568906964088,4.424436828311609,-4.542799538495589,-4.235194882568048,0.4116026246730162,0.30322638944703706,1.6891408149076967,-3.275610630609551,6.259027701555466,3.127408485023343,-0.11129634279985817,-3.075620596183046,-6.3893439593363786,-1.2548067061876764,0.37169934292228857,-4.88632305665892,-6.095693839751944,0.5806482665392817,7.851665011930223,-3.328491921327552,3.4623577901903464,1.687430962464031
163,5.371896513262573,-5.272355814825516,-0.36607765140278,3.540135078284205,0.3081865694601925,4.662645506007331,1.0811710169120712,-1.4226292278997752,-5.775871709711393,-1.3346444543983256,1.8947173587369674,-0.33449683262377367,-5.4997969038632455,-4.033771365272756,3.2376663570805473,-4.820761634379017,7.344245867005417,-4.6169023130621225,-4.244323161791782,1.3324153827769416,-3.3750701084428902,-5.002322549722632,8.503378470941465,-2.195507920214108,2.9239511519518433,1.9825449439944054,3.3379584553898596,-5.165649152531916,-0.574881413457345,-2.891998847832485,-1.852422604147269,8.569878539260554,-4.1560125558504035,-6.119695911602098,8.091987505251048,3.753733187305684
164,-2.2504400770579065,-4.800240654726418,0.8143018341186096,-0.713817627302238,-5.92757642694882,-0.05241590631859643,3.5181777416443336,-6.859558215250774,-5.02292905839122,-2.9434579878437277,1.9144401039396013,-1.310493219028493,-4.636520229432048,-19.37388617286877,-9.416114939110619,-6.0599363607411485,2.4191683263194803,-1.9031524552906653,-5.678686748657908,-5.941485225242012,-0.44001448154449463,-9.943338521889277,6.055244203732938,-4.41014429683588,-3.2761671981033014,-1.6017746539140234,-4.673667282474284,-1.3334729343044514,-4.401265358438297,1.9496112648321657,-8.650538553996961,-4.81691688755337,-7.141652462129691,-0.5936794972845486,-2.014209482134605,4.6426054847483735
165,0.7798180671370759,2.2223899632084128,3.2229041955908952,1.5026139601760982,-4.949943911968445,-4.371661318123949,-2.286562394996991,-1.0692268804628022,-3.1079684532418543,-4.288143747923326,5.73708652294412,-2.4975060726306877,3.3094486375244294,-6.840325483862235,-4.869235162224088,2.0281029036458658,3.374884213720049,6.690509102782425,2.5637664241450175,-2.1051848451701964,-1.5848602035215922,1.4209367474731134,2.0766285597061622,-7.40742505892484,-0.31681144906550035,-4.456863691308061,-3.1689964308764558,-0.26319820175365527,-1.5732770268710292,5.563605749713523,3.5429989827074566,-8.71236221401059,-4.962508402308639,4.293370387992081,2.0231290587357114,2.2805953664439067
166,9.3647641387521,0.28421199899546956,1.3725087351868956,-1.2136883081070013,5.15518913782981,-2.1054090650714175,-3.7828629906384315,-3.5194338168568757,8.437866846517641,-0.9993770785477697,1.7158956025936165,0.04455657698670212,-2.1016658030602398,21.113169342279434,15.297480877564878,7.731939017772675,11.53263935587388,4.9176570002217685,3.5030712857082182,0.6782985870935478,4.9271615115659575,11.243802409391014,1.0583559688256712,1.3938542327805594,3.1773273014292425,0.9491568426696622,-0.338305090306973,2.7499317186789547,2.7417297295617815,-11.17667055935884,4.806662282203229,12.410109470009196,0.4115927657302545,2.1417397041710053,2.9000219058017342,8.555910117456177
167,-4.46488876488744,0.8872291427485797,-5.596485450559733,-3.1537214044709594,-3.7276138843094206,-3.7651397567622515,-4.77555739757966,5.704779947290615,1.0056104441078342,0.2106120666983176,-3.9997470407468763,5.124148149879611,2.5451611705428485,-6.67514385495867,-3.885018230396874,3.8890098385056673,5.650819765061748,-0.48174699540345034,-3.4911230650483347,1.2383374547471806,-1.651039676398647,11.880189049893952,-1.6426415961919998,-0.4725412559144351,-2.2882485712061125,0.5365522538824957,-5.987424406698164,-2.016028823901196,-1.061877573023037,2.944997412817819,5.510342360151057,2.4815700893499413,3.542406723207357,3.345082235579588,-2.5802057251638297,4.810627871173985
168,0.28700970022045835,4.415576330253056,-4.82340657650208,-2.373538382503451,0.9462591944908609,-12.36764561765048,0.054493309587848426,1.4172866076839215,-0.3345263776730518,0.3965828126790572,-2.7080400881110407,1.4074792872582162,-2.538508360331156,-13.201343218586883,-8.86472305229732,8.115118885526853,-0.4145670102871194,1.792018940558239,3.5323524585145774,-4.331310392604495,-2.9920192081101087,-3.5099266025484823,-2.959410812629729,-1.3347610356856365,3.6691152445819912,1.4103492060486151,-5.751598448321527,-8.528334691664394,2.8820062035276575,0.17269940887178695,-0.7564985525547242,11.952219807371801,6.356622002562698,-0.5790050273038903,-9.721413403141256,18.181854873287435
169,2.2076416940105204,-1.7704388485575209,0.02497951568541478,-5.896950371411382,3.1051919825223027,-3.4211749942327034,1.22904918814192,-1.5643911033260578,-4.16769729433011,1.647862770119492,0.23346025694389733,-2.3894795460664495,-3.7268250008322754,0.8522465764259806,-1.0373336964724016,-4.829460025898048,4.14800306728908,-0.6994627972266504,7.0783858469554355,2.8158717217798137,-5.660716647396282,-2.55133654754989,2.454827014889036,-8.487936466628192,-4.979541758493501,-4.185458055868441,4.019462331217163,5.744057518182968,-1.2692830757218965,-4.2897202682738405,5.310285070416879,6.659461866836159,-2.7218692956530317,-2.1098895105628337,-3.6956732029817543,1.5496365516161432
170,-0.9959681279653189,-4.476488986185619,1.404098100808202,4.720286469070279,2.647304758125422,-3.830556174930261,-3.7190982889460056,3.3552903894867216,4.296095312706062,2.606787843363626,2.520516576207414,-0.24812536017627132,2.964802841142732,-3.350760609519725,1.1691279028143202,-10.760235050503088,-5.743001079072758,0.680337344961507,1.0445615840809686,-2.1353521933969186,3.198532567872685,-1.5154272524677976,3.8716795149506353,-1.0333945687328066,4.3982832091195245,-2.1768028784771354,-2.863885291985103,5.077754886174689,5.806533178504632,3.4383025449149462,-0.24125366794819736,3.31458148907642,-6.115241318332906,-10.050282854206708,-7.472928236941902,1.1581976024471983
171,-1.735547930306318,-5.654707474367959,-4.010346694260227,-0.9635952261029458,-0.7629382151121996,-8.299877212972056,-3.8640129444550495,-0.9770582893825307,-2.105676004739136,2.7751950801027063,1.8524086255276082,2.4395170333434124,-7.7440661751494115,10.70926708104659,8.596278882148315,10.769722442237699,4.8732995184100405,-3.7583217389729557,2.5708289483980256,-0.6737603496532051,-1.9894707135438008,-4.192210573627024,-5.439320397620299,0.09017326576369149,-0.3501219895421242,-0.07949966891687743,-1.713395476645353,1.503889789994882,-2.3411144805806026,1.166088992235612,6.305049114081324,-7.498088025925111,-2.889940388348638,1.9932348971464195,1.525322442760273,-1.7911271826953303
172,2.260366087589337,-0.3892613698025139,-4.529877950342334,-4.177497520890771,-5.114236465522221,-2.3840971357208125,-0.17679594753652203,1.0326434206597659,-6.882739969662258,5.290502102399359,-2.5574854542406236,-1.5331913999148779,3.649642976038918,-3.208477115144535,-16.513969438416616,-5.525112148450345,-5.499601767987621,-1.7642069350243832,-0.5609517252566864,2.423663500468342,-6.423363789003723,-0.44226100493450554,1.0514976292544482,-4.114835376642188,-0.841685734993341,-5.292518457587884,-6.346159984870833,1.9360798962262211,1.7261087359214315,1.2000296952164904,-1.7127943300471014,6.3562968628747125,-7.622949108785512,-0.23808738163539342,-3.1157083845868403,9.193517220263578
173,-0.15706583857536316,2.090167055324632,9.38051055607443,-0.7754811252258262,3.543175374366799,-4.695498459801382,-8.12703569203007,-6.299272761661179,3.262940889414476,3.711777281548296,-0.8274071584550702,2.8374718038403257,-0.5622969482626233,14.756552399421224,10.49778738435434,6.5710892288052305,-6.147486871602584,3.907598611043424,3.255949084856072,-1.4463764325696595,8.471400516373771,-3.3001154904462853,2.3761065468496207,7.967847759626349,0.040675471327742754,0.38567919268900036,4.207484075001308,0.2831573367727046,0.8904521477465727,-2.069595519681366,-1.8415248016921841,-0.014846849046191391,0.3813058067949451,-14.290836914461487,4.717345349642695,3.779412494478177
174,0.5274593556413845,-8.24985620440269,-0.8799520390754452,-9.786650372098903,1.816719898079731,-8.529858237626602,-0.6241774656334702,-1.5641914107361619,3.2383597654347516,2.2052526881500167,1.1339313469979229,-1.4315827637910843,1.8778812897448638,6.7157268462588595,-0.33101811944221965,1.8004993121234738,0.9410903663659582,-5.290966799064559,-5.443643959201112,-0.16244127555769317,-5.074991434432414,3.969959149555284,-1.5539905909372835,4.3006586350348535,-6.120012837405107,1.503738524354234,-4.913122501300306,8.049738519045771,0.7662646247416126,0.4945490498627935,-19.588707938486216,-16.584923996000875,-21.98263388385578,-15.674058755137482,-8.50756864857917,-10.933528779720774
175,-0.29411190322467257,1.1451683038351488,6.083069506728528,-0.1187627303357027,-4.083311666031273,-1.0350229797922834,-1.6508769666662022,0.9414413735574606,2.6319363853152917,-2.427701852151326,-1.5769107130413154,-0.11080400067932751,-2.9070411187653638,8.661936100648374,-3.870487793367736,-3.0874970670865505,-1.6752670249160455,-0.7517760821751186,-1.6669153790084683,6.612038935629689,-6.86433128799711,7.56997659011763,-3.075653478199122,-0.9991202407649585,1.5742544429186656,3.4507547364551194,2.455868101849848,-6.092607080024116,-0.4231977631547013,3.3082501906521466,4.11259713997038,11.934992813334173,20.51359705535733,9.514493559088026,4.6187189720114885,3.2294943746255367
176,3.527146954697614,4.487970316896633,-0.7321285873043294,-1.023969138155178,-1.846282262583168,-2.574304493638326,-3.0677084578866407,1.3155676068842639,1.7381358271350666,-0.23870493304364535,2.5423527051295554,5.423541207702792,-4.974801832315873,2.848875581001749,12.33081874555471,0.37164801237534506,9.406220350946699,2.0295359066554477,-1.6446046756238353,6.6069078217355575,0.8817002231977424,3.8339466087672176,4.247407249041966,0.0341176050049918,-1.774583831733587,2.090245948154099,-4.145393845986347,3.700064448658757,3.193589185516597,-0.4919026147346107,-6.551796850197169,-5.313356546114902,-9.699189410754004,1.0419287053602082,-0.8178511979628582,-8.20035013275183
177,-2.544015524566782,1.0238374173641205,7.642988052295179,-1.3600390377093334,-0.27896178650612735,-1.8466726681407617,1.3534854855768534,1.027094946870086,-0.943160959652492,0.16170013255002547,-5.519340874893325,2.334936549164811,0.2779908983074889,-6.974947375910623,-3.6190719677477468,-5.87299351485408,-11.961062377812912,-1.3575832059188766,-3.504113814660481,0.5254922818335496,-6.335827480773537,-7.227193781307766,0.044101823957598936,-4.484927785639861,3.0489328594840304,-1.2405049262606367,-4.37732529883482,-8.526579549726176,-6.1816883634547795,-2.582334995877986,4.561260314012061,11.217428692749568,8.97569013858328,4.066451124998988,10.08189870690813,16.48313132110907
178,-5.252222063590069,3.689266625715762,-0.26953790458489435,-8.161990456435145,-3.9448400738896154,3.5294678944106006,-3.393994242352034,-0.40813829521743616,4.328232380884643,-2.0955093179126174,1.8737692030108706,-1.9875133618503353,2.1842034504729875,-11.992656176225568,-2.5686273866770217,-13.366999651248358,-6.189027595276735,2.3826807214289296,-3.315012553896831,2.1839277951084837,-4.568977251953008,-6.077006452545827,9.262516520917416,-0.6151139705765004,5.4683805582474685,4.959091793517677,-4.400160385941972,3.9759079455112922,-0.4559445004073941,5.107750256450808,-2.4881983204763762,9.992690068118426,7.621881738000987,11.456706605395492,5.352320158664061,-2.2410360033414802
179,-6.671918102673122,2.930592827042755,7.530006979193006,-7.223888669695173,-9.773504592934433,-0.006739251391620052,3.2853110225833193,1.8012753153333858,-7.46904352672246,-1.3685364051322852,-8.358024849879499,-1.3460088599549265,10.148613407903788,-15.298512867518834,-16.499699470644096,-14.248520304657974,-8.444689897858368,-3.2189722492986794,3.8075080253944105,4.2157779668970985,-6.3011271670004545,-1.3424133901693382,-6.032060321496457,-2.5077588241927478,-3.4852258144896857,-6.368851564976634,3.7361633284967772,-9.623291411266035,-3.944085276552609,5.069609811415478,5.416818640669998,7.687698844744235,5.556181359503951,-8.310587811188734,2.434467715876443,9.352461380465906
180,2.055086069569296,-3.2757413977262924,-5.468321854514735,-6.249135351910883,10.218634253861953,5.3302372605824955,1.2682583216501742,3.1727661234991893,7.5849432580325065,-0.6807408878693775,-3.5780739184583026,-1.453511182446869,1.8184872646721042,-3.831714234181813,-11.34352348957743,8.937991454893229,-6.702046438139313,-1.6897795451995061,0.024413346331946705,-0.8856970534032705,2.1242615255166073,3.55587016319742,0.7339947016871705,0.18343340985629022,2.373012439328797,-0.30553901408399853,-1.3538051372279927,-1.4604515427229356,-3.5642562396064097,5.945031603988336,-6.894658082601976,2.9735920716609274,-1.5719079417841775,4.865086535562058,-2.7732712443994014,-2.4273931110391813
181,-1.773507526942662,-0.23377531888533612,-0.839268548148019,-2.725775572718406,-2.821856514531739,9.617493005127322,6.545009711719289,-1.215477076416113,-4.314906151927247,0.7821150281376262,-7.7962206179390146,-2.637042450965667,-3.043524282319205,-10.581886066465962,-1.556198972980587,0.3765312074398508,2.2329822418336964,-3.4651989704188035,3.4865293998499305,2.6231671395350475,-2.059017453570755,9.680633731262416,4.204559048219603,0.2802605248835622,-1.0979803873568166,-2.465079664309718,1.9935790282122943,8.329543506308477,1.8378944874608092,1.1621341389052722,4.979821551819237,8.97596678267024,1.3654022922321243,2.955506350312914,7.627364476116336,1.2826337108806687
182,-0.05287923808304631,1.793758541041491,-6.955742342131479,7.667050116524404,7.503596195152828,7.578732057797666,0.6431829080897935,4.6585783207294895,2.832973156656538,-5.427933142957639,0.18985751180016264,0.21676575384882033,3.372831974710737,-7.711618775007676,1.9656886001098521,-1.9359844101935018,2.443445201583055,-2.83725905418396,2.343985376309375,-4.1338031751920985,-2.228948725121362,2.752162580587426,1.5359638442798538,5.405557007205729,2.91800027538319,6.062703356450918,7.2431895862124405,-1.0833266468680636,-0.9320917280428872,7.000407776662281,-1.9435649562855155,-7.094564094227188,-2.654723430166439,5.549492128041326,9.626239508694532,-3.7918263387923337
183,-4.014010778799349,-1.1702512055635452,0.5148759350484732,5.252290859153228,0.8018410154143158,9.577325259088253,-1.5195572196829075,-1.89808497882011,2.210142117982008,-1.756028317295167,-2.2571715822025222,-2.0448564333575114,-0.3201953051041584,-0.3433600554660875,2.562775493884573,1.3141765588400316,-2.326003740028459,-4.323748351359854,-5.297629199313874,-0.3323884703675095,-0.7167379466854796,4.098887514703128,-4.443647712164996,3.5681926060696036,-6.1383847241498986,1.0865333169812754,1.0432807207107544,6.165898866495308,3.03206446462748,3.408926316670009,0.2079434087690042,-4.314259388008896,-9.994038272877129,-6.66750566326842,4.377490986442687,-6.251121552623048
184,-0.3128196216967641,6.159328044677268,-3.6931184239457457,-0.13798145980251078,3.2627212605914293,5.802031011586743,-1.2327937812221295,-2.8233354541720175,0.337208804427361,-1.1822103818460388,-2.17379368263848,-4.3138547478889935,2.489213654125223,-12.163409994573009,-6.186531011357295,-8.149384316132993,-4.448683362834307,-0.35530288851990993,1.5935039450319446,0.3269415625504085,-1.6810338649214531,-0.07427374379975456,-2.506159078709933,0.4755753376046006,-1.9609999091041332,-0.5999222116506829,2.3090413398280436,4.2090137004852295,0.6204114823925252,-10.032135759081159,7.348406971717368,2.244648321094562,11.174002561794252,3.949693431659621,6.046895343430188,2.004504511550981
185,5.304792292264043,-2.42200049104131,5.03193645878714,-1.6322943002593762,-1.2574633676178602,-3.752113159821958,-0.3611996605688212,-0.7353163410966493,0.57222574462696,-3.8975279449808355,3.7735975880403907,-3.6014827617577145,-1.3082737529422253,-4.781712581004415,5.5989571079915885,-0.6334782711097172,1.8662256586308381,2.5687251982032038,0.8782924729950574,-1.4293804205193812,-2.914227142283807,-13.825930812377102,-5.367218699990486,7.202490375358231,-3.960051697127673,1.9565353357062047,2.143823651026706,-6.3238616306714865,-2.0363628154202384,-5.700722743357931,1.0560455045529775,-2.5047443241489176,4.505633018454727,-4.60451833873379,-8.489296750146515,-0.27299510596358045
186,-0.5873870156249221,-1.9722649057832908,1.580217918381095,0.4068683499555883,-3.8400843149545243,1.7960009897241787,-4.905093710337367,7.531630865165165,1.0306175287280763,2.545886778101629,5.929893088279938,-0.17141167971552634,2.1512921063267454,-5.254663389556262,-6.694817680333342,-1.20595861211115,-7.746230137439406,-2.813451723176606,2.8878321714547215,-5.57661327293941,1.6518671322537928,-7.614551356252359,-7.666429724772366,2.28144149755945,1.9611569909112794,-4.398923954185174,6.458091270482662,-1.7864235569627918,0.05350433654931127,6.0682283037779285,6.717903579984393,10.863853247798218,-1.1273566317193362,18.77368665364932,4.089899740657028,-4.6187047158577
187,3.595235225155341,2.0572583145480983,-10.724516623482412,-1.1528473768611343,9.110079179460906,-0.7942360137798348,-1.475913684511063,-2.0786186053740736,2.721305546863955,-0.27505482653422014,-0.3706922590428469,-0.8112920778138297,-1.816976216526664,8.598854909746015,5.499732906721076,14.073670426193548,-1.7244186644651451,1.1075551298503974,6.18736743075507,0.7430500588854965,-5.466521342189944,4.6295550471665905,0.18119768372603826,-0.8804109136060793,4.2218655962116864,-1.3503949037011789,3.628308506644502,2.5219406315258572,6.961211640007642,-1.0250809063412705,-12.027705022266932,-18.809120478222564,-7.599055962903159,-3.0410024584556115,0.12090475948489442,-13.227719673696829
188,0.5891278726713998,-0.6852705791896704,-0.38683749948229107,5.326887211325217,-4.08597024849483,-1.0187426407498366,-0.36554211256455404,-3.1516684725576516,6.450633477799746,2.4791556645412833,8.412292584092642,-3.7545551154382375,-2.88446841799483,2.5006764908226167,2.5545115860141054,0.2789407554937869,1.4091583052460028,-2.464022346278082,0.6458508481784743,-0.2724867874224271,1.1594688138183282,11.858033291539368,-4.535434645049426,0.13019184555326188,5.003559396887312,-0.7985881214239159,2.3497887156447588,0.4705899319782549,2.4034584596449013,-2.87916613020459,-3.640305349565282,-5.126020823966484,-2.52950035309305,-1.5928622706204045,-10.179660435842008,3.946959839183457
189,1.8185409231453527,0.47463255421239503,3.9011272410957183,3.61625009334209,3.754168366899296,3.5377771313093147,0.8049681790325106,-2.9708589570862904,-1.7845193111166662,-1.0140889092367522,5.101239874654887,-0.08789763675660503,2.442157890951755,5.812644712778987,6.350834392771429,16.10405174186643,-0.5791352126671343,5.763282441667148,7.285682532252098,1.135676310378678,9.87516049584564,11.456759838425384,-1.6360582721476653,-1.6481756872060347,2.2352476679548925,-2.2405726556875267,3.145232676585414,1.8685793663774217,2.6039269691219133,-0.939845052908878,-7.747215952192034,-4.269768030059581,3.743383064561961,6.923155468945601,-3.1780808239567038,-1.5046337082677959
190,2.039847795148285,7.772710491808093,-2.1195675079919853,6.1157044348668075,-1.6529974706318913,0.35839297113065816,2.106844421552152,1.0998088320603177,2.005110843905381,-0.23140165027307005,0.5519354559329092,1.3287599025940409,1.1719655260747792,-8.966514142192139,-14.916611296789986,4.37943371218078,-3.4511323923967323,1.3127371376874495,-1.1195150492142658,-0.4319215063005686,5.785302628059776,6.201283783328776,4.327797171412682,1.5420880938062862,1.8849467930136894,-1.5527666124458215,7.499680808004068,2.6408776829437333,6.618273542851818,-0.020266174661869904,-4.345263391429064,-4.740633086282379,-3.3842459746769498,-0.3160248642065087,-2.2500933347916114,1.4477062176684945
191,-1.1475999095306104,1.686341672831652,0.6580052546092442,4.894467359598802,0.558981870206035,7.026265703293742,1.8451435673145615,-5.447598239929625,0.20484580692588067,-0.21425179395900698,5.675315274571886,0.07978546862699548,3.3718814862017727,9.141380310058594,13.620913407328178,5.6209606272833685,4.748679032739328,1.1515544637733577,-1.6407166689026111,-6.34728482122324,2.7246823700106875,-10.228506028652191,1.5921578027155934,1.905977078238312,-0.5179583339058623,6.588271300099334,-5.815062279603919,-0.2921964228153229,-0.4304284623691014,-1.2082683547418944,-0.18796747101812947,-2.1458270215258306,-5.915978374529858,-1.542588355589886,-4.4711218646594455,-3.521000407180008
192,-2.560898850158769,-0.38234623111024196,-10.286742218903132,1.1737292542749522,2.194133092554248,1.1974701130268526,1.4004547699373595,-0.4016750438937119,-7.638678761161104,2.782031711875176,4.360481707417235,2.4051593943518035,7.443845488587204,9.14459381298143,0.5368715777080886,5.4122395697905095,7.739194156259907,0.059440739300786236,-5.1903886722058665,-2.8168980360639337,-4.039436433996473,-17.527816986855196,-1.4882010555997187,2.0804033133448385,-1.6728303712241503,8.113410035566408,-2.8314404721770967,-1.538561918905803,-4.910632166327263,-0.37088248224890963,0.5574554703673538,-6.318563848543836,2.454913954953758,5.017660136125525,-1.661819907475491,-0.610171132854053
193,-5.1448789214601325,-2.103061238721925,7.385198626059051,8.11388303491534,-2.638020789136692,6.183500735488321,4.870345231829857,-3.8575078078678677,-3.0823219296883564,-0.4206646851130894,0.9174402342463026,-0.7362395768262902,4.212631030350315,17.1256330061932,2.832407153382593,10.212761402434232,-0.1650254166856104,1.3116194204408296,-5.4157058519064165,-3.1844150934900557,2.3863672309992263,-6.867324590074773,-4.076837688836516,-1.8381751368240433,-3.8799849231632386,-0.9255556205705721,1.3452298866242778,-3.226422364614448,-7.1936652483988786,-8.051425421724515,12.145577172235567,-6.31868023045209,1.0829382969104513,-5.109893944798683,-2.266931852515863,-1.6784226997774474
194,-2.5881071942193166,1.7924478741324679,1.3781241896201153,-0.8634991715757214,2.113838768735224,-3.816073317917026,2.8307327822763093,5.424928318481056,-0.08103780265973538,-4.0544692515110485,-8.523871494191033,0.3420837156626643,4.0251398220354195,-8.969153343414774,-8.397997136018715,-15.657541182576393,-3.7152653455126043,-1.4329051223336433,-3.3301863746375453,8.431716155945038,-5.941729403880178,0.43919498762305903,-11.035284808703832,-0.9488303068341041,-1.8644760711764803,0.12620659020482278,-7.237605821113197,-4.857190516606277,-10.217642336475606,-7.129578589480751,9.584751615110708,7.763561737780669,26.545628345134308,-4.802097100992592,16.828508175149256,4.665254349611243
195,7.003484018299044,-2.611715944445863,-0.4917169195048663,1.697377170036946,-6.786718589006638,-0.3548022615818345,0.6054586797040336,-0.7942892544123591,-5.04023544870469,-2.110653441171257,3.520738883286106,-7.158891464982714,-1.0406532383770968,5.7768160445349555,-1.7739039343230578,1.3383626913537785,-3.164073053367284,-2.7741819547147166,-0.9573514397655215,3.6390973320420907,3.762227012794845,-1.5052309316031787,-0.476900048401891,-0.2027479431458882,6.357827034835913,0.3077252409896072,-9.86077412542868,-4.987995030320421,-2.053156593776479,0.2857064093862261,15.663191672490568,12.217818892731959,14.618314421298553,16.26532440769429,8.823314311553021,6.795680391545198
196,-9.016223969812296,2.287815554409611,7.9548615059074095,-2.3704762823727665,-6.580393774168832,1.4882157505774984,2.745524150984628,3.8832714448169785,-1.2024362184563462,-1.7607960044121256,0.2518211019282438,0.0642654360557089,5.207276775064517,-9.232303398452244,-1.3811462536758305,-8.69942651597821,-7.670277074891693,0.9862902918640448,-5.744386254524698,-0.02854897659652087,0.8779956008098564,-3.926905541471681,-7.028986387410942,-5.652801020413029,-3.0333860394906025,3.4092662060747343,1.3477982939506064,-1.668426122136262,-6.6408427829036905,-0.14401174108592832,6.353482504888457,17.303916994862412,17.733811237222078,11.75504669668723,3.3678511320328224,13.623214648694407
197,-3.596496892826898,1.042082039677367,0.41455781193716185,-0.622636506752092,-7.811613271431047,-4.155412062698481,-1.4985165870463362,0.9078528893237211,-3.9486979252221635,-3.0111026459810684,3.5338889938227984,0.4595989805399155,1.1817755861854067,-13.286198547908239,-5.590386490432584,-20.23639067825006,6.996672091953045,-1.7731188395801856,-0.8719933331012726,0.6268813166083121,5.474278200645836,3.5867366523158792,5.204927449931904,0.08636532298156194,-0.14693031019094038,-2.348705834576062,1.9246272894800927,5.700576546849037,-1.0247009615508877,-1.314280433922398,0.08123027244392707,3.6742275101797923,6.082688669769132,30.37846015910713,10.313181611994395,10.864211165175146
198,-1.9826033008950097,-0.34360715077847853,-3.3358566152806186,3.8445903001999366,-6.979052770806819,-4.085499912804487,2.436488160065242,-0.8373321005884482,-4.0831732932402165,-1.8605591192537425,2.3550541181953584,0.6384216759125797,8.857921300493942,-1.5599494279951465,-1.9948285534521755,-8.552163431839068,3.671143371231702,-6.961573450617036,3.763828257364886,4.15680733140634,5.064687170848554,-1.222175928098815,2.637415361647703,-3.0986984378221085,0.7352901134563952,-5.175799173930166,2.4096499316546383,5.12145946402939,-5.174712469535215,1.4543618748382645,9.39390402636966,19.258400271437605,-0.39442857552547844,18.675567461519826,16.68608798877317,1.3088430458185625
199,0.2762014853711031,-0.8606610638754708,1.4959186513204963,-5.165623756999872,7.399913178414715,-5.248649867973765,-4.928844250586568,-5.174808668846986,0.7608957920147448,-3.1516751050188834,6.479053717486712,-0.7178308063623856,-2.430938014874653,6.572083241477305,7.0389657215196255,3.8227937895120405,3.4496711760151144,2.9463067103405387,-4.942689773987751,2.838480621576309,3.9519733470313403,16.017115337508066,-5.086565411969192,-1.1183027868368187,-3.508858601049501,-1.1849114483849583,-5.135619768682791,9.554016469692698,1.5216622081946354,4.963165479046958,-14.824600854698492,-5.7132463968377944,-7.73358115759127,3.258348578701214,-3.715132612963112,2.987262195698461
200,10.086723763115552,4.407168720297667,-1.2095050836096004,5.86900912316478,15.58543279341289,-4.651969742410037,-1.3279763461679828,-2.7388923347604517,-4.178271601090626,3.5303913473474737,3.1528596732081198,3.6926617256213663,-3.090105781445698,1.9542584419250488,5.400116885194973,5.724198870512904,4.597310976106293,-5.48144951934109,2.7085452373614727,5.25395144856706,-3.7209499429683297,1.1606864095950613,19.10093328934543,-5.89562592579394,-3.125187428630128,-2.6903587911201985,-3.3793549270046,-3.874773772623466,-0.2554869043583773,3.597038533310501,8.190526148950568,10.419421329182022,4.845521049231899,9.524866026275012,-0.3234175601784064,6.1589426094171955
201,-1.6015352676717602,-1.656093752505828,-1.5233809461399002,4.159747474655813,-4.919185475427277,2.270876131495651,1.2413654272653618,-8.94163930661292,1.0564222062120632,0.37942687695731925,-4.877950409275233,3.8751200096947804,1.5046605565110032,5.998224046765541,5.742995989565947,6.253100452374439,0.9504654723770765,-1.7072609881965481,-1.8359185664021238,-3.361122294500166,8.581941360113571,-4.211956150677739,3.835861217382611,5.338689979241819,2.10310498792298,-0.8542647860488113,4.63047058758687,-1.0910071280537819,3.9553940320501524,-1.0142010231407321,6.528215602952606,9.443808477752063,-0.49623048913722134,4.417023629558329,1.3613635593531084,6.304116742343319
202,-2.5531876160174,-3.135850651531803,0.4769809328171672,-3.0704739561152397,-12.306602855726164,1.2192774104828736,0.08779309842051292,-2.157076496858986,-0.24940796546181854,-3.185533641248333,5.417033147865108,1.8523183988065135,-8.251056722232274,10.125745143209185,20.0446078649589,26.53107551652558,8.348488890394872,-3.5182266773618,0.37676605399774044,4.913370303353485,4.3286872056065775,-8.380405483197192,-5.230923325127485,-3.0267394758684905,-1.9456564426726224,0.20379899426990625,3.2688538746870295,2.5399544327234733,-0.349353376091743,-1.4321082922040809,2.7164398456106382,7.233176102443617,8.164016210303014,5.857596716786525,6.987064873381537,8.755770859669665
203,-0.07623644994229686,3.5056647779990215,5.092550806853236,11.993399345144933,5.110965279900298,5.233199337307288,4.2553808822923775,-7.086051764536877,3.220083626595383,-2.5795312879645094,-1.2164535800717315,5.258316973642427,1.4721863573911238,-11.55857718720728,-17.149224879790324,1.4616047484534127,-4.831464053416739,-3.0525267254941317,4.647079119268729,0.656415196097627,7.032327531247723,-3.2240620437933476,-9.992435849442774,4.757100233009884,-2.5139372624000726,-5.364585265897366,-2.2170463751773446,-7.161315454512226,1.289434058933842,-0.5818814112215626,1.5432050854575878,-2.134361964099261,0.4373958329765164,-1.1296213013785226,-3.447347105765829,3.8937655431883678
204,6.348645562420086,1.0766676506217645,-2.549612265460345,-0.9925696509225028,0.7324275380494644,-2.8461129671456864,5.322735351111207,-3.528341239204212,2.2407147641084633,2.2010974275822544,0.5608601968507377,6.3830966140542715,-3.8679999387537944,7.539549816627892,16.02457039962922,22.87408444467856,9.367934487608014,6.983992583897649,0.29028061731737487,-2.027196586284102,0.9041129739917054,-8.626644324891421,-6.869158841403467,3.0231328205186494,3.38149477389394,12.414130926132202,2.7217140891114058,2.736319361900797,6.82232125924558,-1.1193961755049473,10.09228255310837,-6.6790743415452996,-1.7962720856374623,-12.671810174474912,-12.101041209941007,4.930585859381423
205,2.614561846821892,-3.53275554110201,-5.788515038636266,-0.31667324383648077,-7.556455767884547,6.096554945318067,-0.6639496623253336,-4.132824630457527,-3.4659378168230153,-1.322294442021117,-1.8842754075113608,6.616719151029781,2.8428668781202666,-6.577924026518452,-2.9457861075595932,6.518274930058693,-1.9227085466287575,-0.11527911573648453,-8.570921139601541,5.646665382674154,4.532636831647584,-23.226426891526398,-5.277143148743376,0.9763644568774165,0.5478687462758045,-1.3347763668517678,-2.662536472994454,-5.607759190457208,0.7904496551776419,-3.1616954711760035,4.168329542996932,-3.6464938010488237,-6.493405337236365,2.5628097568239485,0.08357344963112656,2.497013585908072
206,-4.652569837107951,-5.67198077391605,-4.526813935260384,2.424830362504842,4.536311267437983,-1.12168295818324,0.59070629596102,-4.070361886705671,-1.7469910261582355,-2.6321835582125552,-4.659615562886608,-6.302917959738751,0.3193728689636503,-19.422240981337975,-0.149045287498406,2.583073622718149,-9.091455804450172,-1.3256629060725778,-7.706850293947726,0.20112525747746837,-9.574151981393902,-8.902060844764417,-0.021324016001759743,1.6968874012937352,-2.650063815317592,-1.7109270643214791,-7.480376270960789,-2.1387570050297953,0.6645690303067772,-1.5022848072100659,-5.691490985909287,-11.366550163955104,6.793894502581383,-11.83146439523113,3.636251162509529,0.7701226896986517
207,0.5014227239453063,-8.15485093058372,-2.9549697071922068,-12.847724586117025,-7.149045076905464,-2.7085276247591388,-6.384440966406647,0.9189471762095179,-2.4897615909576416,-4.11470277379362,-3.87051003061387,2.8906234296000735,-4.777916314650555,-14.602769580422615,-24.25084983815952,-5.122799289469817,-8.100473686140411,-1.0381206201047313,-5.399502687916463,-12.720836201796727,-7.387632472402587,-13.411974291412198,-2.9701424161998595,1.32454110529958,-5.893180127046546,-9.390451470808108,4.973151999468706,-0.378184992249827,2.2365539390213636,-6.504108617500383,-10.102252442009595,13.009273654952342,-8.093428606889686,6.123661552156721,-12.244992396053004,-6.3987273804995475
208,1.0917194595142288,-2.92650919742122,-7.275969802116861,-2.587419688093419,-1.5982221705572945,-8.86860538745413,-1.880778539545682,-0.7351219804615391,2.971730035482621,-0.48842749197264107,-3.3283981156288363,-2.7548078225583446,-2.8475779606485547,-16.589400670358113,-3.2021888312028377,-1.101486982131491,-4.782105589399532,-2.9869841580488243,-6.831615153624087,5.007460482874695,-2.985324052219488,-14.209327908955059,1.6724430000295445,0.728306485073907,-2.4254580538491815,-8.002221759484739,6.199405443303439,3.686667739432685,-4.128653713102851,1.0452550686135584,-23.890478669988866,-14.834766362394605,-15.773120832686521,-14.78035013529719,-3.719692848166641,-8.147601060721339
209,-4.559953261698995,-5.110720043279687,1.6464302945806055,-6.543255695274898,-1.4955416613695574,-3.64485731584077,-0.15047113962319433,-5.539103073733194,0.532961693345284,-0.016668988429770177,0.4606391408157592,-0.09198150342824507,4.402569073803571,-2.8388455206034133,-6.787683778879594,-0.49035131688020667,-0.3347177237880473,-4.518986667905535,-7.5220043732195485,1.6500065509153872,-7.908922365733555,-4.954719133523046,-2.4701595896360824,0.589065105027082,-7.424149516893893,-0.9193043891264467,-2.471580162340281,1.7037191961426288,5.19309601126885,-5.508261365892023,8.5927717944189,9.983017700059074,0.3611251847552402,14.89259176397202,-8.79858414007693,0.1263015027709153
210,0.7884522147324621,-1.7202569939652268,-1.6237594068658596,0.20367796004426722,-0.3434938514719204,4.035760419101131,0.9671015261995549,4.501096582230256,-0.5963414180643705,-2.9246486019419162,-4.335734457385783,5.997060592077216,-0.9179062110428907,-4.859289071997818,-4.688324126053829,-9.568936692816871,-0.2717230563261071,3.048606842908324,-3.686512597057284,5.681249563791314,-0.15692665884081197,-1.6903101297057406,-3.4423549169180343,5.076420813190694,-0.23018020817211696,0.6858277631049253,-1.384260464079526,-4.085953340238454,1.852807926280158,-9.712840542501333,12.72474646325014,14.460859718371411,11.445259498698372,-7.431799985924545,8.84793683947349,8.739943188063952
211,-6.546167314052582,-3.2674084363543257,-4.21091739377197,-0.9812021346724763,-7.929691764164944,4.056965114510789,-2.10311430935957,3.228327603972688,-7.58423584258678,-6.51678539478049,-4.287402834211077,-0.7393248841470602,-5.938738466525565,-6.754523751687031,-13.178108804992267,-11.375685954580502,0.6060209333592531,0.1818976152916344,-0.951161825383196,0.7398873739400689,-5.479068397525317,-11.494362517887232,7.881118684398885,-3.349562164472074,-0.8766787044551908,-2.6349970978133532,-0.49684605945129784,-1.294862152970567,0.45270276556209643,2.0336677763535054,-2.3360906559593824,12.760446616581508,15.221651706464437,4.965916242526502,8.408921960665255,-0.36905319745443305
212,1.6595325454005174,-2.918565636690782,-6.586800591069824,2.8836928569540685,2.606365503781304,2.4280520178833784,4.365047280277524,1.6053963559014457,-6.570282831483958,-1.8027982092937644,4.031648504794861,0.9955603991236005,-1.4563963194282687,-7.487626735044985,-8.97456979751587,-14.344143035460492,-3.8923685988601373,2.8525540044113082,2.5874809932952023,0.26631932051814333,0.29838479097400394,-1.2085601431982858,6.748233103022283,-5.014790501806657,8.378534791420917,3.4550837013794453,-8.588215070719622,-2.321015391726883,3.315370577938703,-3.1716150677933985,-3.5057015029751524,-6.465891692103172,-10.561414905956813,-2.35245136095553,-2.0774584823116964,-8.77118793312384
213,0.13469436217327507,1.1751558917517564,-5.72234366682111,3.6251486211406942,2.078925460577011,9.6955505135108,-3.1252713420865486,1.256257612030117,-6.377186918137025,0.03013227758358936,-3.9883035713312576,-8.425696407045637,2.4330464747487284,-6.703330452953066,-7.585227523531232,-2.6135015901254146,-7.77069248912894,-1.7349985159781514,1.4546041160213703,0.5792393343789237,0.2858162072050024,-6.922677661615367,2.619609843711464,-4.548403981692937,-0.0898639334707844,-3.669334573101024,-7.428593802208803,-1.16910739290547,-2.1449593129206677,-2.723885850334654,12.005839071711716,5.733152880960581,6.780390872030842,-1.1968141550920448,4.172854761688077,-0.8610769607582871
214,-8.492441069106667,-5.2809339810390865,-0.6350934450723686,2.758796606745039,-3.3635512985745253,6.538498333826357,3.843875828085049,1.3155033706250239,-4.128816506084131,1.252600676551157,-4.205563509950832,-0.1852275826493088,-0.8764131239482335,-18.01351265761317,-22.25903529293683,-10.79785460841899,-9.258210750258698,3.557966540206452,-3.158565494821084,-1.2683339125039625,2.610519000291064,-13.444975491689176,-8.844190012435524,-4.576197629984544,-2.718445290108116,1.5532373601228606,4.897206495002824,3.100362417953355,-2.7141486693230665,-3.036165233777494,3.8496958917501023,0.44083197004332836,-3.4097055391389497,-7.357538729297872,-3.5899981406270243,4.367038938463951
215,-5.562164223239738,-0.7934667556641661,0.7354186806751757,3.405065068328867,-3.4257872315047653,5.624700889295461,-2.165121093392372,-0.8898255641819263,7.301208256458749,-2.4941514286459707,0.5098214685460742,-2.9559163990981725,-4.7580506001808205,1.9532692887041034,-12.582013685636374,-3.3314064935762056,0.6737639356632622,1.352111900035216,-3.1685712344336268,0.2856304329268786,-3.9831607606337993,11.843008922070872,-6.8890804970751,6.3678867357726,6.8880858932222635,3.3732312916188825,4.759398552836204,-0.5604444231305804,2.685342674200632,-2.114233949658822,-3.79722346091757,0.473857687444103,3.1399856294904436,-3.7945961465640945,-7.91581281837152,6.356867722102574
216,2.8390404559215723,-4.879549104492275,7.2613301123587455,2.4951273126869786,11.08031539284453,-2.249175424478492,-3.7032825527142506,0.108172456980968,0.7515978867910347,-0.5484477968848481,-0.09192112970108889,1.769158780878904,-5.671800977113295,3.758645225544365,-7.769549863070858,-4.876330007703936,-9.007873724917976,1.5241875484281657,-1.9032446559594602,4.166242180430159,1.3552924078338,11.528912092806126,2.7225414551034266,1.3747997911913055,0.1600397439027319,-1.6160527783997205,-4.639121790321505,2.974898643335518,-0.19534047343293015,7.538307403043216,-7.6359116799977365,-1.2455920808169307,0.3391944112218156,-0.37504382279454446,8.016515595572335,0.07601503450043347
217,3.009680980322312,4.417216755297719,-0.9901254140600866,3.5933171018045775,3.4268217062463564,-2.10292800166169,5.69488613702813,-3.6295152726222057,-2.2148689116750444,5.7703972182103564,2.9972260910637525,-0.7680303775230233,0.6698314079216549,-3.6443373475755965,13.100072656358991,-8.604647340823194,0.13572696885284113,1.9496006618957131,0.3766279561179025,5.066243103876406,4.226146962569684,1.6923324952320176,1.9254646270858997,-1.3381778673858058,-4.5481761952444,-0.5572226558412824,-9.56361605196583,-0.25754602709595037,0.11481059768370219,10.479202697471697,-11.659915648552836,-6.189085544372092,-0.8104731209424078,-1.4376139519165974,9.310180128837118,1.6165782201046845
218,-0.0512524420509533,2.9678699340747325,-3.1471451210732364,1.159681848725494,-1.8344566697368816,-0.9253744257956135,3.8530434299146337,4.030803394560912,8.627844927262286,3.473200234679543,-2.449774606799593,1.1559678012011003,7.98645872151365,0.8426818336759295,-1.6158109416767044,-7.617130885318834,-6.842528025904785,-2.2638572332810383,6.419456689333429,-1.5536617589544277,6.331118604358362,-1.8737054284738035,-4.057154016835349,-0.49204066274117453,0.34255875738299624,-0.5603698394736465,-1.0840925945311177,-4.39320500214033,1.5615435887356193,-6.4210255115616075,2.1532260264669145,0.48255313476737666,1.521257648662645,-1.4307614540567204,1.461639935264782,-4.5963751710191065
219,-4.214246617288006,6.6591392250693575,2.324983530506796,0.8599099325282233,-2.1635817198120817,-4.434372605679899,0.5932669978664846,-1.8603620869772775,-3.0112298733877894,4.325218822731047,3.6275521352583047,5.805668147242799,-7.991077549603521,4.427619823311665,7.56710164400996,3.2720774570289923,2.3947513127813536,-3.7526757394780916,9.833052314057642,-7.039286952845904,5.278942973942173,-3.2096120374543324,-0.01876491794780809,-3.19479808120095,3.0868086100232843,7.027665052030768,-2.966942143683531,-3.5859750909160595,8.276457334051328,-1.9382061246706515,2.774031174426176,8.485667471982994,-0.11267078409389573,14.155958100241058,5.1870486459561755,-7.861009476136188
220,1.784086755343846,1.8819899174327752,-4.801835195142395,1.6996433214873683,1.1092493862521893,-8.42150535069558,-0.9345150633848139,2.2532798007738832,1.9222686047456703,-1.3199905205746085,-2.3228704020076867,0.49042533246838316,5.721908545007511,11.827046991002803,7.987465345129674,-3.4564586342597496,-1.943447432955917,-0.45607621838547746,2.9985856632797088,5.0786379326363,7.1438047117268555,7.04133279956117,-3.454732280908799,-1.5411227321138188,3.38589938076175,6.376736168350492,-1.8664582031113761,-1.5534206353584115,-0.5571330911194792,1.0030611072267805,-3.4128250163428637,-2.6241162991037172,6.064494297098444,-0.8699807010743082,5.179751661663153,0.3184662506896622
221,3.5918804532563198,0.7963133527308094,3.561668646578886,0.6277194351566081,1.4959991227607339,-3.863034892485154,-0.9374017367253498,-1.8744261450305277,-1.6986669496614106,2.778361652996771,6.86285869001734,-0.48889029634242154,-8.84933903752541,20.035040571373337,15.591192359827003,11.680026959399788,8.47258752097889,6.210886013751128,7.750451768539389,-7.0905205351965765,5.913004026729233,3.57637807654635,15.845630939517703,0.09393430121090947,-3.42862063159748,4.612338712629007,5.633896747413947,8.1235952757451,-0.6707734775786497,3.621044424115395,-10.132961493365618,5.412148977268715,-2.4851984880408464,3.406434621129717,0.25015148824574995,-10.777657727805936
222,6.302206492849758,4.656480251526346,2.3456068026015955,-7.562344012515886,0.4591041336558303,5.070420638639099,-2.2467737054946473,-3.989096820658567,-0.08731476772500545,-2.862165845170313,0.7749319192288178,4.557175589763388,-1.6083353313864495,5.085269098987385,7.080028089333553,0.521837724714863,3.5796585934502736,0.1727675388053972,9.54332021061255,-3.1144657940888893,-0.9408857420999177,16.83052406821172,12.508201553923438,-3.8902357619027703,3.4905152608241354,2.18452678377531,0.09565244432614774,6.46291096508503,3.3705623958792006,4.234561193354276,-12.115722051688603,-18.705302099792323,-13.18492744285233,0.7142953410440561,-10.986219638464402,-6.862492792460383
223,7.53277566724894,2.1170969118877334,4.306072782497017,1.3281620547023354,4.2033336229470315,-2.6874201674850617,-6.107001405589434,4.773624818543999,1.859930543266997,3.7836842780210533,-0.8872087007882644,5.42574443379227,-0.47314979204413843,5.68720093430305,12.288301273268097,8.702013181788582,3.623763159829743,-0.10038728282159688,7.856880818702737,-4.187132967826055,5.221404768982712,6.171639330533086,7.680964433188949,-1.8051827683740733,3.443836398194639,-8.86737618154409,0.4338199675691371,-5.10054713365983,-1.9434786412332739,4.900928073999833,-5.095342166569768,-14.43090537859469,-2.0550490277154103,-8.978961105249367,-2.3345278087927372,-1.5360855129072253
224,1.3965589428434566,-0.1735275562624542,1.7293712946833397,0.7776034291909666,-0.985402694770268,-3.3966299553914947,3.917095815648838,4.839607418799887,-0.687449615828845,3.2621042363497676,6.048987632503315,1.2853475590141452,-3.5447354766787313,17.393323816511096,16.9529106908915,5.1196621562145195,9.49940287945222,3.2031302141899967,10.201688257407168,-1.6295752835517028,5.269019301144445,-4.812134190481537,6.877118533743279,2.500289405791127,1.0313459875024096,-3.4932401130089956,5.829829498213165,4.139990888383924,4.761164857720842,10.48526774833397,-10.677260581327944,-13.25890974244293,-11.802510825955139,0.9702761562503114,-7.208392684557,-4.221623072210623
225,1.3600886503272518,4.041354944207231,3.6877716797955182,-4.65937135049275,-4.733659988763381,0.594370245325322,2.75524116535576,2.825498252194755,-4.556613060892845,1.1200459730260226,6.220147492173983,-1.9886512087315928,5.632570230230993,4.882698320004405,0.2800881893050914,-8.76889972540797,-0.6655850142848735,-4.417528340783046,4.302624606660435,-0.41323624053323754,-1.2837925577650264,-7.806922079349051,-2.762089648417064,-1.7058789223736646,0.39289744015859096,4.971173583853002,3.247557900998057,-3.7575499996238824,1.6988242721679259,2.7758953881507016,7.615294606557915,-3.882546099473019,4.916024957992593,-13.072527150718534,12.809223559437966,1.6376663318702154
226,-0.00261632611556929,3.7661367772736263,1.1664762475660868,0.17397658314023698,-5.672168974973718,0.9355008705538146,-0.554156304622183,-6.056346133503379,0.6002316313738726,0.5542504363978396,-0.41360727135015996,4.284164301899015,-2.7096786182753894,10.824979235627213,1.4410970940881846,4.911234063761575,3.1320673075257517,-4.228236447791664,2.2389958458667505,-4.758685274999969,3.448705078767879,3.4578846705203152,-1.0221281804676567,5.002021270138877,-0.7728556540547585,3.4652259678256754,4.819671328578677,3.7400535973815288,-2.994691018419036,-2.1596106047532997,0.6364119369156507,-1.2023542827489424,-1.0424620107728608,2.3173545800073416,-16.41756738935198,1.697038963132975
227,-1.2081285535681003,4.5643734141271946,1.8675407999936415,1.499577174381334,1.8555855161073256,6.861684622813244,-4.444887364777375,4.525468290460353,2.5045278668403625,4.505153171566068,-3.0525705303464616,-2.83348104905109,-1.3037533407308617,14.122655854997586,9.86909158923188,4.270471968212906,-1.7546842385615622,4.259651488795573,2.8447369844937813,1.354717564826109,-1.5229087776067305,9.523386122012624,3.6008112871525237,-6.480496315019471,2.441107006401432,-4.17121608099159,-5.940453508374643,-5.404114887422445,1.9893180407887818,3.137993963397279,4.06844780396442,6.291591406780846,18.725004992314748,-5.7376775826726645,0.7962373227489238,10.259539321977265
228,-3.7783220495496477,0.6733028975372412,-1.3672401381998647,-0.9718988051219862,7.854381673190058,-5.538065145818555,1.6500315838398374,2.0166631602511114,-11.656070072736059,2.7218910236747895,-0.23222420566088084,-5.560618581516402,5.114292636209605,-8.679852522149378,-4.658642474485903,-9.975180867641251,-4.56932709989499,0.5633024086757582,1.858562549766229,3.0945922489068947,-0.018748788201079076,3.9141944464372127,-0.7027821090756631,-1.7682094867056122,-1.136910384710954,3.920577974951997,4.958387074117758,3.0653297736936684,-4.990441490801013,0.8660819931906096,2.9699126950332095,4.379414628050765,0.7066397055679438,-5.028282911193614,5.151878507769838,2.555930725469881
229,6.792680556068615,1.240742214480225,2.6754980950939413,1.6705436825144047,0.03437484375068119,0.36959187929727594,-0.5116304283847615,7.125234572102829,6.334231824899207,-0.5087762935733309,-0.10258465813358827,-3.728640982082912,-0.28150626773736914,0.9814617621655367,3.8256911258308257,-4.131844927233701,-1.0906190753591305,-2.7337813906523647,2.9109502176241,-1.4016380858968716,3.882019709909753,18.709360105650767,-1.5186439439350246,5.061240999826363,1.242056846542626,0.3899248260624555,6.823597584451948,11.906756312263255,2.7644407058856926,3.8243946557750506,-6.270430267465358,-6.5937402242300465,-6.46950381883059,-3.383289420787169,-14.034158259021993,-11.62847183533583
230,-1.5122679599693842,3.4125597628726796,1.6668699858139973,8.782766001869222,9.903357250045756,1.8264200334646263,-4.3244428233224514,3.921193220785686,7.579185401906773,-0.04118586133937446,-2.8404265988846213,0.7552833934219516,2.332711538489984,13.304113364341308,3.3592689669862086,11.545509878469973,1.6585860255421425,-4.040606356396967,0.8115507346026751,-3.4808566656952,2.4697191411135146,8.210734277355428,-6.099846471025019,3.495587684670273,1.4247597151873064,-3.3341360773359026,2.0132065166016013,-3.493041661929111,-1.6742775758766397,6.163474928359596,-1.7413005463931026,-8.722377246511835,-5.140010275402847,-3.2535341391149832,-5.965046770870686,3.9092130940787646
231,-0.9324975074553976,3.209079634170143,3.1945081274120177,-2.641768692707529,2.025723839292721,0.7990897200545486,2.7777808428722985,-0.19125715521525363,9.582242857284692,2.8338326213320677,-3.6224038103709417,4.01607188278315,-3.9406584589457023,4.557030274551742,5.516173858575675,13.835267000052394,11.044606561107296,-1.5342512766317444,-5.527064128797882,-1.0801075198212449,-7.401740932342958,3.7806335387333316,-3.747281981061916,3.7435929258258973,-14.859437601298701,3.5921218383068942,-1.7601091484634244,-0.6735753222387664,0.5699706898660076,-3.0237568726344985,8.875149190425873,13.089967333540624,7.235258747120293,2.912410873539594,12.02101177463726,3.5360952275139943
232,-6.214215221453686,0.20348948057816954,2.417620461662205,-3.769016275600511,1.1536840912030668,5.846286967092631,1.8775411029251254,5.784414504863778,5.512282517491554,0.842085639889143,-1.0719864590245547,1.888793437456598,4.3986228558481955,7.035120301708883,1.9728508409188719,15.535301133077972,9.478676938888977,-0.4574566827136643,-0.3496211388585519,0.32776523609550634,-2.66152224400822,-3.4243483849021854,-4.621209876877921,2.494627934215324,-0.2895153259136239,-0.07632113537009881,3.587981150618621,-7.924458701011478,-3.7147490333537667,1.775648378596014,7.7945502546368814,2.0862644539803874,2.964349941331513,4.99197861126491,6.011755606349634,2.3678412242811553
233,-0.43725550018859155,-3.0124943536155078,1.9088327507583462,-4.338700327033899,-2.0237368469943804,-5.456169863668632,-1.0013389158613828,1.1036072873643465,6.437480226463201,-2.954478385193007,-3.177852433412431,1.8301224495683397,-4.82916550611963,6.754158564976284,8.659462981534247,-1.8091918740953719,4.401492563437443,4.926313765194951,-5.674148452525237,-0.09443942419424349,-4.5132064977470705,4.3033319063940825,9.872687389351883,3.583875081977066,-4.75127995090217,6.364091305404293,7.439523057061798,-1.8534711850236874,-2.1864870620929464,-1.5553510225549037,-1.2927513450992352,-13.390489322190382,-7.275602622907989,-9.5992705481393,-8.81547240274293,-0.5906643101147243
234,4.73903627176674,-1.939719213514912,-1.5917837765752052,-2.2854691768179136,1.4592904320784978,-5.270837709611776,-3.5131312185632333,0.8679976438989445,6.030635490367303,4.083523883199205,1.6476597497809906,-8.871431305700419,5.552489109185277,-4.369276873007113,1.2437650427526357,1.2437818172026653,-2.4051674531430614,1.3924132147613837,2.0989863963759676,-3.7140150495937894,3.886713918374509,9.94439889521015,5.490025946224223,-7.4162467412118405,5.084316192841043,6.44070093668237,1.6582394035495058,-1.2101111363391488,3.4651192397791513,-2.1780924578102265,-12.673070507694264,-15.543906912511709,-19.428612419537135,-17.058236183560624,-3.9622451480554073,-8.88478911196699
235,0.05772187515180938,0.6096564993566397,-0.5957780535123787,4.254006558230945,-1.0686203686102314,3.068428163625756,5.7893463957066436,-0.6203564251107829,4.786764035723647,-0.15383386978765531,-0.8771888473812415,2.38437658426713,2.203253216281229,-8.106320178934507,0.5494162853883238,-5.959367522950835,-3.854986907268057,2.513469163252383,2.240362392396343,-3.791565032637849,-3.551323437873198,-1.1460302253158725,-1.2902505522669883,3.5313717607332737,1.0282173901036078,-1.0393530581982768,-1.5464811896791264,7.982902871406808,-0.6038441976190222,0.8810458815827662,-15.654727197727379,-11.402624011039734,-10.381358917878599,-30.31298808662259,-6.9885767487695025,-4.055867423474485
236,3.8236963852327697,-3.1114733243475157,-0.9696499814792555,-2.2807536316769466,7.9250946998292084,1.7555183543234456,-1.5672443265817604,-7.937298191673293,-1.279171767283459,2.6092873138128496,-2.551147206097233,1.2244999347900858,-6.190951799859806,-1.1331062900776765,3.8656817869264253,3.715025552377409,1.404199018162124,3.617261147012516,-1.1681873859191427,-9.354967601808758,2.296508938074112,-0.5789708271242526,-3.256233949442299,5.549635114110246,0.6948731125769566,-1.1944364485692005,1.1935785406706285,-0.5144706316748444,0.02500801092507888,4.517486592944787,-0.8023914553377093,-7.345548735589397,-5.751842902631176,-5.965570134775979,3.340688024248396,-13.75011982540695
237,1.6284987245287215,2.5364297835194334,3.861996750442349,-2.3951596179786994,0.9641014921421908,-3.344216952518541,7.885889868955223,8.725500931545179,2.294102048691438,-0.8464898530926023,0.8903621521122678,1.2604019882119433,-4.113182935179497,6.993968991600737,7.161729537710851,10.406537120287515,14.771064338179267,2.2000844478607178,0.4198940493622605,-3.7046176912833233,2.550918588832933,11.220329743676952,-7.469710632246368,-0.7877505941658604,1.9040212742224032,1.6980599146716449,4.853287735763861,1.52456062788866,-0.8524867687184288,-5.880965628946314,-4.435449120949726,-19.484952256387594,-15.630922045026507,-3.196526352240115,-10.851620164452767,-13.963289022445679
238,-0.4641772508621216,-1.715637125226916,4.509190671297969,-2.725145279600912,-9.027583516678032,0.5752781709770158,-0.5844414437911949,4.137305546323864,-7.174403950419961,0.9767988013977907,-1.695107363620583,-10.031140769014554,6.711545401994063,-8.857563399082544,-10.746037178805896,-2.3979851925859648,-7.360252553102922,0.9669169906754883,0.03394901205082329,3.797695898279852,-5.981864597116198,-13.532766944367667,1.2185281752323618,0.3167862715769787,6.969573418704831,2.4216838679751573,3.3586310361112868,-4.33030306198159,-6.27903214036202,-8.182014891079493,15.822614144914004,9.134968114142515,3.3413462264805425,3.7840653329479452,-8.69513706771695,7.113255927757341
239,2.2251614213598017,-1.2475500280151561,4.086993157559512,-3.528155523447358,-1.7347115051685547,0.05577666719197011,-5.452627995944753,6.420930530343737,-1.2180985371981348,0.8312712518536315,4.018468069786928,-1.4698818256052173,1.0571496079162674,-3.0347347040565644,-11.259132316526102,-5.142076761138682,-5.050797357242935,2.862540161123081,-13.135111800870117,2.851874528186662,-5.100104516252997,-2.4844105645101897,-10.541561222198059,-1.6263495555945806,-3.8554254308038827,-0.7887934862769076,-2.903785336382535,-3.660573775518914,-0.36981914025180196,-1.9018365710365528,-3.2211844398050893,2.7997695475208517,-3.3791330773003248,9.480376866399025,-7.601330740111215,5.048578673479509
