Timepoint,20,48,57,63,78,82,107,108,109,116,120,138,145,148,150,189,212,214,220,230,241,248,249,258,267,286,291,292,297,302,312,318,330
0,-1.7977105602622032,6.480483153131273,6.3141192063689235,0.3721252924038304,-1.223448682928251,1.6145328544080257,0.2946514581761709,-0.5361143911993781,-1.5847978231518767,-4.8906883534997005,16.063902895117916,1.274180276878178,-2.423188461860021,4.584252769777248,1.6290471801577613,-2.4570304262969227,4.976702676262966,-9.134981566951389,6.429494544517162,2.0685753240471794,2.8777508780241328,-1.409030787291981,2.3575935534974364,-6.366763333721859,-8.767862768967946,-0.6296834044678267,2.3976478914535324,-5.498709376468215,-1.9980386691849406,5.223739697039127,5.480646447437565,-1.9380688698341448,-3.700570861143725
1,0.7217582195997239,6.209860666592916,8.965083533525467,1.4507400790850322,-3.295050443543328,2.122647099941969,-0.7428072109455015,-4.443473702816423,-11.427957555582356,-2.554966985832813,15.783507679784021,1.7497064754366876,-5.476905262470245,5.700894954592683,4.533117865407189,-3.2614235864745247,11.147229308305784,-7.477112175453277,6.221037332401719,1.9933269648324876,0.4275825670424928,4.926571444386528,6.989609155249088,-8.817784080418145,-10.500119152085649,-2.3041963674301327,0.21410011482793231,-10.200519097059273,1.2857888370025448,15.644452381134034,6.927053155922672,-3.3946262862947254,3.049579708349137
2,3.4074532471597196,4.686229776715239,7.362612196803093,4.2440707021289406,-3.2585574140151343,1.1643398091197015,-2.5912446495963306,-7.275043654060641,-17.943579607231673,1.288995060809823,8.513420489638351,4.82906441539526,-7.303942364123133,5.709950994851804,5.237495891230051,-1.7677569283379448,16.57108273651711,0.36024966055438634,4.5481394390727194,0.7068823881092525,-0.25247201767373595,10.748184582307225,11.304727310829975,-7.973233685260865,-6.4079812871085275,-2.78686246483825,-1.8502685853908227,-9.59427990608437,4.415250053492988,19.743578243255616,5.390816160818425,-1.1427570316526625,10.569607623276257
3,3.925575339049101,2.745506609810723,2.5454810082912447,7.495508677429623,1.192639584114982,-2.2645435467362405,-3.8843283627818272,-6.874195908737737,-14.983122757527717,2.9696161157863084,-1.3822057441223499,9.22374137043953,-6.591360844506157,4.231122046015983,3.0104598664613658,0.4369385775592592,14.816305227057878,10.210878853287015,4.084106845911159,-2.7537681389422644,1.8878999244659505,11.39814077033883,12.088141804045819,-4.482337943664411,2.435839827855428,-1.5563243308732675,-2.731404565101446,-2.071289996075076,4.733768876005963,13.537030640989542,2.226409483246687,3.338073134008381,12.653050141675132
4,1.5034467473626136,0.8352811833222707,-2.02733790576458,9.125298081586758,8.677196581496133,-7.136393445730209,-3.5714373047940615,-3.7876612561386684,-3.415000548889471,0.7519055286119151,-8.013500144315321,11.529146738350391,-3.562991058246957,1.1289383755173794,-0.5309951572224151,1.2426809416876898,3.8657279974824292,15.502061714019094,5.535175454131393,-7.421681401807637,4.578302900207803,5.397594274509521,7.9639664634745175,-0.3771444032105004,10.946367274390326,0.5813460433205893,-2.286660449449406,9.511694246946378,1.914611230536205,1.0889458790421487,-0.3908047414407497,5.42173711127705,7.131090226627531
5,-2.149064691737294,-0.8724945982297262,-3.442791573703289,8.035081319510937,14.334940414296256,-10.0957146063447,-1.7289765368147594,-0.9746735574201096,9.142563265423442,-3.3264387374700504,-8.247158671534338,9.021961204707623,-0.30422024064593844,-2.7811420941075613,-2.7005932899408562,0.14575959973865085,-10.998132230237474,13.030258219866525,6.787729722122814,-10.220224830366316,4.114431100005799,-3.865977856374922,0.5902685320123713,2.0403590399726497,13.743550212890842,2.3179874626356503,-1.393630493778822,19.11327771738518,-1.6850396714559415,-8.310391101241112,-0.9216354067732648,1.826722281674544,-1.9092568858038812
6,-4.132471477240324,-2.0219413999882008,-1.855183905363083,4.819296446111467,13.526685500144959,-7.987688410282135,0.6388897437874864,-1.2943006599711817,14.499539335106695,-5.2824356639108,-3.6884160547755487,2.271036432031542,0.5491621060503854,-5.616462326327036,-2.02351891058822,-1.3558915595213572,-20.74861491939356,5.7678139209747314,4.922340459601823,-8.21528377703258,-0.9505155416245156,-10.343767303086462,-6.482294209459995,1.3000089326282827,9.568024986320072,3.013479907845342,-1.4715975911118264,21.206412022890046,-3.22156412136264,-7.686113089323044,0.7795013134799352,-5.580952373229795,-7.630312151142529
7,-2.828858848963864,-2.0873761150572037,-0.1506120353937149,0.8109494232469134,5.850876167085436,-1.299394679814577,2.4177410079211725,-5.112701156804728,10.375168481538463,-2.9865691753667454,1.082570331041203,-5.0966991007328035,-1.9841527627574074,-5.553462070088054,0.6115320269451585,-1.5314623382356432,-19.854047886160917,-0.1457595747141611,-0.8478345815525499,-1.6136036813259125,-7.999209751474097,-9.91696512158073,-10.221587692803524,-2.6077619354899335,2.3379750152428946,3.0222566838181297,-3.6657539938771446,14.384588973466741,-2.0032790695748677,2.0319315612316133,3.6516389556047395,-10.835636119461721,-6.469777422291892
8,0.6318929642438889,-0.9981178204218547,-1.0322991665452719,-3.21021578543716,-4.271930629677243,5.107366736233234,2.9469810869635604,-10.125606453782597,1.4687341867491257,1.779227345315523,2.3209515810012817,-9.379227228835225,-6.051225861741437,-2.5176888357761293,2.973739975413611,-0.40768355263604056,-10.697029356346574,-1.2194785152872403,-8.089387795259785,5.521048641630581,-12.396362056123449,-3.6335637572975386,-9.767732184380293,-8.197938110406806,-2.2753412667247983,2.973473399184471,-7.969359604815065,2.3175168661617263,0.05197297072992092,13.196071019768715,6.052382149347445,-9.20160698890686,-0.9903462245350793
9,3.2411171346902847,0.41320769588152567,-4.330536901950836,-7.071455433964729,-11.099700103865729,5.512660590186715,2.0018939608480872,-13.280054348845814,-5.3188310459602715,5.029015836674113,-0.2655085048010183,-9.644337449222803,-8.204956555366516,1.2316685748654743,3.604959392443646,0.2567037926779853,-1.1367884102429069,0.59129275452523,-12.88134137229171,8.156119010278157,-11.51158568484986,3.213033737880843,-6.281983764881783,-13.049057242346972,-1.6629283136791653,2.9268085817958034,-12.733511169289434,-8.648063006789185,0.5881480014905697,17.941416159272194,6.355191128646455,-1.7078524401618376,3.0446839199534486
10,2.57452712059021,0.9078655860490269,-7.1691191896796225,-10.152375995698902,-12.03516160382165,-1.6169673830270768,-0.3542570050169782,-12.860313640084378,-6.665222985799923,4.343162125626276,-4.014510017494823,-7.737298587709665,-6.332210671239429,2.646519660949707,2.9295230868250823,-0.9560200889905294,2.3954577598460887,0.7242253231150764,-12.778667215691057,4.601172685623169,-6.838514770599121,5.4716133787518455,-1.68598761457078,-14.895971317116807,1.9312019262048934,2.3422167585339655,-15.151537450247032,-13.55431179667628,-0.6509722136869663,13.961138112843036,3.5536423659906156,5.681852287716335,2.3370381946719827
11,-1.2641584349796176,-0.004334382216135661,-6.835370203852653,-10.943717106348938,-9.168122539255354,-11.84997481405735,-3.59361940658674,-9.095639522339022,-4.5110954683880475,0.9930287121340285,-6.009917871896611,-5.784966337867081,-1.7094364132318232,0.5920802451843439,2.371557744436486,-3.3087206138504874,-0.2071689970271532,-2.7462343793539774,-8.505395088084908,-1.7812209349303019,-2.2673525084999016,2.2623130962962197,2.3219250104528792,-12.909764246242803,4.10242540968789,0.7667507012916166,-12.88448824438938,-11.719674010609472,-1.6078059135413751,4.865440499782562,-1.9999921748914369,7.586611482832167,-1.114549984889371
12,-5.791299819946289,-1.4522279156578912,-3.519582326710224,-8.35354831814766,-6.862538912230068,-18.357482200174125,-6.511396279058805,-3.3965575686374376,-3.029815668283507,-1.568575724612835,-5.341279502178347,-4.130426079034805,1.918210637072722,-2.7415089610704158,2.562987723322802,-4.489246647722191,-4.064364542794782,-7.026507346403031,-3.202344363511995,-5.437604066871462,-0.4265755142303223,-2.6755656003952026,4.442479191942418,-8.391193706814835,2.601265252298779,-1.6740225276281668,-5.9758951248124585,-6.530270997868028,-0.31266315681178397,-4.091170448064804,-8.150076966460158,4.021431565284729,-2.578113465082078
13,-8.092656512744725,-1.9498886982599895,-0.19270424991846086,-3.5955029221044645,-7.901312025388082,-17.71199499219656,-7.679241703050892,2.5388473934212397,-4.569094452747079,-1.189607597367708,-3.1003355827442434,-1.926000741124153,1.6815647628572252,-3.416535031656886,2.6072384243787723,-3.0922851988010938,-4.902268814486127,-7.696031366075788,-0.11646380119545516,-3.6894452969233194,-0.7706623863666615,-4.5891068535191675,3.780007634391176,-4.113782465457916,-0.951196715566847,-4.5202867762987005,2.527926586741625,-2.5187018125556238,2.61826822961249,-10.176322144269943,-11.619055209840399,-0.1900781492392222,0.3089546532857986
14,-6.845846849679947,-0.9087312353981866,0.28432983383536337,-0.1857533073052764,-11.565711979236868,-12.37423428222537,-6.589444765230504,7.043083340579341,-8.285710569037947,1.0511348186234055,-0.6600612900977911,0.6171142682433128,-1.639380066924625,0.6413544312466023,1.1683866315802862,-0.28090117010805343,-3.05680411014446,-3.4688096544816203,-0.5708263862964719,0.7811434854797664,-1.0124175761370582,-1.9396992162579583,0.34756692319593213,-2.3941621144370333,-3.302975120809343,-7.450348813000113,8.228794796868812,-2.050684413244558,4.165284687062589,-13.656886507570743,-9.999239593017393,-0.6349393443928825,5.106484863907099
15,-2.880951757915318,0.617593303653929,-2.0269716683775187,-1.165496872531043,-14.783237981796265,-7.452418206259608,-4.410186788476095,8.690452372482003,-11.73636701356533,2.2567713177481363,1.6908166997654492,1.387204220890999,-4.1278074264526365,7.151708764045737,-1.8278567284172358,1.352309645546807,-2.219450056552887,2.460159093141556,-3.440563756366109,2.610232736737955,0.06505327275458803,2.527346051874615,-4.3158498469819415,-3.172217302932972,-3.080239357550939,-10.144394228754695,8.429919535337492,-4.067996789896211,1.842298333237811,-15.383669981360436,-3.816751514993063,2.2472542221140532,7.086987350668226
16,1.817147776670754,0.8338472048441569,-4.190720304846764,-5.8260488543245526,-14.723870873451233,-5.102703063189983,-3.2086186547104907,7.0033115132950075,-12.927873636400976,0.8222400074781373,4.399812373657559,-1.587110511958599,-2.255221770869361,10.71556632012822,-4.768291537498319,0.6317891478538513,-4.9127968660620756,5.6967796967143105,-6.135532620341279,-0.8058616604123797,1.5831097851883857,4.644649708554859,-7.512326379049014,-3.796566352611635,-1.840566361612744,-11.629106613092643,4.2072589369707325,-5.607186426950055,-3.4951295242076967,-14.989213141798974,3.2773134108723663,3.971863005310297,3.9438774528957548
17,5.519916636496783,-1.0494781600104437,-3.2659802719950677,-9.473697165648142,-10.57292373975118,-2.4596044033765794,-3.958534859120846,3.1776854458243347,-10.941853318103524,-1.9941771473995475,7.277958872013314,-7.316430538985879,3.7666119933128357,7.216448991797691,-5.750385731458664,-0.7944474776585897,-9.811769685772962,4.832781106943176,-6.307570953701818,-6.420696458025348,2.180947154126269,2.7559333472024825,-7.08152940108421,-1.0932861595619014,-1.8250285307566325,-10.247381655282753,-0.4094408133695292,-4.61749373480331,-7.958942462031434,-11.69724497795105,6.94367042910762,1.0504813235667017,-2.0700236033825647
18,7.433170744776726,-3.9688959234704573,0.809410297870636,-7.262814799116717,-3.6651462144321867,4.590402665734291,-5.241915989939759,-0.36106551663820136,-5.688212081443432,-3.504292999589166,8.944154198346443,-11.770701043307781,9.941040570206113,-2.253303513970486,-4.42010820605034,-0.23876012232568528,-13.553070943022883,2.1522907815164043,-3.351726401683896,-8.250396048738843,2.0225559790083705,-0.9863556112561908,-3.2097086862839284,5.692021707936031,-3.149276293317477,-5.0350347591000935,-1.6676384715450019,-1.6789863275927166,-8.02371708412723,-6.257802245393395,5.570595040553954,-5.073657284180324,-6.487654059415772
19,7.473445195704699,-5.954378190305498,5.10514201708138,1.0321763803561528,3.3527802002098825,15.68467723801732,-4.3235696525108525,-1.8071432709693909,1.7952119118945544,-2.356819209187876,7.961813096390214,-11.352772307395934,11.814876341819764,-11.598463744618172,-2.364501128363055,2.8356201701694066,-14.561326545338298,0.5688110185520989,1.0935962934826695,-3.2686591733779227,2.599257158947752,-2.9916606836375736,1.441620704975534,13.594718677150768,-3.6264160914139616,2.4672846510833084,0.9623268454573876,0.7235692656317423,-3.810343236458011,-1.2039232679642737,1.6725420063225234,-9.270583672655953,-6.824388202457201
20,5.819412794709206,-5.932721376419067,6.400109457969665,9.964834876358509,7.620285941494836,24.598595001548528,0.0007128046780097775,-1.652886476627616,8.7253696752149,0.25617576944966647,4.515590692675391,-6.618869922310114,8.119214144017961,-14.323305127232574,-1.6210849314581517,5.813325289222929,-14.319137917008511,0.5863923111132213,4.106081394262092,5.256548713094422,4.484686143854831,-1.7577080840156192,3.7508839267365475,17.740084145127273,-1.3735485934548908,8.1511529829613,4.684639941814334,0.5950504569120185,0.9941996975642878,1.1936651322990657,-0.3268808068298712,-7.800297687451045,-4.412575974350884
21,2.8560208044946194,-4.555089757839839,4.048867638036609,12.644726353387037,7.400010834799873,24.324012424051762,5.542437672978494,-2.1967812360719194,11.431832788295525,2.025413531203603,0.6407554163489231,-2.0833255939185618,1.5162549351652463,-8.83765687325666,-2.753935163797334,5.56826975080702,-14.634467034492381,0.6340030673004332,3.583539772172307,10.441691882065719,5.849198555058622,0.9280915309985479,2.675222594687279,15.129283718946503,2.7666983266671497,8.069711991520816,6.136061048784922,-1.6832843381305074,2.5972445200129255,0.988384322822094,1.7372102243144338,-1.9779255439837773,-2.3971949106171015
22,-0.574839174747467,-3.231516246000926,0.3436072662472725,6.760913158456485,3.5076288014650343,14.034306025551633,8.140283128110374,-4.8485727920088655,8.28744729729586,1.875895496024642,-1.5735598522736582,-1.7713426746428014,-3.8783108323812483,0.12847937262335488,-4.349697465900072,2.158331721358829,-14.255160790543224,-0.10232585526648022,0.1554162682488907,8.109966314264707,3.9172376096248627,2.1173383799337206,0.0003795053096527749,7.343257258941487,5.74297860595915,2.1302865106006,4.422753280678461,-3.654270717570948,0.6093911277811702,0.20849249362945557,5.44602958094783,3.2315692139996424,-2.3667772639365423
23,-3.1826492473483086,-2.4452965325779386,-1.750610563158989,-3.1157935625976987,-0.2994538406531016,0.9801316082477569,5.550048194462207,-7.782722118288972,2.2944750955631568,0.7496213053548059,-2.109125007030576,-4.89435773640871,-5.593208050727844,5.404732099799222,-4.3528003096580505,-0.5695604178640578,-9.235447471571524,-0.19500850620014326,-2.7689440499904543,0.720898707707723,-1.8228672869662021,0.7940727046557835,-1.4448618470354284,-0.2686691247835392,5.2450469546847875,-4.788538180811461,1.6918667201385942,-3.000262963217358,-1.8154885401812995,0.4574794575572014,5.778776946227725,4.098241186804241,-3.17043938629684
24,-3.803330586850643,-1.1951293561193679,-1.134154099272564,-9.245335557394558,0.744974700278706,-5.031971683353186,0.1806388126640785,-6.745519158105518,-0.08555760910344679,0.20729040059932444,-3.110352719939032,-6.400008151121438,-3.793329604797893,3.347348318543545,-1.9021204869698756,1.3411924918492635,2.578387051127678,2.080733821505592,-1.333338815805524,-4.918272153252647,-8.200501165491469,-1.2980405943734306,-0.47156901118603156,-2.4864198303804166,1.901981766604715,-6.114969225816949,0.9104403867277988,0.307109045427899,-1.3118758812183287,1.2486051931977271,-0.06220833266653666,1.490480202767584,-2.841842998883554
25,-2.1803587302565575,1.7685828423334493,0.960859938710928,-7.1882346123456955,8.71007858382331,0.23894446343183517,-2.3678630670396292,1.0639300672120826,5.879578032465869,0.6035350519557332,-6.493094958538233,-2.2987627084366977,0.03912290516826841,-3.2300928162280904,2.0049679833789202,7.439227993951904,17.45284001702486,5.693959505785079,5.597870567510294,-3.9809519685804844,-10.751289266221066,-1.858485338233766,1.3850666931334963,1.8919073750333089,-1.6102966003947787,0.9786155436101348,3.1267747705759006,3.8664128537787947,2.223854347700026,1.0238831132650374,-9.378896763639116,-0.47895096904701656,-1.2331293317533674
26,0.7448797300457954,6.169117183155484,2.648779010772705,0.7669697664678097,20.39912524951829,12.158375787734986,1.8526589230793278,13.501586715149324,18.28702809089838,0.878220513809559,-11.330636879732442,5.577222798764706,4.655689394142892,-7.689968780376191,5.420200121610663,12.35166375901964,26.922210957075276,6.778605588844845,15.098881042280862,2.088977894612721,-7.890360811923412,-0.8029276444798424,1.3522575193263116,9.326909865865984,-3.479534770713912,12.745807344483774,6.76007566341134,4.890747020410937,5.475053184370442,-0.3853298336267471,-15.592450746675818,1.1769802669684093,-0.42194296534927117
27,3.3703319167718293,9.800859379768372,3.215546202659607,8.099998960892359,28.8278823385636,21.558416814170776,11.249292146868822,24.086446806441906,29.107045537510583,0.04199476020280705,-13.910347758337508,10.655375154316426,9.095073506567214,-5.418422385010609,6.86660000716531,10.423767466346423,24.146405449440312,2.4015402439094724,22.09252401839855,7.348647204538186,-2.6249738918974046,-0.521285545258295,-1.9479303258530638,14.47108162030941,-4.417627538575067,21.545039703679638,9.290456989476848,2.6604359977578116,5.01697352019752,-0.9394120559096336,-13.68769060693136,5.47424051248365,-2.5092842181523642
28,4.430195970647037,10.094979185528226,3.286801861971617,9.861519389682346,28.37013707690769,22.398422545194627,19.589396476745605,26.806267964978552,30.550531120494355,-1.492099433444267,-10.930140789165053,8.023671906813979,11.809841622246637,2.2708170940926253,6.022072597991588,1.3597014877531264,10.070878601351449,-5.646169488628705,23.12596879033155,7.259685917979195,0.22228295562115122,-3.192904644424007,-7.104012555264412,14.20366875900001,-6.2527783724996775,21.99049727722656,9.42266685047815,-0.7920653043791305,0.816072301711978,1.480329379439354,-4.704861056513902,8.752241439289516,-7.186240832010905
29,3.7013891287148,6.29512312412262,3.552825930714607,6.393467817041609,19.39997820403013,15.686812084913253,21.153323531150818,21.056013744930887,21.778015200481857,-2.3193117727547192,-3.014021773670995,-0.12282315045595169,10.810516885254119,9.540305908336196,3.441732291565385,-8.74262302517891,-6.359754300394724,-11.549872466496058,18.811720052430797,2.8547681264934086,-1.270252506783668,-7.942033191521962,-10.872101719075062,9.474532991102556,-9.125680130057864,15.157445948484332,7.6530133281336274,-2.4057863701221556,-3.5424261442044886,6.200592213869095,4.9133560846491555,8.376150124602848,-11.572662038462502
30,1.935513024777174,0.2545257714059618,3.7909271627664567,1.990952242579725,8.044840962688129,6.751813706755638,15.48448613810739,12.149789907211481,9.488929336847262,-1.6998033246328665,5.043213755585427,-5.82973708063364,5.481747914685143,11.325221283491267,0.05037901879743088,-12.396156612700887,-14.509594317092452,-10.646995921929678,12.82069651193397,-0.787574827671051,-4.193745672068697,-11.004737198264117,-10.494857807108696,3.7815827611016064,-10.615416273640262,7.0627295173877895,5.091632637866708,-0.7344984231993209,-4.138487208543754,9.569591937959194,8.718785771509497,4.958140766739638,-12.436697092084657
31,0.16965779922902585,-4.852056698583894,3.344799447059631,0.4522019657823775,0.9196425689591302,-0.5037964671850205,7.360179069565564,6.7863901347615,1.585885661285977,-0.46810090403224147,8.01938451653303,-2.7567234953865407,-1.7531500551435681,7.671991920748423,-3.0043984221857647,-7.341797288258871,-9.684088695880979,-4.041224116370792,8.456436351981274,0.02422194786015011,-3.7349604507710072,-9.109677206902276,-5.4637064613560415,0.03644277409809392,-8.050748724200659,2.953606285328089,2.1781032445818878,2.808111925457799,-0.3484768925643549,8.18265459537506,5.597071103206495,1.1917107059723802,-8.643542757590435
32,-0.9846001537516713,-6.734166269004345,2.3280466377735136,2.0046051147768997,-0.40278724730014803,-6.3573723392561075,2.156553767258074,7.529176585896071,-0.003345905348312023,-0.02853455377179523,4.767957662427148,7.454882225394249,-6.3337678485446505,3.267006509525831,-4.404496898484784,1.377651393910249,4.084492833115334,2.2556146411668685,6.048628620283548,3.825490277437937,1.8732628923781374,-2.8930870878199735,2.3544447301550115,-1.3355942550228863,-1.6740598334206476,2.8455171366763667,-1.2757735850159513,5.192067269669023,4.616446207936217,2.407157927379012,0.2284312128293805,-0.9719399677382575,-1.753953112378007
33,-1.5525235424749553,-5.279575322733985,1.8616035317303612,4.101720028453403,0.060964813497331405,-12.81490883231163,1.1686918880881332,11.218906627144925,-0.25283080027546995,-0.5171432827794274,-0.8159157481304434,16.263997352123262,-5.040021073900991,2.7622704835132112,-3.2283177991116117,5.835762182871501,17.819317207779996,3.0729259642816724,3.4853962632112725,5.606886665026347,9.332948080402739,3.1429065409160795,9.861381339265945,-1.7482199530775955,4.853202359543906,2.4061118724734283,-5.031128518803175,4.3953029541082165,6.681869940423384,-3.610954703390598,-1.6555437678244056,-1.7127881108058824,5.3345424845105125
34,-1.856568143516779,-2.131222282515632,2.783807361125946,4.534016241629918,-2.4021314091152615,-19.368411779403687,1.3107933220339985,12.438886886419253,-4.850970175377158,-0.3233550272362177,-3.492846123007841,16.057877146918326,0.9653920829296112,6.310135582158732,0.07720099354899207,2.0273934496773616,24.213452564249206,-1.0143040148984819,-0.9476891430311425,2.0468483106011437,13.262899596006312,4.396428902943929,14.160039790133213,-2.425312597577165,7.494561541080475,-2.0075185687042945,-7.86726760309796,1.0975419629451841,4.509317776051963,-5.801753157377243,1.291781410938356,-2.22727607190609,10.183791564334006
35,-2.0219753250479697,0.7274079864637719,4.226138194650412,3.400204067428907,-7.872453060415056,-21.992368245124815,-0.8778775241680261,8.458595023598782,-13.337821379477202,2.2161365331605425,-1.6252780508163363,7.329292264580727,6.727192706531948,9.416974045509516,3.358589835984762,-7.0779436277846495,21.74661463984223,-4.611343360018163,-6.474346930204436,-4.947229194144408,11.257401659133587,0.276845206994386,13.682247019511587,-3.199035307256187,5.592222809791565,-9.34763838835927,-8.359216438822967,-1.996666010036025,0.41278343447824806,-4.1035384118556975,5.019328002522632,-2.8732853430426784,11.711794475714365
36,-1.8075691170990467,2.0916435718536377,3.9266697824001313,2.301419513920943,-11.553905725479126,-16.66585433743894,-5.283710368522784,1.0513283929159476,-18.837919789691306,6.601772419241971,1.4566863175741462,-1.7124171927571297,7.6194179031584,7.181690481513045,3.9304500009084857,-14.594139318996005,13.987887903701427,-3.2429891061924754,-10.603352449661077,-9.88318375746409,6.052616337512402,-5.175581000035717,8.88215462578104,-3.1600220697682078,2.5740413043234085,-14.863732490428658,-6.1582790599312895,-2.5066738904908648,-2.037451140037397,-2.3611097753047945,4.384117549512444,-2.835909992456436,10.150315424028252
37,-0.926285170763731,1.7615169773913093,0.4084265798330307,2.253589471181234,-8.96706239481767,-3.8210042990744113,-8.42812278757735,-6.00403030944425,-14.96928185501764,9.915190951768743,1.1402260231417278,-2.7516332062426954,3.2916028539339703,-1.0214773712809695,0.7283576262551684,-15.581128984027439,5.932418531456659,2.0642849008242288,-11.836185577303864,-8.817652136796998,2.7531244551881833,-6.760728627443314,2.2572599142155747,-2.177122472580977,2.7680342014465067,-14.902063142421634,-2.305697285851767,-0.24820328313250875,-1.2874225830522978,-4.113475513458252,-1.3923180597584421,-1.4835786564896505,6.744154836450305
38,0.43572516813874246,0.22839500308036803,-5.053554724156856,2.826932920349969,-1.2510265986124673,10.837504374980927,-7.477060123369461,-10.705422495686731,-3.034852521364079,9.145790215148482,-3.2994138137545694,5.039768594549969,-2.347219811545478,-10.676896403002184,-4.390828012727027,-10.341591670778062,0.7842027669729188,6.0164154171943665,-11.37259341208914,-2.9565531526293074,3.940231593365365,-2.478488578682854,-2.736538753230521,-1.5093736277847756,7.278517911831538,-10.547259695308153,1.752304358537807,2.965141763520795,1.0590413045592424,-8.51174170523882,-7.397886235539506,0.46354637377791935,3.4224497037274495
39,1.4258209657855332,-1.616579006964134,-8.939223565906286,3.1569274564584098,5.047911573780907,20.03012107750401,-3.693211950100504,-14.041265365710958,7.964870730111765,4.012055434459864,-7.320844683536263,14.480026462674141,-5.093611178795497,-15.797988145850425,-7.676090010376864,-2.8855558501349554,-0.9792803955632586,4.639208217461904,-11.984330507211906,2.611067024724824,7.426849594775667,5.132561178434463,-3.7470649639342692,-2.800145559194611,12.772294833925034,-6.463970092146895,5.2295697157726035,5.190699788027032,2.014059539248304,-10.677577742934227,-7.2347425469538065,1.491302332478679,2.063955000468663
40,0.9751746863126755,-2.6906166132953433,-8.422094869613648,3.1787598820196257,3.786146045724551,19.738379657268524,-1.5744058849608027,-17.86989358691282,8.921312404233356,-2.514531512593114,-5.2661389244157215,17.09372002184391,-4.419751488334603,-13.796049454877544,-6.330527395703072,3.0113975736829968,-0.7484017957088559,-0.6599881890828588,-15.209431548451269,3.596193031186149,8.661269157490832,11.61378433307012,-1.2914969702350332,-6.445938300432228,14.234003270334668,-6.256699483061945,7.852853378584219,5.970217640316764,-0.00994489033047746,-6.418305513262749,1.046506463027582,0.9463242110278871,3.3200949245975133
41,-1.3281906239688397,-2.1409274869494967,-4.116587305814027,3.3886909120612674,-5.029299127765828,11.15799358561635,-4.452738599079411,-22.215057154034458,-1.3383869556493537,-6.6266847845643415,3.7515790559524715,10.51794038489461,-3.5086284501685037,-7.306893338990766,-0.8575331143341786,6.147599718305799,-0.4374575531759927,-4.595432659699803,-19.73377814958262,0.08568410362516131,5.247872982887512,14.423827157134102,1.4460897548718656,-10.948341000370863,9.135834775202804,-9.120821780243585,8.778044361707776,6.157664823324182,-3.957197140266256,3.2450978368520738,12.733298850859084,-0.20077313648329842,5.9067771917297724
42,-4.623410684615374,0.03042502138349745,0.12402145713567733,3.510071968038877,-15.242218869924546,-1.131969614326954,-11.044094540655795,-25.021297097206116,-15.190983976042547,-6.80487219919992,14.05732143306455,-0.11368201896548272,-5.445182494074106,-1.6236064683559328,5.213239999704583,7.159934781657325,-1.3430285793404246,-3.211276275771005,-22.53896416758382,-4.083723255566189,-0.7782286836745891,14.407102929694313,1.1363650518271358,-13.887048677700323,-0.5478865173127916,-11.050725551538688,6.218247874531635,6.330633688804715,-7.262478690321853,12.282224953174591,20.019804003762037,-0.4429185421516498,7.408359436761765
43,-7.0435911357402805,2.690099435382419,0.44681551130488517,2.0202083769771786,-20.23786260816786,-12.392355152964592,-16.483933297599233,-24.449321726033855,-23.173852634984392,-4.729698146498481,17.87523692430452,-7.431121893413365,-9.603340052233802,-0.25099085791166437,8.107346853544545,6.636673384242588,-3.350737819144892,2.6521008610725403,-21.55722364298133,-5.08696921027842,-4.881153619035762,13.90134139713787,-2.6928325289107384,-13.65858196339956,-9.847079395254452,-9.120524393957714,-1.1489828353704408,5.651797639769177,-8.007145340849714,14.632864032685756,18.210067952551494,0.5355270422167249,6.331048526934215
44,-6.85758736282587,4.15888434516059,-3.5900865092873575,-2.41153875986735,-18.64416498210695,-19.64042804390192,-16.801653121302767,-20.963710063765216,-21.975135071333064,-3.272586771222048,12.173594696577204,-8.261780309677125,-12.04684805514084,-2.4543998318529407,6.727377012458652,4.60822691420714,-4.865404709827068,8.778618159748259,-17.191258380579395,-2.2643407675481977,-4.11833127445363,13.791535808216958,-6.894237345837532,-10.534109515387838,-14.197075725926293,-4.336465179400388,-12.033960712510487,2.599762048832206,-6.1212702707455655,9.430235394835472,9.173496215808683,1.4635726230012045,3.6186866142920087
45,-3.720726805925369,3.4079673184288874,-8.595506947487593,-8.930034176343018,-14.596063036388822,-21.786248278617858,-12.357998448174174,-16.8183286890041,-16.10818055064179,-3.6965020496484846,1.5190857510234035,-5.381289069354534,-9.57951908045345,-4.565114955569422,3.204200715519661,1.6139786144097645,-3.951205471920413,11.728592954664713,-11.46396400207697,1.9437522959141504,0.3729891193673966,12.586623901412601,-7.210412939812275,-6.303230372961702,-12.042258183161417,-0.28778364769248077,-22.007695806927458,-3.0173638365989506,-2.8843889134686167,1.7048095814883708,-0.6945454492801573,0.8756040152576234,1.957482792791866
46,0.9492203667759895,0.8996136241488987,-10.328427675459533,-14.352773810426394,-12.803859044445886,-19.294483572244644,-6.989957674974349,-13.549878554288732,-12.402424374292064,-4.814126508180485,-5.840795376966166,-3.770220175012946,-3.2675526870621576,-3.4427391987207323,0.7135999084905137,-0.6261386656098895,-0.25339767724535495,11.146816330296653,-6.0861139158869895,4.557045936584473,4.449955402100657,8.293111713159652,-2.095518986753961,-2.965969285586985,-5.214500470293893,0.7036410570144653,-25.811870865523815,-8.903252773853236,0.4016490342413507,-1.9890264585614204,-5.861006587743759,-1.2862051907512877,3.2245206435521445
47,4.8490793883800505,-1.7191029085053338,-7.3451114851981405,-15.552678035365211,-13.817422980732388,-14.179324227198958,-4.06704569589801,-10.359174145862113,-13.245577346446902,-4.709411576043728,-5.106317458457725,-5.660221499949694,2.2393425014283923,1.044466372146163,0.6409280679600183,-0.3416912290785048,3.9595866050831106,8.411553262777272,-1.611216151437094,4.34087121344748,4.319471438514426,0.9824858364604768,5.555929927115745,-1.538492763914713,2.491170875231425,-0.23038606874124948,-21.022324045037113,-11.523069072601407,3.218893295381127,0.9576219469308853,-5.586134753576139,-3.6471888422966003,6.448782395748865
48,6.306707420945168,-2.867254263162613,-2.031592035293579,-12.250750602339394,-14.24147356086307,-9.600990027934312,-3.641803039283287,-5.292398182112117,-15.050548176432764,-3.0121401263357597,1.2836140110049137,-9.044047654047608,2.979515113433202,6.314798140941664,1.6540396442246992,2.4035406827926638,5.1097947622454445,4.172162368184044,1.733852448158486,1.9940565739359175,-0.7233629087184338,-6.63651286420368,10.481998517158184,-1.7220285098727157,7.341889153586494,-0.14000281345012577,-10.02362128953601,-8.995747223149898,5.613004835640512,7.351209971681238,-3.3413261247844233,-4.916536661796272,8.423508945675124
49,5.2879669614136215,-2.1722259402275084,1.7267224829643966,-7.356763740380605,-11.166140381495158,-8.186520677059889,-3.371988612976743,2.000155970107677,-12.731328055262566,-1.2983430161379104,6.497986497660709,-10.354166388511658,-0.6934436778227488,9.347866735139558,1.366246029388073,5.370664411120945,1.3690891071807507,-1.8230328325714384,3.063714077306348,-1.1528951222343105,-8.065938789159693,-11.224692689875761,9.22824391817793,-2.4418171586059945,7.387808089786105,2.2908391467360563,1.4836460421251696,-3.0336052955583086,7.5205147128279615,11.237498635053635,-2.881897426233059,-5.1609837048583564,6.597001189986865
50,3.1627075623720886,-0.5788969066407945,1.9110945343971253,-4.307299064265357,-5.680208334657881,-9.890042632073165,-1.7161470157344167,9.021930379576462,-5.1490810693696485,-1.287274843731592,5.799330364826114,-8.086803038977086,-4.653229951196247,8.768439719150233,-1.1383836338686388,6.077572723229726,-5.25010786500088,-8.611410201660224,1.3936473491579988,-4.128009555595262,-13.763748589665331,-11.448442259005137,2.8136300787012627,-2.729566357484678,3.3473758581611843,5.313577753535017,8.270877792391666,2.0838893984639366,8.47791450961334,8.938118359865621,-4.868959360006379,-5.378747002946006,1.5144700024809157
51,1.5222644239664078,0.5475560810830858,-0.25718258577398956,-3.920261890937885,-1.6018623722924126,-11.565906177461148,0.37932054589434366,12.328460610190103,3.841130481209866,-2.84259644653215,0.43783084251159843,-3.9044918805360793,-5.023849498563343,5.313194965727107,-4.332901879451995,4.109840496381124,-10.119345759236536,-12.94677571171806,-2.5387919753096826,-6.193238639405796,-15.060559090147628,-8.817762468542371,-4.309698924105218,-2.33057955979574,-1.8090657465987736,6.1909994607747985,8.662661751342375,2.8774717242218726,7.951957347552951,1.851449902355671,-6.913446747675175,-5.920861045519511,-3.630041780925932
52,1.0685648411512374,0.47465146722065077,-1.8347601812332868,-3.871531769633293,-0.9275963770018684,-9.342197635769844,1.1080376694842082,10.87086093356443,9.261358381010766,-3.937616229750389,-4.428233624890793,-0.7216872319579124,-1.646004057303071,0.9275730418604474,-5.66285487454991,1.3343022770351833,-9.867591853578423,-11.638558620586991,-5.344310477722523,-6.44090624153614,-11.853635271614854,-6.145651424214954,-7.853961531786209,-1.6530965712012313,-4.68556880818473,4.3917837087498155,4.80940767637519,-0.502708915707677,5.861738725406368,-4.97743854522705,-6.478316695281736,-5.680663438306914,-5.978899457270191
53,1.4030317179858685,-0.5101456602414449,-0.787721112370491,-1.2976684023936589,-1.1146649108992683,-2.076313444972038,0.6375252488182812,7.397817553822384,9.579949581345847,-2.641484396402226,-5.231148110258631,-0.07190814018249511,2.232324575715595,-2.3923262524050335,-3.925710073737211,-0.21087844438023037,-5.405161743940309,-5.331004518128577,-2.6232404490542964,-4.199990225545618,-6.437845215518424,-5.231978163123131,-6.629936754386476,-1.1037965896652966,-3.7821547269821165,2.328482885173587,0.5659092747887899,-4.51661981954131,2.7692616058558954,-7.025528466701507,-3.571309297550015,-3.137610655691889,-5.638070306607655
54,1.6734963061288,-1.4993386187487179,2.6910743452608585,4.11315295431349,2.643162355820338,7.320684063434601,1.586907148361206,6.281802323668502,7.648456707943318,0.9169433037208956,-3.250111321453005,-1.1602089792490005,3.359092722998725,-3.3248477647470875,-0.3857701990840047,-0.3938627655307452,-1.0517143551693406,0.7711806836582366,7.6712662508321365,-0.03553374395484016,-1.8328200591371415,-5.821083508786701,-2.6085711631111486,-0.34120267884033484,-0.5641683403816488,2.788345093297404,-0.971611036810764,-5.3360097529583195,-0.38002332318119886,-3.813194954395294,-0.7265713598306586,1.7680772385663457,-5.363113955372856
55,1.3388948051258922,-1.6663660287857056,6.917670619487763,9.62361181858513,12.328192786375682,14.143640685081483,6.243954670138475,9.617282929808594,7.631452394086261,4.586898253147686,-2.6008855932673742,-1.9874243587255478,1.4166043758392335,-1.6028569333775098,2.3124007929203123,-0.7353971166743173,-0.40055309028126473,1.0336034361805235,22.98739492615988,4.005467493619237,0.26077525666419493,-6.428323539639158,1.2859736199074603,1.782933507750674,1.8312815338373185,5.838860757302406,1.3000939668611038,-2.0192364371100138,-2.7073676985938375,0.8234941244125367,-0.541035243650762,6.970959934923384,-7.625849851540157
56,0.39737250208854674,-0.7484036127726237,10.231953807920217,11.947351687898239,24.40754612021976,15.724126552045345,13.460826404210998,15.190339809240298,11.218788501828216,6.142556879062985,-5.420237417830977,-1.158285029232502,-1.168024574385749,1.7625903667405594,2.3256576504818227,-2.2218527366717655,-2.911487179440121,-5.179802291450047,37.19661718191102,5.688404145517519,0.4863571245619591,-5.915639830841904,3.2982160854846874,6.22920921953713,1.336613850461112,8.594657693144887,6.506085241256758,3.0093609260958294,-3.7526088575037515,1.8213037878274918,-3.251223864351831,9.658162626955244,-11.975290795167288
57,-0.9085101127624512,0.8663959125677745,11.721477568149567,10.162445239722729,32.34165947006808,13.238018125668168,18.876816732490934,18.231560108273527,16.44864384032959,5.1712589794986465,-9.41299755628719,1.1073104649782182,-1.8372996899816725,4.695911411629167,-0.07680824052455813,-3.8602220866415236,-4.709732163091038,-12.405889851706368,44.24658726675566,4.472071375165667,0.9391972621546146,-4.321641848200843,3.2891390196820525,12.354520126086909,-1.3124755058023665,8.171964695287306,12.30660506875016,6.3675761853539665,-3.618545071380894,-2.9356965497136116,-6.569840431213379,8.419978709684479,-15.290992355062848
58,-2.3944927167147396,2.373428815603256,10.963063359260559,6.20894614358743,31.892374791039362,9.94975011376664,18.71997045743756,15.407009173964346,19.596041191715834,3.1425222962401635,-10.240586336268935,3.2141345957294107,-0.05830583704842462,5.085009951231092,-3.043481071328008,-3.828749477201038,-2.9188881655072056,-13.957550324144817,41.61372381864592,2.087788386713891,2.908989450398912,-2.469480486143203,1.9415890878819404,17.477778335896932,-3.5370908816655477,4.730012611594311,15.650281956029493,6.5796881567600165,-2.9045848264926817,-10.478946226835252,-7.766870074155854,4.175632069508235,-14.65653201511928
59,-3.8828128457069395,3.002720350689358,7.811985836923123,2.7534212784634695,24.225047113498054,7.944330379553139,13.483663169349112,7.561456603019736,18.0475237106168,1.8334088311638943,-6.0988444665143655,3.2903610438108446,2.8461880726946727,2.2672928959824317,-4.7462134943451995,-1.9840059048599668,0.8558724633482999,-8.252687396038146,31.137713803801425,1.0097387557228406,5.249507792452548,-1.0413424795759576,0.11322327465453047,18.378457360151337,-3.63022373980946,1.37134376428155,14.073143511317497,4.792122328004171,-2.418567483018084,-14.545381045341491,-5.9908538693335,-0.7911395811372333,-10.050788375238577
60,-4.978717285394668,2.5325925696227287,2.9050540648400784,0.830500473578771,14.247207828859489,6.74914912879467,7.5837849872868235,-1.010269205930621,11.973163948502652,1.8536781245885894,0.3799066487699747,0.525480455160141,5.3705080575413175,-2.2033314011817753,-4.51161542326905,-0.6522654318147235,1.6748247673345167,-0.26629509688133285,17.20817760949911,2.1208573210807073,5.21109185066629,-0.044635880561102,-1.1479932729234086,13.979560068467768,-2.4298479087650775,0.9718775943268178,7.358919084851825,3.0357801595399545,-2.7129614425868525,-10.41518942117691,-2.8111207223520047,-4.512262867970599,-4.332274275166648
61,-5.123759824689477,1.5359357701407539,-1.8205433513969183,-0.392736879694793,6.307077129019631,4.976772741228342,5.098106520931895,-5.893483677575754,4.148402993415678,2.6472335845925086,4.844576489093692,-3.9240008860826494,6.899145859479904,-5.457692947845127,-2.6973330434411764,-2.340197705891397,-3.7300806911878808,3.4768456240140257,4.206379288850829,3.8207400072188604,1.3855213611683947,1.0229020984399886,-0.6822116267173848,6.933076851978535,-2.1630600651105243,3.2333677864178667,-1.659912031057269,2.0987257070319596,-3.678648512719608,0.699169148504734,-0.6982040565188338,-6.166583645674917,-0.6742111412542207
62,-4.043816553801298,1.0131942124002509,-3.8187241911888123,-1.8743356217940648,1.4654501252704197,2.756522526778281,5.798802810471233,-5.5753459161104155,-1.5092822888562845,3.605801969766617,5.601027810296347,-7.196803030371666,7.323407130853997,-5.443490549575451,0.10689522568569627,-6.560928556654188,-12.918544271917538,1.3918032342834132,-5.039702542992526,3.5231744930857705,-4.0027484170933985,2.6381743521917436,1.932164172384333,2.197637363177974,-3.6826250879300964,5.011787195191827,-8.378962877184845,1.1647899372633113,-4.53689967350262,11.5262857273221,-0.9286672273968778,-5.752207406693035,0.0349532723692911
63,-2.1702858451753855,1.5039945681889852,-1.8713381826877593,-3.22420377863778,-1.6806605259577434,1.9574980273842812,5.561183619789961,-1.8906596885171048,-1.9635306943294615,4.786695306470921,4.966373421425043,-6.461957879737019,6.300448644161224,-2.5716379652189656,3.4598698158596837,-9.409542937907908,-18.924269594771918,-1.7352810118879591,-9.560575773549635,0.18112006996359145,-6.210778941261641,4.7913865606699675,5.411226678441497,3.1676631177343975,-5.1582771804597645,3.566199320866618,-9.368491815966228,-0.7199840564713922,-4.36109647518251,13.779732739925384,-2.6909204866827987,-3.565426551633411,-0.4950769061133975
64,-0.510298989713192,2.396278534995185,2.3930327370762825,-3.2203347432853966,-4.388451682196723,3.8531326189637185,0.849523036945157,1.9728847755942234,3.031116302623305,6.384640452473662,6.188968362503274,-1.2457940012216568,3.5060369740343758,0.6158925171854884,6.699995092181272,-6.947518071366681,-16.04651399130045,0.20007665384383427,-10.085325492762548,-4.547499948314258,-2.1815482428733337,6.826294348353431,7.1044364330616405,8.462910326152313,-3.8438455674383376,-0.6171583685764047,-4.780673209751068,-3.236407691656157,-2.8179137023483833,4.902558049559593,-3.9479447050792413,-0.2972676124837663,0.0770686027549562
65,0.0545459995046258,2.240814067257775,5.2260862901806835,-1.6035922209007873,-6.419307925966051,6.970917149633169,-7.218874698731957,3.9028754892737365,10.17785232288893,7.738923917676127,9.32601655673149,5.5554492207244035,-0.3693163024054633,1.5475528656050217,8.576478541677082,0.6498021599319246,-5.118664806665376,8.205044778374335,-8.77690141145573,-7.596611991524696,5.91368866981344,7.668691899006565,4.983576071706224,12.513157652645576,0.8024364261163606,-4.270271109980206,1.8995235534601433,-5.066249790926312,-0.5438313135286656,-9.11218050122261,-3.1263684906610627,2.641884879933463,2.527374979995546
66,-0.5369879245758057,0.0668993979692459,3.643481431901455,0.09950912578238381,-6.9320349057515465,7.90793394446373,-13.413291973130006,3.8235583360805068,14.13750013258568,7.355524510838265,10.713900031045426,9.340120156109332,-3.4285550981760027,-0.3243968556093615,7.757518012856329,8.473118226230145,6.669799821321354,16.82918906211853,-8.390883501185927,-7.032533272391274,11.65683284845758,6.463237829861187,-0.33042944111722583,10.02320982770222,6.031144743495517,-4.5267930086268935,6.62107743634734,-5.430239330890567,1.212207119639327,-17.84857719242573,-0.2107754233406811,3.5570301856431694,5.583606108313515
67,-1.4673835180699826,-3.3910589708222285,-1.8698576498776673,-0.1117311707801289,-5.949752945370144,4.700123846530914,-13.144095368501617,2.8904181743083996,11.055230566235476,4.32063918404801,6.924321119175401,7.293221972882748,-3.951605006059011,-3.2746107328769773,4.061392155497573,10.860954919126298,11.485248612803082,19.13709076813289,-10.593590346879738,-3.512497229235513,9.76350415640689,3.3695337743986222,-5.653627909244375,0.7569418782141151,8.170297316710155,-1.6022673318552416,7.608274150379868,-4.979341218637866,1.4689277090677402,-14.736351122707129,3.454296224000977,1.7835132264428668,7.268488400039219
68,-1.6804029453545808,-5.850151379903157,-7.389045198261738,-2.586944813012249,-4.459735253122118,-0.6726770728826523,-6.829055863182719,2.082029142005499,1.7956310829450919,-0.2655847433001496,-0.8170675607614739,0.8692082598805427,-2.1008047335677675,-4.930257678031921,-0.8153527046358863,6.461555385258463,7.199389231759448,13.076792103903633,-14.415063899616863,0.5529744951497941,1.2004197835922241,-0.13032002410008794,-7.746886659175791,-9.684823661679175,6.209225917524762,1.6016817564188048,5.863167053131863,-4.89468268876852,0.24984509770463154,-2.584392027556896,6.2314626123847034,-1.325622429450353,6.595435305010705
69,-0.6632453434169292,-5.185258517662684,-8.5909611441195,-5.465916370352109,-3.237068397468991,-3.5367650404572486,0.3570471151572902,1.5150864096575005,-8.081191944521526,-3.6168416433556136,-6.679189984188524,-5.12827916201204,0.07094760206010607,-4.180206200064615,-4.134302433146987,-0.4327403446038564,-1.0878183003081832,3.211224359770616,-16.495188108017278,3.179072033791315,-7.0244850250000646,-2.0154021751312983,-6.0460302436605415,-14.190324009918585,2.889749878644943,2.352379699086034,3.3087736742441045,-5.211332579684812,-1.4110735651196502,8.686346751451492,7.164525740030335,-3.04217065912154,4.187738010216327
70,1.2555907547473908,-1.3270113113853665,-4.345277069695294,-6.44314698709382,-2.1202861381901634,-0.723108915425837,3.0536299805815625,0.8339853830808817,-12.328606563945149,-3.539146999287051,-5.372501618055583,-6.36710572168231,0.6566761718855963,-1.713417419167452,-4.141276104505672,-3.632577853401502,-5.551286960930326,-3.4668630943411873,-13.623706254155136,4.240177034622147,-7.775551352729189,-1.3535687352220218,-2.960625702396352,-10.102855382169166,2.0155327131350833,0.43648746921572573,0.8235289177229238,-4.446746917658074,-2.2239421097243706,10.496590382698923,6.239069998264313,-1.349380566014184,1.634358688656773
71,3.231944640725851,3.397920269250042,2.2091042041778564,-5.040205094549391,-0.7467387727151314,6.194672746956348,0.20927887228203984,-0.01971048983030541,-9.094455832658811,-0.7276938814063405,2.30892236981281,-2.4595654021017253,-0.06592774854765998,1.001951975877895,-1.5684544384306254,-0.4155477397971683,-2.201058090426201,-3.388904178426379,-5.831506134985491,4.957207177366529,-0.2439097877829633,0.5369154839288621,-1.406336783411655,-1.65555925921696,4.5738146440850365,-2.170491878376451,-1.8105161529640819,-1.2529728412628174,-1.5954356644211747,2.934305024147034,4.040475353962037,3.2722219698027604,0.3939369623327539
72,4.484470477700233,5.943477564387852,6.023858102411031,-2.912073007888264,0.2931262466642592,11.804164615471382,-4.5793370880731725,-0.570775359175926,-2.6269019540659215,1.2870142335115478,9.182661920092826,2.9820841521024706,0.059575658374362524,3.0517752357693606,0.8887209784845973,6.391981531514062,6.026716047248175,1.285191535949707,2.7582788910976674,6.167980256889548,9.09670218008947,0.7629897445440292,-2.0457876172471554,3.380253189947547,7.563841517766317,-3.6162989104903023,-4.414138519486715,3.5734861285187476,-0.05531177515300309,-5.621024140715599,1.3324410232102,8.011017426124049,1.0249606583799635
73,4.686657871119678,4.860011299451192,3.9505584191530945,-1.802052992913458,-0.35438792508923345,11.19362276494503,-6.781868981152046,-0.3640392602876175,0.2723231232443521,-1.0315623921017314,7.543808213500089,5.669278845191002,2.486280229356554,4.449712870425956,0.8546036282597587,11.256837602125273,12.01790081830912,5.247957078119119,6.537452155074408,7.208864584565163,12.106182297493548,-2.706467803745043,-3.0303064547082843,0.046307246132594786,6.755459955003526,-3.886617650126302,-5.578142487725546,7.100356368131416,1.1829434785901047,-6.2850765732466245,-1.1035198173144969,9.750207205613455,2.9393001851581393
74,4.033573105558753,1.2628551403681436,-3.0556601848453284,-1.3949420617686377,-3.1341771551304394,3.8336577277979815,-4.873597459458724,0.2797496781446213,-3.7884306606165197,-7.861310021821843,-3.823457679083181,4.226678819954396,5.817432939012845,5.488382168980532,-1.663660932418912,10.745523538854387,10.531189637821774,4.4889337700747305,2.649269160143165,6.535015522014527,6.067040280538037,-8.779405169543766,-2.412068525844432,-9.850940146097322,0.7099558644824557,-4.275367890679559,-3.880567958188611,6.696870127389597,1.2178304427098938,2.200230911374092,-2.4842321916324335,7.222125051750077,4.602342664485886
75,3.0920728468336165,-2.2922532041867574,-10.847142599523067,0.4195844994650947,-6.3645793073707155,-6.308867169916629,-0.9631767505552711,0.1621013741160548,-11.697551583134851,-15.203439529552016,-17.946193819822266,0.8749694898724556,6.662916604843405,6.045294597398403,-4.355229524678962,5.867020414935218,2.5045623890189237,-1.1910184274117153,-6.665957251953524,3.4605335426472483,-4.22373365087712,-13.448395082283588,-0.5502441683982281,-19.410933093326847,-7.750170638826158,-5.489595702221227,0.03399932938952779,2.627722591854805,0.24873334632777586,12.372011872008443,-2.2143347059808125,1.6236426474319563,4.230499849432991
76,2.5219504732638596,-3.8879588067531587,-15.059732931852341,4.919530504279667,-7.317075396908654,-14.139363667368888,1.8158681567122297,-1.9344049336951832,-16.524685127097506,-17.711744918379672,-25.089234765185868,-1.0565090586431325,3.0018819557295906,5.648261828477993,-4.822336955992288,0.3051170974969864,-5.7404229065706565,-8.76254057316553,-15.711036280144093,-0.7227940892889386,-11.043131328643636,-12.834291867024842,0.1708587205156367,-22.241763116019527,-13.81072479420238,-6.629124720429266,3.0751027423282,-1.9257007379864537,-0.5160821647178836,14.851882349699736,-0.3018541859417427,-4.442387410336071,0.9497915194148109
77,2.678639530017972,-3.429693489604526,-13.780797814764082,10.339707142776913,-4.97477058702045,-17.016778990626335,2.0637332964234236,-6.031518893186436,-13.679802187306937,-13.064602947512338,-20.658999800682068,-0.15466103851795196,-3.294032135274675,4.0933882775175015,-2.8918487381103426,-3.1605404297510784,-7.557694232741068,-14.155749470705079,-19.65478419859049,-3.4643620877038863,-10.462168287723623,-6.710261609937463,-1.9247146109317212,-17.133044894148664,-14.322414922714234,-6.152577092481214,2.026387009509774,-3.6706542171711147,0.1310218910618526,6.692141426727176,2.375706521476187,-8.509658242265383,-4.197709998914173
78,3.2465592246502637,-2.1401300767229663,-8.249125538766384,12.753392762607998,-1.661893614133199,-15.626161420345307,0.43627964650712364,-10.464794990628265,-5.034878482652265,-4.1958583011183626,-8.67777177344921,2.253029777854681,-7.603245732519362,1.7922689117664514,-0.8112699056780616,-4.515225599209468,-1.1946786947028583,-14.27266211701291,-17.926056749772194,-3.0437181166240146,-5.014177729474738,0.7441520094871521,-5.601073561513678,-8.185432527123428,-9.594065530432594,-3.699591406556063,-3.401126815136089,-2.1473842069160107,2.216056125919993,-6.261636048555374,4.411878985477748,-9.168868448999193,-8.414666380201067
79,3.2732778564095497,-1.1987954106595782,-1.618477527797222,9.643785446882248,-1.4341001052823332,-12.146386912465095,-2.029379962421045,-12.74210683689561,2.674114388088847,2.714613419632579,2.056017800645773,3.7531849212944506,-6.596721531947454,-0.5518269545810167,-1.0762176347116745,-5.389897443519699,8.881219064080438,-8.303164722664016,-13.944639297418815,-0.22958870533676373,-0.4169874330784412,4.072216999672708,-7.579192295987555,-0.9675892235302344,-2.3489336808522543,-0.728448324425276,-9.87166926004859,0.14123942754989446,4.281351899955331,-14.722075119614601,4.810807914495832,-6.27380775867237,-8.862588763059605
80,1.8438867911696435,-0.9258182360066308,3.050359569489956,2.773708972045117,-6.2910811636182995,-8.093652147054673,-5.099194004041393,-11.27381306886673,3.6742601755053497,3.0628440474528213,5.482268732647563,2.977725181169808,-1.365550913165013,-2.4905253271464,-3.9041185403286023,-6.746957287523482,15.48742209548174,1.5925994204978149,-11.684885488346566,2.0687336892421757,-0.1262485017167761,1.1648731898693812,-5.758080997999678,1.5858825874037858,4.430703158511056,0.7645413650329723,-13.043421102124592,0.5328499716381694,4.445881719087682,-13.713272327929735,3.871689674330921,-0.9188278615474701,-4.867872577337992
81,-0.968057029787451,-1.0225358926587635,4.376728788018227,-2.7457939055230884,-13.72586166659991,-3.8912762766703963,-8.60187794231787,-6.661338157432024,-2.008887286796126,-2.4488168123156524,2.7908181215441505,0.29431515038013456,3.4714302208688523,-3.9360772340969983,-6.765714191420134,-7.9083995607164175,14.28126649203342,10.765624019361677,-12.218452262843764,1.0805659283484732,-2.9657876237909844,-4.647251345572018,-1.4401770652608668,0.3165761139698145,8.702558402551546,0.1401477037647436,-11.161792833704588,-0.9852327302444813,2.153346515283352,-5.749200168251991,3.180667932440595,4.718650441202852,1.2943973484493436
82,-3.7614320814609528,-1.2004867606692844,3.1747826144099234,-2.747164441479577,-18.200567155414156,0.02285938709974289,-11.021064990904273,-1.4516212288723436,-8.88275971280974,-8.31564004303411,0.29056017741907475,-2.9777944520115853,3.9166945717400976,-4.800467748974645,-6.491049083859422,-7.600234377632538,7.023342648217844,14.379386677628471,-13.165219978537671,-3.4174565020061674,-5.370268815058343,-7.1015795924301655,1.8902352851756075,-2.0737430991196053,9.369299870729446,-1.2909959786853125,-6.253936911045119,-1.9052984603615695,-0.888286762848133,2.6752208068966867,4.470819171608948,8.097867250442505,6.022636202829225
83,-4.681045082211495,-1.3569417317708334,1.7414864397607743,2.177840428219901,-15.55723581843906,2.339304043725133,-9.762724969445205,1.5499316013829654,-10.971561027127644,-8.657714211663535,3.066746093506037,-5.517096725851298,0.07811807294686636,-4.783028806711352,-2.0678814174823983,-5.538709070947435,-0.026521095009737237,10.680389346288782,-11.266498709140821,-8.654467227558294,-5.150501549243927,-2.1836192721412298,2.0960781586931105,-3.5672554570000345,6.293037834184037,-1.533233899016713,-1.918195701063459,-0.1021686726531317,-1.6790945995599031,7.11809556633234,8.092911650494832,7.67652224873503,7.236516252337467
84,-3.0039206257089974,-1.2948340939150915,2.212162125110626,6.9964505897627935,-6.572282100220521,1.5097952555865048,-3.5642124458057123,1.150103818538577,-6.931106963476469,-1.9824572177820428,10.346384741322593,-6.29734753370285,-4.222027680112256,-3.717149094786755,4.3752363781596335,-2.8439824256632065,-1.333434176999469,2.6398117627416338,-5.599682024051977,-10.949775266328029,-2.8704513352602086,8.389451802131676,0.5735413406757598,-3.7567494337151692,0.8706088993284438,0.2536857710328213,-0.03694993811984395,3.636203652204469,1.6283299661264188,7.936478614807129,12.34682260926177,4.033881440758705,5.9256804670606344
85,-0.023489191383123397,-0.6630368464522891,4.864267659187317,6.598462664418751,3.4582442303498584,-2.7015756271779536,5.270378806242129,-1.5631097847985667,-0.896655133817085,7.623419629583179,16.47788843859074,-4.680090174078941,-5.124873056676653,-2.0655436515808105,9.207744415416274,-1.0758965267075433,3.2848687948182573,-4.069323665329388,1.4228064882200817,-8.72931570595219,-0.1802372582890886,18.357576536280767,0.7442296426346962,-3.0252086549270443,-3.8781365950902305,3.0741053459256196,0.38310088113296864,6.241172893362683,7.733490039662617,7.950770330429077,14.388849593517257,-0.40540341205067104,4.891223853542691
86,1.8186583369970322,0.5679110167755022,7.627837887406349,0.32785479227701825,8.741038922468821,-8.368044289946557,11.590039619585363,-4.1346569865248926,1.4643736800482108,13.823556891707486,16.15091111562973,-0.9415569216012954,-2.073636863877376,-0.7840932985377866,10.014217994933905,-1.0340097533331978,8.504577979445457,-5.603523584703605,6.056884500176408,-3.913863956928253,2.2342089084868735,21.736274611382257,4.337672470414892,-1.4711917173571702,-4.874000491036309,5.06623433963504,1.4212165921926498,5.562951791425084,12.546987464151732,8.390392255038023,12.174918222718123,-3.1166745527750916,5.805552496796563
87,1.0299852147698403,1.6864953170220056,7.515086287260056,-7.394816355572806,7.242038238048553,-12.199026265740395,11.177984663262599,-4.41084442166395,-1.8589188443106968,13.074259444724682,8.91551986128785,3.21415029540658,2.1716672778129578,-0.4495765927226044,7.065358157941075,-2.3405381706025867,8.088255922418348,-3.025390651964006,6.432738548101381,-0.348637546811785,4.63495409488678,17.185120165081962,9.310208829476478,1.2122170976022395,-1.4574414067798191,5.0571978903094,3.7079604344312536,2.7143764911695967,12.016540816644342,7.61459839977324,5.963780460924637,-3.2702713844676814,7.436464624745505
88,-1.4793699333444237,1.668115668826633,3.171807646751404,-10.856808304786682,1.85385303762224,-11.429179982095956,4.473673347111156,-1.7513420513376248,-7.236305383748786,7.19139896991641,-0.798617234063703,5.299771966040135,4.410511420501603,-0.5572912859362226,2.5910596890851507,-3.796184644765324,0.44270523204359896,-0.8665416212308974,4.2316532994425575,-0.481841708223025,6.7162999142991735,8.44864432336319,11.613534308880805,5.099858017956338,3.6390596826871238,3.293624117623928,5.859182546305102,0.9541330517724503,5.347733709870315,3.57866028547287,-1.837465562289808,-1.9544779194725885,6.8555964316640585
89,-3.1026761445216833,0.297646501660347,-3.5263483807444573,-7.786339922911591,-2.1046798505716855,-5.411645449697971,-3.2871015130019767,2.819166430900263,-8.264897730461387,1.4336677917907403,-7.623862909716229,3.971990340203047,3.716892541779412,0.03923225887986117,-1.0845849326876706,-3.955962166024579,-9.646203035532041,-2.3931556663342883,3.4486338135808015,-3.1663814187049866,7.113913183516645,0.9266722315833682,9.0660910707839,9.61402406125534,6.322570102082358,0.9394567335067794,6.236477709786836,2.190793827522633,-4.0532238534310965,-3.0729011937975885,-8.378178728471806,-0.7131698818670379,2.532447338104248
90,-1.9481176467612387,-1.2108538349469502,-8.48714771270752,-0.91102401415507,-0.815800666809082,4.056202472373843,-5.979641380651695,7.28478815389234,-1.1348377477464289,-0.05174297822076221,-9.291719882987266,0.5743576034903526,1.577396693494585,1.7594250759413077,-2.8006393077761627,-1.7167440176010131,-14.746126909588659,-6.2230508753231595,7.241181527459344,-4.638171277585483,5.006538000512631,-2.3909780858528045,3.4228651561635606,13.782215590884046,4.666708599858814,-0.9063385678238647,4.873622263933337,4.830562684425088,-10.868014425766177,-8.822841218858958,-12.226870235873431,0.009324002907507949,-3.7415555516878762
91,1.2601605812320487,-1.0688524928357865,-8.50491855442524,4.716249588463041,5.593319928646087,13.665897470712661,-1.3350887967319023,9.600198131661083,11.860400962275127,2.598423397818277,-7.405584540824558,-1.6242117136716843,-0.10592627562582493,3.4328405501884083,-2.5231620440649434,2.949502393934462,-10.879485432491746,-7.755149102636746,15.354000694529955,-1.949639191230138,1.8872526192918737,-2.3076246393223605,-1.3746580823938896,16.732525441159563,0.5602822952800327,-1.7305747326030287,3.429986763139104,5.383131311383358,-11.659447578304425,-10.221702587604522,-13.892241536117181,0.8950274121080939,-8.117053720213118
92,3.7090157493948936,1.2978777203294967,-3.8677778534591196,5.925270844664839,13.474293423692385,20.139320288598537,7.472759150150345,8.617483205573503,23.54851530873498,5.7928196545257125,-4.9608694010002665,-0.30678170919418335,-0.7610537668069204,3.1377005078071774,-0.744211227568083,8.39350465643737,-0.7535422576028247,-4.001954173048337,24.10894728815833,4.168385126761028,0.874225822534967,-1.5577811194317681,-2.865248479107593,17.860362883021192,-2.2720272143681846,-1.4678975482319676,3.3783698012662486,2.2568369819674383,-7.154209366658839,-6.875803995132446,-14.696213762934615,2.373882611592611,-8.049898831617265
93,3.0941308196634054,4.292645710044437,1.9363516725599765,3.4715525524483786,18.23456314843562,21.645570629835127,14.57124772440733,4.7910643372424815,26.997164315955583,6.250996622928353,-3.439813703991646,3.5289598958566786,-1.0298485280195666,0.21486579990664192,1.7371950626026753,11.683473351928923,8.612781045048736,3.1412347857618617,28.941203316976857,9.681133412179493,3.6522955320616988,-1.9633454708825975,-1.907602923981687,16.74951746660035,-1.9403623051113552,-0.21936584939790327,4.564896943957307,-2.277272337397864,-1.289308539251002,-1.5387935489416122,-15.136996470573472,3.5725715110699334,-4.55799506959461
94,-0.16861533410847188,5.2315960076120165,5.2618169054389,0.5748440391487546,17.207755890157486,18.514315044879915,15.910617491820963,0.2666784476402194,20.598416528036427,4.030777681012486,-2.1207178650900373,6.270100148022175,-1.449141185109814,-3.5486872362536053,3.6911727153631144,10.428342218697072,11.627117492431818,8.576915582908052,27.533892065979714,10.656566226056643,8.2302762092428,-3.253974676841781,-1.048451692500013,13.340629263622004,0.00521063870853848,1.7144302406976388,5.675491066866143,-4.196164802063343,1.976450049295658,2.5236682146787643,-14.285929047843306,2.9659107294347553,-1.186774451817785
95,-3.3307618737220763,2.6851377533541787,5.33307111854665,-0.20241669855184025,11.123233840200637,12.88521966636181,11.785204092903834,-2.0999365788559583,9.141993136600007,2.007112929987353,0.300597291353137,5.05239994674921,-1.7254821843571133,-5.074700937714687,3.79696530727453,4.942259584232751,8.110733255397442,8.874606209851446,21.222627207290294,6.688584841433025,10.348726397182078,-4.153184308182626,-1.4812121499092021,8.385829316406715,0.6223892384105258,3.6304436111172964,5.845275341078293,-1.8976422839386518,1.3598730244287631,4.094335544481874,-10.776594271020192,0.12762309507363373,-0.685964493169671
96,-3.9985407419502734,-2.1085372275776333,4.456305268406868,1.1555234011676576,3.4602874987655214,7.382681423425675,5.706734171182644,-0.5965191458546838,0.022625914839811103,2.504602626312611,3.8483122933742613,0.5305292092263698,-1.3485336919625601,-2.7424827259640363,1.710175021443256,-1.3406595104270511,2.2827973067760468,5.282567976486115,13.762206083120303,1.2290480605193548,7.5508959524809045,-4.106780053604217,-1.989444131546832,3.522919617865871,-1.0691533402242284,4.545366606913333,5.383788537147433,1.870332489526549,-1.5337672378958724,4.158710118755698,-4.474885305980357,-3.404299763341745,-2.6009544870328334
97,-2.4708466276526453,-6.177960521645016,5.327918987348676,2.6966978441923857,-1.8273690203825632,3.570297196507454,1.2034568056100752,3.847874576702367,-2.366763773352601,4.594759605651678,7.062608228498247,-3.7848697923123837,-0.5320819987191094,1.8245066853110181,-1.1291370100753253,-4.210888956983884,-1.7521770222242488,1.9027385058857145,8.612002749775732,-1.4691454739797682,1.7522277606928602,-3.7430152885970616,-0.8752188130896142,0.42383942952970177,-3.1625824307401973,3.8099080341499905,4.80354613204335,2.47774608086708,-4.143495335811522,4.052065746486187,2.7141821995014097,-5.292585224508205,-4.022836536523842
98,-1.3196211107075215,-7.244909391138289,8.18896667957306,2.4372327451904616,-2.7772691826025646,1.2746260315179825,-0.5335619624068098,7.980519609395848,0.4904583318288936,4.924237695544265,8.390278348395992,-4.963768719509244,-0.1348422156439887,4.868205769810566,-2.2269100602283034,-2.1838875816928014,-3.453084255373755,1.2137245379743122,6.928079362525496,0.018271442857526597,-2.619304842771368,-3.8016689579401697,1.5474575769076957,-0.48459569346614,-3.3339462929301793,1.755201173383136,3.539850661920947,-2.027611726938292,-5.007530629271415,3.912377154827118,7.7132286996376225,-4.531322379906972,-2.617638820338817
99,-2.5395122058689594,-5.328867043389215,10.659789407998323,-0.23315578699111938,-0.4390130519866943,-0.6919344298541545,-0.6042251426999162,8.542664830767832,3.329929245072742,1.384308235589848,7.54101040751435,-3.2849957808852195,-0.5949933211008708,3.75328657100367,-0.19789918546759805,2.022446323765649,-5.160285134648168,1.810910790449097,7.6255793503463964,3.3651997399117266,-3.1785764297906387,-3.9676191416524706,2.962131127398065,-0.4470291704666324,-1.775730478266875,-0.3005326320958692,0.2583924975506095,-8.76891360587852,-4.296736539863959,2.985322815179825,8.219668125234,-2.3439834581481085,1.097428671306088
100,-5.142612071335316,-2.1236698292195797,10.302162949740886,-4.47662921094646,2.2675943366355367,-3.0717275137081743,-0.7449641811048112,4.873763506495675,2.1272318848343783,-4.089745403375736,5.488824330790099,-1.360367713868618,-1.2542769975132413,-0.5590247074358685,3.5189121802185857,3.761060577630997,-8.565409105531005,0.6039042245774042,8.970640534578367,4.943623402288982,-2.002028075780006,-3.0575268921397982,1.7575872397803245,-1.2684379689758871,-1.060053038597107,-0.8805114446684371,-5.254888940689176,-12.464613574881886,-2.9345745059048256,1.0472403183579444,4.287925551940755,-0.904509204129378,4.356719382462048
101,-5.793894949927926,0.9318066370156076,7.152960260212422,-8.693497446934796,2.9549171182844374,-5.349590542726219,-1.8980666017386971,-0.5196112553740657,-2.511203978643861,-6.706653325536917,3.378968724677729,-0.8975884094834328,-1.0748221841123369,-4.19857859680819,5.3606239553584265,0.72286715971099,-12.356040354384932,-3.246498591488316,9.92641771116922,3.1531205603054593,-3.1408949684589467,-0.4474718911307199,-0.6088585473121481,-3.5559690798201213,-2.913552325963974,0.532780435196189,-10.778540842754897,-10.111887249142624,-1.6263325131702713,-0.9453217007219792,-1.5680235537087046,-1.2403748888108466,4.82265723886944
102,-2.100947553291917,3.7072937660747103,3.568509529903531,-11.18127089076572,1.4650928292009566,-6.372032834589481,-3.984678123055435,-4.116906716899816,-6.525785318640775,-3.2742198466561563,1.6494508988635486,-0.8439432010054588,-0.05434812307357788,-3.7258330231835677,2.6165615625159684,-4.723748834927877,-13.511632152768069,-7.173743051432428,10.046994948109916,-0.5002444471631732,-7.740047275861527,2.799303875083015,-0.5732466711642894,-6.073650812593902,-5.62589445852985,2.967086908429168,-12.846834221551585,-3.4994663577093634,-0.7148313064400743,-1.7725439429283143,-5.770874841911037,-2.4963698213299117,2.590174811226981
103,4.602393299527466,6.533294917477502,1.613115644082427,-10.689645308587286,-0.5155381381511688,-5.7274152636528015,-6.438164005919201,-4.385363110276156,-6.741883480271627,4.224793474341547,0.1803306396617446,0.9419916450977326,0.369547078344557,0.866483467955922,-3.856649687123853,-7.50216664340761,-10.686129425847254,-8.08224219793365,8.472364321004513,-3.3145865542548045,-12.10635910642908,4.446432329359508,3.7763565525095513,-7.001007695932214,-5.406160622648895,4.510743885885837,-9.755766111750935,2.6174628076165223,-0.5133602299341341,-1.3168802611529826,-5.6649562205846715,-3.1807870477851896,-0.30577064270064946
104,9.86398651599884,8.701108876201841,0.8556679174304008,-7.136018104023403,-1.4067990687158374,-4.382465970516205,-8.596818721149026,-2.818026890588361,-3.9840669327004012,9.617619706057878,-1.0098571250605028,4.449071615189314,-1.3273591876029969,6.161015136297359,-9.862241606379664,-4.469374838140276,-5.8936977164689885,-5.889862624662263,3.678217108166495,-4.084651793752398,-11.165524040130858,2.955469902072634,9.955862902976731,-5.914306605734477,-0.6152906364864773,3.6321609997472097,-3.4621183095976362,4.657288314298142,-1.2309713912446325,-0.7437930993735791,-0.98396306648487,-2.84347931543986,-2.0512091403915766
105,9.80410135909915,8.389979518784417,-1.0063810147345067,-2.1528207659721375,-1.272371815310584,-3.8104637444019316,-9.721292673087701,-2.036585206209227,-1.913357795670975,7.604472428560257,-1.5595822763997456,6.658319179341197,-4.881939061482748,8.216281993444575,-11.145285442818043,2.5441156665484113,-2.6111968727998955,-3.618351401317687,-5.177441486092501,-3.8172066545202616,-3.9629503355381335,-0.9899425173089618,12.570047717779241,-4.416029773107389,5.758614557981491,0.33821039005767467,1.7838385650065056,2.737613697384679,-2.3771572091684834,-1.2355166047811508,5.900069585660609,-2.282094250122706,-2.5003923120952787
106,4.543376848846674,4.479681718349457,-5.342400929331779,1.4484737780359056,-1.4503829373253716,-4.466419598460197,-9.100639831729051,-2.9290410945581837,-2.922678347243819,-1.5616134654643923,-1.336646276851033,4.489407432079315,-7.889311924576759,5.6821136374979515,-6.911140384195849,8.161890982256995,-2.3201298145360725,-3.8703975209168027,-16.457930284877158,-3.984989508276894,4.621645133546058,-4.8034658290091015,8.09181169753379,-4.620884918585056,8.533032986852858,-3.720453057178231,3.0294286629488303,-0.3345888104549674,-2.554801922018935,-2.6446694791316987,11.074865300480912,-2.188809151450793,-2.589480691012882
107,-1.8459888529032469,-1.623330455356174,-10.655339062213898,1.5758081277211506,-2.798318914572398,-5.2490277424454685,-6.545489728450775,-3.8207435635633247,-5.468768854820451,-12.115568809731062,-0.9753204507883205,-1.4572714376612566,-7.626349770857228,0.48851209185844247,-0.3980084795418174,8.0512980805503,-3.2091189321607003,-5.724895698683603,-25.972200560015303,-4.469058196437324,8.08362306004509,-5.995836269287836,-1.5414020126645869,-6.9514365285271555,5.546949550178316,-6.370989746825639,1.0356737645559533,-1.9954001903533936,-0.4107164350088413,-3.5153008081018924,11.130488366978925,-2.0073305594010487,-2.7482292588268007
108,-4.85000420473516,-6.4026898715231155,-13.69926606118679,-1.1917289073268573,-4.544912160436312,-4.62748493803665,-2.8476815834278013,-2.5816688482151475,-5.739229213359744,-17.591812654376724,-1.4856482959070871,-6.683407926931977,-3.49405079152849,-4.130141392696736,3.982962762720363,2.4668192737632326,-2.419904201529747,-5.721472134192784,-29.47564186606296,-3.576190910080359,4.388454066787628,-4.144250084246908,-10.171942969585986,-9.536344365739241,0.1549706008699205,-6.500986340434053,-0.8329316297935885,-1.7420558856670247,3.8314142750530706,-2.4509177885949613,5.241154991998905,-0.5051188634501563,-2.3439733542147136
109,-3.254658656567335,-6.957195854849285,-12.566712845116854,-3.6465141576611333,-5.063354123632113,-2.352190154790878,0.46783507088335546,0.5890517983325693,-1.972570302874543,-16.02367877682974,-3.143687742740609,-6.862941092252731,2.2309226138724223,-6.187281578779221,4.248393575812495,-4.3330142310924,0.6322272832310477,-1.992758182187875,-25.974602751953658,-0.1729116780417306,-2.225407932667022,-1.1273458770343237,-12.58402835561874,-9.94116827045999,-1.9991634746392568,-4.87260365486145,-0.11041411826776903,-0.5564233757728754,7.8745711500324855,0.5453219294548035,-3.932692767643347,2.5208407243092856,-0.7988320220084417
110,0.22152938023209573,-3.554725029071172,-8.512418648600578,-2.5873804175191455,-3.728810609049267,0.02541446089744568,2.1276270400551036,2.839649114627824,3.1873468205679294,-10.844082738077917,-4.89424974142119,-2.2011672049760818,6.11295059521993,-5.863660444007364,1.9426659740680872,-7.939787950201167,3.5285984100990517,3.1178497629506245,-18.773117248402084,4.415545222305116,-5.608181677600171,0.5406614506528491,-8.80821243990609,-7.540222612822928,1.1337425496843125,-3.4221163433651594,2.3791601841532906,0.7053529911263045,8.847199059114224,3.982878011465073,-11.411917728621786,5.453585985427101,1.1073039212219773
111,1.734749436378479,0.5804202006922827,-4.591122287046164,1.9994023044904072,-1.7467701660262214,0.4421759158372879,2.010139352664715,1.440405288407969,5.017586846164493,-6.950018666511358,-5.15971896953361,2.5959570121020077,6.223242452740669,-4.465795273004576,0.05744014299193094,-7.205554160475731,3.57781690774962,5.160847575182006,-12.891571599383687,6.975977372555506,-3.7492565880430506,-0.2043525789465223,-3.553656290899566,-4.1034266745171895,5.676055050227377,-3.511728825957276,3.5608511587908103,1.9386145929957546,5.787858111102406,5.956562472879886,-12.827034380377793,6.109401879625188,1.5993303362102735
112,-0.24770390179473906,2.2089622267418436,-2.59383544344455,6.3770554156767,-0.9209885146882799,-1.7936426639556884,1.097788410215843,-3.0904261636179546,1.5257431920184645,-5.971198960426697,-3.4537119699078938,2.9762804619967937,3.427610779222515,-2.9018429285131915,0.12768462716146958,-4.32589045992742,1.0637068873228028,2.4153499645846233,-10.871569904130558,5.155821961372913,-0.31160925487254526,-2.239613412391572,-1.4483749460666737,-1.9703333843045119,5.8004943506171305,-4.611533738846003,1.4089178390974222,3.074644073973908,0.8182892385052472,5.306810286641121,-7.347117316432115,3.8432030462556415,-0.13226946620714097
113,-3.984539405349642,0.9500287691752116,-1.5946688072755932,6.228086406158076,-1.6632121364275614,-5.3463939219713215,0.5135803740562462,-6.909063796664393,-4.247513592459781,-5.334259534644526,-1.1401661313896956,-0.9121768299490214,0.3438555927740203,-1.1958609498863997,1.3441214227052622,-2.1064600865046184,-0.6318783080855082,-1.7865792056989103,-10.805365107780279,-0.21014764408270517,-0.19922867036880332,-3.3766312854630605,-2.783571018183485,-1.6902826246691913,0.08624498943487803,-4.711603932602461,-2.8701363607894543,3.4039520737390188,-2.363439198129061,2.0500379383563994,1.5881550341117672,0.2564535439014435,-2.516632162389301
114,-6.460101328790188,-0.7100780725479126,0.35369898891076446,1.0087605209814177,-2.530983315573798,-8.009688885509968,0.5777592382779936,-6.251201464686283,-7.018274680819622,-1.7625825245713078,-0.3455766092899234,-4.576232277974486,-0.880528581639131,0.8573628320943477,2.1435160185535285,-1.3974002252022426,1.5916339439708134,-2.0607056277138844,-8.629578726236211,-5.495782476095926,-3.9703892567690384,-2.2417215503353094,-3.8470963008226233,-1.594964606005971,-6.498765556017558,-2.311901605579742,-5.894317548288855,2.096503073566182,-1.5615769221288403,-2.827451252937317,8.578151613473892,-2.2668197883499994,-2.6443702713364647
115,-6.071485159546137,-0.22034923632939657,3.3365133479237556,-4.724840424954891,-1.984327619895339,-8.496116806566715,0.7565642675248588,-1.1196003036443578,-4.4763709311915,4.612737726333529,-1.909426489541697,-4.103405338525772,0.007448445757230123,2.975196266850067,2.145490149425906,-1.0038871807356675,7.110439070435458,3.5433767501796996,-2.7065393841543863,-7.112407959642864,-7.0867343181694675,0.7077760558043208,-1.335395688072164,0.22056882846646192,-7.4171523729960125,1.736728855343752,-5.228030323343308,-0.6327247037444004,2.010765637748125,-7.7161655753850935,10.077586410976037,-2.600991115801864,0.8729222785858881
116,-3.48066183142364,2.296626619166798,4.871515167551115,-4.826892793178558,-0.5084406945440504,-7.192237843573094,0.419739734835741,4.437500941545465,0.3621884882450104,9.8645079891349,-4.415583283402199,-0.4092646945267916,1.7014041953616672,4.472610292739646,2.2279928990228233,0.3698624099294345,11.773889039838037,11.223955866836366,3.7184020467968875,-4.223479575610587,-4.8347970580166955,3.73270516594251,3.6885369569063187,3.556688731399978,-1.4366695364316304,4.430902482898429,-1.465432911418205,-3.240460234499255,4.803919904115723,-10.770934214815497,6.7598859885843785,-1.3504003898964987,6.068320686263697
117,-0.31628747433424,4.149559785260094,2.4310818746685983,2.8503237325284214,-0.5951631002955966,-5.390136566758156,-0.4828142422001536,5.8562773358683256,2.1158581221866055,10.034245522562848,-5.437668116979821,1.8027951609343291,2.7487631095780265,4.910569582740928,2.888131528388882,2.4643749568197464,11.759779610259589,14.780330933275676,4.884410162304723,0.9453614914701098,2.2910491664041865,5.215615097255934,6.340485641930965,5.887603812919157,5.642708204852211,3.0625168729660124,2.574670589247415,-4.00073013887849,4.051516508183828,-10.61471014143899,2.4816627647818588,0.4880031802588039,8.964144444181805
118,2.4386060178279876,2.8904084189070596,-3.3841537915170194,13.896954766578144,-4.228969256083171,-4.0053436845541,-1.5154007571499521,2.0309038352827695,-1.6691423113956008,5.174873230069182,-3.9198364951582843,-0.6758697383105755,2.6621263371573556,4.447638485320779,3.092720783034036,3.735210895869467,7.267567093635714,11.300911538657688,-2.0971744420916534,5.1531059720686505,8.519712279134609,4.619311818054745,2.5623840727704636,4.614277426789447,6.5244701411989,-2.0570086552653204,4.471982946229535,-2.404746418775514,0.08964385564734297,-7.256524120271206,0.7445382072431285,2.7836222085687847,7.100712135567197
119,4.637050569057465,-1.0485832571983338,-8.581178104877472,20.483762005964916,-10.314864640889896,-3.0639016717672347,-2.374699353081424,-4.00872228797092,-8.226917519125827,-0.5117106269611869,-1.3367012801558473,-5.727400738373399,1.97868269417021,3.5228016114858693,1.2470448710197626,3.0153369444525904,2.294213471197805,3.501451907768136,-13.735720016235529,6.502517148320164,8.30733382765283,2.3693125340200605,-6.566413836197016,-0.3570240997686619,-0.1996355778641171,-7.173300815183063,4.028346580128337,0.6876666124823482,-4.183463334310345,-2.415348434448242,1.7723756258080645,5.772477077113257,1.8420032516476654
120,5.972751013189554,-4.569324061605665,-9.097297230362893,17.68219330575731,-14.87004165119595,-2.190185436233878,-3.1891432709810212,-8.090662411479062,-12.437873524288799,-2.629453964704691,-0.35563482262389084,-7.790677171945572,1.5704406340916952,2.3645044937946422,-2.655436948288319,0.743362444308069,0.7135617940924889,-3.381900009965258,-22.03870188670103,5.226653518825991,1.8560248923269993,-0.8376845830962771,-15.03799368980083,-6.199875250095275,-8.355891041954358,-7.735947929495989,2.839122332805811,4.152157629428562,-6.033458705355481,1.4715571150183677,2.7941265031695366,8.48414911246962,-2.946085130174955
121,5.501205968484283,-4.761941144201491,-4.564950807392597,7.417189685006936,-14.163009985287983,-1.2572756139561534,-4.082183391582675,-8.371181244073911,-11.685143465219541,-0.6306146968069465,-2.1978932133940763,-3.6376303911209105,1.9539373252126906,0.9742717201669895,-6.264440266891968,-1.366844665673044,2.6621866004411565,-6.60635450056621,-20.497845239764036,2.8021110094019344,-4.971916366130747,-4.3706211525769465,-16.61760933919156,-9.292477891212556,-10.089682821101613,-2.1089832800072292,2.498704507946968,7.4750070932299595,-5.128818825068997,3.078267681598663,1.1649254778536355,8.46095765961541,-4.629480576231366
122,2.6552575044333935,-1.5868690371513368,1.3164790078997612,-3.3831087081796594,-7.946557388703028,-0.41856476850807667,-4.539755245534385,-5.974652675262024,-7.6899344990419785,2.133199250628782,-5.278112408726714,4.02755630761385,3.034626872009701,-0.4644236675528593,-6.760722102120865,-1.696457271443473,4.870485364004623,-7.616636426675887,-9.131836828797363,0.6727483868598938,-6.258227565187089,-7.368063769170216,-9.902015601066832,-7.877793635173542,-3.565577321416802,6.839709398531636,3.347665786050087,10.30836654125258,-3.274817209418227,3.230387457832694,-2.736851725999902,3.8862537145614624,-4.174454431093874
123,-1.318370494246483,2.162771397539311,4.319370148330927,-8.578996221224466,0.32419382168187033,0.3357632577419281,-3.49096935551341,-2.7638976345228596,-3.7976439886314926,2.304387474129366,-6.517678756353467,9.016550286114215,4.238380599684185,-1.4229752223852068,-3.7299170584179633,0.19477959209018283,4.427250629940699,-9.086200666924318,5.705412556265676,-0.3653309590050152,-1.5365109171005005,-8.474960745445319,0.6273669961919176,-2.9482111865427436,5.194090819358825,13.771169773367948,4.624815150055775,11.474736027939375,-2.1953057893892614,3.9164520263671876,-5.718627131566769,-3.784333224511809,-4.665606147476605
124,-3.5126356396824123,3.4401376709342,3.6750782117247582,-7.275139843424161,6.507164698176914,1.3743866831064224,-0.2927229113695098,0.8059142509172129,-1.1134722977876663,0.23537702442601668,-4.0984898445218105,7.6631488159298895,4.8182333408130535,-1.5025102430413109,0.03146525870922,3.5009009030130174,1.8683676636496256,-11.063262544927143,16.435220461728616,-0.18997732443468912,4.143232694965728,-6.405225512438586,8.26460130544419,3.065563900805101,8.116148625810942,14.887143822603447,5.301742392917012,9.180419917716536,-1.7876406195687085,5.953344517946244,-4.965237993928717,-9.87922082365387,-7.48969947191931
125,-1.6533954139798879,1.5166629844241672,2.533710270188749,-3.3029995295736523,9.11105815966924,3.0752223640680314,4.273947403925221,5.292043468286825,2.109349777878717,-0.3998606742121453,0.9999752113985461,2.1631567418575286,4.206221789783902,-1.0638345854226934,0.9517237966836884,6.802241812811958,0.23594559347906777,-10.725499981216021,19.77089528081029,0.6500424799464998,5.3516149191146205,-1.1890598152365004,9.149066198379435,8.19757611722481,2.7215992556677926,10.546847576318784,4.557602312675742,2.86437435378862,-0.6156328800247937,7.604905564337969,-1.0927789712824472,-10.079923182725906,-10.299440683353515
126,3.3845615819096566,-1.7481484311736293,4.457402314245701,-0.9571312765280405,9.844686464468639,5.422329838853329,8.130501824181254,10.131141797747723,7.34083741028295,3.2603614219399386,6.090323571722175,-2.0992782931774854,2.3071084022521973,-1.1502005097477934,-1.8194885931389277,8.729616290330886,1.1199646924817286,-5.972165411072118,18.110534803118817,0.9708377250603267,1.3265542229439349,5.0809963036860735,4.608799745427802,11.66857510078244,-5.832069063186646,4.42007621498995,1.8329194687133612,-5.177892927513566,2.023904000477093,5.875130421668291,2.0741013395713597,-4.4774867660469475,-9.192974057225953
127,7.528876866865903,-3.854227335585488,9.495790347456932,-1.4253060321013133,11.138834505610996,8.120274048298597,9.305457670241594,12.796758064003878,12.813011676766152,9.704597694929255,9.257510462126067,-2.205047455430031,-0.4242786619398329,-2.5292449829190278,-5.350519910801289,8.395834816826714,2.093754380248314,1.3795068624118965,16.217554380727368,-0.44000081930841717,-3.8576742131659327,9.123763508030347,-0.6471671455718101,13.242301731574827,-9.97860729197661,0.21598325565803883,-2.8554685919783838,-10.675534535286038,4.794306772102306,-0.3607199788093567,1.0209311568518964,2.036930547820197,-3.107156454097657
128,6.576487083360552,-3.752387149963114,13.775349382311106,-2.963168376021915,13.358116784360673,11.043047434091568,7.483079372382745,10.847967136737912,14.54341759792594,13.893913295379905,10.67505254301914,-0.26692453026771545,-3.2007020256585546,-4.742668685524962,-5.547634470947953,5.699114966392517,-1.2859003945838574,6.696021769727979,16.68071645914122,-3.6405604978402457,-5.620436093908675,8.712368869355746,-2.424739281944138,12.500904874103826,-6.78588493598832,-0.9853350021118341,-8.215722460386365,-10.656744251417559,5.313536865318694,-8.341699172370136,-3.9253278420102307,3.9477797626621194,4.207602984138897
129,-0.03543807715177536,-2.248020717832777,12.985258680582046,-3.7170818808178105,14.499628782272339,14.260606518865098,4.280299285563027,4.933001529338748,10.608262416928314,11.867178186427715,11.557896352957847,-0.35799987614154816,-5.250943921671974,-6.252198363459388,-1.0505505571531695,1.4627175960275862,-10.514938857189792,7.048993095045998,18.20003171854241,-6.865773003415337,-3.025555967650515,4.5627355093047735,0.2586089867226621,9.14296424947679,-0.01615277131398519,-0.6760899909707003,-11.563737629457961,-6.166802992654401,2.5717703082212586,-12.846781896799802,-8.547124989149047,0.14918705551988548,7.132508161522093
130,-8.201588460803032,-0.7767117222150167,6.329787775501609,-3.6738956024249396,12.470483426253,17.365654729306698,1.9245146156811133,-0.7782854188320248,3.9745496357682835,4.5667140503998755,12.12097195050744,-3.4269136565970255,-6.0253444592158,-5.74327602497367,5.3447243940345075,-2.8690229296684264,-21.24946349755276,4.321646425340857,17.658498134377393,-7.547344944306782,1.1516834234303617,0.08390776813030243,5.328259872629287,3.9633477228443796,4.213864303297466,-0.749422971592393,-10.216816110839677,-1.4932213716728742,-1.6721308591162287,-10.283212968707085,-8.43092748595447,-5.043046158221033,3.5507952095497224
131,-12.095403400063514,-0.05421029329299927,-2.7562944889068604,-3.833109339699149,7.448493226369222,18.897749298810957,1.464944929611392,-1.8583247656392496,0.3812404663063759,-2.948185022465538,10.951322703860527,-5.9443509362638,-5.215629839897156,-3.4002558297889176,9.113700737786848,-6.012788627048334,-25.92600308462631,3.3603720342119536,13.449340457140012,-4.640496069299323,3.805182692852426,-1.1286288203582877,9.759962882767333,-0.8149797509356242,3.316514135731591,-1.6362006086422953,-3.7809130362299985,-0.273457947165467,-4.064779397917957,-1.9485164791345597,-3.0326361561693798,-6.034355107280943,-2.6616671198890325
132,-8.777298912405968,0.1948523751563496,-9.506539076566696,-4.194921960433324,1.9419307563039991,16.951674515753986,2.0854976526120814,2.299292040425678,3.009662086187407,-6.1251883673113445,6.598164713486683,-3.8268711207434536,-2.8463026576571995,-0.85014137695002,7.943122063265291,-7.559870081477695,-20.04567416324172,6.892492005512828,6.869849292344825,-0.12197329423257283,4.394233704881465,1.8494514333350318,11.580768023399596,-2.622308246973084,-0.09691009256574842,-2.423547604749369,4.74295670972314,-2.1920410117437674,-2.4667786606928197,6.609768085181713,3.7444025736029554,-1.3251532324486308,-4.854096773834455
133,-0.5670157350599766,0.5778820421960619,-11.338493271172046,-3.4597312062978745,-1.3672140992350048,10.919162091240286,2.076225347635223,7.712819766859676,9.350467981294145,-4.798672358657038,-0.33260645032968633,2.704648320004344,0.4124605509969923,0.28620106952134955,3.491097010498823,-7.947239630089866,-6.442113277524016,12.509242063476925,0.7488151261972826,2.2588403083029247,4.582137985432402,6.474879474157379,10.49589939320341,-0.3321755950043841,-1.6943470509515868,-2.3512500053228336,10.57818852087786,-3.642692804336548,2.166369536300985,9.836506828665733,7.081639817575129,5.062705785036087,0.21118723494665964
134,6.831362694501877,1.3925892909367878,-8.88764934912324,-1.0202933326363564,-1.7709852615992228,2.810102955135517,0.5210959691463447,9.377653643835423,13.638388791749644,-2.6046584628002587,-6.977816752742889,8.798102164268494,3.069088802403874,-0.09944104645834413,-0.4568668576174004,-7.702529444235067,6.622237461943959,14.98007520962329,-2.8467827476127896,0.37283396401575636,5.691870280561295,8.784917285044989,7.3603789603456535,4.743398562073708,0.1454255223274231,-1.7612857612413029,10.638444950414259,-1.7632217084945634,6.567554940174266,6.4457396570593115,5.605423097203418,7.422124062147406,9.088763354789643
135,8.81701528429985,2.5319904665152233,-4.346736049652099,1.3093697573575709,-0.7200651592678494,-3.5003886282444,-1.834290747235461,5.799405190833779,12.477044826330141,-2.803955682358423,-10.354816947218984,9.742840510606765,3.3758586327234905,-0.5019607363745223,-1.380038202155468,-6.7984175390667385,12.08197675749313,11.581198264445577,-3.59071445187857,-3.8465355224463913,7.184214287615837,6.646594770252705,3.408844751246432,9.50639434413212,3.420164039399889,-1.489687832982041,5.94283361421075,2.3255436004594316,7.875097181738877,0.0924246359616518,2.478513439980949,3.68082484189007,14.605528180088315
136,5.231984912976623,3.6492192294862535,0.531715652346611,0.5149428447087606,-0.20539175669352214,-4.9831043720245365,-3.260229576651643,0.060299325821011565,7.897594711115194,-4.964770095292912,-9.75081425558689,5.800699322670698,0.6490613592995538,0.7373785831380723,0.2950854745022086,-4.880212603674995,9.568303964858831,4.888723574933552,-2.1950694863186326,-5.654957892639296,7.686543919542369,1.4881829032230944,-0.2238174670554222,10.861464241655861,5.344182153542836,-1.6394043162811633,0.6931517595468566,4.5487035207970195,5.81521509624109,-3.9695606619119643,2.2162921399604985,-2.8287343920932875,12.38784104266337
137,-0.025709526240825654,4.172030742963155,4.756962038017809,-4.087439022621968,-1.1161733839246961,-1.963831502199173,-2.5881280121279926,-3.548943498626698,4.746429902869601,-5.873922286338584,-6.927751125291336,1.8505528256297112,-3.666492630210188,3.7415146287963834,2.4156158039736195,-2.108368566632271,4.938625758470491,0.08013994069326491,0.5324152919442154,-1.8232310719433285,6.904853529435523,-2.9309046798430027,-2.7781655522103006,7.3680531855036575,5.32999878194597,-1.396258338939312,-1.3384849839778834,2.2088218501140906,2.4842331722015287,-3.13279893361032,6.265106041256974,-6.536698521011406,4.792727080129442
138,-2.4443746857345103,3.324717554781172,7.1911606118083,-8.795453424255053,-2.9791894276936848,1.900427234172821,-0.2428059723319077,-3.83108411417451,5.229802414428356,-3.5084844501905663,-4.000125641046568,2.0969511970877646,-6.470701007710563,6.7460562773915225,3.4591225409923596,0.47445989582273695,4.467805100041766,-0.4560646145116715,3.6197296228519704,5.855665449585233,5.835902533632644,-3.630220764094875,-4.111101996708424,-0.16416745578370442,4.963182165887621,-0.24291585212530092,0.06282426590143247,-2.9129771843639225,0.15207059935825626,1.0853464722633361,11.51777620722608,-4.444883341328629,-1.4686830441157024
139,-0.34960324686398964,0.60109710627132,6.374864755570888,-7.886394704381625,-4.866903668642044,2.39247328620404,2.067872964027451,-3.565549758977668,6.392533489437991,0.3270999293687732,-1.3513112581053446,5.422775918245316,-5.148761333359612,7.446250233539315,3.479137438674306,1.7086857928170098,9.134877365688945,0.4853559618904477,5.308514993897704,11.493022573845726,5.000152405906231,-0.7599469714221501,-4.730302726968806,-9.202120129655047,5.532837046517266,0.8837930584369704,1.7041192519110302,-6.053659462651541,-0.7289400449613246,5.214695206284523,13.127072363364988,1.8193003965748682,-1.6574581538637478
140,4.2906149860471485,-3.4405604468451605,1.8942021161317826,1.0749680966966682,-6.269248226616118,-2.017315711826086,2.641150092933236,-6.230064362287521,3.1763924987510195,1.649483129035595,2.086693402119847,6.402972611784935,0.19835353162553576,4.907256257048873,3.0461318021596866,1.5243386420938703,14.136907072954399,-1.8425614109174127,3.370801282483478,10.091356825970468,3.0752071548015514,2.7033742473327687,-5.358077091422487,-16.67638919520669,6.273821989695231,0.11225234769111456,0.19389509323031404,-4.136134784582049,-1.4989025861751744,7.1709340691566466,8.947392396810578,7.964778900146484,2.8148555755615234
141,7.8876461089588705,-6.948176911804411,-4.236078628897667,13.969048096073998,-7.196061794832349,-9.169727815687656,0.9411543673131524,-12.087920625195947,-6.153240523885849,-1.405758588813072,6.525268106959587,1.0836394615471363,6.491086673736572,0.4524861823680789,1.911368005497511,1.1786474413341945,13.78178819476865,-8.550487486379486,-3.142858237721199,2.195305920250359,-1.9403658660247605,3.503803251045091,-6.199541875181046,-20.31360022905396,5.292155967818366,-3.362690693937069,-4.796560947285142,1.1943927975588067,-3.4763562795592517,7.516641104221344,1.5069593423750343,10.50776553236776,6.232127533072517
142,8.04615797251463,-7.799673779805501,-8.27686931937933,22.508842024538254,-7.82251941230562,-15.152327051758766,-2.198851432742142,-17.678445848614672,-17.82242494960164,-6.1927617691284,9.760072790432808,-8.412789967656135,9.876217422468795,-3.1666899704655935,-0.7644898087479347,2.018605505095588,7.001487554505814,-15.071933249632517,-12.210266739823098,-6.210485061009725,-9.916341733425222,0.663445098059518,-6.571264613538664,-19.622862067164444,1.90793626970715,-7.846972471059755,-10.176368553971136,5.289032176483509,-6.282183687861373,7.790374365448952,-4.178196825632235,8.58604125595755,4.405971913110642
143,4.926457865908742,-5.308473566505644,-7.561770454607904,20.63526122396191,-8.30001250869698,-17.30500515513122,-5.280625768551013,-19.091731826926388,-25.736388594605202,-7.789222903419719,8.583030187806418,-15.28411395177245,8.59826868110233,-3.65759091599043,-4.85159739990567,3.943830830521054,-1.6084168761275535,-15.147152980168661,-19.29832230404366,-8.700576235141073,-17.340251336706444,-3.9992801319985163,-5.398788237191261,-15.998829629363083,-2.352924578719669,-10.0800446465958,-12.177048508511033,5.096471096194068,-8.00294331806462,8.077039098739624,-4.8095033226943595,3.411666456196043,-1.2975493626935142
144,0.4914270043373108,-1.0286568860212961,-2.8697717905044557,9.292758650249905,-8.783914497163561,-15.738597272336483,-7.043846287378451,-15.522494277288747,-26.63477638433146,-3.8247081526490145,2.1868963574254234,-14.192105205357075,4.000761143366495,-0.7478817895401356,-8.387168048426162,5.296218158801397,-5.978909001100895,-7.190421465252127,-20.306258294471476,-3.858469537326268,-19.60352883186746,-7.578395022168046,-2.3027813104873007,-11.667407152129382,-5.16153311530749,-8.008562256733692,-9.58679372557374,1.7975707975930946,-7.041430304690105,6.6355304479598995,-1.2524288107709187,-2.976816909180747,-5.5355982255368
145,-3.2849996156990526,2.3593838061930406,2.142483525723219,-4.644393536779615,-9.27196923494339,-12.450784713029861,-6.923919747515423,-9.522723014964614,-22.06441929923414,2.908873580915983,-5.944715505422548,-6.147744143009186,-1.1317787241604593,3.6216572530047837,-8.832439127703045,4.505631680952178,-3.934753495593404,3.262371933176404,-14.758644005586934,3.7387451912675584,-15.07084627481217,-8.385554571946463,1.6828795633417495,-8.011052355533693,-5.502598054872619,-2.8251721165901005,-4.597245538650557,-1.1328149354735086,-3.836024002331059,2.0931995034217836,2.6704352727023566,-8.230440304097202,-4.381782960146666
146,-5.666948051005602,3.266042589975728,4.158195888996124,-14.046285756967134,-9.20941454751624,-9.316435012221337,-4.978193798806609,-4.015056757386341,-15.688300056512965,6.799161598606165,-10.143797037386618,2.511847499012947,-5.09411412609948,6.539974351261938,-5.481441307206486,1.851926047147976,1.1684650037177773,7.788178580147879,-6.341522048032561,7.761469834173719,-6.932649474194709,-6.951099194231487,4.535357750476675,-4.583448950110412,-4.230156094166968,1.847830428633579,-0.7058628142573112,-2.0235903841811558,-0.730667950767206,-4.148532769083976,3.557729892614411,-9.93643738826116,0.8482322976702735
147,-7.098286560177803,2.4365760496921007,3.029792103404179,-16.442335926410223,-7.4639193601078455,-6.8871414891444145,-1.6453918334914417,0.5009055302240127,-9.365923831629198,4.56639153042505,-7.273193335897008,5.832649567723275,-8.084978929493163,5.970771422609687,-0.5297387863487698,-0.6249527257349756,3.7828675037206607,2.388419142791203,-0.04612240125966627,5.561439732710521,-0.695809431532596,-5.129044571093151,4.617127677227589,0.14631344632404605,-2.7670930796199373,3.06474026413851,0.2634250154328901,-2.5519978584245195,-0.02263250874310005,-8.130359941348434,0.8402757213973417,-6.7623026973257465,4.930313530422392
148,-8.245542202889919,1.9445409056213168,1.473547774553299,-14.076159582783779,-3.1498075273301867,-4.723760197591036,2.328280960277813,5.565312533877616,-2.3213507449904154,-1.6927276476351327,0.23667697192624557,3.074662408232689,-10.707158115175035,2.0312065272050543,2.552100651485975,-1.1578892562124463,1.1584949770639108,-8.778966489292326,1.7195848517639691,-0.1045221413175265,0.5631225545038568,-4.3181041323003315,1.93023979564772,6.76435572054328,-1.700023545159234,1.1027324116507242,-0.6055374706900397,-5.0024232022291,-1.945968730420601,-6.510727748274803,-3.566063742085201,-0.11090805712673399,3.6735090088276636
149,-9.11931571662426,2.8898088216781614,2.0315868824720384,-10.0926500722352,3.2195085962613423,-2.4139456897974014,5.841858578891289,11.850480523220329,6.1353628957687425,-6.424610428338827,6.135808695194333,-1.5757727213203907,-12.126476584540473,-3.114266803791357,1.9779734465098657,-0.14288250737720065,-4.586300587238267,-16.718246563914278,0.6709252658278443,-4.234567755744571,-1.2828756494725004,-4.368907876046641,-1.7829572006743004,13.48459805802601,-0.7966395907931858,-0.9500328052875607,-0.6890731987565063,-8.508500395819198,-4.443714999571079,0.04760107696056366,-7.441284915296043,5.7934756461117,-2.3940443793932595
150,-8.97661052197218,4.158912482526567,4.459132169187069,-5.417549586958355,9.491942937009865,-0.07200012803077697,7.601335637453126,17.203725358774495,13.988213760908259,-5.569819732460865,5.6108474842337674,-3.450150656700134,-10.308364669481913,-6.704591975655666,-0.8817170387090638,0.23828980127970378,-8.8885353304619,-15.046358239083062,0.5899265720400699,-4.238114562772569,-1.5219945527137595,-3.971709035691761,-4.197484976433693,16.989550590515137,0.0011817826165093316,-0.15366825600003087,1.6527255884436673,-8.96305125397305,-4.958174101099735,6.638684029132127,-9.949664895854346,6.6362293230162726,-8.880892471188591
151,-7.000945288687944,3.608990560306443,6.167106282711029,0.5838412046432495,13.156385407182906,1.9643770925700665,6.694999667202554,18.094321834486585,17.45406284928322,0.13728131804355356,-0.6289461116458095,-1.3837192125618458,-4.402226545082199,-7.2154074394425685,-2.947402528552122,-1.5552442404958937,-9.027588187262069,-5.027433352810996,3.710759207259777,-1.6821387867842401,2.7117656634209,-2.02878014814286,-3.9339436793580966,15.157346046552426,0.21745529572168987,3.5977940006658087,5.6490694326023725,-3.3193628753340523,-2.634375663973936,7.734446716308594,-11.487921419667035,1.7656406681570742,-11.663321675289245
152,-3.1767872899770735,0.5349459058708614,5.105658276751638,7.171769734885958,13.20060847600301,3.588281905092299,3.3342274078508702,13.188145911277728,14.732149843559709,6.347396133250968,-7.1509646454522775,2.1718958765268326,3.3134538769721984,-5.255627395801766,-2.362447253276789,-4.476924933989843,-6.187958508036857,5.995518677291416,8.88255916362585,0.0594150528666519,9.653530890637256,1.210117015189358,-1.347048542600997,9.252298382633343,-0.32765673134062023,7.6361848621867425,8.866979185231896,6.155176943124727,1.0228440441736362,1.8056812092661858,-12.375225214696512,-4.70475114426679,-10.140586540812539
153,1.352160780876875,-3.163062630014287,1.9497381288558244,11.099453290303549,10.810169258713723,4.921613553911447,-0.8585604349287544,5.331023655268688,8.373745245988978,9.187215299280577,-8.696908434463102,4.142178048938513,8.463322192678849,-2.8289988501820456,-0.04293219121389611,-5.654977483219571,-3.6536678935206215,10.991088969012102,12.967276220058286,-0.5694169700145721,14.540307106806877,4.1711295161928446,1.8871619986726882,3.301946543338822,-0.7655371983846029,9.091132270042287,9.298900586228038,12.705322990583818,3.5619797833809037,-7.093057233095169,-12.043184703443108,-7.17082501285606,-6.8370110264846256
154,4.79241236448288,-4.490053221914503,-0.7102947756648064,9.17088611341185,8.165348238415188,5.990940650552512,-3.5145790925840052,-0.34217637014943497,3.3177288493444754,8.186778329139532,-4.644732713699341,3.516891348361969,8.13724538832903,-1.5549283984095552,1.580649223438529,-3.3003589550654095,-3.2734295564681983,8.634915519328345,13.807740560797757,-2.0870770031497594,13.914157720322304,5.103272844638143,3.9545829435612294,0.8986879180117351,0.08786961237589518,7.394756081492402,6.953664241142051,10.997897746258003,3.7109866714695605,-12.370586016774178,-9.563288130865592,-3.5961605687108307,-4.390383965180566
155,5.799430713802576,-2.2000648127661813,-1.2144267674535514,1.9490274108118482,6.481325848897298,6.6223830953240395,-2.9794036935469728,-0.621726488477962,2.2967150835103767,5.602866305861363,0.9350296972795974,1.4738252833485603,3.6447478274504346,-1.3776687785636548,1.2334578196669734,1.2020359185006884,-3.7970901270245396,3.2656374261492775,11.809514090072277,-2.0208233779384974,8.501450244416581,3.4625947170314335,3.9959317981562714,2.2405834786775634,2.0204754481712976,4.410446599472401,3.705018188804388,2.548874064933422,2.2760365867033236,-10.186209427565336,-4.8461412932814625,2.464260460330277,-3.2319745300781157
156,4.389854935347103,1.838021217700508,-0.589880059286952,-5.6248496025800705,5.223764583799574,6.710836285352707,0.3487283796435449,3.11511243232201,3.3356000471773535,3.4809113131013025,3.3637913122426633,-0.29776588529348375,-0.4703217095798916,-0.9300824055491492,0.13187736965889155,4.338725584910976,-2.5778776681007343,0.12841104041962398,8.855957466502522,0.27058494002336547,2.245170163505889,0.47768729783239816,2.4740312561551305,4.217795745992079,2.8813267745491533,2.340566685033399,1.664222010346346,-5.007778652185618,1.1006706197087357,-2.5754988968372343,0.7656318879709011,5.098738739887874,-1.991718204248519
157,1.9362569086253643,4.205939079655542,-1.309714281000197,-7.940560433599684,3.2028034494982824,6.434906846284866,3.9240897809405153,6.212319634334985,2.075567122819552,1.7803560395882096,1.5429167740566785,-0.8795798413455487,-0.5133223649528291,0.7896408625813418,0.6605131113251974,3.784501036753257,1.300771415233612,0.6874680220193806,6.051650644041771,2.982411072589457,-1.188890355698606,-1.577290446630546,0.7274623942819047,3.537780469510613,0.4444167600737678,1.6691031162302161,1.4982622790442737,-4.632807617270669,1.217878768356835,4.208599587529898,5.090881365828398,1.6183612686064508,0.37989422537031625
158,0.17480539679527282,3.0075914687580534,-4.397866227477789,-3.4560030293133526,0.2625402596261766,6.0199521139264105,4.601387563275128,4.746204433053038,-3.3432775250701017,-0.7153459852344768,-1.5754287527051083,-0.06412360686808824,3.012077765332328,3.085485116686932,3.7592310297714415,0.6782351221475337,5.760822486045749,2.1748614566666737,2.797745042762091,3.8700252945224443,-1.047309359971513,-0.9490823433512733,0.06543952513961716,-0.08040355156153077,-4.866336836086379,1.108674694632375,2.0575069604918013,3.633873234248482,2.02305725398587,4.735028679668903,6.375672735819003,-4.899262465536594,3.298661607361975
159,-0.028916478157043457,-0.48680089314778646,-8.016916221380233,4.070165781925122,-2.325875532627106,5.280824822932482,0.9499173364261302,-1.3315850725007612,-9.867140119852023,-4.16155265930087,-2.293999899265378,2.1128004558384417,6.060097419553333,4.007058376489684,7.653939643571543,-1.5175097807414002,7.624818649402885,1.2065233971391405,-1.9584055168684138,2.555210740793319,0.7828384904151268,2.2873965083133605,0.928364791372355,-3.7392219203274424,-9.43972943358951,-0.6637523354485978,1.5401205808617349,12.644511676111886,2.197879638250281,-1.3694764830172061,4.295249316750503,-8.579150161809391,5.265967686971028
160,0.8415178306400776,-3.166531859503852,-9.105051644146442,8.976307701319456,-3.21303555170695,3.5854142006486653,-5.381315972019986,-8.414660297160925,-12.185174065966939,-6.846629282762838,0.20702908924499222,5.159119638800621,5.069736814912822,2.2893041344576104,9.221693011217338,-0.4837727732128567,5.721120741478233,-2.4747950576600575,-7.87878874845283,0.7260266102495647,2.028273120205453,6.166320146549316,2.583246373115702,-4.3644703045123965,-9.321000751521852,-3.4425759454106175,-0.8509649451995311,14.629594077897627,1.3307238886269128,-9.359089802205563,0.1535203482319669,-6.264147996902466,5.500903981782141
161,1.6056432627141475,-3.023971974187427,-6.39785935068503,8.379343688488007,-2.5643695089552137,0.48574579805135726,-10.504834724635613,-12.221131067289862,-7.912124973396923,-6.781800350477529,3.3661379405232363,7.611350923124701,0.3919143080711365,-1.0857809598362722,6.735568395707497,2.6711271233028837,2.0267413632814275,-5.8072995486713594,-12.944985307926355,0.2271190241333984,1.8145738513545786,8.136132525546211,3.5843616815957615,-1.8633802663989183,-4.039700120356348,-5.6659540811250375,-4.181881298852521,8.02165729881719,0.4917458368510735,-13.279768482595681,-3.686830442126204,-0.16889963216251797,4.587239979278474
162,1.5427665457129478,-0.854896338780721,-1.7163055375218392,3.8399648053778543,-2.080137644873725,-3.5336617305874825,-10.968570261466795,-10.816353752516036,-0.14579294143017207,-3.894677239448525,4.0317394733428955,7.4923821114003655,-4.202736552887493,-3.395976572535759,1.463472298411436,4.637894176608986,-0.31382866916355007,-5.680507806617589,-15.068069890488026,1.2182289503869557,0.6281985158615924,6.8273592615234,2.8064973582612707,0.746207301226649,2.4459227098359,-5.9652506917022,-6.5846300554829975,-1.6885272947161696,1.123825836835838,-10.472262296732515,-4.867158735670695,4.702530917194155,3.611618921870277
163,0.9754716543480754,0.8161801850630177,1.7719121024012565,-0.9707290149397321,-3.2951587493220966,-7.007175950706005,-6.315177828800388,-5.475877793029297,5.184178604636082,-0.3482253953467968,1.5891297743764035,3.966752479970455,-5.276596222321192,-2.5001894873242048,-3.290481353915015,3.361320556534661,-0.062087946159895074,-2.14750953639547,-13.829985441856605,2.2877186238765717,-0.7931177555880649,2.9806488816227232,0.3990558866173663,0.38551264165378196,5.008820659584469,-4.385416911091915,-6.821350918952809,-7.41932476589153,3.390529916053865,-3.131642262637615,-2.25716980687547,5.4528712804118795,2.993854666040057
164,0.7709679575636983,0.35831193394131133,2.48237252086401,-3.688953651322259,-5.879312527179718,-8.335079566389322,0.5264420814630462,0.6807777410329774,4.647087774997534,1.4401165681869486,-1.593744262359863,-1.3659857228398322,-2.864116295013163,1.1405615825639215,-4.796016636802706,0.14957609176635742,1.1066032564917276,1.6993052391778856,-10.514740301426066,2.167965957806224,-2.1110691562929054,-1.1540983269611995,-2.1153426512659705,-2.922022184220756,1.9419300168752671,-2.119866831358089,-5.188269978345827,-6.687952056093964,5.747600332992833,3.8869424887001514,3.18193832766719,3.500104140076372,2.3402272711197534
165,1.3181970665231346,-1.4415511053469445,1.5622856490314008,-4.3762137409713535,-7.723211002349854,-6.861193758249283,5.420836069234988,4.770434626659681,0.2355381593454716,1.0104520736738694,-2.6208261778188304,-5.267592293024063,0.06000005735291375,4.726446415276029,-2.901054913914481,-1.727428796556261,0.7033662186112515,2.9309078412396565,-6.586510243803956,1.0425966601996195,-3.1074409193180976,-3.4513479729316066,-2.8719613585383335,-5.981937823499122,-3.5096810672018264,-0.2764875845507134,-2.9841325892958532,-2.7690375135388483,6.287770901511355,6.788051895797253,8.584084070310361,2.2201315040389695,1.2604751970086778
166,2.04983237311244,-2.35404561691814,1.249523127451539,-3.979968039888061,-6.793699105083943,-3.3174193784594537,6.059326311437095,5.4868241305961165,-2.786273304113122,-0.00010416951290396757,-0.8865467514409575,-5.46496692635119,0.9434406386481391,5.530026093558517,0.12901647423588952,-0.4735653671125571,-1.5619305973049513,1.632608219626404,-2.5263702176338017,0.0790516131867965,-3.3270851219905184,-3.290610222589402,-1.1858109819128158,-5.565479359472924,-6.173542944590251,0.8921733373819396,-1.1689223003638691,-0.4608700621959775,4.559211848712549,5.051356260292232,10.709813281166845,2.97189059211976,-0.03026436340241205
167,2.004798973724246,-1.050986913074222,2.340505224466324,-2.6563781866182885,-2.985263322459327,0.6251648541539907,3.391716051392439,3.291154904420986,-0.9101623019506765,0.13932792634464974,1.4195274447285853,-2.684397953003645,0.1617864105436537,3.239257717981588,1.5810181940797456,2.328964604271783,-3.0991180497546527,0.419604948428016,1.6066597081980734,-0.10460500702971504,-2.4574771536157485,-1.6775928091789996,1.6597262741799683,-1.6398261000470418,-3.601545578903622,1.604752961979356,0.3766835276470628,-1.2932547386302504,1.9965872154003237,0.8748335060896352,8.091663349328972,3.8617098862305284,-1.0613152442411298
168,0.8414046071120538,1.5750725251105098,3.4558868601918222,-0.07528303066889445,1.7373586968415313,3.2587738864123823,0.3815322902008164,-0.17250322463900544,4.485570628975713,1.3084015665186006,1.4583560193693914,-0.010862130811437965,0.11005939294894536,0.05358870433600143,0.3350614489511002,3.3019120009409058,-1.0231524873958078,1.234633773920082,4.781055773413459,-0.18124114047913326,-1.0528115630149841,-0.19226887360924766,3.180677319460727,2.524422852294065,2.0597079194254344,1.7483274870833685,2.2488841741930607,-2.8992327388462633,0.4791827100079234,-3.001004710048437,2.2375931954238473,2.3215490786565676,-1.8196323159195127
169,-0.7667470343410969,3.3455870125028824,2.751222309470177,3.035774949265437,4.903468772437837,3.6184853926301,-0.6685364769726265,-2.9742396619430806,8.661710079326186,1.7401896202287008,-1.5521274888238241,-0.052886885777115825,2.1029827429188623,-1.4855893337449362,-2.568961420031481,0.7008026520411174,4.470842129962389,3.0270007933889116,4.942599586969198,-1.2037520825508095,-0.4769823968093446,0.22204776463054476,1.5994413098756304,3.474791325447036,6.480244017309612,0.8281359549525172,4.321109094191343,-2.4870244296657487,0.47555512080832224,-5.010803486406803,-3.2582554846275142,-1.6316667281919055,-2.747705413472085
170,-1.7817810900509357,2.936437910132938,0.11556800901889801,4.581770072380702,5.288442681895362,1.8808847777545452,0.18943082195956532,-3.800060448258422,8.023759743501973,0.13199041824961125,-5.488666850467061,-2.6324458710849283,4.633404854271147,-0.7896787756404211,-5.029485965884009,-3.799988331604335,9.468561850314916,3.034413916724069,1.0627450887546983,-3.1301725535165694,-1.7213652035657396,-0.34716535040310453,-2.5999384810949895,0.8415092115358609,7.1366409460703535,-1.1822519219198893,5.422783370627913,-0.18879764579063238,0.7124345578798433,-4.9764107197523115,-5.227465142632221,-5.15484110183186,-3.9215054735541344
171,-1.8303682491183282,1.0814908136924108,-2.5190783168189226,2.981384727793435,3.437306830742293,-0.6693505469709635,1.1894365621776115,-2.5282201739244683,3.3263486512871676,-2.637358840121779,-6.9609965030537095,-5.205122964829206,4.953395465430286,0.5261303969593936,-5.562680864056875,-6.718671654330359,9.438612073659897,0.4131336339882442,-4.718973367713218,-4.565595197535696,-4.204533012623482,-1.3013333522138142,-6.8339814784679005,-2.437775994946317,4.971051839325163,-3.189506400463193,4.456712018611819,1.2830457770547201,-0.26023499485923024,-3.3758827418088915,-3.115191590495226,-5.552641203006108,-4.508913863272894
172,-1.53414770886302,-0.24596242010593414,-3.0436112068593504,-0.7396947940190634,0.8850570162137349,-2.2216719349846246,0.9347630725381505,-0.1354939438575922,-1.2439369559288025,-4.094748926197374,-3.9719213593837828,-5.455701237916946,2.2300932308038077,0.5186943071786054,-4.230739747369012,-6.072488264408377,3.3661789994600206,-1.9209180516856057,-7.732359994289487,-4.158602488892419,-6.004094138424447,-2.2403422792752585,-8.301484605099292,-3.076134016419329,2.586371011659503,-3.580030449081299,1.8332563513933227,-0.07958839383236198,-2.271541431182768,-0.8089736223220825,0.9450766342442211,-3.0940263445178666,-3.451778316072055
173,-1.788842847943306,0.2484907575779491,-1.2112971302121878,-3.3571254337827363,-0.9571799386706618,-1.5705030001699924,-0.2388087263921412,2.0616280814242915,-2.0291519331377605,-2.5712450375390605,2.505115424477777,-3.405891160108149,-1.2545031163427565,-1.06930976625272,-2.2608408581378847,-3.071458641025755,-5.015994904346244,0.16393503422538439,-4.561991610499316,-2.192882264299052,-5.593900925301491,-3.138627294983183,-6.111210324662797,-0.6155494649599238,1.4194975034230286,-1.7277006432414055,-0.4872767842093179,-3.2256753832794898,-3.5036404728889465,1.9384569518268109,4.138594896328159,-0.572986031572024,-0.8287441943372998
174,-2.741593565046787,2.0370179262426165,1.2380264228209854,-2.4691438111994,-1.4310343739059237,0.7965207830071449,-0.8825215421071867,3.2795896349951277,0.8427854540736176,0.9885316185739844,9.08757209777832,-1.0662140801548958,-2.3027130948172676,-2.650838959095783,-0.8606893815273462,-0.6649513032701281,-10.23632532496785,7.213178451572146,3.262858946656072,-0.56634561894905,-3.445822311208603,-3.97473814090093,-1.9255003016045753,2.256413544823484,0.9398362492935525,1.1406440617040146,-0.7062677020250365,-5.196417473083319,-2.420070651827789,3.7876078873872756,5.197114655702579,-0.19344120224316916,1.7148162871599197
175,-3.5396617010235785,3.3776370445887247,2.376975028216839,0.8804139954348406,-0.7346401651700337,2.7300195885822176,-0.19969372378616798,3.5690542334734006,3.817903466002886,3.6660803362380627,12.127396536427876,-0.2880174726247787,-0.1381020176741812,-2.515047411066155,-0.28068235516548157,-0.5953507781028747,-9.672983848771384,14.252794493167173,9.66514135793198,-0.9877362889902932,-1.7416553256359506,-4.407574339281945,1.368725190137295,2.4495791502115205,0.2363532419833872,2.8420178668443548,0.977770984172821,-4.361711579699849,0.32264986961353115,3.826512237638235,4.912601050807209,-1.2831169023281999,2.29743735847019
176,-3.12685024230741,2.948215165072017,1.8629675716161729,2.963973434228036,0.20809677441914876,2.085693622380495,1.0221794200379675,3.3983020716628363,3.4352078340774357,3.1177150007597234,9.93742420437724,-1.171546173095703,2.6943648791975443,-0.5817347986753597,0.14196115247038907,-1.9389047940572104,-5.529037398307822,14.550921256343523,8.981339827526448,-3.1408841033421813,-2.252962218320116,-3.9642554308686937,1.804094321867253,-0.48815176908562824,-0.3705041825771332,2.2390268604422725,2.4604164403538373,-2.098863208016684,2.126714125639055,2.1246834844350815,4.748659728503808,-1.3168507074523303,0.7452938386372158
177,-1.2838380996137857,0.9484774168994692,0.921903795003891,1.051891149746047,0.13314030435350205,-1.0323066983371973,1.3227832818903573,3.0570328401964764,-0.28012693656045334,-0.3375310133709464,3.750951585728069,-2.4765063020400704,2.917209803395801,1.5560702161733495,1.0977496019629545,-2.3879980141917865,-2.4461994891942935,6.115573691470282,1.3073757841836575,-4.732947013476708,-4.403333713399603,-2.5457223155314015,-0.4447964632764776,-3.9575402309618344,0.21946576800611284,0.40151403948318126,1.9246983673683433,-1.1231880752846253,0.8725776061779116,0.03235513139516115,5.166306775335858,0.9988124238120185,-0.9591940605924243
178,1.1277605401352049,-1.2107404543293847,0.7702230172231793,-3.69173217482037,-1.7384711729155646,-3.613347395323217,0.3044671919651148,2.4973823720545965,-3.6834588861742685,-3.965781589753406,-3.05725489660751,-3.1828799486160277,-0.04096003241009182,2.207854302036901,2.448833602112393,-0.7172582772043016,-3.093649201614912,-5.458913302847317,-6.942565103256425,-3.528320660548551,-5.540805511810678,-0.641719920649415,-3.5494395415199564,-4.79632624184213,2.0346639457676146,-0.35060979737791903,-0.04821073593095292,-2.398700697477474,-2.8260796982340697,-0.5804647326469421,5.348426583336621,4.0771654525564776,-0.49174206313632784
179,2.9244324155151844,-2.1663713581032225,1.2916501887142657,-7.1968214644326105,-4.775502724034919,-1.898081653751433,-0.7546086413104359,1.6356561925522117,-2.8424288881726043,-4.869787403144116,-6.952158223924249,-3.278149103373289,-3.336207833223873,1.0892786147982576,3.2413436534792877,2.12221581141154,-5.878072501615036,-11.263854151680356,-8.268165008966314,0.5105859392455646,-3.352472211135195,1.0474790724970044,-5.509283705594692,-2.180315060949907,3.318629064824846,1.2833193291065306,-0.8607981842617656,-4.041718029005583,-5.917835745506171,1.3268102332949638,4.370570970744621,5.070755816582176,2.377133157991228
180,3.563415009342134,-1.634920170240932,1.3438692450523377,-6.458104805813895,-6.859807474745645,5.046771022677421,-0.171316773426242,0.6035949906637502,2.6110443653062334,-2.1942495531294237,-6.226252773473429,-3.0578140676021577,-3.4971741186247933,-0.6896046698093414,2.61613745051761,4.193816791640388,-6.783869640338559,-7.020458568774519,-0.5548830642256626,5.015728675893375,1.8151914100063609,2.205879955020334,-5.27011468562674,1.7811158779190808,2.219902147849401,4.2205028062643,1.2851067109163417,-3.3777263226897216,-5.691884517669678,5.146600792557001,2.329891959886725,2.948768175310559,5.25264512073426
181,3.376781590282917,-0.4545392142401801,0.21259201914072037,-2.4185696062114506,-5.7361117439137566,13.61089750379324,2.2814441177903153,-0.397190518655576,8.666637971997261,2.4739191947981367,-1.8046441258386123,-2.1385495834052564,0.12390030092663235,-1.9119123747182447,0.7524755236714386,4.587089345521397,-3.4153143264526546,2.817039037034625,11.16937848301821,7.165831657392638,6.9991551322188785,3.0608317241782235,-2.816456029389767,4.125418394077115,-0.8326771876464287,5.966328401898229,4.952855511460194,0.1100630191869514,-2.414374712036877,9.046786358952522,0.14168527940424477,-0.3432060099310345,5.251082931246076
182,2.97211354970932,0.19049789110819498,-1.4791582491248847,1.1949447989463806,-0.9906839446475109,17.905151292681694,4.931333765750978,-1.3723236156064411,10.143455911167832,6.509823815767155,3.5786659953206086,0.2960384763777256,4.708294461833106,-2.3232007220733997,-1.1357182569282,4.133379745483398,2.6330246564953828,9.04324155797561,19.256029137345248,6.017114404411543,9.077653561500792,3.9198130709784373,1.2829767516318789,3.651974254265064,-2.9530298143625258,5.052070474901865,6.230543081150499,4.097953388857287,0.8150298404620915,11.276201754808426,-1.6514265013904106,-1.8569267777105172,1.818326554128102
183,2.5531370509415865,-0.3664800703525543,-2.4138152159750463,1.7770493030548096,5.135618607699871,14.52056214660406,5.736166535354242,-2.4573452354863634,5.256680519081826,8.040384708448897,7.183908495792123,4.12144965082407,6.682115026728974,-2.4349230423916217,-1.8539651511020439,4.25436761048105,7.1754241911477825,6.206144971506936,19.814124481622564,3.1317657019410814,7.376205209404864,4.611241474392868,6.060851005797691,1.6343022279623078,-1.4938773815002706,2.539147873950559,2.388856511476428,5.691277798871662,0.9535807690969328,11.272023210674524,-3.520193733820101,-0.5629066617952453,-2.5903016541685377
184,1.8920521415770053,-1.9067996588018206,-2.038091067969799,0.3147711037244234,9.16377250622544,5.579872144758701,4.2263386685673785,-3.509560082540956,-2.5965017995168997,6.790050148963928,7.735509038128522,7.486238987743855,4.952676732672585,-2.5331166009743544,-1.345115439576465,5.3213038404782615,7.099769655355187,-2.551296447004591,14.925519621649453,1.0340403800918943,4.0136155314902044,4.515668819348018,9.983882677364857,0.19666925290735757,2.994854501883189,1.0267632083837377,-5.049067445965701,4.243869113367658,-2.112644451057039,9.740031801583246,-6.131246380689667,1.8654916137456894,-4.73238675553529
185,0.8715769903734326,-3.5481483995086616,-1.212916225194931,-0.13916620943281385,9.028756570650472,-2.957109721004963,1.8050776650992835,-3.974922074828037,-7.706323239692422,3.7838325840096143,5.612599772682716,7.942312298109755,1.4894956363572014,-2.21124829109325,-0.7041463401428488,6.249316487047407,2.865972339067348,-9.036296674893016,9.092467670697113,0.9621416316145942,1.7538683226213176,3.2560301656346944,11.162403135223592,0.14172712913373622,6.8101354519526165,2.046597037204476,-11.122361820970857,1.8618220326512358,-5.506408996698333,7.783761771023274,-8.937014994370502,3.033894477205144,-3.5404439909117564
186,-0.14138790033757687,-4.299136175049676,-1.309530196338892,1.7922343446148767,5.6144347773657906,-6.426375734806061,0.0855430477276081,-3.429104303204736,-7.200059657180032,0.5714724228479141,1.9553298541279727,4.7263924241065975,-1.0464553064770168,-1.0161595950986064,-0.9684307505918104,5.630000746912426,-2.1998723492372867,-8.317375592532612,4.195155091410459,1.895646565726825,1.4885056234420615,1.3479825742542744,8.449442642800351,0.3541394915522599,6.458694147401386,4.375965273657511,-11.713570522707561,1.2070926524872003,-6.142467679047003,5.885934995114804,-9.93503703867517,2.24130087511407,-0.8844021402654194
187,-0.593052887916565,-3.622089566787084,-2.6694156631827353,4.02481165735258,1.720970822705163,-5.303647791594267,-0.9012469467593403,-2.2978359056246833,-3.717984700315567,-1.4412652829358743,-2.2379875585090283,-0.07439907565712929,-1.939223335434993,0.6194266572941182,-1.8717269072698992,3.1447653240627713,-4.771776095379231,-3.3538047117846355,-1.5278260375178137,1.6051989538328988,1.7374677968786119,0.03230226909120878,2.773851841688156,-0.7790420273455178,2.1021781706975564,4.981033666102692,-7.271200606296229,2.911767128595086,-3.604536385070987,3.560336482524872,-7.2527517516438555,0.7730010855529044,0.5829047777113461
188,-0.38129656165838244,-1.7463720543517007,-4.034658709354699,3.219454007016288,-0.5460168388154771,-4.100912988185883,-2.5790439609710765,-1.7819858302557192,-2.8640256676563,-1.4919767601545466,-6.19037728808647,-2.892544255568646,-2.6248409847418466,1.4298024520624515,-1.9380559359872065,-0.13547044694423677,-3.794990425539571,-1.2634327526958216,-9.647034390028132,-1.2719464153938351,0.5256757324046277,0.27566497843889964,-2.752559988422597,-3.4472558238520854,-2.470761521988445,1.7777707412145858,-2.266184973162274,5.097678227999876,-0.33731311650537865,-0.07958344761282206,-1.1933911192889621,0.08245978918340471,0.24606143541279293
189,-0.052340525388717654,0.42732276717821754,-3.5939664989709854,-1.3231479509009256,-1.4392766952514648,-6.428257051855326,-5.8074218819781045,-2.7437163858219633,-7.5692358386031415,0.12684064782982649,-8.873952367624572,-1.5623757340013982,-4.54768020245764,0.5438025756630787,-0.0033403558786525285,-2.7285316003693474,-0.4634824931448282,-5.223850542590732,-17.603515253510587,-5.876102037373043,-2.3087287483380194,1.804370526756559,-4.693369545201038,-5.906130992784733,-3.4726207507981193,-4.366369555162829,-0.840967341910961,5.2352686884791355,0.9007760875108766,-5.2549453809857365,5.361453352904901,0.18070127897792393,0.0922059416770935
190,-0.24291952326893806,1.8139186991585625,-0.6987385239452124,-6.2608347336451216,-2.7491467316945393,-11.154275435209275,-9.202941078965257,-4.603353008281353,-14.738372818848422,1.9957121513610663,-9.005052258802015,2.855301981419325,-7.221199697918362,-1.3576718915340513,3.30184596083885,-3.953338963786761,3.3960336193788883,-10.655123178093206,-19.76872487504815,-9.527971639519645,-4.672143601356669,3.1308320052034797,-1.9937316826049318,-5.889975014256268,-0.7784787178039551,-10.247498704597007,-2.976282464210377,2.3732032096663187,-0.3103762661538473,-10.74184772670269,8.836906701099219,0.0379066848092609,2.4204259358701252
191,-0.9365209937095642,1.7515542891290452,3.338282077759504,-6.923632082839807,-5.488630239168803,-13.542813559621573,-9.905302929442103,-5.6035527216140615,-17.72071548533994,2.231438881089521,-6.006898959015691,6.939511782675981,-8.639795934491687,-2.347851566104002,5.739327311515808,-4.288158453835381,6.610888270444648,-9.970688935546647,-13.13111310642819,-9.530839686858512,-4.075343478233256,2.6879013680985997,2.7941679624800986,-2.669691066916396,2.0473795745107863,-12.929946880007899,-5.016478729802508,-2.2515949184118313,-1.8905208110809326,-14.073080059885978,7.5479080095523745,-0.7494756885700755,7.035633820508208
192,-1.3857025295495986,0.32921114365259807,6.094145602732897,-1.5343097762929068,-8.535038779841528,-10.232980512082577,-6.366850577476548,-4.479944155313248,-12.601113926532657,-0.24212326005447743,-1.1274766305158304,7.635560147836804,-7.501564424650537,-0.9901341608790464,5.3761737069418265,-4.728054663331973,8.626348825388176,-1.1306145326012658,-1.693916728330213,-5.053624637779736,-0.01656961187403253,0.16268923293266976,5.207770322231537,2.0832235634145215,1.3762342992756103,-11.898465087940526,-3.9112997502088547,-6.398225965888002,-1.5579461299064683,-12.877259746193886,2.693779722946446,-1.2689252831041813,10.843038644109454
193,-0.8702284619212151,-1.7744463251696692,5.816621285676956,7.130220396651162,-9.594558804233868,-2.9862806662917136,-0.3884713882353248,-1.9032786304867544,-2.3148111382196115,-4.704469378604445,2.7217612599217613,4.448380216956139,-4.727467158105639,2.1032107146673424,2.4575183447017226,-5.856297920809852,8.879319562468417,9.10474961570331,5.754254176866176,2.1726872402997244,5.345090104544417,-3.1241582486601103,2.4427398325915033,5.403913121034459,-2.85998288459248,-8.898960011296493,-0.6366185733052188,-8.406409994114277,0.8852659144052645,-6.689317825436592,-2.949480820719789,-0.5181889492604468,10.40585004999524
194,0.472369567444548,-3.744963737328847,2.69856769037433,14.022401139967972,-7.434463703135649,2.6894340187311174,3.9531328910734596,0.006207832070284112,5.658351654230162,-8.890161001405051,2.8569832984791246,-0.5700181171298027,-2.5859906593958537,4.530180967131327,-0.6769838322733723,-7.391585466265679,6.84478205581044,11.181687063404492,3.245797218278397,8.770282305422283,8.811958633204723,-5.16886392945335,-4.139381560873478,5.222609686051927,-7.136896314223607,-5.925294746493185,0.9187206405453211,-7.887053956126058,3.5532549939504485,2.063035821914673,-7.158465878992546,0.9990240467919244,5.11545908663954
195,1.6552541270852088,-4.959184781048033,-1.2704598486423493,15.619325425889757,-3.119123301975843,2.7489902272820474,3.8244412701304364,-0.14127914850101914,6.095228915990785,-10.50320073095865,-0.9061586524164954,-4.641086008027196,-2.360423812166684,4.148087337266567,-1.708349884595982,-8.413198490109709,2.904285577840583,2.4029934392088936,-6.570091358450956,11.654880976880944,8.558849327107692,-4.817858054524376,-9.867752675046312,1.8894174665939518,-7.829668504993121,-3.519100229407466,-1.502191578926042,-5.436591063821038,4.536708367670455,8.982303184270858,-9.188816719665759,1.4752631998724408,-1.9930475453535716
196,1.7520288896746934,-4.983955630991194,-3.6516804531216622,11.782843556669023,0.8609575602743361,-1.5497571341693401,0.30805213404137916,-1.3619402570779933,0.7950596615325572,-8.855808168909578,-5.709907878276914,-6.1385100245475765,-3.0526745835940043,1.1037378165611,-0.4942411516988,-7.968158443768819,-1.1275204960689988,-9.554275454509826,-14.483658602071364,9.803135183329383,5.2488753389804925,-2.6453404270467304,-10.474687561075738,-2.129038689340033,-4.676410150693522,-1.0007607382397319,-5.451974814714387,-2.088322964865108,3.714339062753247,10.358276098966599,-9.044013302500655,-0.13431715447869566,-6.547875390343723
197,0.8027111791074276,-3.480278276072608,-3.0935247018933296,4.698295276612043,2.5493723690509795,-5.009149153158068,-2.501982668551003,-1.1558755857999934,-3.449798395467359,-5.275182330331137,-7.661404179972272,-5.187058971822262,-2.482496305223968,-2.084202715127017,0.8759807084881982,-5.663591416014565,-2.8818936368753745,-13.247786858252116,-13.13587869877039,4.744672295947869,1.1075704845976322,-0.476656463884172,-5.600140239647094,-4.092313442288376,-0.8450836088922289,1.8943470695684121,-5.757664819442948,1.05163506184553,2.479018377094734,5.831505909562111,-6.496635274189274,-2.51893094016446,-6.218091678051722
198,-0.23024431243538857,-0.3812364392810398,-0.07580811455845833,-3.1794570617170796,1.7193841258684794,-3.644746625050902,-1.3120393244231618,1.7475039903507676,-1.7422635484226914,-1.9531429323346117,-4.9031036009275635,-3.019339465349913,0.39103932393093904,-2.591695267793744,0.23216265195244273,-1.9711451917886733,-1.2986997293178426,-4.129932158937057,-3.8223375386969987,-0.5427043132838749,-1.949905699871956,0.046157482479299815,0.9180677669479492,-2.9287997033537887,0.2585460497273339,3.990191771193992,0.13786785269892493,3.118555189565171,1.9232928876469775,-1.118974451906979,-1.3522752832348754,-3.002792257401678,-2.2964911389918554
199,-0.43816096694208684,3.676148064289656,3.503348907083273,-9.980619170599514,-0.4414107382297516,1.5451808355748653,3.244324410107078,5.628691718848639,4.084230464558269,-0.26257566241330876,0.8590714501780133,-0.9871754340827466,4.3205572343534895,0.2717756850774898,-2.439910770978692,1.9128260917133755,2.2033697851868563,11.011704403729667,4.953253456326419,-3.598227470847113,-3.4322975351415734,-1.2846698707767896,4.252931472072576,0.163337437481415,-1.8588071023424466,3.5779144902561986,8.933614854202714,3.8712023441181627,1.6673110214675344,-5.627623267844319,5.2984341284850744,-0.3945858379205068,1.63023632197153
200,0.11596168465912342,7.19193467564053,5.555808547139168,-14.054814132965273,-2.349624084101783,5.842750917375088,7.205454012242759,7.1833225266878,7.637684698541497,0.03637631688007088,5.718811664470406,0.08526654243469238,6.89576916495959,4.40852415838907,-4.922734908932863,4.654656473795573,4.525858224824417,20.1278791030248,5.787307905596356,-3.9303471460228874,-3.9280772634009096,-3.1389219775086357,2.5706163589307605,2.820086072130901,-4.675697749439213,0.4391069987485575,13.981710859509402,3.790842155384463,0.655030010858687,-5.177227196842432,10.610996327749113,3.343676672834489,2.5458246563516913
201,0.48438312113285065,8.42059991326597,5.068601796030999,-14.00973432428307,-2.6796319900287524,5.6146661505103115,7.05552978050418,5.00585896192595,4.959488415440847,0.16982010284135507,6.638079866420391,0.12874907702207566,6.713098230626848,6.651491560215174,-4.936756543641867,5.530502392186059,3.1875188683354576,16.62041100859642,-0.5987173424557198,-2.9226042245115553,-4.052377250917415,-3.735964244320279,-1.577575657041149,3.3834152112646803,-5.391508258051342,-3.1901725752409114,11.44346672850986,3.5321723250455634,-1.0904012304253694,-1.6102689310908318,11.504108001546163,4.67806544734372,0.01176807993934268
202,-0.15552982613444327,6.566416818731361,2.625433461368084,-9.879197561078602,-0.5819060683250428,1.7262763142585755,3.020234092161423,1.554189038138057,-0.9327028400676195,1.0574449328489082,3.595979044603747,-0.23527815784327685,4.4389422956440185,5.366261582041895,-2.3675690515096797,4.809138292736478,-1.7448388625716054,4.580791770702317,-6.417401299920193,-2.346978109507334,-3.883151107646049,-2.2458730467728207,-3.553638904652697,2.0685675732973143,-3.56039615339703,-4.009626652265704,4.096963839746232,3.1014511314935462,-1.939624416392024,0.42029166519641875,7.17591421887642,1.975822001695633,-4.005219243821644
203,-1.6008491631597281,2.6157196829716365,-0.1395663633942604,-4.016104690523611,3.917090876897176,-1.6916757330298424,-1.2784371847604834,1.14999063659546,-2.859656049068584,2.5753113554660665,-0.834446276343146,-0.08829234223812818,1.9200084735949834,1.709922048241593,0.6838631158651307,3.427631970908907,-7.656479518080866,-5.88064103901741,-4.667445247256478,-2.7715227713897113,-3.272783364387269,0.5892187546761263,-0.5896734284593704,0.5700696183413994,-1.098286697268486,-0.38936757071073663,-1.1108807290709295,1.7425592292186827,-0.2163322415293717,-2.549490426853299,0.20109566210246668,-2.6903999174634614,-6.924938292020843
204,-2.7565336056053638,-1.0793090026204786,-1.7560718305408956,0.09140189819865757,9.329582764042748,-1.5322342425584794,-2.3682838329454747,5.570352317288864,3.02363598901172,3.9092679994050847,-3.7684867517199625,1.0766987100243568,0.48325359606080587,-1.4705988013640392,2.025094493877056,2.21715403397878,-11.229442620000174,-8.046699087534632,4.160378047200137,-3.2286338479745957,-2.3836145229796144,3.066797923474085,5.915552699185432,0.5165263283543471,0.0054936670594745215,6.012948093026183,0.44165227163669674,-1.029062655776046,3.710084923883764,-9.655697464942932,-5.160617273028304,-5.413665107554859,-7.365329796359653
205,-2.6795606419444082,-2.3646350514557626,-1.8817695438861848,0.6634311510456933,12.919581482642227,1.4613449633121491,-0.12491398686315955,11.604977799016376,12.754427047662956,4.470311458720717,-3.973064883157264,2.7730645844712853,0.15175460577011107,-2.080801818953004,1.4575178713299508,1.394902454316616,-10.610720520102701,-3.6322735257091976,13.020139910453974,-2.379724693440256,-1.6655746214884393,3.8372248865309215,11.537000625691515,2.0906869347502544,-0.28666516492764155,11.335579650606526,6.762689714514932,-4.17905138329018,7.169908982588024,-16.12999410033226,-6.1746193221429495,-4.205509973896874,-5.751767391250247
206,-1.4990285456180572,-0.8196578542391459,-1.2702657394111156,-0.6322791112793816,12.390000738037957,3.9936113696545363,2.456259154691929,13.424823759600173,17.934207148330156,4.429810061704281,-2.03049036098081,3.71154125854373,0.2685286005338033,-0.44902695680773536,0.7128978336370702,0.7854404942856894,-6.359228321459404,0.541223543030875,15.51756070935449,-0.03520356934695017,-1.3040449078729812,2.8441003317989053,12.290908627053524,3.9466221870445626,-0.3017102532916599,12.459486747896948,11.293697357177734,-5.273695369099462,7.365452743158108,-16.98424904048443,-3.5341653460409583,-0.8230307872096697,-3.6180566932473863
207,-0.31326005756855013,2.018524848255846,-0.8407686457037926,-0.2382714425524076,8.001173712147606,3.881223800778389,2.4882221981519606,7.925766897756,13.774155561314073,4.443128946215608,0.8553014099597931,2.849999323487282,0.4968303044637044,1.1518527721596319,1.4127651570841324,0.4322415418095059,-0.7869463096870932,-0.1625665608083918,11.857930163073158,2.454923083384832,-0.8986906269763378,1.164143299595231,7.570589007009713,4.437712408057073,1.3301339594026407,9.303294323211492,9.229137778282166,-2.4063629081775977,3.9810351968356747,-10.895910280756652,-0.3137217716472905,1.1598475492662854,-2.357624894096738
208,-0.17803680337965488,3.952029929930965,-0.7696625160053372,3.590290460321638,2.910515488187472,2.076523944735527,0.04405055394986781,-1.9971312644869783,3.751984603570363,4.939007316564405,3.8524440665577733,0.45337807610630987,1.0024240069919161,0.6381687334803647,3.273233561668285,0.7760998871591356,3.535982419758342,-4.4473868523325235,7.7220667656077895,3.36032736407859,0.09570457134395838,-0.024621724683259214,0.3729460468476123,3.0595316988665884,4.117483638392555,4.574231702401194,1.9478268969890684,3.644671074179716,-0.38911434390195987,-1.157377252727747,0.891033997259489,-0.03525455709960726,-2.3389272705784867
209,-1.1601317174732686,3.8334480067094168,-0.5050732880830765,8.66845072309176,0.7467581859893269,1.1375072360038758,-2.197618538286628,-9.605932189974673,-3.8276406571615573,5.673792218139698,6.413738044910133,-1.9311713341623544,1.8073323173655405,-1.9849146653053373,4.451042105292165,2.0510125544336106,5.068380168877368,-7.761386811378456,7.765027747597805,2.1969085595614852,1.5783912729709706,-0.37561726853961036,-5.076177383990998,0.8553795712750133,6.151682135793898,1.3693331618641698,-4.598741758701413,9.314394997302877,-2.5346015840768814,6.869601792097091,-0.08460279208857839,-2.8471679670943155,-2.889715369258608
210,-2.3184245048090815,2.24673412905799,0.33559608459472656,10.784267028793693,2.2842960907353294,2.152385324239731,-1.9656103624076378,-10.122617571852928,-3.8642844433008237,5.902981480193692,7.716564881247144,-2.7457506245002152,2.337280476093292,-4.611176104393116,3.6017719271571136,3.5548385944631367,3.812717451605686,-7.489056405566988,10.80238676071167,0.2403294447632063,2.6205969739784587,-0.38517374367940993,-6.283296571767076,-0.5414493992561247,5.940752750966284,0.8186544616555058,-5.705756543853949,10.80719797399848,-1.4702770757239039,9.52212302275002,-1.518198277892136,-4.350461515184078,-3.0328163701508726
211,-2.570689377002418,0.6811611400710211,1.2002114459872246,7.915823727846146,4.544334423955944,3.600983537733555,0.16985228875788247,-4.807328615467562,1.0222866008448046,4.964166980843212,6.791369852631591,-1.8143353203311563,1.878781787554423,-4.916774910203246,1.389411443887755,3.8300579400526154,1.0488549917936325,-4.950580470263958,11.567933470703835,-0.6246365205872626,2.2853388450247176,-0.5830294708943083,-3.8730728543819266,-0.3574551532908184,3.7108381006866695,1.6926878177842428,-2.1357270735640856,7.264857355245324,0.9129247540017453,6.905825016461312,-1.8689513918830127,-3.440574660897255,-2.347897575369903
212,-1.622252017632127,0.08488798174593183,0.9438829485327005,2.4334682857831162,3.671101406133837,3.2662675093859432,1.4666077843526515,0.4884377302125443,3.8610449334563213,2.8075627390035365,3.5342927323004534,-0.4733298525214195,0.459777706861496,-2.490794775926313,-0.20278027950417857,1.9318789614571465,-1.465421350542889,-2.864540094775813,6.806144041723983,0.33012826758481206,0.6997194497826251,-0.8245430051216057,-0.6611496495439652,0.6711801573997591,0.999539949827724,1.9844874057832151,1.2080066798384799,1.5984461301894382,1.9438439883836887,2.1255482224281876,-1.0931260097862743,-1.751167993578646,-1.241138823685192
213,-0.1691529726376757,0.16326474915775988,-0.8852530386298895,-1.130577262904909,-0.9225293731006483,0.8981264799833297,0.025400944235848218,0.8556760145827781,0.8294957411843676,0.14044411111146557,-0.5131147943956907,-0.23799871605588124,-0.9519760999414656,0.6862407085853953,-0.021204109325311905,-1.3503134614891477,-2.4743227577486704,-2.015656346366519,-0.9701053791267927,1.971761990482697,-0.816793846798704,-0.4913231423124671,0.6214858673988505,1.0238936347205465,-0.8212578017575045,0.798110981320226,0.49508422093335974,-1.96520849629197,0.8525575708325316,-1.1621372923254967,-0.08709413503728262,-1.4421393374602,-0.38593096073184696
214,0.7056120134890079,-0.031226964129341974,-3.1132006786763666,-0.5349026223023733,-5.388597666886118,-1.3711279239563736,-3.026862557341413,-3.283991185038589,-4.924281119953754,-1.8837851249547892,-2.8124798808333487,-1.2848715867847205,-1.3103385461701287,1.9049576815910811,0.9900121349234914,-3.7378106905354396,-1.8936138280862294,-1.0853667259216309,-5.967614916867988,2.362509412424905,-0.8988803048083123,0.5868441717965263,-0.7756165518484851,-0.14664339510405935,-1.5176227771573596,-1.1112287803444751,-3.2783488544613815,-1.4719064800545227,-0.6375895571417924,-0.8889805503189564,0.6902887345087237,-2.4772585762871637,0.12333952671005613
215,0.3709938621148467,-0.9470129400491715,-3.540230979770422,2.132053525083595,-4.902453543080224,-1.251899892091751,-4.4694194876384445,-6.8996860759202825,-6.855890682963437,-2.3013947086278783,-1.7226711248242579,-2.2627454459667207,-0.5411360639664862,0.12093175150627314,0.827499125239461,-3.30463485982683,-0.6957801980681197,0.7101991999716986,-5.017484105170467,0.6088917078006835,0.48514488339424133,1.5505452780496507,-3.340147445057618,-2.1247139602172664,-1.6459032618337208,-2.345818802367809,-5.606764123046792,1.3187540886533815,-0.32160095688773366,2.687642615567893,1.6152287434286825,-2.541716792517238,0.9867968843983752
216,-0.9210595592856408,-2.035390565296014,-0.8333933100104332,2.9570196519295373,1.299763732486301,1.3366463588550688,-2.1181586035868016,-5.221135294021562,-1.9681717855639236,-1.0139308998058008,1.9658979329951973,-1.634254489839077,0.3973989301257663,-3.0539434236842533,-1.2781396688416946,-0.3484898481104109,0.0058081787686015286,1.9749685809725808,-0.6001433886067812,-2.2259893129507655,1.870575812823595,1.1061744486824387,-4.649950650778223,-3.1426082097175643,-1.537662562637383,-2.247805107471555,-3.307574729933295,2.8832208604313605,1.9694933695037191,7.481578919291496,2.9119692930906282,0.2225861648718516,2.9085292243176983
217,-2.236315156519413,-2.384205636796024,3.926843413710594,0.5189242114623388,8.343336579203605,4.267477614060044,2.957238851523981,1.9201116648740892,6.144782989524131,0.9155940174363381,5.377514092035072,0.7765121161937714,0.5780413309733073,-4.724735433279082,-3.7734539008071257,2.5828762835926478,-0.013080976730169253,0.8433578383354914,1.995299167411272,-4.006426109466702,1.674368531145948,-1.0902923069716919,-3.2975821837465813,-1.9330173098459476,-0.8590240841110547,-1.3918820113636727,2.051440163060676,1.2898807934550351,3.8999454393619444,10.70009462982416,3.696626040266781,4.685958514197005,5.516213654052644
218,-2.564314918220043,-1.777764274014367,7.61194344162941,-2.6868947446346283,9.567682012584473,5.36913030743599,7.260177309920148,10.063080923501836,10.994506244049516,1.7106132036031678,5.671646217967188,3.53427973985672,0.15848224427964952,-3.2967086101687233,-4.170182580864707,2.774119426806768,0.1152030118676119,-2.0038218895594277,0.0779359451560087,-3.3926320395299365,-0.1688698504833465,-3.6561507554281327,0.0028683016116314744,0.9594950982165046,0.8041721095641454,-0.9543107831200888,5.457677046226901,-2.2510928192804025,2.6968996707440875,10.223750731348991,2.5365566709419576,7.335406036840545,7.232631496020725
219,-1.430208281800151,-1.042806617418925,7.268685522675514,-3.2720404581891165,2.457718017697334,4.2607712030410765,7.840536475908466,13.945691311082175,9.380560658698858,0.012391252573146376,2.206651032664055,4.826636803150177,0.22991655535168118,0.05640230951614158,-1.6056769191352434,-0.2534660927123494,1.4332942117092222,-3.0393530442601158,-4.242176036502039,-0.9898710325360298,-2.000770353256388,-4.3381848980983095,2.921571562581874,3.281231240164943,3.086025185055203,-1.7186545674190965,3.1202290051205215,-4.924917135127755,-2.222448969759592,5.899568974971771,-0.813732376912745,5.624195977217621,6.548087877886636
220,0.815342091023922,-1.2757947783089347,2.440424806252122,-1.0474205248885684,-8.927554641829596,2.007170502841473,4.558718989171633,11.440896686772968,3.6201101402903713,-3.985463864234991,-3.0439311432283978,3.941872176527977,1.5363858183224997,2.4340948007654313,2.020613173239453,-4.230378491348691,3.919022111005561,0.666119580467542,-7.043472476476847,1.2287292182445526,-2.0029570560189005,-1.9671844981965565,3.2745811374897653,2.6824023127555847,4.772711250517103,-3.567691223565922,-3.982239228348399,-5.157799959875817,-8.506744115817838,-0.012631356716156006,-4.4658693057007905,0.6782763389249643,3.6346666727747237
221,3.187027682363987,-2.7014701975716484,-4.351288539171219,0.5000525878535377,-17.353288226657444,-0.6002268388867378,-0.26167775944965643,4.4073503681047015,-1.8830967448478522,-8.333199653514596,-7.074634288589275,1.6425233453512191,3.4041865938239626,1.867557437613953,3.579470440398815,-6.018425007661183,6.163968872192294,7.809669749013016,-7.078257639740789,1.6457387038639613,-0.04457782874716089,2.273712817402113,0.7291161316506406,-1.2944418155565494,4.746257089906269,-5.668847292661667,-10.856946631919506,-3.887583498344865,-12.613201470273298,-4.011724585294724,-5.649401100670419,-3.489536924701598,0.5955697737988972
222,4.666978728026152,-4.324186449580722,-9.360600379109382,-1.8698966420359082,-18.386409474743736,-3.810528986901045,-4.036192834377289,-3.471024987309478,-5.294322019399599,-10.446065078641093,-8.015252645625624,-0.7169178903102875,4.099159577188806,-0.8542018507412353,1.522433190498241,-4.1629307780000895,6.426631065302117,13.33028741038981,-6.690020372008169,0.30496093205043245,2.0853070109448533,5.612824372592426,-2.886752284587698,-6.4225407728879915,3.0679407644602987,-6.992767386138439,-12.630953768051642,-3.201534536688827,-12.407414613700494,-3.820584723353386,-3.2464128736315705,-3.5825206173790827,-0.2206727181162153
223,4.869158473052084,-4.780752380026711,-10.158100701868534,-7.026676829904318,-13.39496140215132,-7.761430159211159,-5.661014245050709,-9.310553273489308,-7.989224687565205,-8.886213790538699,-6.153615361036256,-2.3061917670071126,2.4002455175750788,-2.93258322498133,-2.6859470072180724,0.14588860273361207,4.166076592581216,13.017973548244862,-8.359209537332834,-1.2916208773053117,2.4115144935773407,5.954908577459199,-4.9711987477667785,-9.015160953126303,1.1063149909178416,-6.787732911664386,-8.26389994039092,-4.0090558587811715,-8.446274786460691,-0.34328781224321575,0.9108045057552617,0.06518420866794056,1.580827229789325
224,4.263865687558427,-3.617070674192574,-7.001267244666815,-9.908436319066418,-7.19939448899693,-11.01392449438572,-5.426239015852532,-12.002746157867964,-11.059788929515106,-4.460025961207616,-3.246188461780548,-3.1466868788003923,-1.098334499531322,-2.2173685181972593,-5.835276052702305,4.354276707106166,0.6019954535850259,7.60763776018506,-11.090765375730603,-1.5856961034060943,0.7925165244873534,3.5943853816106204,-4.159206065725773,-6.505341108252362,0.4677553727808926,-4.911008040052514,-0.848646528499071,-5.227214597685393,-3.17577526954616,2.838454855978489,3.4968667878973774,4.018760947303639,3.9347336374755417
225,3.6941412556916475,-1.7545914282401402,-2.2253044180572035,-6.572349265217781,-3.298688987890879,-11.041669007949531,-3.8752299787067788,-11.628631918929344,-12.548777612489323,0.3006807371627453,-0.9836743508660516,-3.6048886979813686,-4.252791058354908,0.7429302504589391,-5.7037760254948635,6.629040467076831,-2.2740983096666114,1.95578763988756,-11.041038785562959,-0.25505100030984196,-0.8761347849318322,0.7529371707212358,-1.312858614515751,0.43322464146810336,1.5969895720481873,-2.0004292711788834,5.216080468754436,-5.17218905479409,0.9310807496672724,2.464206632971764,2.677339988510783,5.025575288054016,4.224956867240724
226,3.511091644689441,-0.6496057409379218,1.5342856626957655,1.213221179528369,-1.5642742064264086,-6.743572768196463,-1.298345256505943,-8.753902315487002,-9.351485820703727,2.928061385487401,0.060240021971769114,-3.802434674743563,-5.030080927080578,3.243801021991774,-2.766575578340264,6.8029197499156,-3.3150174227911373,0.055432269970575966,-5.960306491962699,1.6650143841397949,-0.6334800010031842,-0.602043574764615,1.3373632456393951,7.925019729064732,3.265426486202826,0.6888626294080601,7.405266384745753,-3.4962219844550586,2.7232592203995076,-1.3646275743842124,-0.2692874655490968,2.7884754540088275,1.876347113932882
227,3.120666570216417,-0.8916388875908322,2.817144777625799,6.861948207848602,-0.15890357229444715,-0.40732037406414745,1.617840509407404,-4.408538557415785,-1.9215725438539373,2.6754852233584536,0.36052949206773627,-3.543248190684244,-3.102671739459038,3.0603145918873853,0.48373354763485665,5.663547139449252,-2.9400177736615025,1.166423044034413,1.4350120660870573,2.762602796511991,1.2912592317195648,-0.5021513948837916,2.1428112512890327,11.319946051370806,3.4557191292444864,1.9403625560361286,6.12161303918029,-1.561337403779806,2.4973145803300345,-5.044047328829765,-2.32804037012705,-0.24451198842790392,-1.0031733459659986
228,1.5076742861419916,-1.556104435523351,1.6849396727979182,4.939468237881859,1.2020778288443883,3.4000516176223754,3.1784100955034176,-0.20218860704538433,4.037284720775693,0.7629838265305342,0.6275366023182869,-2.6443998791277408,-0.0344416360060374,0.6186744889547658,1.7209673970937729,3.772239401605394,-2.3713107826404793,1.1921544614292325,5.171715570050616,2.355779904872179,2.2961289695602782,-0.5688144278136038,1.3519305066859468,8.391041935217089,0.9948067754507065,1.452371400456096,3.410184646415156,-0.9307566717548599,1.3156803929951133,-4.719608479738236,-1.7697189203122767,-1.4671765781111188,-1.7526733009588151
229,-1.588572261482477,-0.969150361749861,-0.8144149973988533,-3.5113014810615115,0.6705768869982826,1.5369088059291243,1.4634510093345874,2.219779814398566,1.9724551924439364,-0.856107093047264,1.0676844087970812,-1.1885899111628533,1.9732842480142911,-1.4342975983786028,0.4383996470972116,1.1982521924707625,-2.2982223640347637,-2.2664357665039243,1.4693561681481295,0.8214072496408508,-0.26220254096737566,-1.9391673909766334,0.6348177467254882,0.9179684381659438,-3.3589880011147923,0.2125704487363353,0.9925620707704924,-1.6704096648582192,0.27042942394207165,-0.10410587638616561,0.21396435006726078,-0.34828268157111275,-0.02231922284478233
230,-4.943973105773329,1.7446692424515884,-3.350488406792283,-11.626671032359203,-3.002084517478943,-4.768083244562149,-3.786863219265531,2.1529373259738436,-8.73865132241748,-1.060988467793132,1.2472192451011304,0.4958475179970264,1.6182317581441668,-0.8600299185098603,-2.123626790767492,-1.780084682835473,-2.391064463659774,-6.819294796103523,-7.491587880738946,-0.9293889978102275,-6.286831268604765,-3.7612210921499702,1.3038658119262534,-6.636908760158027,-7.284383158882459,-0.16924412721811338,-0.6991562226483988,-2.2713363184485327,0.0328272893661406,4.847861533053219,0.9052666069530859,1.6331156680147008,1.6233963796070643
231,-6.454813128151,5.696203331649303,-4.780916023254394,-12.86028085152308,-7.7950822525554235,-10.675879900157451,-10.082805052036193,0.21395603723304216,-20.7274147577064,-0.16917902924293696,0.5276911265628282,1.9231361331418158,-0.858737717072169,1.9302029346310816,-4.250348567269569,-4.182617255714205,-2.075786133491716,-7.7153100946119855,-15.312660253325173,-2.1851779900136448,-12.391479626614997,-3.938022587980543,2.9268776197382746,-10.40041874676216,-8.507323869069417,1.1764002400775289,-2.1289599115072293,-1.2246810745361238,0.6348606438898459,5.365720690041781,-0.9480769594268101,2.776982459757063,0.22118819043749854
232,-4.790886449813843,8.723786544799804,-4.451947813935112,-6.701707048548593,-9.304359304904938,-11.669790564477443,-13.414374489609788,-2.3505386536897617,-24.229358296061672,0.7365228706147782,-1.311970538611329,2.4720598209649323,-4.1353350348149736,4.2475242517715275,-4.861516111118849,-4.925271969371372,-1.5522214069875866,-3.273426253525984,-16.879427324893864,-2.735496411543517,-14.304903523719057,-1.4434717063392912,3.6584397085169527,-9.73511361130854,-6.446283682187398,3.472366115468186,-3.7082397646682206,1.4267269040262975,1.4813984487114884,0.38848763704299927,-3.609612855151659,2.6045485867394342,-4.323477655294395
233,-0.7038572723977268,8.958217006259494,-2.435749894939363,1.425013444489903,-4.7581604758898415,-7.07221369817853,-11.14941855156567,-4.6501442193984985,-15.542614426723746,0.9493510605290879,-3.692991170079209,1.5641671175137162,-6.707217041320271,3.7609524629836857,-3.7152111765950226,-3.9679517298936844,-1.7589582412741904,2.6665038404808867,-12.197302097497984,-2.6641735729007494,-10.228582544529692,2.213550716328124,1.9942186703073217,-7.158512148915268,-2.6151759306589764,4.795904395192168,-5.221634163326303,4.115004881176838,1.7487679906189442,-6.100679382681847,-3.891246730234565,1.7175380777981546,-8.582547644774118
234,3.2914725987240674,6.171737662951151,0.4512684285640717,5.662155340943071,3.9084547731611465,-0.03374446798115969,-4.161552657077952,-6.320110322431076,-0.3128630484259406,0.6736561461936595,-5.3728342856778655,-0.8027987401932478,-7.512739776240455,0.8005802049193271,-1.073249644534879,-2.6260496046808033,-3.1928664653800256,4.237998144967215,-5.135693986575271,-2.0446534625121524,-2.249599779698443,4.063194264968236,-1.6921840848282297,-5.721690547175523,0.5433567265669504,3.720489750767863,-5.944319586421168,5.217976538940918,1.096379865960377,-8.385881933569909,-0.2705398216480162,0.7302263577779134,-8.502707925580797
235,4.764852124452591,1.853567244609197,3.0519709365442393,5.005866577641831,11.304503071308137,5.634056967357173,3.7500799211060127,-6.849053143068802,11.547501713730568,0.6061471011056456,-5.115424873523934,-3.5379952907562258,-6.139279099305471,-1.939381493385448,2.469796225948389,-2.4496421350373163,-4.886825091270513,-0.42611731588840485,0.9848249812805375,-0.9091648335258166,5.332396939713904,2.4116884347583567,-5.269021475568731,-6.212487566761855,1.4716838696764576,0.6853674969007802,-5.190614290015642,4.433559370595355,0.14281910848690244,-4.058524091630534,5.461627442662309,-0.2906418393055598,-3.23948407580056
236,3.22456102471333,-1.9393130110369787,4.538850781321526,3.348156518406338,13.165666140533157,8.504097542329692,8.689031454121194,-5.232378394104714,14.378110924432445,1.1360719543556834,-2.5566495130228444,-4.731809158623219,-2.8756164405081006,-1.9922248830282412,5.892628256144912,-3.6814552625020345,-4.870210779614227,-6.951379154409681,6.061081262521966,0.5482625492981502,9.191515611207231,-1.4246508979371615,-6.522138931540812,-6.661064075260628,0.5076727615462409,-2.2146323427211407,-2.8657122822695,2.786882480909658,0.10837105970557143,3.824647179245949,9.609726091710533,-1.402297114332517,3.7773348603929793
237,0.3693893749266863,-3.936743964089288,4.841830801963806,4.738028511404991,9.838210729095671,9.705374625325202,9.299717248485583,-0.8356952459313148,10.657431149205497,1.9802253377992054,1.3390693255635195,-2.96744935400784,1.2670199281639523,0.5469237281832584,7.890690145797508,-4.91870962580045,-1.9472319968911105,-8.803206197030487,11.626480418582295,1.8668894858232565,8.960038708007716,-4.185140384804635,-4.878742387954225,-4.509108228654396,-0.6833762062920464,-2.9353914912356887,0.3111633155928102,1.4892068623110306,1.7203735887277416,9.409000116586686,9.66403613748347,-2.219349279999733,7.679725668260029
238,-1.4598273951560259,-4.175717165072759,4.466229001060128,8.99398247897625,5.368760025915172,10.644754278659821,7.1018426534606185,5.248563136472258,7.100213236586992,2.5175448526130166,4.700657378795535,1.2532582610845566,4.779926181998518,3.191656977631325,7.551873310014259,-4.450437310669157,2.863417998995892,-3.6882293877147494,17.404648762802744,2.5235649063473655,6.6406489314234,-3.5979555375275334,-1.6986758788215353,0.645530881700901,-0.688635325535304,-1.1944321608820627,3.0800980734963748,0.9302941560745239,4.320325896870799,9.009326818585397,6.190911051158498,-2.1262327080799475,6.28564635344914
239,-1.2183731764554977,-3.487819865345955,3.9047662779688834,12.038858300902778,3.371725082397461,11.093326877057553,4.612405095158554,10.099193428837976,7.5535716040189875,2.3881550413924595,5.908405254053515,5.42589829005301,6.306541330284542,3.4855139971125957,5.101518857812639,-1.989729462067286,6.768969692636368,4.170515368736925,20.351501036522,2.2970430421687307,4.446805231114651,-0.389261359082801,0.9863328267919257,6.333637310237419,0.47437603804800244,1.3548811951348947,4.333088501248249,0.7110014703384665,6.136536103923146,3.864576843380928,1.9575277436070326,-1.0711288683944278,1.6900837868452072
