Timepoint,1,2,3,4,5,6,7,8,9,10,11,12,13,14,15,16,17,18,19,20,21,22,23,24,25,26,27,28,29,30,31,32,33,34,35,36,37,38,39,40,41,42,43,44,45,46,47,48,49,50,51,52,53,54,55,56,57,58,59,60,61,62,63,64,65,66,67,68,69,70,71,72,73,74,75,76,77,78,79,80,81,82,83,84,85,86,87,88,89,90,91,92,93,94,95,96,97,98,99,100,101,102,103,104,105,106,107,108,109,110,111,112,113,114,115,116,117,118,119,120,121,122,123,124,125,126,127,128,129,130,131,132,133,134,135,136,137,138,139,140,141,142,143,144,145,146,147,148,149,150,151,152,153,154,155,156,157,158,159,160,161,162,163,164,165,166,167,168,169,170,171,172,173,174,175,176,177,178,179,180,181,182,183,184,185,186,187,188,189,190,191,192,193,194,195,196,197,198,199,200,201,202,203,204,205,206,207,208,209,210,211,212,213,214,215,216,217,218,219,220,221,222,223,224,225,226,227,228,229,230,231,232,233,234,235,236,237,238,239,240,241,242,243,244,245,246,247,248,249,250,251,252,253,254,255,256,257,258,259,260,261,262,263,264,265,266,267,268,269,270,271,272,273,274,275,276,277,278,279,280,281,282,283,284,285,286,287,288,289,290,291,292,293,294,295,296,297,298,299,300,301,302,303,304,305,306,307,308,309,310,311,312,313,314,315,316,317,318,319,320,321,322,323,324,325,326,327,328,329,330,331,332,333,334,335,336,337,338,339,340,341,342,343,344,345,346,347,348,349,350,351,352,353,354,355,356,357,358,359,360
0,-1.341687,-3.8657913,-5.286422,-3.019124,-2.0907779,-3.503405,-2.5716577,-1.9346282,-1.8862906,-1.2437364,-1.0144385,-1.4587156,-2.7571192,-1.805017,-5.533269,-0.87205476,-1.8070346,-3.1198418,-2.4470336,-2.3198137,-0.25115016,-1.646103,-4.450992,-5.0418034,0.7176131,-3.6078708,-0.51941985,-7.287472,0.5385672,-1.0329505,-4.662916,-6.1933064,-6.40043,-5.1657853,-0.9328281,-3.6295571,-0.85877883,-3.6990237,0.1638431,-4.247037,-2.4147127,-0.859888,-2.8017118,-0.5393491,-0.08535266,-1.55014,-0.2835925,3.0014193,1.0410172,0.69524974,-0.36017552,1.0387249,-1.3602964,1.7385912,-0.3842254,0.15967672,-2.8703938,-8.42695,-6.293397,-5.2761126,-2.6476166,-1.194698,-0.9759308,-5.705182,-4.9642296,-2.6286628,-1.4507887,-1.2692261,-4.1641116,-0.38016787,-4.3044066,0.54505914,1.5324417,-0.6506012,0.7596327,-0.34228915,1.0938762,0.8934764,-3.40752,-2.5094342,0.68416786,-0.9062683,0.761831,-1.6034265,-1.991985,-5.608342,-5.0248275,-4.868795,-1.3969687,-5.9771905,-0.48372462,-1.1455247,-3.3059654,-2.6150074,-1.4019759,-1.5859327,1.0042793,-2.050471,1.268747,0.06525958,-3.2519388,-2.46098,6.828096,-1.2260939,0.24601397,2.5730865,-0.20874013,-6.4634395,-1.6400824,-0.9966905,-3.3298745,-0.6905851,-2.4448447,-3.341058,-5.3155007,1.7579124,1.5165511,-6.6824837,-9.416915,-1.6516908,-4.862494,-0.79191816,-0.9311483,-3.0405593,-0.47991446,-1.2916102,-1.0875354,2.12056,-3.1329057,-4.2153807,-1.6324916,-0.8804843,-1.8422232,-2.800236,0.18295766,1.2851512,-0.32771078,-2.5271785,-1.9429351,-2.3560061,-1.8239328,-5.8367295,0.736501,-2.6774182,-0.8323962,-1.9979749,3.3536909,3.8555639,-1.4204756,0.33481488,1.4279913,-5.8799057,-4.8951035,-3.4369452,3.3239033,-2.016076,-2.6302192,-6.9722214,-1.7084302,-1.5939319,-2.7060246,-0.07612784,-1.638881,1.6134961,-4.798515,-2.8473423,0.54923165,-3.8524375,1.1183023,-2.1473112,-2.7790682,-2.2162347,-3.9228055,0.34579253,-4.465568,-1.850525,-3.5914688,-1.9729153,-9.601996,-4.869576,-0.3366981,-0.5106735,-0.50632024,-1.3547343,-0.32771623,-0.11724834,1.2244254,-1.4931653,-0.5321754,-0.558252,0.3063254,0.845464,-1.9780017,-6.5572023,-6.0934978,-2.200391,0.153294,-2.7809744,-2.1383631,0.50532687,0.0017182048,-0.49775097,0.43607187,-2.8470783,-0.4813792,-3.6573365,-0.26555982,-0.83445174,-1.8223877,2.0195317,-5.3670692,-2.7092223,-6.0855017,-3.2895598,-0.7688523,-2.8780882,-4.9837694,-5.7622113,-1.95792,-6.474615,-0.6921815,0.12118678,-2.428564,-0.69752616,-0.7467897,0.03943038,-0.234744,1.9409696,0.0043953923,0.78097814,0.16365007,0.07595605,4.8063374,0.25616404,-0.6097372,0.00064655725,-1.7135755,-6.990159,-7.3809795,-4.5739136,-5.3702955,-4.5080023,1.2707428,-5.5653653,-3.1685324,5.232709,-1.6403116,1.7569045,-6.207839,0.95693815,-0.15078017,-4.3602467,0.64513934,-0.29110986,-0.96120214,-1.0037857,-0.92768246,1.8450229,-3.554618,2.0195308,1.506884,1.3124772,3.9946582,-1.3822035,-2.4143593,-3.8468235,-4.5551023,-4.966802,-5.6150694,-2.7601712,1.1711314,-4.3296056,-3.7850623,-1.5203176,2.3526442,-1.1927087,1.9152218,4.031962,-4.4088593,0.5759654,-3.6204119,-2.1611006,-2.8855796,-5.403199,-1.9086413,1.4358375,-1.2591144,-3.9916892,2.8656812,-8.13936,-0.74791926,0.6849616,-3.5536282,0.5958926,0.80723876,-0.51236457,-2.004801,-2.9909055,-11.066667,-0.59595156,-1.9046749,-3.3391862,-1.4274619,-1.3067344,0.65574414,-1.7641574,-2.4653473,3.3882813,3.980961,3.487324,-2.2670617,1.3363634,-0.8310375,-1.37227,-1.7050493,-1.6913263,2.397334,-1.0884037,-1.2031119,-1.7256526,3.1418724,-5.894077,-0.017673435,2.5130186,-0.37850305,-0.9138331,1.3886775,0.17460723,1.8285846,0.56150764,-0.21236585,-1.9159892,-1.9237585,-0.84483737,0.3967643,1.1069067,1.7321765,0.80051297,-0.9611372,-0.19433127,-2.96112,-1.8669595,-0.98131245,2.9205637,-1.7287841,-1.8806238,1.7097014,2.396056,-2.4054723,-1.1815184,-2.8942811,3.009088,0.75991404,-5.680151,0.10866432,-4.49939,0.52510357,-10.422956,-8.21878,-8.246263
1,0.021478103,-3.0426621,-5.528891,-3.4921632,-2.9500763,-3.8786638,-2.2966843,-1.186558,-2.8873153,-1.7251709,-2.5467598,-0.61630183,-2.241595,2.684322,-6.7798476,1.1622521,-3.417136,-4.0156775,-4.665504,-1.2245957,-2.4677901,-3.3285718,-3.8363254,-9.340683,-0.6099175,-5.6969676,-1.4794401,-6.664577,-0.110637404,0.18356559,0.052508447,-7.664382,-2.5186646,-1.7017896,2.6873019,-5.1167073,-2.651186,-3.8072343,-0.3571578,-3.8501506,-2.744074,-0.8683724,-4.4902725,-0.94778734,-2.8932104,-0.1499174,-0.19695203,1.6407315,0.15769204,2.3617585,-0.22944139,1.0457596,-2.8195972,1.6437218,0.57597333,0.21318349,-3.486025,-7.3868437,-7.9140835,-7.760645,-2.5681732,-0.081230246,0.5490406,-5.2341905,-4.8673377,-0.03133767,-1.7271553,-1.1042632,-3.8804986,0.010331561,-6.085756,0.6914302,1.6511109,-1.8878242,0.44064105,0.47183597,0.6518158,-0.840728,1.6743522,-3.7689395,5.3032994,-1.3982327,2.7311797,-2.256557,-2.5022602,-7.918513,-3.7915833,-3.970359,-4.090034,-6.9986825,-0.69814247,-2.90503,-2.306179,-1.8232296,0.26624238,-2.9731648,0.38304693,-2.3912508,0.07677783,-0.9731105,-1.0729314,-2.586219,11.810989,-0.32928315,1.8101708,-0.24051979,-0.29691473,-9.951932,-4.6247168,-0.24471858,-3.96824,-0.25178784,-6.595295,-1.9713907,-5.115553,1.7038666,2.6646857,-6.1774435,-5.8560457,-2.8804908,-2.8058252,-0.25407553,-1.185325,-5.640567,0.5673133,1.599422,-3.6671622,2.3457773,-1.9913871,-3.516501,-0.86853445,0.018288366,-1.0150054,-3.3727658,0.03248922,1.9193045,-0.6290955,-2.6529412,-1.7165728,-1.8028098,-0.42267486,-5.819009,0.8372028,-3.3511465,-1.3962631,-1.3272259,3.4195147,2.6591907,-3.0893414,0.39775187,2.3124108,-5.9176373,-6.889708,-7.1567225,0.116271175,-1.0180609,-1.846514,-8.415234,-0.30167434,-5.4181576,-1.6222531,2.673023,-2.6508043,1.5797035,-4.0949745,-4.5183187,-1.788895,-2.9132514,1.7726405,-0.9933881,-3.9945965,-0.498791,-7.7684045,-2.170373,-4.906554,-0.6962479,-1.4171242,-2.081581,-12.770811,-5.6171308,0.83246064,0.2890789,-2.9806588,-1.0957044,-0.7157094,-0.4555373,-1.0088043,-1.2094873,-0.64503396,-0.49922186,1.8759238,1.4604483,-2.148859,-2.1905794,-4.2766805,-0.70606345,-1.1893924,-5.5947886,-0.8625448,-0.1093914,0.1893882,-0.49574658,0.8311787,-6.7037435,0.018028865,-4.9748993,1.470673,-2.0116565,-2.9077768,5.073952,-2.5270522,-0.76367646,-0.7361006,0.110253155,0.47467777,-5.9996276,-7.9845405,-5.0577807,-4.2356915,-6.810906,-2.2435925,-1.2439183,-3.7941334,-0.67794365,-3.0408125,-0.23370568,0.17201686,2.439377,-1.6822168,-0.2943792,-0.052171204,-0.09432787,5.4687076,0.72949535,-0.7791109,-0.6917349,-3.525123,-8.908639,-8.514319,-9.410724,-5.4904823,-4.987021,1.2043753,-8.010228,-3.02811,8.216885,-0.30264196,4.418931,-4.985055,1.434072,0.7928463,-3.381756,0.0069590393,0.5203534,0.45746765,0.7119083,-0.49206042,3.0791423,-3.0944629,2.996886,4.346067,2.612861,4.1766863,-1.9730754,-3.8886676,-5.647559,-5.0870733,-3.1865754,-8.101906,-3.8801744,1.8127635,-2.0423028,-2.8305838,-1.5281656,0.92893076,-2.9322405,3.7264125,6.478272,-3.7571173,-0.17311002,-5.631766,-3.908334,-2.1885126,-9.258103,-2.5543096,-1.190782,-2.5620804,-7.190975,-0.14618415,-12.362786,-0.48294502,0.84227115,-4.0523744,0.07396732,0.5986695,-0.95147073,-2.0054092,-1.554777,-7.9680753,1.9593234,-0.69504714,-4.4319754,-1.3935661,-4.691139,2.7826936,0.3743033,0.52738696,5.053479,6.0754333,4.532248,-1.8614507,2.999346,0.13879184,-0.85850155,-1.3344772,-0.84724104,2.4567285,-1.6544077,0.51838815,-2.843041,4.7933536,-6.7870398,1.0687566,-0.2696055,-0.34216872,-0.8557506,0.4669604,-0.014013634,3.086998,5.7302833,2.486833,-1.6430402,-2.1400146,-4.583275,4.3885784,2.8378823,1.4347794,2.0999713,-0.3151798,-4.157723,-1.9673802,-1.6551352,-2.4968393,3.1078596,-2.5182388,-3.0357368,2.2422318,-0.2977112,-3.279916,-1.5674013,-5.374215,4.3868895,-1.2047112,-8.485211,-1.1830175,-4.412459,1.8697275,-11.625419,-8.11239,-9.432786
2,0.17418668,-3.3050692,-7.1738677,-4.4860444,-4.914596,-4.8654666,-3.058611,-1.3796766,-4.2169724,-2.7936685,-4.073358,0.4000816,-2.6123576,5.7569957,-6.2779984,0.6104314,-6.2002254,-5.691472,-9.196784,-0.6776033,-6.35148,-4.818153,-4.307894,-14.046436,-4.2571144,-6.3860474,-2.127212,-3.1005914,-0.6099548,2.9949973,5.5472107,-5.206943,1.66455,3.710691,4.7892923,-5.359244,-3.8134274,-1.1956973,-1.7719529,-3.1385083,-4.170229,-1.0607891,-7.474585,-1.1548194,-6.255876,1.2141062,-0.9780622,-1.623041,-1.8246318,1.380648,-1.1029508,-1.2219884,-3.8541853,0.11737655,0.4831373,-0.3401972,-4.802851,-4.380638,-8.483322,-9.791655,-3.2072978,1.8898438,1.721122,-3.224486,-3.5918589,2.088271,-1.1404766,-0.33448508,-1.6999477,0.6093217,-6.055205,0.6723558,0.34235194,-4.0220156,-0.90409034,1.0108327,0.12948819,-3.9940119,5.056243,-5.1060586,7.703492,-1.9055543,3.9730186,-2.3847733,-2.8668356,-8.194781,0.07701705,-1.1234291,-5.5838985,-5.5940027,-0.1723681,-5.0576406,-1.0672036,-1.0795697,0.9208892,-4.0723248,-0.6021848,-1.3647544,-4.3626733,-4.112064,0.13090374,-5.21366,10.318964,-0.98085487,-0.38511956,-5.7860937,-0.9281568,-11.25265,-6.8148565,-1.3738556,-3.649821,-0.41088298,-11.582111,-2.8358903,-7.887745,-0.07182702,1.980887,-3.4498167,-0.9315206,-4.3577523,-1.8789488,-1.0813055,-1.9906259,-7.623844,0.6327429,3.0890727,-7.2652445,1.1558759,-0.14099343,-1.5301721,-0.86345404,0.2521094,-0.4189183,-3.2997205,-1.3238745,0.075694054,-1.4639257,-3.5171683,-1.9100903,-1.1941075,0.4386227,-6.084323,0.16054231,-2.7431073,-2.33984,-1.0613338,0.5674006,-1.896478,-4.060382,0.37756297,2.846962,-6.173309,-8.054341,-9.8981085,-5.109214,-1.1893502,-1.4066683,-8.510753,0.50045854,-9.650066,0.10336632,5.462321,-5.1011004,-0.119617395,-4.432038,-5.1676164,-5.4791107,-2.567141,0.7430935,0.8404662,-3.0197709,1.4260347,-11.464409,-5.6170106,-4.452494,-0.1319231,1.1462638,-3.5971568,-11.889431,-4.3530564,-0.14176948,-0.8519052,-5.5550356,-2.3061302,-2.7332375,-1.3233879,-5.170259,-1.2613931,-1.2928152,-0.6695453,2.4319706,0.72322226,-3.971026,4.882481,0.54501045,-0.96574056,-2.7990897,-9.225112,0.09821754,-1.7977881,-0.5779742,-1.2125012,0.042634185,-8.89948,-0.23936132,-6.2853236,2.9337711,-4.065804,-3.301452,7.796565,0.70538116,1.5535467,7.04771,4.8668404,0.9452744,-8.066112,-9.670048,-3.4836075,-6.224502,-6.079423,-5.3232675,-3.065766,-5.928464,-1.0589052,-5.5719633,0.4696353,-0.66518295,1.1201509,-3.1059408,-1.6154904,-1.4899075,-1.1919303,2.8814666,0.5613718,-1.7172711,-1.2812469,-6.1152725,-8.255619,-8.022153,-12.794899,-4.063446,-2.996089,0.3183939,-9.22055,-2.547379,8.6293,1.5864825,6.3483357,-1.9118261,1.1229144,1.1213099,-0.63158643,-1.4774612,0.75359887,0.6729451,2.2489638,0.62207603,2.6382248,-0.91620266,3.0686328,5.201795,2.781494,2.8894603,-2.4214997,-3.8389423,-5.728147,-4.5615773,0.34396636,-8.21105,-2.6507607,2.0293186,1.5315679,-0.29761946,-0.93277484,-3.378952,-5.2240324,3.6617022,7.5081224,-2.5960636,-2.8314884,-6.91305,-5.6601458,1.1203563,-11.799103,-4.1138554,-5.40963,-4.502652,-10.012008,-3.8816516,-14.550256,-1.0595288,0.5334021,-5.7766557,-2.7354372,-1.0755987,-1.3611634,-1.8966011,-1.7875898,-0.5736906,3.817845,-0.8751051,-5.6258163,-1.9147495,-7.7787075,3.431789,4.4460444,1.2825167,4.9557343,5.1247253,3.9765208,-2.3486497,3.993588,0.6424018,-0.47951767,-0.7537434,-1.192177,1.4453708,-2.592064,1.6161952,-4.22531,3.3557749,-7.6444807,1.6868188,-3.722311,-1.4724429,-1.7436264,-1.7410128,-0.52809423,3.014828,9.434421,5.184192,-2.4476874,-5.0825796,-9.074966,6.980337,2.1519089,-0.22145186,1.2627051,-1.3896412,-7.4782634,0.12464725,-1.1224005,-5.3212914,3.7081642,-3.1508577,-3.166328,1.0818775,-5.391988,-3.2869303,-1.8163288,-5.73195,4.2319474,-2.7708337,-9.205538,-3.8618124,-2.6563296,2.12874,-5.7527046,-4.5443344,-7.6209745
3,-0.73092777,-3.985659,-9.534191,-4.967066,-6.620032,-5.8895397,-4.452583,-1.4973071,-4.260663,-3.2820792,-4.5296583,1.3936929,-3.616913,4.94602,-4.194395,-2.618301,-7.302878,-6.95881,-13.270791,-1.4688926,-9.569363,-4.839556,-5.9845214,-16.338135,-8.350338,-5.4224854,-1.9058893,2.1739092,0.17539242,6.5923724,8.949349,0.47931126,2.4148808,7.030288,3.6358316,-4.145143,-3.0151734,3.2058694,-2.7560203,-2.2609117,-5.6340704,-1.2298039,-10.249153,-0.6281163,-7.735221,1.8693415,-2.1704657,-4.3656697,-3.1837316,-0.8751412,-2.179771,-3.9533145,-2.4342072,-1.6656413,-0.72534543,-0.32530928,-6.4103,-1.4966311,-8.113528,-10.059755,-3.232249,3.4416547,2.0826807,0.30722448,-1.015197,2.4420276,0.5384621,1.1921679,1.4544083,1.2316618,-4.0144134,1.0264724,-1.1748368,-6.1604147,-3.1091006,0.49810675,0.18925405,-6.6156697,3.2757587,-5.661486,5.2511086,-2.2585812,3.9150734,-1.4102448,-1.6779188,-5.522822,5.2601185,2.4293907,-4.1538005,-2.0307264,1.5440893,-5.619483,-0.5116309,-1.3019266,-0.49813735,-3.676732,-0.61632645,1.0380493,-8.88048,-6.97671,-0.7430729,-8.507467,3.4670525,-2.038258,-6.2246504,-9.853261,-0.94773626,-9.793295,-6.641876,-3.5424755,-2.7140453,-1.4714277,-14.058707,-6.6412654,-13.393604,-2.0418956,-0.06446806,-0.69555664,1.8819284,-4.4242115,-1.5718824,-4.017874,-2.6596181,-7.4576283,-0.14677972,1.4748167,-7.82937,-0.3911066,1.2569348,0.21581772,-1.9243379,-0.24248281,-0.29365388,-2.2620897,-2.5909877,-3.0145485,-1.882975,-4.4779778,-2.2469301,-0.8971588,0.3394028,-6.213437,-0.76259506,-0.3863639,-2.5914326,-1.0749443,-3.173144,-6.4328637,-3.4687963,0.48293895,3.6309733,-6.089594,-6.572941,-9.4652,-7.9300027,-2.8117352,-1.5632026,-7.2398586,0.06489769,-9.875415,1.5161593,7.3934803,-7.308452,-2.0417624,-6.0540123,-3.884328,-7.763031,-3.8660257,-1.7773468,3.1944532,-0.27371153,1.8504683,-12.190283,-6.533712,-2.9552274,-0.43825847,3.2559736,-4.4494863,-6.674025,-1.5229446,-2.4248734,-3.6368756,-5.730444,-3.6340992,-4.9229198,-1.7169837,-8.329473,-1.103625,-1.4410532,-0.79668516,1.9130211,-0.70275414,-6.2798605,9.980211,5.183742,-2.7915723,-3.567924,-10.634384,-0.08293534,-3.5892713,-1.6990435,-2.1099124,-1.1023587,-6.9539595,-1.0989314,-7.346977,3.310625,-5.280115,-1.965017,9.014165,2.3314464,2.7447886,11.924234,7.469441,0.20594853,-7.110092,-9.010404,-2.4619224,-6.5543766,-4.525433,-7.818215,-3.8933618,-7.4581623,-1.8707457,-6.329672,2.4756296,-1.9680656,-0.8293684,-3.1065788,-1.7248898,-2.9082742,-2.2356107,-0.51679903,-0.042644452,-2.6963353,-0.66930056,-8.085735,-5.9628634,-6.4642177,-12.93383,-1.9107502,1.104672,-0.8189179,-7.7010703,-1.3791124,6.5578856,2.8454745,6.91321,1.6129007,0.3839991,0.49867865,2.3919384,-2.9386759,-0.37892795,-1.1649388,2.3610053,2.1463869,0.33290836,1.6648219,1.949941,3.1855018,1.7172668,1.2647954,-2.3457725,-1.3453199,-3.3577263,-2.9828143,4.103973,-5.896258,1.0265788,2.3143504,3.972831,2.3197052,-0.11502334,-7.895867,-6.134931,2.420535,6.9853787,-1.818951,-5.9946237,-7.277844,-6.4757204,7.1455827,-11.019267,-6.443419,-7.548438,-5.3856473,-10.825952,-5.629512,-12.445059,-2.599989,0.30119547,-7.935622,-6.3806105,-3.4614952,-1.3156239,-2.1009727,-3.37282,5.3613634,4.3678436,-1.6480076,-6.48956,-2.5573385,-7.982118,2.2153904,7.9823084,-1.1299521,3.3678093,1.9979912,2.179159,-3.8025446,4.0892515,0.43962097,-0.54744774,-0.8127712,-2.242787,0.42065936,-3.0042503,1.596982,-4.913989,-0.30107686,-7.865738,1.5369353,-4.939455,-2.9093642,-3.0178547,-3.4293635,-0.7495293,1.7384859,8.313874,6.334105,-3.6318655,-8.127487,-11.1698265,6.366504,-0.47271517,-2.2095654,-0.85129476,-3.5195959,-6.2944446,1.9347947,-0.49994522,-7.4631658,3.5677853,-4.0786586,-1.607289,-0.8274957,-9.348552,-3.0350943,-1.3071787,-3.6505973,2.5466208,-1.6624049,-7.617471,-5.831777,0.54185116,1.2702885,5.6859818,-0.049480792,-3.9960399
4,-0.79246867,-2.4742522,-9.586055,-3.205449,-5.8141503,-5.2642775,-4.466936,0.28370136,-1.724551,-1.7917229,-3.2012353,2.4962642,-3.5393875,1.4731276,-1.1907513,-5.435496,-4.0556846,-5.784125,-12.645411,-2.8245964,-9.350829,-2.5070975,-6.4600663,-13.258976,-9.690342,-3.207692,-0.6865456,7.0197687,2.9061725,9.187583,9.563453,5.8141985,-0.32173207,6.234972,0.57461315,-1.8048915,-0.17350379,6.9695935,-2.0114143,-0.54874897,-4.9559855,-0.76671886,-10.239241,1.0082465,-5.5569396,2.1174312,-2.5645792,-4.1089478,-2.1410534,-1.0065639,-1.9566636,-4.2906976,2.1876163,-2.0095189,-1.8631424,1.283377,-6.9844904,0.012545019,-6.745202,-7.3744574,-1.1718124,3.426333,2.1216545,4.9130874,2.4129975,1.4168754,3.0046024,3.2854521,4.081685,1.7514058,-0.7807741,2.0358577,-1.1010418,-6.6744366,-5.1122313,-0.8776669,1.0314007,-6.273332,-2.2638555,-4.7030077,-0.37877926,-1.969204,3.1768968,0.918238,1.9583381,-0.55751574,9.504287,5.155177,-0.28410274,2.1116142,4.003262,-3.4962728,-0.6825285,-2.362676,-2.894737,-1.199355,1.2569565,4.0988784,-8.723551,-6.362651,-2.527571,-8.606636,-3.3081062,-1.0409609,-11.177261,-8.511776,0.70688564,-6.0818315,-3.9020848,-4.2662597,-1.6765568,-2.9734807,-11.27924,-10.189957,-16.939316,-2.1971896,-1.3012204,0.19021603,2.3807054,-1.2295644,0.34509847,-7.7186704,-2.2822573,-4.210526,-0.67245525,-1.822566,-2.730027,-0.73228055,1.5503788,0.5960103,-2.9680274,-0.6442811,0.09592745,-0.09319637,-2.1002042,-4.5953283,-0.73589295,-3.7388854,-1.8701328,-0.27898785,0.1879832,-4.442999,-0.702594,3.4033208,-0.91636705,-0.4971445,-4.3624816,-6.893471,-1.4199357,0.98742026,4.9603963,-4.073915,-1.5162283,-5.1558094,-4.8708324,-4.258846,-1.2449076,-4.2009583,-0.5166867,-3.846743,2.405565,8.316465,-6.8974566,-1.8453575,-6.625324,-0.32452202,-6.1856275,-5.5650673,-3.9511673,5.8230596,2.3206987,0.39518058,-8.281307,-2.6187303,-0.3032162,-0.48112926,4.812478,-2.115055,0.4473233,1.1680642,-3.1882336,-5.6341443,-2.2345343,-2.6703558,-4.9516225,-0.61256063,-7.680884,0.10921549,-0.088083945,-0.2917099,1.353759,-1.3426486,-6.4030075,9.689716,6.7122827,-3.8724077,-2.411758,-6.9619255,-0.91251737,-3.9799924,-1.8491756,-1.9321858,-1.1576087,-1.169533,-1.6503007,-7.1634636,3.0625715,-3.7790885,1.3008033,8.539483,2.2528985,1.9900112,10.393793,6.1376977,-0.5618407,-2.6945853,-6.0477285,-2.0794346,-4.6637187,-2.1779954,-7.0335717,-2.6348555,-6.368646,-2.4656658,-4.152775,4.97572,-1.9485391,-1.25159,-1.2931823,0.16181824,-2.5273929,-1.9343077,-1.5761265,-0.29870597,-2.4809623,1.6153661,-7.5642047,-3.4207208,-4.284883,-9.639773,-0.50037014,5.3513765,-1.0410497,-3.2740438,0.83601516,3.6874704,2.9636762,6.3913317,4.4150987,0.087654844,-0.100882865,4.1798916,-3.0981352,-2.32273,-3.7737324,1.0267087,3.6453094,-2.3748763,3.4018214,0.29330736,-0.13192183,0.47546583,0.44419983,-1.3508966,2.8810937,0.80426604,-0.35324427,6.8008275,-2.3777018,5.3989296,3.147561,3.8276045,3.4499693,0.4748707,-8.513904,-4.0283904,1.8906159,6.1185555,-1.3216507,-7.0860763,-6.0920153,-5.255063,12.883276,-6.2086353,-8.045831,-4.6780753,-3.3121846,-8.655108,-4.095161,-5.787023,-4.0284653,0.42727208,-8.135402,-8.190307,-4.901772,-0.54335076,-2.2057974,-4.0510874,6.227038,4.2691746,-0.97489244,-5.8542,-2.3794484,-4.4874544,0.40616012,7.9678063,-4.0320544,1.6693777,-0.6122724,0.2994253,-4.7440214,3.686726,0.31366476,-0.61931646,-1.5770718,-2.0063133,0.5402055,-1.8729945,1.1636446,-3.9279425,-2.888892,-5.836766,1.1883677,-2.4659595,-2.6836736,-2.8205042,-2.7467492,-0.18812084,0.5163991,2.9229875,5.4848285,-3.5381398,-7.0477996,-8.174935,3.2911747,-2.4775887,-2.9407203,-1.8108426,-4.325008,0.092071965,2.7693155,0.6337833,-6.4860034,1.3210443,-4.7849097,1.0805273,-1.5462835,-8.718468,-3.0932178,0.24971785,-0.4817784,0.30925065,2.4120739,-4.306271,-4.711366,4.619643,0.46963647,16.785374,2.414733,-0.6655994
5,1.6713243,3.1063435,-4.856796,1.3801297,-1.5268157,-1.8463402,-1.4294933,4.2969327,2.7296045,1.622948,-0.71536046,3.6822007,-0.79558015,-0.54069215,1.840561,-4.0819407,2.8775554,-1.405276,-5.3943186,-3.1496015,-4.922216,1.6953607,-2.958856,-4.815684,-6.42279,-0.5071735,0.94212586,9.3559475,6.762795,9.134836,9.089725,7.061345,-2.71286,2.8390806,-1.190497,0.76040405,2.9540143,7.8514223,0.30044714,2.134186,-1.3654212,0.7058884,-6.290318,3.2547202,-0.8443183,2.6660702,-1.2976837,-0.72202903,1.2319181,2.8590841,0.26279852,-1.0727725,8.205274,-0.3755511,-1.7098463,4.036936,-5.7824025,0.27338663,-4.6518188,-2.4037771,2.6098785,1.7418442,2.54448,9.1507435,5.387614,0.47180846,5.3521237,5.277077,4.920754,2.212701,2.1371932,3.302586,1.0657779,-4.578749,-5.60225,-2.018872,2.0363514,-2.330707,-6.4011517,-2.048298,-4.2924547,-0.79002166,2.899743,3.8227482,7.0587764,4.296076,10.927973,6.0920253,3.412264,4.850847,5.807367,0.10045422,-0.6850492,-3.2932012,-3.7078118,2.2707055,4.4831634,6.7919397,-2.1407444,-1.2658441,-2.9387877,-3.3077047,-5.0955353,3.0977194,-10.147297,-1.8255746,3.2679853,-1.5624441,-0.025591332,-2.0493577,-0.91904527,-3.8667524,-3.826788,-9.45526,-13.562933,-0.0025752387,0.014169005,-0.95394504,3.1861663,4.8350663,4.8638945,-9.431077,-0.7394432,1.144828,-0.063514896,-3.3286853,6.0993624,0.67744046,0.9756519,-0.26829478,-2.539138,-0.13125505,1.4914495,2.7005515,0.44824076,-2.9250124,1.9327605,-0.2913938,-0.3994989,1.5078579,1.0718209,0.34696892,1.0243218,7.27006,2.6413326,1.3378897,-1.3524687,-2.6043134,0.9065495,1.7466058,6.2844296,0.6069363,5.571182,1.2467495,3.0320015,-3.3182015,1.0393527,0.74815816,0.46018794,5.5764294,3.1927075,8.2946615,-3.035467,1.1336282,-3.2718656,4.50017,-1.1356937,-5.1263995,-3.8610234,8.06235,2.9265404,-1.6491934,-1.477036,4.3606386,2.801649,1.0823091,6.1107106,3.065196,5.548502,1.7319229,-0.32780418,-4.310268,3.4626021,1.5357888,-1.9310342,1.8306774,-3.0664465,2.3532276,2.4914806,0.92347276,1.5776521,-0.33904245,-2.6996682,4.727576,4.8507123,-2.1875618,0.72099143,1.2251549,-1.1303406,-2.1020281,-0.34801906,0.018436152,0.65547496,5.0783787,-1.0769911,-4.630819,3.2490304,0.55911416,5.119216,7.2325683,2.0342212,-0.30227494,3.9666553,2.3026865,0.016275633,3.3286562,-2.2845104,-1.4590583,-1.3905236,0.63943744,-2.5619612,0.24031967,-2.2910619,-2.0843499,-0.25001436,6.320968,0.38751248,0.5785697,1.4226136,3.138906,0.2448479,-0.0019275022,0.45998064,0.36298776,-0.6125773,4.6460366,-4.219323,-1.3852842,-1.6649716,-4.6440673,-0.68531245,7.26946,0.48139572,2.126068,3.7467823,1.5602323,2.4343586,5.6793685,6.062875,0.9271546,0.7249493,4.3192058,-1.4643197,-3.3009405,-4.663595,-0.53350353,4.6950974,-3.4237807,3.9256976,-0.95156294,-1.9242078,0.4057759,0.6386875,0.35574836,6.62435,4.6725698,2.880855,8.045801,0.72933257,8.046182,4.1559362,1.6118362,2.6408935,0.63796514,-3.4609606,0.36358362,3.2004778,6.2564116,-0.43019575,-4.5598736,-2.8635008,-1.5627537,13.479565,0.9065927,-6.9687014,2.2402892,1.2748379,-4.432941,-0.59663934,2.423607,-3.8547323,0.3911603,-4.7435327,-6.653618,-3.8315196,0.661441,-1.6334798,-1.9182011,3.3336895,4.3644643,2.1762042,-2.9376714,-0.8844395,0.5788298,-0.29512587,3.573394,-3.4575083,1.1504354,-0.56214446,-0.6088538,-3.4037244,3.36809,1.2554064,0.0068365624,-2.1904595,0.7397956,1.79122,0.6611206,1.4539042,-1.1503646,-1.6477348,-0.8649857,1.5340776,2.1449165,0.3012585,0.09226493,0.14045426,0.91800386,0.5695493,-2.5192153,3.6567924,-1.1621783,-0.45696303,-0.39394543,0.51171607,-1.6199636,-1.7154175,0.0530679,-1.9683167,8.106503,2.9831505,2.531662,-1.9569434,-1.9327706,-3.6069722,3.2644134,-0.24756885,-3.0743127,-3.5184877,2.2808414,1.7316872,-1.2333376,6.831813,-0.7711063,-0.21969151,8.23625,0.88389975,20.096668,1.8846395,0.71768326
6,5.9357715,11.252544,3.3253417,6.958193,4.456015,3.3596497,3.7766545,8.241623,6.4692793,4.8995624,1.0655503,4.334305,4.1000986,1.9145904,3.820028,2.1443987,9.1427355,4.2569003,5.697234,-1.7264704,1.4142876,5.780862,4.3911786,4.8395534,0.028727647,1.7557671,2.0285163,8.15484,9.368406,6.106943,9.250707,3.6063087,-1.0933169,-0.1031328,0.1947212,2.3339984,3.8644502,5.4560256,2.4580467,4.1929965,2.9512188,2.6859229,-0.32219008,4.6385727,2.6072998,3.5755482,1.1667628,3.1721318,4.625616,8.639082,3.3614655,3.7770011,12.070976,1.8604941,-0.36355883,6.0370097,-3.7336884,0.012137126,-2.951668,1.9179891,5.4837685,-0.6644673,3.2606285,10.772461,6.052386,0.50648606,6.393992,6.1823425,3.5206404,2.6473546,3.197211,3.8890352,3.6530766,-0.7978578,-4.1343265,-1.9920489,2.1400576,2.9058743,-5.216582,1.7364314,-2.8808646,0.7041706,3.487022,5.58539,10.85582,6.1485023,8.993548,5.048155,4.182344,5.035474,5.436549,2.3240795,0.3403006,-3.3591974,-1.2209824,4.357156,7.1572165,8.151149,7.095016,5.6646624,-0.85129905,5.24875,-1.6808882,8.34192,-2.645813,5.7423177,4.0164537,1.8202947,2.8024743,1.6953708,-0.6202264,-3.2898269,4.06372,-4.270108,-3.5378869,2.93839,3.1361074,-2.869053,5.9270887,10.125909,9.785407,-7.3602867,0.88190645,5.7068753,1.279171,-1.0151337,12.919028,2.6686413,0.1620531,-1.422458,-0.4595704,1.138717,3.412954,4.785318,3.4001687,0.9359627,4.3984356,4.459315,1.3633763,4.1297026,2.757982,6.6131783,3.556985,9.331243,6.1794324,3.9402,3.8099008,2.6234531,2.0557165,1.9826803,6.5188084,6.2482257,11.020838,6.3030496,10.322163,0.5212605,5.4183955,6.4297,3.239966,12.02225,3.9326189,6.879015,2.4059818,4.5501904,3.918612,8.1841545,3.95758,-1.5398291,-1.4786354,8.846796,1.2935696,-2.587701,3.6601768,9.172527,4.6169963,3.941669,7.09764,7.294075,5.7578535,-0.6906862,5.0457335,0.36054084,7.8396735,6.9403477,2.3045542,4.0075407,2.698581,4.278863,4.609454,1.9078203,2.0414648,1.5936207,3.3844864,-0.9428717,1.7185997,1.568497,4.3609,9.239192,-0.09862294,1.4010094,1.9105543,2.8394272,3.5882,7.895338,0.45354632,0.15730971,4.07206,5.413398,7.128241,6.06493,2.8817534,-2.7674155,-2.2290957,-1.0961338,1.5571382,7.7285132,0.046463784,-0.31504124,1.558629,2.8678656,2.633427,2.7783368,2.3211408,-0.68480587,2.371003,5.1661286,3.893777,2.7464225,3.3430624,5.0500727,3.949034,2.3446805,3.1799357,1.612847,1.846202,6.4839525,-0.23801127,0.017623018,0.991507,-0.633777,-1.8825886,5.5088587,3.293377,5.3255754,5.858545,0.20581433,2.03477,5.433605,6.448053,2.7053175,3.07467,3.4652352,0.970647,-1.8425882,-2.5118093,-1.0671228,4.9473405,-1.9161612,3.5218031,-1.4371208,-0.70632255,1.8855891,1.0839531,1.7502927,7.575336,5.842716,5.4453464,8.015931,2.275407,7.7338853,4.128034,-0.9792863,0.7946774,0.4517014,4.3282065,3.8730752,5.4484367,7.334749,0.9140977,0.4769435,1.6110977,3.6428657,6.3546,6.7385755,-2.623985,8.414271,4.853219,-0.7660143,1.9766273,7.292597,-1.6750076,-0.72712785,0.8400345,-2.9655843,0.011762897,1.491207,-0.7511038,2.3769536,0.54217124,4.483104,6.2495418,1.3492302,1.2641616,3.5955997,0.56464183,-2.699731,1.7309033,1.8370563,1.8399366,-0.39541268,0.28406882,3.2728682,3.2321043,1.3617183,-1.7674217,4.5786986,2.7956367,2.9532113,2.7952774,2.2947085,2.8279257,4.9705305,2.72473,5.3936357,4.6385217,4.5011024,2.7327266,1.6972313,1.8404504,-4.0008807,2.3650095,2.5965524,7.9816074,8.213756,0.33933857,1.6853456,0.47788653,3.7883983,2.7374647,12.642352,3.0852716,4.231559,3.544369,-2.6143744,0.51808834,3.40707,1.5935278,4.4358945,-4.0137477,3.5057347,1.7306751,-1.4778539,8.009831,0.96579295,4.954147,9.351081,2.326431,11.489894,-0.19279201,-0.32968864
7,8.961759,17.400507,9.85779,10.210619,8.555296,7.4837036,7.6864944,8.829337,6.9156475,5.4751296,0.5661035,3.5826697,8.344912,7.266132,3.696833,9.595638,10.123991,7.6860504,14.715434,0.49038136,5.8081303,7.4463153,11.676977,10.099108,5.7170944,2.7174008,2.0786228,4.084224,8.197345,1.4992087,9.477413,-1.2090429,3.7758713,-1.0992459,3.2817113,2.0429168,1.457513,1.5463096,2.6916482,3.175772,4.335877,3.8973663,3.8577409,3.6858983,1.4516214,3.9892967,3.264111,4.3909564,5.2979474,11.729154,5.1205106,6.791309,11.08623,2.54461,0.75038034,5.5440836,-2.6574907,-0.38073906,-3.0527287,2.468364,4.5701246,-2.592115,3.3165345,8.148099,3.1486056,0.9882455,5.374268,5.2545943,0.46697938,2.83581,1.662165,3.0215688,4.1405253,2.1459084,-1.6808991,-1.0110935,0.764492,5.6307726,0.13267706,5.4751353,2.6519728,1.3168635,4.1020317,4.8056917,10.679445,3.792647,4.6770654,2.386512,1.3912176,3.0664215,2.4658384,1.1648909,2.1606438,-2.7743244,3.577915,3.2731466,7.319564,7.5144076,12.232004,9.944818,2.628151,11.856379,2.9654527,10.831473,6.0610433,8.958561,0.5900565,2.4866633,3.0549624,3.696088,-0.77649045,-1.2907755,7.4226017,0.65240157,6.7816358,4.31265,5.115475,-4.2365813,8.575622,10.083449,11.395514,-2.5826118,1.0804496,6.522987,1.9667038,3.2900317,12.55911,3.3143842,-0.5656596,-2.112905,1.6770281,2.0447788,4.2052445,4.738571,4.4686003,3.9594653,4.517994,7.3959823,1.9896059,5.759055,3.6210654,10.57361,4.916747,8.372432,7.114449,5.8200026,6.9118214,3.8633199,1.432723,0.8301932,5.019194,9.442594,11.5999775,7.280013,11.245748,5.1176353,9.850495,10.386556,5.8956275,10.891717,3.7891142,3.3989077,6.0679274,4.8141317,10.684027,8.305476,5.385875,3.0338497,1.0198748,7.3772616,-1.1423953,-1.893233,3.3857615,7.338502,3.507585,5.809397,7.201767,6.7120357,1.4103873,-4.971849,9.085284,5.404984,7.9800935,9.819675,4.5183606,4.0830684,6.0921135,4.2360287,4.5459867,1.3024955,1.2764293,2.7146091,8.0676775,-3.7696524,-0.5541316,4.3167424,6.2729893,11.577459,1.4542927,4.643927,3.086452,4.484441,5.7969174,6.191596,1.8060375,5.284254,4.3958282,7.5252256,5.8075957,5.194352,4.1343513,-3.8968067,-4.1246676,-2.5681827,1.8527828,8.022897,-0.4278026,0.34465295,2.8955464,3.2939098,4.4849277,3.0433435,3.83464,0.8510381,1.4306229,1.5907589,5.949446,2.2860956,3.2757795,4.213994,6.1024623,3.3640795,3.4540694,2.4387717,3.047834,5.6371975,1.208248,0.5638686,2.7708058,0.44172823,-2.5757136,0.91290456,5.710936,4.118142,5.2331214,-1.4509428,1.8996767,5.422636,5.3237414,4.248732,5.087958,2.4140565,2.3851647,1.6409088,1.3406153,-0.49286628,4.212202,1.0158975,2.376728,-1.6027513,2.097592,3.867814,0.8624792,1.6706499,5.0512977,3.3383634,5.7519503,6.8027053,1.9344248,5.349822,2.1413648,-2.6461072,-0.6817204,0.094253674,9.006439,3.414886,6.4195323,7.6820555,1.7715998,4.936708,5.051189,8.212853,-5.4006634,8.171944,3.1670794,9.025133,3.5071342,0.08854958,1.6157347,5.6106596,1.091785,-3.1322324,4.6818123,-0.06722999,5.089498,1.2507628,-0.957446,5.922071,-0.22822411,3.6286726,8.083919,4.4927297,2.6151278,2.5110643,1.7850624,-6.772433,8.039051,2.4756696,4.1832423,0.15264727,4.028893,2.9631405,4.870641,2.5118945,-0.3845056,6.2978888,2.0653737,3.1265807,4.2860894,4.6479235,6.76907,7.5934877,3.7127278,4.676916,7.046155,7.171881,2.3863678,1.4626007,2.9685378,-1.483587,2.19456,5.439773,12.290776,12.39933,2.4898949,4.5669904,1.7798795,6.4122124,6.665957,11.2156315,2.7770264,3.926838,6.178601,1.6597713,6.009543,1.3292619,1.4459693,9.499644,-4.322921,2.8542004,-0.11172217,-0.8500581,4.810264,-0.36132023,7.0112967,6.5545387,3.287317,-6.0292583,-1.665586,-3.1530883
8,8.058766,17.405338,9.838792,8.980988,8.249834,8.02256,6.9748406,4.957377,3.8967085,2.6682181,-1.8401021,1.2853734,8.990995,10.102886,1.146459,12.98414,5.219663,6.7205505,17.055578,1.8902472,5.8506927,5.8496895,14.106816,8.585263,7.165157,2.0278652,1.5392804,-0.6238091,2.7400851,-2.2117245,7.35578,-2.736306,6.9727864,-1.0424784,4.7149386,0.08345076,-2.7147548,-1.2947773,0.9024497,-1.6192918,1.0847579,3.2660697,3.791177,0.30067238,-3.838798,3.047802,3.6891298,2.0306048,2.5487568,9.163045,4.200938,6.083634,5.695235,0.83702016,0.33074164,2.7072358,-3.2399862,-0.9064023,-5.1756973,-1.052335,-0.44869506,-3.3859107,1.9839753,1.982797,-2.6564176,0.7580266,2.659686,2.652327,-2.6844563,2.4154532,-1.7113826,0.85242283,1.6889598,2.1328692,0.047394924,-0.20316221,-1.4747535,3.6430986,4.7746964,7.887478,7.422717,0.26659942,3.515248,1.8496886,6.1864467,-0.9455961,-0.017518247,-1.0490738,-2.9024293,0.6152561,-1.8271396,-2.5136645,3.439601,-2.240594,7.428528,-0.42815506,4.5077677,4.8606467,9.293885,8.936453,5.2940617,12.583716,5.005343,8.30031,9.443775,6.2843843,-6.139008,0.25364193,0.78858215,2.0214305,-1.1494646,1.1732593,4.4876766,0.14624831,10.364575,3.3056881,3.4562383,-4.5079093,7.308818,3.4788878,8.313368,1.5172672,-0.6341894,3.092733,1.1088939,5.3135266,4.6455207,1.7491351,-1.3020096,-2.2741098,1.8934063,1.6085871,2.603627,2.3031003,2.8072536,3.9159663,1.7791218,6.4121394,0.80956966,4.5694275,2.286254,9.195624,3.6825335,4.8095074,4.303394,5.751987,5.357844,-0.13530234,-0.19707318,-1.616845,2.2913613,7.8435926,7.245033,4.283986,4.476309,7.2436633,11.416119,10.547178,6.017877,3.5591924,1.8967701,-1.7540771,5.7645087,0.66311085,11.627528,4.497039,2.4685426,4.892915,1.1497529,3.9698575,-2.561666,-0.51679367,-1.5617781,-0.6250886,-0.28730008,4.4295483,5.9921684,1.5216701,-3.9759276,-8.481907,8.544299,7.2853374,4.0032983,7.994642,2.9790843,1.7250854,5.68406,1.9482486,2.25738,-1.2993177,-1.347418,1.8770624,8.388378,-3.465954,-1.7107633,3.6167455,5.1128483,6.674221,2.153168,5.821375,2.1237109,3.545244,5.7754164,2.6460593,1.8981031,8.066832,2.975175,5.341496,2.045345,4.0646625,4.002358,-2.8606775,-2.0823905,-3.0526047,-0.78370726,4.2783346,-3.0275218,-0.5997238,2.6952431,1.8440992,1.5638247,0.7844696,0.74007267,1.4408879,-2.3735492,-2.7695863,4.742526,-1.7343688,1.530302,0.9400603,5.3227663,2.4251165,0.678514,2.1355696,2.0324733,2.4161134,-1.1152804,-0.3103097,2.7852714,-1.3564202,-1.7942784,-3.8088515,6.093868,-0.8840431,1.1554679,-3.9315007,1.467195,4.745705,2.6926494,4.198041,4.467279,1.4228148,1.704552,4.8781323,3.9184334,0.15751258,2.668783,3.0886214,0.3389387,-1.979561,3.2757638,4.7362366,-0.20207702,-0.0851998,0.64197725,-1.3083861,3.247915,4.4344625,0.16075578,3.1347263,-1.2380404,-3.2037861,-0.98423773,-0.25478408,6.6976495,-1.059143,4.6346083,5.6446004,1.2437539,6.2797704,5.2199173,10.067615,-14.274935,4.966837,7.15216,3.5662985,-2.9920855,-1.6777035,-1.1318817,-1.2792255,2.1867743,-5.633966,3.6492805,0.0141217215,8.772468,0.058055487,-3.3169208,6.185767,-0.5817514,1.3751171,5.7564297,4.2288885,2.202058,-1.2272121,1.8061215,-6.205692,10.030346,1.755232,4.2166433,0.0452038,4.8633666,1.9943078,4.5369563,2.363642,0.89949507,3.9437015,-0.43038926,0.9205636,4.654459,4.7397037,6.5294833,4.363183,3.0856032,0.34203482,5.059186,5.647202,-0.90601426,0.46266448,2.587646,1.2986805,2.3345966,5.6011467,9.53366,9.577146,4.3040905,4.425184,1.2474743,5.56403,7.0846763,5.7271614,1.202246,0.94106746,4.0362873,8.327978,8.903701,-1.5678357,-1.6345795,9.869023,-4.328223,0.46060342,-2.165803,-0.37375045,0.17003949,-3.834677,4.257587,0.8229528,2.3818696,-22.917448,-1.6085633,-6.268844
9,3.6173134,11.151319,3.0580642,4.2728148,4.2628207,5.0288415,1.6654439,-0.7680161,-0.0047926595,-1.4072771,-3.8309624,-1.3860537,5.5809984,5.9279485,-2.728714,9.82415,-1.2881831,2.622188,12.805503,1.9289947,2.4012659,2.4487154,10.23411,3.3913598,4.0228944,0.3303604,1.3076526,-3.2627256,-4.3748903,-2.8029397,1.5618021,0.94709444,4.4694285,-1.1907665,2.6774077,-2.1746051,-5.5489264,-1.6299064,-1.1554765,-7.511053,-4.581272,0.9644878,0.58016616,-3.7855425,-8.79416,0.9964738,2.6035895,-1.7557896,-1.5137954,2.4530036,1.5194461,2.996064,-0.62072325,-1.8229152,-1.3604704,-0.36784068,-4.0481167,-1.3571296,-7.523346,-5.290847,-6.526121,-3.1227636,-0.19389683,-4.4435105,-8.554203,-0.45414153,-0.2541141,-0.3639511,-3.9160705,1.3550146,-4.717508,-1.3929902,-1.6371546,-0.56853426,0.019526144,-0.31800866,-3.0276785,-1.631937,5.2972455,8.275882,7.6561766,-1.9048301,1.4256606,-1.1037426,-0.11485642,-4.194165,-2.8786638,-3.8522456,-5.5738263,-0.4844109,-5.14034,-5.47693,2.91745,-1.8791758,7.3289204,-4.043194,0.22143629,1.180813,0.70523816,4.0340776,5.8795495,8.075828,4.1062117,2.3444755,5.6911917,0.99120957,-11.711013,-3.3074992,-2.5705316,-1.8272147,-1.2746849,2.9349248,-1.827353,-5.7484136,6.146582,1.3822869,-1.3671814,-3.5904183,1.1385558,-5.479145,3.2817814,2.067698,-3.025866,-1.8352755,-0.55668485,2.4957495,-6.0599008,-0.9085182,-2.09965,-2.1078691,-0.16026367,0.08951401,-0.71286964,-1.016876,-0.15904944,1.4053825,-1.8921744,2.5508006,-1.2815707,0.7566657,-0.67453283,3.0374494,0.3837929,0.42941335,-0.8272302,3.9310672,0.6191192,-5.546347,-1.3650417,-3.7855847,-0.32919088,2.4120412,1.389468,0.30118772,-5.7278366,5.3853025,8.789153,7.153411,3.234204,-3.6948411,-1.1790727,-6.369789,2.211524,-4.995397,5.1813374,-0.67210376,-1.8523825,2.3968425,-1.5107995,0.18022293,-2.2442927,0.27385208,-6.001722,-9.046343,-4.1509457,0.11374341,3.8801782,-3.7250526,-6.1954603,-8.807461,3.854732,5.107854,-0.98117095,2.9142752,-0.8309666,-1.3359518,2.946604,-0.9109858,-0.3422171,-4.548949,-4.434652,-0.319514,4.8085523,-2.4858553,-2.8586957,0.3194029,1.6325735,-1.3938606,1.4246964,4.5301795,-0.12596805,0.7030185,3.5538208,1.1643273,0.77572775,7.202584,0.103120856,0.48380142,-1.2238009,2.3808002,1.784833,0.05430075,0.30440238,-3.9836035,-5.075097,-0.8822978,-5.4357986,-2.630633,2.1658552,0.10103157,-3.39902,-2.27505,-4.5952735,0.7920568,-5.691378,-5.771139,1.0174234,-6.774872,-0.3212115,-2.6270757,2.5622628,0.69012684,-2.5232923,1.053505,-0.2899313,-1.103677,-5.0948486,-2.7630272,1.0788958,-4.0454154,-0.19583413,-5.7470813,4.2903714,-6.4243865,-4.645414,-6.2245126,0.3763599,2.7817037,-0.33781862,2.1663253,0.97434455,0.48872823,-0.35824227,5.5561657,3.3251204,-0.013777433,1.0094113,2.7216442,-2.4674666,-2.4626384,0.7908849,3.6953242,-1.37948,-2.3604164,-2.8620155,-4.794785,-0.62873995,1.5725986,-1.9835525,2.8959863,-4.0659823,-2.9506252,-0.32498798,-0.3647107,-0.9025626,-6.131198,0.7464,1.5264122,-0.24167264,4.570751,2.011108,8.604618,-14.141481,0.08937664,7.057436,-3.450406,-9.893174,-3.4822264,-3.8022835,-8.210172,0.50073814,-6.3349743,-1.4647956,-2.091021,8.871319,-1.0899143,-7.0518436,3.385512,-2.833426,-1.2329459,0.52962565,0.6353038,0.53154373,-3.8294623,0.3589071,-1.9713954,5.3051596,-0.37838268,1.8877678,-1.0484756,1.8351641,0.63923585,1.8582346,0.808019,1.0524216,-0.9687793,-2.997629,-1.7846528,3.501237,2.859435,2.0062525,-2.9523466,0.5542933,-4.867808,-0.61548185,0.80898154,-4.0660734,-0.2816903,0.67246187,0.9256325,1.5550573,3.3679574,2.538555,2.1774027,3.2258942,1.5095223,-0.16004393,1.7219799,4.1666217,0.39876193,-1.7810115,-2.6813045,-1.1430681,10.822091,5.989563,-3.3998165,-5.6983085,6.576196,-3.8904738,-2.189302,-2.814977,-0.8005115,-1.0951145,-6.364886,-1.2371526,-4.2682886,-0.22048372,-28.853514,-0.6530764,-7.8037553
10,-0.943431,2.866541,-5.3767166,-0.42117333,-0.037413206,1.1177955,-4.303017,-4.011698,-1.6734633,-3.5331664,-3.1630135,-2.6336884,0.7315823,-4.318445,-5.660002,2.549658,-3.99311,-0.9126841,6.147233,1.6370071,-1.3797572,-0.046919778,3.419043,0.26950443,-0.9270187,-0.8736966,1.6243187,-2.255693,-8.706492,0.35843933,-5.8337107,7.1705227,-2.022081,-1.080355,-1.1063055,-3.054379,-5.114261,-0.21397606,-1.5093718,-10.054519,-8.214079,-1.5100266,-2.2112665,-6.177388,-8.656196,-0.8246141,1.444788,-3.813886,-3.7709634,-3.7450893,-0.46450257,0.6013523,-3.9776177,-2.994232,-2.6350195,-1.4479109,-2.9587104,-1.1056349,-7.4258823,-5.9879513,-9.582408,-2.2741692,-1.7276704,-7.3285165,-11.175185,-1.579026,-1.713073,-2.0972896,-1.8421688,0.26944372,-4.866996,-2.1717083,-2.4901268,-3.349333,-1.2616527,-0.78548354,-2.6010582,-6.2085447,3.218405,6.954473,4.254242,-3.6157417,-1.1844827,-1.8890418,-4.7298684,-3.0240421,-2.4718058,-4.3825493,-4.8953567,0.5463451,-5.7601533,-4.919974,0.7104733,-0.8887691,3.0085433,-4.93772,-3.163761,-1.6605176,-6.847576,-0.71568716,4.875849,2.625048,2.4528215,-2.818889,-0.75152177,-2.1238835,-11.375993,-5.8454976,-5.3502316,-4.244047,-0.7695344,3.343677,-6.418157,-11.053986,0.12898521,0.7910929,-6.124978,-1.2752395,-5.9014716,-9.888974,0.6099072,-0.7047104,-3.9599094,-4.302841,-1.2329177,-3.165008,-13.389736,-2.524911,-2.6560936,-1.514353,-2.6454852,-1.1172193,-3.3690307,-2.8665,-2.0008116,-0.8356551,-3.626675,-0.75369,-2.5241709,-3.0704267,-2.9068592,-3.9458568,-2.7992406,-3.0495548,-5.334895,1.8148134,-3.1266677,-7.106272,-1.2187858,-3.4984493,-1.8207434,-3.1425285,-1.6630605,-1.0957563,-12.928669,1.1489861,3.6274655,2.9395554,-0.121322475,-5.2585773,-3.1980145,-7.5771546,-1.7150338,-7.237464,-4.2835293,-3.2955174,-3.8738184,-2.117793,-4.871996,-2.1836717,-0.97966194,0.2142912,-4.6676135,-11.595196,-4.8784947,-3.959217,1.9325265,-4.4736843,-3.5684402,-5.5348363,-1.13524,1.4706671,-3.5102432,-1.5283879,-3.5033402,-2.6555488,0.53573674,-2.0658658,-1.0231596,-6.128128,-5.493231,-2.0052779,0.68492126,-3.006061,-4.4490995,-2.0597372,-1.7547154,-6.249085,0.14685827,1.9879651,-1.6162739,-1.69702,0.6208851,3.052393,-0.35609013,4.088173,-2.307314,-3.404598,-1.385318,0.7623995,-0.91320944,3.5542345,0.5417473,-4.874103,-7.1636295,-4.182178,-5.585908,-3.5309017,2.4661372,0.06665289,-5.952483,-3.8517122,-7.754342,-0.33868173,-5.400131,-6.1891966,-2.5180285,-8.808198,-0.79335773,-4.2852592,0.21770784,0.0590774,-2.924355,0.26035517,-1.9190758,-2.6592414,-7.03307,-5.7058206,-1.1640638,-5.1397924,0.38829243,-3.7619712,1.8157434,-8.884235,-8.682489,-6.710609,-0.7568051,-0.001883167,-1.6086854,-0.70929796,-2.6821465,0.033371523,-1.8902445,3.3191428,0.5099158,-0.69520116,0.16881576,0.22313069,-4.9804025,-2.4444406,-4.133619,1.3961532,-1.7003642,-3.5322664,-3.525565,-4.411193,-3.1375828,-0.20128833,-3.1643116,4.683747,-4.619204,-1.7650851,0.56158364,0.029195787,-7.787981,-7.7393413,-3.045801,-2.241435,-1.0753943,2.1090539,-2.0582192,5.0718603,-5.736713,-2.5806699,3.376578,-6.396322,-11.0134735,-2.87403,-4.3567057,-10.282562,-2.7949104,-4.2958884,-6.2916007,-4.011646,4.9834385,-1.0951133,-9.6753235,0.16538204,-6.3428054,-2.5103385,-4.094829,-3.614161,-0.7657079,-2.534186,-1.2508155,2.7722576,-2.9216366,-2.611856,-0.70499545,-2.5300524,-2.830627,-0.07433489,-1.7909063,-1.025717,0.08327555,-4.554392,-3.674818,-2.5398533,1.6460909,0.51702154,-3.1171393,-8.980183,-2.3966153,-8.281503,-6.4322476,-3.5279796,-3.67528,-0.0070225047,-1.445244,-1.9260919,-0.352927,0.706049,-2.7912014,-3.8644211,-0.7091663,-1.298814,-0.49937943,-2.188498,0.78369623,-1.8830967,-4.837395,-3.2299707,-5.4132175,4.5141273,-1.836274,-3.2888432,-7.5015965,2.347466,-2.910388,-3.2604995,-1.655949,-2.004838,3.2431667,-4.866584,-5.2256365,-4.861771,-2.8722322,-20.106861,0.23590173,-6.312608
11,-2.187471,-2.3132036,-9.17359,-2.0082412,-1.540385,-0.7975484,-6.0617266,-2.5737054,-0.26183695,-2.2637177,0.07754613,-1.6026284,-2.0237787,-14.31217,-5.703488,-3.6229932,-1.3662196,-1.0515536,1.6125338,2.3289294,-2.811521,0.10069797,-1.046838,2.0880039,-4.275229,-0.2633337,1.5476092,1.7602302,-7.221221,5.7107797,-10.376858,10.778608,-5.8027844,0.86618817,-2.940772,-1.8546736,-2.4615142,0.7265651,0.1442878,-6.944545,-7.056961,-2.4584405,-1.9680451,-5.7417126,-2.7971263,-1.2331827,1.4671588,-2.894968,-2.8183546,-5.8322134,-0.03082487,0.58099955,-3.10527,-1.6055794,-2.0558627,-0.19721715,0.32697284,0.24886224,-3.7697234,-2.033589,-7.994455,-1.3248726,-1.7387972,-5.3334384,-9.024664,-1.3749294,-1.2538295,-1.6285475,3.061805,0.050708655,-1.1993862,-0.83678585,0.5405519,-3.5501115,-2.3120623,-0.27384827,-0.34386557,-6.8802342,2.951512,5.0117407,1.4558604,-3.6498916,-3.0614042,-0.52145845,-5.911193,1.9367743,0.94823533,-1.771152,-1.7946951,2.910078,-3.865022,-0.99854183,-1.5604718,1.5109473,-2.828791,-2.829687,-4.1643357,-1.9838415,-8.436635,-2.2488458,3.4930093,0.03856937,1.0473948,-4.036236,-3.6991498,-1.2052068,-4.4972973,-6.016183,-6.7258234,-3.0677066,0.1936348,2.438628,-6.2727036,-9.473353,-0.50807583,2.254382,-7.7200294,2.5273645,-7.949506,-5.901398,1.7814931,-3.5980115,-2.183248,-2.5054674,0.08573947,-6.6011915,-14.160787,-1.9587861,-2.6316278,-0.22236331,-3.1447687,-0.77768385,-3.3742244,-1.9263264,-1.4661984,-0.631626,-2.2086987,-0.8148391,-1.8946714,-3.8807461,-2.3657544,-7.6176696,-3.8461716,-5.30959,-7.1355834,0.76288223,-2.9233272,-3.3322077,-0.32429487,0.13666447,-2.364134,-5.3312507,-0.116322495,1.4257131,-13.37148,-2.1021464,-0.5527352,1.067027,-1.1029148,-1.01308,-1.9912642,-4.3270187,-3.4098527,-3.6264234,-9.705546,-1.2734716,-2.6754558,-4.3453856,-6.361982,-2.4514656,-0.19602534,0.13513964,2.794303,-6.6153836,-1.4909884,-4.4141245,0.86761093,-0.84914285,1.7575155,-0.6319298,-2.6200387,-0.0023634525,-2.6585517,-2.396594,-2.8479934,-1.2249608,-0.09794285,-0.76252884,0.64665395,-4.6495976,-3.3255806,-1.7369368,-0.88157713,-4.616967,-5.288331,-0.8047173,-2.8554633,-4.766564,-0.2133937,-0.012648076,-1.0483001,-1.7157573,-1.317707,5.605065,-0.25481427,1.8498538,-2.567656,-3.5629315,1.4480432,0.1997863,-1.432715,5.978483,0.024695424,-3.4691432,-4.0544367,-4.0564566,-3.3923807,-1.5079366,3.6523364,2.1377985,-4.0796976,-2.960383,-6.180757,-0.89843863,-1.4626337,-4.4101644,-3.6585627,-6.0692573,0.23743059,-3.5537467,-0.070538364,1.3123524,0.0034661645,0.40650222,-1.6245434,-1.6324033,-5.025281,-7.1175723,-2.490162,-3.3381977,-1.300582,0.6701565,0.43244123,-6.912302,-8.184217,-5.07316,-0.7337463,-2.199152,0.49008414,-2.4440389,-2.8835216,0.86836445,-1.5437406,0.047336567,-1.6885556,-0.66043067,0.6185309,-2.63715,-5.5348215,-1.6818378,-7.8283505,-0.7332602,-0.82738584,-2.9710646,-1.6807255,-0.2816999,-2.3465133,0.6443453,-2.4531448,6.8863263,-3.0340803,0.7702558,1.2039919,0.9814155,-8.855358,-4.75149,-4.926771,-3.16002,-0.16212007,1.0555676,-3.790894,1.5922217,3.556968,-1.3388442,-1.0603317,-3.5348437,-4.3739886,-0.15630192,-2.972739,-6.7163587,-5.1660957,-0.62894404,-6.710812,-4.193339,-1.196217,0.2285992,-9.00484,-1.048682,-7.438384,-1.8843119,-5.321419,-5.324822,-0.40775126,1.87732,-1.5014634,5.5388956,-8.2915745,-3.4962318,-1.2915667,-3.3797388,-5.383643,0.7521754,-4.3437243,-1.7690593,-0.95552427,-4.0871587,-2.089227,-0.63664955,0.27963543,-0.72642857,-4.6595106,-9.1463995,-3.5634825,-9.224625,-8.901305,-3.951649,0.5374642,0.9234766,-2.4161723,-3.0815253,-2.164204,-0.5916067,-2.9234898,-3.6231909,-4.683009,-1.3301595,1.1585255,-3.439266,-0.27148053,-1.3321689,-6.0024123,1.2010912,-5.949461,-7.796866,-9.524884,-1.9094164,-5.589556,-0.8891127,-1.716474,-1.9958525,0.26037806,-3.0914023,10.162991,0.8659715,-4.8211284,-0.10686405,-3.9656246,-2.6453862,0.9322336,-1.8353682
12,0.23813267,-2.4695396,-6.045984,-0.26627573,0.10708133,0.091077104,-1.8913234,1.5810947,2.150049,0.76583093,3.3649225,0.66696435,-1.1806729,-17.198875,-2.8434153,-5.0385613,2.8789206,1.6998224,0.78785324,3.9790447,-1.6476039,2.1924725,-0.50519073,5.996233,-4.5923343,2.070403,-0.16370937,6.269973,-0.90126324,10.131207,-8.850456,8.525702,-1.5045122,4.704435,-0.80999947,0.5865914,-0.57121044,-0.57045376,2.1768565,-0.4657182,-2.3875275,-1.3933038,0.6706907,-3.5359223,4.4088855,-0.39545122,2.4838624,-0.60783184,-0.029662983,-4.1725855,2.127561,1.7006655,-0.15345183,0.9686723,0.042171367,1.6079764,3.542947,2.150299,1.6899126,3.235565,-3.8883932,-0.5970922,-1.0710241,-0.85326916,-3.7108865,0.14335716,-0.1324024,0.3795318,8.190534,0.9953501,4.626514,1.6523725,5.2057247,-0.91020167,-2.092211,1.7212476,2.0688574,-3.807982,6.407923,3.4818625,2.0636716,-2.340977,-3.905443,0.57373345,-4.816597,6.7679124,5.198445,3.106131,1.0581019,4.7875276,-1.3821094,3.3759735,-2.039941,4.832383,-6.6768403,0.07238435,-3.15812,0.25791898,-5.0294876,-0.9049946,2.1843498,0.5071058,-1.9125558,-1.7992194,-1.2582119,1.3527716,4.175649,-4.4937606,-6.9144697,0.26757252,0.81885,0.66969836,-2.6409855,-0.9633855,5.4717264,4.199597,-5.9400043,6.9816456,-3.0073593,3.7280548,4.05169,-3.2638476,1.5259687,1.5696471,2.389767,-4.297586,-9.576513,-0.14753854,-2.1739678,1.5520324,-0.9350248,0.95747036,-1.0443404,0.8935286,0.49820194,1.631799,0.72079676,1.821739,-0.023675134,-0.9158864,0.659284,-6.829886,-2.5340738,-7.276705,-6.4966364,0.8447809,0.3094233,1.9485333,-0.13268086,5.447136,-3.0467517,-3.4876924,4.1402593,5.9774632,-8.10791,-2.116324,-1.1591718,2.5712554,0.98463976,4.2312226,2.2441263,1.1928351,-2.377299,3.2389157,-7.3123293,3.729858,-0.71975917,-2.1766617,-5.419692,-1.6084918,-0.6803602,0.84032744,11.007183,1.5323234,3.586661,-0.9113302,0.34998426,2.4219406,5.6988378,3.0827308,-0.16056833,1.8778474,-0.50140345,-0.058409244,0.16778274,1.5930929,0.5082457,1.4529063,2.8185816,-0.9614453,0.5279244,0.2115099,0.32987002,-4.88512,-3.8220181,3.2132745,-1.4407803,0.37366012,0.8949031,-0.48634228,0.882329,0.41023773,-1.6097189,4.7047844,1.1607171,2.6994772,-1.0716654,-0.26434287,4.3522964,0.85578954,1.4194409,6.248358,2.2849212,1.4584441,3.0688443,-1.593325,-0.6443379,2.622495,4.6889763,4.4823136,0.0607616,-0.5578341,-1.3934811,-0.53889894,3.0020678,-1.912195,-2.6322815,-0.896167,1.5130888,-1.7952507,1.1980952,3.2896209,3.492187,0.9978797,-0.04286522,0.50629634,-0.5503458,-5.5486965,-2.256642,0.8034942,-4.4261503,4.517507,0.45314312,-2.2331517,-3.3667712,-3.016541,0.8984507,-2.53894,5.147023,-1.7140554,1.5476595,3.2030134,0.19422695,-1.8427272,-1.2744651,0.85484594,1.7810702,-4.080074,-3.2039926,-0.83288026,-7.2262263,-1.712517,0.63501954,-1.6069676,0.5125958,4.5255837,1.1536497,4.0037813,-0.113008775,7.4888988,-1.2633893,4.2966785,1.7101678,2.0863504,-4.267321,0.12170518,-4.833273,-1.0870484,1.6506207,1.4681908,-2.0539598,-0.2827763,6.0045605,2.1733935,-3.32746,1.6438637,5.4687467,1.7635188,-1.5502865,-0.81691104,-4.8917375,2.2285228,-2.5713077,-3.3224733,-6.722786,1.8541696,-5.2295036,-0.22859877,-3.2318301,-0.5131128,-3.112765,-3.404658,1.3369197,5.8164454,-0.18257923,6.1514053,-6.7170978,-2.805194,0.588118,-2.9595118,-3.6466677,2.840814,-4.646581,-1.0791533,-0.93387026,-0.45714274,0.13575557,2.1348057,-0.10713569,-0.37084544,-1.7186385,-3.672053,-1.984178,-8.695354,-7.3927927,-0.6288387,5.04205,1.312621,-2.1628,0.55540293,-2.3152869,-0.33199397,0.521541,2.8548305,-5.4132247,1.2833595,3.6854243,-1.8424426,1.1174313,0.077975884,-4.4126496,8.014942,-3.1817703,-16.977736,-11.786686,-0.6009999,-1.7341169,-2.9119875,-1.1732569,0.64614445,1.3343266,-3.0767784,13.381252,7.333702,-0.80251855,6.646765,-3.3238475,12.271407,2.0263515,3.7276168
13,3.4828265,-0.010915502,0.8237506,2.3872693,2.690728,2.193993,5.2858386,4.2375245,2.744003,2.4629903,4.1664915,2.0429058,1.7220696,-11.011283,0.929222,-2.1706486,3.5433173,4.281377,2.18408,5.1647453,0.48467582,3.7956407,3.1273153,6.4396944,-2.8428848,4.458487,-3.3903987,8.540324,5.7157035,10.730713,-2.0080235,1.9474123,9.054072,7.790165,3.5723398,2.6783798,-1.2422552,-3.8095458,2.6700382,4.313443,1.9946425,0.54208493,2.9444969,-1.7648197,7.388929,0.38737082,3.128163,0.4270956,2.0032928,-1.9771745,3.5599825,1.4627141,1.3973743,2.3110518,1.8206469,1.9255619,4.1070137,3.369086,5.781686,5.1850142,-0.8457251,-0.14914092,-1.4979142,1.9068246,1.3539054,1.7537863,-0.30878356,2.113487,10.274756,2.3078845,9.1739435,3.257169,7.3126583,2.273844,-0.86994684,3.9969146,2.6824505,0.015727915,10.222247,2.585733,4.412907,-1.2205024,-4.366303,-1.0987642,-4.0339575,7.5467386,7.2231197,7.8382907,1.486274,4.6506896,-0.40938985,5.3347816,-0.19371437,7.298256,-6.8669276,1.280174,-1.7669971,2.9939532,-1.7858586,0.5718371,0.49669948,1.4677583,-8.235601,0.7450065,2.7460768,1.8821913,8.147472,-3.0469034,-6.42648,2.2603652,0.40197945,-1.2892148,0.8345919,7.6887474,12.243593,4.373537,-3.321029,10.262589,4.8274894,11.868293,3.7795944,0.8451883,4.94678,3.9391444,3.5029342,2.3459084,-3.089446,0.86036485,-1.8144101,2.9228804,2.353608,2.667232,1.2866701,3.2104368,1.8194641,3.6371434,2.1861153,4.0741234,1.5021243,3.517562,3.654689,-3.5416398,-0.3637337,-9.508095,-5.251165,1.027652,2.9827683,3.448922,-1.4939396,9.013487,-4.5754304,0.35771862,7.4538593,9.147024,-1.0320501,0.55089384,1.461107,5.693367,3.9059887,5.9859223,6.537359,5.035114,0.036769234,7.8772583,0.2124795,7.55858,-0.82081795,2.1888747,-3.8559716,-1.3418927,-1.9487073,2.1032155,13.462525,6.3828635,6.415671,3.3761463,-0.48800817,1.1441039,5.8766046,4.2626777,3.3127303,4.7840376,0.2718553,2.7073174,2.6054246,3.3083723,1.0759503,2.226664,3.13024,2.4778345,2.9985545,2.218369,2.1023617,-1.8904754,-0.17134984,6.3806443,0.7133537,3.6339502,2.5119646,0.18825424,2.2182589,2.570356,-0.8824174,-0.86499745,2.7484107,5.968736,0.039561775,3.6469114,4.2229652,1.6664348,6.199123,4.623497,8.567544,7.88969,9.255545,0.6903796,0.9344117,5.7795215,4.4599357,4.8406134,2.5786757,1.5115317,2.747485,0.16891344,4.629039,-0.066210486,-1.5441015,2.3462303,1.6589277,-0.63966215,2.1477346,4.0072536,4.2091584,0.92753655,1.1201022,1.6017189,3.3852417,-1.3880357,-0.7459478,5.6347184,-6.2224483,5.5338078,0.54450184,2.0253038,2.6660566,-2.7351365,3.0083852,-0.96144783,9.154278,1.0242373,7.913117,5.8215814,1.5030211,-1.4014429,1.1538812,3.197088,2.2656333,-3.4095778,1.0849252,-0.88340217,-2.3733313,-1.5834603,1.6358206,-0.91994715,1.0470097,6.409191,4.6889224,7.6540728,2.2611647,5.4526596,-1.2088972,7.1046844,2.4270837,2.646818,1.1501341,2.9915226,-4.0302467,1.4237835,2.226108,1.690782,1.3277994,-0.28704408,0.33002928,4.7814493,-2.4363005,4.089671,11.099541,0.5472046,-1.4600433,3.8641148,-2.4071758,2.6321323,2.3826082,-3.0776722,-8.85148,2.3378334,-0.87430334,0.78320426,4.867206,0.13239433,0.51889247,0.39611483,2.9492702,6.2232637,1.5451804,5.7756686,0.20482261,-1.6449722,3.3811157,-1.4223092,1.2534895,4.639606,-3.1329556,0.1596308,0.42272666,2.9623828,0.91955423,3.1687713,0.11564493,0.88593346,2.6227953,2.848831,1.0586956,-7.511912,-4.2189794,2.8600798,5.69948,0.43339363,-1.7433084,7.182287,-0.4485422,0.44777822,3.2285042,10.491853,-1.9139866,3.8870897,4.961948,0.4161893,2.5559535,1.0614423,-1.0393218,11.420076,0.1531229,-15.306601,-7.586574,0.07880097,0.8522878,-4.039976,-1.9380463,2.7675803,0.79767305,-1.5950637,8.648922,9.892316,3.377057,10.317349,-2.0578065,17.006557,3.815498,7.76103
14,4.443461,1.0835388,6.2190795,3.485469,3.9204125,3.4519103,10.4255295,3.0171244,0.86123896,1.3264974,2.616487,1.3044672,3.8446212,0.08452689,3.4453313,1.6438733,-0.7674156,4.3258376,3.6391273,4.7340055,2.2670674,3.0611157,5.7315745,1.3022386,-0.6240997,5.026729,-5.9565644,7.4089756,8.064604,6.8815756,6.234265,-3.8404949,17.692001,7.1959157,6.4272604,3.5616143,-2.9867485,-6.7217183,1.3204514,4.2680454,3.5177104,1.5890985,3.2722306,-1.6674368,4.453713,0.1430009,2.3920398,-0.71770614,2.0143366,-1.623792,2.5007598,-0.8373852,-0.16811635,1.4780748,1.8082916,0.51021713,2.2273514,3.2752786,6.9766717,2.6419923,-0.20039153,0.34982306,-3.5718133,0.6468949,3.8522902,2.6039371,-2.5419395,2.1003363,7.8787856,2.6759295,9.723728,2.410845,4.526166,3.5514379,0.3389457,4.625127,0.8675034,1.8095044,8.988052,1.7561681,4.419055,-1.3206198,-4.7782555,-5.2459173,-4.889578,3.9060936,5.196649,10.114978,-0.47843248,2.4527984,-1.4717115,4.7142043,2.7654727,7.3654904,-4.432311,0.45048875,-1.266567,3.4008372,-2.3807054,0.22813264,-1.6982888,1.1414657,-15.628498,1.2151595,3.3043714,-0.4930549,4.8402996,-2.4008946,-5.204103,1.0214,-0.6523762,-2.4376817,2.0386398,9.383678,13.024912,2.2361982,-2.2975628,10.884563,9.261238,13.195578,0.9063006,6.1307817,6.2705865,2.3586726,2.3230648,8.191398,2.654008,0.028595176,-1.6254195,3.1619759,4.387208,3.0395617,1.6403735,3.3486443,1.3539586,3.6130726,0.79770464,3.5459797,1.7421343,6.063925,4.120772,-0.07809551,1.0672772,-10.785857,-4.5872774,0.49869505,2.580401,-0.14003414,-3.5741334,8.315234,-6.2409134,3.890071,7.498792,8.854813,4.682925,3.4629536,4.5072165,7.6922917,4.7865305,4.6030946,7.470111,4.9163666,2.37716,6.971087,6.4589267,7.1956263,-2.6543155,4.5012865,-3.6563592,-2.4037719,-2.6490302,2.9116976,8.553853,4.960262,5.0088573,4.781775,-1.731195,-3.409336,3.8100903,4.1366105,4.641861,5.2361274,-0.7627451,3.740267,2.641877,2.6067383,1.2038028,0.786114,1.0867014,3.7042694,2.3897798,2.9603415,2.5824423,3.9603243,3.613746,6.027171,1.5396702,2.2131429,3.102183,0.8935547,1.7299691,2.9046144,-0.18360096,-7.5994406,3.310673,8.7287035,-0.6769847,5.3299003,0.8385512,1.4258785,10.203059,2.669748,15.558909,11.8684635,10.063682,1.151679,1.5646273,5.5458508,2.8232305,3.1444447,1.9430827,2.1640973,3.9883018,0.50357175,2.9727159,0.72685033,-1.8909223,1.4071524,0.52889585,-0.35162395,1.6066859,2.680756,1.529882,-0.22545083,0.9677596,0.8186199,5.5506325,3.5008886,1.7249435,9.789885,-3.9188747,4.085515,-0.6277066,4.00246,6.5431466,-4.533488,3.6510782,1.2807058,9.455708,3.8299294,11.759705,6.7138443,1.0523218,0.4503047,3.3594036,4.848757,0.9891075,-0.99685526,4.925038,-1.9670212,3.8126884,-0.92274356,1.534207,-1.2931525,-0.09741792,4.2790265,5.903303,8.82342,2.7767515,1.3217086,-2.8071187,7.181722,3.4005456,2.3183024,2.8095398,2.4399142,-3.5353606,1.3913995,0.48497546,0.55922955,3.4668694,0.9418602,-7.3772974,4.8577776,0.4927941,2.2459288,8.840551,-2.4621234,-1.8768327,7.174713,0.46436483,1.3228431,4.354449,-3.6611853,-6.342405,1.0876764,1.5171375,0.7923925,11.920623,0.2106082,3.9088604,3.307035,3.224706,3.3454459,2.5672252,4.830941,6.844224,-1.2021706,5.0820847,0.55016255,6.0731273,4.5013165,-1.0784621,0.9150226,2.483664,3.8510373,-0.24473715,1.6041148,0.49639785,1.9985658,4.3021336,6.0551634,3.104827,-5.184525,-2.0174387,3.01368,1.8880103,-0.9629937,-1.9412199,11.295429,2.1484246,1.0468414,2.9972587,13.215025,3.7108767,4.083632,4.0309677,1.1320385,1.8280377,1.8238062,2.4622078,7.395435,1.8965107,-3.9135885,-0.89292645,0.91252667,0.77445465,-3.7478473,-3.3324492,3.1154354,-0.5226111,0.86637783,-2.2879071,6.8149414,4.836016,8.345255,-1.1482973,13.433569,5.7814484,9.05556
15,2.763988,-0.8535664,7.692187,2.8353982,3.616556,3.4048433,10.626996,-0.38088295,-1.3178433,-1.0737108,1.5725913,-0.5738698,3.721998,9.54191,4.475004,3.6375897,-6.0545106,2.560594,4.378983,3.3224688,4.040487,0.5139776,5.1175046,-5.1036205,1.637279,3.5069351,-5.0358486,3.840454,5.278566,1.0028425,12.187784,-4.3898115,17.233875,3.5153515,5.6250653,3.8460562,-2.2914176,-6.825022,-0.31500557,1.3125721,2.985249,0.9410533,3.0950415,-2.3678389,-0.6785081,-0.64457417,0.82124,-2.4477906,1.0265759,-2.4032664,-0.28754446,-2.980052,-3.4535143,0.010603424,0.46658602,-0.9134717,1.3489867,2.737716,6.9232564,-0.5907938,0.31569216,1.5326203,-5.393318,-2.8424313,4.4579196,3.4514785,-5.302142,0.5341833,2.8712254,1.552928,6.495539,-0.5793771,-1.3160917,2.8968413,1.0864098,2.9668453,-2.1087632,1.5335476,1.3799394,0.46344578,0.4939434,-1.8413631,-4.200939,-8.395686,-6.1325555,-0.4897571,0.20564553,9.51451,-2.6895986,-0.20558225,-3.098822,3.9402666,4.948545,5.3475313,-1.6944296,-0.3917036,-1.478323,0.3272034,-5.1910996,-1.0677073,-3.2797174,0.6340711,-17.641243,0.27563572,-0.15143006,-2.9284332,-1.9550415,-1.1086805,-2.5827062,-1.7242863,-0.64684176,-1.5319632,2.3677905,3.9330018,7.161907,-0.33662823,-2.6305115,9.276442,8.064379,8.559504,-0.61917335,9.326687,5.5531945,-1.4949358,0.16663021,8.988334,6.9368424,-1.5088388,-0.6232219,2.7485101,4.4095893,2.1336608,0.48351416,1.9253365,-0.08850874,2.0448377,-1.7753545,1.0011737,1.2641253,5.296467,1.8044769,3.315567,1.5485002,-8.655176,-3.713997,-0.33896875,0.05329297,-4.6754456,-4.3002763,4.041712,-6.270018,6.537316,4.746396,5.865315,8.236884,4.722996,5.1762624,7.3264065,3.0583794,4.4204082,4.297325,2.386617,4.326457,2.4462512,7.348366,3.4526143,-2.6828282,2.9081895,-4.5487866,-3.8306708,-1.5671166,2.6419308,1.3126441,-0.03493454,1.1457306,2.7896848,-2.0830297,-5.2363214,3.5051978,5.257181,3.4387288,2.0830545,-1.2889537,3.4571366,1.388687,0.5183943,1.5585674,-1.1903505,-1.326941,2.9002502,0.09211172,2.666407,2.2863035,10.424051,5.6186023,3.136356,0.5634699,-1.2319422,2.063634,0.8796191,0.13009667,1.6385882,0.03145908,-10.005961,2.8038552,8.502853,-2.0021343,4.2572575,-2.6398787,0.3032927,11.87771,2.2433922,17.940987,11.428923,5.783095,0.38181448,3.223025,2.786734,0.77766246,2.075651,0.42042285,1.772532,3.75185,0.4732483,0.85308707,0.9599272,-2.7447815,-1.6842679,-0.6698358,0.19305857,0.34131444,0.62051296,-1.9589425,-1.5386314,0.38689598,-0.6224249,7.5874834,7.501083,5.4413705,12.879564,3.0250304,2.8467107,-2.5816767,4.436441,7.459279,-6.1608615,1.9251918,2.616721,6.115556,4.8339863,10.737629,4.949473,-0.6472193,2.2960575,4.0126653,4.9336267,-1.6875002,2.3592238,6.189958,-2.930424,8.097147,-0.033281814,0.596832,-1.4570874,-0.9312846,0.5370278,4.9081726,6.6365614,0.9071314,-3.1464353,-4.048594,4.1855416,4.1991916,1.6477153,0.7128716,0.58613217,-3.1380093,-1.8012737,-2.027694,-1.0309765,3.2182128,2.6371038,-9.607066,3.7116678,3.6894622,-0.57786214,2.018047,-2.7269168,-0.5332809,11.885267,2.4946997,0.8503654,3.2352488,-3.0564654,-0.08149696,-1.0328879,1.787245,0.8582037,13.840228,1.578808,7.0829153,4.120059,2.5330987,0.3212824,3.0696661,2.41437,8.553102,-1.4410837,4.9319386,2.3333085,8.331652,2.1870139,0.64538753,1.1762849,4.3948107,3.1555512,-1.7943021,-0.7936725,1.1626668,2.5312846,2.0957265,6.0443816,2.7724056,-0.8100453,-1.1218491,-0.15045144,-2.603997,-1.1259868,-2.16064,9.063831,3.6718614,1.9888431,1.732712,8.828547,8.009729,2.0776768,2.106566,0.17578806,-0.7023707,2.7460399,5.512564,-2.0300677,2.3267148,7.586867,3.2142959,3.0744646,-0.19938986,-1.0203995,-3.1908247,2.1032279,-0.7647396,3.2858388,-12.787279,1.1030581,3.6535244,2.8602338,-0.38200793,10.266296,7.1800866,8.988226
16,0.86055374,-3.8212612,7.110054,2.3168552,3.455453,3.3130085,7.2801857,-2.030574,-1.0523937,-1.6922599,3.6923442,-1.2787799,2.2957492,13.527025,5.9093623,3.7487838,-6.700775,1.8940885,4.8436265,2.862246,6.9176292,-1.4193002,2.7879946,-5.7288265,4.6023784,1.6702592,0.23168354,-0.09474679,0.7397887,-2.8519888,14.863558,0.48698622,8.497617,1.4597237,2.663642,4.7845316,2.6893399,-3.4561758,-0.4727375,0.5683504,3.0629382,-0.5672105,5.1329913,-1.8748785,-2.4861443,-0.5660521,0.04307878,-2.4566677,0.87935156,-1.9375108,-2.1606123,-1.9873523,-5.459597,0.28100705,-0.24122788,-0.5575435,4.8777413,3.3902392,8.592244,0.617247,4.025735,3.7870736,-3.990345,-4.23583,5.850957,5.855624,-5.7476816,-0.8263618,-0.782096,-0.10205808,2.5566833,-3.5299354,-5.715313,2.734736,2.0417242,0.6042574,-4.095,1.4839809,-7.441059,-0.9941227,-4.165467,-0.73299646,-1.2008321,-6.831362,-5.2610874,-1.2521151,-4.1653476,7.7122607,-2.5829926,-1.1797079,-3.1170413,5.267853,5.3353286,3.3310416,-0.124577634,0.9178354,-1.1185077,-4.3516774,-5.2171874,-0.8038715,-2.6656666,2.2362018,-9.08508,0.47529566,-3.059472,-1.9758294,-5.420563,3.0549924,1.8164206,-2.4407096,2.125985,2.1434765,4.7857485,-1.5597174,0.8600723,-0.8547644,-1.8379651,7.7051716,5.167743,3.4311595,2.6274667,9.333505,4.4538894,-3.5659904,-0.3491594,5.054848,9.843805,-1.4990865,2.5411167,3.2770586,3.8025923,1.2384237,0.28359336,1.2344409,-0.6815592,0.91599476,-2.353022,-0.47012228,1.3949608,2.7991982,-1.2022414,7.9400663,2.101046,-1.8145428,-0.82971185,-0.30913463,-1.5313181,-4.6789455,-2.1092825,-0.18752156,-3.4281127,9.10917,1.3424807,2.743427,9.978332,4.4484887,2.869534,5.627571,0.9818661,8.480899,-0.18502855,1.3758231,6.3203683,-0.55688393,4.6724386,0.06739152,2.066053,-0.031192353,-4.051362,-3.8348432,1.5029267,1.7830848,-1.115615,-3.2516477,-1.3006899,0.5692631,0.04706699,0.23837279,7.4915876,8.869258,1.9769678,-2.3013682,1.2687591,3.8109536,1.5709724,-0.6827764,2.6397395,-1.2220716,-1.5348481,2.0082762,-0.776321,2.6899004,3.1372323,15.281385,6.1683073,1.2213035,-0.78402054,-1.4442043,0.27814656,0.32652932,-0.73367393,0.7561523,0.12883323,-5.595719,2.3074803,5.515362,-0.9967966,2.251074,-2.5025058,-0.012328923,11.69889,4.076701,13.387287,8.940852,1.3159913,0.43195826,7.3732457,1.0145048,-0.34229127,4.4997196,1.3177639,1.4258214,5.125285,0.79424316,1.4952669,1.2613319,-1.6033274,-2.645163,-0.5938786,1.957082,0.15857597,0.0031090344,-3.152434,-1.5689625,1.0258532,-0.7111956,11.576804,10.514401,10.605513,14.960274,12.157793,4.4000726,-3.125469,5.5459156,7.5215344,-4.862012,-0.91453713,2.3745291,2.631402,3.7439923,6.519246,1.9641918,-1.7338525,3.7116392,4.0423603,4.028368,-3.935918,5.772091,4.6480856,-2.336395,9.257048,1.1950121,-0.26363188,0.25323087,0.62514114,-1.0386163,4.023547,3.040977,-1.6786273,-5.97496,-3.019216,0.29825327,4.2358093,1.783347,-0.9748026,0.6074712,-1.9983394,-5.8017755,-2.3244286,-0.97438544,2.0542789,4.2054152,-4.53608,3.9443018,6.149976,0.08551291,-2.389333,3.227036,3.7194111,19.467243,4.0759826,3.1532564,2.4148762,0.83610433,7.2356663,-2.3688464,2.2069094,3.0705712,10.781897,5.52351,10.690152,4.0214605,2.4249823,0.026850972,4.15302,-1.9768482,5.3352847,-1.1558955,3.7127852,3.678054,8.118039,-0.7485593,2.0419648,1.8818489,5.644264,3.649171,-1.6913009,-1.3837376,2.4845207,2.817462,-1.3804208,6.8383665,1.0336185,5.0877147,0.43035668,-3.148642,-3.1007676,0.97772676,-0.9654501,2.466327,3.3837247,4.1843348,2.6908457,0.7100136,8.788039,0.20558639,1.3234041,-0.7156075,-2.4547784,3.0242414,8.85206,-9.660986,3.2403471,9.594256,3.378753,6.561042,0.82231677,3.8415773,0.5372396,1.3560568,1.3897344,4.6775603,-16.678064,-1.9885718,2.2648628,-1.3860632,1.1620169,13.886784,7.91598,10.276986
17,1.0782388,-4.441118,7.8140225,3.5246859,4.7472053,4.3717833,4.2738523,0.12877898,1.9987558,0.86714333,8.362249,0.49884576,1.5252404,12.874156,9.53253,3.71277,-0.96465784,4.126463,5.149746,4.4109936,10.767628,-0.7566675,1.8162751,2.017808,8.342221,1.7164254,7.324613,-2.8399153,-1.2218914,-1.9544913,15.263045,6.828117,-0.18963403,5.4768577,0.8814581,6.6501813,9.630411,1.6167543,0.96355915,5.12054,4.92462,-1.2884661,9.828877,0.69664675,0.99204046,0.9903135,1.0399239,-0.24067128,2.0166824,0.5468737,-1.1735433,2.5506098,-4.434641,2.810002,1.0551286,1.4192426,12.164902,5.6992083,12.708876,7.2571216,11.279646,6.5535245,1.6291158,-0.7881097,9.6704855,9.899538,-2.203222,-0.2596426,-0.28271714,-0.5411269,1.263403,-3.9806483,-5.53999,5.2157364,4.063144,0.009045691,-3.7989805,3.5249627,-10.19932,-1.651893,-4.7229414,3.1395652,4.1354904,-0.33966568,-1.1731584,2.5596287,-4.5056753,6.7415056,0.89347064,0.5678237,-0.55755144,8.211058,4.388471,3.2180688,0.52536845,4.237269,0.7758811,-6.9882493,0.31633946,2.1229112,0.33369848,5.9426465,7.917532,2.9999826,-0.7932047,2.565152,-1.9688767,10.240668,7.1615047,0.4640247,7.463956,7.690519,10.008218,0.09591094,0.7394645,1.2185793,1.801382,8.145122,6.1878314,2.154226,8.891692,7.725272,4.557708,-1.3202266,2.0383408,0.63000804,10.92435,1.1071906,7.8947845,5.9219747,4.3551755,1.4765716,2.8204134,2.9038956,0.52729714,1.4221164,0.57119113,1.237339,2.6713102,1.3359932,-2.5128999,13.870387,3.4246032,7.795897,4.5599155,1.1150597,-0.5033319,1.0368512,2.4937856,-0.8111198,1.5405241,11.809778,-1.0733535,1.4058998,9.519053,4.0476313,-0.641764,4.4202995,1.1430919,14.457697,-2.1184778,4.197458,8.29316,1.0518731,3.72469,-0.046225745,10.116916,-0.03667663,-0.17503595,-1.5936381,5.529191,1.3597609,3.7384975,-1.8341184,-0.029332869,1.6791391,4.5953956,10.751509,13.91237,13.32381,2.3607926,-4.2233453,6.7471104,5.5888085,4.4396114,0.22603986,3.7699962,1.3603716,1.0098884,2.6615994,1.391039,3.8184624,5.710849,17.523167,7.369328,2.5213933,-0.66267794,3.8639128,-0.8304606,-0.031317893,0.14200675,1.8198413,0.67101246,2.5428011,2.736316,2.3046315,3.7211425,1.4351499,1.8098991,1.9398892,10.747435,7.054205,4.9426928,8.858846,1.4820336,2.6268237,12.827458,2.795552,0.10332721,10.045554,4.9729214,1.6918344,8.878896,1.9436482,5.219041,1.7202384,2.8203933,0.7489144,0.8717241,4.3314,1.8136352,1.6448816,-1.479464,0.069727354,3.2951322,1.246156,16.725092,13.359833,15.945737,15.565785,19.405804,8.676233,-0.6210441,8.561156,9.212281,-0.30187044,-2.4041398,1.1528195,2.771741,1.9550976,2.8887644,0.6152512,-0.862693,5.21306,5.3049445,3.3561137,-3.8187788,8.116847,1.928682,-0.013743426,8.151949,2.6616125,-0.27945733,3.9909713,4.545496,1.2798686,5.2554197,1.0425484,-2.1795864,-6.0556293,0.0646861,-1.2996515,3.2522585,3.3535886,1.471864,3.310911,-0.049349293,-7.4913454,0.9647682,1.5989302,2.1710804,5.009661,2.536435,6.4212217,7.735774,4.8702245,-0.5704727,13.674925,9.143974,26.737854,6.1725054,7.4726963,4.8676653,7.3316526,12.338522,-1.8639059,4.996817,7.7428274,6.1196284,10.496753,14.032636,4.958255,3.9003997,2.302153,6.181416,-6.507528,1.0335999,0.6154855,2.6156259,4.5254846,7.2642994,-2.2136111,3.3907237,3.6309884,6.0123954,6.429696,0.43860394,0.667568,4.1326118,3.2751708,-2.376317,11.51182,0.16362453,10.043539,4.332492,-2.5785315,1.2880932,4.33704,2.1523445,-2.3460326,2.079536,7.3440127,6.2738485,-5.0296245,6.3342977,0.30805573,2.4744883,-0.05060899,-1.3555368,1.2575397,12.789473,-9.146355,5.4512935,1.387677,2.977015,9.615253,4.5121493,8.275534,7.508679,2.1827755,5.345575,4.5265536,-13.142745,0.28746948,2.7141674,-1.4528741,3.6493356,21.168877,8.511808,14.107538
18,3.0642738,-1.5477391,10.666981,5.80622,6.727328,6.0640917,4.1449037,4.090829,5.1805086,4.809969,11.802642,3.5117915,2.2266326,10.779765,14.476413,4.5719886,7.178583,7.719656,4.4310374,6.636697,13.472141,2.0444396,3.3107982,12.706963,11.187977,4.027784,11.810766,-4.1838703,0.4568656,2.7664905,13.828946,10.032692,-0.94455796,14.19648,1.7535887,8.024606,13.514791,5.537073,2.3155458,12.482757,6.7455773,-0.3428008,13.929581,3.9075668,6.1789436,2.7978647,2.9605985,2.2878938,2.956097,2.8861241,1.9329265,7.505879,-1.4026061,5.3968797,3.492808,2.931886,18.051073,7.811948,16.291225,14.441902,18.105064,8.268483,8.72907,5.7288804,14.347896,13.003991,3.9798253,2.1803694,3.4454465,1.0853575,3.3833249,-1.2065161,-1.7644643,9.480145,6.772306,2.0987253,-1.7396992,6.8959546,-4.6097484,-0.978749,-0.14634956,8.353698,9.1693945,6.936072,4.4818273,7.3766303,-0.51717794,6.9154396,6.499957,4.033767,3.462346,9.855472,3.2899754,4.75549,1.2836912,6.965224,3.6995018,-5.251551,8.5322,5.776579,3.7224398,8.402302,23.78352,5.896086,5.8622255,7.1262674,5.4534025,17.172085,11.528392,4.869232,12.544615,12.397899,14.9084015,8.588228,6.8415146,3.722133,6.878165,10.041579,11.889392,3.8593855,12.014023,6.665351,5.8920345,3.7060711,5.7006373,-0.26505065,9.461536,4.838946,13.156931,9.854411,6.0911717,2.6020823,6.9607553,6.0728517,2.6411586,2.6597574,5.1124806,4.872436,4.137737,1.9856967,-1.5982524,18.34123,4.6735153,15.487083,10.401723,2.978756,1.5886632,7.9432592,7.026619,2.4340804,6.05674,13.187912,-2.38196,1.6088127,5.8033304,4.366954,-2.9386387,4.3146563,3.5125039,16.298864,-0.2305862,8.813455,9.21795,5.0297213,7.4713006,2.252696,15.819319,4.129832,5.95807,1.7543877,8.736864,1.7076722,11.009623,2.2177768,3.5313659,6.1734037,9.053212,18.389503,17.603806,15.211476,4.1481357,-2.0783067,11.805107,7.147758,8.145046,2.1837509,3.6368508,4.483615,4.086185,4.448089,4.8223815,5.0871997,7.9356127,17.048813,10.263592,5.529335,1.3418512,11.333731,-0.73427373,0.28851503,1.8364432,4.172683,1.6939646,8.192172,3.6404142,1.1054131,9.702351,2.1913123,6.692468,5.360557,8.834219,8.88318,-1.7063336,12.694034,6.1396346,6.0014124,16.077673,6.771736,1.6373737,14.453851,7.893855,2.1627657,11.876979,3.3391387,8.923168,1.8410271,8.699131,6.2829757,2.436031,5.459286,3.940116,3.9984624,0.785255,2.025762,5.540818,3.7080197,19.084517,15.921578,18.513605,13.596791,21.602163,12.5519705,3.7579055,12.19844,12.447783,4.6344523,-1.1929076,0.065965414,6.6766853,1.1440822,1.9016912,2.501944,1.4070082,6.8580275,8.025414,3.2424152,-0.9955048,8.08296,-0.104162365,2.5122964,5.9712105,3.566851,0.5076308,7.814274,8.284669,5.5539,7.9903393,1.7682245,0.9773889,-3.8147,2.9448857,0.75465643,1.5571023,5.4892244,7.312564,6.2515326,1.454421,-5.875797,5.7556973,4.9015913,3.900464,4.3221393,4.6543007,8.95634,8.304702,9.521409,4.508488,22.05792,12.168134,27.518278,8.429252,10.647935,9.61063,12.688107,13.1031885,0.054874927,9.757616,12.180797,2.4472384,12.67273,14.808435,7.3132024,6.112686,4.2579713,7.7750483,-7.556561,-0.6945515,3.2834692,1.99332,4.656931,7.0097837,-1.4436196,4.4700055,5.617991,5.276715,9.233293,2.782516,3.4739256,4.8016953,3.704122,0.23188454,18.019789,1.2910348,11.396826,9.610559,1.361489,6.502045,6.4168973,5.639167,-1.2275063,1.0234114,9.582117,9.194231,-4.500167,2.5066564,1.8424712,4.1135855,1.720038,1.9147813,-2.556916,15.461473,-0.944768,7.5164824,-8.169828,6.249074,9.929576,8.233592,9.0535,14.329335,4.3536177,8.669717,2.9059663,-6.7694535,5.5642767,4.614406,1.2150818,5.7805934,21.585867,9.140021,18.369003
19,4.144786,2.4101987,13.111975,6.7656965,7.197542,6.482269,5.850504,5.7108016,5.3165774,6.7623596,10.616756,4.883315,3.378956,9.115095,17.13818,5.436197,11.628264,9.032644,1.9184859,6.8158197,12.526688,4.385307,5.214634,16.96508,10.713381,6.554493,10.790216,-4.7720385,2.4539053,7.095297,9.367066,8.504954,5.7814107,19.785734,3.139343,6.919457,11.055769,6.5268326,1.8324956,16.458574,5.657625,1.5219659,13.130999,5.1104665,7.3082204,2.7265215,3.7875142,2.6995504,1.9920164,2.1762004,4.346283,8.829622,0.9505965,5.152944,4.569152,2.077873,17.063293,6.732825,15.268197,15.5397215,19.256664,7.3943405,12.510299,10.145006,16.095732,11.6565895,9.006375,4.431365,6.3970976,3.6541016,6.507719,3.0421035,1.6710446,11.891369,8.342738,5.135831,0.3872213,8.868122,4.012857,0.1866453,4.9748282,11.645543,10.267743,9.751063,8.594261,8.356913,4.4237933,6.521084,11.500262,6.795056,6.6217804,7.8243785,2.6786735,5.6430798,2.4670541,6.421026,5.8808384,-0.35771233,13.266998,6.7912087,4.79349,5.97232,28.4563,5.7606874,10.7685585,7.767135,10.252534,19.215118,13.194274,7.051647,13.5552025,13.209698,15.088324,16.048647,12.350249,3.7139626,9.764187,10.4596195,16.545145,4.0830874,7.577137,6.5570765,7.0067997,7.1930957,7.412001,2.6041198,5.908944,6.781913,14.905491,12.410579,7.011148,3.2388005,9.31771,7.952904,3.7376168,2.6669726,7.5293827,6.8851852,4.2543883,3.1371703,-0.02006922,17.579685,3.9789238,16.963072,13.376772,3.5977614,1.8255279,10.084912,8.820088,6.0009103,7.491428,11.4490795,-3.181623,1.6605836,-0.8958848,4.789575,-2.8582218,4.261782,5.185714,10.241316,2.8385549,10.241522,8.077394,5.9038196,13.119637,3.2145798,14.066438,8.828004,10.4883175,3.8980913,9.567611,2.0358064,12.686507,4.4581895,5.6644406,10.126793,10.007919,16.690323,14.527257,12.390173,4.949204,2.27175,12.676648,6.074777,9.330957,2.8961864,1.8312259,5.148503,4.688883,5.2372565,5.9111357,4.4523063,6.975003,13.900721,12.697292,6.5028143,3.7876525,14.895639,-0.25550184,1.0888648,2.4574327,5.4164515,2.635267,7.3688865,3.4498532,1.6317149,12.124235,3.0268376,7.263206,7.135424,4.5465755,7.743103,-3.3949406,16.443666,9.976453,7.887428,14.127624,8.581613,3.0724845,12.910381,6.211741,2.0899262,9.896246,3.6651216,8.915338,1.0394869,12.176566,9.215219,2.5686014,4.0466704,4.212877,4.481349,1.1138493,2.2946217,5.4325542,4.1415567,15.147466,16.220158,15.670231,8.450904,18.35762,12.202807,6.30602,13.4927225,14.244562,6.2368298,1.4523008,-0.39456862,10.13768,1.6175387,1.9785209,6.046393,3.0945117,7.327993,9.902591,2.615715,2.7438378,4.9756737,-0.9653851,3.3466783,2.8792155,2.86899,1.2602019,9.184078,8.71163,7.922794,9.318098,3.2672937,6.486603,-1.0415547,3.503423,4.5323844,-0.12077878,6.1147346,11.943307,6.240671,0.9762827,-2.9032106,8.0511055,5.772614,5.2242703,1.8722506,0.008006869,8.181487,7.2268157,9.044851,6.300947,22.18332,10.533994,18.37515,8.766041,9.705367,12.310768,13.265926,9.831495,1.8935796,13.443569,12.697151,-0.8053665,9.362707,11.246481,9.317616,6.9631376,3.2943075,6.8053126,-2.9022593,0.49289218,4.95463,1.2056895,3.7050703,6.693815,0.24281755,4.588257,6.0989347,3.3235035,8.56874,3.0317645,4.2429733,3.2470152,3.3831644,3.727672,20.319324,2.9796233,8.741168,12.972615,4.922734,7.2375784,5.2680163,6.7873054,3.3756826,0.5011512,8.917477,8.04708,1.0058985,-1.1003917,2.6982312,4.026471,2.692801,4.4657683,-6.122104,13.545753,7.5016284,7.1192794,-8.9546795,13.376372,6.7127614,8.494618,5.2844577,16.738321,6.269778,8.776247,0.3497353,-2.9010606,8.524414,5.7494826,2.5069842,5.7944202,7.4115634,8.944442,19.049109
20,2.2630665,3.509002,12.007262,4.712107,4.814357,4.3082266,6.103537,2.8371708,1.8471001,4.97282,5.3784523,2.80284,3.443179,7.0306664,14.126501,4.6626043,9.656455,5.8845153,-1.6715386,3.5790613,7.51281,3.8823614,4.577605,9.758409,6.1080413,6.6328387,5.340883,-5.0159626,0.28139186,6.630611,0.8898097,4.289396,11.21877,14.13586,1.4014866,2.793921,3.9111369,5.02798,-0.46943414,12.839959,1.0450939,2.5855198,6.4253926,2.9433155,1.9339974,-0.12526384,2.2747777,0.49184155,-0.7646414,-1.8731784,3.8419764,5.3110538,0.85182583,1.506534,2.5375915,-0.80989236,8.599431,1.1178851,8.86682,8.461159,13.003963,3.858472,10.059284,8.267034,12.315704,4.8588552,9.408056,4.06123,4.984718,4.7712393,7.324652,5.7843075,1.6788816,9.320722,7.048591,6.203893,1.2669084,7.5452614,7.5498605,0.01787571,4.576191,10.589423,5.950014,6.344379,9.267326,3.9646888,5.8685045,3.701073,13.365692,6.808055,7.2351403,2.9146583,2.1577802,3.811785,3.2616515,2.45691,5.656745,3.7374048,10.905636,3.6700985,2.618737,-1.08824,19.548756,1.2199025,8.286763,4.011763,8.561963,14.448803,12.024954,5.502082,8.699377,9.046281,9.29686,14.879074,10.431628,0.2631987,8.059992,6.896421,13.340206,0.16704316,-1.7752085,5.8964643,6.445233,5.970331,5.368431,5.921296,2.4726973,5.1373186,11.339723,11.219387,5.1151276,2.3081522,7.3650694,6.3513,2.622595,0.637286,5.6451883,4.890572,2.4975114,2.3245578,0.30315042,10.582573,0.3325703,11.615167,11.640836,2.2073553,-0.62155575,5.8142757,7.029167,5.4491067,5.1368155,6.7529283,-3.4716518,0.4551498,-7.677032,4.1304893,-1.0379863,2.9452868,3.1988404,-0.78796273,2.9247725,5.0613117,5.1599183,0.53977954,14.530869,0.17932041,5.1645856,8.820986,10.1527195,3.2390625,7.616972,1.3449925,4.942459,2.4930296,3.9893453,9.237541,5.936209,6.809254,5.63314,6.133522,3.2257752,5.267006,8.584834,2.0179253,6.4097047,1.1509172,-0.42858768,2.3162277,1.8841833,3.2974586,2.7963789,0.8447953,2.480927,8.302813,10.67752,3.4406292,4.695942,11.431952,-0.5839784,1.7584804,1.1344656,3.754986,2.9237142,1.6467303,1.0743551,1.4953384,8.023834,2.2913787,1.6817211,4.2537074,-2.6423264,3.604902,-1.9828321,13.730674,7.4120216,6.237144,7.2940426,5.1103616,3.315668,4.5513034,-0.018002784,1.2547419,2.2070124,2.169304,4.392698,-0.8250071,10.601326,6.652588,0.8562942,0.7682191,1.657423,1.9497942,-0.6071831,0.14751405,2.3145335,1.3684907,5.8363876,11.820483,7.799294,1.2876524,11.989442,6.325061,3.8009646,10.279773,11.488788,3.4118838,2.5521755,-0.8229033,8.178039,1.9465761,-0.14906314,7.448851,2.6665852,4.8705297,8.105759,0.24969923,4.717414,-0.28149444,-1.6037809,2.0693007,-1.4533122,0.376329,1.03781,7.2017193,4.8005366,6.120652,6.818,2.3996584,10.859507,0.1858007,1.8130076,6.2958283,-1.0158546,3.5713546,11.415697,2.6332414,-1.6757218,-1.5361801,5.624317,2.5864637,3.9099448,-1.5422416,-6.628909,2.9025886,3.9805944,2.9494512,1.5209042,13.75211,5.5754976,2.8973284,5.298131,4.4730506,9.544047,9.211741,5.0818286,2.4176078,13.031168,8.107479,-5.6123743,2.0422776,4.4487166,8.809946,5.1501474,-0.21235043,2.5945058,5.4672947,2.1454709,4.119952,-0.48713505,1.6257693,4.7705984,0.5615344,3.380205,4.0705595,0.654935,3.5584142,0.67161655,2.0203037,-0.2627217,1.9021045,4.0183897,14.099852,2.4014723,4.5528755,11.691507,4.419903,2.0553205,1.3322107,4.0675178,4.3731036,-0.48140228,5.249126,3.3915262,6.366927,-4.099377,1.6696125,1.5781274,1.6105605,3.9674811,-6.525841,5.40331,8.060501,3.6509573,0.87677956,19.460154,1.7321131,4.522129,-0.26515603,13.133988,6.319241,4.9979925,-2.355206,-2.7451847,5.891861,4.488771,-0.14558972,3.2421005,-17.254766,6.667706,13.824006
21,-1.6817626,0.062423468,7.095724,0.522975,0.60328144,0.36384553,2.7508228,-2.496678,-2.5052342,0.95816207,0.4518915,-1.585979,2.1527524,2.7253637,5.682171,1.9399859,4.050682,-0.11756268,-4.326051,-1.3722,0.9081901,0.5759138,0.8060493,-4.915424,-0.48676348,3.5628111,-0.36524546,-4.5652933,-7.0821137,0.23571008,-9.781775,0.521933,6.513837,-3.1810787,-4.652395,-2.5321655,-2.5798151,2.8931687,-2.731762,3.5094073,-4.3488026,1.7123059,-2.2811434,-1.192943,-6.616121,-4.2739415,-0.790326,-2.4090312,-3.3075943,-6.184766,0.8893899,-0.23586206,-0.9907959,-2.9091294,-1.7036409,-3.3356452,-1.967968,-6.8937902,1.183694,-2.0165033,3.0467682,-0.4954007,2.9955254,0.61226285,4.2315326,-4.1094246,4.7287555,0.40364668,-0.74150026,2.7641165,4.626455,5.071101,-1.2547662,2.3722095,3.1638918,3.8963292,0.9762192,3.8899329,2.6688857,-2.6688895,-2.760565,5.80211,-1.3483806,0.045311976,7.2747803,-2.5006769,1.9593959,-1.3435315,11.2396965,3.9730043,5.4565353,-1.3418406,0.97386897,-0.31445765,2.70882,-2.2573857,2.7984626,3.6479168,3.8283846,-1.5614953,-1.0077995,-7.9143715,4.0509686,-5.3970985,-0.91263646,-0.77395755,2.9348764,5.9365005,9.615638,2.459446,0.057672683,1.9489626,1.2851783,5.621523,1.3164437,-4.5566936,3.106247,0.15669131,1.6560516,-5.429372,-7.876635,3.3941214,4.1139917,0.85975677,0.9782705,6.272496,1.683747,0.8766386,4.211551,6.414055,0.64456403,0.15878235,2.0075195,1.765891,-0.14464395,-2.108519,0.9002471,0.046016537,0.00974941,-1.0150932,-1.0027319,0.92612857,-5.0144095,3.077932,6.443389,-0.18084213,-3.3102543,-0.74999654,3.1620514,-0.6399704,0.68536705,1.7985286,-2.4179184,-1.2695905,-10.55772,2.1692095,1.0000622,0.33822224,-2.3727129,-8.982162,-1.7249553,-5.151436,2.1082027,-8.299677,8.125393,-5.31565,-4.926773,2.6038337,5.4294295,0.15764031,3.9842029,-0.29129946,-8.134679,-1.9320074,-0.26967132,3.0067801,-1.2669532,-3.4144998,-3.534505,0.24933209,0.16261198,4.680468,2.5575502,-2.4302733,1.2467773,-1.8633718,-1.3621829,-1.9618039,-2.242742,-0.8399839,-2.5639482,-4.363471,-2.315292,1.3319881,2.4048185,-1.6026062,3.3107781,3.6172032,-1.8699116,1.8456603,-1.0225936,-0.13735183,2.5733762,-3.6521034,-2.7055748,-1.1829088,-0.71298146,-0.08357293,-7.0560837,-3.3545616,-10.594833,-1.8639764,-1.9003861,2.1356022,-1.9770083,1.6244069,-0.75315356,-2.0786948,1.9841264,-6.2086844,-6.245878,0.106676534,-6.844331,-0.37437755,-1.73997,-3.2903268,4.878805,0.19458896,-1.7323753,-2.2827842,-2.2145243,-2.078142,-2.1113849,-2.9903972,-1.8515133,-3.159209,-3.452739,2.5190623,-1.1015387,-5.1354012,5.6626024,-2.6062713,-3.4023547,3.1726818,4.1504416,-1.2017466,0.059238087,-2.2822332,-0.21293257,0.26530075,-5.666692,3.9560542,0.4376475,-0.6490524,2.2926786,-3.5309603,3.3995132,-5.188038,-2.9842906,0.15469556,-6.2986355,-2.724736,-0.39454702,3.4181368,-1.3247246,1.4648029,1.0891953,-1.9672432,11.081888,-1.0955998,-0.069982246,3.7810352,-0.7272128,-1.7409682,6.2516475,-1.9429765,-4.8493886,-3.0687797,0.25374293,-3.0375452,-0.047332887,-4.3126636,-8.961395,-4.355833,-0.9081279,-3.8185353,-6.2117543,2.96661,1.257558,-10.199915,-1.214894,-2.161675,2.4034417,4.7782803,1.8647401,1.663094,8.335838,1.1924742,-11.772034,-4.3819323,-1.7948022,5.536382,1.6483548,-3.2246115,-2.9523895,12.137217,2.0916348,1.1407782,-3.0398347,-0.8776945,0.9170537,-1.7233816,1.384,0.43738177,-1.4719652,-2.6119738,-2.402248,-1.3835341,-3.7029123,-0.18020928,-0.5452132,1.5999398,-1.8603302,2.1574671,6.2149935,-0.1484891,-5.106684,-2.8155627,-1.2864221,-2.9593947,-3.027711,0.71048695,-0.25512135,6.992537,-6.748448,-0.21680741,-1.5402238,-0.66753983,0.84646153,-3.0533335,-6.3209386,-0.81288,-0.8097173,13.08078,18.55441,-1.800265,-0.740324,-3.3195,6.2409277,4.149247,-0.66483665,-4.3759313,-2.7995043,-0.5298523,1.4410188,-5.299834,-0.354768,-37.62615,2.077963,4.482486
22,-4.5975037,-5.5061064,1.5153483,-2.9820526,-2.8637137,-2.9130466,-3.1221108,-5.9919744,-4.2407975,-1.997585,-0.14880782,-5.04905,0.8934269,-3.977248,-3.8132007,-1.0792049,0.080846936,-4.856157,-4.5032887,-4.503048,-3.7132668,-3.0608585,-3.5034454,-17.46897,-5.2889977,-0.65528756,-2.6415262,-2.799715,-15.62921,-9.056795,-18.071049,-1.549915,-8.598735,-22.896639,-12.006019,-6.139059,-4.15525,1.4850618,-3.03655,-5.0418663,-6.6993756,-0.62020093,-7.227111,-4.179961,-12.110657,-6.9969096,-3.3112626,-3.5632622,-3.8006415,-7.1913805,-1.8580827,-3.5714686,-2.2259338,-4.555142,-5.154973,-3.3678184,-7.646497,-12.821818,-2.1768062,-8.328421,-4.4702706,-3.164493,-3.813347,-7.915324,-3.8400013,-9.808863,-2.1620514,-4.733231,-7.1969714,-1.8095335,0.220711,1.3987998,-3.9975133,-4.7264357,-0.8383986,-0.42868614,0.5903228,0.86873096,-6.3044167,-6.9822845,-12.022918,0.51606447,-6.9217706,-3.7467716,4.9618998,-5.973893,-5.087014,-6.1639857,6.3195033,0.14981492,2.9114375,-1.8853503,-0.9298372,-3.9183087,0.9042291,-4.560465,-1.3370159,-0.5664732,-1.9149057,-5.062846,-3.2982147,-9.097331,-7.988339,-9.93929,-10.045296,-2.7514129,-0.27182272,-0.35338104,7.9248238,1.5269613,-7.553731,-4.287698,-3.0133295,-3.229958,-7.4954896,-7.4205246,-1.0877048,-5.748149,-11.211107,-7.5521975,-4.614944,-0.010317245,1.245419,-4.220957,-2.4226105,3.283353,4.1129913,-3.078121,-2.138697,0.7145726,-3.8251064,-1.7668302,-3.0031812,-2.9829652,-2.7907414,-3.440985,-2.948105,-4.0368156,-1.3792113,-4.709577,-2.465794,-5.6125484,-9.122589,-3.5327013,1.067234,-1.6314723,-3.0965753,-3.9075048,-0.25990114,-9.229324,-3.156627,-0.29399776,0.63629407,-1.6509982,-7.874801,0.063334055,2.1295826,-2.2463477,-8.159818,-8.231571,-8.667512,-14.774472,0.49629536,-14.042146,-3.4641685,-8.606307,-9.464208,-5.6005235,0.31195185,-3.4327164,0.6938126,-1.5746671,-17.84666,-5.074242,-3.5348063,-4.6750073,-7.573304,-6.6473327,-7.398222,-2.1723864,-1.4494301,1.1188103,-1.1530001,-3.920059,-2.4268184,-3.52435,-0.4278181,-4.3338447,-4.5054574,-4.6049004,-6.0010495,-8.068114,-3.1535888,-5.0869584,-8.99041,-4.289642,0.67092675,-2.7168508,-2.8351028,1.3550141,-1.990374,-3.6208003,2.175482,-4.615184,-5.565672,-5.662383,-8.716335,-2.526859,-13.554872,-12.293792,-15.407101,-6.6627383,-5.473966,-13.468634,-12.7213335,-2.9648232,-5.920648,-7.7574797,-0.45231763,-13.0786295,-7.4534545,-0.8558658,-11.211474,-2.1519551,-5.4480805,-5.5291104,-1.314467,-5.589652,-3.817029,-3.6140425,-4.6490364,-4.7108054,-1.3303227,-4.6802783,-4.0381374,-6.41468,-7.2840123,-8.390911,-6.198529,-8.358352,1.1727285,-10.235873,-11.247996,-4.6447535,-4.2908816,-3.6554408,-5.16579,-5.191825,-10.7603245,-3.9091249,-12.007492,-3.513033,-1.8385282,-6.8293056,-4.483885,-6.646676,-0.44158402,-7.245829,-4.8121915,-0.6012947,-9.483184,-4.6696486,-2.3198047,0.40804854,-6.01449,-2.5395103,-4.5724683,-7.7009234,7.0016856,-4.0399075,-0.3336413,-1.7067487,0.5221377,-7.2871957,0.8000769,-4.087922,-6.3214192,-6.2388935,-3.809956,-7.4561815,-4.305978,-5.250904,-5.355614,-9.28315,-5.8174114,-5.4029403,-9.615342,-2.6188478,0.66819096,-13.987329,-7.132207,-6.6036954,-4.216237,4.5235376,1.3806131,0.717627,2.2571268,-3.5178366,-15.956,-5.8556643,-3.9348032,1.6406152,-0.9909989,-3.0228715,-6.662713,12.512983,0.59989536,-1.9865869,-5.6144776,-2.5931487,-3.1353736,-5.7169013,-0.35526076,-2.647825,-1.8291095,-5.387881,-3.6100092,-3.1933599,-4.8298473,-1.644012,-7.509232,-9.411538,-8.064634,2.8595004,-0.06668142,-5.01712,-8.557824,-4.6495833,-6.05589,-15.684579,-6.915149,-2.087074,1.2231338,2.501872,-8.887625,-0.94130296,-3.00653,-1.8597921,-2.2237809,1.8702533,-15.706513,-12.541115,-3.2803593,16.750927,8.9796095,-1.728884,-3.339241,-1.9834324,1.0628574,0.75453466,-4.857436,-5.060805,1.0511556,-5.723642,-1.25813,-9.134569,-2.7579525,-39.53089,-3.3804896,-4.3032503
23,-4.2694106,-8.408457,-1.0235974,-3.5303602,-3.746765,-3.569101,-8.215222,-5.163705,-2.3167484,-1.9692594,3.094168,-5.177084,1.3767133,-11.027642,-9.0744095,-2.2495944,0.50420094,-5.3676534,-2.536474,-3.5956492,-4.446211,-4.2646875,-4.943764,-21.023176,-5.8577485,-3.2704964,-1.3781519,0.2616234,-19.556343,-16.480999,-20.059622,-3.0955899,-25.044353,-32.71113,-15.764689,-6.399246,-1.4172845,0.53120965,-1.2661378,-7.383272,-4.4525714,-2.7319498,-5.8107123,-3.8647883,-10.855545,-6.797842,-3.8779333,-2.38375,-2.5977004,-4.450256,-2.1572297,-2.8768556,-1.1954947,-2.3185356,-5.287731,-1.210819,-5.726545,-13.267439,0.5299618,-6.816305,-6.16223,-3.0286534,-6.4342523,-12.116831,-7.9752126,-9.105808,-7.3402963,-8.468287,-10.601271,-6.5092974,-3.02058,-2.8559468,-4.163232,-7.6530223,-2.2971094,-4.041338,0.92622864,0.57688785,-11.932802,-10.235962,-16.309805,-2.1718385,-7.6489506,-2.4423757,3.807503,-4.3684955,-10.999901,-8.236365,1.053654,-2.411423,1.2403543,1.0030105,-2.6105566,-4.3230968,-0.9552213,-3.5063944,-4.8749957,-5.580702,-2.2580194,-4.6054344,-3.1934907,-3.767138,-11.694542,-9.993405,-12.353437,-1.1900572,2.725411,-0.49698955,7.593896,3.8161545,-10.044412,-7.062208,-0.57498926,-3.4620564,-8.114348,-6.589589,-1.5497309,-6.9599733,-16.069477,-4.0446734,5.814776,-1.5744476,-0.900212,-5.918722,-2.7280693,-0.4352541,7.5398965,-4.390537,-4.139675,-2.872298,-5.633444,-2.3585045,-4.3621464,-5.230328,-3.786852,-2.614393,-3.248352,-4.709597,-0.80395824,-5.8256536,-2.1597626,-5.6735315,-9.554672,-5.3674507,-1.9103918,-1.0214759,0.22157156,-1.8956445,-1.6643498,-15.203173,-4.669458,1.1473846,5.14511,0.3823753,-2.1557007,-0.7688022,2.2008333,-3.490681,-10.373652,0.6114269,-13.294746,-18.666866,0.3854257,-12.1842575,-13.444351,-6.353265,-6.4740047,-9.399132,-1.233251,-5.7011924,-0.5730192,-1.2588037,-18.148636,-5.072988,-3.3261063,-9.116737,-9.893442,-2.4642036,-5.062489,-1.370655,-0.12389449,-2.9892538,-0.6148999,-1.4815286,-2.300863,-2.1237252,1.1186459,-3.1734672,-3.5559685,-5.5445514,-4.9711876,-7.909369,1.3455482,-9.44647,-17.1697,-2.085986,-1.4070144,-3.9201655,-1.8523535,0.58549005,-0.81679744,-4.490604,2.3220086,-2.2660484,-5.5596256,-9.161941,-11.758307,-3.3892362,-14.487389,-18.160011,-14.573897,-9.82953,-10.81153,-24.264744,-18.13707,-4.521338,-6.954193,-7.7891097,-2.9465356,-13.02419,-2.8740015,-1.6165369,-8.445847,-1.9387339,-5.0654874,-6.747917,-4.70284,-7.24425,-4.749619,-3.7274783,-4.1220756,-4.3194385,1.2942983,-3.6290882,-2.8225665,-6.3157887,-4.9496236,-15.921107,-5.842852,-8.2806835,-1.9749304,-13.722253,-15.172834,-9.594359,-9.734569,-2.370698,-9.91242,-8.7142,-17.44367,-8.955851,-15.066724,-10.93103,-2.683655,-10.279348,-8.126371,-7.0370235,-4.441672,-5.9474015,-5.8250065,-0.083116755,-9.084742,-4.6083994,-3.6073868,-0.48973146,-7.0033464,-3.5647464,-7.1462955,-11.452867,1.3686488,-6.6993313,0.7271444,-6.3693175,1.8925468,-10.175674,-1.0204012,-2.786258,-5.2166843,-8.713484,-3.7192242,-8.041126,-6.462371,-4.6650763,0.05533783,-9.505388,-9.09233,-0.64317566,-4.7337775,-0.4074042,3.2287319,-8.968553,-8.652625,-7.378239,-5.931693,8.871458,2.1764772,0.5196945,-1.7381893,-3.6289933,-14.817737,-3.000796,-1.6110888,-0.18411058,-0.9945475,0.120512925,-6.775958,6.743132,-0.46916997,-3.4017851,-7.3037143,-2.7026575,-5.01608,-9.176918,-1.2784033,-3.7004495,-0.38813582,-3.1429732,-2.127839,-2.3617172,-3.1900773,-1.671274,-12.266388,-11.849164,-12.444816,4.956585,-3.6758428,-6.1402645,-6.1187115,-3.8065937,-7.583159,-25.09232,-10.395227,-2.2044377,7.259154,-3.2075257,-9.751875,0.1959001,-2.268122,-0.40550408,-2.8950295,4.8220053,-17.933498,-18.190548,-2.6754935,7.8606234,-5.030299,1.2574838,-2.0519354,1.4432504,0.6914026,-2.5270753,-5.2811093,-4.190198,8.848445,-6.366242,-2.1116564,-9.325626,-2.9645677,-21.328264,-7.577545,-8.830747
24,-1.533491,-5.459095,0.56599057,-1.3114355,-2.3749337,-1.7451836,-9.94753,-1.5395379,1.0222762,-0.0728213,5.3467894,-2.5799382,4.0280395,-15.873497,-8.135676,-0.91367465,3.4395945,-2.346894,-0.0654239,0.2398734,-2.2265124,-2.259269,-2.4410422,-16.673735,-3.0262907,-3.4931822,0.16061877,3.5887833,-16.432592,-19.176226,-16.113909,-5.559983,-32.324207,-27.184233,-13.446162,-4.2705607,0.9925533,-1.19754,0.8081815,-3.6281137,0.52925557,-3.1681795,-0.75790966,-0.918163,-4.704814,-4.800041,-3.0101743,-0.5981413,-1.9744561,-1.197258,-0.2772441,-0.12228873,1.4787725,1.4071928,-2.2547293,0.6082003,0.25536102,-8.654637,5.1882467,-0.68629223,-3.94653,-1.2871895,-5.081629,-10.618128,-7.630131,-3.8847225,-8.655091,-9.124532,-10.293445,-8.872166,-3.9219956,-5.3803043,-2.3855762,-5.639618,-0.8076958,-5.395439,1.752714,2.249137,-10.796853,-9.963628,-13.176172,-1.8203261,-4.532201,1.595958,3.140542,-0.39461342,-13.03119,-7.3618183,-2.2683666,-2.8727984,0.9009104,3.9917045,-2.886857,-1.5577182,-1.7534312,-0.9538278,-6.722933,-7.819429,1.5225406,-1.4138787,-2.2403307,3.4207845,-9.823321,-6.637118,-7.150951,1.3321146,9.274089,3.9996645,7.525437,6.623172,-7.019331,-6.8747177,6.0479665,4.798874,0.50904167,-3.2340572,0.9516759,-3.3568146,-10.103404,1.3734713,14.486221,0.5624252,-2.2027166,-4.305579,-0.9715987,-2.1171694,8.59134,-3.210162,-1.8572451,-3.6158042,-4.4059663,-1.8581749,-2.093437,-4.6511955,-2.895519,-0.99941146,-0.7631051,-2.6146986,0.9073273,-3.4959483,0.63128704,-0.89304155,-6.314615,-3.461405,-2.4793215,1.0445565,3.2336802,1.7667574,-1.3243226,-15.460754,-4.0490623,3.6533923,9.42536,3.8789196,1.7769821,-0.0129239345,1.7515835,-3.1873174,-8.017406,10.530104,-12.745397,-16.112429,0.42056417,-4.382471,-16.52564,-0.05757644,0.07338729,-6.031769,1.2203803,-6.128343,0.39446577,0.4537653,-10.289755,-3.4937966,-0.50099295,-8.977467,-8.219126,3.132056,-0.89042836,-0.3768614,2.7190094,-5.4919634,2.5191,2.550739,0.6965291,1.5898007,1.587715,0.04063098,-1.007015,-3.4213312,-0.9188357,-4.3619695,8.21759,-11.993789,-17.64738,3.4249802,-1.859437,-1.3409216,1.4661651,-0.18486418,1.4978691,-2.9080164,3.0378585,-1.0943134,-2.8854785,-9.549922,-10.251818,-2.4832993,-11.052778,-18.813114,-9.4232645,-11.63771,-14.114998,-24.738804,-15.956558,-2.5640242,-6.0428567,-3.078397,-4.3915205,-8.374866,3.3233407,-2.4268422,-1.8042961,-0.32620203,-2.4970272,-6.532649,-4.9678025,-5.1592693,-4.8368545,-4.373276,-1.6646248,-2.019598,3.1900613,-0.8311978,0.3639622,-3.4720185,-0.8490385,-16.996475,-3.0129526,-7.304934,-5.517584,-13.582665,-13.734462,-10.042585,-10.867418,0.50603706,-11.23403,-11.163427,-17.606995,-12.168099,-13.079963,-14.477067,-2.1544282,-9.439619,-6.9798393,-4.7138042,-6.4884305,-3.2938242,-5.3401556,-0.109808356,-5.6282835,-3.3010728,-3.5950472,-0.06902111,-5.0301123,-2.4903185,-6.604904,-11.946663,-2.4638503,-7.6778917,1.2169441,-7.195965,2.2954447,-9.341671,0.7741979,-0.121786386,-2.7681801,-9.186954,-0.4504462,-5.1981034,-6.2099557,-4.0120697,2.064467,-6.6009727,-10.134581,5.798993,5.1579294,5.495384,5.345068,-2.1098185,-5.169473,-5.9225965,-2.489904,13.456239,1.6533502,0.8538629,-2.427636,-0.7363207,-8.825832,-0.534361,2.2669046,0.9022246,0.89294654,3.1919556,-4.418415,-0.53664726,-0.24193959,-2.950043,-7.7518435,-1.5767069,-3.9414358,-10.338754,-1.7935528,-3.1378922,1.379143,1.2199916,0.3112182,-0.46467754,-0.6051961,-0.59522974,-11.792738,-5.0726256,-12.324631,5.5285697,-3.800562,-2.8338037,-0.93200976,-2.1728194,-5.794506,-24.340977,-11.494583,-0.7929108,12.846327,-5.3429613,-8.887549,1.8440692,-1.1143553,3.0805006,-1.1663742,4.5223355,-13.234526,-14.266637,-0.7560109,-7.6746883,-16.685734,4.1489024,0.5961298,2.765591,3.7472184,-5.013631,-2.2838354,-2.1371152,15.840334,-3.902002,-1.5697207,-7.1021113,-1.8863486,4.1721373,-9.412346,-9.17134
25,0.65765774,2.0637455,4.2045364,1.4235356,-0.562678,0.6835619,-8.450986,1.0739367,2.5257168,0.84756166,2.0494113,-0.21293724,7.6167026,-17.420864,-3.7317622,1.603744,4.782978,0.80508685,1.8349085,3.6620002,0.47782326,1.3171105,1.8760512,-11.030054,0.027386304,-3.1509304,-1.4041282,5.662355,-9.452868,-17.866022,-10.849721,-8.373248,-27.516802,-12.004647,-7.132088,-2.259412,-0.97588724,-4.1503253,1.271792,1.3245701,4.8954053,-1.8436884,2.6427991,1.8240945,0.87336975,-3.665552,-2.4098547,-0.42675292,-3.723096,-1.164179,1.4210045,1.2162765,3.4963365,2.9902325,1.329464,-0.19830124,4.178592,-2.788821,5.55364,3.4356327,-2.5956702,-0.29124847,-3.371482,-6.359412,-5.4122224,0.6864634,-6.7700744,-7.3635783,-8.795802,-8.101277,-3.801031,-5.5181065,-1.2449714,-1.7984309,1.3237793,-5.2232447,2.2123346,3.1196086,-5.9733024,-5.9934497,-6.4220133,-0.60440063,-1.4799551,3.6104062,1.2384158,1.2895703,-11.734627,-5.8007445,-2.6936772,-2.2715828,1.15581,3.8712883,-1.4038974,1.5891713,-1.5899622,0.33059645,-7.0407734,-6.440375,4.7727175,1.2462552,-2.6390045,6.585246,-7.8552504,-2.9057126,0.0798553,2.0375106,12.754639,7.6099234,6.1310506,6.067207,-1.7811961,-6.3676753,10.965292,13.262527,11.786257,-0.187523,2.8576093,1.130659,0.47892314,2.3711784,13.90951,5.063356,-3.5346067,-2.316779,-0.08932089,-1.4791607,5.467777,-1.7387292,1.2507238,-3.4326537,-2.1934419,-1.4344218,0.704017,-3.1033225,-1.07064,-0.5995602,1.242475,-0.73288566,2.0613444,0.18669306,4.8800654,3.8809097,-1.881625,-1.1309249,-2.5769765,2.9502635,2.2347534,2.2348628,-0.60583806,-11.127464,-2.6829352,3.8933764,11.641683,6.436618,1.0054563,1.3896425,1.38322,-1.9850705,-3.445959,14.178724,-8.096418,-10.701154,-0.6021612,3.108084,-12.852123,4.9730897,4.29298,1.1933534,4.4279747,-5.349789,2.2248352,1.9428247,-0.9570466,-3.1040995,1.8001634,-6.879553,-5.0171995,4.141018,-0.40723863,-1.8420678,4.1236143,-5.6881332,4.939848,4.731265,3.6179576,5.0347433,0.68188566,2.2420695,0.29819423,-0.34167165,2.1139944,-0.47864625,12.588691,-14.408631,-11.581396,8.162027,-1.0382801,0.7876607,5.614007,-0.8086858,3.0550232,-1.0138978,3.736896,-4.1219506,0.2128096,-7.3804464,-8.281188,-1.1022724,-7.3524046,-15.541807,-4.2481604,-12.624775,-13.65115,-17.085737,-9.678085,0.40990165,-6.303335,1.2235574,-4.1961904,-4.059483,6.082448,-3.165867,2.885951,0.7337621,-1.2142836,-5.043915,-4.395614,-2.6026623,-4.6280785,-6.403112,0.20224056,-0.5758643,2.2601407,1.3800521,2.6064868,-0.5966285,-0.063206516,-12.707581,-2.4683304,-8.100371,-10.277214,-12.428215,-9.3146,-7.0219135,-9.76265,1.3951783,-8.7465925,-11.087788,-13.769922,-11.647195,-8.22646,-13.514166,-1.4635459,-5.9773784,-3.1415832,-1.901693,-6.10665,-2.1175323,-4.2902083,-2.4796772,-2.239565,-2.2423859,-2.5680368,-0.030082017,-2.7828429,-2.1656036,-5.6675243,-11.04362,-3.0969863,-7.305626,-0.046326146,-4.427303,1.0449282,-6.210735,2.8021321,0.9648318,-1.1987678,-8.023701,2.5278172,-1.608945,-5.068608,-4.246373,-0.2921817,-4.457742,-9.389385,7.9105835,12.455062,8.482562,3.944097,-0.18791014,0.016787812,-4.7893505,2.683414,13.115312,-1.2378094,0.53581226,-1.3403176,1.4389108,-2.3930662,-2.5480838,4.327747,3.2036517,2.0735738,3.3208168,-2.4084222,-4.564704,-0.09159409,-2.030649,-7.134045,-0.59229755,-1.4504573,-9.064888,-2.6688764,-2.5614226,1.6661309,3.01369,1.0411774,0.017394258,0.48569208,0.48743698,-6.8830624,4.9608564,-8.359592,3.1939273,-2.46274,1.8320763,1.8196701,-1.9253722,-2.914598,-14.677526,-9.59436,0.48158762,13.089974,-2.1453652,-7.025953,2.2426121,-1.7699649,6.388345,0.9929557,2.7093735,-6.619103,-5.343893,-0.22617091,-19.439795,-21.68318,4.0797424,1.029611,0.2213856,5.860275,-6.739149,1.6057072,0.23416175,16.446701,-2.7592545,-1.2491605,-5.483016,-1.1218699,19.716057,-9.489176,-8.292686
26,0.21393612,9.103637,6.842509,2.471841,0.23678246,1.8946416,-5.9877796,0.3681661,0.9981392,-0.90043336,-6.361711,-0.4716885,10.256301,-16.232567,-0.63017887,3.3135104,2.349905,1.2405423,3.5977895,4.1698365,1.9082887,3.9560032,4.6848936,-9.041905,0.682225,-4.525631,-6.316473,5.400215,-4.567153,-15.325423,-9.024894,-9.114701,-16.930574,1.2124451,-1.449182,-2.0711555,-6.831856,-7.056864,-0.101695076,2.6906087,6.6156435,0.04914107,1.4927794,1.8832434,1.5932072,-5.0555406,-3.0556588,-2.36033,-7.087323,-4.843218,0.91280717,-0.3682401,3.0244503,0.953714,2.7911937,-3.3744,2.9176064,0.39532077,-0.64581376,1.7984233,-4.805929,-1.3061192,-4.447021,-3.2964816,-4.115797,0.8245342,-3.8832834,-5.2597666,-8.710954,-5.227931,-4.635593,-4.2658777,-2.2190247,0.041194573,1.2231544,-5.1764073,1.891874,1.19482,-2.778206,-0.7038487,-1.7694459,-0.8955391,-1.4929906,1.1196134,-2.4385707,-1.2830467,-9.49272,-5.908785,-0.93085927,-2.2914238,1.002688,0.5226501,1.015525,2.1437123,-1.6074245,-0.8941384,-6.6671853,-3.5628786,4.3231335,1.1955979,-4.506885,4.0810003,-7.540507,-0.86402124,3.3341713,0.8649644,8.960949,5.7981973,3.0312164,1.0808479,1.532051,-7.4006867,9.988689,13.597595,17.416636,0.51018566,1.4215465,1.9211494,6.0157695,-3.6101904,4.8210263,7.9411793,-5.5143538,-2.5620072,-1.806523,-0.70139974,-0.65400815,-1.987281,1.4902879,-4.746407,-1.3071703,-1.818869,0.9018264,-2.4702058,0.43503973,-1.9444335,0.13951004,-1.3185935,1.6095736,2.0440714,8.597822,4.8425937,0.6489529,-0.899345,-3.8227658,3.549306,-2.7706728,-1.643615,-0.5111822,-6.0976105,-1.7061969,0.70378345,10.696461,5.9731083,-2.9008498,2.3316345,1.321085,-0.36274418,-0.016834129,9.317092,-3.021935,-6.6350636,-2.3851984,5.084057,-6.881833,4.4284267,3.5736947,6.1546407,4.7609696,-4.084453,3.0244353,1.7090777,3.833167,-4.4554973,1.2798765,-6.0934987,-2.6800132,0.19963142,-5.309185,-5.3505416,2.4581914,-4.0115004,4.661757,3.5662732,4.291136,5.91683,-0.26575682,1.6401135,-0.8953864,1.1306536,1.2477858,0.6192242,11.656277,-17.730597,-4.657675,9.253647,-0.120064296,-0.1874938,8.085181,-1.1650846,2.8817658,-0.72822356,3.6910465,-9.445258,1.380292,-5.188141,-9.234605,-0.62462294,-6.430816,-11.295935,-2.7167895,-12.596222,-11.144239,-8.6896,-4.7033644,1.0575818,-8.625578,0.6151297,-2.6622245,-2.8478487,4.175781,-3.1747503,2.521067,-0.25369412,-3.1041882,-2.992143,-5.210857,-2.3502636,-4.230707,-8.527374,-0.16352656,-1.7748922,-1.0253717,1.4267738,2.1669538,-0.12365716,-3.532429,-7.13038,-6.079619,-10.891853,-14.734047,-12.010889,-5.401481,-3.0205743,-9.200399,-1.0566764,-4.6166286,-8.193611,-10.548448,-7.554135,-4.3736773,-10.509833,-1.5181428,-3.2712128,-0.3924477,-0.9461887,-4.342339,-3.5843067,-4.4108677,-6.7115955,-2.078366,-2.0725677,-1.437079,-1.0408543,-2.2726533,-4.2599063,-6.8399334,-11.388603,-1.7272626,-7.1863794,-1.9772218,-1.015517,-1.5723488,-3.2712557,1.9995483,-0.5243019,-1.7668297,-6.19848,2.8071008,0.34987918,-4.181618,-4.536173,-3.2179654,-5.482225,-7.390851,3.95375,11.999045,5.4083033,-0.5099798,-3.8326173,2.5457907,-5.10745,6.1000185,6.787416,-4.626143,-1.3441459,-0.7729889,0.66896033,0.20781946,-8.168269,3.5785599,4.0829487,0.61840934,0.45935884,-2.5651536,-4.7315454,-2.1012926,-1.9759538,-5.751641,-0.9456046,0.09466185,-6.427158,-3.9839919,-2.8797395,0.02301798,0.16745591,-1.0225683,-1.7776814,-0.70763403,0.8948637,-1.1126572,10.946987,-3.8022196,-0.8091333,-2.223465,4.012449,-0.076517604,-3.4559157,-1.2826242,-4.249823,-5.8243303,1.1543024,7.48282,3.7775698,-5.6883774,1.2712194,-4.46949,7.612338,1.7461123,1.8553716,-3.4392028,0.74807435,-1.9105003,-20.767643,-20.448599,0.6705082,-1.7339418,-3.5270023,3.8029637,-7.740039,3.7028878,1.9784304,9.225653,-5.5695887,-2.0885653,-5.780793,-1.1983949,16.984234,-9.093057,-8.613659
27,-2.184069,10.600165,6.877697,1.357078,-0.04623172,1.4878672,-4.7296896,-2.4252884,-1.8137517,-4.2757154,-14.372441,-2.8907962,10.632902,-13.164319,-1.4872698,3.2184117,-2.3781214,-1.0237204,6.0030947,2.1082964,1.9681412,4.168665,4.2014937,-9.533716,-0.9805333,-7.5917234,-11.4203825,2.7511747,-5.1063995,-13.403242,-11.145653,-6.103087,-9.305583,4.738384,0.6216934,-3.2145648,-12.024399,-7.8591695,-1.7139909,-0.047229446,5.96998,1.1522816,-2.3903334,-0.7863189,-2.365338,-8.054292,-4.1661625,-4.707929,-9.262994,-8.939503,-1.5284358,-3.228507,0.3834927,-2.814894,1.6931221,-6.2580314,-1.4700419,-0.03513367,-9.242413,-3.4219246,-8.631642,-3.369497,-7.8144264,-2.672434,-4.1182446,-2.6495018,-1.6760558,-4.313442,-9.791817,-1.9441196,-6.68867,-2.9877965,-4.0417747,-1.2211518,-1.7806731,-5.6678605,1.319568,-2.851338,-2.8122861,2.8223283,-1.1962663,-2.923748,-3.9626708,-3.8390257,-6.264541,-5.5813756,-7.6421976,-7.6548357,1.2648433,-3.553409,0.04659106,-3.1442213,3.0094943,-0.32048994,-2.62321,-3.5785823,-6.1929016,-1.7847162,1.1909446,-0.8831383,-5.3715262,-0.23599738,-5.7578044,-0.327554,1.6307006,0.101303965,0.15126488,-0.966804,-0.48042643,-5.232641,1.1297829,-9.074735,3.8706665,5.2843094,14.09402,-0.99466515,-2.629785,-2.2173808,2.0029173,-12.284319,-5.0296454,5.8003387,-7.525635,-4.7628746,-4.8189483,-2.0176969,-6.637573,-3.8883061,-1.9120668,-7.988402,-2.0972407,-2.4963193,-1.8207475,-2.8190618,0.89552844,-3.572926,-3.7074986,-3.8760176,-0.08018673,0.59974563,10.069118,1.9003716,-0.22281647,-2.7059112,-5.9150195,2.8828723,-7.649939,-6.334905,-0.94885015,-3.4947212,-1.243873,-4.084789,6.443906,2.1154573,-5.422441,2.5473187,1.290238,1.6730355,0.67691666,-0.5695982,-0.46113786,-5.201123,-3.4928265,1.7723525,-2.8780863,-0.9891991,0.13410333,5.6159563,1.6520498,-2.4405658,1.8056844,-0.12926303,3.255894,-5.056157,-1.4601886,-6.936076,-1.5876158,-4.042147,-12.122378,-7.8889527,-1.1913229,-1.2408205,2.1862195,0.44206303,2.885115,3.9087462,0.029301276,-0.81746095,-3.1204102,0.106826484,-2.724218,-1.6430581,6.504762,-20.587008,-2.0538063,7.0926914,-0.039566178,-3.128507,7.1232753,-1.1125019,1.6545258,-1.9958497,2.5659747,-11.761937,0.14151855,-4.8034215,-12.421049,-1.1975045,-7.7267194,-7.9593697,-4.84811,-10.696864,-9.396993,-5.2819304,-3.3262405,-1.884218,-10.8565855,-4.441121,-0.8587318,-3.2754965,0.93636596,-1.9295402,-0.9227728,-2.8463786,-7.029967,-1.3129761,-7.3400335,-4.2789826,-3.431557,-8.431186,-2.1354415,-4.763983,-4.129521,-0.2698342,-0.098158866,-2.1576896,-7.578599,-3.7703598,-10.857872,-12.913845,-15.752893,-11.573739,-3.2993178,-0.056133922,-9.591619,-4.557769,-1.4540737,-3.501422,-9.964561,-1.8757687,-3.3448875,-8.226067,-1.9823046,-3.331676,-0.8207173,-2.033006,-2.5391824,-6.177081,-6.2235427,-9.908127,-5.267774,-1.9483389,-0.9250896,-2.1414182,-3.1519635,-7.4402933,-9.743272,-13.121809,-0.5760718,-8.462226,-2.2336392,0.23233458,-4.2938566,-1.9230748,-1.5028709,-2.9922614,-3.7409756,-4.0928254,1.1186979,0.46036208,-2.89159,-2.9234962,-2.5298357,-8.235054,-4.127672,-2.2479203,5.2473392,-1.2378507,-4.4767613,-7.794724,0.86032784,-5.7068424,7.0433774,-1.4159236,-5.242215,-4.2734833,-1.5268183,-1.9557,-1.0159819,-12.00341,1.5687106,2.2584965,-2.7992427,-2.6856396,-4.167356,-4.5450783,-6.366635,-2.6946192,-3.8500688,-2.4762838,-0.31133842,-3.447292,-4.8296294,-3.3225303,-2.125807,-4.988829,-4.3345027,-4.2906303,-2.6810586,1.0829533,2.3117228,9.845648,-1.490284,-4.054144,-3.815584,2.4084373,-4.0389514,-5.1459804,-1.3955183,-0.5997072,-2.0030775,1.9251173,-0.19287597,7.5906005,-5.652648,0.4704104,-7.0611243,6.4876733,0.9543827,2.2712586,-4.8905187,0.40170297,-3.9039419,-12.570013,-16.22848,-3.7274141,-5.1637006,-3.9711995,-1.6328782,-7.566859,3.0223882,2.5854232,-1.6844745,-10.247314,-3.4627867,-6.2281737,-1.17826,2.0997014,-8.667143,-9.668578
28,-4.0965486,5.376182,4.605042,-0.84574354,-0.7330526,0.26554614,-5.1519747,-4.065951,-3.1606407,-6.640498,-16.243437,-4.685798,8.431842,-8.330899,-5.0258946,1.7563454,-6.18681,-3.7567496,8.28536,-0.2158735,1.3152102,2.109485,1.1424167,-7.6325836,-2.697887,-9.64702,-12.979535,-1.3472017,-8.895585,-11.5540085,-13.080709,-0.7263316,-7.586875,0.25848678,0.09723156,-3.8193219,-12.221105,-5.6659927,-1.7627395,-3.4594328,4.294627,1.0004103,-4.8320446,-3.9314506,-7.1065965,-9.990156,-4.1143813,-5.2301154,-8.055034,-9.476826,-3.7371664,-4.625968,-2.205592,-5.107631,-0.07840123,-6.24282,-4.600575,-1.7275571,-13.4192,-6.894022,-9.68897,-4.373643,-9.938657,-2.393539,-3.6561174,-5.5181384,-0.41204453,-4.291987,-9.319375,0.5697161,-8.185045,-2.252931,-4.2078815,-3.5070107,-5.44315,-5.3828516,1.3337011,-6.4371986,-2.8498685,3.1233678,-1.8328823,-4.7730627,-5.656325,-6.9151673,-7.7817574,-7.326295,-5.3529873,-8.61622,2.2026832,-5.0633464,-1.3942094,-4.0979395,3.6517985,-3.4138649,-3.980937,-5.6588917,-5.530745,-1.6342057,-1.256712,-2.5336952,-2.6558437,-1.1256087,0.59533614,-0.15176259,-0.92048246,1.3378896,-7.106065,-7.835897,-2.680726,-8.235216,-1.5430278,-8.751152,-2.9600525,-4.471844,5.088339,-3.0350182,-5.9198875,-8.240168,-7.174608,-16.066711,-8.616609,-1.040749,-8.096667,-6.2301016,-6.1179457,-5.3629932,-9.707356,-5.4712076,-6.484009,-11.193167,-2.8885562,-2.3240244,-4.983435,-2.7323644,0.36320382,-3.6014402,-7.44229,-6.025649,-1.7520616,-2.8329394,8.664468,-2.3289695,-3.487029,-4.6048274,-7.132051,1.5946038,-8.000484,-7.4043794,-1.2444365,-3.3590539,-0.83441025,-7.661138,-0.42338046,-3.7881913,-3.291174,2.4500058,0.6457196,3.7135403,-0.5341941,-9.996051,-0.4660309,-4.5788426,-3.070814,-1.9944706,-1.5557883,-6.2448587,-1.9837121,1.8545114,-2.070261,-0.27407533,-0.8560448,-1.947141,0.8899241,-2.109448,-3.7920723,-6.6905594,-0.5152956,-4.524815,-15.553881,-6.9887905,-4.3621135,1.7349771,-0.8642238,-2.2450192,0.9982975,0.55309576,1.0714943,-2.6209805,-3.7669723,-2.1028302,-6.327707,-4.8666606,0.40497097,-19.861704,-4.169567,4.029259,-0.93116665,-5.014123,2.9789014,-0.64658844,0.70746446,-3.148907,0.6029281,-7.498893,-1.8740466,-5.506726,-13.928601,-1.7980279,-8.072374,-5.303962,-7.322378,-6.4817467,-9.036339,-6.392125,-3.3975198,-6.414932,-9.948632,-8.929573,0.07321251,-2.0347104,0.49728498,0.14935502,-2.9765065,-4.972839,-10.0813265,-0.6041734,-8.697586,-5.955958,-2.336451,-5.2222223,-3.6289084,-6.8932586,-4.8673935,-1.9644153,-1.8147937,-4.5235915,-8.008322,-2.8653421,-11.791013,-10.811019,-11.174694,-9.080778,-1.5264355,1.4146727,-8.753788,-5.3404856,-0.18732867,1.2574605,-9.916089,2.8882408,-3.5332932,-7.140986,-1.7861706,-5.093441,-3.3405685,-3.089136,-1.2850722,-7.149648,-7.935324,-9.142873,-8.392595,-0.5936678,-0.99659514,-2.027257,-3.468885,-8.708828,-11.449686,-13.327728,-0.7964042,-10.464164,0.18684256,-0.956124,-5.6154056,-1.6002122,-4.991667,-4.066541,-5.124788,-1.5460289,-0.02319807,0.22369124,0.12370925,1.4313722,2.0156112,-8.746439,0.43887442,-5.3993483,-1.7653363,-6.4999137,-4.8398275,-6.7446055,-2.5441625,-4.585752,6.9738107,-5.9835024,-1.6914475,-6.392499,-2.5606987,-3.5677087,-1.978591,-9.200418,0.09524064,-1.263967,-5.504827,-3.2837317,-4.997835,-7.3375845,-10.117568,-2.961121,-1.8298128,-3.694316,-1.6401125,-0.43576846,-4.1626105,-2.4405315,-2.8238945,-8.12729,-6.068401,-5.1396112,-3.267588,2.0534341,2.964356,4.082087,-1.4071704,-5.202212,-5.848069,-1.0864646,-5.615327,-5.089282,-1.9027615,-3.977463,0.77281743,3.0666502,-5.8011947,5.9509163,-5.8042874,0.9692828,-7.104365,4.086064,-0.19705762,1.8571208,-7.6172733,-2.8030405,-3.577644,-0.7403377,-11.622519,-6.047902,-5.8499103,0.48077565,-6.6415477,-5.6973205,0.57309985,2.242351,-9.836891,-11.88244,-4.0714884,-4.1955066,0.008038607,-10.71781,-7.5162444,-9.225288
29,-3.98804,-2.9635124,0.9885545,-2.949529,-1.6162165,-0.99361056,-6.276212,-2.6277235,-1.9337734,-6.300046,-11.206728,-3.5643046,4.030544,-1.6524326,-7.8775635,-0.05171096,-7.289129,-5.045736,7.9795256,-1.132245,0.06430242,-1.1675503,-2.508758,-0.958913,-2.5061643,-7.9396377,-9.85332,-5.423179,-10.457958,-8.08408,-10.119554,3.1174197,-7.2243958,-4.362529,0.40302807,-2.7000637,-7.145574,-1.7614198,0.021423727,-4.0685997,2.3745766,0.15091828,-3.7018082,-5.0191298,-8.526659,-8.7655735,-2.2959433,-3.1531932,-4.0086884,-5.383085,-3.891979,-3.663343,-2.4941914,-4.512939,-0.36779836,-3.1837072,-4.3043013,-1.6053938,-10.177377,-5.510493,-5.777565,-3.2578669,-7.878742,0.17044568,-1.4010206,-4.4557633,0.3850267,-3.844117,-5.395518,1.8643861,-7.3698297,-1.8109313,-1.8866868,-4.1969414,-6.685699,-3.0222907,2.0266259,-7.5465164,0.47992632,1.1649702,-0.1810837,-4.533342,-4.2457952,-5.7091336,-6.0246067,-4.91072,-1.3598917,-6.5433803,1.1889867,-5.3056517,-2.7823238,-2.0343933,2.9126503,-4.3125777,-3.9066072,-5.8455033,-4.224658,-1.4652234,-1.2028184,-2.1030228,3.2966812,2.701241,9.578294,-0.12190073,-0.08515715,3.298134,-8.045972,-10.066637,-3.117587,-5.8455787,-3.5913148,-5.0684495,-6.577012,-8.20505,-3.6734698,-4.128036,-5.7447014,-11.652976,-12.573843,-11.015902,-5.965049,-8.429948,-6.3299923,-4.678602,-4.104962,-8.251559,-9.049801,-4.803172,-9.064058,-11.980803,-1.9973366,-0.90513164,-5.898068,-1.3032627,-0.5553826,-1.688896,-8.355305,-6.0691776,-2.389556,-5.5785236,4.98535,-5.5049133,-6.477784,-4.8096557,-6.192801,-0.023058169,-3.493803,-3.968548,-1.1187308,-3.423263,-0.28259763,-8.861786,-8.327711,-9.697574,2.6197846,2.1726356,-1.2476329,4.1731853,-1.9511268,-15.479775,-0.9217979,-2.5869296,-2.0313973,-1.6829236,-0.67822963,-6.728532,-1.0289749,-0.09422118,-3.0453246,2.020725,-3.422,-2.235361,0.255057,4.068308,-3.72633,-3.0336084,1.3534396,-2.0883021,-13.207159,-3.3493743,-5.665471,3.768274,-3.7234619,-3.558622,-0.35992798,-2.2392163,0.8696089,-2.1641905,-1.7114638,-3.3366823,-6.684921,-5.807801,-4.2764463,-13.551532,-6.930026,1.5664628,-2.3184366,-4.475313,-2.223174,-0.07063169,0.5189932,-2.8256843,-1.6094798,1.4264144,-2.5859134,-4.9468675,-10.656269,-1.4933931,-4.9321594,-2.2521853,-6.6839204,-0.8444851,-8.013654,-7.10491,-1.5012816,-8.88486,-4.893477,-7.9955807,-0.23750612,1.9471271,3.549592,1.7835869,-1.2826521,-4.791901,-10.011067,-0.65667886,-7.4504123,-5.1913323,-1.5659112,-0.65114546,-3.1608841,-6.1943808,-3.2135932,-2.3382714,-1.4770405,-4.7625914,-4.41047,-1.9011452,-6.862739,-3.931622,-2.2255838,-3.91714,1.7587639,2.142738,-4.7486105,-1.729275,0.2250325,4.5368958,-7.1660547,5.0418043,-2.1375299,-5.6256413,-0.40660298,-5.6914625,-5.2591767,-2.0490959,-0.3857636,-5.082801,-6.7010303,-4.1825547,-7.349857,2.0480335,-1.0044358,-0.70855963,-1.9184688,-6.479991,-9.486144,-9.126541,-1.768046,-11.16293,3.5682623,-2.5307586,-4.8296833,-0.858386,-6.154265,-2.7957723,-4.338967,1.1885936,0.62115514,0.9399354,4.4616437,6.6620865,6.8816285,-4.316909,5.3737183,-3.8820302,-4.1734242,-7.8378496,-1.9935441,-0.61545956,-3.6395223,-1.1394179,6.8250947,-4.922703,3.6191618,-5.853861,-2.5471609,-2.6071012,1.0825213,-0.35087854,-0.8292894,-4.2515616,-5.4203424,-0.9775108,-3.773956,-12.142386,-9.847946,-1.9413195,-0.40156537,-3.1625628,-2.2034018,2.5088322,-1.947528,-0.0036129293,-1.5672748,-6.9573755,-4.5617504,-3.3978333,-1.8981158,3.9671683,2.930221,-1.802632,-1.075194,-4.817209,-6.4662347,-3.5667984,-2.9857018,-2.966293,-1.277223,-7.726729,2.6012015,3.3470721,-8.342996,-0.64561117,-3.7957203,1.7859524,-4.3353543,1.5305609,-0.75255996,-1.1576079,-7.5342507,-2.2882519,-0.40692914,8.957148,-7.021434,-5.028604,-2.9361308,6.385404,-8.101833,-2.4138997,-1.8201611,1.6137767,-11.433932,-7.5531845,-3.4489794,0.4791793,2.0512242,-11.106857,-5.0207877,-6.3984027
30,-2.663572,-8.863995,-3.317865,-4.658754,-3.1832218,-2.2791562,-7.0068707,0.7632702,0.5777379,-3.890981,-4.0128303,-0.01075363,-1.7920295,5.839202,-7.8807592,-1.5824857,-6.44938,-4.948107,3.1791954,-1.1309688,-2.243601,-4.6476474,-5.2862353,7.2924676,-0.6685213,-2.7200475,-4.1903615,-8.014994,-6.099399,-2.4937258,-1.5527515,2.2802725,-2.0829108,-3.2118478,3.5996907,-0.5313112,-0.43187118,1.4203935,2.178022,-1.6596737,0.2533641,-0.53929025,-0.8506051,-3.2270727,-5.2603474,-4.4953914,0.06755945,0.33120152,0.16564535,0.8926741,-2.2553105,-1.9973553,-0.01881775,-2.4777765,1.1188713,0.5271222,-2.2178407,1.2997218,-3.1340175,-0.9542071,0.74530333,-1.0618926,-2.282975,4.999222,1.6128944,-0.13340674,0.88006,-2.0665858,0.4254373,1.7872036,-4.6586943,-1.3925523,1.01765,-2.8757863,-4.4793744,0.70918834,2.4625802,-6.383725,5.7851276,-0.8805119,3.3605163,-2.2974672,-0.71497124,-1.8399583,-2.5037491,-0.96404433,3.582343,-1.9018735,-1.2181157,-3.8559365,-3.7870908,0.53116447,1.3766785,-2.4061522,-1.179846,-4.2725163,-2.0459654,0.33805746,-0.026836311,-0.1574292,8.889094,7.3054094,14.962816,-1.0518827,3.9443378,3.0854309,-3.788914,-7.0569816,-3.0307207,-0.2566355,-3.199708,0.19144942,-6.5890627,-5.195082,-8.458976,-3.9763877,-2.5298438,-10.279146,-8.81499,-0.57463664,-2.966819,-11.535407,-2.9674137,-0.47681785,-0.32605195,-7.9027534,-5.724424,-1.8060511,-8.594489,-9.840309,0.3704362,0.7866059,-4.1503673,0.488894,-1.0835918,0.63790613,-6.0714955,-4.501462,-1.8534865,-5.9587445,0.51320386,-7.223514,-6.677538,-3.0599356,-3.4894283,-2.1262403,1.7405958,0.70372236,-1.0125693,-1.7946947,0.09771717,-8.769009,-14.8627405,-13.904006,8.286525,1.1228762,-4.4536924,1.1136894,-2.7436056,-16.626373,0.02649327,0.8125697,-2.295298,2.75157,1.7490333,-2.5204637,1.2719579,2.4255013,-0.4662192,3.4160407,-4.6528153,-1.0564301,1.4913697,9.697071,-1.6198144,2.8124123,3.112903,-1.0524336,-7.2821813,-0.25676423,-5.7486486,3.7781756,-6.8075843,-4.5111427,-1.611696,-3.6004493,-1.8507107,-0.06723162,1.6183754,-2.4185057,-3.824088,-3.1694725,-7.432331,-3.1041775,-5.982147,-0.8002376,-3.5597548,-3.081655,-5.853558,0.11657094,0.31120664,-1.3681252,-3.5179472,8.941714,-1.3511554,-1.8342361,-3.395701,-0.51659286,1.3194907,1.3555783,-2.328583,4.231764,-4.2586727,-3.7598264,3.025494,-7.0475173,2.289543,-1.4593575,-1.1145406,6.0787115,6.887995,1.9583199,2.4419494,-2.3721554,-6.6518326,-0.5101623,-3.8354003,-1.8857969,-1.5799111,2.3368669,-1.1139423,-3.1215901,-0.8479549,-1.5397803,0.21060123,-2.2357712,-0.30354562,1.3738842,0.6864271,4.584737,6.5375104,1.8718913,6.1413445,2.9300966,1.3083977,4.346492,1.3076158,5.6559153,-1.4608088,4.2643433,1.5134168,-2.409273,1.5236562,-3.3997796,-5.0307207,0.82238185,0.42513463,-1.120651,-1.3572651,2.1257422,-1.0545266,4.3725014,-0.34126204,0.33622643,0.7623106,-2.2230406,-4.453927,-1.3316506,-2.1365862,-9.088742,4.9433284,-2.446934,-2.5731978,0.8254392,-5.105826,-0.10670497,-1.3321662,3.106934,1.6869609,2.4075646,7.368298,9.200914,8.718432,3.7093189,8.7289095,-0.8232655,-2.0708573,-6.8688684,0.5437364,5.6313243,-0.6877666,3.049053,5.6711693,-1.1280153,6.0741634,-2.3735263,-1.3836048,-0.27991912,7.578686,8.495609,-2.595284,-5.119204,-3.109204,1.9519328,-1.429574,-14.117105,-4.5819893,-0.23103082,-0.22775385,-1.0239636,-1.5077085,4.707051,0.6460483,2.3477051,0.086686775,-2.9769285,-0.6389839,-0.3008412,-0.17861879,5.4530773,4.380397,-5.132607,1.7063155,-4.164769,-5.030846,-3.6516263,1.4688228,-0.24135509,0.6548087,-5.098908,4.095013,1.0266274,-9.684483,-8.530282,1.73198,0.68704855,-0.9799563,-0.8113784,-0.8752831,-5.5650797,-3.8734875,4.505496,3.2525485,13.700897,-1.8141841,-2.1169882,1.092337,8.196098,-6.2610984,0.94620866,-2.9101038,1.2768266,-7.72102,0.72048223,-2.380447,4.7772183,3.323803,0.08972204,-1.861474,-3.1312096
31,-2.0972257,-9.137561,-7.654016,-6.2420316,-5.6238146,-3.9179065,-6.971852,3.2927864,2.2808456,-1.4333668,-0.38190374,3.1746078,-7.802271,11.784579,-5.5558877,-2.781282,-5.378762,-4.790975,-4.95404,-1.8894415,-5.4876957,-7.542943,-6.8941913,11.64991,0.75064903,2.4888163,0.675189,-8.195964,2.9222934,3.6835756,8.591899,-2.6650126,8.492504,2.6148756,8.1838875,0.96703154,3.954881,2.398483,2.9321072,1.0397393,-1.8323519,-0.6804773,0.16448742,0.2143239,1.0439851,0.8674241,1.0884281,3.32758,2.2707076,5.9941254,-0.7187745,-1.7558726,3.624432,-1.4289802,2.6184003,2.1854012,-1.2890055,5.308246,1.1046112,2.6498108,5.1364346,0.21215451,3.166595,9.111281,2.8617494,3.7477715,0.7949064,0.6169121,4.168125,0.32689238,-2.4422011,-1.2075838,1.8734716,-1.3835976,-0.76237214,3.2432287,1.5554947,-4.731149,7.6410747,-1.5322851,4.8217278,0.0050306907,1.761445,1.0095071,0.113483496,0.47530362,6.556937,2.264561,-3.6931403,-1.8842734,-4.274462,0.83296615,-0.30909166,0.3278508,3.4309382,-1.8263602,0.71560293,3.3463337,-0.23261052,1.4540356,10.253564,7.419971,12.227515,-3.0916653,7.0234976,-0.42125583,0.34261495,-2.3224108,-4.038179,4.134,-0.7092106,3.4780927,-5.5177135,-1.1837287,-9.252112,-3.0839517,0.8607781,-5.5612173,1.4143966,7.381999,-4.561573,-8.651307,0.015879136,3.7857845,1.9316233,-3.7045717,-1.5623859,1.6801481,-6.5400786,-6.4486427,2.3056571,1.2568346,-1.6466771,0.61802876,-0.6681238,1.5600591,-2.437962,-3.0985577,-0.6563889,-4.363751,-3.0868309,-8.066235,-3.2288063,-0.41215864,-0.5557379,-4.5106273,3.1631973,2.7421381,-1.4839822,1.256533,0.025953408,-8.968372,-17.650232,-15.4285555,10.170146,-1.3081236,-8.085098,-5.63246,-3.1278548,-14.699981,2.368331,3.736402,-4.739401,7.1175857,5.2671022,1.8832672,2.0889397,7.2604675,3.5122764,3.139782,-4.4353924,0.15790541,2.1661475,10.890146,0.56855094,6.72803,2.9349453,-4.013561,-2.0159714,-0.36798555,-6.0077887,1.6750942,-10.266262,-6.3282824,-3.5713184,-3.9162765,-5.838601,1.717748,3.6878266,0.10473767,-0.058543433,1.3793246,-9.971195,7.229244,-0.5610917,-4.128886,-4.0782614,-3.2578409,-6.4091125,-0.38905787,-0.9083241,-0.32144418,-4.8568163,10.113292,0.660283,2.4591155,3.942165,-0.035293516,7.9875317,4.5518546,3.3651383,6.9682364,1.6218313,2.3850124,7.3956203,-1.9456735,8.208803,6.0376983,-1.4672637,6.729312,6.913924,1.0113049,4.693891,0.38327506,-1.4996046,0.86373466,0.21435457,2.337101,-1.8540344,2.4300444,0.8739265,0.018923875,0.74114126,-0.62843853,1.2158679,1.4616987,0.70622486,6.445274,5.1967635,10.10581,10.197932,5.2180758,9.063426,3.8011994,5.63872,9.174119,3.4840984,4.9843416,3.7325618,1.4442691,5.124835,1.5145868,2.8908894,0.67601085,-3.418851,3.0158246,0.9846515,2.2099662,5.95723,6.251255,7.452972,4.503893,1.0520749,-0.27350724,2.6147685,0.98339134,0.38777962,5.3638515,-1.3045303,-4.8521476,3.0233846,-0.67441815,-0.38731954,2.4288766,-3.618148,2.5083168,2.690788,3.4509315,0.9664212,3.3983827,6.100321,6.8242908,7.515038,10.75418,8.919877,-0.33503217,0.751284,-6.758424,-0.39864916,7.09001,4.2709804,5.5463834,2.296382,0.84822714,2.8670664,2.3460045,-0.05142535,0.88327897,13.0611515,10.817918,-5.90697,-3.9642184,-1.223162,2.8116271,-0.017171934,-9.3124275,2.8357377,0.748654,-1.2438968,0.8640451,-0.64216983,5.0360203,2.24619,2.5624402,0.023836164,0.42137986,3.2367425,2.1244018,-0.17648523,4.559078,7.323067,-6.1153245,6.498004,-3.5919888,-2.2478728,-2.0376287,3.8394146,1.3727274,2.7607017,4.2264767,5.475854,-3.9393282,-11.503119,-13.719487,9.297852,-3.1159863,0.40396127,-3.021957,-1.2422138,-7.812557,0.5247206,13.223704,4.2504406,13.158638,3.7191153,-0.11228283,2.9144228,3.6051447,-3.9507208,2.8769696,-2.5259612,1.2612936,-3.1710148,7.737263,-1.8635876,5.3425546,2.523067,13.224495,0.31351963,-2.256277
32,-3.119761,-5.2938356,-10.703708,-7.5966153,-7.9636126,-5.711202,-6.231117,3.2568479,2.3269742,-0.2657174,-1.8635231,3.5498195,-12.385875,14.015895,-2.7562861,-3.7367494,-4.612343,-5.276484,-12.28123,-4.116885,-8.275071,-8.997494,-7.640518,10.33915,0.057277657,3.9170732,2.8989894,-6.036595,11.889677,8.348551,15.162544,-7.6787705,18.630974,7.2504582,10.527917,0.8437341,4.971449,1.7567594,1.764408,1.4203117,-3.0494187,-0.47791904,-2.056991,3.3014019,7.5435553,5.2484903,0.15422507,4.82765,2.637607,8.584255,-0.75744927,-3.0559745,6.1107764,-2.0965166,2.1252398,1.1109575,-2.3659344,7.9998527,-0.6492794,3.0243886,4.7123284,-0.31944448,5.163337,9.39286,1.0980412,4.217915,0.14444898,3.0377147,3.2915506,-1.9764297,-2.6324008,-1.5398599,0.2242638,-1.4315281,1.4236912,2.5204804,-0.7663571,-3.951046,2.5451,-0.81261504,1.4455515,0.62473696,1.1748147,0.8142812,0.30136892,-1.8075048,5.204945,3.1198967,-5.01588,-1.0433149,-4.1136646,-1.5366219,-1.7127658,1.4276911,7.4037848,0.7361636,3.4383566,5.4359612,-2.3518922,1.6086845,6.7640038,1.5385946,3.3984027,-4.589393,5.6825624,-4.7827406,0.21499318,0.11323823,-6.40683,4.4464116,2.227399,2.8578346,-5.7330523,-1.7900106,-7.9299026,-1.8155669,2.0003774,-0.66001415,10.135251,7.3192015,-9.7641945,-2.4684696,0.9795076,5.761532,0.7709361,2.0420904,1.7382964,3.5037162,-4.9039197,-3.8682168,2.1835604,-0.018775348,-0.49662346,-1.7556647,0.66420096,0.74941355,0.38748673,-2.841914,0.60301787,-2.3493538,-4.8482428,-7.8549953,2.6380298,1.8071271,1.4648539,-6.0785604,0.23812811,1.449112,-2.4472938,3.9675684,-0.21111886,-9.621735,-15.912486,-14.002476,7.9317203,-4.7085385,-10.585114,-13.224278,-3.3052695,-11.202159,4.7366166,4.6770296,-7.9684258,7.0163007,7.722978,1.9882201,0.4721452,9.822044,6.0420895,1.6068822,-3.5833113,0.19637232,0.6662586,7.4509687,1.3743777,5.6706567,0.08095213,-8.75553,0.28754768,-3.1182969,-6.766761,-1.1308913,-12.7851,-8.653923,-5.9784646,-3.998049,-8.055462,1.8534185,3.2455702,2.6962132,2.475094,4.755811,-11.94688,13.5840225,6.407508,-7.9974804,-3.4368641,-5.3899946,-4.334697,-1.3971088,-3.0965555,-0.7187974,-5.6558475,5.4644465,1.7804716,5.123153,7.863909,-0.87675774,12.524319,6.610464,7.469929,6.9656982,6.6532483,6.895394,8.425912,2.9580572,10.660316,9.177768,-0.8414925,3.0530283,3.2303767,0.46893388,3.8994222,1.4825232,3.6010327,3.7123299,3.0208342,5.8398333,-1.0200902,1.3227084,1.5662862,1.2781063,1.4405036,-0.23550276,0.24872641,3.9626222,-1.4948448,10.426858,3.824809,10.219687,7.228451,4.9467044,8.526796,4.1198974,5.261561,10.413419,5.8762436,3.6060002,4.712597,-1.8363905,5.909537,3.6813114,3.2311783,3.731073,-2.2134814,2.2907176,0.93159556,3.324516,11.108162,6.8853006,13.528249,2.1928334,2.7353106,-2.2283025,2.5129325,1.444451,2.1387427,6.3783026,0.0832107,-0.70215625,-0.440302,0.99960756,0.4078729,2.536514,-2.9135368,4.3434353,6.4048905,2.9291704,-1.8506306,3.1040866,1.0201396,0.92492884,5.704412,12.677631,6.2373886,-3.0990226,1.0329802,-8.529588,-4.545089,3.42474,7.5041027,5.168906,-2.4602573,-0.8383083,-4.220434,5.736788,0.7414156,-0.34234753,13.604202,5.0268865,-9.577404,-2.1393275,-1.8729043,0.8878914,-0.51213217,0.9433414,7.771405,0.33172905,-2.4073026,0.52820826,-0.91717786,3.0858605,2.4641788,0.31437728,-2.232551,1.22526,5.0331573,2.9452176,-2.169363,0.6441728,9.527245,-5.993149,10.518101,-2.3491704,0.9391489,-0.088418014,2.6253264,1.5184852,3.918097,14.054989,6.4095287,-9.002654,-13.221564,-14.557202,15.018045,-7.4554763,-0.6227167,-4.9205866,-1.9028236,-5.5995994,2.612252,16.600082,1.5570202,8.298059,8.16941,-0.8249642,1.5334795,-3.9614701,-3.484725,2.9755402,-1.165406,1.0962816,-1.5324138,9.758544,-1.9170548,1.971578,0.13043034,18.509129,0.56083727,-4.200611
33,-4.5317264,-1.9962174,-11.00575,-8.010259,-8.588713,-6.811655,-4.6384015,1.4119688,1.5264016,-0.028862657,-5.0138025,1.2469702,-14.243365,12.390581,-0.5004505,-4.460786,-3.2627273,-5.6453433,-14.780091,-6.672604,-8.880048,-8.224049,-7.783279,7.3331375,-2.4117806,1.0320886,2.995602,-2.7477982,17.00032,10.849804,16.165474,-8.683325,21.64485,6.4348397,8.427195,-0.2042179,4.4598165,1.206444,-0.31494665,-0.610656,-2.8374562,-0.27662826,-5.3890123,4.8140516,12.112454,7.7943087,-1.3784684,5.1401215,3.434442,9.724358,-1.9638647,-3.8328679,6.104548,-2.8637042,-0.58958805,-1.0327132,-3.6249049,8.41889,-5.341627,1.4502336,1.1390692,-1.611598,3.5992694,5.6854577,-1.9691503,1.6634629,-0.32644862,4.535755,-0.5734563,-3.795699,-4.5454407,-2.036393,-1.6133453,-2.6106277,0.69008684,-0.80457973,-3.3366196,-3.7999806,-6.3438053,0.4806733,-4.5361233,-0.32696986,-1.2945694,-1.1175444,-1.2555568,-4.952419,0.5702144,0.73226213,-4.8168955,-1.8640091,-3.230095,-4.438502,-2.5731125,0.32328716,8.28982,2.958289,5.5429635,5.092159,-4.416635,0.80904704,1.6068285,-6.739944,-4.5702586,-3.3473308,0.8163906,-6.0048604,-3.5102375,-0.8373752,-8.672944,1.3243845,4.108331,-0.011068169,-7.2638083,-6.858617,-6.175938,-0.08856938,0.9659354,2.3518572,11.118641,0.4127586,-13.497256,2.1766386,-0.07945447,5.306491,-2.5607505,5.681497,2.924908,2.9277759,-4.180724,-2.598488,0.314537,-1.9948658,-1.0579691,-5.056936,2.1763885,-0.44040877,1.6151026,-2.984295,1.4952053,-1.0102286,-5.104878,-5.600002,8.335543,2.7067225,2.6643515,-5.555751,-3.23781,-0.5202966,-3.1418917,5.1519423,0.005111372,-9.478751,-11.430741,-10.084427,3.973515,-7.606179,-10.700842,-17.290556,-2.8289278,-7.757363,6.0635858,4.11794,-9.310417,1.6774714,7.708575,-2.4836488,-2.1320808,7.5591736,5.9520535,0.24603345,-2.9921339,-0.67972785,-1.8002968,3.193388,0.9920352,0.9423068,-4.057293,-10.616059,0.75787354,-5.3626637,-7.0228477,-2.579343,-12.400506,-9.757883,-7.424807,-4.2169037,-6.492721,0.6190727,1.2804888,4.102499,3.4404068,5.096405,-12.373616,15.166853,11.409194,-10.431851,-1.5657128,-7.3410707,-1.5445862,-2.3583589,-5.092939,-2.0338557,-6.061674,0.30991134,1.4119787,4.720259,7.9590144,-2.537243,14.338124,8.077859,8.881799,5.231485,8.423555,6.911708,5.8746767,4.627411,9.851332,6.4170804,0.117857225,-1.9926598,-1.333292,1.6081839,1.5849923,0.62147164,7.3609047,7.204808,4.5517445,8.089598,1.8661507,2.1208816,1.114309,0.75214577,1.9188316,0.04607156,-2.05336,4.0345745,-3.8681383,10.893505,-0.9332769,6.534348,0.82922137,2.9812613,5.3631454,3.3643012,1.0947694,8.529419,7.3800087,2.623976,1.5419936,-3.9268198,3.6221812,2.7967575,3.0428746,3.9587917,-2.2054331,-0.92026377,0.28302038,2.7572505,11.321903,5.61827,14.662973,-0.7456792,4.1715217,-3.6887064,1.2207586,0.3066933,0.8414744,1.7298461,0.8855159,1.4993087,-2.3566542,0.94373155,-0.3680558,1.006812,-2.6831403,5.506558,9.206222,3.4574337,-4.621878,1.8934687,-4.075565,-4.3851027,4.813518,9.054105,2.7764132,-5.8912363,-1.2655393,-10.265974,-8.509822,-1.5032293,7.000439,2.8656206,-5.7826085,-4.1205935,-10.108888,6.183699,1.3359809,-2.7719285,9.490533,-4.514219,-11.649347,-1.0543672,-4.5238395,-2.1389503,-1.8745908,10.586996,7.466165,-0.6019125,-2.3665822,-2.1511831,-2.332188,0.07063018,2.0551245,-2.4667597,-4.8670826,0.18779883,4.5574336,2.8655493,-4.198273,-4.607137,8.602399,-5.207527,11.257373,0.069854274,4.15723,1.6260546,-0.055051733,1.2677567,4.064484,17.728758,6.5847807,-10.822226,-13.115505,-12.182923,15.344869,-8.872005,-2.0491815,-5.978712,-2.0797439,-0.69921213,2.3577027,11.381061,-2.7907107,1.4481575,10.481952,-3.7513123,-1.0142634,-8.341247,-4.5820875,2.2835522,0.53146076,0.342033,-3.2491264,7.5009756,-1.6427351,-1.9477305,-1.9410435,13.160386,-0.19867754,-6.042331
34,-4.5035696,-2.954584,-8.507677,-6.9408,-6.7854943,-6.534001,-1.8947165,-0.22507283,1.0014532,0.46207628,-5.348565,-1.3640003,-13.347256,8.960154,1.4892606,-5.109425,-0.6474608,-4.7089653,-11.903844,-7.8393545,-6.9897027,-5.2986536,-7.545261,8.097783,-4.72096,-2.9253647,2.5959356,-0.16493404,18.306551,12.236273,13.692344,-5.0689125,16.43704,1.341259,3.2710686,-0.70021224,4.4986997,1.6671621,-1.8496344,-3.0797133,-1.8890934,-0.12494221,-6.5600977,4.910467,14.075683,8.870688,-1.4904743,5.065527,6.067444,10.7953005,-2.6169574,-2.1324716,4.0150046,-1.7039676,-3.6394155,-1.9959738,-3.1181316,7.454965,-7.092005,0.6000491,-1.5430876,-1.9560169,1.1705873,1.0672399,-2.9762194,-1.1515967,0.23159064,5.477341,-2.9678657,-3.7238247,-5.466112,-1.7481616,-0.9841087,-2.9891374,-1.6899678,-3.7268462,-4.745728,-3.116561,-11.232417,1.9206266,-7.5926323,-1.2377998,-2.6597712,-1.9495144,-2.6960874,-5.007652,-3.160808,-2.008051,-3.7957375,-3.2774339,-1.9032048,-5.385474,-2.7800107,-1.3317509,5.5836353,4.377453,6.7053027,3.160978,-4.4576173,0.21394925,-1.2266061,-12.111766,-6.352847,0.7790602,-3.3471646,-2.5000536,-6.843032,-3.1598592,-9.020709,-2.1883163,4.254623,-1.4300479,-8.413822,-11.357686,-5.2066507,2.096876,-0.28146127,3.4949234,4.782075,-7.0562973,-12.609654,2.1081793,-1.6600721,4.1635604,-4.952471,4.8797436,1.4084411,1.0008539,-3.3461494,-1.4370824,-1.4309129,-2.9848645,-2.0020037,-6.5095,2.7809043,-0.43889958,1.8644484,-2.0970573,1.6646603,-0.2836815,-5.1982503,-1.2730582,11.3628435,1.8904239,3.7525165,-2.929473,-3.1501887,-0.3553692,-2.8514287,5.330982,0.8292418,-7.616293,-7.538075,-4.916326,0.8622458,-8.655279,-8.450358,-15.350004,-1.2644125,-6.21825,6.4966326,3.751088,-7.2069826,-5.667,5.9372463,-7.5485,-3.8812325,2.07865,3.975134,0.20514318,-3.0048192,-1.1459038,-2.6449687,2.2661912,0.50503534,-2.683092,-7.02401,-7.598661,1.9297942,-4.5432696,-5.891822,-1.6652962,-8.698861,-8.457693,-6.7938356,-4.341121,-2.2743669,-0.7923069,-0.24303864,4.0369554,3.725238,3.1180205,-10.756123,13.8991,13.140259,-9.935789,0.9117683,-6.7690654,-0.006991408,-2.8440154,-5.738124,-2.8362179,-6.1198688,-0.19746092,0.33822635,2.659212,6.392293,-3.5022838,14.487073,9.964571,8.480568,3.1530585,7.3213787,3.6970303,2.5329626,2.8454237,7.6447105,0.8252098,0.3379016,-4.418201,-3.9303753,4.087944,0.13383886,-0.6289716,9.195543,9.998017,5.900279,9.336941,6.1025367,6.218517,0.54827815,0.22904037,2.2948608,0.9751172,-3.8452928,2.3023472,-3.740513,8.379955,-3.8315508,3.023089,-3.5800385,2.5379748,2.4949136,1.7743983,-2.5669284,5.494609,7.6883216,2.4507036,-1.7574182,-3.8019514,0.8465037,0.3193377,3.0014431,2.100427,-2.631528,-3.7369392,-0.40415704,2.2018504,7.632648,4.9170356,11.987658,-2.0213177,4.968831,-3.1291585,0.35038888,0.07094143,-0.8803439,-3.53681,0.48200467,1.8821784,-1.3767486,-0.68436927,-1.7734479,-0.6360599,-2.173659,6.038522,11.124821,6.2426176,-5.049253,0.70526373,-5.230757,-5.7794676,3.9018016,3.260884,0.6127669,-5.3143153,-3.9653375,-9.707218,-9.166853,-3.886568,3.8979845,0.7001065,-5.723767,-5.796376,-10.870716,4.120443,2.3397481,-4.16037,4.580059,-11.400637,-11.506062,-1.2832168,-6.517505,-3.867961,-2.2913818,13.993071,3.194234,-0.55444396,-0.64123815,-5.008483,-3.5428936,-1.755614,1.9413191,-3.3515754,-5.4113607,-0.64116746,3.1657152,3.147313,-3.9528673,-8.22021,4.326238,-3.6132598,8.834954,2.772527,7.2354417,3.3419461,-0.9155365,1.7498956,3.9253013,14.206051,6.195864,-8.286393,-10.918257,-8.824667,9.972544,-6.020072,-1.4323168,-5.9648747,-1.1610763,2.255746,2.3366883,1.4684314,-5.520644,-3.4212105,11.21358,-6.7375298,-1.873792,-6.380266,-5.2669845,2.2127836,1.8798188,-0.8689764,-5.994656,4.799359,-0.44218132,-2.6148515,-2.2115955,2.0630317,0.0441005,-4.1858287
35,-2.6143818,-7.7408485,-5.3291035,-4.8395705,-3.6200986,-5.1340966,1.7221072,-0.55461895,0.8164556,1.6518728,-1.831156,-2.0501835,-11.15505,6.139236,3.339341,-6.077224,2.3338861,-2.3839054,-6.9742007,-7.2034554,-4.25524,-1.7083919,-7.389893,13.47835,-5.2612686,-3.9094157,2.7607152,0.35163653,18.665457,13.483621,11.068792,-0.055647843,8.205949,-3.4855454,-1.1837783,0.0735759,5.3094993,2.4407432,-2.163262,-4.2243814,-1.6875536,0.19164515,-4.5675926,4.619183,13.968672,9.216262,0.5021635,4.962834,9.450606,11.573572,-1.5880178,1.6097668,1.3832825,1.4745998,-4.5948935,-0.92416537,-1.223154,6.3823013,-3.1919925,1.3994625,-0.9613049,-0.87278765,0.48003277,-0.8987255,-0.007559938,-2.2717178,1.7179697,6.534672,-0.837763,-1.5581044,-3.4261682,-0.12866597,2.2213721,-1.4912434,-3.291312,-3.6249192,-4.569151,-1.3735117,-6.9850016,3.6875715,-4.491,-0.87494653,-1.3478386,-0.39841107,-2.8950155,-1.014992,-2.225411,-2.1758966,-3.2947083,-3.7375648,-0.85434705,-3.8526046,-2.556397,-1.5248336,1.0505862,4.5710125,6.8444643,2.133479,-2.9894402,0.101858675,-0.6151271,-12.110838,-3.0176303,4.946384,-3.6515334,3.022121,-6.990521,-4.394833,-7.0393825,-3.4065561,2.5885017,0.7176959,-8.016489,-11.1817045,-6.3390727,4.138131,-0.2170972,3.6514256,-2.9628882,-9.21514,-9.173492,-1.9555722,-2.149643,3.973722,-4.373346,0.43217003,-2.255474,-0.5482659,-1.5730538,0.90449506,-1.5399426,-2.2083116,-2.005206,-4.7092996,1.8214426,1.0140631,1.9987093,0.2419763,0.8361101,0.42756388,-6.2555184,2.9521646,10.729001,-0.56608677,4.8416777,0.0093048625,0.73963743,2.0229385,-1.5535893,5.828502,1.5679765,-4.7527924,-6.5194254,-0.21965204,-0.52391845,-7.834526,-5.1898766,-9.136187,0.7946203,-7.5997868,6.8090916,4.392048,-2.7096395,-10.64593,4.3470263,-8.878177,-4.4511805,-2.7941928,1.1765747,1.1947281,-3.436298,-0.40244997,-0.9213132,5.035449,0.3466355,-1.2737298,-7.407502,-2.6039479,4.720429,-1.1203078,-3.9132,0.668486,-3.9375536,-5.5484033,-4.5661182,-3.9748554,1.2349334,-1.6280339,-0.4006515,2.981136,3.8320067,1.1359897,-8.239552,11.657806,12.435348,-7.282603,2.7400823,-3.6016695,-0.38833064,-2.8914914,-4.935335,-2.3199158,-5.688502,4.3445597,-0.32652596,1.773914,5.3555355,-2.5956256,14.067299,11.898566,7.4245706,1.4681613,5.6051416,0.597641,1.149166,0.18835755,5.9868283,-2.980613,-0.46048278,-2.843017,-4.432456,6.055989,0.036556784,-0.3247995,9.153236,11.202649,7.6134505,9.709013,9.5360775,11.688417,0.53936386,1.2923326,1.8193347,2.581034,-3.8039105,0.39304292,-1.4501355,6.1258483,-1.8883804,2.5765417,-2.8235033,5.0658183,1.9210836,0.30946663,-1.9030882,2.572455,7.2465415,2.5277338,-1.133683,-1.6391648,0.2274307,-0.84142596,3.0654316,0.44816083,-2.4365573,-3.5626574,-0.527635,2.6308417,4.0801487,5.5975556,8.421354,-0.9906601,4.772472,-0.97794014,0.41818312,1.8390155,-0.6098764,-3.767586,-0.89136225,2.1584997,0.79215944,-2.224941,-2.6223338,-0.5509082,-1.6173391,5.5424376,12.181759,10.077609,-3.2471378,-0.035731863,-2.1223767,-3.6123376,1.5992148,-0.5122149,0.0034415703,-1.605288,-5.442909,-7.036927,-6.627029,-3.3374882,0.87113714,0.052655146,-3.654967,-5.0554113,-7.271866,1.5609598,3.298988,-3.429749,2.372987,-12.1773815,-10.4616585,-2.4659233,-5.718175,-3.1977553,-1.177382,10.822054,-0.8715253,0.8980965,1.7435935,-5.314761,-3.3153088,-0.92371243,2.1789098,-1.739248,-3.1201043,-0.28354263,2.3471127,4.2597704,-1.1367753,-8.27148,-0.8795138,-1.8362044,5.8281527,3.998604,9.38288,5.077684,1.1739835,2.8973665,3.8997998,8.434323,5.6872334,-3.7339878,-8.587861,-5.6907053,2.3889582,-1.2770194,1.795355,-5.435445,0.33635962,0.1697115,4.3240237,-5.621517,-4.8811226,-2.3528943,12.018117,-7.8676596,-0.10152038,-0.87330234,-4.397953,3.0303454,2.0777905,-1.8145721,-7.1659493,4.605041,1.0761483,0.56490064,-1.0769336,-6.9642463,2.35963,2.0014274
36,-0.30557573,-12.247536,-4.358038,-2.958761,-1.0721592,-3.608822,4.9654408,-0.21515533,0.12773615,2.7597437,2.5639622,-0.6750134,-9.581834,4.641743,3.8569212,-7.5121927,3.7615235,0.097332485,-4.1793075,-6.003208,-2.787544,0.34324288,-7.7993193,18.325104,-4.1418395,-0.6862794,3.479015,-1.122876,20.203592,13.797715,9.481713,2.3527472,3.1117225,-5.166924,-2.1595697,1.5528462,5.7547045,2.3321445,-1.5898101,-3.9357727,-2.7865307,0.784643,-1.473908,4.9488177,13.0337105,9.322404,3.2679584,4.6930265,10.973552,10.574525,0.4404104,4.7248974,-0.4124231,4.593147,-2.4844544,1.2330261,-0.09293698,5.4163923,3.417791,2.4696293,1.5853916,0.466235,1.7195717,0.76234776,5.5405755,-2.403189,2.9204302,7.6169996,4.5594454,1.1760595,0.6785595,2.0372066,5.3631353,0.7466328,-2.8459241,-0.6872104,-3.603784,0.69911486,3.5962853,5.803792,2.1776261,0.2994808,1.2121437,2.1927125,-2.3129199,4.0265083,3.1466665,0.43199068,-4.431346,-2.7926188,-0.8051914,-1.5471712,-2.5578876,0.051879935,-2.6838205,3.72411,6.0586267,3.6477504,-2.505448,-0.44623765,0.9353058,-8.502846,-0.22905897,5.626757,-1.0299034,5.7867904,-5.0517187,-3.9865599,-4.098364,-1.8397727,-0.57346445,4.9063497,-6.65782,-7.2660923,-10.407283,5.103079,0.7753026,2.9683332,-6.2676973,-4.8813343,-7.617793,-6.390801,-1.1756612,4.7401004,-1.5787979,-4.1952515,-6.12246,-0.749647,0.50157666,4.273261,-0.28226846,-0.44788918,-1.1072059,-1.0155529,-0.3015858,2.7632139,2.222131,2.9775896,-0.8547663,1.3078506,-7.9969296,3.9852264,7.54352,-3.8549259,5.0846286,0.9402161,4.682513,4.3715906,0.20042838,7.006243,1.3014057,-2.570185,-7.6502953,2.5979908,-0.6298912,-6.350948,-2.6131246,-3.4141173,1.861794,-10.534989,7.247373,5.0898166,1.3824849,-10.9513445,4.1905465,-5.7344975,-4.7722173,-4.627946,-2.2039952,1.7234379,-3.9627254,0.8075921,1.56891,7.6720476,-0.16057834,4.635323,-5.8962884,-0.39413926,7.6420617,2.1487002,-2.626139,2.4846084,-1.4933773,-3.1342466,-2.4831948,-3.0058258,1.5984216,-2.0611303,0.008697768,1.643893,3.3163943,0.8259675,-6.760713,8.249841,10.176558,-4.9597754,2.7723134,-0.033915218,-1.7491258,-2.8536134,-3.551857,-1.0304612,-4.5979424,9.515677,-0.29407543,3.4358892,5.3667445,-0.08522521,13.148619,11.571393,5.7133355,0.14252706,4.459308,-0.87230676,1.6031051,-0.27695948,5.939634,-2.6484065,-1.2594218,0.63411254,-4.7964144,5.7356577,-0.15090553,2.0915363,7.9661884,10.8902025,8.7857275,8.978635,10.22941,14.821775,0.8031324,3.7732744,-0.043938138,3.9704497,-2.1444113,-0.49473345,0.6349375,7.225354,3.1477666,4.933798,1.4438232,8.952713,2.7247446,-0.019157425,2.905588,-0.3785352,6.441791,1.7543803,3.478572,1.1708927,1.642526,0.7430629,2.559873,0.50875217,-1.6661001,-0.6198721,-0.061050873,3.5078382,4.2026687,6.3351393,5.6471596,0.77117974,3.1672077,0.687144,0.20245267,4.222593,1.5523794,2.0561504,-2.5145137,3.6764681,1.1840073,-2.2670178,-2.4323847,1.6527884,-2.0020542,3.8737094,12.020611,11.883377,-1.6404736,-0.6907969,1.6035756,-1.3829696,-0.9804634,-0.595752,-0.4895869,1.5272422,-5.8875136,-4.678947,-3.8607225,-2.1521463,-0.49664894,0.72813076,-3.1694915,-4.0538635,-3.967213,0.46482205,2.6451442,-1.5531619,2.9999158,-8.139125,-10.106927,-3.774813,-2.6720295,-0.9455155,0.23465425,5.8501925,-1.0689514,2.4955902,2.8819385,-2.2379622,-1.8654771,1.8677151,1.9593085,0.6115323,0.24906912,0.38247788,2.5741303,5.6136794,2.062232,-5.453115,-3.8173459,-1.4659791,4.792582,2.8993657,9.254314,6.0981407,4.368075,3.627019,3.468945,6.1204486,5.0671086,-0.9450338,-8.218278,-2.3695853,-2.5818188,1.3160154,5.8917108,-5.329219,1.0587193,-5.2794995,6.8519454,-5.4403195,-1.7654958,5.2945976,13.913544,-6.8986483,2.738681,2.1959078,-2.856943,3.4474084,0.52401245,-1.7743939,-5.872816,6.3916817,1.6247674,4.5374284,-0.323,-8.666163,5.7376084,9.378057
37,0.62794524,-12.342284,-6.6543736,-2.2599666,-0.22560349,-2.7147653,6.3034444,-0.4374656,-1.4743348,2.8000846,4.390642,1.088502,-9.493243,3.237773,1.5122386,-8.720839,2.5909393,1.4852234,-5.025948,-5.618034,-3.043452,-0.3776155,-8.628535,16.5919,-2.7203064,4.303921,4.341,-3.1123111,22.041088,11.139603,7.437645,0.91441005,2.580632,-4.9687037,-0.13926765,2.805466,5.3050165,1.3921925,-0.74760497,-3.104616,-3.8026562,1.4560286,0.1073614,6.2922463,12.625808,9.4194355,4.743874,4.240453,9.152751,7.0656486,1.661661,4.7414036,-1.0597464,5.4715056,1.492785,2.939635,-0.818535,3.8835363,7.475567,2.4217224,2.9652202,0.7044568,3.0979633,3.9124157,10.126747,-3.6051335,2.6523206,7.7177653,8.9861555,2.3099978,3.8978426,2.9726243,5.8091927,1.645291,-1.0460262,2.3818629,-2.9253087,2.0081468,12.041226,7.4916925,6.44688,0.75709355,2.283094,3.6695287,-2.108935,6.2542024,8.734731,3.205802,-7.2489944,-1.4977869,-1.8094404,-0.61758566,-3.5118423,1.7598667,-3.9914038,2.9148498,4.623411,6.7599664,-4.479565,-2.3274488,0.137753,-4.7739053,-2.0506995,2.192315,0.88009256,3.2351148,-4.2920766,-3.0242207,-1.9956105,1.0713108,-4.2175045,7.561483,-5.666683,-3.8067353,-16.129236,4.5601225,1.1417979,0.7510465,-4.181961,2.5689483,-9.337051,-7.8240066,0.24479379,5.142522,0.9128321,-5.4082103,-7.6430826,0.056134522,1.4685099,7.209296,0.75273854,0.76387477,-0.40765777,1.6464818,-2.304848,3.4522965,2.256504,4.6647944,-2.5920417,1.932644,-8.817987,0.7245881,4.2785215,-6.353526,3.593966,-0.88353765,4.9001746,4.9984093,1.9678723,7.6850514,-0.05583558,-1.8332869,-7.913656,3.214051,0.2022333,-5.365458,-1.5369678,-2.0659654,0.98302263,-11.50653,7.1993203,4.4510407,2.9226334,-7.369747,5.114043,-1.2581102,-5.260013,-4.030531,-6.1195755,0.59831095,-4.321093,0.8791753,2.3347154,5.9936314,-1.7297726,10.529629,-4.3423395,-2.6150322,8.796248,3.1717904,-2.9089577,2.7400234,-2.8347056,-2.6067796,-1.8952216,-1.6815003,-0.3824649,-2.4866252,-0.34631017,0.6445587,1.822544,1.8472859,-7.030194,2.3703809,6.0856624,-4.7787275,0.9327057,1.7550573,-2.5356839,-2.9129305,-2.3991213,-0.112573735,-2.9852755,10.340788,-0.17497332,6.130594,5.7857475,2.463215,11.127976,6.656906,2.5248957,-0.9424387,2.536895,-2.3010077,1.3443477,2.4554298,7.605236,0.6488416,-0.645122,2.9353337,-6.0838194,3.014541,-1.2826706,5.334848,6.858983,9.707682,7.907709,7.1633725,8.103257,13.389722,0.6438087,5.949123,-2.5182528,4.2402897,-0.13311516,-0.30091238,1.2442225,11.706755,7.06178,7.6067624,4.4059544,11.199673,2.3479173,1.1073153,7.8701687,-3.657289,5.1176257,-0.5768505,8.188255,2.8510075,2.366312,3.5033388,1.152665,1.7376122,-1.3236215,2.253564,0.38157347,3.7598932,7.882559,5.5024986,3.015499,1.0114961,0.009660885,0.15076487,-1.788907,4.9854393,3.4042537,9.247913,-3.6299908,5.996733,-1.3746904,-1.0053393,-1.6648138,4.4693823,-3.413023,1.8931708,10.208257,9.371691,-2.2109377,-1.6512755,2.039105,-2.1970978,-0.43709227,1.2858835,-2.059631,0.7793641,-6.0949373,-4.41055,-3.4550807,-1.9902859,-0.62373173,1.5864421,-6.1454782,-5.179427,-4.9530687,1.2385262,-0.6579239,-0.48191124,3.9413548,-3.1382778,-10.360206,-4.495908,-0.14267598,1.1469984,0.30585533,4.0459723,2.872309,2.5099077,1.495269,2.2089922,-0.66422707,4.248568,0.58673066,1.3931419,2.007793,-0.12549552,3.2619557,6.35831,2.9101202,-2.4025624,-3.182271,-3.4290073,5.8903446,0.61839765,6.17228,5.5805907,6.0354805,3.1566627,1.8279798,8.3229065,3.6807134,-1.7136776,-9.544561,1.8873115,-2.3502111,-0.15880887,8.415567,-6.008089,0.14669263,-8.998752,6.646689,-0.09223752,1.5608644,15.110575,16.202375,-5.1582446,4.390145,-0.55163854,-2.145444,1.8496374,-2.4977403,-0.73308706,-3.0313578,7.2886376,0.672649,5.6690373,-1.2446313,-2.9740283,8.082233,13.891151
38,-0.22445917,-7.4415355,-10.237961,-2.5850625,-0.40275964,-2.3156273,5.1817102,-1.4657762,-3.1351027,1.8415096,3.3609016,1.7245232,-10.09853,0.522102,-3.2455275,-8.401033,-0.21239817,1.752616,-7.5163574,-5.975273,-3.4184973,-2.9658833,-8.920195,7.8099556,-1.9332366,7.4488106,5.156394,-3.887367,21.40033,4.6928225,3.1611154,-2.0490067,2.8695102,-5.9545527,1.9142796,3.657652,4.8228025,1.1871564,0.15810148,-2.115176,-2.6016743,1.9040726,-0.049991533,8.262638,13.34638,9.586671,4.0495553,4.0351396,5.205292,2.331546,0.95886916,1.6134243,-1.2241243,3.9637938,4.9774604,3.460903,-1.7493296,1.6330479,6.809051,1.9548595,1.7246457,-0.053467132,3.1648684,5.5778112,11.059786,-6.530311,1.0607902,5.9234023,9.38111,0.9356587,4.182085,1.4801326,3.728974,0.6593014,0.6903069,3.030061,-2.7934682,2.3692794,11.990022,7.6119447,4.93692,-0.28352574,0.89348096,3.518695,-2.6575034,4.8277307,10.061871,3.2583659,-10.421598,-1.2471489,-3.0452392,-1.6833453,-5.5116544,1.6682776,-3.0280297,3.3787382,2.9672117,8.738301,-7.3000464,-5.075854,-3.518493,-2.7795556,-6.972127,-1.9701656,-0.21564013,-2.7499957,-6.1941605,-2.1913395,-1.2844611,3.4581892,-6.466097,6.6716723,-5.276227,-3.0670815,-19.75712,3.0118613,0.031712092,-3.2739267,-0.8506582,8.5745735,-11.124429,-5.7646275,0.7509085,4.113876,1.3126316,-2.3307981,-5.379979,0.8111601,0.9538241,8.437149,0.37273353,0.55253404,-0.6879066,1.4117131,-2.992073,2.6825676,2.0477107,4.7628765,-3.2133198,1.8500423,-7.325145,-4.452204,3.026934,-6.367623,0.62254786,-3.780355,1.449978,4.6436934,3.8041642,6.420883,-1.4483157,-1.5071213,-4.9749837,2.446114,2.136778,-4.9692483,-1.5619426,-4.9043856,-1.0721228,-7.6917253,5.9693694,2.599951,2.0830646,-2.5314934,5.8191648,0.79254985,-4.9360514,-3.1781871,-9.33546,-1.7870493,-4.1859636,-0.9667841,1.1084077,-0.15427741,-3.84517,11.920436,-3.9201024,-6.1815467,8.161914,2.5307837,-4.0280733,2.1037624,-5.9768667,-3.4582896,-2.5587904,-0.4083755,-1.5946542,-2.6948867,-1.6978086,0.42897153,0.20777205,2.4778142,-7.6905847,-5.5724463,-0.112190336,-6.191298,-1.5160955,1.5768769,-2.058783,-2.800118,-1.5071467,-0.03786909,-1.4954891,5.7690315,-0.55828094,6.9120927,6.225785,3.4133036,7.739008,-2.378343,-2.2635968,-1.392006,-2.1323318,-5.711331,-1.4553941,6.633588,10.289965,4.0020247,1.6259072,3.0326226,-6.772752,-0.47823635,-1.8023397,7.4015455,6.725106,8.046737,4.5463996,4.98937,4.949898,8.534795,-0.13300185,6.139859,-3.874563,3.440553,1.1502455,0.30883688,1.6543833,16.127005,7.477054,8.471424,2.599981,10.269929,-0.2230574,3.0476086,8.87704,-6.375017,2.974027,-4.019559,9.113266,2.4810038,0.06259035,4.4017253,-0.45159444,2.4525852,-1.9298743,2.347491,0.12015688,3.2275724,11.371351,3.1887732,-0.7805635,-1.0762259,-3.9804688,-2.2080708,-5.2777824,3.5541008,3.1426528,11.598551,-3.5853913,7.4599414,-5.0629945,0.09722402,-1.1611148,5.7828693,-4.1624827,1.0277098,6.835826,3.3734365,-4.1248465,-2.560391,-0.91433716,-5.6148615,5.215997,2.051784,-4.033138,-3.2940822,-5.827857,-5.118112,-4.89245,-2.0658915,-0.5821539,1.8211323,-10.172168,-8.133391,-9.528426,2.534093,-5.4242992,-1.4393637,3.124138,-0.1681398,-9.594678,-4.4439893,-0.4650046,1.8372139,-1.160689,5.825626,7.694688,0.58335966,-1.8956152,4.7126985,-0.95540273,4.2000813,-1.6645061,0.039463766,0.89887893,-2.2676547,3.5420232,6.1304026,0.62239414,-1.4020835,-0.73035634,-6.4251084,6.862129,-0.64750206,1.2654172,3.6161199,5.379005,1.9442128,-0.96551967,11.007098,0.86805576,-4.338981,-10.051365,6.438086,1.638214,-3.8105733,8.145723,-6.8118906,-1.8297945,-7.3011913,2.5373666,4.4614005,3.5785112,20.10261,17.09881,-4.22554,4.046904,-6.6867914,-2.1758513,-1.9395705,-5.5180583,0.47129,-0.12450285,5.40527,-0.830487,3.148941,-3.3482559,5.793505,8.288718,14.108607
39,-1.7352202,-0.82572424,-11.697266,-2.9614456,-0.1488499,-1.7800224,2.6096995,-2.344624,-3.489843,1.0337538,2.2580504,1.3331056,-9.8204565,-3.1764748,-7.1266117,-5.8475285,-2.5063272,1.8458855,-8.525221,-5.691098,-2.1431782,-4.995958,-7.6747675,-1.800187,-1.2804158,7.1950274,5.7588973,-2.8191423,16.663101,-3.3081686,-2.9347136,-3.0961168,-0.15323836,-8.81322,1.4476709,4.6415515,5.216631,3.0751655,1.2509108,-0.4649983,1.2927604,2.0773094,0.3210756,9.817974,14.253784,9.562795,2.1390448,4.4651546,1.9365362,-1.2646666,-1.0260011,-2.4045553,-1.7060815,1.9358113,6.1592,3.118573,-0.15495142,-0.13868815,4.155851,3.0752177,-0.45025012,-0.33520475,2.33937,4.621612,8.461705,-9.422066,-0.38507554,2.5376997,6.5907555,-1.7001622,2.4219828,-1.7000806,1.9046063,-0.40414703,1.8842738,1.1906884,-2.5399203,2.674259,4.858763,5.813227,0.096006595,-1.8710161,-1.0716348,3.2127378,-3.091475,2.5918145,6.3370748,0.057661537,-11.825506,-2.2227864,-3.3922706,-3.4863636,-7.6317964,-0.64733434,-1.058247,5.207575,1.5034758,7.556585,-7.6329584,-6.946474,-7.075764,-1.8909855,-10.122275,-2.3936145,-2.9408295,-7.6968913,-8.663286,-0.63133746,-0.9673579,4.213441,-5.4522815,3.7099817,-4.216147,-2.8208501,-17.515848,1.4077053,-1.8098388,-8.005388,-1.406872,10.513639,-9.202113,-2.6738365,-0.16472162,1.948047,-0.004965083,2.2962182,-0.36979032,0.7538819,0.34915268,8.023763,-1.0961345,-0.6638097,-1.5867982,-0.99884754,-2.2131548,1.0511969,1.9634207,3.7718582,-2.095168,1.115793,-3.9438915,-7.4715767,3.9522614,-3.4485846,-2.3220227,-5.066018,-1.9393997,5.2730393,5.870559,3.2473135,-1.6211888,0.052892573,0.3813331,1.5065057,4.795025,-4.502922,-1.8151156,-8.098246,-2.3101335,-0.09591553,3.680735,1.415135,0.81424725,0.99053806,5.2410007,-0.57091796,-2.6148312,-3.335876,-9.468001,-3.7178657,-3.1024873,-3.7511115,0.311537,-6.3468323,-4.8690495,8.029363,-4.2422013,-6.6067405,7.53999,2.4712348,-4.496715,1.8126411,-7.127225,-4.1052313,-3.1191332,0.45693472,0.11204805,-2.0182517,-2.8894937,1.1005375,0.09376532,1.4670805,-6.7624116,-12.126751,-6.7339907,-7.0533447,-2.8315492,0.90289533,-1.1430957,-2.0578008,-0.4562313,-0.23653539,-1.014606,-0.6841915,-1.2418727,4.236126,6.842232,2.26279,3.4840488,-11.521438,-7.193554,-0.5032883,-8.858514,-10.183528,-5.4747033,9.321788,12.523095,5.392553,3.9893572,2.4086435,-4.458876,-2.8440235,0.81142163,7.149916,7.1650376,5.6660895,0.076921895,3.456048,2.7692943,3.570689,-1.0000483,4.1180887,-3.0547464,2.472492,1.5029148,0.8041234,3.7587624,16.087015,5.659257,7.3470407,-2.8337934,7.2506423,-2.9407253,4.5736537,5.2916355,-6.8585157,0.2838864,-7.061968,6.103546,0.6843122,-4.579962,1.993888,-1.0181987,1.7518047,-2.5732126,-0.35848668,-0.96362466,2.8761327,10.508254,1.1790047,-5.3839154,-4.2042947,-7.1170945,-4.1780553,-7.9084334,1.6529533,1.2449124,6.881506,-1.9216038,7.071168,-6.8459725,-0.143087,-1.3707812,4.6166797,-2.190264,1.8044182,2.7505608,-2.5634196,-4.4675984,-2.509646,-3.363386,-7.973607,13.335367,0.14578953,-4.4454556,-6.8209486,-3.9812915,-3.7917857,-5.1410065,-0.75487053,-0.46065867,1.5679823,-10.553337,-9.969557,-12.670543,2.455163,-8.558798,-4.196039,0.8226095,0.19138618,-6.804756,-4.0577345,-3.277952,1.0220155,-2.62207,7.1053147,9.187684,-1.732231,-5.150614,3.4055362,-2.555172,1.7275656,-3.7238815,-1.825444,-2.0051408,-5.155876,2.9812822,4.9865294,-2.9439526,-2.5693831,0.15916175,-7.58168,5.2793837,0.20692332,-2.896087,1.2567247,3.7922518,1.2075553,-3.6434984,9.523127,-3.085938,-5.498203,-7.703692,8.970001,5.28179,-6.043668,5.6143136,-6.684615,-3.3793104,-1.4837221,-2.476236,4.2778926,4.3827887,15.957199,15.280748,-4.638632,2.734457,-10.407299,-1.001843,-6.099994,-6.6076107,0.7657532,1.919141,1.8218037,-1.3336157,-0.59165704,-4.9419255,11.756807,7.1608953,11.825834
40,-2.6062996,3.4606931,-9.208341,-2.6490607,1.0345511,-0.91830176,0.42422834,-2.1634276,-2.207682,1.353715,3.494347,1.1466118,-7.773094,-5.738612,-6.2158694,-2.0034733,-2.8552265,2.3232958,-6.7773495,-3.7514808,0.48768014,-4.5275927,-4.873342,-4.977444,0.45931867,4.9197335,5.5681343,-0.7592861,9.129834,-8.593932,-8.293203,-0.80815655,-6.263437,-10.551368,-1.4797745,5.8562984,5.7992573,6.27706,2.38399,2.146401,5.6808157,2.2186306,3.1489444,9.660063,13.104041,8.586534,0.66534394,5.1515713,1.1214569,-2.3872595,-2.5771582,-4.905822,-2.622972,1.2157308,4.7996554,2.5131247,4.4347725,0.15390696,3.7054584,6.260502,-0.71290046,0.9265073,2.0968044,2.295863,4.5742755,-9.989497,-0.36799312,-0.8984047,4.0170875,-3.304171,1.4379413,-4.213068,2.7015407,0.6956956,3.2286768,-0.96432227,-1.482577,3.7866535,-2.048472,3.0834436,-2.6029632,-2.2444637,-0.94436336,4.209477,-2.2731118,2.914292,0.87573326,-4.258967,-9.779866,-3.0648694,-2.331715,-4.245568,-8.421946,-3.8437161,0.76511836,6.8712974,0.3935244,3.6053262,-3.9285712,-6.433909,-6.991541,-0.87052554,-8.908523,2.0579152,-3.9452336,-8.519289,-8.240596,2.8428166,0.2034161,3.1837347,-0.9750642,1.9220245,-1.2704196,0.74796975,-9.083432,0.2721527,-2.9574153,-11.49839,-7.3384256,8.427999,-4.058766,-1.6436328,-1.8323016,-0.08256007,-1.3134992,4.147749,4.2475643,-0.03960247,1.454272,7.039707,-2.334472,-1.78856,-2.137143,-3.2045276,-0.9149343,-0.65220916,2.2432468,2.33546,0.17060958,0.19244362,-0.8653463,-6.112277,5.206432,0.9237572,-3.6372645,-3.535254,-1.7500074,7.319697,7.7322025,-0.031093057,-0.43482396,3.124755,4.844141,1.146618,6.4100037,-3.6873395,-1.8835367,-7.73115,-1.3461573,6.4950657,1.2698572,2.5886538,0.7933661,1.8570352,3.0550437,-3.1930285,1.2649088,-4.0843053,-5.0504084,-3.7681625,-0.80777323,-5.530891,2.4009638,-7.5392394,-3.5446842,1.9295897,-4.121477,-2.6128547,8.265788,4.1018295,-3.7200563,1.8954539,-4.1103797,-3.6511445,-2.6517715,0.73069334,3.6325932,-0.28909683,-2.6742232,2.1407456,2.0947278,-0.7394527,-3.8715048,-12.939397,-10.153967,-5.904874,-2.1417582,0.9206212,-1.2642744,-0.6044778,0.76652503,0.07155117,-1.9610454,-4.3908687,-1.4801983,-0.6283259,7.3374157,-0.13861758,-0.7986696,-15.750155,-9.995667,1.9187039,-13.474115,-11.821804,-7.1960506,8.761439,12.368407,4.7770004,4.236788,2.8243716,0.8991583,-3.476291,6.6186223,4.9672155,6.5216794,2.1921206,-3.298156,2.9155607,2.051188,0.968421,-1.3481836,1.1170022,-0.8330837,2.0197525,1.2810668,1.1841334,7.122159,9.630845,4.247575,5.316615,-7.2098475,4.3580413,-2.7276247,4.5943375,0.15198414,-4.4796963,-2.032753,-8.1056385,2.4464304,-0.9117007,-8.351494,-2.075602,-0.053299077,0.3898864,-1.685595,-3.2810056,-2.3451023,3.5400767,4.314301,0.9660845,-8.508273,-6.3363853,-7.6442122,-3.7039113,-7.2584333,1.397185,-0.14566731,-1.4078603,1.266416,5.624336,-5.315657,-1.4960004,-2.0472484,1.7462903,2.4913886,2.9543953,-0.85708904,-5.116105,-1.434384,-1.0442439,-1.4550885,-5.9228663,17.917774,-3.2954092,-2.2929857,-6.481162,-0.29379398,1.2206446,-1.9178575,1.6432451,0.51539016,1.4071511,-5.281915,-7.983623,-9.601876,0.16594501,-7.493898,-7.6143565,-1.3457499,-1.0549631,-3.2680082,-4.0559444,-5.795101,-0.5998823,-2.3346276,3.8552985,5.412122,-2.355876,-5.9624324,-0.6133561,-4.108039,-1.3499279,-4.688066,-2.1522899,-4.5425386,-7.4923024,1.7249994,2.9177644,-4.9796176,-4.1373453,-2.570546,-5.059063,0.8753819,2.02087,-4.1414123,-0.5061913,2.9324346,1.5715224,-4.6625137,3.281525,-6.7405653,-3.5701869,-3.2453156,7.213559,5.1417947,-5.186707,2.2031622,-5.2418213,-3.5200884,3.407254,-3.5732756,0.7338894,4.773162,4.46159,10.8094015,-5.6291175,1.8798188,-8.132342,2.961733,-8.112452,-4.784241,-0.26253563,2.9384468,-0.60995877,-0.29450506,-2.5477903,-4.8848553,10.798596,6.2190757,9.420784
41,-2.5822039,4.1175156,-4.051853,-1.7575738,2.130539,-0.31051534,-0.095340945,-1.2024422,-0.55551827,2.4557905,6.24318,1.8479451,-4.424666,-5.14377,0.3878122,0.9470023,-1.564225,2.581117,-3.5592036,-0.79032683,2.0863853,-1.6782603,-1.5670935,-0.35513648,3.57142,2.952279,3.8944879,0.8671423,1.8246814,-8.123827,-10.476924,3.3136032,-10.987485,-7.43713,-4.587943,6.236706,4.672665,8.02738,2.9008567,4.795376,7.42824,2.496699,7.38564,6.9483128,8.035142,5.8757725,0.33887637,4.9600573,2.0464728,-1.7610532,-2.5421002,-5.2270546,-3.301421,1.7670494,2.012097,1.8218535,8.971212,2.5917463,6.2610154,8.976157,1.7692091,2.9610016,2.962183,0.49110588,1.4584954,-8.013658,0.8470973,-2.7874167,3.8254418,-2.6468418,2.9678872,-4.0102563,5.3935056,3.977556,5.2814946,-1.3817796,0.18982938,5.430812,-2.8113673,0.9498425,-0.41283423,-0.6912997,1.7473317,5.997532,-0.07526774,6.056782,-2.232137,-6.903412,-4.2322145,-2.1454837,-0.34114537,-3.2731197,-7.033291,-6.0984693,1.9894445,6.363432,-0.52247405,-0.9465759,1.6807861,-3.71089,-2.7629597,0.15440156,-5.8245263,7.688448,-1.5941355,-5.8083396,-3.8449287,7.626644,2.229703,0.79569054,4.6296754,2.8180292,2.9688504,8.055721,1.4467943,-0.5726646,-2.8376553,-12.393507,-15.155365,3.948993,-0.26686805,-3.750973,-3.066115,-1.015499,-1.4310288,0.9003826,5.3530517,-0.88883746,4.41628,6.2677665,-2.447647,-2.1218202,-1.8832455,-3.452829,-0.21942148,-2.025551,2.4742274,0.57720345,2.0434928,-0.52694196,-0.1136028,-1.8768485,4.5207477,4.214072,-2.9499311,-0.61168766,1.8032087,8.693127,8.269269,-1.3885913,0.86044276,6.0599074,5.7395287,1.439398,4.800162,-3.0463378,-1.9325594,-3.14165,1.310799,7.441037,-0.3873696,5.531874,1.9141552,0.28027156,-0.51875913,-4.295124,4.477278,-4.65348,2.3170276,-2.157208,2.2797577,-5.1141825,6.838641,-2.7891133,-0.3614538,-2.5208077,-2.9403284,2.7704458,9.348843,5.9362316,-2.494418,0.9210462,1.653544,-2.5860798,-1.5422374,0.49340507,5.6714144,1.5912709,-1.1315949,2.4411683,4.71752,-2.499506,-0.7555202,-6.6820164,-7.4802036,-3.2908406,-0.102804706,1.3362894,-2.8913438,1.000829,1.529504,0.9150844,-3.686329,-3.6839597,-0.9073633,-4.8488293,6.4256716,-2.3750806,-4.4916472,-12.865108,-9.252991,4.985023,-11.472514,-7.42802,-4.350635,5.536881,8.494197,3.2328453,1.595159,4.107799,5.9697843,-3.2423701,11.771939,2.1424584,3.346148,-2.0310836,-4.275104,2.7448542,1.6652085,0.44689688,-1.16884,-1.3435957,0.8258539,1.7282887,0.7413632,1.6580479,8.693628,-1.1810782,3.8131475,3.0425048,-6.703863,2.5934825,0.9752452,2.7407286,-2.9307015,-0.7799396,-3.1633403,-6.59343,1.1338235,-1.0553489,-8.59975,-4.6206923,1.5324966,-0.14293683,1.2160783,-3.740331,-3.320586,4.6865373,-4.1383057,2.0243099,-8.107268,-6.5601664,-5.139118,-0.68824166,-3.274918,2.941248,0.48952973,-7.421491,4.9509463,4.8446116,-1.7389919,-2.6504135,-2.5730042,-1.1893067,7.0700135,2.3324373,-3.1631715,-3.9347908,3.444112,1.1466693,4.4740214,0.2197222,14.698897,-5.7804832,1.0299929,-2.6647992,3.6890543,8.1549225,3.738594,2.5631268,2.3644009,1.4880009,2.1820493,-2.4151757,-0.34612632,-3.3942733,-2.5790484,-10.504704,-2.5977848,-2.7428782,-1.5373319,-4.7572827,-5.3117867,-2.1932743,-0.0785168,-3.615914,-1.8370968,-0.62964976,-3.4699228,-4.2979574,-4.4025893,-3.148235,-4.5108256,-0.5412628,-5.390277,-8.471437,0.21063255,-0.16465938,-4.12512,-4.379126,-7.6780815,0.0013267976,-4.2038617,2.435413,-2.4269598,-1.6374625,2.873325,2.3452237,-3.550299,-3.8219123,-8.398697,-0.065910645,0.5751504,1.237128,0.94622993,-2.842735,-0.93758225,-3.1389358,-2.6252856,3.4240859,1.2016096,-1.6055658,4.8969913,-8.133522,4.789534,-5.8847537,1.7990664,-1.7862458,8.589657,-6.7941895,-0.9197329,-1.9821144,3.1671038,-0.18487708,1.2042751,-1.9289944,-3.5952535,3.089041,5.8022485,7.1327415
42,-2.2406807,3.2150059,0.7561521,-0.8355925,1.8413547,-0.5943169,1.0105126,-0.6388424,-0.23636954,2.9076657,7.2870793,2.6579409,-0.94777066,-1.4594679,9.055645,1.3646429,-0.05166465,1.6567384,-0.8851068,1.4944372,0.62563145,1.6906956,1.1747943,6.1755266,6.610259,2.08773,0.91814005,1.3581511,-3.2107768,-2.6353505,-9.12675,6.6787667,-10.140417,0.92946154,-5.714592,4.369431,1.0205951,6.048877,2.1697114,5.8137984,5.370293,2.632379,9.542731,2.0278506,-0.4252744,1.6026816,0.44531822,2.9553378,2.5671494,-1.1810308,-1.2571503,-4.3581,-2.9571593,1.9812005,-0.7044115,0.90920025,9.3836155,4.9927263,8.230772,7.6263013,4.834603,3.7838871,3.708309,-0.2432959,-0.535456,-5.708194,1.613549,-2.7256556,4.8113613,-0.6000061,5.793183,-1.1551259,6.7141404,6.807542,7.2704463,-0.060321875,1.5468422,6.313688,1.789454,0.06070582,4.094686,1.6076103,4.6384144,6.4531336,2.3772266,8.833174,-1.8035274,-6.6642404,2.9481103,0.78161305,1.5633719,-1.434539,-4.00811,-6.5313964,2.5355663,3.090384,-1.5036174,-4.274309,5.2408576,-0.5427821,2.2761533,-0.09317979,-5.501571,9.137363,2.3122287,-2.5977879,1.9419988,10.913901,3.736632,-2.2576957,7.7144933,4.55997,6.234832,14.705925,8.558732,-1.4214101,-2.1584234,-10.733602,-19.240921,-0.8678712,-1.1966561,-7.250784,-3.0774262,-1.009875,-0.6584435,-5.585671,2.1521888,-1.1476334,7.257758,5.4531813,-1.6988306,-1.7876054,-1.2619247,-1.9783063,-0.4284239,-2.8883479,1.86347,-1.5533073,2.135794,-0.93981934,-1.5251259,1.6150798,1.2084999,4.7094593,-1.3443877,0.99949235,5.133565,6.842741,6.5025663,-0.44118813,0.8172346,6.7834144,3.6398172,2.2030451,-0.41939065,-2.9955034,-2.0182114,2.9003062,3.858833,2.6124353,-1.2496347,7.4740505,2.654894,-2.1038558,-4.8783717,-3.0354943,4.9519343,-5.3584037,8.288227,-0.48298988,4.9925165,-3.002211,9.989299,3.797342,2.6550303,-3.8003302,-1.1482122,5.463083,8.250468,5.4035325,-1.8028187,-2.2282598,6.4740477,-1.7811468,-0.82475865,0.11203716,4.108744,2.2871325,0.33858573,0.9725204,5.414913,-2.5741692,0.6071616,3.0655193,0.4805502,-0.8675016,1.7231632,1.1551281,-4.6660614,1.9200585,1.3015594,1.6038541,-4.671419,-0.84544003,-0.03384565,-6.5037937,2.9935265,-3.4672537,-7.228306,-5.1696634,-5.3805914,7.021767,-2.3788626,1.8717864,1.6245406,1.762263,1.4533657,1.5793861,-2.2499945,4.385284,6.7755384,-3.2654214,11.3150425,-0.2725603,-1.8563313,-5.7178907,-3.302932,2.0246303,0.35311142,-0.17411207,-0.9826018,-2.577413,0.6452167,0.6121508,-0.10750322,2.1370168,5.8459835,-11.713616,2.2638035,0.19249515,-1.9503627,1.0770483,5.0491633,-0.5192597,-2.9402483,1.5962791,-3.164967,-3.350542,1.8588594,0.11965133,-5.641765,-3.881845,2.167525,0.8134706,4.7464633,-1.3339126,-3.49302,4.7066073,-10.221174,2.28235,-4.672033,-5.6250606,-1.1577375,3.0070639,1.3726438,4.250295,2.5598123,-7.9442644,7.4241757,5.51439,1.4922158,-2.5352335,-2.5104015,-3.008619,8.101129,-1.0111469,-4.126066,-1.600035,6.5457296,2.6675465,9.960695,6.5069566,5.1049147,-5.836679,2.8732102,1.1875528,5.8229413,13.149918,8.206116,-0.12448241,3.435128,1.2764391,5.67861,3.689353,9.925003,-6.2349896,2.9442272,-11.952132,-3.5782638,-3.991835,-2.619879,-5.5781217,-1.5739137,-3.1781757,2.696799,-10.954026,-8.335715,2.081381,1.177528,-5.210259,-3.3351002,-3.1983378,-3.746218,1.4904951,-4.758801,-7.8259335,-1.1374805,-3.8428009,-1.3968371,-3.2053993,-11.40413,4.309082,-7.32747,0.20845369,0.1497475,-2.7742388,2.3147817,2.2342489,-1.3472282,-7.1911774,-7.382534,2.1434393,2.0133615,-5.8555202,-4.604286,-1.688213,-3.1816964,-1.3614024,-1.8416116,-0.58676326,8.654543,0.00050220813,4.0285344,-16.201538,-1.5182943,-4.5613513,1.6047846,3.2707026,12.304734,-3.2320309,2.7433183,-3.2086613,2.9396033,2.0332918,1.5330095,-0.31465805,-2.3293803,-6.6176744,4.654248,3.3208015
43,-1.8910215,3.5477817,3.156389,-0.0546068,0.2188052,-1.5387319,2.780849,-1.1883718,-1.6591672,1.6082706,4.576418,2.188752,1.8661679,2.9646094,14.078281,-0.3341238,0.5015772,-0.32684648,0.59280235,2.1097064,-3.1223724,3.7783184,3.2888212,7.03175,7.4058824,1.1412522,-1.8973131,1.1843952,-6.330651,3.935284,-5.7601666,7.9771667,-3.9643805,10.573624,-4.7351804,0.18921523,-3.3376749,1.0288731,0.33940417,4.3466477,1.366054,2.009473,7.0126963,-3.4762657,-9.005776,-2.6873953,-0.13914946,-0.5822923,1.3990107,-1.7315136,0.028343672,-3.373638,-1.5715034,0.6399048,-2.3242555,-0.13501558,4.443986,4.3898563,5.46113,1.2076114,5.5171037,2.2987475,2.689735,-0.88913035,-2.3152018,-5.355517,0.6299412,-1.6436254,4.0918946,0.91152537,6.9417615,2.2168663,4.1337442,6.3528,7.497273,1.2990911,1.8991686,5.344822,5.8540964,-0.3573895,6.1345477,2.6007924,4.938061,4.1298814,3.687039,7.8310876,-0.06978558,-4.3759303,8.894426,4.1675158,2.64872,-0.285292,-0.94133544,-5.5079303,2.1854317,-1.3523653,-2.5794263,-6.2562003,4.765839,1.2386576,3.80891,-2.1498978,-9.409257,4.3675957,4.4470577,-1.2785554,5.290836,9.826321,3.3067183,-5.173233,6.0471654,3.9265628,6.662313,15.360052,9.649284,-2.0140014,-1.8940107,-7.498153,-16.39189,-4.137631,-4.6040597,-9.133836,-1.8734646,-0.9703951,-0.021175265,-10.5882,-3.200293,-0.6804785,7.6395593,3.827661,-0.91757745,-1.247612,-0.9199219,-0.29828766,-0.92900443,-2.9007647,0.10194054,-3.5509439,0.22357906,-1.0422847,-2.7660239,2.004405,-3.1738076,2.7280824,-0.34025562,-0.1290898,4.9422812,1.6586242,2.589454,1.2270818,-0.6802696,4.733869,1.7431731,3.3735857,-6.763053,-2.7652495,-1.5941131,6.9670615,4.985172,-3.2119174,-2.0016136,5.8828344,1.7420807,-2.8354378,-8.920228,-0.6715063,2.7809746,-7.26613,8.872227,-0.104422644,6.037222,-0.73690784,8.321556,6.7882094,3.5703793,-3.2342343,0.43498355,4.2364354,3.5829391,1.6923071,-1.4054415,-6.4725986,7.6801505,-1.1563947,-0.8687365,0.046164308,0.2273305,1.3050646,0.42592233,-2.2638628,2.9553788,-1.2234931,0.22104366,10.091261,9.047459,0.46193683,2.1624486,0.23810273,-4.4417,1.7180643,0.49129298,1.6361213,-3.6228504,0.50838166,0.2729256,-5.835531,-2.1496115,-3.3134234,-8.64428,2.5429955,-0.17671382,6.5758543,9.008928,10.902379,6.6136746,-0.77848804,-6.162464,-0.11304143,-4.364923,2.2951813,2.5764992,-3.6787095,3.9610374,-2.0594134,-6.458414,-7.4453726,-1.9210316,0.45438066,-1.8234584,-2.4679646,-1.14737,-2.8561256,-0.7653613,-1.6981448,-1.105955,2.1655042,-0.522918,-18.024487,-2.258771,-3.478833,2.58293,-1.4166642,5.4795876,-4.211682,-1.7283791,1.2256488,-2.8527212,0.14005919,1.9154792,1.3691144,-2.0869646,-0.9409269,1.0667309,2.5267367,6.7621984,2.0284457,-2.8561018,2.5475104,-11.337932,0.33351797,-1.1562725,-4.7962356,1.7136425,5.1672664,3.5410018,3.251486,4.139377,-4.3313413,7.341283,6.6753006,3.1077595,-1.2548895,-1.8735017,-3.4948392,4.633927,-5.663898,-4.3239026,-0.93321776,5.684016,2.589726,10.699088,8.724744,-5.0346317,-4.200966,2.0216813,2.1238496,5.4896483,13.573958,8.56634,-5.4470325,1.693669,0.15627117,2.3219376,7.063973,15.003266,-6.8426213,5.506674,-11.278963,-4.9046435,-3.935065,-4.5006337,-5.3220196,3.098998,-3.307558,4.3274217,-14.127985,-10.471594,3.6746824,5.652427,-3.284116,-1.6639202,-2.3058698,-2.775581,2.1699786,-3.4753664,-5.504284,-2.0582786,-6.8698378,0.9895153,-1.9376059,-10.501875,5.2855535,-7.5716724,-3.5063236,1.0696718,-4.134213,0.3577923,0.7237742,0.27536467,-5.533391,-4.5423865,1.7895757,2.1527438,-9.764736,-8.238875,-2.3012967,-4.181275,-0.24212915,-1.7991226,-3.9957135,13.058466,3.6932144,1.621423,-18.454336,-7.1847906,-1.7811137,0.35333613,3.4030604,11.018521,0.1889449,4.1270347,-3.1542146,2.6408799,3.3352149,0.18088886,0.55755895,-1.678675,-11.794895,1.4926668,-2.7835977
44,-1.1164924,5.5657306,3.3037252,0.95651484,-1.195682,-2.0612144,4.247215,-2.2773914,-3.4817865,-1.0625126,-0.44954342,0.056501623,3.9309092,5.227047,12.146643,-2.046489,-0.17987886,-1.8874087,1.7237732,1.7000831,-5.901863,4.308403,5.45896,-0.0006126704,4.9824567,-1.2908496,-2.8652828,1.2562168,-9.18557,7.629566,-2.047242,7.7040725,3.200946,16.104918,-3.3319955,-4.347767,-5.2913446,-3.5479856,-1.5850037,1.2167382,-1.6492382,0.27535897,0.7919357,-7.5624433,-13.817802,-5.037668,-1.6486689,-4.146483,-0.8009448,-3.0881412,0.4536629,-2.327906,-0.16023302,-1.6656424,-2.6097045,-0.8947551,-2.9826488,-0.39813507,-2.2121992,-7.151037,3.0475883,-0.4410117,-0.20776387,-2.4280996,-4.549862,-6.785559,-1.5994474,-0.7994463,0.6150459,0.9083037,4.698654,3.8002937,-1.4948479,2.4504344,4.9964533,1.2608303,1.5255836,2.6600409,4.6441483,-1.5395501,3.9088526,1.1834686,2.3155582,-0.06789007,3.336713,2.8206089,0.14591086,-1.6446868,11.358898,5.90153,2.8560283,-0.8209119,0.7631781,-3.8969076,0.68445134,-4.441132,-3.4488068,-7.834678,2.054738,1.2367964,0.36500785,-4.7059917,-14.035669,-3.3040588,3.297763,-1.8169131,4.603045,4.1083374,0.873773,-7.2686753,0.73512787,-0.21569833,4.695045,8.869987,6.5701795,-1.6961107,-2.1011891,-3.6312454,-8.315019,-4.701429,-4.469507,-7.620408,-0.0151332375,-1.5302962,0.04552379,-10.479033,-7.1744313,0.11724133,5.0779595,1.1603736,-0.4627413,-0.63463885,-0.89641,0.5311229,-1.0340617,-1.728775,-2.1531975,-4.4109054,-2.6922028,-0.7629584,-1.5792122,-0.032316174,-6.14604,0.041548476,-0.63468003,-2.865326,1.3172284,-4.051928,-2.0576131,1.566798,-2.1515028,1.1952938,2.6082096,4.808041,-10.48768,-0.81908554,0.0024703208,7.7943916,4.8705497,-4.6302485,-3.2503934,0.92057544,-0.62511784,0.015800888,-11.227213,1.3402655,0.04438888,-10.508606,3.7143204,-0.81524897,4.8662405,0.5439095,1.8760997,4.2141485,2.0496705,-3.0651102,1.5105151,1.2535831,-3.1608207,-3.1797822,-0.029358804,-8.877189,5.725433,0.2637865,-0.98474324,0.45831326,-2.5000486,-0.45192987,-0.7878815,-5.8805475,-1.3004642,0.18029013,0.13183965,10.1835375,12.852113,1.2036628,1.2073462,-0.41327363,-1.4199864,0.72186965,0.25884065,1.3138648,-0.6657096,-1.1734633,-0.25644717,-4.3684206,-6.242483,-2.4299195,-8.512541,6.8068805,4.411383,3.3732903,16.077965,14.514861,7.371559,-1.8779078,-11.334977,-2.0307527,-3.1114838,-1.4412901,-3.1322987,-3.6441092,-5.9621,-3.540638,-7.713928,-6.827064,-1.3999015,-1.5415226,-3.6102266,-5.8248577,-1.4099623,-2.7128427,-1.6140194,-4.241499,-1.7030227,1.357188,-6.4302397,-19.411634,-8.425523,-6.9515667,2.8037922,-4.649118,1.4044778,-7.333906,-1.5481844,-0.9276593,-2.9072728,2.8521352,-0.22174072,1.6009902,0.0022956054,1.6677896,-1.1095386,3.7000124,6.2576737,4.138504,-1.5799389,-1.0427251,-8.568545,-2.9832263,-0.4824067,-4.426885,1.8077426,4.8286166,2.36265,0.044187423,3.989218,-0.122690246,4.7600284,6.807743,3.5358622,0.18310729,-0.97756976,-2.9322653,-0.858509,-8.893015,-4.4320073,-2.3694212,2.2384596,1.2006594,6.662241,5.8703322,-10.783696,-2.888579,0.057589438,0.34471095,4.142917,9.998079,5.165564,-9.913673,-2.9265234,-1.7949557,-4.328205,6.544354,12.413832,-5.247772,3.9874058,-8.276005,-5.814581,-1.9378625,-3.9764595,-3.2589972,5.847995,-2.6747944,4.364136,-13.236627,-7.7631617,3.1430101,7.9669137,-0.37492102,-0.075491145,-1.2526693,-1.4911122,1.1756952,-1.8295709,-1.8222722,-2.5375295,-7.870123,1.5635878,-1.6915962,-5.0264325,3.0862908,-6.1823654,-6.1809897,-0.7080799,-4.996605,-2.3280313,-1.3566369,0.36013073,-1.4075009,-1.5622815,0.23228422,3.419871,-8.084108,-8.513365,-2.5832238,-3.871957,0.71163625,-2.0469246,-2.9654853,11.250434,5.0552907,-1.6792761,-17.213404,-11.590044,1.5644807,-1.9437432,-0.17487513,4.945348,1.7021518,2.6258168,-2.0021853,2.5962179,1.8965355,-1.7242255,0.6718463,-1.0348053,-8.826125,-3.224084,-9.246193
45,0.4358789,7.060036,2.420438,2.4194372,-0.98168325,-1.3139176,4.8807106,-2.7096968,-3.9626644,-3.5212343,-4.3125377,-2.5715005,5.2587686,3.9299867,4.878898,-2.008452,-1.7901965,-1.6247339,3.2302487,1.6017598,-5.0206394,4.2859774,7.798331,-9.956569,0.54875106,-4.987484,-1.8323978,1.8851238,-12.542848,7.3264523,1.3475869,6.729699,7.041659,14.81312,-3.06157,-6.6612096,-3.636808,-4.376559,-2.5624495,-1.9089563,-2.5480955,-2.1297283,-5.2327366,-9.222033,-13.417611,-4.8257194,-3.220541,-6.1140947,-2.5418367,-4.3413496,0.19627514,-0.7369503,-0.089003816,-3.1867852,-1.9920756,-1.1593426,-8.617112,-7.4785056,-10.476011,-12.574487,-0.45544535,-2.2877514,-3.2210407,-4.459227,-6.8853307,-7.492014,-3.1718016,-0.69887173,-3.428087,0.2028023,0.32093754,3.1114936,-6.6121774,-2.1293125,0.66139066,-0.0056644105,1.3227164,-0.55849874,-1.0283519,-3.7057462,0.25027847,-1.9830216,-0.8157762,-3.6856413,1.936864,-3.0814593,-1.5586444,0.56794244,9.952429,5.03738,2.5043347,-2.826005,0.93800324,-2.2986283,-1.6172234,-4.921796,-3.7319002,-9.344908,0.6781149,0.60992,-5.430972,-5.7253585,-14.438457,-8.127203,0.44121146,-2.648104,1.5281148,-3.3422828,-2.2211988,-8.268534,-4.5468044,-5.5686865,2.762808,-0.6323062,3.0774543,-0.3390013,-1.9101701,0.3249543,-0.0741358,-2.8714852,2.4007158,-3.48413,1.8299476,-2.4619548,0.023349715,-5.891005,-7.4012284,0.6662336,1.3097385,-1.9017063,0.003182104,0.287669,-0.6653045,0.7928188,-0.80579114,0.31766498,-3.7814503,-3.6337113,-5.237465,-0.16665258,1.8912388,-2.1207526,-6.4393454,-1.8296477,-1.7147881,-4.718546,-2.731452,-7.1730795,-5.7470455,-0.093115464,-1.8970217,-2.1739254,5.572595,5.842383,-9.693005,3.2226717,2.5408852,6.605775,4.415778,-0.5245772,-4.8682837,-4.4457636,-3.078642,6.1996255,-10.983249,2.9286914,-1.4213239,-13.357117,-3.5357008,-1.1388006,2.035403,0.87630206,-5.4291277,-1.1132071,-0.5763823,-4.3629594,2.3657224,-0.8056319,-8.7638235,-6.2674055,2.9156177,-7.2879896,3.281077,2.9119437,-0.38473332,0.9718026,-1.8472749,-1.5173081,-1.9883037,-7.887327,-4.6304083,0.4966878,2.1395674,4.084116,9.7609415,2.133108,-0.31331465,-0.02484023,2.6707375,-0.27681234,1.3095218,1.2816315,2.502768,-4.374916,-0.9859574,-3.2206216,-6.8963237,-1.4211936,-7.279424,7.65335,7.1799545,-1.422598,15.6145,11.593715,4.2246385,-2.6339397,-12.880782,-4.0263605,0.2702913,-4.8290305,-5.7319403,-2.5183256,-11.808753,-4.9191856,-5.3093286,-4.9316597,-1.9692345,-3.5792124,-4.049078,-8.225409,-1.2610873,-2.3285434,-0.7738304,-5.429022,-1.3663138,-0.15875354,-8.597073,-18.331345,-12.361714,-8.417444,-1.2984716,-6.9744325,-3.8160098,-9.182173,-2.6604006,-2.7497768,-3.194733,4.7042265,-2.81025,0.88111365,0.9651254,2.5092227,-3.0575464,3.6032038,4.095775,4.3172946,0.10204225,-4.0550647,-5.237438,-5.348235,-3.0648537,-3.8004608,-0.34182265,2.5598903,-0.15608016,-3.2085836,2.6085336,2.6650188,1.1198496,5.6684346,3.554145,0.8984403,-0.119814165,-1.5505537,-4.7489457,-8.985586,-4.794797,-3.905377,-0.357732,-0.36982286,1.8407649,0.5848754,-12.079718,-3.1854107,-0.24399261,-1.5455431,3.5292983,5.0589795,1.0280018,-10.918275,-7.7908673,-3.672026,-7.444633,3.1105058,4.7199907,-2.803267,0.202303,-3.711997,-4.842504,1.525205,-0.14392932,-0.08612172,5.475691,-1.6910698,3.549293,-11.855512,-3.0144017,1.1976408,7.554234,1.666329,1.2858305,0.022127423,0.2094079,-0.37449095,0.40364373,2.0469208,-2.8596506,-6.605048,0.5172832,-2.1786695,1.516694,-0.12087408,-5.0958,-6.22732,-4.2501397,-4.4960585,-4.2436733,-2.6830978,-0.75330067,1.6041248,0.27108902,-0.37890008,6.4417853,-2.1284802,-6.3309064,-0.3884519,-2.8242855,2.0372531,-1.767263,1.9593788,5.269295,1.6981832,-4.298397,-14.863524,-14.422267,4.3818893,-4.403858,-3.1524181,-2.5183554,1.2927772,-0.8036193,-0.6319276,2.7799513,-1.7718356,-2.5566957,1.2710965,0.40833247,-0.087984465,-7.398867,-12.903383
46,2.099832,5.846395,0.9732307,3.7629936,0.524267,0.30245867,4.38103,-2.070302,-2.7443347,-4.378429,-5.0915008,-4.100964,5.3993883,-0.11042081,-2.8009584,-0.48936427,-3.9192114,0.11640454,4.4461923,2.153155,-1.1294153,4.5177855,9.083305,-15.569898,-3.4142847,-8.145063,-0.72448903,2.5686915,-15.38362,4.8729644,4.29486,4.9457445,6.874292,8.32703,-3.731168,-5.8715925,-0.7157354,-1.4005144,-2.4588346,-4.096544,-2.7378545,-4.11059,-7.761137,-9.111222,-10.042494,-3.5751994,-3.8780499,-5.980165,-3.3620377,-5.0823956,-0.041748073,1.1960502,-1.916045,-2.9585595,-1.2833519,-1.3576291,-10.592948,-13.168142,-14.533623,-12.551558,-2.2391057,-2.2740128,-4.400062,-5.510654,-8.484271,-5.324408,-2.7064369,-0.96024346,-4.843417,0.26558748,-3.220932,1.71766,-8.204543,-4.3577523,-3.4100873,-1.3004401,1.7638528,-3.1529303,-6.3145256,-5.6619463,-0.82589287,-5.285951,-1.8739578,-5.1126513,0.53472203,-6.4733768,-3.0038872,2.2065177,6.1863666,2.4610364,1.8053855,-5.0872564,0.5610218,-0.9449369,-3.4637818,-3.8214092,-3.3301692,-9.793373,2.2606225,0.8286058,-9.264538,-4.575627,-9.236812,-7.0032077,-1.3523383,-2.7598014,-1.1643927,-8.722476,-4.469352,-8.322882,-6.5331216,-8.573862,2.9290159,-7.6275873,1.1003033,1.0704674,-0.6126003,3.882224,4.1803284,-0.5244067,12.106427,0.80051786,3.1250365,-2.9933708,0.44111413,-1.1174271,-4.265049,0.6258814,-1.5167537,-4.4840903,0.76261306,1.5707417,0.07962597,1.384813,-0.94083726,2.0518527,-4.193937,-2.0191066,-6.584345,0.26997828,5.099227,-2.8716815,-4.9966407,-2.672472,-2.5054185,-4.254833,-4.465422,-7.2515736,-7.6814003,-2.5708773,0.3108452,-4.8159447,7.5137696,5.4015217,-5.975329,7.2160044,4.6423173,5.1680284,3.767954,5.270827,-6.0566993,-6.7897544,-4.3975315,12.736001,-8.921611,4.998566,-1.8809384,-13.371707,-8.253523,0.095266975,-1.2480485,0.97658265,-9.05043,-4.790566,-2.5542977,-6.5775795,3.233393,-1.4660279,-11.164731,-6.5478373,6.095241,-2.6915517,2.4915864,5.6195164,0.68665934,0.9396685,0.9899386,-1.2750951,-2.0292678,-7.1407094,-5.504133,-0.25690252,5.624037,-3.6485102,2.2041836,2.9430673,-1.644483,0.6807198,4.7703624,-0.6748637,2.9338768,1.5580727,3.8707738,-6.455686,-1.076169,-2.4732032,-4.563847,-0.6462185,-6.1927037,7.460149,7.7696166,-5.752842,10.100935,5.399112,0.49735504,-4.163808,-12.292982,-5.5869985,2.6054869,-6.7333474,-3.7209892,-0.82342756,-10.390594,-5.9707074,-1.9707687,-3.4735484,-3.093963,-5.9350457,-3.6207356,-8.349564,-0.68378717,-1.6000206,1.1379349,-4.54668,-0.25661346,-1.7589202,-7.615599,-17.861483,-11.54415,-7.1923027,-5.9705544,-7.1937222,-5.818624,-9.456752,-3.4077191,-3.263331,-3.0728588,6.047114,-2.6979463,0.22556956,2.5163615,2.2981646,-4.1961856,2.3306556,1.8984835,3.3565009,1.766531,-5.062566,-3.9635947,-5.281604,-6.7165856,-2.2787166,-2.5921154,-0.43145773,-1.2223349,-4.568054,1.3398094,4.7227044,-1.9635166,4.6766176,2.9503129,0.8286225,0.5927663,0.38777158,-5.443281,-6.6309576,-5.366617,-3.4489102,-0.1583248,-1.2089529,-0.04103339,-3.5701241,-12.585096,-4.485663,2.0403366,-1.5425326,3.5874448,0.7563965,-1.0777124,-9.260644,-9.655338,-4.3914623,-3.6229937,-1.7229147,-3.2833443,-0.9646955,-3.1239817,0.6413698,-1.7794225,4.5873,4.221474,2.318177,2.9582827,-0.8625867,2.624934,-12.76562,-0.048911612,-0.7090451,5.2660465,2.3971622,2.4074123,1.8497449,1.7973197,-1.4202114,2.94946,4.2564936,-3.4778225,-4.4456596,-0.93860716,-2.1636865,4.8695865,-2.5861394,-5.1166162,-4.3668494,-7.7172403,-2.877804,-4.7459755,-2.7740839,-1.9993788,1.916116,0.7624893,0.3687748,8.88074,4.0569305,-3.590796,3.6485362,-2.1990361,3.5227017,-0.8671861,6.6041245,0.068931535,-4.220475,-5.0710077,-11.642771,-15.880172,5.915995,-6.120078,-2.6556306,-7.726332,0.21329899,-4.5767803,0.19114935,2.707787,-5.569673,-1.7681714,2.8607337,2.3486168,7.6058307,-9.24868,-12.649989
47,2.498621,2.4952717,-1.5319334,3.9661174,1.4328408,1.3886554,2.4855912,-1.2511667,-1.2158282,-3.5680478,-4.2059617,-4.0522285,3.81748,-4.7587543,-6.7679286,0.58968705,-5.992519,1.3148621,3.987289,2.2764995,2.2301736,4.6178727,7.7254744,-13.827948,-5.1382594,-9.081406,-1.933293,2.7620208,-16.0673,2.7938993,6.108566,1.7133341,5.3985496,0.9089423,-3.6366863,-3.7198713,-0.40500554,2.0383716,-2.1355176,-5.6715693,-4.0208483,-4.719762,-6.840673,-8.816658,-7.6987104,-3.7396352,-3.5401392,-4.6065,-4.2734904,-5.466602,0.051206462,2.2937286,-4.752018,-1.8562928,-1.3047603,-2.1759346,-10.523833,-14.763032,-13.366365,-8.801997,-1.6920717,-1.5622227,-3.5127928,-4.6435595,-8.946221,-0.8673823,-0.7749526,-1.0634612,-2.863632,1.440125,-4.051413,1.5699515,-6.324559,-3.800288,-5.6908746,-1.9191037,2.3419123,-4.7788296,-7.426247,-5.9645786,1.4040343,-7.5570464,-0.7308112,-4.9616933,-0.16652043,-6.6911044,-1.9992577,3.4509416,2.3705783,0.025877975,0.8106948,-6.1178746,0.6846619,-0.01054769,-3.3960812,-3.275744,-2.523955,-7.904599,4.893432,2.3145623,-8.868586,-2.7242727,-1.7440054,-1.9317931,-0.97271824,-2.5676482,-2.2371628,-10.221953,-5.3825765,-7.656803,-4.9432726,-7.82739,4.8288074,-9.894279,-0.26140022,1.070165,1.4543597,6.3813915,4.5384192,0.22840928,16.760592,3.2022169,3.497923,-2.5781696,1.0232792,-0.15300354,-0.48389143,0.11455425,-2.817153,-6.223719,1.362782,2.7002966,0.92681986,2.5539057,-1.8381962,2.1608536,-3.7597373,-1.1180571,-6.6693807,-0.113807224,5.532148,-2.9762921,-3.944859,-3.0100927,-2.296834,-2.3113222,-3.8488946,-6.6630955,-8.227502,-4.008627,2.947038,-7.0907955,6.1567063,2.8954697,-2.9511826,7.7023764,4.8802705,3.9844942,2.0285783,8.137112,-5.961974,-4.854131,-4.43884,15.519793,-7.063258,7.7517796,-3.1234462,-9.5984335,-8.5471,2.5228803,-3.9127505,1.2501893,-7.593906,-5.149316,-2.9874353,-8.508213,3.91425,-2.0731435,-11.057413,-5.6712,7.1587954,1.3143598,3.1859343,6.4131365,1.0622603,0.11246174,2.6601367,-0.5036967,-1.0702927,-4.263484,-4.849841,-1.1994475,7.9331822,-8.497429,-5.02666,2.4694784,-2.6087162,0.07022605,3.242249,-0.45308435,3.4720707,1.329427,2.8311832,-6.2545214,-0.42630747,-1.9181535,-2.3295097,-0.19440806,-6.432773,8.027108,6.3730326,-7.6464086,5.160451,0.40908277,-0.5807273,-6.5634017,-12.211694,-6.2012963,1.5317411,-7.8125954,0.085686244,0.092892244,-4.76661,-6.2946386,-1.2627413,-3.4650874,-4.1889133,-9.13419,-3.7154253,-6.8136334,-0.37663743,-0.6287139,2.4890878,-2.5276835,0.6787354,-2.7869525,-7.030654,-18.823818,-7.7693152,-4.939996,-7.5304604,-6.020504,-3.5649889,-8.26562,-2.3595815,-3.4359746,-2.333686,6.801338,0.89936864,0.46853042,5.2073536,2.583406,-5.0951967,0.21497846,0.39188093,2.089214,2.7436163,-4.4823637,-4.8097906,-3.5621302,-8.84243,-0.32443634,-3.1518087,-3.2125866,0.08442777,-4.2892065,0.74256283,7.3866262,-3.965412,5.3114333,0.93380195,0.5122957,1.1948028,2.145755,-4.305959,-4.0561285,-5.932384,-1.0261824,1.4830178,-1.3236438,0.7122194,-5.1574388,-15.041196,-4.9688025,4.724955,-0.1718759,2.53607,-2.8659081,-0.89877754,-7.9633026,-7.7245836,-3.5269897,3.551385,-7.0135202,-8.423621,-0.188896,-4.7452364,2.980955,1.5849348,5.2763042,5.2072463,2.415429,0.20417048,-0.39231306,1.5064433,-14.671163,-0.8216001,-1.7474506,2.5135505,2.4833603,2.8484626,3.7144594,2.2653308,-2.0945845,4.532547,3.5811503,-4.6259313,-3.3042486,-1.7984066,-0.9791959,3.3326147,-4.4046817,-5.482361,-2.8102694,-9.788478,-1.6748517,-4.6908197,-2.3836606,-2.6002584,0.41428474,0.51776075,0.76839745,7.7651978,6.714374,-1.5332246,6.3874865,-2.8530831,4.344318,-0.15401982,7.2281065,-1.2496572,-7.919936,-4.28407,-6.771168,-16.601583,6.0713763,-6.7792277,0.11533143,-9.609633,-0.38304037,-7.420912,0.37798807,1.8880824,-7.677773,-0.27392972,4.20578,3.3819416,8.484904,-8.966325,-10.753335
48,1.0562408,0.061565205,-4.988592,2.6761675,0.27803248,0.94453084,-0.64912593,-1.450738,-1.069018,-2.1880813,-4.453665,-3.3298676,0.8824003,-7.9943514,-6.5141983,-0.24976304,-7.035652,0.2528226,1.6011723,0.8844768,2.0628262,3.5762649,3.697397,-7.952191,-4.808118,-7.660315,-5.868271,2.6743028,-14.14685,2.014945,5.5062685,-2.4854183,5.4053583,-3.5908985,-1.3323348,-2.9783945,-4.2287025,2.2364528,-2.5432744,-7.1745887,-6.08929,-3.9475133,-5.2246647,-9.293547,-8.697048,-6.3655963,-2.9776022,-3.3387616,-6.2932205,-5.4575806,0.14171506,1.5496079,-6.7921033,-1.602742,-2.4327638,-3.6385667,-10.930992,-12.360312,-9.998997,-5.2421923,-0.77284324,-1.9292986,-2.108728,-2.5409153,-8.463133,3.0898318,0.69482017,-1.0223091,-0.002379879,2.534051,-2.8389006,3.1176665,-3.507411,-2.7006087,-6.283715,-2.215884,2.155163,-5.7129292,-4.7433267,-4.449304,3.855675,-8.583883,0.42801532,-4.9987087,0.014967764,-5.8107643,1.2529916,4.2374597,0.2234263,-0.9117693,-0.21487215,-4.9495077,1.4826131,0.3237906,-1.0350983,-4.3555756,-1.7078173,-3.7599778,5.2235546,4.1625934,-5.666437,-2.1158416,3.6996715,2.2967975,0.18961585,-2.8857794,-2.3335087,-8.911546,-5.469653,-6.248539,-2.3504326,-5.236009,5.9799523,-9.348431,-2.3617704,-0.8300941,3.2102315,7.417868,4.743258,-1.0133307,12.210014,3.6387494,2.825085,-1.3474891,0.96729773,-3.036191,0.89778894,-0.40536514,-3.6026611,-7.196376,0.96662337,2.9489386,1.1977971,3.596797,-2.908463,0.3774369,-3.2248106,-1.693928,-5.747506,-1.4298158,3.1599689,-3.819054,-4.5632634,-2.7933576,-1.1555959,-0.90273845,-2.8862722,-7.8041387,-8.1260605,-3.4515228,4.1816964,-8.8534355,2.4886532,-0.9016559,-3.008599,3.1492348,3.2704175,2.4647045,-1.4009358,7.2815366,-4.277957,-0.224512,-3.8881373,12.305212,-7.0347023,9.853989,-6.069542,-3.5547373,-6.2922554,4.592317,-5.422028,1.4395937,-3.635615,-4.3969913,-2.1076066,-9.260756,4.177552,-3.2048492,-10.609494,-5.848301,5.103643,1.7112222,3.5820973,4.539148,-0.017704772,-0.93670076,1.0271661,-0.48944417,-0.28558466,-1.1916096,-4.7482014,-1.6096612,7.052863,-8.985668,-8.398858,0.30578735,-3.3214962,-2.4014225,-0.35381636,-0.0026082231,1.9260052,-0.07422071,0.7965209,-4.759185,0.19039316,-1.8307986,-2.8735678,0.0043426235,-7.8735585,8.872721,3.547006,-6.176518,4.6685085,-1.0110416,1.490596,-8.92579,-13.854691,-5.6291175,-2.3854752,-9.207093,1.5188946,-0.58942294,-1.2715269,-5.7354527,-4.425481,-4.5435624,-4.959487,-12.873662,-4.970657,-5.4322653,-1.0876048,0.068987176,2.3091342,-1.142233,0.48433393,-3.002508,-9.250047,-18.984974,-5.6625204,-4.5149918,-5.755955,-5.3514524,-0.29949114,-6.11545,-0.01792884,-4.6027427,-1.6628425,6.2718377,5.011357,1.4181005,7.3940907,3.765381,-6.506925,-2.597587,-0.9954056,0.48516864,2.465328,-3.9656804,-5.8437047,-2.2574122,-8.603606,0.8523697,-2.0794969,-5.2689605,2.187822,-4.3312654,0.14772496,10.1456175,-5.5014668,7.2378464,-2.2299423,0.40151766,1.7493488,2.6037328,-3.5995755,-2.8906038,-6.314354,1.3696954,1.7001309,-1.4097618,0.45193315,-5.3927245,-18.239971,-3.3524098,4.5480084,0.5126276,-0.7924974,-6.552227,-0.22169079,-8.681913,-4.4956555,-1.6225295,6.812599,-11.9448,-10.564851,0.12730603,-5.3649287,2.814751,3.0565538,3.4565172,1.8693014,0.50661117,-1.4707392,0.0140630985,-0.22264154,-13.433415,-4.177184,-2.0826306,0.33863026,2.4217646,1.9495791,4.1877565,1.0849208,-3.1992033,3.853299,0.7660827,-5.9402475,-3.9003983,-1.8244879,0.63525707,-1.0721661,-6.5823717,-5.0224953,-3.1297321,-10.201041,-2.3643432,-5.328962,-2.5682926,-2.5357394,-1.3529469,0.17162086,-0.8628923,2.905827,4.9551773,-0.24861917,5.434813,-4.3316917,3.9990442,-0.3805174,3.799405,0.06767405,-6.3612933,-3.341193,-0.84598947,-16.984339,5.4613743,-6.575811,1.6068832,-9.728095,-0.28220642,-8.614082,0.35388935,0.5708348,-7.705802,0.6480122,3.6005044,2.4584155,2.5963311,-8.224388,-10.428785
49,-0.95935243,0.9467651,-7.5321393,0.8702726,-2.261936,-0.485528,-3.8968172,-2.7143078,-2.5300536,-1.3599052,-6.5249023,-2.981681,-1.777637,-8.763746,-4.4980183,-2.396357,-6.050379,-2.560567,-0.9862032,-1.4973902,-1.0494155,1.1870567,-0.7148701,-3.4252102,-3.9903436,-5.0314465,-10.151659,3.0930068,-10.895423,1.5903484,1.8892635,-5.433794,7.0764,-3.6097348,2.831268,-4.7706223,-9.600287,-1.4986628,-3.7043474,-8.125543,-6.60345,-2.7516623,-5.16242,-9.9304,-11.781207,-9.8863535,-2.863526,-2.8910098,-8.783676,-4.531469,-0.16149169,-0.5806232,-6.676682,-2.8233354,-4.2454844,-4.7320547,-12.0360565,-8.265194,-7.8814845,-4.2851744,-1.7344793,-3.4447944,-1.7095817,-0.87906224,-7.236112,4.4777317,0.4372077,-1.23514,0.6248652,2.2717628,-1.5848205,5.0029664,-2.0078104,-3.2865965,-6.2533455,-2.6274643,1.0200199,-6.1292706,-1.2182883,-2.4761643,3.4484499,-8.45613,-0.23254165,-5.916987,1.0244625,-5.962988,4.3889165,4.517797,0.13397282,-0.24689345,-0.60936505,-1.7033542,2.3376296,0.18112914,2.289082,-6.068445,-1.0464998,0.81171834,1.978858,5.044989,-2.981551,-2.9199839,6.001774,2.6671572,0.04146787,-3.4863455,-2.0881643,-7.084029,-5.2235274,-3.9818244,-1.5522913,-3.8372126,4.1869493,-8.802024,-4.426035,-3.3729303,3.9087806,7.3649416,8.109995,-2.3815582,2.4212327,3.6083343,1.431299,0.07197287,0.037501313,-5.982375,-1.311395,-0.4990237,-4.696743,-7.2570686,-0.57563144,2.1348417,0.8239726,3.7806878,-2.9741664,-2.131386,-2.803461,-2.806667,-3.9575303,-2.7847884,0.39311174,-5.522013,-6.186158,-1.100499,0.30628154,-1.0760834,-2.992658,-10.332825,-7.5711765,-1.4238393,3.5947256,-8.779927,-0.21046436,-4.064112,-5.3493333,-3.8655324,1.5012025,0.47118345,-5.4227033,5.976087,-1.4759392,4.1989956,-3.311313,4.6899776,-8.431117,9.525749,-9.221722,2.033851,-4.7305474,5.0704885,-5.584799,1.167004,-0.99331754,-5.6248507,-0.6336677,-8.390792,4.3302293,-3.3227158,-10.818641,-7.229756,1.596745,-1.1574386,2.4009035,1.5369568,-1.8428787,-1.1897743,-2.7842064,-1.637737,-0.5275508,0.3133782,-5.975606,-1.5370288,3.7597604,-6.5341387,-7.6905494,-2.1898386,-3.6556482,-5.0709944,-2.3814821,0.35774684,-0.861458,-2.0722537,-0.0020128372,-3.4897833,-0.03853642,-2.563477,-5.661582,0.09809848,-8.875503,8.170853,0.12654878,-2.0006206,7.9185643,0.703283,4.541572,-10.167307,-15.869801,-3.9347825,-6.0897865,-10.633078,-0.8421623,-2.1939952,-3.5451243,-4.5033083,-9.185448,-5.537536,-5.2336936,-15.582696,-6.3399677,-5.4609942,-2.710933,-0.06149455,1.1484642,-1.3519931,-0.84777164,-2.634737,-12.701789,-15.11499,-7.8904023,-7.224852,-3.4560733,-6.0385814,-0.05417456,-3.7997851,1.7401662,-6.294247,-1.9851605,3.963262,5.725874,2.16069,6.982713,4.717787,-8.114051,-5.7871666,-2.9545057,-1.7215986,1.0596598,-4.586731,-5.1948175,-2.443312,-7.019694,0.6857921,-0.91445076,-6.170544,2.905771,-5.954356,-1.1785634,10.75008,-7.1289725,8.313171,-4.5427613,0.5262022,2.317948,1.167668,-3.850775,-2.921677,-6.374205,1.9573792,-0.5076822,-2.046486,-3.4975939,-6.042451,-18.627226,-0.029112246,0.5397959,-0.5361057,-5.0032177,-9.939781,-0.5323413,-9.746587,-3.2755108,0.21632963,2.312958,-14.957108,-10.983189,0.75618124,-6.0590277,1.3846998,2.1997263,1.2963011,-2.3947725,-1.3284323,-1.8080744,0.8156794,-2.2116647,-6.606467,-7.1440234,-2.1645443,-0.92814547,1.9558797,-0.2552374,2.325232,-1.0108051,-4.736506,1.1751338,-1.6583159,-6.5350485,-5.1006136,-1.2068436,1.3259746,-4.466683,-9.132311,-3.5561886,-4.854761,-9.276609,-4.7876673,-6.772661,-3.483552,-2.1898694,-2.850917,-0.049409322,-3.9717808,-2.371784,0.92606664,0.59222615,1.8659621,-5.0296955,2.9595776,-1.2593377,-0.47934443,0.42266732,-0.8752685,-3.3803153,3.8358915,-16.476639,5.1285524,-5.7990246,-0.07538874,-9.831137,0.11276858,-7.771472,0.44873857,-0.031518593,-6.3732953,0.6771332,0.98555696,0.23100726,-4.6233587,-8.086772,-12.145406
50,-1.2793729,4.1904716,-6.6718936,0.17080547,-3.7730951,-1.1621853,-5.394016,-3.647991,-4.0689397,-1.2903961,-7.9419355,-2.913211,-2.2747033,-7.045464,-3.2886388,-3.663084,-2.9468844,-4.616525,-1.3861451,-2.8747237,-3.4572318,-1.3241048,-2.4904284,-2.5154276,-3.892919,-2.2601573,-11.507299,4.3586683,-8.120321,0.19396883,-3.516415,-4.844109,8.368909,0.15405525,6.844501,-7.4308214,-12.197495,-6.3311944,-4.6062784,-7.2540016,-3.9059489,-2.2375002,-6.0363092,-9.180485,-13.54387,-11.400839,-3.0325248,-2.9967442,-9.627661,-2.4497263,-0.677738,-2.3216863,-4.5356317,-4.286764,-5.6200085,-4.214945,-11.490848,-4.7877097,-7.483866,-5.1338725,-4.5750666,-4.0624204,-2.1373541,-0.66101944,-5.1416926,4.1669593,-0.8429224,-1.783623,-1.3777115,0.98118794,-1.3070005,5.5076494,-1.8762419,-5.2223654,-6.1141076,-2.5508127,-0.1357536,-5.7886977,1.308071,-1.5594853,0.7476759,-6.8240533,-2.002611,-6.493904,2.7262726,-7.0113916,5.2787037,4.6801796,1.3826778,1.2651918,0.23717183,2.3101125,2.7793689,0.1332082,4.3796506,-6.4845123,-0.40933746,3.6087487,-2.6552968,4.375064,-2.6729536,-3.0905874,7.6721144,0.32209164,-1.8934119,-3.0351574,-0.6660876,-5.9793468,-4.3822675,-1.124298,-2.9671328,-4.668465,-0.31728315,-8.650189,-4.011945,-4.4566574,3.7482996,7.108429,13.687326,-1.5431483,-4.2104745,4.479843,0.13870077,1.0685222,-0.87215775,-5.1443453,-5.497522,-0.109144054,-5.3443727,-5.842203,-2.198424,0.9274672,0.5592182,3.2974386,-1.4373945,-3.6723194,-1.9776123,-2.6362467,-1.3996518,-2.8239584,-0.39287445,-6.7744436,-7.0042567,2.597913,1.3760333,-1.9442803,-3.45385,-11.426732,-6.157321,0.74688464,2.41079,-5.5956764,0.33693615,-4.9042015,-7.030683,-8.16607,1.4157289,-0.88107145,-7.6407256,7.317691,1.3319207,6.277361,-2.577283,-2.7927833,-9.008474,6.448557,-9.748387,5.471792,-5.10888,4.1431885,-4.26133,0.5932686,-1.18215,-8.970411,0.9153398,-5.7070394,5.024154,-0.48721433,-10.46317,-7.679497,-0.3576387,-4.034633,0.08044815,0.015288372,-2.7242603,-0.15088293,-5.650587,-3.018807,-1.405205,-0.06943753,-7.033932,-1.4512079,0.9291132,-3.1048281,-5.2733965,-2.9345818,-3.1931512,-5.3528485,-0.39713502,0.6662507,-2.7445207,-3.0028799,1.4439864,-2.5886462,-1.0626154,-3.473361,-7.45525,0.26122466,-7.6931467,4.9948087,-3.0361667,2.8097107,10.956179,3.9516416,6.023189,-9.780889,-15.758958,-1.5091729,-6.637556,-10.304187,-4.456295,-3.0142984,-9.235703,-2.9345639,-11.715709,-5.6559467,-4.7829514,-15.39478,-6.0536942,-6.6273766,-4.1410575,-1.0492939,0.327376,-2.4452493,-2.242998,-2.0789614,-13.39222,-6.2840643,-12.0099125,-11.228105,-2.8848119,-6.6896625,-3.261335,-2.050646,1.7548277,-6.0719123,-3.3279183,0.5958462,2.3720384,2.1310446,4.0309057,4.3494034,-8.476551,-8.282544,-4.9971957,-3.8594806,-0.42083046,-5.7360544,-2.608275,-3.0928278,-5.2892013,0.1184762,-0.8707231,-5.5256505,1.812879,-8.050569,-2.7440624,7.833166,-8.2626505,6.6660094,-3.7749805,0.78889513,2.9921777,-1.3532183,-3.4943485,-2.823576,-5.892295,0.9969412,-3.0177333,-3.1092744,-9.541103,-7.1460037,-14.389108,3.398948,-4.7521043,-2.1617253,-6.9979353,-11.368214,-1.4541917,-8.088538,-4.7322783,1.0758201,-6.4646325,-14.167499,-10.098597,1.7562443,-6.614844,0.62899303,0.46244258,1.3530483,-2.9087863,-1.0133839,-1.0336384,2.0158067,-3.1536133,3.410893,-7.5059648,-2.029636,-1.3715978,0.864276,-2.4855962,-0.9012592,-2.3650644,-5.376666,-1.3390282,-1.3218633,-5.641388,-5.094868,-0.06268499,0.6896102,-4.28676,-10.615317,-2.0820103,-5.982748,-7.2730713,-7.0381827,-7.7944403,-4.2327147,-1.7439466,-4.424593,-0.15007284,-6.0509996,-4.142699,-2.2705534,0.9158952,-0.666408,-3.746724,2.2684305,-1.6112188,-2.4687803,-2.0592918,4.2176557,-4.2009478,5.5507,-13.834058,5.942952,-4.6382065,-3.1078146,-9.723331,0.62678057,-4.860344,0.5464581,1.418786,-4.5011644,0.59400403,-1.5847366,-1.265106,-7.736894,-7.750023,-12.82009
51,1.2260518,6.2308893,-1.9027361,1.3579408,-2.3475037,0.2566695,-3.8226664,-2.7187297,-3.8659494,-1.3382076,-5.7434425,-2.0689073,-0.043587897,-3.6155224,-3.5440047,-2.4206593,1.0422271,-3.7204409,1.1666353,-1.7388024,-2.0879812,-2.239117,-0.486852,-2.7778535,-4.140516,0.4630552,-8.6723385,5.6654215,-6.613154,-2.4385228,-8.1307,-0.87718886,7.523162,5.703137,8.653918,-8.090539,-10.16317,-8.631194,-4.132208,-4.117014,0.63663286,-2.690937,-5.2729197,-6.196516,-11.724312,-9.362841,-2.7444916,-2.9775643,-7.2927155,-0.15142445,-0.7657016,-2.1761684,-1.7736639,-4.176115,-5.4193354,-1.9348006,-7.3101377,-2.5779629,-6.6132016,-5.3861504,-6.85,-1.8306249,-1.8150715,-1.2926444,-2.207255,5.1100497,-1.2563546,-2.0968208,-3.3204222,0.5441424,-1.1878344,4.221639,-1.6698955,-5.9405885,-5.2292933,-0.71183217,-0.11025633,-4.4510636,3.4371266,-1.7747751,-0.7452273,-3.15279,-2.3554866,-5.0653014,4.733305,-6.985059,3.934778,5.3380623,2.8857718,2.872391,2.1660666,5.1904817,3.1816967,0.76105505,3.9257224,-4.7638803,0.3748174,3.8626375,-5.05775,2.7361178,-3.3920295,-0.31002945,11.288203,-1.2097491,-4.0445633,-0.48223686,3.2394352,-5.1366515,-2.3203206,1.5331737,-4.4546576,-5.9300084,-5.0533156,-7.084843,-0.06561518,-3.051511,3.4005668,7.0834603,16.506575,1.70729,-2.9778428,6.1716413,-0.103332624,1.4006493,-0.48918372,-0.24684033,-8.137327,0.42388624,-3.9740002,-2.7370372,-2.3973892,0.29020756,1.1891439,3.0799372,0.9959994,-3.4057298,-0.2267016,-0.3230354,1.48731,-0.96009463,0.8416329,-6.5232677,-5.868771,7.019601,1.535319,-1.7814353,-2.5277286,-8.798369,-3.6779876,1.9742701,2.0567641,0.010452144,3.2498925,-3.3253555,-5.773929,-6.352459,3.171308,-0.28778142,-6.4513535,10.287404,2.7979047,5.5505996,-1.1490358,-5.92794,-6.7725577,2.4447174,-6.1584554,7.1195226,-5.6086574,3.05208,-1.4958813,0.37389183,-2.3699656,-11.046148,2.3469808,-1.4640085,6.345646,4.8346534,-7.790324,-5.2179995,0.76937366,-4.0143814,-1.9540318,1.2168982,-1.628556,1.5293586,-5.578643,-3.292679,-1.7339922,-1.214153,-5.7220125,-1.481281,0.6790112,0.6157766,-3.8381548,-1.2721901,-1.7260561,-2.2988966,4.386266,1.1809586,-2.133158,-1.6573292,3.9369528,-0.7302806,-1.9766139,-2.8296242,-5.774596,0.62132823,-4.316602,0.4421944,-5.4733963,5.7397313,10.288023,7.4985347,5.154424,-7.933216,-12.48618,0.8536431,-3.6367202,-7.0092983,-5.504013,-1.8397688,-12.438039,-1.2290814,-9.955834,-5.135033,-3.5037658,-11.789019,-3.588135,-7.703101,-4.13428,-2.2752163,0.4956026,-2.7995672,-2.4557874,-1.5785311,-9.272598,4.4535217,-12.529646,-12.916651,-2.971551,-5.0485373,-6.062808,-1.0612615,0.86221445,-1.8883911,-4.4793677,-1.8684317,-1.4674876,1.7563181,1.199935,3.2102916,-6.384,-8.510352,-5.6113496,-4.3287706,-0.55977094,-5.832515,0.68050915,-2.3386765,-3.3946521,0.87520784,-1.4562045,-3.4077485,0.66559726,-8.092607,-3.0557024,3.0261045,-7.5388794,2.7438521,0.19966693,1.3913465,3.8669705,-3.0266323,-1.0035086,-1.8447298,-4.5719047,0.40888828,-2.8500896,-3.8357513,-13.075277,-6.922382,-7.386762,5.591422,-7.5318146,-2.3157349,-5.031588,-9.682523,-1.4824666,-2.9292104,-6.0548873,0.78565735,-11.880529,-9.097206,-7.0971704,2.4689512,-5.65794,1.6121995,-0.95162463,3.962489,1.6902046,1.6092525,0.7202787,2.9363132,-1.9835234,10.945767,-5.3566847,-1.473147,-1.0373324,0.03274405,-2.8842819,-2.9243026,-1.6943578,-3.687013,-1.2869004,1.9785843,-3.3226538,-3.2737706,1.5521903,-0.13217019,-1.0286365,-9.736608,-1.6573762,-4.7621965,-4.2993097,-7.0785785,-7.149653,-3.9084296,-1.0130577,-6.0463905,-0.009577765,-5.214331,-1.4755609,-2.906955,0.29609135,0.3493297,-1.1815382,2.4884257,-0.55160505,-1.7212605,-5.688856,5.402876,-4.498012,5.159165,-8.4336405,7.9414005,-3.2373447,-3.8626513,-7.7027116,1.6159755,-0.57880634,0.37155274,4.9991045,-2.4631083,1.2203695,-1.8490764,-0.4239076,-6.472168,-5.646297,-9.102641
52,5.2773943,4.607688,4.0767937,3.5888183,1.5622549,3.4214687,0.27596888,0.15238167,-1.5469792,-0.79925865,-0.07104241,0.09641457,3.567243,0.1637911,-4.418011,0.87552005,4.2524285,-0.11832243,4.8900266,1.2548709,2.4271853,-0.8906727,3.520058,-0.58283275,-3.1872633,3.2553484,-3.489572,5.636558,-5.770434,-5.420533,-9.863212,3.2605803,4.7669177,10.638681,7.7253814,-5.466815,-5.803734,-7.222586,-2.124731,-0.24185175,3.4450812,-3.3377922,-1.4859649,-1.8868672,-7.259826,-5.0874586,-1.5828085,-2.5121148,-2.699322,0.62618804,-0.03880118,-0.33317915,0.22004317,-2.0364943,-3.3779116,0.7655208,-0.71637857,-0.84640443,-3.6816878,-3.844382,-6.01871,2.5730975,0.30783048,-1.3575246,0.75309855,9.272077,0.24558075,-1.466279,-2.4203238,2.5006647,0.044515174,2.3066936,-0.5875432,-3.4906662,-2.7900918,3.15218,1.3312597,-2.3987222,6.0754657,-1.6352258,1.2162038,2.238211,0.19064936,-1.6176403,6.3296905,-4.5396657,2.0706148,6.590906,3.807561,4.251592,4.1218286,5.6254745,4.3954635,1.9921952,1.6023175,-1.9975921,1.253113,2.71559,-3.431147,1.339669,-2.0247624,5.5742016,16.319813,0.23921469,-4.4807744,3.6699486,9.010374,-3.6613755,0.9123793,3.2296116,-3.5703716,-5.146226,-7.5457783,-3.1561716,5.094241,-0.2838506,3.124867,6.7839546,12.140104,4.858713,2.934528,7.4510813,1.125095,1.1974111,1.5079397,5.4867883,-6.1058183,0.7306885,-0.34318683,1.0084858,-0.6348991,0.5928365,2.6043181,3.693343,2.8582916,-1.8687806,2.1594734,3.0738978,3.8682501,1.9338318,2.0804303,-5.3340507,-3.3157003,9.399509,0.62205505,0.11235481,0.30100182,-3.2784917,-0.7848348,1.9090474,2.6105046,5.1562743,5.6673913,-0.77430934,-1.8035173,-0.04236386,5.0645485,2.0123343,-2.693511,10.650439,1.9807607,2.7684789,1.2202747,-3.7463431,-1.9723637,0.14344423,0.18767983,8.390093,-3.4607892,2.7770576,2.0340967,0.9839694,-1.5978414,-8.349559,3.531289,3.228788,7.332133,9.357114,-3.0063977,-0.46086827,3.606935,-1.2994606,-2.8418248,3.858649,0.77580935,2.5230436,-3.4317958,-2.0293033,-0.8230061,-1.6945285,-1.5994465,-1.1886111,2.3574312,4.855767,-4.608122,1.1752672,0.33810467,2.2818422,7.8917284,2.0495539,0.58062863,1.3437383,5.181746,3.091588,-1.9261794,0.6196217,-1.6257694,1.199711,-0.80656797,-3.3409314,-7.2283278,5.240969,5.425087,10.425406,3.0886657,-5.084088,-7.6785316,2.124633,0.59688044,-2.0438972,-2.6256118,0.8880181,-9.391744,0.5295064,-5.2389503,-4.7794323,-1.7247972,-6.291645,-0.55191195,-7.733421,-2.3772655,-2.945592,1.0498499,-1.4964862,-1.191171,-1.1472453,-2.721915,11.726991,-6.4356613,-10.183227,-0.48723075,-0.6675259,-4.158447,-0.2885812,0.96221346,5.338839,-3.9750142,-1.5397775,-1.4553225,1.9679304,1.3160651,3.179964,-2.247021,-5.6141567,-3.7913284,-2.128382,1.3860259,-4.030972,3.254351,0.27315038,-0.47751006,3.7801318,-0.93724847,-0.6479662,1.5575895,-4.7649813,-1.243014,-0.0017841147,-4.411376,-0.89015955,4.8192673,2.7616982,4.9172425,-2.3012311,3.0329976,-0.56799906,-2.3007782,1.7039772,0.46510652,-3.3618543,-11.025296,-3.7872758,-1.0428656,6.4468503,-6.25346,-0.2631159,-0.78565353,-5.8954186,0.065002285,2.961796,-3.7953262,-0.040067885,-9.303233,-1.8173429,-1.5096401,2.3249676,-2.3796308,3.911291,-2.8261588,6.6892824,8.027559,4.605075,3.280828,2.7772212,0.76994133,11.944964,-2.3977108,-0.7045153,0.1723196,1.2028567,-0.5168748,-1.730564,0.8352996,0.13816486,1.7257063,6.188769,-0.5724048,-0.86906815,3.2985957,0.45687476,2.7207923,-7.104118,-2.208936,-1.0945066,-0.69125277,-4.5449634,-4.888614,-2.6448643,0.18440208,-6.8251195,0.6124908,-2.256681,3.0145402,-1.31243,-1.313122,3.6676838,0.4017665,3.1820717,1.5601357,-0.07313078,-7.3187885,2.5755258,-3.1067026,5.173463,-1.3727998,10.102767,-1.6701059,-0.6714905,-2.9495032,3.4253712,3.536623,0.05600645,8.861983,-0.3953997,2.4323123,0.30657384,2.4205163,-5.5055285,-1.7072965,-1.4108489
53,8.237712,0.85963,7.322897,5.2050586,5.539997,6.5650287,4.5680227,3.3638132,1.5144341,0.47675952,5.343659,2.5799794,6.413,2.72525,-5.2221565,4.3094816,6.07066,3.7227387,6.9473605,3.8465545,6.349604,1.8026588,6.556155,4.3916345,0.06978691,5.5722785,0.9150873,3.7691553,-4.5317554,-7.63072,-8.595284,3.756033,1.6272883,12.936499,5.2177005,-1.104713,-3.0158067,-4.0666213,0.4417938,1.7896035,2.0957685,-3.0594738,3.5333517,1.6651397,-3.2711177,-1.5405065,0.061613835,-1.8377866,1.1806581,-0.9916109,1.1760364,1.6316085,1.2260103,0.6839075,-0.457709,2.1779745,4.364233,1.1737581,0.023125341,-1.5154866,-1.9713326,5.91135,3.3490684,-0.22594209,2.3792472,15.516082,2.7803154,0.10665315,1.0763667,6.2689795,2.2581115,1.2364838,0.6013873,1.1580254,0.78602713,7.2448072,3.1276543,-0.3564565,8.032486,0.35111466,4.8460627,7.639961,4.2512083,1.9159994,6.873201,-0.61436063,1.107792,7.6767673,3.7499845,5.288074,4.965161,3.9319987,6.662782,3.0181653,-0.577239,-0.06903648,1.9794272,1.9816786,0.84831893,1.0701079,3.0913126,12.017422,19.82641,3.5754726,-2.7839656,7.608697,13.339318,-1.6996669,4.151224,3.9474778,0.021227395,-1.8852487,-7.4063625,1.2104983,7.512131,1.5090777,2.5583568,5.5653286,1.5142599,5.0656986,6.4245358,7.4030805,3.2894702,0.74317783,4.0426736,8.834685,0.95255256,0.8453242,3.475144,3.3145757,2.0662875,1.3138227,3.8367443,4.6269555,3.2503061,-0.22599514,4.155414,5.5494165,5.0332785,4.2204995,1.7308246,-4.6255836,-0.9299445,7.7437177,-1.0153022,2.7744079,3.5617905,1.7570462,1.341118,0.79221386,2.8119733,7.0103126,5.892489,1.2367145,2.7301867,5.3895593,5.3954625,3.987954,1.0281588,5.975034,-0.957223,-0.9551022,4.1582036,1.2359,3.07051,0.8709772,6.237932,9.985649,1.9453493,3.2089825,4.9318933,2.2119522,2.0562563,-1.2144059,4.263186,6.626425,6.8072467,9.864375,1.3219622,3.667789,5.3866215,1.3483866,-2.848917,5.503815,2.8266873,2.0863972,-1.5962801,-0.07078557,0.80068517,-0.9817276,3.2666428,-0.12218601,3.494053,9.1419935,-7.0476446,2.1224895,2.207733,5.4681478,6.7240715,3.1494868,3.3964453,3.9042683,4.0437703,7.867707,-0.9347504,5.838325,1.5817885,1.9441034,0.49180552,-5.003718,-8.47575,1.732598,-1.5647188,11.446552,1.3880032,-1.695721,-4.2124934,1.6553664,3.1653368,1.4400698,1.9448904,3.371951,-1.9521756,2.136045,-0.85439575,-4.9476852,-0.1401107,-1.4209399,0.61160713,-6.5864177,0.27549082,-2.6924365,0.93725675,0.8103685,0.6394175,-0.68603903,1.6063721,11.845107,3.3580728,-4.446612,5.936091,4.0309377,2.655601,1.1140273,2.8614798,11.7663355,-1.5328586,1.7395341,2.955081,3.1248636,4.480886,5.4255867,1.9908572,-0.50934106,-0.2823677,1.705719,4.8354793,-1.0993551,4.623282,3.0311034,3.6662571,7.817542,1.8218881,1.5837767,4.7687807,0.49260312,1.7213883,1.1453668,-0.29039192,-1.9421729,6.938893,4.97093,5.8856707,0.5598023,6.260561,-0.040180005,0.50901276,4.430945,4.075895,-1.2913814,-4.946015,1.7435869,3.0890152,6.7141676,-2.800958,2.7338908,1.9036168,-2.638266,2.161237,6.0030847,2.3257344,-0.43553978,-1.2843281,4.136943,5.379437,1.548962,2.0970678,6.415943,-6.8704953,6.6735682,11.340357,5.755296,5.9502172,1.5099164,3.1141088,7.49773,0.06614589,-0.41713575,2.1841888,5.2152057,3.6656408,2.1403646,3.7641695,4.0490775,5.5100274,8.928305,1.3989288,0.343209,4.550978,2.853145,4.802115,-4.9339375,-2.5230837,3.5033007,2.789928,-0.96668494,-2.199766,-1.4827359,1.6383765,-5.975663,1.7071226,0.1540985,6.095647,1.2362579,-3.1514235,5.6352334,-0.6334781,3.5186536,3.467428,0.8665347,-5.9023657,-1.6222831,-0.06381037,6.761362,5.014229,10.897427,0.21539238,4.45615,2.8792112,5.706086,5.846564,0.27734572,10.156652,1.4227376,3.3441405,2.5710087,5.3079786,-9.047701,1.905215,5.739276
54,8.557423,-0.55770546,6.246841,5.3737144,7.4378557,8.06235,6.63002,5.065447,3.5465877,2.1340425,6.59757,3.5865772,7.3898244,3.0495183,-6.115191,6.517762,7.3524666,5.461317,6.0301213,4.5437,6.595269,4.3002896,7.28528,8.465033,4.9950695,6.271546,3.0116892,1.2746272,-2.4680412,-8.441369,-5.9248366,-0.3744953,-0.9409581,11.84805,2.829221,2.1337094,-3.1863728,-1.9936832,2.3194537,0.71608436,-2.2069256,-1.4230138,6.186878,2.9005342,-2.1274405,-0.5515085,1.4404138,-1.3134809,1.837652,-3.7432451,2.1939628,2.4596074,2.1052725,2.0781322,1.7542033,1.9023033,4.8560476,3.2724035,1.6898049,-0.083504215,2.6988053,5.3415422,5.2000523,1.2296077,1.9006476,20.560516,4.5131087,1.6907175,4.012259,9.438931,3.7949724,1.4017117,0.82869685,4.851022,3.732018,8.825656,3.902696,1.1255602,6.796613,3.979164,6.274446,10.815615,6.86359,3.5594676,6.380536,2.4736316,0.94826657,7.582938,2.6953747,5.7432294,4.529127,2.0318189,9.000445,3.055069,-1.131026,0.21040061,2.3903854,2.4845812,4.7625227,1.8793631,10.179855,15.670717,19.931513,5.956478,-0.24645402,9.685273,12.602818,-0.43243974,5.885508,4.3865438,4.2478876,1.8351378,-6.2989535,2.8054354,5.50544,0.98166245,1.3924348,3.9500356,-8.82111,2.248426,4.31409,6.4391823,5.1433353,0.27480933,5.617131,9.656343,9.839511,1.2341917,4.7191815,2.6587312,3.9950874,1.6418188,4.0942492,4.858189,2.633207,0.84407896,4.9543605,6.0776567,5.0443573,5.0070667,0.5230628,-4.5779,0.15718803,2.96657,-2.4972568,4.7371826,5.329551,3.5337076,2.040162,-0.82276684,1.6110132,5.5293937,5.077336,2.5530887,5.719443,5.732616,4.506241,3.671902,2.817757,-0.6844636,-4.5056553,-4.4967923,6.945908,5.371453,6.169287,3.697241,9.791706,11.242508,8.011408,3.6070547,5.8019123,3.3749423,6.403587,5.8273573,4.4249454,7.4490194,4.881456,6.499093,2.5868032,4.733116,4.855842,1.793063,-2.5071054,5.0887575,3.6076279,0.90855646,-1.2002987,1.3807561,1.9821846,0.3461133,6.0923424,1.5422484,2.6678598,11.607851,-9.633312,1.1431589,3.3474152,6.0020156,1.303409,4.192941,4.491158,4.3706474,1.8050627,10.877144,0.21327253,9.637201,1.8879185,2.8274066,-0.75113255,-4.813556,-9.014428,-2.6246939,-8.285998,9.311902,0.5778046,1.7127092,-3.561944,-0.15036109,2.9906251,1.4003211,4.698396,3.9311967,4.313053,3.1518745,0.9066225,-5.0420747,0.70712477,1.2423462,-1.0318816,-4.510562,2.598623,-1.7221425,-0.100282885,2.584832,1.7643286,-0.09157134,1.4038146,5.9279757,10.330752,0.6080296,13.223341,5.7050138,9.8854265,3.419553,5.1480145,13.604324,1.5190282,5.920483,7.673263,4.550132,7.801897,8.814487,4.4535127,4.472727,2.8807995,4.563022,8.227138,1.4007456,5.272868,3.7129037,7.8616,10.917427,6.0291924,2.6484702,8.451167,4.674831,3.6847615,5.225421,2.1991956,-0.57474357,5.6876535,7.281377,6.325696,3.5630734,6.903869,-0.39275146,2.8887026,6.6640954,4.5261545,1.9857285,0.47337544,7.228525,6.112816,6.8431764,-0.24387631,4.8167615,0.57427025,-1.7887157,3.1578221,5.6171756,8.549381,0.2781511,5.1717534,6.4407854,11.044348,0.97252744,5.3080697,8.503825,-12.763593,3.6330152,10.291414,4.600575,7.5401874,0.16903174,3.3494809,2.692052,2.2814033,-0.95598483,4.432257,10.457826,7.382396,5.850604,5.5489182,5.8775973,7.1376996,9.470262,2.1047852,-0.0564872,4.9490075,5.804731,5.1720915,-4.761075,-1.412148,7.059456,5.278698,1.7558142,-0.047485717,-1.1639558,2.8211927,-3.9896867,2.7969997,0.40169904,7.066675,3.9354098,-4.1290026,4.1484866,-3.3318014,3.3190973,4.3216934,1.4446801,-3.6323445,-4.552168,3.4111185,8.247951,8.98697,9.365756,2.7114708,7.7958198,6.727707,7.442466,5.804555,1.6880978,7.0549335,2.589179,3.3746605,2.4031012,6.448161,-15.796502,2.730002,7.8015666
55,7.152988,3.435484,3.3036132,4.8864365,7.191995,7.7507496,5.8841443,4.8541355,3.981915,3.7284946,3.5404394,2.462699,7.232281,1.4119663,-7.1708913,7.8791866,9.087505,4.972303,3.6087012,4.276427,3.8495731,5.77707,7.0632367,7.6968193,9.416599,4.83023,3.8766751,0.27046815,0.041854594,-7.7282987,-3.5588386,-6.2072554,-3.2961848,8.484337,1.5486681,2.7941482,-3.943023,-1.9898105,3.025582,-1.914229,-5.672636,0.9030692,4.5466976,2.0195394,-3.4253623,-1.1829323,2.2686934,-0.9203045,-0.48764294,-4.936104,2.737777,2.4785376,3.5792367,1.6859055,2.2444983,1.3379555,1.5722393,4.750628,0.3719978,0.10045543,4.836455,1.3362193,4.644305,1.5607824,-0.03973915,21.921356,4.579224,2.1636686,3.5656805,9.949209,3.2599466,1.9686143,0.48959067,5.304702,4.4062195,6.6987576,3.2756793,2.0834324,1.8999325,7.234979,4.102035,10.670251,6.540158,3.3055198,5.558408,3.35995,0.67730486,6.037496,0.965801,5.330504,3.7928207,2.098668,9.829875,2.226678,-0.44023842,-0.2253719,2.584068,3.5441008,6.218836,2.9139247,15.130578,14.955519,17.841675,5.7473307,1.5486832,9.612887,6.387604,-0.7037156,5.5224223,5.0578165,6.5702353,3.7257838,-5.9953613,0.6889956,1.5573355,-0.8756222,0.04026348,3.6914697,-11.789638,-0.433595,0.7330108,5.758215,5.538401,-0.093071826,5.6963444,10.259107,15.501899,2.2916696,2.7218997,-0.3687908,4.2355127,1.3331909,3.6580021,4.0621877,2.2752259,1.4520481,4.790865,5.4926243,4.7939415,4.918346,0.67159426,-3.2850063,0.12025346,-1.3969162,-2.7924082,5.588297,5.213323,2.388784,1.8209814,-2.1705472,-0.46688586,3.8001947,5.649121,4.22339,6.4118586,1.9147602,4.699175,1.3547869,3.2203639,-2.8868904,-6.497186,-6.7050204,8.968033,6.5471554,7.2081375,6.361509,10.838419,11.086855,10.9387045,3.668967,4.338704,3.9519935,8.057349,7.890536,4.155881,5.9206038,3.3719583,2.8404148,0.77393615,3.1455019,3.5454824,0.88511145,-1.621215,3.9758453,3.8387926,0.59596914,-0.9652365,1.9496262,2.1721797,1.4239665,5.893364,3.0844731,1.1738201,10.234795,-10.786064,0.34431916,3.8019795,5.2763996,-4.330176,4.8889103,3.6842995,3.1094534,1.0950071,9.878262,0.8577873,9.202768,1.1588572,3.864266,-2.3895895,-3.906132,-8.258071,-5.400223,-13.539589,4.307152,0.10610231,4.457988,-4.469084,-1.8503889,1.4078115,-0.7662952,4.0896373,2.3337102,5.328289,3.143014,0.40677205,-4.005445,0.88512504,2.1095927,-3.8292754,-1.5651793,4.004319,-0.43275586,-1.1592073,2.9048307,1.6796991,0.72900474,-0.9994769,-0.5987882,10.3686495,2.403988,15.795459,3.2925282,12.342597,5.7567706,5.270801,10.354207,3.3465295,8.090684,7.863996,5.2231517,8.154539,10.610509,4.895474,7.262482,4.1580634,4.515267,10.1009,2.6665847,5.9313827,1.9460496,10.507455,11.700979,9.506343,2.875819,10.311538,5.9048195,3.3181148,8.365137,1.3948503,0.8402626,3.168932,8.426032,5.829568,4.6645494,5.432215,-0.5484945,3.8107104,6.8800154,1.2369567,5.327504,1.8753383,10.306075,9.363654,6.455853,0.34490833,5.313428,-3.5717275,-2.7390041,2.4956124,4.8765445,10.264882,2.004534,5.335803,5.756655,13.630489,1.1325947,5.529752,10.272345,-16.8717,0.38015997,8.2992,2.71499,7.1715546,0.10676132,1.773435,2.0545123,5.2134857,-1.5544966,5.99007,13.444154,8.682795,6.736159,5.6773076,5.3233137,5.5319414,8.816088,2.1026566,-0.6365019,4.895338,7.662169,5.4109726,-5.5546994,1.1397545,8.3422165,6.3272295,3.0239017,1.7781905,-1.1851023,3.3497522,-2.3825395,3.2541583,-0.20245722,7.7706857,6.7270403,-3.7190948,1.0045083,-4.612396,3.2994893,4.547727,3.203979,-3.5227528,-5.5392995,5.853076,7.110623,10.71287,5.9329667,5.734245,7.4145207,6.9033575,7.72868,4.474315,4.141691,0.31985605,2.9107656,2.9137669,-0.47404027,5.67999,-19.58731,0.69488144,4.6174235
56,6.288579,11.1490555,2.833546,5.255573,6.4640145,6.790403,3.9483788,4.064159,3.7669537,4.9497066,0.091577746,0.7344074,7.516063,-0.62783015,-7.3356595,9.624492,10.6774435,4.1109424,2.6509976,5.384538,1.8401968,6.4035563,8.08265,2.146868,11.143965,2.3065684,5.4100804,1.8813757,2.424416,-5.6680465,-1.9741455,-9.436652,-5.994294,5.206375,1.3840901,2.0603893,-2.0521903,-2.7190905,3.09145,-2.8271456,-5.4317155,2.7043653,0.4661008,0.65749854,-4.6105995,-0.84131455,2.9537435,-0.2521741,-2.9641283,-2.750407,3.2068775,3.0595992,5.159339,0.8727507,1.406774,2.330534,-1.3666071,5.5464683,-1.5315231,0.21682099,3.206817,-2.5782862,2.6316385,0.31428382,-1.9344169,19.8159,3.8127592,1.2199363,0.17471622,7.9432383,1.1961318,1.9801646,1.345459,3.3200858,2.8926868,2.5848393,2.1538424,2.8614452,-3.2417946,7.94754,1.3048595,8.175011,4.7468443,2.9667006,5.0323873,2.7815137,0.05074632,3.7709923,-0.8112277,4.087214,3.846595,4.7779446,8.346419,1.5766151,-0.22191866,0.19899182,2.7707922,3.9061673,5.2143097,3.1992254,14.787519,11.107428,16.022778,3.8035338,2.12792,8.330013,-1.4547803,-1.907667,3.8793857,5.4836545,6.1856866,3.524197,-6.5505257,-2.2724419,-0.013809041,-1.643358,-0.6090282,6.000545,-5.857167,0.4445689,2.487068,5.880943,4.202212,-0.3222343,5.026397,11.927087,14.411485,3.745449,-0.14520395,-3.2044513,3.301068,0.92003655,3.5949564,3.0377023,2.9181876,1.8657427,4.7075286,5.4368343,5.2748046,5.2461886,3.1657047,1.4777197,-0.025878923,-2.0142834,-1.4313216,6.1741195,4.5394745,1.1852523,1.845744,-2.426326,-1.7045339,5.2652507,8.218579,6.8686676,5.2269316,-0.9475311,7.7961354,-0.28376412,4.3381014,2.843612,-5.535292,-6.6204476,9.858755,5.0101514,7.76853,7.0633006,10.605776,9.374372,8.91963,3.8898914,1.7640556,3.904472,5.443814,4.1809754,3.7459307,3.570336,4.2472253,2.462322,-1.4610156,1.5672697,4.0095143,1.4182651,0.48540968,4.403731,4.914814,2.1331685,1.0796653,2.3193865,1.9667493,2.0394855,4.2017097,3.9883652,1.629162,4.874043,-9.528946,2.2377489,3.8642144,5.4957733,-5.9238806,4.97405,2.253454,2.047756,3.3674152,5.1512923,1.1260843,4.8522944,3.1274269,4.9579983,-1.8186449,-3.0609307,-5.8307843,-5.571819,-17.015125,-1.0650223,-0.60225743,5.921667,-4.1518955,-1.9150581,0.64259636,-1.1625754,1.5715227,-0.11090134,1.9818219,2.104292,-0.2839105,-1.3202618,0.9650452,2.8627627,-4.882731,2.2298236,4.7861567,1.0298402,-1.0082312,2.2648046,1.0174657,1.8416746,-1.0022445,-2.0200837,5.5685444,1.6845386,10.562602,-0.7846342,8.797276,6.536248,1.7987354,5.215998,3.2318442,6.664713,2.7305045,4.892879,5.2266393,8.92373,4.6780453,7.5553718,3.8166125,2.2229614,10.010361,3.2621436,6.904492,-0.2600157,11.107634,10.482403,10.54633,3.0741594,9.477457,4.8651066,1.4025452,7.492915,-1.8218373,0.14387684,2.21612,7.5033717,4.317613,3.5384936,3.7001576,0.6774393,2.9587097,5.2511363,-2.8480868,7.2860208,0.09456139,10.501018,12.071978,5.062509,0.6093156,5.0084996,-6.8761373,-3.1409032,1.0904818,7.116534,6.3265824,3.8478632,0.85558057,4.84932,13.214992,1.63956,3.321212,11.747939,-14.83418,0.15350017,9.889733,2.0054939,5.101266,1.8207123,0.50870556,5.923037,8.793891,-0.8002479,6.1732063,11.492625,7.290973,4.6765823,4.7483225,4.0787644,2.3268516,8.05244,2.403407,0.4067227,5.2706847,7.9732447,6.8127675,-4.411128,3.983329,7.3232107,6.096132,3.7189646,4.1238704,-0.21804777,3.3303838,-2.0586405,2.9091783,1.2161754,9.695329,9.427423,-2.2660558,0.05516268,-2.0594745,4.1365614,5.303498,6.688689,-6.099572,-5.44606,6.5092325,3.296516,11.556486,2.2297587,8.367949,4.6892734,4.7108936,6.514645,3.6789286,6.5284657,-6.9158545,2.570163,2.8090003,-3.7567565,4.2283683,-15.263015,-1.4503075,0.55858344
57,7.0988407,17.015419,6.903688,6.9873915,6.6108494,6.3242054,2.9956436,4.3755846,4.1968975,5.5149565,0.4646432,0.9042635,8.881983,-1.2615374,-4.9798756,11.9180975,9.962288,4.518092,4.914363,8.788396,3.47366,6.4522347,10.536191,-3.7275372,9.505924,0.73468935,7.817966,4.9954505,4.384663,-2.8658724,-0.47188985,-8.187714,-8.36473,3.8042383,1.9642168,2.3444083,2.7557003,-2.421262,3.3657863,0.13082808,-1.9271259,3.2138195,-1.8887938,0.4115293,-3.3807194,2.0223603,3.9769351,1.0162449,-2.6796486,2.031139,4.091964,4.8639793,5.4165015,1.3245034,0.7445122,5.1891875,-0.19959475,6.4630127,-0.5688382,1.3484344,-0.8251354,-3.2033827,1.3146727,-1.417345,-2.8792567,16.294392,3.5049307,-0.35506144,-2.9363925,5.3989797,-0.28814644,1.4156859,4.401386,1.8694478,1.0011536,-0.2109315,1.7073798,3.524513,-3.8636587,5.648651,2.0399227,5.605655,4.123981,3.976238,4.4981184,2.4042397,-0.16328925,1.7290033,-1.9386512,2.4989185,4.6160917,8.463597,5.2886825,2.0702972,-1.6249089,2.0686364,2.9574404,3.0033205,3.013208,2.3563898,9.581041,7.010082,14.750008,2.085666,2.1800928,6.9156065,-5.6764383,-2.4013538,2.4260812,4.5941195,4.453368,2.9826465,-6.362412,-1.8088114,2.706136,0.15522511,-0.15536538,9.603331,3.6380007,5.0027556,11.318454,5.9496593,1.8884383,-0.3580938,4.5795426,12.772056,7.2717056,4.633504,-0.6695132,-3.2962592,2.3838506,1.0692412,4.5368533,2.7756317,4.023355,1.9239733,5.4490905,6.5363955,6.6391244,6.3138504,6.214542,9.45957,0.50513846,1.3258433,1.0040034,7.266883,4.6124334,2.3739796,2.7279568,-1.1849767,-1.0125947,10.285488,10.381036,9.335017,2.9683425,1.3089659,12.664801,1.432766,7.2094045,12.732875,-2.1297252,-4.060952,9.356597,2.2515025,8.938688,5.5530105,9.747921,7.1208234,3.6309972,4.75447,0.026368482,3.4154577,0.1741578,-1.2785895,3.3666337,1.8359706,7.367402,5.42975,-1.4645637,2.0324743,6.8406515,4.7579055,3.714926,6.914585,7.093551,4.750266,4.9385734,3.3269222,2.3877203,2.7540755,3.3562846,4.465966,4.920907,-1.999199,-5.8859973,6.849332,3.5556197,7.02745,-2.551647,4.190467,1.450439,2.5578291,7.2754908,-0.5650344,1.6706085,0.18502082,8.947431,5.7160945,1.4405107,-2.308443,-2.136643,-4.0521026,-18.191193,-3.6832204,-1.3563787,6.0254416,-0.8172161,0.07800308,1.739261,2.967744,-0.22238714,-1.6506985,-1.1930153,0.6505415,0.35966042,2.4393578,1.4358778,4.7387853,-2.6088972,6.2519207,5.465502,2.7803426,0.7593598,1.9484084,0.8860947,3.1781507,3.7509224,3.2831295,2.0420387,1.4400527,0.19661193,-2.765316,2.7583325,4.732796,-4.2319584,2.2557747,2.138564,2.6065,-3.6302533,4.3666635,1.7731622,4.5154853,5.2125826,6.7166758,3.4607217,0.45736668,8.550274,4.2180696,7.954171,-0.47200468,10.579665,8.641638,9.216418,3.6176612,6.779274,3.6158512,0.019758862,2.9028332,-4.6542954,-2.510138,3.4700701,4.721971,2.1969433,1.7606877,2.641955,3.302507,1.1270497,3.1774614,-4.127066,6.902644,-1.2886623,9.170726,12.190784,3.1411304,2.4995282,4.8856483,-6.6149707,-1.3340899,0.08474977,12.09984,0.3216692,4.6436253,-2.4745426,5.8912544,11.199896,1.565075,1.0226231,12.277054,-5.9361796,3.3913095,15.676274,2.84813,2.657312,4.4609976,1.4576898,10.850917,11.370277,1.8359873,5.0947924,5.2137756,4.559811,2.026239,3.6617765,3.9083536,0.20610444,7.046112,3.5283637,3.2984605,6.4619803,7.6661377,8.987094,0.6283838,5.8940725,4.922598,5.093953,4.8768864,7.127535,2.4393964,3.2164874,-2.0988488,2.293214,5.7425838,11.630339,11.000929,-0.36417225,3.021053,3.562599,5.349632,7.0508204,10.262343,-8.729283,-4.9067388,5.598417,-0.16549861,12.05369,-0.059937693,9.218917,2.545473,3.2447705,4.595965,4.4320683,7.499067,-11.093691,1.9318622,3.2797022,-4.6823826,3.216039,-3.846636,-0.73372436,0.14741813
58,8.306905,16.049013,13.097141,8.782991,7.1501923,6.320949,3.6378944,6.1000133,5.518711,5.0967503,5.039122,3.9574976,10.237503,0.22039527,0.222984,13.120419,5.4368687,5.8223166,9.1659975,12.303415,7.746566,5.513164,11.858014,-5.0288005,5.684886,1.3339987,9.188703,6.943894,5.714865,-0.5053599,1.7449201,-4.4306784,-8.688421,3.8777518,3.0279183,4.742884,7.2977614,-0.87440914,4.118868,5.9779754,2.0657976,2.636869,0.17816637,1.6259724,0.46289292,6.3169866,5.1592684,2.6673183,0.81938636,6.6177416,5.172884,6.8266425,3.4381573,3.2580488,1.5963278,8.065557,5.2441497,8.044068,4.0395575,3.0821865,-4.6827493,-0.7628503,1.8139613,-2.0494683,-3.337888,12.848635,3.652512,-1.4124932,-3.0662751,3.9590993,0.3771818,1.0775219,8.121506,3.0117924,0.5529396,0.27611086,2.098502,3.7370079,1.2783473,1.9235733,6.656447,4.7374372,5.3332586,5.57563,2.8174183,2.827031,0.62150496,0.14583859,-2.1039798,1.1159316,4.7100563,10.39623,2.2964668,3.5575485,-3.8657966,4.4833055,2.8416057,1.3051132,0.7541595,0.83779913,3.225534,4.9974093,11.278291,1.4723327,2.5029037,5.745368,-3.9868026,-1.021343,2.0502203,2.137866,3.345983,3.7337239,-3.9350233,3.6477437,7.4720373,3.5068014,0.7338399,11.055035,9.339884,9.599302,21.217438,4.6988225,-0.18994497,-0.10396575,4.331843,9.726286,-1.224006,4.044835,1.8827373,-0.24310355,2.1063242,1.7982627,5.8515,3.1775167,4.3450756,1.3262631,6.608969,7.7345366,7.8891864,6.845944,6.7442813,17.131319,1.7474997,5.425443,3.1720917,8.280827,5.1352673,5.7126665,3.8915985,1.0038974,0.74528116,15.375006,8.844403,9.271025,0.56541735,7.5372353,15.389709,6.395534,10.25356,18.286469,1.5266801,-0.0029833037,7.2605,-0.4535667,9.837698,2.8822494,7.829901,5.4474277,-1.210208,5.714605,0.30400074,2.51171,-4.305007,-3.410073,2.9687586,0.86868507,9.939392,8.321959,0.7849578,3.9057713,9.6151495,8.792623,6.525044,9.431313,8.82279,6.3656545,8.050356,4.9112434,3.6884003,4.127046,4.2039566,5.057265,8.718052,-6.6889744,-0.9633561,11.098722,2.6287026,7.860081,2.8570757,2.4143791,1.292027,3.8779252,9.567889,-4.227969,2.816414,-0.90964067,15.085399,5.5036654,5.192485,-1.4779671,1.7751629,-2.5986898,-16.11902,-2.5811517,-1.5481566,5.401459,4.8548822,3.0662546,3.7878397,10.308592,-0.020656565,-1.3751221,-0.5040109,-0.29303005,2.0933883,5.9594355,2.2540076,7.4367127,1.881705,9.132931,6.028535,4.7720075,3.3319204,2.677467,1.8601497,4.424347,11.27874,11.669672,3.9027436,3.6987574,-8.696788,-1.005563,-1.1662717,0.9732301,-9.987829,3.0020454,1.6659456,-1.3805339,-6.152764,4.574914,0.855537,0.15771888,6.4727793,6.22006,4.297796,1.5017468,6.607575,5.720259,8.529448,1.6843771,9.956249,7.1483064,6.880004,4.089921,3.512448,3.2511847,0.45164806,-2.3413956,-4.75005,-5.002224,4.7848587,1.3073533,0.24909319,1.2183796,1.2662191,6.058959,-0.23609093,1.7644299,-1.8004261,4.4365597,0.12571311,7.8856945,9.415187,2.1129196,5.495079,4.990541,-3.153175,2.0739818,-0.44025043,15.924521,-2.5420096,3.7534833,-0.6386243,8.575719,8.723135,0.5152984,0.7118635,11.072724,5.299902,7.249807,21.095837,3.971051,1.2182802,6.490841,4.3271947,13.102294,11.182051,4.9855957,3.585856,-1.6701565,2.2376475,1.1584705,2.840085,4.7070866,0.41500276,4.9994125,5.0740113,6.287122,7.673079,7.608306,10.17179,8.34321,6.5940094,2.4366772,3.8195362,6.390845,9.673244,5.8599987,3.3200803,-0.54070294,2.161205,10.869356,10.679306,10.050848,1.9390321,7.3682523,8.653758,5.3441787,8.725302,11.175989,-8.263565,-3.4721699,3.8861473,-0.36916012,10.942477,-0.45613548,7.580765,2.4817846,4.4566092,2.9231029,6.12079,6.4791894,-10.461448,1.2608684,3.5435236,-2.484208,2.5975266,8.243734,2.9448314,3.6648967
59,7.459997,7.7851887,16.418505,8.517584,6.2839518,5.6872544,4.3564916,7.780306,6.6597185,3.5666857,10.01943,8.025807,9.691526,2.9129748,6.172534,11.18983,-1.4664934,6.080981,11.869684,12.130731,10.577372,2.949255,9.037198,-0.9584729,1.7103363,3.3171444,7.679889,5.622081,5.894595,0.18521574,4.675645,-1.6614757,-6.0103292,3.0708406,4.170126,7.913399,8.40085,0.6854352,4.805887,11.264314,4.404427,1.7878156,5.3323073,3.4197886,5.169117,9.322891,5.6829576,3.9211493,5.241419,8.572473,5.453118,7.057702,0.038444463,5.1859775,3.9116418,8.458934,11.643513,9.348806,9.266839,3.9868844,-6.509436,1.5431473,3.0278654,-1.0805362,-4.2407565,9.1805105,2.7844205,-1.4393591,-0.6581296,3.2734632,2.6134832,1.5056367,9.275517,5.796218,1.6350646,2.9507825,2.2886558,3.2958658,7.832759,-0.96375537,10.516066,5.5830903,6.0232267,5.4901276,-0.81118476,3.0834649,1.6456581,-1.4251163,-1.689204,0.039316602,2.7098367,8.810459,0.4465117,4.7975373,-4.8863673,6.040689,2.0670528,-0.37150392,-1.0235349,-0.49031222,-0.27027932,5.347389,2.9675899,1.1931988,3.1079714,4.5382576,1.1472716,1.8504828,2.5118492,-0.41484416,3.5695677,5.4805098,0.4640759,11.188433,10.325295,5.74671,0.8719249,7.6902556,8.404594,10.121131,23.66873,2.1172,-1.183153,0.44652772,3.2680407,2.764301,-5.733527,2.024918,4.762777,3.8597412,2.0669248,2.3874972,6.152628,2.9314654,3.2093813,0.40718216,6.9198093,7.4165206,7.5320406,5.173315,3.5530446,20.0807,3.3229468,6.364472,3.9281566,7.623071,4.631027,8.748512,4.1921697,2.7054846,1.430644,16.006144,2.8020072,5.3422914,-0.76087135,12.114908,12.336748,11.2586,10.550159,13.747152,3.1570477,3.7662995,3.700623,-2.5007875,8.6095705,0.40150934,4.522212,4.4335284,-2.8502002,5.264945,2.0776682,1.1205113,-5.434621,-0.7635692,2.4362113,-0.19222762,8.698508,7.7063866,2.8968515,4.8771005,8.985755,9.585674,6.934394,9.004344,8.057344,5.3199196,7.6043787,6.014339,4.9615498,5.8556876,5.514277,5.681238,9.241621,-6.7812047,3.5174828,11.31137,1.133631,5.804268,6.281239,-0.0771318,0.7794821,3.8150048,7.8069024,-4.785851,4.082714,2.2035654,16.178463,3.8342388,6.665588,-0.74114335,4.958097,-2.0799556,-10.46505,-0.068632424,-1.1643554,4.887632,10.416354,5.3017616,4.928342,16.17875,1.2814829,0.3083105,3.6317496,-0.13055989,3.657973,8.046352,2.9681115,9.515221,5.8236284,9.605983,5.884305,6.4386134,5.2752404,3.8986864,3.506674,5.087749,17.410717,17.241514,9.392691,7.4129543,-11.025757,2.6649647,-1.5126392,-2.659011,-12.771971,5.5543213,2.432833,-3.0309472,-3.5594351,5.3481216,2.8692734,-1.819665,7.0708823,6.1937094,5.8959894,4.8700724,4.59273,6.865449,7.971352,4.08597,9.001658,5.7797427,4.603552,3.8450837,0.27413902,2.9894109,1.9474494,-5.294191,-2.1191711,-5.587576,3.5591154,-1.3776708,-0.759564,2.2647114,-1.8148437,7.462321,-0.12412109,0.89644015,1.5155097,1.3712089,3.3257976,6.9821024,6.4448857,2.8738608,6.652856,4.6721296,1.0378679,5.0041075,-1.2338006,14.89798,-0.077187136,1.5573941,4.9570537,10.733528,5.9158792,-0.7546502,2.539529,8.370038,12.4756155,8.37019,20.364777,4.066815,1.1458553,6.848,6.6921,11.631788,8.347006,6.230267,2.4343195,-5.3077397,1.1894944,2.0779169,2.1458445,4.64408,1.8749254,2.05573,6.1183944,7.233605,7.3699574,7.188885,8.761001,14.909955,6.684105,0.92026377,2.638833,7.1134415,10.3122225,8.023833,3.4565108,3.3821642,2.6923096,12.387281,5.5987267,6.1778083,5.084131,8.569061,9.84696,2.8172915,8.438826,7.830701,-4.2250834,-0.58954513,2.0979793,1.9237072,6.6388173,-0.008544956,4.346903,3.4479425,7.2919536,1.935349,7.2334,4.058587,-5.987173,0.6636157,2.636879,1.0660248,1.5467336,15.059027,6.5333366,7.293233
60,3.4246252,-3.702406,13.575456,5.10648,2.882938,3.4310288,3.035259,7.458101,6.259235,1.3250526,11.171532,9.71082,6.3001685,5.081565,9.550551,5.868518,-6.708264,3.9073684,9.842432,6.389237,8.754565,-0.84794325,1.8031472,4.360653,-0.95184,4.580348,3.9040911,1.2183512,4.251316,-0.95418745,7.502317,-1.2734159,-1.6520658,-0.7785885,4.342431,9.388941,6.5034122,1.3339517,4.637125,12.770437,5.2098126,1.2727388,9.284776,4.6625524,8.626622,9.179962,4.890323,3.883489,7.6283855,7.6250253,4.032725,4.7709613,-2.5960672,5.4094105,6.1438713,5.5239663,15.147246,8.276147,11.078057,3.3539844,-6.0451684,1.1163714,2.730709,0.42080286,-5.367318,4.279029,-0.27971843,-0.87284946,1.4428197,1.5920795,4.2720256,2.1731327,5.9480324,7.239141,2.5881634,4.7975044,1.1236817,2.6303737,9.304553,-1.7943177,8.342387,6.6687326,3.2309742,2.48926,-5.708666,2.1303306,1.2758201,-3.1809688,-1.5137237,-1.1286358,-1.2875438,4.375158,-0.59524626,4.5889745,-3.5046353,6.1084604,0.57783866,-1.6649576,-1.9594381,-1.0967097,0.26265433,6.3292823,-8.900041,0.22710347,3.305246,2.9109643,4.9007454,4.674764,2.9492042,-0.7750741,4.1013994,6.452135,4.834593,15.696744,9.476838,5.0359654,-0.28926632,0.59179556,4.4586186,5.771076,15.56466,-0.12401069,-1.079045,0.99004775,0.65532756,-3.5338778,-4.20328,-0.26110476,4.3258996,6.1716805,1.5044643,2.0703716,4.64662,0.8354525,1.1765493,0.21961232,5.418481,5.0482674,4.72707,1.1360482,-1.1930714,16.575016,4.9531736,2.756176,3.124997,4.467121,2.3558447,9.273657,3.1795032,2.5245736,-0.26038307,10.491464,-4.886036,-1.0305539,0.11731786,10.34581,3.467839,11.949564,6.750862,1.5178056,2.1302226,5.5361614,-0.5439775,-3.5945182,4.824879,-1.0642859,0.8219775,3.0782666,-1.455318,2.2829,3.5996735,-0.52786356,-3.2897387,3.3224487,1.7433218,-1.8126812,3.0272236,3.4471786,2.9024353,3.8547134,3.9186146,5.2572055,4.405762,4.567457,4.33079,1.8588982,3.4948478,5.520196,4.9695625,6.7341084,5.507134,5.279975,4.6998005,-2.7788756,6.1709037,6.5714684,-0.20057298,1.0688119,5.9545126,-2.5126173,-0.8236055,1.1217529,2.4884872,-3.5979447,4.5951877,6.1831717,10.241541,0.8471527,5.1680903,-0.44683033,7.126702,-1.7079757,-2.5917084,0.28421265,-1.2259874,4.7122297,13.626031,5.5974746,4.0209665,16.38051,1.9464382,2.1953852,7.461839,0.9380837,4.330995,8.243197,3.208237,9.6964445,7.1775355,7.6292925,4.5481367,6.866692,5.4714084,4.35208,4.7377267,4.780112,19.560822,16.464708,12.880833,9.506658,-7.2542677,4.981464,-0.65589905,-4.1293054,-11.570698,6.727039,3.4908218,-2.2254794,0.72708106,5.248774,5.2683473,-1.4081162,5.7666245,5.48061,6.6018386,7.57168,2.3025415,6.703039,5.6604223,4.2017627,6.448838,3.713103,2.2308092,2.8199015,-2.903998,1.5826513,2.5965066,-5.409447,1.1239828,-4.7233205,-0.45317265,-2.7549071,-0.57889533,3.3779655,-6.086826,6.9103923,1.1827189,-0.29023972,2.4941082,-0.572831,5.3926272,5.6056833,6.372879,4.3141284,3.616909,3.6636944,4.041271,6.0420227,-2.4761002,9.334938,5.00655,-0.7788398,9.371032,10.5886,2.6468742,-0.95434576,4.847872,5.6623015,12.719807,6.035576,11.927297,3.2495306,1.6293459,5.518616,6.097583,8.052956,5.0512156,4.290819,1.593116,-4.9234114,1.0310354,2.5006673,1.3057337,2.2870123,2.6060238,-0.24535218,6.0077643,5.5953693,4.615501,4.692755,4.5871234,16.828949,6.645563,0.64485097,1.8258809,6.1404023,8.633419,7.463315,3.0585687,7.8148866,3.1702342,8.3580265,-1.2741948,0.78483295,8.998454,4.530166,6.925729,-1.7623669,5.137639,1.162799,0.71138954,2.904909,0.6173848,2.7451231,-0.26190218,-0.3846371,1.5376074,3.452463,8.618089,1.4525994,6.871502,1.4205728,-0.45245332,0.19572718,0.5429488,3.2706914,-0.33606157,15.993077,6.8607717,7.541706
61,-2.3560083,-13.241368,5.735205,-0.46257117,-2.1170695,-0.2930444,-0.86092997,4.4203734,3.9583154,-0.7654135,7.81942,7.0144553,1.0101347,5.545673,8.539663,-0.61100054,-6.8397036,0.016178422,2.8500032,-2.6567748,3.0844226,-4.0116224,-6.535134,5.5455217,-2.1026223,3.6463513,0.7594656,-3.9397628,0.7359559,-2.4903557,9.151824,-1.363863,1.3863802,-7.4506893,2.1512659,7.902144,5.2701173,1.6570176,3.3325708,9.830484,5.658743,1.0456852,8.533967,4.8310895,9.748618,6.367711,3.0028543,2.1399782,6.7781425,5.2904696,1.0918823,1.20934,-2.655817,3.6544309,6.430006,0.9858407,14.212292,3.5740232,8.345314,2.144419,-4.1732383,-1.110771,-0.14559262,0.90516615,-4.9715605,-1.7032812,-4.6212096,-0.5121114,1.1331204,-2.0687766,3.755796,1.8886085,-0.26370606,5.314413,1.757709,3.709265,-1.4196889,2.5170355,3.1104858,-0.96133184,-0.18270057,6.398194,-3.1759632,-1.9205134,-9.880948,0.474134,-1.2183276,-4.451305,-2.060881,-2.7572122,-5.4488044,-0.30261943,-1.9695094,2.8985877,-0.89651626,5.0808825,-1.3090676,-2.7250135,-1.6556991,-1.2309111,2.5178576,5.5017233,-18.956354,-1.2036861,2.443321,0.74171174,4.3368306,6.0949802,2.7526011,1.9835494,3.3872004,5.488098,7.047121,13.99398,6.506564,2.0964627,-2.1269395,-5.665043,3.1871157,-0.4367945,1.9601922,-0.23243573,-0.55200815,0.8848774,-2.7968986,-3.59713,0.8625349,-1.4128327,-0.19147189,5.3426757,0.21048717,0.7659888,1.8937535,-2.7792377,-0.5507256,1.4701431,2.3474355,1.6070772,0.062395662,-3.3291001,-3.8372507,8.995377,6.435154,-3.2915056,1.5191324,0.075198494,-0.54986036,7.166452,1.6817104,0.24435155,-3.3898613,1.4564711,-9.945928,-6.297557,3.100475,3.2095377,-7.168088,7.014675,0.6433692,-9.717414,-0.13738786,4.4218984,-4.133589,-3.615213,0.50481874,-1.4781432,-1.4021955,0.37008655,0.50012374,-2.6449983,3.3628726,-1.7798634,-0.09347485,4.122956,0.896302,-3.1706777,-4.070911,-1.4518753,1.6125385,2.495515,-3.1125448,-1.7868234,0.65274227,-1.9355416,-0.5042347,-1.9916788,-1.1735731,3.2855275,3.345784,5.5693736,3.7246077,2.704915,-2.8781304,2.3215344,6.763916,-0.2752243,-0.42901912,-3.60031,3.2948098,-3.9722676,-3.048393,-2.8959014,-3.3209145,-2.763821,3.9208536,6.6583624,0.8967398,-2.5498517,2.638902,-0.5839219,8.444675,0.010975234,4.699803,-2.9397705,-2.9900794,4.2215014,13.860569,3.9478073,1.4948696,10.703593,1.159008,3.2233038,7.5607967,2.0411391,4.4934273,6.836701,2.9623888,7.8045845,6.108712,4.585281,2.2781496,5.4501853,3.6742983,3.2835639,4.567296,3.5040498,18.199747,10.584847,10.57032,7.9769,-2.3252387,4.5296893,-1.6375358,-3.0315614,-7.241621,4.894886,3.3316665,-0.8286511,2.210841,2.797224,5.0870805,-0.5207413,2.8313863,3.0457125,5.100928,6.722202,-0.6005416,5.3316703,1.3416883,1.5856333,1.7342283,0.69352293,-0.9272869,1.6563762,-5.598942,-0.70770067,1.3447635,-4.2975025,2.8162978,-4.486327,-4.772095,-3.242354,0.22219403,2.635048,-8.884416,4.834376,2.3475528,-2.2650418,0.28903365,-0.77789783,4.7264934,2.9393542,8.819016,3.702951,-2.5353477,2.4897323,5.8461,5.585826,-3.0629253,3.3028839,7.6496587,-2.12045,9.151941,8.305343,-0.43261138,0.3919565,5.7110777,4.3697147,8.85262,2.498601,0.16072525,2.711902,1.5054805,3.1371658,2.22467,4.4083295,3.4393036,0.44735473,0.16291113,-3.2780247,0.7159133,0.30940208,0.21481867,-1.5546942,1.8218558,-0.5647852,4.787969,2.8473785,0.085289784,-0.6462673,-1.0008616,13.589139,6.0652304,0.8760064,1.4964235,3.8158414,5.5868635,4.4874315,1.6643882,9.375865,2.5491607,1.2940621,-5.809235,-3.6567106,12.259641,-2.2667768,2.8044288,-6.1280174,-0.3009663,-5.9009924,3.3353353,4.7877364,-0.47335535,-0.5456284,-6.392034,-2.451653,0.60138977,1.8972137,6.030078,0.9991639,5.4878955,-0.6063732,3.401068,-0.12740587,-1.638742,2.5847483,-2.453234,14.83084,3.9592311,5.1513896
62,-7.015823,-17.970446,-2.5466661,-5.8023067,-6.2849035,-4.173609,-5.5158978,-0.12575276,0.7732952,-1.936889,3.145588,1.190348,-3.9571743,4.457627,4.5050225,-5.104969,-2.2221596,-3.3673384,-5.83094,-9.9590845,-2.330663,-4.480756,-11.567353,0.74563617,-2.4383724,0.9585432,0.6606076,-7.2209797,-3.4902902,-2.4012053,8.846007,0.8203128,0.8485939,-14.190929,-2.8172722,4.4258075,7.39281,2.8781147,1.3525821,4.4524655,5.7951365,0.7247737,3.380402,4.0789037,8.688514,2.9103882,0.9797866,-0.8703435,3.8863513,3.0019884,-2.0358677,-1.433631,-0.27233562,1.2264653,4.1238065,-2.2662554,9.994685,-3.294347,3.8941867,2.0460875,-2.0064607,-1.6143091,-4.331073,-0.09085763,-1.4088494,-7.0951304,-7.4992537,-0.700536,-0.83652526,-6.5383897,1.4608921,0.0146403015,-5.282152,0.944239,-0.735385,0.24927771,-4.087195,3.1735795,-6.663723,0.3237075,-9.472041,4.21628,-9.696314,-4.6302657,-11.546497,-0.08751873,-4.563344,-4.320854,-2.8435647,-4.6211886,-7.64967,-2.7119873,-4.2078195,0.8702227,0.27685654,3.5967562,-3.162869,-3.6203177,-0.19241159,-1.6218137,3.0410795,1.3837701,-21.843739,-1.8394215,0.4653395,-1.8197767,0.5402835,5.90003,1.936792,6.073759,0.91268885,3.3710449,6.479506,7.171029,3.9283326,-0.48670518,-3.5148768,-6.84278,6.109624,-4.8173413,-8.725059,1.6048884,-0.3816049,-0.44511655,-5.2184057,3.414743,4.908457,-1.0087134,-5.4970627,2.3130474,-1.3071533,-0.8873928,-0.80130607,-6.095876,-1.2967675,3.3516338,-1.0420209,-1.4915351,-4.6127543,-5.6820354,-2.6825602,1.8866369,7.2554293,-8.157563,-0.07501869,-2.895257,-2.0767596,4.013793,1.0653986,-2.8477545,-5.560847,-6.265725,-10.203947,-7.459612,6.236906,-3.2792988,-14.299095,-1.1079845,-4.2805867,-12.528987,-1.4216198,0.59025484,-5.7744584,-3.0480556,-1.6090114,-1.4658173,-1.2055422,-3.6046228,0.67909676,-7.3469768,1.3061652,-2.0597866,1.7890043,0.17876352,-0.19896013,-2.884299,-8.394186,-4.0544806,1.8535272,3.5358944,-8.123649,-6.617102,-1.6396929,-7.057357,-3.6681757,-4.0445566,-2.7190175,0.29258797,0.95971215,2.2972062,1.3071339,-1.8562379,-9.110203,5.112426,6.210927,-4.902153,0.6284179,-5.422345,0.941221,-4.001142,-4.5495253,-5.316865,-6.4381523,-3.0556731,2.439682,2.2219055,-5.812109,-5.07006,1.6144024,-0.67603344,8.898525,3.496781,8.803939,-7.57408,-6.5481644,2.5923023,12.023265,1.1797028,-1.1557938,2.9663246,-0.5045242,3.0916917,3.7885454,2.3042207,4.795609,4.4973016,2.3959043,4.66835,4.359685,2.2165196,-0.022187283,2.4871902,0.5065915,1.1133324,2.6803002,1.6754493,15.047465,4.058314,4.178698,3.968755,-0.6621982,2.9245167,-4.699897,-0.8016069,-1.6483179,0.87376034,1.4741313,-0.89847165,-0.31941777,-1.9942385,1.635669,-0.9229238,-0.10806279,-0.76090324,1.5979217,2.0783746,-4.040854,3.7939878,-4.386147,-1.7602971,-3.7082329,-2.5283265,-4.685154,0.9914659,-6.6954794,-1.9643447,-0.94649565,-3.7123299,2.562675,-6.2611203,-6.606778,-3.6559172,0.45543596,-0.40647435,-7.8165503,2.0772767,2.2061434,-4.5699677,-2.9094622,-0.21992977,2.4188504,-0.76460457,9.492018,-0.8523185,-7.7001495,1.6589346,7.219623,4.9632993,-1.6937636,0.6461881,4.975948,-2.1111915,5.3378158,5.4973974,-2.0391412,2.2186174,4.354439,4.190246,6.132071,0.29808107,-8.26887,3.0281174,0.23365253,0.26775628,-2.8625004,1.4704514,3.309854,-2.3895466,-2.6874475,-3.8917222,-0.570615,-4.105954,-1.1294452,-4.301039,0.52008057,0.2954554,2.9988844,1.0146308,-4.2365065,-6.993059,-6.0160313,7.873754,4.017329,0.298975,1.4294908,1.4039915,2.4976184,0.88722074,-0.6183402,6.0508766,0.46196613,-3.7132049,-5.859191,-5.358543,12.62226,-7.0108757,0.6877215,-7.8352294,-5.522794,-10.241833,2.9015543,3.3267376,-1.2012129,-5.5042915,-8.101313,-5.5281754,1.0625092,0.09432056,0.0062985397,0.09626623,4.14252,-1.9728079,4.2812777,-0.44731152,-2.7023597,-0.5535996,-3.8704708,14.45085,1.1874933,4.239783
63,-8.590228,-17.942394,-6.9456973,-8.791733,-7.620905,-6.646827,-8.098814,-3.9617834,-1.6880211,-2.0646665,0.7268331,-4.2197027,-6.6185684,2.9186041,0.94958985,-5.952414,3.0119839,-4.517886,-11.391447,-11.562539,-3.8779576,-1.9866452,-11.30555,-6.700425,-2.648733,-1.6580278,3.0214097,-7.576312,-6.4234023,0.061395165,6.4871607,5.4188104,-2.7071483,-17.770924,-8.8201885,1.0966878,11.093202,4.9402037,-0.5124629,-0.4770011,4.248696,0.245348,-2.4205654,2.7990506,6.257129,0.4123978,-0.3277632,-3.9162774,1.1215785,0.9228154,-3.845923,-1.9949248,2.5831678,-0.33283052,0.4042443,-2.634444,4.6875286,-8.541119,1.7056767,3.711335,-0.33774555,1.7495047,-7.2689323,-1.4532716,4.748625,-10.337454,-6.7271686,-1.0840194,-1.9302537,-9.392341,-0.8366697,-2.7790036,-6.03825,-2.8813646,-2.9604232,-3.1860156,-5.420868,3.7534916,-12.705102,1.1240693,-12.976059,0.73883766,-12.101898,-3.8793807,-10.634313,1.5463787,-6.4361386,-2.9025888,-2.6298602,-5.9168243,-7.2624917,-2.321867,-6.488247,-0.2577963,-1.5189472,1.8353108,-4.6881785,-3.9121916,1.3821962,-2.645027,0.41509938,-5.3828616,-16.671722,-0.9831526,-2.0935278,-4.373731,-3.0501544,4.854397,0.86887074,8.079106,-2.2892432,1.9742362,4.2920876,-0.5830684,2.2197838,-0.7183904,-3.9505281,-3.0497212,8.943545,-6.3634763,-11.94524,2.907361,-0.89021367,-2.845157,-5.1392617,11.729695,5.3610277,-0.0006977042,-7.021282,-0.76166034,-2.4382539,-2.1682642,-2.6587465,-7.390759,-1.4250087,3.8021853,-3.510175,-3.6343434,-7.2035522,-4.9704924,0.48729375,-1.437,6.633493,-9.631442,-1.458202,-2.6285014,-1.4619786,1.333919,1.8885189,-4.8257327,-5.1512127,-9.236734,-7.052764,-4.460038,6.9189425,-3.6283312,-15.138779,-7.9053173,-5.8352494,-6.9476957,-0.4460048,-4.83418,-4.9591327,-3.1384232,-0.81787527,-1.9889152,0.3289182,-7.508889,-1.034007,-9.695218,-1.2247831,-1.5173882,1.5817052,-5.218045,-1.6351926,-0.6071918,-8.261395,-4.242598,5.291067,7.5717425,-8.84271,-5.94364,-1.068008,-8.493717,-3.6872785,-3.6034117,-0.18241873,-2.1303217,-0.8761055,-1.683717,-0.4070196,-6.3982797,-10.616586,4.023066,5.746315,-4.907449,1.9833107,-4.100635,0.14778805,-2.9435937,-4.2985787,-4.2902813,-5.8786545,-3.3841593,0.93622,-4.1901646,-6.874048,-5.7311864,2.7992585,-0.2746445,8.144287,7.2357864,8.997018,-9.931438,-10.197103,-0.056703135,9.505366,-1.7579417,-2.5575843,-2.2480268,-1.9863578,2.2382152,-0.9157186,1.5562222,5.1490493,1.982245,1.565326,1.3911326,3.3937206,1.2745576,-1.5192266,-0.8236644,-2.8490045,-0.9892972,-0.4344141,-0.15403192,10.684747,0.679723,-0.8964877,0.8586893,-2.136139,2.784184,-7.106066,0.68055516,3.3613298,-3.5400605,-0.93490744,-2.8868184,-3.9866285,-7.262499,-3.1625748,-2.6436322,-1.5395938,-4.3229165,-2.339364,-3.768457,-7.403499,2.9070923,-9.888971,-3.4697113,-7.227914,-4.88306,-7.5801463,0.7367128,-5.3916273,-0.6159434,-2.4180853,-4.025727,1.6941476,-9.168914,-5.5181475,-4.39574,-0.9425205,-4.16327,-3.4055166,-0.61568266,0.9295537,-6.3177037,-4.2453375,-0.49246457,0.5905041,-4.286273,4.4447956,-7.980245,-8.182693,0.7625912,7.876533,4.7798824,1.3326539,1.4935503,-1.2884723,-1.2521691,1.8153622,3.5725758,-1.565475,2.6840618,1.3591858,3.0911214,6.9137893,-0.42671278,-9.906112,3.1611848,-1.7967813,-2.758297,-6.4715915,-0.9025479,2.2381117,-2.2388484,-6.6200542,-7.587783,-2.8320513,-7.9776998,-2.7297964,-4.001975,0.119554214,-0.35275906,1.1891515,0.8730624,-6.4632015,-10.648422,-8.78793,3.4279516,0.30091015,-1.9522309,1.1104524,-0.11946858,-0.021886878,-1.50485,-3.0234387,-0.707089,-2.2485964,-3.2581494,-3.0900986,-4.433325,8.81972,-6.8732247,1.2875359,-6.129972,-8.279839,-10.182644,1.5843694,-0.77190006,-1.5381622,-6.2841287,-4.804233,-7.927058,0.98971206,-0.40161848,-6.347492,-1.6432469,3.1847818,-3.0029855,2.5448282,-1.0291042,-2.446306,-4.350973,-4.336484,13.279068,1.8989377,7.5563884
64,-7.2761426,-14.41919,-6.2391458,-8.778516,-6.0002117,-6.8596554,-6.9748793,-5.485777,-2.4021647,-1.6343856,1.0474703,-6.272972,-6.3690667,1.9684591,0.6563863,-3.9732358,4.5351405,-3.5452323,-10.7201395,-7.5598545,-1.5319749,1.3347527,-7.505416,-11.098922,-2.8307037,-2.6690552,4.753221,-5.9540796,-6.385164,3.55619,2.9976156,9.234189,-6.1353726,-16.850058,-12.4742565,-0.6780642,11.412999,5.9576054,-1.707146,-3.1254745,0.3053946,0.0797755,-4.904669,1.356146,3.4125943,-0.9668749,-0.8213257,-5.4976797,-0.280528,-1.3884923,-3.8028517,-1.1971267,3.788001,-0.6079627,-2.5707006,-1.0497472,-0.06773884,-8.859126,3.2216203,6.1168094,0.48470742,6.906065,-7.3034515,-1.5433624,10.455294,-11.70027,-2.8628705,-1.0716544,-0.72012645,-9.221782,-1.7841368,-5.04055,-3.0996344,-3.8275955,-2.909806,-4.681564,-4.9644623,2.9850764,-10.951721,1.128441,-9.178089,-2.898592,-9.283955,-1.0125301,-8.757714,4.27911,-5.6044436,-1.6760572,-0.54926634,-5.89039,-5.5706477,-0.79744005,-7.366203,-0.21630009,-4.8655715,-0.2586451,-5.656547,-2.9481378,1.576384,-3.7612846,-3.5262582,-12.059409,-7.5365953,0.46057364,-4.3880324,-6.2124767,-4.083634,3.824513,-0.100947514,5.761831,-4.497809,2.2552903,2.323946,-5.196381,-0.20613593,0.99584514,-3.9070187,1.0981742,6.2857738,-6.83787,-9.713486,1.087973,-1.7640725,-5.12818,-2.8263135,13.55149,3.5124264,0.1729989,-3.1016762,-2.2211637,-3.02064,-2.8596888,-3.9473853,-6.552974,-1.7133968,1.3765829,-4.6536503,-5.058791,-6.5988693,-2.5514717,2.3566763,-0.7019641,4.2938585,-8.195168,-2.8246503,0.20365368,-0.049096633,-0.56877,3.2980714,-4.472007,-2.7665374,-7.386441,-3.7354157,-0.12620857,4.322274,1.9790081,-10.83696,-10.020159,-4.729649,0.23167254,2.3223338,-9.902818,-2.3100135,-4.9954844,0.7925067,-3.7933772,1.0566895,-9.6138315,-2.5559921,-9.265467,-2.6253612,-1.0157483,0.28710935,-7.0241876,-3.182749,2.3439505,-5.9410324,-4.2314477,10.2430725,11.746832,-6.157018,-0.7776649,1.4197515,-6.498336,-1.4056779,-1.7462162,3.8732553,-3.2196984,-1.5193092,-4.309445,-1.257663,-8.316684,-7.2814627,0.27357203,6.038559,-1.3201531,2.2957947,-1.7548323,0.078990124,-1.6242884,-2.4315236,-0.8245938,-3.1145158,-2.162981,-0.051646676,-7.7688336,-4.520143,-4.3583155,4.758368,0.6235417,6.1344905,8.786872,6.7838397,-8.328278,-11.397385,-2.328952,7.312856,-4.116156,-2.288888,-3.069079,-2.7570872,1.3460855,-3.2202375,0.49463442,4.8423796,0.025203563,0.4880098,-1.1915289,3.2082298,1.1798166,-2.03637,-3.0458505,-5.073289,-2.093713,-3.68586,-1.6193936,4.566195,0.8484759,-0.82093436,1.3221046,-2.7762349,4.741222,-6.1822066,0.8068581,6.585011,-7.3997293,-2.0786648,-5.3575754,-5.0555916,-10.538931,-6.752262,-4.3084593,-1.3433552,-6.0402308,-4.8893266,-7.5326185,-9.848747,2.3868487,-13.08835,-3.142362,-7.230753,-5.9428287,-8.079595,0.20452955,-2.4670484,2.5955384,-2.041458,-4.465796,1.6924497,-10.866003,-3.6175764,-5.133909,-4.0168047,-6.2771497,1.0247104,-2.5717468,-0.028120713,-6.99877,-2.911475,-2.1470954,-0.040769234,-6.360192,-5.1289954,-13.266096,-3.8435478,-1.158544,6.4223504,4.4723697,3.8244715,2.7624283,-6.4642687,-0.3347567,1.2438571,2.7504396,0.01934824,0.84613085,-2.0791156,-0.646101,8.676583,-1.6938765,-6.79424,1.5084094,-3.697665,-5.3928843,-7.286612,-2.4364588,-1.6633167,0.21265537,-9.919762,-11.603178,-5.202757,-8.621424,-4.390964,-1.2283931,0.77190185,-4.307273,-0.32993737,1.5730504,-6.077667,-8.91894,-8.461303,2.5534525,-3.7567196,-5.3575416,0.19501488,-0.79351944,-2.060206,-2.0295863,-4.48252,-6.6919136,-4.01824,1.6721349,-0.9795634,-2.5247626,2.1004922,-3.1668217,2.7663085,-2.4176676,-7.8055606,-6.116042,2.1383731,-4.516469,-1.3504064,0.22868472,0.32975626,-8.325759,-0.98669076,0.3828258,-9.552391,-4.3646297,1.8961909,-3.7372205,-0.5211061,-1.9247632,-1.7049699,-6.7680197,-4.414318,7.536261,6.0039663,12.938863
65,-4.695338,-8.484491,-2.3410635,-6.5364714,-2.9443727,-5.0027676,-2.885185,-4.705003,-1.5326884,-1.1577799,1.5473983,-4.802471,-4.054918,1.9215666,3.6153624,-1.3357189,1.6639781,-1.8452454,-4.6418705,-1.5978032,1.6145957,2.626057,-3.7389135,-9.143858,-2.61723,-1.9198241,3.433925,-4.137418,-3.054303,5.971736,0.35131463,8.712,-6.109738,-12.5686245,-11.12838,-1.0269878,5.385986,4.037348,-2.1146202,-3.3573997,-4.247199,0.7312266,-3.0640028,0.18529868,1.1112373,-1.7793921,-0.95196843,-4.6527414,-0.6453131,-3.5349426,-2.60175,-0.5747193,2.7757137,-0.35850257,-3.2695427,0.10063261,-3.371229,-4.3466206,6.417794,7.6534376,0.59218246,9.046015,-4.8940954,0.23068897,12.430784,-12.992553,1.0718079,-0.42243493,1.6287254,-6.9243565,-1.450225,-5.830546,0.09573906,-2.0862608,-0.32993957,-4.1890144,-3.4639878,0.470188,-3.9677792,0.2863199,-2.703687,-5.6760674,-4.204583,0.8293048,-7.6276994,5.61004,-3.0156918,-2.1601624,2.8081942,-4.4788923,-4.426094,-0.4681847,-6.251593,0.2577957,-6.3683167,-2.2343097,-5.6651464,-0.58029693,-0.21582095,-3.8972838,-5.497298,-15.268246,0.12799267,0.8077282,-5.496993,-6.5354323,-3.0622635,3.14971,-0.67729163,0.05192698,-4.633745,3.3312492,1.7527366,-5.24303,-4.231106,2.4395144,-4.061065,0.6573681,-2.1811292,-7.8446064,-6.944675,-3.782051,-2.3324258,-5.6762624,-0.09463177,6.2132864,2.607336,-1.0082715,3.4081445,-1.7474403,-3.1990173,-3.197598,-5.236894,-4.977894,-2.3435109,-2.9701843,-4.844995,-5.871316,-3.3670528,-0.63909525,1.4429983,2.2085168,1.212257,-5.8898406,-3.9564848,3.039839,0.10441488,-2.1494708,3.7857583,-1.978198,-0.49106365,-3.130581,-2.4093754,2.239831,0.669386,7.9172993,-4.8620963,-7.212952,-3.280006,1.9866291,5.298626,-12.219797,0.70331764,-8.232998,0.61725664,-6.7509556,-0.11376437,-8.936706,-1.6389209,-7.4678526,-2.2523122,-1.3070837,-0.5164498,-3.0301182,-4.1875334,4.1562853,-5.2899446,-5.6393685,12.968494,11.960129,-2.7290084,4.738181,3.6153162,-3.11098,1.0167673,-0.16820341,5.771885,-3.04518,-1.3505629,-4.2041535,-2.1004093,-6.4358335,-1.7587515,-3.0204127,6.9831624,2.7924223,1.2298777,-0.48347852,-0.64382017,-0.6324841,-0.015364193,2.133132,-0.3921152,0.8707783,-0.42921096,-5.862791,-3.096597,-1.6057146,5.899665,1.8145341,3.7636173,6.839862,4.6760716,-4.5382514,-8.727819,-2.5553806,5.8530345,-5.2338767,-0.88546735,-1.0751522,-2.9029589,0.81040287,-1.8977065,0.14747828,3.6243227,-0.784714,-0.49789986,-2.5412428,2.8078144,0.9455811,-1.9630725,-3.3523169,-5.254854,-2.098553,-5.7797136,-2.620318,-2.7981074,2.0557086,3.3324213,5.1586967,0.71846837,6.672498,-2.1992693,0.6252129,7.705529,-10.824089,-1.0519336,-6.3414245,-2.6701999,-10.546269,-7.9968786,-4.776739,-0.6501393,-5.4730744,-4.989813,-7.6342196,-10.728884,1.2900692,-12.635702,-2.5146115,-4.628609,-6.0952363,-6.156334,-1.0128698,-0.19745588,4.995937,-0.43983623,-4.346475,2.8285506,-9.832724,-3.2276552,-5.211047,-7.4311466,-5.5020313,2.3858612,-3.0877335,0.71450615,-6.7071257,-0.57067776,-3.9759839,-0.48511958,-6.436674,-12.958831,-12.528991,2.013452,-4.179555,2.2779481,3.4687662,3.6499643,1.8045286,-6.8863077,0.1642056,2.8285105,2.4744937,0.91558886,-2.3126376,-4.8238993,-6.237115,7.2925143,-4.8372536,-3.7868068,-2.0246332,-4.686295,-6.624604,-5.873726,-2.194863,-7.106219,2.422473,-10.560859,-12.117192,-6.349809,-5.800852,-5.4459443,1.4899465,1.2089822,-9.877982,-1.3698721,1.8565775,-4.0200047,-2.6294308,-5.155499,5.0361824,-5.924849,-8.052292,-0.9586385,-1.1942947,-3.5212064,-1.2250028,-4.2173233,-7.992884,-3.7165444,6.914982,-1.1797565,-1.2979128,-4.128936,0.4413251,3.1661866,0.98232543,-4.99626,-0.17795978,5.221675,-5.0618467,-0.50784194,10.065781,3.318498,-6.8115687,-4.0632753,0.9256909,-8.084542,-7.608504,-0.45575657,-3.8302636,-3.5013187,-2.6493175,-1.3296244,-6.3271728,-4.5864654,-3.203774,9.953465,14.885854
66,-2.272031,-1.4470738,1.7847037,-3.4112806,-0.2174878,-2.006038,1.7381201,-2.9197674,-0.10881914,-0.6831163,-0.09106835,-2.0395145,-1.2439865,2.4629757,7.444574,0.37486023,-2.2288985,-0.51081246,2.529395,2.376587,2.6184335,0.87278366,-2.2504597,-2.5039656,-1.7302597,-0.26357752,-0.08112615,-3.2196922,2.4097269,6.667657,0.6988833,3.6919787,-1.6997012,-7.155473,-5.2709455,-0.801293,-4.165926,-0.28628266,-1.8567635,-2.105442,-6.0722117,2.0254238,0.76252776,-0.16325183,0.15281644,-1.9955473,-0.98354894,-1.6331533,-0.9147936,-4.0548253,-1.3947163,-0.7164179,0.74511665,-0.4141687,-1.818531,-0.73053443,-4.489109,1.226664,8.243055,7.629347,0.5718555,5.2115135,-1.8614026,2.7977903,9.926553,-15.392651,2.2294917,0.6234776,2.8088162,-4.7266784,-0.64988136,-5.481997,0.5934564,0.2073737,3.041243,-2.857995,-2.0097024,-2.6848474,1.8253148,-1.4579649,0.39342585,-6.8946953,-0.9893441,-0.17534068,-7.4395237,4.0597343,-0.68703395,-4.1303687,5.4074383,-2.3582609,-4.4957747,-2.3799598,-4.0932245,0.30490765,-3.796905,-3.012382,-4.1918974,2.4538321,-2.9553983,-2.5532978,-3.8879097,-13.257321,3.546476,-0.5876059,-4.680179,-5.1379976,-2.0421643,2.703962,-0.5342562,-5.689849,-2.944861,3.5531986,2.5885887,-2.2799473,-7.9927526,1.9528091,-4.3194013,-4.9766755,-10.450452,-8.473818,-6.0803266,-8.471291,-2.091421,-3.7100868,1.2018099,-5.045814,4.1649895,-2.567992,7.610239,-0.0046380684,-2.91844,-3.342485,-6.317566,-3.9819536,-2.6417181,-6.186754,-4.5571704,-5.443075,0.52715814,-0.19048557,-0.6082136,5.2779093,-0.71467924,-4.2217784,-3.8914747,3.733003,-1.6194371,-3.4856467,2.5730393,1.4568747,0.21629554,0.9296196,-2.8276734,1.3989314,-0.48296815,8.496189,-0.25281647,-1.7827018,-2.79025,-2.9069035,7.012562,-9.964092,2.4919286,-10.722446,-1.5458115,-9.610893,-2.2159884,-5.8882504,1.868243,-6.070958,-0.75371575,-2.2066963,-0.09560643,4.196148,-4.0267177,4.2646585,-7.831701,-7.4163904,11.272954,6.5921645,-0.49354616,6.9447103,4.1101623,-0.31645432,1.9849707,0.21819168,3.9526982,-2.1085696,-1.1397461,-1.5680027,-3.4223185,-2.04066,2.8385906,-3.0080922,8.117918,4.933757,-0.09093644,-0.28962463,-2.0837698,0.08742382,1.8745998,2.4390354,1.0710452,4.1676373,-0.24347867,0.00052633655,-4.124903,1.4184102,6.4229054,3.4207873,2.5234423,2.4674962,4.398254,-1.7914579,-3.2346456,-0.35787,5.089546,-4.551361,0.70454615,0.87374365,-2.5332448,0.53148276,1.8035173,1.0470567,2.3775465,-0.2612349,-0.64915097,-2.2761664,1.5907161,0.32681796,-1.6878194,-1.9499449,-3.4411366,-1.5064543,-5.7668867,-3.1331697,-8.559188,1.6671712,7.1972775,9.684819,7.2556334,5.942643,1.8989073,1.5140258,7.246476,-13.713587,1.4126414,-5.033647,0.6133101,-8.012448,-7.4051294,-4.2498713,-0.53904366,-3.379945,-2.6755898,-4.8593955,-9.815381,-0.7152431,-8.803098,-3.359557,-1.8819177,-5.848628,-3.4687014,-2.3785005,-0.60201985,4.5475774,1.0132027,-3.7098687,4.286692,-6.77927,-4.5349574,-4.3077126,-9.094713,-2.609071,0.8009387,-1.799504,3.012347,-5.722007,0.61134887,-4.104733,-1.5452089,-4.755763,-13.228736,-5.5271544,5.6591115,-6.71272,-2.7617517,2.3960152,1.0898598,-0.8903484,-2.6495416,0.1746354,3.8206315,2.2839487,0.24680793,-4.5430984,-5.90012,-10.49149,1.8960156,-8.311591,-3.845351,-5.2958193,-4.3804245,-5.596195,-3.592059,0.11652427,-10.141845,2.5347545,-7.7780733,-7.830164,-5.212777,-1.7681669,-4.9664516,2.0976393,0.22405954,-12.544163,-1.7046642,1.4259206,-1.6963948,4.144419,-0.027873969,8.788897,-4.7654133,-8.035067,-1.3391978,-1.432259,-3.6916614,0.04542444,-2.2252383,-3.846409,-1.5236723,8.858959,-2.1280699,-1.2279121,-6.6225743,1.4662468,2.5603533,2.5598729,-1.5292025,4.6740236,8.909891,-2.224455,0.8673141,14.729488,3.0457509,-4.73934,-5.7772202,0.035089985,-3.1162517,-10.102501,-3.3368418,-3.140367,-5.220543,-2.3710089,-1.3024782,-2.666805,-4.46164,-13.55139,10.175477,9.826715
67,-0.4498587,4.231029,4.115355,-0.5845501,1.3146821,0.9764645,4.532174,-1.5371958,0.8173618,0.04933066,-3.1109502,-0.29846248,0.6360323,3.0910816,9.588874,1.0153797,-3.1192389,0.49311402,5.9939356,3.0703607,1.3357321,-2.1408162,-2.5350838,3.7589173,-0.36396268,1.5217497,-2.384494,-3.0136209,8.063939,7.1533937,4.6201544,-1.9628477,4.9200125,-2.1830502,1.3577881,-0.34248003,-10.438303,-3.7838924,-1.0565119,-0.4354997,-3.4385874,3.0195038,3.3309183,0.6105557,0.7867879,-0.85121405,-0.619193,2.067958,-1.3510497,-1.9294031,-0.79986876,-0.74371207,-0.6479758,-0.744112,0.35379452,-2.8980074,-2.8628366,3.3785582,7.59625,6.5517445,1.0996361,-2.5418112,0.36031902,4.2882586,5.325995,-17.715662,0.4488928,1.6596837,2.002465,-4.0113163,0.30260673,-5.073085,-1.4355744,1.1204598,4.9510465,-1.4654357,-1.0913992,-4.6699977,2.1327305,-3.8746152,-1.7189126,-6.1919765,-1.0730287,-2.7327652,-6.81059,0.7317535,0.37017158,-5.4317317,5.171065,-0.3966685,-4.8103766,-5.489075,-2.5099087,-0.2506522,1.5356461,-1.8053741,-1.141165,4.887462,-4.7520757,-0.5750455,-0.3221913,-7.433783,3.3288865,-2.5780113,-1.8341112,-3.0095656,-2.06785,2.3195965,0.45605138,-8.459778,-0.6604582,2.251843,4.0873094,0.60223395,-8.315896,0.18753341,-3.7940822,-11.466947,-11.467137,-6.387796,-5.6252346,-9.198849,-1.1145126,-0.18460627,0.56329745,-11.69708,6.3077765,-2.9073732,6.7270136,2.1188428,-1.8616098,-3.0590928,-6.127435,-3.4644427,-1.8646086,-5.61876,-3.8892262,-3.097913,2.8792765,-0.28047603,-1.0540891,7.36005,-0.12844996,-3.1067245,-1.6881515,2.3385854,-3.8145187,-3.945437,0.313262,4.5591383,-0.21390358,3.4786782,-3.4839597,-1.3218125,2.2202146,3.2594526,1.8019702,3.5415,-2.424814,-9.696768,6.844687,-3.299397,2.1449676,-10.185145,-3.1714196,-10.654284,-3.4074712,-2.1160102,5.5233474,-5.594629,0.60359424,-2.7087054,0.9057943,9.589637,-2.8107617,3.704567,-11.141522,-6.837962,6.73693,-1.8583889,0.47340474,5.2567368,3.2485645,1.0863248,1.4461197,-0.29596895,-0.007852709,-0.8555528,-1.1955947,2.0406976,-4.438353,2.0872738,4.846686,0.84641016,8.984945,4.6107955,-0.1714624,0.42103228,-2.8470361,0.909216,2.8079312,0.60922635,1.4146472,5.6308503,0.5355081,5.646911,-4.8905535,3.6213043,7.969669,5.8212943,3.1866148,-1.6006575,5.80455,-1.4868369,2.0893505,2.7557418,4.6954803,-2.050434,1.694076,1.2925507,-1.4518112,0.14832221,5.6226444,2.787718,2.4447725,1.1791255,0.639653,-0.28369,0.1289148,-0.0033103437,-1.223747,0.17972569,-0.7786336,-0.8027556,-3.5944376,-3.0202603,-9.304259,-0.7426296,7.626305,11.991204,12.070463,2.282046,3.4615998,3.4874642,6.179991,-14.835814,3.6634183,-2.36449,1.6883998,-4.899051,-5.859077,-3.7944725,-0.95897406,-0.90090704,1.0639173,-1.1567243,-7.3134375,-2.7248611,-3.3166163,-5.384458,-0.58223015,-5.1854444,-1.8200995,-2.7375178,-3.5502913,2.001093,1.6718345,-2.8805323,5.3447237,-3.8174188,-5.6253242,-2.7566013,-7.531338,0.32354614,-0.5659036,0.740201,5.0880914,-4.125833,0.08599961,-1.9629905,-2.2433882,-2.0374846,-6.230705,3.3654268,5.7607884,-6.645543,-5.501723,2.712742,-1.060449,-2.69083,2.9307582,-0.30534175,2.6685514,1.9699372,-1.0778458,-4.134419,-4.474954,-10.49818,-3.9121132,-8.786895,-5.842117,-5.663334,-2.8220441,-2.6625943,-1.2989002,2.9732432,-7.805846,1.0729622,-2.815218,-1.2469537,-1.8132145,0.8762367,-2.5609329,0.8426188,-1.9027759,-8.853107,-1.1653618,1.0420938,0.047465276,7.10587,4.8979917,11.298281,-0.93635595,-4.663397,-0.1046229,-0.8704561,-2.0091777,1.3087423,0.64567417,2.986186,1.1822175,7.0876293,-1.2740057,-1.6662308,-4.799071,0.29626012,2.647431,2.3200116,1.1849159,5.946569,10.581491,1.3930141,2.2055237,8.881926,1.8230692,-3.5495822,-4.290545,-1.7219201,2.5578222,-10.266865,-4.9936337,-2.2886467,-4.831913,-0.6477535,-0.9759167,2.9824212,-3.1346433,-16.296978,6.464365,-0.20608011
68,0.7850128,5.6595554,4.116698,1.1351213,1.7189735,2.9702847,4.5846424,-1.0447223,0.8507406,1.0016936,-4.4017797,-0.035866447,0.88051325,3.3092484,9.1177845,1.1718396,-0.18864761,1.6525406,3.943721,2.0600326,-0.040849436,-3.5271082,-2.612007,5.3598547,0.93003094,3.201464,-0.9422649,-2.654813,12.028894,9.177087,9.816195,-3.70876,10.006356,1.9112732,4.4644237,0.7204526,-8.689562,-3.1815994,0.14558274,0.96119297,1.7632301,2.7659702,3.349749,2.0827315,2.4479957,1.9515203,0.55051786,4.5486073,-1.2497773,1.8472674,-0.6082542,0.45031947,-0.72141075,-0.6788049,1.8462253,-4.3272934,1.0963383,0.6684976,5.813047,5.100164,2.2569675,-8.666185,1.6847548,3.5456274,1.929773,-17.155245,-1.7572995,2.4067461,0.71750224,-4.1830025,1.7809441,-5.180405,-3.2269886,0.43054536,4.39408,0.14343762,-0.4727975,-4.5032105,-1.7944891,-6.0936775,-5.6031227,-3.7148209,-2.221691,-3.7546923,-4.29105,-1.6546931,0.92407143,-3.992053,1.771656,0.93173593,-3.9702356,-7.5277524,-2.2111356,-0.9273664,5.6229258,0.82545197,2.5864902,5.692807,-4.5531335,0.33710057,1.8065832,-1.6998527,1.1973397,-3.4482272,2.0984201,-1.9277934,-2.1606505,2.0371547,1.7759209,-7.8305264,0.9250592,0.19902924,5.3939834,0.7834741,-4.247223,-0.53677887,-1.8041261,-13.653886,-3.8708773,-1.1834658,-3.362859,-5.1124387,-0.05235232,2.6554394,-1.0726098,-9.709825,5.839029,-1.3831917,2.112423,3.8572257,-0.037950817,-2.008552,-3.8937674,-2.2650445,-0.16535719,-1.4902433,-2.739236,0.6429292,2.610279,0.49669516,0.8425638,7.7556014,2.4619696,-1.5084382,2.33447,0.7067016,-4.622995,-2.977567,-1.4907814,6.543657,-0.26734376,4.3295407,-3.5325756,-3.6554954,6.033403,-2.8585417,1.4821138,7.221685,-0.659442,-12.758583,4.961925,4.9891696,-0.057132367,-6.345664,-1.8313395,-8.989702,-3.013035,0.34150413,6.12342,-5.1100135,0.92990226,-2.0269115,1.0675534,9.781214,-1.5525914,3.6131113,-11.19724,-2.4466817,3.1915827,-8.791587,0.9966291,1.6929249,2.193911,1.2552915,0.32043284,-0.8983791,-3.2712896,0.42901033,-1.1816349,4.8025665,-3.803504,3.8116548,4.3070607,6.2146134,9.0507765,2.8098364,1.2270988,2.4918475,-1.6939843,1.8146389,2.899237,-0.99012315,1.1208624,4.3676467,1.757121,7.6680837,-1.9888881,4.278209,11.282758,8.772375,4.7788577,-3.0711856,7.1239862,-2.0285757,4.4507575,4.5265875,4.2372303,1.3408026,1.7783413,0.80221385,0.49606076,-0.49451604,7.905381,4.3337965,4.2408376,2.6755314,3.087045,2.9653523,-0.36682346,0.6601458,-0.39853942,1.9679066,1.1056504,-0.12615602,-0.28535196,-2.0931747,-4.404973,-3.4211226,5.374073,10.877036,11.107159,-1.7283635,2.5834012,4.9070086,5.2235193,-12.65181,4.512584,-0.08822693,-0.033353116,-2.8408616,-3.662761,-4.0033984,-0.9274842,1.1430198,4.5768113,1.9236838,-3.789646,-3.4133677,1.7486484,-6.380354,-0.13572477,-3.7675798,-1.4575568,-1.3629003,-6.62588,0.29568467,2.0331979,-1.8600072,6.1399307,-2.3943582,-4.6867156,-1.2444793,-3.0571978,1.4873097,1.2683421,3.1340683,5.028868,-1.9564897,-0.8671995,0.84623104,-0.79610443,0.7112007,1.7597556,8.446591,3.501338,-3.5183008,-4.2051635,5.0311804,-0.14129816,-2.0729904,6.2075334,-1.4065306,0.40524882,1.1059359,-1.4117681,-1.2503471,-0.3300703,-6.4700537,-5.8040547,-4.635152,-6.56391,-2.6425827,-0.50742877,0.31501687,0.88805634,3.770583,-1.4511561,0.10070497,1.85448,3.5015593,2.4057474,1.3013201,0.9415499,-0.2746962,-3.6156838,-0.015243834,0.09848295,1.4237,1.1144689,4.98126,7.460109,10.924833,3.119454,0.8117657,2.481315,1.0573263,0.8204055,2.4266193,3.1300588,8.407623,2.8082783,3.7833807,1.6624609,-1.8239145,-1.2799091,-1.1757228,4.3942513,1.1453778,2.4836404,2.9253304,9.144108,2.886462,2.6462195,-4.232267,2.236147,-3.5658164,-0.24913445,-2.6564028,6.39475,-7.384631,-4.005258,-2.3887014,-2.0537455,1.9320962,-0.11172923,7.8901973,-0.39287072,-9.304079,1.9321203,-9.180677
69,1.1392674,1.9875746,2.2615745,1.3116856,1.3429129,3.4466093,2.6211033,-0.88625854,0.3470735,1.5411017,-2.0076594,0.018960662,-0.25009605,2.519874,6.7455115,1.0400116,3.608786,2.7607386,-1.1423523,1.581122,0.27042133,-2.0695398,-1.3196086,1.9506608,1.6820965,4.596055,3.2499068,-1.6113065,13.013084,12.103277,11.918474,-0.48594528,10.67344,5.0388246,2.5846298,2.5414326,-0.71910024,1.6168498,1.4237502,1.8392767,5.5508122,1.2619939,2.203836,3.1876967,4.098825,5.1888857,2.2831044,4.745,0.14856605,4.644481,-0.31104234,2.6178546,0.011699815,0.09758535,2.349301,-3.5421898,5.5828123,-4.110296,4.5968957,3.2217917,3.1677532,-8.9701605,2.7982957,0.96221614,1.0600252,-12.013689,-1.6800445,2.6774735,0.94332373,-3.6219215,3.7917764,-5.222361,-2.386185,-0.7241543,2.1435723,2.129597,0.18034118,-2.7878559,-5.1901507,-6.96863,-6.68996,-0.3365895,-1.293229,-1.4562294,0.08722926,-1.3165505,2.1955714,-0.22465858,-2.7458093,1.6598946,-1.6930808,-6.7448273,-2.331176,-1.2131894,5.311454,3.059748,5.2538614,4.6231065,-3.0278647,-0.86337423,0.47021642,0.3300239,-2.0124032,-2.8239229,5.3402653,-2.9749954,-0.73838586,2.0282114,2.2738864,-5.654311,1.2000302,-1.5604156,5.845534,-2.296969,1.3612134,1.3274491,1.1900948,-10.377507,6.380415,3.9745564,0.049617182,0.68960035,0.31512573,2.9111514,-2.4075775,-3.0278938,1.9398532,0.89476866,-2.4613469,4.540869,1.719429,-0.3147852,-0.27812472,0.19325711,1.348376,3.0885627,-1.289482,3.845177,0.43114734,2.206218,2.963412,5.753134,4.8684063,1.1964986,6.2346573,0.41106775,-3.6855898,-0.9580953,-1.7344137,7.029487,0.7665943,3.6275377,-3.3495243,-4.3248034,6.193845,-4.5070586,-0.62687624,8.979848,2.4378426,-10.628293,1.9753895,10.6851015,-2.689511,-1.4526387,1.7811356,-5.42247,-2.1688504,0.21838741,2.4612114,-3.529296,0.24979281,-0.4953681,-0.67380637,5.426583,-1.4168519,3.5755863,-6.4345345,4.130034,2.931285,-11.190287,1.2685059,-1.5303054,1.3606663,0.524773,-0.67902637,-1.1350856,-4.377204,1.4424995,-0.67906797,5.745196,-1.2273632,3.0776083,2.1251159,9.3384285,7.5822973,0.67951435,2.655867,4.604453,0.9225779,2.1282027,2.3360438,-0.6984017,0.124459535,1.2696158,2.7231288,5.6760945,4.163529,3.2504294,14.495564,10.719312,5.0890594,-1.7349598,6.2302375,-0.8949129,3.3337457,3.8915064,3.515493,4.072841,1.1943742,0.7228541,2.9271111,-1.0686141,8.1631975,4.8119664,6.668287,3.431193,5.4209337,6.3254657,0.77053034,2.1474073,0.697785,2.8429534,1.2076585,0.5469081,2.570306,-0.39478227,2.7182806,-4.3812847,3.5085592,7.039636,4.7695265,-3.0983267,1.5804955,4.0074115,4.2744455,-7.14305,3.988075,0.6538689,-2.4013343,-2.1503372,-0.9593655,-4.365236,0.28655452,2.3034728,6.075329,3.769191,-0.06816285,-2.468366,5.0594707,-4.513576,1.0281131,-1.733215,-1.0285655,1.3152984,-7.05431,1.6675513,2.7648535,-0.5333239,7.201674,-2.1489573,-1.9413794,-0.2337999,2.193469,0.48944914,6.0684342,4.157979,2.5635564,0.37953168,-0.7262166,1.8286508,2.835109,2.2944772,4.4832635,7.1855087,0.5298927,0.575648,-0.3864788,8.03651,3.472779,-0.322639,5.7926354,-3.1038153,-0.84843904,-0.954669,-0.22605127,2.3435006,5.3837886,-1.8778902,-3.3751798,1.807437,-4.48443,1.2705468,1.585948,1.1083244,2.881363,1.1304904,3.8009984,0.82145053,4.2448854,4.231515,5.214197,0.6078734,3.774825,0.2856922,-3.6895297,8.496205,1.538259,2.2869177,1.6149694,0.21828842,6.5094366,7.6283417,4.914564,6.12613,4.9664,3.8471482,2.8738592,3.1431706,4.2662077,9.793897,2.5994103,1.0776566,4.082516,-1.5087653,0.13982664,-1.9070603,6.470275,-0.21904573,2.3427722,-2.71341,5.5938087,1.7559383,1.6230322,-15.283482,3.7783508,-3.7959025,3.6389596,-1.9760557,7.4904656,-2.5070326,-0.8255242,-4.0040326,2.4034278,3.9176276,0.55165726,9.179279,2.6156206,1.730205,-0.2718026,-12.295369
70,0.14764845,-3.9309773,-0.43847367,0.051296316,0.41827053,2.4865403,0.22540326,-0.1955424,-0.030835219,0.913759,2.3568592,1.1047895,-1.6565405,0.09309076,3.6345785,0.26068747,4.6457057,2.8081813,-4.5222836,2.3030877,1.6551523,0.62026656,0.719865,-3.2104194,1.8346866,5.0524006,6.504678,-0.16068965,10.577465,12.630738,7.547819,4.335948,6.4349093,6.710651,-1.8636072,4.2369246,6.6671863,6.9706774,2.2705219,2.303239,5.554454,-0.3832269,2.1308296,3.019862,4.9962964,6.6680446,3.5225441,3.1548152,2.5765724,4.480016,0.2321636,4.035537,0.794371,0.9942474,2.5276134,-1.0130438,8.280136,-6.4664955,4.030518,0.49781644,2.5750828,-4.161794,3.9266744,-1.9652722,1.2572778,-3.8003953,1.0409145,2.2139099,2.7458959,-1.5915918,5.1422715,-4.1127205,0.7354919,-1.3029578,-0.18539603,3.638064,0.74789333,-0.9645032,-4.7139335,-6.1155543,-3.9953687,2.5270185,2.1803985,2.829546,4.717459,1.002869,3.9809322,2.7627614,-5.28107,1.9841613,0.87802565,-3.1617281,-1.4139786,-0.9845821,1.2840282,3.2225256,5.3668623,2.2067661,-1.7532756,-3.4150388,-3.1170247,-1.8216991,-5.8947744,-2.1385221,6.2872014,-5.243683,2.29182,2.399673,1.0358324,-3.8610837,0.38958806,-2.9518654,4.9995437,-6.6152644,4.3310833,4.7383323,3.7727995,-5.284951,11.0703335,4.804803,1.3313563,3.7231138,-0.32406068,0.52404034,-2.856837,0.5871194,-2.4515774,1.8677253,-4.247218,3.7271116,2.1750944,1.2892439,2.799565,2.8274593,1.6081759,4.7814603,-0.15419956,4.535038,-1.7456465,3.3346837,2.607334,1.2528102,4.9477897,4.4658227,7.63158,1.1767977,-2.3315747,0.96674997,-0.4927097,5.786181,1.9181124,1.6269674,-3.4420962,-3.5284169,0.45880297,-1.0606799,-3.6064079,8.92718,4.726462,-6.3833184,-1.2008382,10.755824,-3.9220753,1.5842779,4.0248694,-1.9765007,-2.3929648,-2.0912082,-3.3224542,-0.99544,-0.6943206,0.67303616,-4.2031326,-0.02759382,-2.6418083,1.8503214,0.46823695,9.257681,4.5238457,-9.549251,0.5944371,-3.6595635,0.040424448,-0.86991435,-1.5225362,-1.1088818,-4.0432706,1.8244638,0.2197203,5.0702815,1.7950643,1.4772785,-0.62188876,7.5352407,4.0812626,-1.1138868,2.362583,4.503116,3.0441022,1.118107,1.197059,0.76662976,-1.8845013,-2.0095859,2.4163172,1.8340352,8.923592,1.0765482,14.179978,9.477258,2.5183234,0.6652506,2.0873091,2.3227699,0.7376919,1.8835679,2.8004045,5.002238,0.54768354,1.3320261,4.970176,-0.998839,6.6992645,4.109617,8.02223,3.176128,6.2419024,8.3653345,3.0185394,3.4730318,1.5953208,2.8310387,-0.12984845,1.077538,3.8144088,1.59857,7.149271,-3.2456708,3.663863,1.971098,-2.4842675,-1.3306975,2.2593682,0.77987635,2.5624948,-0.5754133,2.905262,0.021353615,-3.0369794,-2.0569043,1.3439761,-4.021366,2.239664,2.275813,4.5692916,4.249414,2.9490707,-1.0667577,6.2479734,-0.40582705,3.0709622,-0.05204989,0.7113484,3.9911613,-4.0235033,5.3357196,3.5977252,0.60304,8.426189,-1.711944,0.6715668,0.32792953,5.5600624,-1.6544211,10.570293,3.824844,-0.59912956,2.073276,0.7297409,-0.050938245,5.958932,1.7558703,1.5093012,1.9108114,-2.639709,2.6279805,2.5189223,9.386412,6.3336673,0.11813557,2.9770284,-4.8112926,-0.2755855,-4.1583705,1.3023068,4.767186,10.090822,-0.5193631,-0.69866556,5.77932,-1.4656032,2.6778002,2.3003142,-1.0826234,4.087131,-3.5470166,3.4337285,2.2143605,4.109091,2.3775108,5.042931,0.2300838,4.4765296,2.0808423,-2.475481,11.3218,2.4736874,2.5885546,1.4129003,-3.3276386,2.7101755,2.9512653,3.6400788,9.500861,5.7436957,5.93566,2.5497653,3.0032144,3.9335392,7.291816,0.97982943,-0.6990316,3.3014743,-0.9487495,-2.4711711,-2.33541,6.3212423,-1.481931,1.1042857,-7.7016416,1.7835702,0.14533365,-0.52298266,-17.20326,3.1615741,-2.9068563,4.920093,-0.87902516,6.7247477,1.9262292,2.3464353,-6.323529,6.7357664,3.9593525,-0.03775453,6.0200233,4.153801,7.865547,0.013890538,-9.714058
71,-1.9682032,-7.102229,-2.640037,-1.818438,-0.7596402,0.73619574,-1.2140663,1.295227,0.091785766,-0.9249905,4.5674615,2.9637575,-1.9846991,-4.1142955,0.4961654,-1.2469951,2.1195867,1.1044801,-3.026093,3.0858188,1.8758335,1.6874886,2.1107411,-6.448544,1.688835,3.7948678,5.9168053,0.92586964,5.337213,7.720203,-2.5873792,6.136493,-0.94293344,6.264271,-4.890891,4.28257,7.7631283,8.4145155,2.2839904,2.5900452,3.060935,-0.8455029,3.7690609,1.6493007,5.0984325,5.07353,3.1532953,1.3599466,4.6243176,1.9469479,0.6739752,3.0820837,1.5376005,1.0476418,2.964897,1.3332862,7.95044,-4.239385,2.864855,-2.7488277,0.07283471,1.1892272,4.362948,-3.819467,0.18241696,3.4334595,4.141949,0.78558457,4.0046983,0.90066624,4.145047,-1.6098708,3.4501648,-1.3029709,-1.4910398,3.187094,0.7849014,0.10779505,-1.293934,-4.575754,-0.67021674,3.6410468,5.273756,5.8129177,7.739172,2.8871088,4.4046745,1.7786106,-4.0929594,1.9024612,2.3266518,1.5051949,0.9085495,-0.33969948,-2.4643536,1.2259704,2.8938222,-0.6329653,-1.6131296,-5.179937,-5.6353116,-5.08426,-8.923901,-3.0460505,4.627087,-6.244631,5.0881076,3.0539129,-1.521128,-2.741622,-0.81937367,-4.6543884,2.7686543,-8.625542,3.2751966,6.7291236,4.7280145,-2.9572139,6.6072984,0.2803911,-1.7474406,1.9741763,-1.536834,-2.719943,-2.710794,-2.8319404,-3.291178,0.28525677,-3.390336,1.5909536,0.8426442,1.9920336,3.6278493,3.6797261,0.64872485,2.919216,0.025660554,2.4060779,-2.3165379,2.3828478,-0.5699436,-4.2524767,2.3405168,6.9071326,5.576775,1.3727179,-1.8931619,1.8574072,1.2031183,2.8355148,1.6080797,-0.9717167,-3.3231893,-2.0093727,-8.225404,3.033481,-5.7416897,7.0538497,3.9618876,-3.8033864,-3.45967,5.465178,-2.722121,1.7290252,1.8051699,-0.34042835,-3.738924,-4.5979886,-7.126495,1.0427471,-1.0783906,0.5797728,-8.195589,-3.5047157,-4.2302628,-2.5263062,4.8266897,10.105824,4.446102,-6.603647,-1.4317958,-5.009383,-2.4034376,-2.4697132,-2.3588817,-1.0150383,-3.6846452,1.417276,0.95793974,3.5969603,3.0489938,0.5489869,-2.785198,0.97451633,-0.8860197,-2.1525388,0.17790136,1.5333713,2.902652,-1.0660946,-0.293302,1.155364,-4.4602,-4.533099,0.40421566,-1.3439635,7.7703214,-1.1792712,8.420324,4.1149898,-2.372239,2.0468652,-4.4746556,5.1127005,-0.6921077,0.50963676,2.5138605,4.2076964,0.41392928,1.5620612,5.8511486,-0.09635004,4.1169853,2.7868485,7.453126,2.1918664,5.1483083,8.029835,5.0503597,3.7310414,1.8330688,2.2159305,-1.5553383,1.1520319,3.4616814,3.1057584,6.5479083,-1.4632895,4.2609653,-3.0424922,-6.1345334,1.1035035,3.9571369,-2.7168822,-0.46163195,3.9024498,1.8732525,-1.0131544,-1.7568594,-1.7072228,1.7084719,-3.0239894,3.5540056,0.980787,0.7698717,3.280643,4.5391884,-0.798744,5.361668,3.1596377,3.9539936,0.16058467,3.2569873,5.435143,0.65555066,8.107118,3.423854,0.36709434,8.80207,-0.3860389,1.5488365,0.7554962,5.5877733,-3.4220657,11.619867,3.2551348,-2.294297,2.4341743,2.3856418,-3.2329676,5.3876805,-0.8116915,-2.0764377,-2.7728167,-6.1616287,1.5187783,2.4136379,7.816016,5.1319776,-1.4323936,0.18660356,-5.534267,0.9637298,-6.965859,1.6792706,5.283148,11.065513,-3.1997857,-2.1329377,4.205019,-0.90522134,0.38007608,1.0280855,-4.810792,3.779639,-7.1105824,-2.2360594,2.1735604,2.7496502,1.331311,2.215368,0.4450648,3.026948,3.3269467,-1.4519721,7.6004004,2.4839053,1.6346382,0.30890456,-3.5618365,-1.7861347,-0.86937267,0.4829792,10.483178,4.3554144,5.862466,0.12680517,1.8226523,2.7995014,3.0091577,-0.95764166,-2.3338752,-0.27580622,-0.17400506,-7.5736485,-2.9785683,2.809925,-2.3719435,-0.6601983,-9.18609,-1.0944709,0.3677661,-2.5521939,-11.386241,-1.8080882,-0.540654,3.3606057,-1.3505504,5.7132907,3.7175095,3.3863475,-7.5239882,8.792867,1.7667319,-2.016142,0.8236688,3.4391255,4.7654076,0.24131133,-5.507406
72,-3.9471672,-4.4587326,-3.148991,-3.045033,-1.6127285,-0.95903575,-1.3168105,2.9188101,0.4994904,-3.032561,1.9847808,4.0707192,-0.5265979,-9.207938,-2.315676,-2.6526563,-1.522431,-1.692412,2.397574,2.5288763,-0.41243827,-0.2292096,2.2396843,-6.7173066,1.5586312,0.8701224,1.9316024,1.0371852,-1.045537,-1.914902,-13.45113,3.246748,-8.767664,3.6383202,-4.5125976,1.8456981,2.7458172,4.456997,1.4769204,2.689494,1.2471095,0.21738303,5.4260945,0.060787443,4.650859,1.2493023,1.0005848,0.6506269,4.758777,-0.3525713,0.61727685,-0.09014455,2.6971238,-0.06034022,3.3123236,1.8305916,5.1696033,0.54652107,0.45395762,-5.151565,-3.171697,3.0192149,3.2177508,-4.1282735,-2.8570843,6.0433803,4.810223,-1.4283663,2.592092,2.0655854,0.34640318,1.0107597,3.2762299,-1.4259351,-1.7734374,0.2501406,0.0868974,0.7303341,1.5192269,-4.137538,-0.29535496,2.719828,4.5475583,5.134445,8.364158,2.5166297,1.7076954,-3.2889364,-0.386107,1.19084,2.2822123,5.053267,3.2781436,0.72147876,-2.3356164,-1.3969795,-0.5211674,-2.9945755,-2.11737,-4.4415317,-4.733248,-5.4589143,-8.706168,-5.417471,1.561364,-4.0393267,5.503727,3.5988367,-3.5752902,-1.3278364,-1.8130203,-6.7558684,-0.2951531,-5.7774196,0.90058696,5.020017,3.9849894,-4.3810554,-3.5479825,-5.710211,-7.5230355,-2.5250013,-2.4629688,-4.7074924,-2.5247023,-9.872229,0.32355157,-3.1334774,-1.8892725,-0.97185105,-1.3119788,1.6155567,2.0620162,1.8665485,-0.36509433,-0.11711412,-0.87899643,-0.93446445,-1.2803118,-0.45876062,-4.0727425,-8.036398,-1.3860219,7.1622596,1.4262638,-0.04408546,-2.1430345,1.6586449,2.1750603,-1.2029562,-0.53099656,-3.0696046,-1.8659309,-0.16407984,-13.82726,2.8455598,-4.9755325,3.5870576,0.1660476,-3.693948,-3.989861,-1.8473399,0.20215209,0.49241126,-4.093654,-0.61234015,-4.649611,-4.978032,-6.0900693,1.1150707,-0.57511777,-0.45628068,-10.788611,-4.3551183,-4.845101,-7.999086,4.0377455,6.565395,0.81884414,-4.566081,-3.8862286,-5.643466,-5.2415066,-3.4384558,-2.911029,-0.74953085,-3.5954082,0.52150714,1.1056379,1.9257206,1.50195,0.49089098,-3.224987,-7.5862155,-5.459097,-2.0414195,-2.104772,-2.3913212,0.404877,-3.1513705,-1.553053,-0.91205215,-6.121899,-6.507624,-2.4444506,-2.761028,0.9010689,-2.4307451,-1.0564312,-3.6570125,-7.1174793,1.5496831,-11.086245,4.3193884,-0.02541041,0.6172533,2.4685974,2.7380302,0.87687075,0.2110265,5.363489,1.0033753,1.1380361,1.4410895,5.4724054,0.93089277,3.0190506,5.14553,5.6469283,2.8082528,1.4170842,1.1482172,-1.8616138,0.5931848,2.5049155,3.4452853,2.7325487,-1.0555282,2.4261723,-7.1070213,-5.2913413,1.1230114,4.326123,-4.0675635,-4.281612,4.6886606,0.78203845,-1.6429152,-0.5126588,-0.9289432,-0.6131098,-2.6567202,3.0546424,-1.0828537,-3.0095937,1.0269578,4.378053,-2.1288004,2.4197838,3.6717176,1.4162356,-1.2212671,4.6088815,5.1894226,4.03804,7.302127,1.5037336,-2.0397513,7.3051114,1.1469423,0.9248933,1.1297135,2.915123,-3.7925038,9.030474,3.2791343,-1.8857186,1.4525236,2.9901793,-4.862318,0.8660491,-3.7864394,-1.6194137,-4.264309,-9.374443,-0.8096676,0.42271116,4.286101,0.14708757,-3.1546574,-0.9360822,-4.695752,1.2171052,-7.1096063,0.91436344,4.307011,7.3689823,-7.1532803,-7.7386503,-1.5199838,-4.35052,-3.5155022,-1.6387163,-7.428324,1.9415654,-7.4795313,-8.10605,-0.08239713,1.6789682,3.1257617,-1.1828103,0.44691837,0.7755374,2.8401966,-1.6051275,1.2720047,1.5689571,-0.20447835,-1.4382536,-1.4584024,-4.7229996,-2.3936446,-2.5630562,9.596838,1.8521049,3.498326,-2.4042075,0.09812513,1.7003711,-0.80874795,-2.2905734,-3.906676,-3.1495812,1.0906229,-11.265179,-3.1639047,-2.4106305,-2.322076,-2.2333386,-6.5923557,-2.935762,2.266284,-3.1986284,-5.773225,-9.046837,2.1769998,0.74123675,-3.8186772,5.3213377,2.4900627,2.0258949,-6.210708,7.4618015,-1.7388206,-4.2040606,-2.215825,1.3736442,-3.6351757,-1.7882977,-3.423397
73,-4.3772397,2.2325306,-1.8299065,-2.7964475,-1.5920249,-2.0843341,-1.0023053,3.570587,0.6020258,-4.166551,-3.9162383,3.1547892,2.1189258,-13.407769,-4.372921,-2.7562597,-3.3869436,-3.9431384,7.5209174,0.4862216,-4.1643734,-3.8080873,1.6485038,-5.8427167,1.451673,-2.5057514,-2.519021,0.12727822,-6.4117885,-11.463341,-19.03805,-1.80796,-14.784478,-0.37493086,-2.2364087,-2.2970662,-3.295388,-2.2513893,0.2624367,2.0829415,1.5592991,1.7997421,4.688928,-0.8263449,3.4891057,-2.499468,-1.9018974,0.9247627,2.5887234,-0.4671202,0.044611055,-3.5374026,4.3872323,-1.6343305,2.5468109,0.37973315,1.4895709,3.6971917,-2.1715562,-5.443275,-5.0979624,1.1377765,0.53164184,-3.310863,-6.2850666,3.4347706,2.0661113,-3.616089,-1.373692,1.008746,-4.6166277,1.7602901,0.052674063,-2.130863,-1.6921941,-3.7421935,-1.0257591,1.5562211,1.4468416,-5.659633,-3.1282299,0.5531136,-0.35851464,1.2120823,7.005748,0.057401188,-3.7486901,-8.862441,2.3774254,-0.32742494,1.5385808,6.166052,3.7627742,2.1827397,1.4481587,-2.9393766,-2.7232769,-4.2895384,-2.250401,-1.450885,-1.1514794,-1.5018932,-4.5341744,-7.1153274,-1.1487423,0.7686798,3.0459275,3.3505375,-3.322108,0.88411826,-2.356936,-8.074789,-2.9885116,1.0234283,0.9510643,0.14645742,2.4459522,-6.330928,-12.523898,-7.574901,-11.636275,-5.7863655,-2.5183635,-4.638811,-2.5405054,-13.492167,4.6239,-6.1733294,-1.2737379,-2.9474387,-2.531414,0.7781099,-0.52992535,-1.3173468,-0.23924519,-1.3439686,-2.3669364,-3.525067,-0.20259073,-3.3826787,-5.030346,-8.22109,-4.2670226,4.6937194,-2.175299,-2.249898,-1.6809818,0.8963253,1.726242,-5.098944,-3.0887709,-4.0165873,1.1877584,1.7500683,-12.4474,-2.163473,-0.6898548,-0.4887882,-4.163546,-3.9297981,-2.970763,-7.2302136,2.5810676,0.0805238,-9.353039,-1.5063952,-3.706529,-2.3219976,-0.9889718,-0.90796775,0.45759717,-1.2566962,-10.502116,-3.827725,-4.0933747,-11.254269,-0.35775328,0.86892056,-4.628973,-3.6698966,-5.011734,-5.0245547,-6.636027,-3.0928228,-2.6472507,-0.11698912,-2.850969,-0.2443051,0.79427034,0.070859596,-1.7975115,0.3722284,-1.3964237,-14.786382,-7.5565248,-0.7787781,-2.4358532,-4.607918,-2.9567928,-3.6570363,-1.9323088,-4.470607,-5.4464,-8.3326,-4.3805943,-2.8738623,-6.7688107,-2.243817,-9.887795,-10.203579,-9.234645,-0.22267246,-15.083537,-0.7540729,1.258829,0.89921093,1.5370077,1.5113338,1.3678006,-2.7324753,3.7776198,1.1692089,-1.4895661,0.1618326,3.0784178,-0.35097632,1.1225694,0.5253575,4.341643,1.2046733,0.805274,-0.4108422,-0.93001217,-0.3981254,1.902873,2.4123714,-0.68867666,-3.1678162,-2.673254,-9.549063,-2.760247,-2.12909,1.890375,-2.6670148,-7.407671,2.9094267,-0.8051823,-1.7018883,-1.2116951,-0.19301824,-4.3918986,-4.3633976,0.7387465,-2.8452065,-4.392492,-1.7107468,2.6074774,-4.0216665,-2.286204,1.103728,-4.160619,-2.96693,3.2797365,3.5097954,4.2607503,3.0987175,-1.6020858,-5.82808,4.0162134,1.7310715,0.3087738,1.1144204,-0.33954135,-2.7322257,5.37248,3.2138014,-0.77182454,-0.17597196,2.1993315,-3.3749695,-4.063955,-4.711436,1.9494274,-3.8164172,-10.537408,-1.1500262,-0.522448,0.9664301,-4.6048717,-2.9632294,-0.42670926,-2.861858,0.09798232,-3.7163782,0.6228976,2.5178885,0.83739424,-8.689237,-13.037686,-6.7628555,-9.857033,-5.58084,-4.0814633,-7.1638455,-0.45556858,-5.5082736,-8.779785,-2.9599278,1.3752117,6.564497,-2.9014604,-0.3922221,-0.81613547,1.1428357,-2.4164948,-2.849829,0.0028608423,-1.9129666,-2.9925063,0.34529498,-5.1689134,-2.0959802,-4.21572,7.4438567,-0.17069173,0.15425244,-3.246754,-1.2813785,0.9690923,-3.0662296,-2.7564383,-4.2393446,-2.1420362,2.7749712,-10.2119055,-1.7268395,-6.3229756,-0.9163893,-2.9877796,-1.8579851,-4.068911,3.2389197,-2.300391,-6.833902,-13.539775,3.4350657,-1.1091696,-6.220226,4.8368583,-0.20989923,-0.13823602,-2.7041097,3.6506662,-5.085889,-5.1060386,-0.5945001,-0.32942936,-9.044573,-5.4736843,-3.917314
74,-3.073065,7.635817,-0.11590529,-1.4067109,-0.81606907,-2.7462988,-2.0080879,2.6344838,0.0016645542,-3.8425295,-8.837836,0.4130893,4.233853,-15.072493,-5.3101377,-1.2867205,-3.0348868,-4.5322757,8.276697,-1.9116063,-6.988074,-6.4889164,1.0389856,-5.989019,1.02879,-4.826349,-5.2227907,-1.3300357,-9.116275,-15.656233,-16.784224,-4.9843297,-17.754606,-4.6963544,-1.0936495,-6.2104454,-5.72433,-7.3844194,-0.9037782,0.07138854,2.2173316,2.4084184,0.7928589,-1.0739503,1.0468105,-4.4798245,-4.065412,0.8969469,-0.72298414,0.8447896,-0.71028936,-5.210047,5.87097,-2.6477685,0.1064573,-1.719964,-1.996935,2.827903,-3.4422724,-3.8841877,-4.373926,-1.3956475,-2.436803,-1.9790356,-7.927439,-1.785049,-2.5941894,-4.6722097,-5.586489,-1.5446509,-8.16873,-0.36395028,-4.1785445,-3.166324,-1.7640305,-6.304088,-2.0185785,2.4063761,-0.49697825,-7.951644,-6.0946107,-1.6611246,-5.990633,-3.4475741,4.441741,-2.9569998,-9.341875,-10.464307,1.1026416,-2.5172458,0.98235404,4.9948745,1.7499734,3.563329,5.0578866,-3.0212204,-2.679797,-4.4061155,-1.734345,1.7778062,2.0452077,4.4490914,0.687576,-5.962659,-2.4681175,5.2388563,-0.7824921,1.6359699,-0.7743778,2.9823935,-2.502363,-7.2158475,-4.054114,7.2863665,4.004561,-4.8889437,1.0187627,-5.101758,-15.668143,-3.2493978,-11.014008,-5.5071373,-1.8901179,-3.3090441,-2.6463735,-10.090497,4.2347326,-6.830264,-1.5116543,-4.0569572,-1.8235196,0.32438016,-2.5873823,-3.3605459,1.0613952,-0.013541513,-3.7041376,-4.8380284,-0.77451825,-4.715514,-3.0212328,-5.7417045,-5.6080866,0.18220274,-3.3595607,-3.3491588,0.165935,-0.09737385,-0.2292888,-7.5955687,-4.1994095,-4.4113846,4.3312325,2.8632395,-5.770452,-7.7398944,4.821015,-3.7173145,-6.346141,-2.5442302,-1.6656706,-8.745801,2.1045036,1.0217594,-9.951452,-1.756244,-1.3257145,2.0233257,4.31286,-3.6453524,1.222681,-1.0255553,-6.9291096,-3.097844,-2.8801916,-10.060343,-4.393506,-4.229932,-8.340694,-3.0025122,-3.8874815,-2.9910955,-5.396778,-1.657484,-1.5474344,0.64728296,-0.8766484,-0.45159477,0.5003227,-2.196416,-4.6581492,-0.6258621,1.9481083,-18.650906,-6.5851345,0.7836426,-0.68631595,-4.4187303,-5.4518003,-2.2558727,-1.3316505,-7.092554,-2.5554101,-9.448984,-4.208451,-2.7059782,-10.224204,-1.1829389,-14.374462,-12.496027,-8.035232,-2.196498,-14.931822,-7.4095144,0.95128137,-0.8078064,-1.5058725,0.5195937,1.066341,-5.947473,1.460425,-0.22626938,-3.2630308,-1.3972318,0.6004854,-1.6099675,-0.06854049,-4.294168,1.4910471,-0.6688713,0.40292045,-2.3763015,0.34951845,-1.3783947,1.6791172,0.37089464,-2.0209203,-7.4394126,-8.705918,-10.062438,-1.8035342,-6.61772,-2.3219552,-0.24721396,-8.437367,1.2387537,-2.880297,-1.3310268,-3.8154593,-0.015957568,-7.050221,-8.264261,-2.226326,-3.3661597,-2.9246893,-3.7148135,-0.23140253,-5.126559,-7.5276837,-2.1834927,-9.151497,-3.4223619,-0.0061837244,0.9169136,1.6205039,-1.9164381,-4.4549346,-8.756577,0.21456017,1.1303523,0.66094494,0.33392316,-2.1731024,-1.0159135,3.1639392,1.3315496,-0.8586437,-1.538319,0.57860863,0.081530124,-5.132057,-2.0636027,3.2598057,-4.354558,-8.411217,1.8250011,1.1191161,-0.87659556,-4.951255,-1.0329821,0.42117584,-1.43303,-1.369969,1.2587525,2.1036584,0.22994524,-4.953103,-6.4593973,-13.298846,-7.7328606,-13.495777,-4.193496,-4.7686505,-4.398184,-2.1216009,-3.9779727,-3.3721516,-4.007976,1.1742021,8.415417,-2.309761,-1.6404271,-1.3883939,-0.33028525,-2.5418768,-3.3207436,-1.8710024,-2.8382828,-3.5138195,0.1108287,-3.8967726,-2.0215862,-4.4717298,4.292573,-0.9675492,-2.512525,-2.5299196,-1.8545102,0.3011215,-3.8598342,-2.6202557,-2.3678162,2.1677842,3.8717237,-4.139794,1.0941272,-7.337977,1.3196267,-2.7378838,2.1782281,-4.5456924,1.0844061,-1.1223878,-13.355699,-12.20427,2.2422917,-1.934934,-5.7115498,2.572438,-2.393703,-1.3597295,1.070444,-0.16392474,-7.0492816,-4.3510814,3.9919622,-0.73259085,-6.4215093,-8.127662,-4.9325294
75,-1.4450619,7.409098,-0.19734856,-0.23238666,-0.23924544,-3.4518716,-5.5853305,0.56251657,-1.073896,-2.7213833,-9.601477,-2.6994638,4.037203,-13.83102,-5.423468,0.44228005,-2.4848144,-3.9132845,3.811407,-3.487422,-7.5042796,-6.978953,0.2580646,-6.9656873,-0.13960543,-5.5944834,-6.749059,-2.6495898,-8.80972,-13.153692,-9.278237,-4.480262,-17.241205,-8.548073,-2.2421396,-8.195548,-4.5712185,-8.588483,-1.8695592,-3.33753,0.47518897,1.377492,-4.493242,-1.5645635,-2.72357,-4.999421,-4.63946,-0.5192934,-3.263633,0.87926567,-1.3192209,-4.6569414,6.089993,-2.7309084,-3.255612,-3.0317779,-5.1490912,-0.4500655,-3.2184951,-2.2696733,-1.4390353,-1.7447091,-4.061779,-0.35745257,-7.0181327,-5.9960213,-6.5205083,-3.9380932,-7.753336,-3.9840326,-8.943295,-4.263303,-7.006898,-3.9131005,-1.9866521,-6.003458,-2.6275847,2.1587467,-1.579027,-8.490574,-6.1099896,-3.194709,-7.953223,-6.4470882,1.2250153,-5.2206125,-12.067194,-6.492891,-4.3810124,-4.8695483,0.6326465,2.6731617,-1.2836386,3.864712,4.8108687,-2.6834407,-1.1429528,-3.698941,-1.2154175,3.2719212,2.2970545,8.427033,2.1586816,-2.0322683,-2.5529373,6.5432405,-3.9220216,-1.5575668,1.9002087,3.5378218,-2.2590513,-4.297987,-3.0800478,8.030233,6.6947093,-7.1107707,-0.027730396,-0.5539857,-13.015162,3.7068524,-6.4984775,-2.7882674,-1.3449274,-1.9360254,-2.6627,-2.8087375,-2.7771006,-4.805395,-1.8800093,-4.893196,0.10139619,0.5843022,-3.5580907,-2.6959078,2.2956722,1.9208453,-4.4299517,-5.9357967,-3.1535985,-4.465022,-0.37609726,-3.909343,-6.2069793,-4.5434237,-2.332267,-2.4584203,2.1617255,-1.4353073,-3.2760513,-8.133455,-3.3430905,-5.6961136,5.224135,1.7992345,0.6024669,-9.136726,7.298094,-5.277844,-6.0256248,-0.15698218,-1.4402264,-7.1123304,-1.6515589,1.8406255,-5.699508,-1.2538422,0.51336443,5.4284177,6.0365834,-5.2804604,0.98678094,-0.13513389,-0.92924494,-2.0742016,-2.4099677,-5.418538,-5.2533574,-6.950534,-8.508871,-2.1271496,-1.5163233,-0.6010125,-2.4344637,-0.3259374,-0.46988383,0.77988046,1.3110085,-0.2638315,0.43507504,-4.732067,-5.559214,-2.310707,4.8515015,-19.030922,-4.1342936,1.2697957,0.9834118,-3.7233772,-6.2722206,-0.2671211,-0.4794216,-7.1316333,0.64082706,-8.42755,-2.4303432,-2.9488065,-8.812609,-0.42093965,-14.028207,-10.305319,-4.8187823,-3.886878,-10.949781,-11.58974,-1.3889575,-5.070625,-6.4548755,-0.8199523,-0.36463904,-7.823903,-1.2326685,-2.508022,-4.1979203,-3.4251285,-2.4053822,-2.7722735,-1.1295139,-7.5809994,-1.9990784,-2.7775726,0.11877278,-4.2187896,0.9883154,-2.03912,1.018072,-1.9440886,-2.6847665,-12.249925,-12.358012,-9.053815,-2.959289,-9.292701,-5.635769,0.78658867,-7.1094966,1.5002623,-4.693236,-0.43568483,-6.4924755,-0.44244015,-6.7999406,-12.663444,-4.3617635,-2.6714015,-0.669182,-4.2096205,-3.297948,-5.21535,-11.13049,-3.6257308,-9.444337,-1.9541183,-2.7660606,-2.0069659,-2.0813868,-5.3134246,-6.062242,-8.804239,-2.7131584,0.37854096,1.3987797,-1.0413655,-2.0164995,0.37828398,2.5141447,-3.1766317,-2.4783113,-1.9702059,-1.0776131,2.7349887,-1.5307547,3.2110238,-1.3502667,-6.7610445,-3.8855178,6.123916,3.8799303,-1.8925638,-0.55415076,0.3698387,0.19233122,-1.3317875,-2.103314,4.1623797,4.435544,-2.3478155,-7.1343803,-2.294475,-7.93826,-4.577212,-12.492016,-0.79203045,-3.4581838,-1.0597336,-2.4066465,-4.6802683,3.850666,-2.463358,0.22698143,6.4266963,-0.7555041,-2.2430286,-1.6638603,-0.8733022,-1.4067236,-2.5991216,-3.668033,-3.1587641,-2.8949351,-1.6152679,-2.5017793,-3.9888172,-4.000817,0.4635782,-1.1487508,-3.748541,-2.0157092,-2.0695734,-0.73370713,-3.706408,-2.198446,0.7073788,5.570065,2.8779135,3.9251707,3.0706158,-6.5760093,2.839412,-1.9092317,3.8462584,-4.137257,-3.1924791,-1.3588048,-17.888151,-7.1366544,-0.6095375,-2.7731283,-1.5165027,-2.3894134,-3.2756782,-1.4132509,3.1122591,-1.7702365,-7.019219,-3.0571542,6.783402,-0.3443199,1.8974998,-7.9181523,-4.765383
76,-1.2848238,1.9133314,-3.2006068,-0.56786865,-0.9245504,-4.5491943,-11.025293,-1.4272848,-1.9124585,-1.921486,-6.8774114,-4.739162,0.8801238,-10.773767,-5.7577205,0.39556837,-3.5698237,-3.5132322,-3.3056054,-4.080116,-6.4894195,-6.259141,-1.49805,-6.142072,-2.1988056,-5.6277013,-9.209773,-3.2531154,-6.329,-7.435422,-1.816077,-1.9417408,-13.222448,-11.296384,-3.6154797,-7.842832,-3.5876524,-6.8946657,-2.76918,-6.8304167,-3.908656,-0.5909979,-8.28282,-2.8691676,-6.540956,-5.689777,-3.8916295,-2.9504693,-3.762678,-2.0805218,-1.6788172,-3.1076052,4.6636233,-2.4218748,-5.8354897,-3.0722106,-8.001533,-2.1905227,-3.1354268,-2.271094,2.0726051,0.11936399,-3.570672,1.6588728,-4.4947934,-7.040928,-7.759883,-1.7060199,-7.534876,-5.0620193,-7.756229,-7.2733526,-7.2908263,-3.9738991,-2.072762,-3.707159,-2.921607,-0.0353184,-0.44149795,-5.5684857,-3.0357363,-4.1317673,-4.6945276,-7.0121255,-1.9965272,-6.4378977,-10.624356,0.44917497,-10.927425,-6.6202445,-0.10829399,0.29192913,-2.9616952,2.3182945,0.8690966,-3.0827792,0.24735883,-2.713555,-1.2472767,2.7721462,-0.28501648,8.326401,-2.306771,2.049951,-2.1141214,4.4111485,-5.3932714,-5.0625443,2.168869,2.2651553,-1.4379305,-1.2764103,-0.9047945,2.028996,5.2784424,-5.9250937,-0.7716116,3.7712505,-7.4138384,7.348054,-1.6283503,-0.51658547,-1.4710712,-0.88765293,-2.4884014,1.9170305,-12.601475,-1.593336,-2.2953994,-6.0345306,1.5166804,1.1740007,-3.8631861,0.016287345,2.046942,2.0421615,-4.5339794,-7.860545,-5.599335,-4.023207,0.2263793,-5.485694,-7.0808854,-7.189402,-0.8288973,-0.8844009,2.207084,-3.1599498,-6.549021,-7.021792,-1.7159072,-8.593447,2.7476418,-1.9546092,2.3559525,-5.7617726,3.8798585,-5.8340044,-5.3287525,0.8594668,-2.4174447,-4.176001,-6.4853444,1.098566,-0.021857152,-0.78884876,0.25285834,6.119017,3.587159,-4.8164988,-0.45082936,0.38722655,5.690393,0.013833949,-2.847949,-0.72978634,-3.24512,-6.8435388,-6.676936,-1.5110664,-0.08196661,0.5275385,-0.25054112,-0.35018715,-0.5110223,-0.380543,1.8186674,-0.3025772,0.24427332,-6.805024,-4.6366105,-3.7344298,5.329724,-16.552322,-2.7087805,-0.104118556,0.13577615,-4.784436,-5.5582047,0.34935337,-0.43800867,-5.059893,1.9496304,-4.4406395,-0.87699604,-3.7326272,-6.094021,-0.7907896,-11.177759,-6.0864115,-1.5287777,-5.506358,-4.9219375,-10.95066,-3.6062772,-9.725986,-11.04602,-2.61182,-2.3581223,-7.6359277,-3.717334,-4.0110135,-4.7198853,-5.471672,-6.1598773,-3.6055875,-2.738513,-8.12946,-5.0283,-4.995805,-0.50848347,-5.0697374,0.68595266,-2.4162245,-0.7153711,-3.7325144,-4.950194,-15.389208,-12.392017,-7.4876604,-3.895719,-8.534747,-6.074627,-0.36656994,-4.3355947,3.2673123,-5.2519517,1.293327,-7.3489103,-1.0156991,-4.2396965,-15.027632,-4.8292766,-1.7873315,-0.5274421,-3.4960706,-5.581581,-5.267393,-11.097861,-2.5475705,-4.201618,0.46385753,-3.0214086,-4.4921355,-4.9819326,-6.7862167,-6.646826,-5.8726664,-4.434063,0.7864344,1.2582452,-2.149826,-0.82755166,0.90025747,1.5581717,-8.721076,-3.8826823,-1.1531976,-2.2415204,2.6890762,3.0669982,7.8821797,-9.364604,-8.636588,0.44949013,8.133833,4.8832245,-3.587093,4.5775867,-0.4527853,-1.6064079,-1.9088652,-2.0987155,2.7455614,4.8549304,-4.5230846,-5.48658,0.89750403,-0.7242519,-0.76202327,-7.244795,1.7876884,-1.3699474,1.1618048,-1.6205274,-6.525703,7.4901485,-0.13020764,-1.4970939,1.3733488,-0.13410792,-1.6589712,-2.298115,-1.1217556,0.05391043,-3.7091844,-4.9000034,-3.3839402,-1.8729279,-2.7948785,-2.077699,-7.8209357,-3.2395768,-3.155535,-1.8410311,-4.018504,-3.054373,-2.8125224,-2.0582733,-2.8620937,-1.5409621,2.2450554,3.9932895,-0.8073643,9.711848,1.904498,-6.3618717,2.1574798,-1.2847356,3.4446619,-2.838263,-5.703065,-3.5288281,-14.022899,-3.4514008,-2.9957647,-4.3139343,3.9219651,-8.71821,-3.515161,-1.5683166,2.977635,-1.0414195,-5.026386,-2.673722,4.193193,-0.25477564,8.993276,-5.7559123,-3.5705214
77,-3.0415637,-4.3358054,-7.9322925,-2.4941003,-2.9774072,-5.819828,-15.323296,-2.3433776,-1.9852027,-1.935966,-4.138839,-5.316346,-4.294949,-7.4475155,-7.1684494,-2.4234622,-5.692059,-4.086924,-9.4619875,-4.414417,-5.6916747,-6.1724133,-4.498095,-1.2271903,-4.7495155,-5.977007,-13.16839,-2.892783,-2.842768,-3.3012145,1.9070781,-0.27718863,-6.1408324,-11.915144,-2.0632412,-5.9427776,-5.579019,-4.8658333,-3.6854436,-8.391206,-7.926742,-2.153079,-8.963648,-4.35635,-8.296692,-7.506752,-2.7621288,-4.6939526,-2.4876847,-6.6443453,-1.7829224,-2.0139556,2.2230406,-2.4674513,-6.316285,-2.3633115,-9.923729,-0.004739185,-4.727554,-3.7489798,4.92072,2.0674224,-1.6008188,3.953545,-1.6147773,-5.1130533,-5.9857483,0.98367697,-6.3044543,-4.4900846,-6.4401584,-7.04204,-5.3708467,-3.385276,-1.8826187,-1.7028351,-2.919215,-3.4896736,1.6025288,0.01404467,0.54407936,-4.9813104,1.2381206,-5.753321,-3.9514482,-6.773541,-5.931813,5.841379,-14.276639,-6.9775167,-1.3382407,-1.7904454,-2.0984023,-0.6749238,-2.7786543,-4.2132406,0.53934455,-1.7474753,-1.4223584,1.6593124,-3.3536437,5.45315,-9.4423,3.2134643,-1.5177001,1.1843201,-5.6008725,-6.8720226,-0.42067298,0.5099507,0.0643733,-0.20304488,0.96041024,-6.5758257,-0.25211442,-3.2890599,-0.96746606,4.4976516,-1.4208786,4.8282065,0.85209566,-0.30925176,-2.0430253,0.3511886,-2.020751,0.71113485,-18.449753,0.78725094,-3.3456569,-7.0547266,1.3537803,1.46746,-3.9192972,2.6552572,0.0399198,0.035408344,-4.254102,-10.029291,-5.85595,-4.4064026,-1.6907991,-9.877319,-8.152238,-6.2638226,-0.3796516,-1.0427481,-0.36881816,-4.726117,-8.832351,-4.9423504,-0.8242895,-11.873175,-1.7514858,-6.7570267,0.15610082,-1.6335227,-3.8909554,-7.0449786,-6.4751635,-0.64466023,-3.1812747,-1.0267844,-8.92126,-0.544467,3.5670173,-0.7910781,-1.6724101,4.596311,-0.17832449,-2.4871202,-2.602379,0.077164076,10.847899,3.2147293,-3.087292,1.3326968,-0.6635992,-4.5024333,-5.7555547,-1.5362055,-0.9772951,-0.11602222,-0.7569376,-1.9285066,-1.9053404,-2.585048,-0.07028385,-1.0591522,-0.62101555,-7.5469017,-3.1063397,-4.142077,2.8035848,-11.564518,-3.4754117,-2.6909566,-3.4191463,-7.4925423,-3.7082434,-1.2821409,-1.6745397,-2.7106845,0.83807737,1.308502,-1.0339279,-4.7794347,-5.584357,-2.0476189,-8.378616,-2.7490098,0.68583834,-7.1974664,1.0215834,-6.353503,-2.8231733,-11.430353,-12.310677,-3.9979727,-3.808035,-5.880548,-5.1124663,-3.466486,-5.174715,-6.621208,-9.824203,-3.884048,-4.5772505,-5.9541836,-6.721976,-6.5804825,-1.7231861,-4.31748,-0.19145639,-2.7164867,-3.0679152,-4.393907,-8.965741,-14.885557,-10.397761,-6.0484176,-2.131264,-5.037571,-3.8975756,-2.1945448,-1.244037,4.5884156,-4.1549716,3.7316046,-5.886648,-1.162226,-1.7425003,-13.630825,-3.8106172,-1.7694118,-3.5490582,-2.6173232,-6.1882534,-6.065736,-7.087675,-0.28090897,3.0255294,2.0953283,-1.1244571,-5.638817,-6.0886545,-7.669029,-7.0518622,-1.8243229,-5.7127595,2.7160282,-0.06854173,-2.029197,-0.055868395,0.703282,-1.0560954,-12.097713,-2.9572444,0.92952657,-2.661356,0.43542668,3.9402294,8.546467,-14.160954,-6.9041066,2.6159782,5.831164,2.8839977,-6.4229956,5.660536,-2.6275868,-4.173715,-1.3551005,-2.1598804,-1.641205,1.3508766,-5.2040186,-2.2903972,1.8307551,4.0672836,0.38388258,-0.7414473,2.0420883,-0.08582341,2.0456033,-0.5368844,-6.608939,5.781359,0.40047145,-3.120412,-3.6063697,-1.0253161,-0.37930438,-2.9095445,-2.0389488,0.35093817,-6.7022076,-5.0952835,-3.5825102,-1.3394966,-1.8901923,-2.5186293,-11.322255,-2.142708,-5.2830257,-3.3622978,-4.2659698,-4.9851537,-4.3698378,-3.009016,-1.2848786,-0.5355048,0.1415363,-2.6089003,-5.8077307,10.477729,-2.1172843,-7.5835586,-0.7309886,-1.4353095,2.321045,-1.1762084,-3.2001286,-6.227413,-2.272003,-3.6689782,-3.0486703,-5.8180995,6.7897763,-13.136166,-3.938618,-3.011154,2.0385106,-0.069482505,-1.7845398,-3.4553492,-2.6226413,-0.7759406,9.85326,-4.12247,-2.253206
78,-5.2709484,-6.7972345,-11.502575,-4.6885586,-5.19674,-6.565448,-14.861331,-2.2614946,-1.5371726,-2.2343836,-4.047799,-5.0585055,-9.472702,-4.5466337,-9.159287,-6.878922,-6.4259214,-4.7999783,-12.502671,-5.081204,-5.726896,-7.1954503,-7.6801414,6.7309237,-6.8797626,-6.6266904,-16.182257,-1.7613037,0.8530724,-2.4749076,2.1034791,-0.6132863,2.620138,-9.170636,3.1289425,-3.6319942,-9.105704,-3.6862068,-4.3871427,-6.919407,-8.25329,-2.5800824,-7.364399,-4.6061387,-6.754392,-9.501081,-2.0281904,-4.216557,-0.94874036,-9.283332,-1.5168134,-1.6781721,-0.29410985,-2.9712033,-4.851962,-1.6669295,-9.934259,4.574686,-7.3950343,-4.845004,7.166239,2.4653864,0.2927149,5.765155,1.2675377,-1.8916724,-2.2658677,3.0622592,-5.3083487,-2.6927803,-5.8556647,-3.299689,-2.270852,-2.432496,-1.5807203,-1.5885061,-2.3378313,-6.134942,2.1656117,5.33151,1.9725959,-6.028385,5.4472017,-3.5200753,-3.1745696,-6.0793376,-0.06570567,6.9679747,-12.170853,-5.461908,-2.0732055,-3.789225,0.26451707,-3.5181615,-2.1429808,-4.9669194,0.19794428,-0.623713,-0.8244392,1.295276,-4.6962457,2.809629,-12.822433,0.5781877,-0.6107704,-0.5605726,-5.335794,-5.4766836,-3.5357869,-0.016420024,1.7687691,-1.1442771,1.4756289,-11.253852,-5.94224,-1.7537953,-0.011173743,2.0791838,3.7486963,-1.1594188,1.1190556,-1.1471537,-2.1594026,2.0867808,-1.1509241,-3.8942728,-16.038197,1.2940714,-5.056413,-6.673706,0.17471781,1.1898073,-3.4804084,3.585496,-2.528038,-2.0336576,-3.7794533,-10.43412,-3.1440763,-5.007056,-4.226064,-13.296204,-8.275278,-2.261481,-1.0553595,-4.0433345,-3.7550344,-5.2559705,-8.999021,-2.3999703,-0.87752026,-12.900811,-5.263292,-9.356314,-1.663132,-1.3210282,-10.533299,-9.89924,-9.230646,-2.8798747,-2.1023295,2.3962452,-6.8461285,-0.70844585,4.513018,-0.57778126,-3.3219788,2.9483984,-1.7540046,0.7377961,-4.5543003,-0.4279431,12.9625635,6.282064,-1.9443324,1.1419357,0.7826153,-1.2781237,-6.669451,-1.627612,-3.4620085,-1.1583185,-3.473962,-3.9481928,-3.6246448,-4.5616293,-2.761437,-2.3855658,-2.2419171,-6.6641445,-1.9412813,-3.5361269,-1.4215521,-4.347304,-5.167399,-4.814616,-7.1260943,-9.155333,-1.0295547,-4.0696197,-3.5298605,-1.4095031,-1.0882049,5.8292055,-2.652251,-5.5401216,-7.1055202,-3.055693,-6.3505173,-1.4805014,1.7827077,-8.339615,5.4083533,-0.85171974,1.6023049,-8.632473,-9.058125,-3.8918858,-3.9648778,-3.7061172,-4.741424,-1.2828662,-5.445777,-6.2235656,-11.912969,-3.6257699,-5.3519835,-2.4722779,-6.8996363,-6.46901,-3.1387177,-2.2390192,-1.1902571,-2.9764004,-4.6877174,-3.723808,-12.38838,-9.945358,-8.679074,-4.45146,2.2390714,-0.83413506,-1.1007316,-2.38731,1.6930645,3.932915,-2.0078325,5.8009167,-3.0283966,-0.6467404,-1.1869999,-8.606774,-2.203835,-2.634282,-7.716889,-2.3532894,-4.815787,-6.863482,-0.85395926,1.4894059,7.14762,1.9214187,0.7049654,-4.985494,-5.2921987,-8.853838,-7.525483,1.1922315,-7.333168,5.3221474,-1.4049059,-0.5100928,-0.44264302,0.37717238,-4.460736,-11.105231,0.4438,3.8048687,-2.2706757,-1.9296278,-0.06578549,4.165502,-11.480219,-1.5113599,3.007709,0.48119363,-0.47915298,-9.125599,1.4561406,-3.7582312,-5.9245057,1.4767283,-2.7712157,-5.118351,-5.059034,-3.8288505,-0.26765922,1.5021595,5.4181333,-1.4354764,3.832344,0.8765913,-0.17242011,2.4699044,0.25338933,-3.1932468,1.6670688,-1.6006874,-3.7027643,-5.6297398,-2.224975,0.65637875,-2.4069536,-3.5475936,-0.91202444,-8.54241,-4.1476173,-3.2848659,-1.5162098,0.76657426,-2.861195,-12.145838,-0.66695035,-5.103207,-4.7295265,-4.9372816,-5.7608504,-5.895028,-2.9467192,0.8873951,0.7379344,-4.795436,-9.916805,-9.295501,6.591079,-5.7300687,-8.710071,-3.9933665,-2.2487717,1.3963767,0.028478459,3.4804003,-7.096647,10.698167,-4.6726,-0.62961143,-5.7677035,5.142029,-12.642768,-4.217643,-5.431133,2.1191301,-1.2449485,1.3080294,-4.1451116,-8.449321,-1.1156142,5.3442397,-4.234773,-0.7494612
79,-5.8311462,-4.619689,-11.427702,-5.4008927,-5.905319,-6.085204,-8.310919,-2.209269,-1.4440237,-1.915249,-5.901402,-4.778929,-12.547294,-1.5374702,-9.858122,-10.299364,-4.225193,-4.0930247,-12.273529,-5.7619605,-5.3781123,-7.783063,-9.20889,13.277758,-7.548161,-6.4503284,-14.770052,-0.42842016,4.231609,-2.6618295,1.4669691,-1.4902189,10.535685,-2.8595128,8.952511,-1.7201241,-9.925611,-2.2311406,-4.455848,-3.4132004,-4.705304,-2.3062024,-5.672953,-2.8399637,-2.861099,-9.639643,-1.835936,-1.6312338,-0.62859255,-7.576157,-0.7343161,-1.3511173,-2.549069,-3.2916768,-2.8733165,-1.2778485,-7.8739567,7.5504208,-8.645849,-3.8359263,9.4360285,1.7300539,0.7322151,5.9237494,4.365943,0.8673675,1.6483685,4.0199,-4.447991,-0.38676807,-5.2365656,1.8769474,0.9769565,-1.4488537,-1.4170874,-3.017062,-0.9167396,-6.1114187,0.3353286,7.560862,0.653874,-7.0127387,5.264554,-0.80431247,0.5626582,-4.0747213,4.975055,4.7231092,-5.9213653,-2.3088279,-1.0578215,-5.745905,1.8402637,-4.630022,2.8133287,-4.3753695,0.32857302,1.0087059,0.676679,1.5680871,-4.102417,2.0037103,-8.655061,-3.75373,0.6814251,-0.3951116,-4.7821903,-1.2516245,-4.0356073,1.1442901,2.5510604,-2.0769658,0.7692312,-8.419447,-7.778412,-2.3192902,2.254307,0.36800277,7.2451887,-5.1947584,1.2434857,-0.87040347,-1.1098176,3.6156723,0.013254883,-6.5441737,-6.9887013,0.42845443,-6.073215,-4.1319227,-0.5497096,0.52896315,-2.0626028,2.8502069,-3.9389892,-1.9334694,-3.1122088,-7.5414376,1.0225102,-4.262858,-5.205444,-12.004904,-6.4952407,2.322106,-1.7394086,-8.296721,-5.1307464,-4.3503375,-6.718994,0.2749766,-0.7336806,-9.755582,-5.3292236,-7.3533735,0.08762394,-5.4154024,-10.777272,-13.335811,-10.788674,-2.6322732,0.8745758,6.1963477,-1.3341146,2.1095853,4.7701397,0.9477538,-3.1857207,2.6577845,-0.24279924,3.8357604,-5.4730945,-0.16042838,11.548556,7.508226,0.44498107,1.2861065,1.2039961,1.084092,-7.28826,-0.76921743,-5.218394,-0.5727957,-5.8722787,-4.848633,-4.188561,-4.8696504,-3.5786788,-3.5310678,-3.984057,-4.733441,-1.1632237,-2.380513,-5.034864,3.8200278,-5.3151407,-5.1262255,-7.8585963,-7.20338,1.924876,-5.78975,-4.6205516,-0.94480467,-1.6170502,6.3974957,-4.0456834,-5.3807135,-7.4866185,-2.825635,-4.2735415,-1.5386342,2.1522017,-7.7367897,7.724992,2.6234136,6.9490247,-3.1402285,-3.1902375,-2.1630614,-3.030092,-2.066541,-2.8348947,0.5979147,-5.1061277,-4.510764,-11.589989,-3.0796733,-4.0451136,0.2271517,-6.271489,-4.3258967,-3.9738104,-0.03718237,-2.1203606,-2.9478326,-4.5125527,-2.0333364,-12.84905,-1.6857706,-7.760795,-1.8681797,6.421076,2.1579597,0.31580102,-0.080826916,4.520982,1.4948518,-0.07755982,5.8620768,-0.15440589,0.2086021,-2.2999399,-1.772694,-0.9695181,-3.3238876,-9.539954,-2.5956612,-2.13232,-5.7398977,4.929406,2.2972941,5.8770814,0.38538164,0.6626732,-3.1261413,-2.995771,-9.567364,-7.320895,2.438384,-9.055776,7.326498,-1.2556684,1.42713,-1.6024803,0.33521986,-6.4535584,-6.552162,3.9109964,6.239556,-1.2977955,-2.7872636,-5.351177,-3.0138566,-3.511692,3.8058743,3.595896,-4.6143656,-2.4592795,-9.858816,-4.7068324,-2.816035,-5.6214933,5.508934,-3.5608647,-4.8386393,-10.826836,-1.1705453,-0.40069446,1.5220097,5.643069,-3.6888978,5.2258744,0.22044452,-0.84470683,3.0556862,0.49502718,2.3425863,-0.52095103,-4.215775,-3.1595716,-4.2810774,-2.1373727,0.95918494,-0.3131768,-4.4386835,-2.4794097,-6.366468,-2.5527046,-2.154562,-1.8288302,3.2447321,-2.2292795,-9.787632,0.76629883,-2.972612,-4.4874663,-5.6237755,-4.1790195,-6.022602,-1.9671491,2.9113474,1.8089424,-9.09302,-12.761381,-9.00352,1.0025939,-5.4349647,-7.464339,-5.2244496,-2.9438264,0.61915976,0.19325978,9.603315,-4.832276,17.927414,-0.9453842,2.5378387,-3.491375,0.53892994,-6.9795003,-3.0265536,-7.222948,3.7529783,-4.827314,2.6922543,-3.2224982,-8.667349,-0.41647783,0.59465724,-4.738326,1.8220462
80,-3.717428,-0.6429645,-7.3932686,-3.7772918,-4.2923036,-4.1473846,1.6016952,-3.1016273,-2.323991,-0.69871265,-6.5371156,-4.7646627,-12.118447,2.418124,-7.483061,-10.330886,-0.22081496,-1.4695174,-9.47568,-5.447864,-3.0421607,-5.9707093,-7.9190497,13.975173,-6.1947474,-4.5254974,-7.960302,0.45142573,6.4994936,-0.77095395,1.928643,-0.8236366,14.770023,5.082128,11.093184,-0.6276955,-5.509999,1.1112274,-3.6810026,-0.35053656,-0.43332246,-2.260245,-5.2024617,0.07817976,0.82085633,-6.8525205,-1.8521181,1.3023573,-1.7246273,-2.588442,0.42669734,-0.49626067,-4.8159423,-2.7392745,-1.8027244,-0.96620643,-4.9478054,6.3315954,-6.602148,-0.87511694,11.436209,1.2962846,-0.5631357,3.710322,7.2248287,2.1662874,3.986601,3.9270227,-2.9252207,1.554664,-3.4774053,5.523334,3.442831,-0.76325446,-1.4026548,-4.390877,0.99691504,-3.30525,-2.466225,6.1287427,-2.0782564,-7.2955723,1.5765761,1.9292954,5.2753124,-1.2103044,7.6908984,2.1613712,0.7799031,1.3507954,1.7673028,-7.000698,1.1592258,-3.855032,7.9972916,-2.6459136,1.27708,3.039252,1.9295298,1.2063779,-3.0332477,1.9189746,0.46931678,-6.391342,1.8638793,-0.02020336,-3.5591183,3.4586072,-0.95867324,2.9753017,1.4210068,-1.0550857,-0.24348192,-0.36106852,-5.537432,-3.9665668,4.8240447,2.5051942,8.06499,-4.226538,2.607079,1.2656051,0.8119707,3.8110902,1.0020143,-4.439348,2.6442673,-0.40952,-4.543136,-0.3757276,-0.07942783,-0.24960378,0.124244496,1.6224306,-3.3484416,0.36544916,-2.1048355,-1.969134,3.99062,-1.5347501,-4.197855,-5.7179117,-3.1489568,4.6020284,-1.4213763,-10.611788,-3.2848296,-2.4918053,-2.8619735,2.526917,0.58778286,-3.0663204,-1.8305553,-1.512722,4.0837827,-9.898151,-4.02288,-14.62998,-8.292714,1.4765837,3.8875105,9.523892,3.9893005,6.5321064,5.7516456,3.838199,-1.4721178,3.0971627,2.0053048,6.0306444,-4.9984393,0.9503101,7.3732634,6.0666122,2.5599926,3.4892874,1.5183028,1.2462885,-4.8409996,1.162684,-4.290216,2.1649666,-5.5674005,-3.8299844,-2.9588242,-3.043697,-1.3202356,-3.68709,-4.940249,-2.7826066,-0.25497332,-0.9790313,-6.215951,10.3516035,-2.6834896,-3.6205232,-4.7711387,-2.04875,4.050022,-4.951912,-3.8850482,-0.23368895,-0.03690529,2.7564628,-3.7992356,-4.0291743,-4.490512,-1.4866626,-1.6483263,-1.7831652,2.0058692,-4.5782323,8.139098,3.0175505,9.221613,1.3652389,1.6439064,0.09167018,-1.8507432,-1.2343227,-0.6090845,0.37255538,-3.942656,-2.4979606,-9.426363,-2.4653027,-1.1367028,0.7643832,-5.976338,-1.2259758,-3.7318137,0.92389023,-2.8267467,-2.343763,-2.8029373,-0.09184928,-10.354121,7.0211883,-6.2203655,1.7313699,7.3537993,2.8248978,-0.3503461,3.324898,6.9271817,-1.1416912,0.5242468,2.9476714,1.7290157,0.67988074,-3.2287896,4.457296,-0.55009955,-2.7944112,-7.1490173,-2.720091,0.40000823,-1.5347327,8.517597,2.896237,1.5717888,-1.1980522,-0.8623494,-1.5354307,0.06828026,-8.332892,-5.59336,2.6747427,-9.6964445,7.9081807,0.6256631,2.2951903,-2.55759,0.3938106,-5.9110355,-1.6093578,4.4331813,6.527011,-0.30016273,-2.2414804,-7.041988,-8.979157,3.5324273,4.789368,5.3919835,-6.9118023,-2.0155406,-7.961037,-8.055279,-1.4127543,-3.372138,7.8731136,-3.8924625,-1.6415262,-12.880794,1.0418537,-1.4527415,2.2024012,7.2661085,-3.754007,4.4914327,0.9033412,-0.97642606,3.3559139,0.033442426,6.502434,0.7173223,-4.7823386,-2.3595216,-1.6336211,-0.5996304,0.69443446,2.3599741,-3.692784,-2.6294124,-0.6496289,-1.1630557,-0.5935816,-1.6084204,3.4947536,-0.61067796,-5.763149,1.4825592,-0.2127114,-2.0685146,-5.4716935,-1.3064669,-4.129049,-0.95600736,3.5828743,2.0279572,-9.408991,-9.314783,-5.0954075,-2.854577,-0.89583135,-3.3576736,-3.369317,-2.6074169,-0.3616697,-0.65170336,10.532025,-0.4598411,17.145344,8.86212,4.2105913,0.0006570361,-3.405796,0.8649079,0.3991732,-7.015474,5.6549973,-8.29081,1.7810535,-0.46371514,-3.6236825,1.0573012,0.19678703,-3.3920746,5.3116117
81,0.13426134,1.8129876,-1.2352326,-0.45430955,-1.0791253,-1.1541482,9.450655,-4.661437,-3.702627,0.7653455,-3.6222255,-4.7301474,-7.908461,7.149963,-2.0524588,-6.594305,2.8386753,1.702704,-4.731698,-3.3722048,1.2531785,-1.5477726,-4.2756023,8.443269,-3.2451236,-1.3562095,1.1796321,0.5500147,6.623516,3.3254364,2.9893517,1.686086,13.915292,11.166263,7.827199,-0.548861,2.0965269,6.001505,-2.295287,0.4339284,1.3993707,-2.721827,-5.173491,2.1939592,2.2432315,-2.254118,-1.6846939,2.722092,-2.9364,1.957733,1.4248365,0.35039046,-7.0703354,-1.2813555,-1.8923576,-0.40854815,-2.7828286,2.249651,-2.1773329,2.1229858,11.564815,1.5411628,-2.5793338,-0.30273366,8.415174,1.8861569,3.6362886,3.0725136,-0.6893956,2.2468455,-0.7653442,5.858925,4.3422666,-0.59435767,-1.2140477,-4.557031,2.3794715,0.6517121,-3.9453008,2.9573073,-4.4401946,-6.249361,-2.3312135,3.87842,7.716043,1.1332312,7.1149325,1.5319909,4.7484374,3.8990583,4.765427,-6.5057487,-1.1985788,-2.6102076,9.03049,-0.911536,2.1296046,4.5894966,1.6422564,-0.47321406,-2.7501724,0.3543921,7.752824,-5.276555,2.1933937,-0.98998433,-1.523325,5.9322243,3.3301659,4.2843823,-1.3341689,1.6001536,-0.90421075,6.9895196,-2.537479,-4.965877,5.9438252,7.439214,6.228749,0.0300652,4.6005235,3.7051265,2.3749602,2.552502,1.2900717,0.48644277,7.118513,-0.10988389,-0.015769312,2.4314682,0.7912584,-1.1456991,1.9500762,0.7658109,-1.4295794,2.6072123,-0.57584506,3.7831926,4.113086,1.8761389,-2.449689,2.020368,0.33232942,3.5226,-0.12067744,-8.885933,0.26141596,-0.5258687,0.92402244,3.5173209,2.5683157,4.171944,3.012456,4.4366198,5.9135823,-9.913266,4.9371758,-11.538007,-1.6457641,7.31539,4.856308,10.994588,5.695974,9.270523,6.381855,6.5190682,0.46958265,2.334941,1.9372973,6.812722,-3.278871,1.8127428,2.077856,2.5973737,2.9481199,6.5419803,1.8505692,-0.80129313,0.723302,2.951014,-0.67721653,5.2519507,-2.3161414,-1.380534,-0.67303,-0.008877194,2.4228904,-2.5693119,-4.6282134,-1.5353594,0.99769896,0.6690805,-4.6166205,12.761244,1.4689493,-1.3942754,-0.10320298,2.9598002,4.1971936,-2.0212893,-1.4157444,1.2906606,2.218766,-2.5202298,-2.1486955,-2.0273488,0.52767396,-0.24370733,0.58901256,-2.0000417,1.4398366,0.6846428,7.1776285,1.4101399,6.7508373,2.58689,3.0142505,1.5786113,-1.010238,-0.8480894,0.5904145,-1.8514239,-2.2665114,-1.2258859,-6.779875,-1.807572,1.5547826,-0.5082307,-6.6000543,0.9764922,-2.6353886,0.16651608,-2.8515673,-1.1769837,-0.94971955,1.2096436,-6.9900355,12.937234,-2.8669937,4.758559,4.3100595,0.8676248,-2.4466178,5.4862914,7.8347187,-2.3774974,-0.4722516,-2.1636896,2.236749,0.13758875,-2.623583,8.284578,-0.6622195,-1.105694,-2.0371563,-2.4322023,1.3932401,4.5105405,9.973228,3.9992676,-1.099951,-1.8767326,-1.8063699,-1.4303901,2.8969383,-4.9247975,-2.558892,2.8115995,-8.23874,6.9664297,2.9541264,1.3119799,-2.6077483,0.0042992425,-4.059761,0.9667697,1.1965988,3.609922,0.2535581,-1.4768397,-3.6986346,-10.746285,5.534633,0.82492167,7.0418816,-6.3072815,-0.68201435,-4.477425,-6.5774884,-1.8118466,-0.6456609,6.31167,-3.6810277,0.86946887,-11.265671,1.5478785,-1.4580296,2.4577923,10.322469,-1.3804834,3.6435244,2.0309324,-0.38882902,2.4263554,-1.214383,6.6251526,2.9847379,-2.5494695,-2.299156,-0.3088192,0.78051746,0.15248659,3.7433364,-1.7187276,-0.9314162,4.929036,-0.55890816,0.48567423,-0.88718134,0.7994365,1.0278068,-1.9187909,1.2379758,1.8526244,1.5817473,-3.8775835,0.5112232,-1.0459534,-0.84762824,2.0109792,1.054869,-5.3709264,-2.3701699,-0.17099428,-3.2620912,4.4553523,1.557779,0.3748881,-0.8913819,-1.3579893,-1.8406172,5.9296665,3.3685555,10.887231,19.016933,3.343426,2.8128557,-4.140133,6.744725,4.973765,-4.907141,5.88437,-8.354542,-0.19350366,2.7562966,1.5623502,1.9855785,4.917688,0.11517358,7.601868
82,3.69581,1.9293476,4.5656877,2.973146,2.0672293,2.0178127,11.040735,-5.4070454,-4.1531925,1.5441879,1.9574125,-4.220347,-0.9571474,11.115441,4.3271337,-0.93370855,3.3147132,3.3226683,1.0344474,0.23659895,5.438506,3.4677434,0.014170281,1.1849642,-0.09591748,1.409263,7.6863885,0.10527096,4.2526045,6.5632653,2.9935114,4.235264,9.356131,12.697645,1.6428323,-1.3472906,7.913848,9.800067,-0.7908941,-0.57891065,0.8188626,-2.9349427,-3.6922383,2.1431396,1.5434163,1.6584157,-1.1267291,2.2971416,-2.5594733,2.9445379,1.6798217,0.17079102,-8.309341,0.46786603,-2.2343864,0.4487533,-1.9342308,-0.7651364,1.4771962,3.2424006,8.372249,1.2572601,-3.6263368,-4.2157164,6.880089,0.649662,0.8752195,1.7241976,1.2545328,1.3707199,1.4100975,3.4383123,3.4575005,-0.7849119,-0.45333192,-3.663615,2.3048925,3.8428295,-3.0150743,0.75327283,-5.148141,-3.593083,-3.5296183,4.3254685,5.92515,1.7471796,3.3326538,2.6567907,5.4938254,4.217594,5.827266,-3.7916806,-3.245809,-2.4628747,5.3888283,-0.051527448,1.6914696,4.5292716,0.035313822,-2.3290803,-3.02068,-3.222715,8.356604,-1.0413468,1.4778181,-2.7249253,0.7413085,5.10988,5.099626,4.9357734,-3.8156328,3.5288627,-1.4343901,9.322316,-1.7597225,-4.4517155,4.5313053,10.760176,3.8965952,3.38032,5.6173787,4.197232,2.411416,1.3104324,0.8965196,4.2334194,4.841558,1.3496127,5.616954,2.877301,0.6425004,-2.278318,2.2712345,0.13279982,0.23382528,2.5090244,1.5217611,7.2986283,1.9981977,3.7643044,-1.15962,6.8027434,2.6314888,0.7743053,1.3714169,-3.9402292,2.760387,1.1612079,3.2680917,2.7707846,3.603568,8.721539,6.272678,6.696328,2.7306378,-4.281897,9.791839,-4.4822083,6.023482,10.903888,3.616731,10.036145,3.2112439,8.293134,4.550856,6.898305,1.6737226,-0.48280773,-1.0301384,6.0893493,-0.7351194,1.266229,-2.582329,-1.327198,1.7531972,7.4623857,1.4244717,-3.64981,6.040034,3.2090473,3.7168152,6.078801,1.96565,1.2083378,1.2750859,2.6220796,4.637793,-0.5897184,-3.2751489,-1.0096483,2.203099,2.4315522,-1.2949337,10.754495,4.545928,0.44291693,2.8435514,4.5868654,2.2366061,1.0897448,1.5873642,3.1289742,3.0052204,-5.9122915,-0.6108299,-0.55792296,4.0429683,-0.27947652,0.92540103,-2.5981417,0.74785995,6.326079,5.635541,0.046432078,1.9213709,1.5400783,1.5286609,2.0311718,-0.26604658,-0.2964305,0.37406534,-3.916048,-0.68233854,-1.0133433,-4.520193,-1.1015227,2.3940113,-1.821482,-7.4919195,1.2042482,-1.3757906,-1.457394,-1.6395208,0.17468973,-0.18312348,1.3680068,-4.500367,14.359454,1.2930073,4.921272,-0.6244481,-3.0721278,-4.6756115,5.217941,6.213371,-1.6867371,-2.3679507,-7.077513,1.6328365,-1.3587469,-0.96828496,9.25016,-0.58533275,0.65069187,2.223189,-2.0458674,0.5732781,9.192968,10.351767,5.309254,0.5472064,-1.7234062,-0.6661743,-2.6107218,4.5428653,-1.0165985,0.46590462,2.8170683,-4.8704543,4.8926115,4.166845,-0.84505075,-1.7782108,-0.99934995,-3.2361054,1.0627065,-3.4332368,-1.7083795,0.58205295,-1.201723,1.4029664,-8.238132,3.7693267,-4.2278333,6.304299,-4.4613953,-0.70646197,-1.1395154,-2.418501,-3.9282115,0.8648772,1.4892725,-3.327865,-0.031616446,-8.791342,0.6675596,0.27655742,1.388674,12.7418785,1.3229014,3.8906655,2.2551723,-0.038226604,0.10341963,-2.8828876,2.989842,2.772342,0.5925478,-3.1009247,-1.3579866,0.21021686,-0.6449605,2.7526464,-0.0827816,1.2220477,6.6955323,-0.6142739,0.5208516,-0.43722263,-3.7614045,1.305759,1.1893182,0.5590701,2.7063396,4.6485915,-0.95015514,0.063144535,1.48627,-1.7563367,-1.4993888,-0.7784222,0.16156644,3.1041017,2.7549603,-1.1091994,6.4182267,4.4640093,3.515125,1.6507745,-1.725333,-2.3585632,0.121482044,4.5428123,3.1832912,21.1928,0.7731237,3.6985908,-2.0710664,8.323474,8.268525,-2.2225373,3.6308231,-4.120566,-0.80386776,4.704804,1.7951047,1.321646,12.10052,3.3686998,6.3273745
83,5.446021,1.4281963,8.341459,5.0714145,3.8142607,4.3650303,6.784151,-3.8891027,-2.4977329,1.3002653,6.808343,-2.9496105,6.448512,12.453895,8.952966,3.8237631,2.1284232,2.561662,5.8939633,4.1938353,7.084822,6.559862,3.305988,-1.9522185,1.592928,2.527748,8.552779,-0.24476255,0.57798094,6.139809,1.4888424,4.8368216,4.7525454,9.967881,-2.9608498,-2.3275487,8.395897,9.782031,0.47850308,-1.1138729,0.60994375,-1.9298868,0.023395436,0.34194478,0.555195,3.0340629,-0.14995186,1.3590199,-0.07133633,0.46138814,1.1398122,-1.1519929,-7.161377,1.8679384,-1.8190075,1.3996514,-1.5602005,-0.10037762,1.8130808,2.115398,2.5107217,-0.69643706,-2.4586873,-5.8400474,3.503446,-0.37088597,-2.3892858,0.22212735,2.091831,-0.16536595,1.9296424,0.60289574,1.5518911,-0.7004391,0.9060496,-2.4629889,0.9201281,5.4763093,-0.47830066,0.9792844,-3.379226,0.3740037,-1.4187174,3.4639714,1.1731541,0.9240307,-1.7514094,3.8214893,5.0197864,2.6110086,4.2798777,0.30598348,-3.3613818,-3.4906356,0.77394015,0.085297614,-0.06432754,2.5089464,-0.96831906,-2.185723,-2.660158,-6.72456,3.6097815,3.7811294,0.35776314,-3.0262365,2.3296611,2.2551444,2.627871,5.590456,-3.737471,2.8859096,-2.4832914,7.204298,-2.7110388,-2.8134158,1.2905173,9.08439,4.041301,3.4008274,4.855312,2.1072042,0.90021616,1.9284216,0.6026672,4.8218136,-1.4917647,2.978617,9.286215,1.8075267,-0.90164524,-3.4257727,1.0814426,-0.7831861,0.44235897,0.04742811,3.8817642,7.9852653,-0.19688834,3.1114168,-0.21344616,6.868025,3.4634407,-0.61946934,2.4329631,1.1714259,2.8109295,2.7364652,3.9122684,0.91033167,2.8113904,9.345805,6.264017,4.5377884,-3.658426,3.4334803,7.860469,3.2466311,10.676145,9.864342,2.1677792,7.531029,-0.83484364,4.9097342,0.26146647,4.235608,2.194049,-3.6927934,-4.396102,4.471629,2.1425984,-0.58948684,-5.486188,-4.181941,0.7031909,4.7181497,0.01487604,-5.6001377,7.1889534,1.9506644,6.5820103,3.7028005,4.9973826,2.7992353,2.0685859,3.7571838,3.708873,1.4375532,-1.4856098,-0.79638076,2.8052247,3.691376,2.0856879,6.8578544,4.9906197,1.5076071,2.6175,2.7364445,-0.48331353,2.7454457,3.6652117,4.428871,1.5561982,-5.481847,-0.2819298,-0.47769433,4.042487,-1.5972172,-0.99238807,-3.3336394,0.2822523,10.248392,4.4648113,0.9111048,-0.8029556,1.2449664,-0.24668047,2.2280786,1.0342234,0.8366876,-0.44594407,-3.4350076,0.37822172,-1.3633417,-2.5633237,-0.5870922,1.3553742,-1.5653365,-7.173892,0.13778806,-0.45347634,-2.4026635,0.7698264,1.2450399,-0.43691102,0.596082,-2.6895628,12.0637455,3.5935683,1.3494921,-4.350982,-7.1020474,-5.764117,3.3581605,2.4259336,0.30807117,-3.9490366,-9.20743,0.89265805,-2.807143,0.20676996,8.253803,0.18171622,1.5001333,3.0861094,-1.8772761,-0.8878129,9.717328,10.145068,5.857552,4.9180875,-1.407346,1.873714,-3.5023534,4.6941004,1.29455,2.27685,2.1365674,-0.974506,2.4030025,3.8502748,-2.460422,-0.5963038,-1.8934426,-4.4599957,0.7474652,-5.823804,-6.745678,1.5630877,-0.9497027,3.5931141,-3.8766983,2.2677438,-5.5400124,2.9300468,-2.897384,-2.5957134,0.96228063,0.53734285,-5.0007854,0.64951104,-3.0705607,-2.8964481,-3.4619231,-8.015743,-0.09756099,2.4888778,-0.41524222,12.862096,2.0651212,4.8259883,1.303326,-0.85741246,-2.4281616,-3.9276576,-1.7290828,-0.94370973,1.9810939,-3.742287,-3.6403513,-2.3346055,-1.6188947,0.14437674,0.025723081,1.8861331,4.0729547,-0.73556507,-0.15216818,-0.9622239,-7.9625173,-0.6407157,4.0799317,0.2565509,2.6007855,5.735278,2.4371405,-1.4733418,2.149374,-2.826593,-5.2551203,-2.559654,3.6067088,3.804934,2.625644,1.0022869,3.8317013,4.248146,4.2645426,3.881635,-1.2360959,-1.3692894,-1.8705586,3.2168036,-2.974591,12.527209,-1.61962,2.7892096,0.3146595,6.336723,8.52733,-0.22629185,0.0198639,1.57778,1.4795865,4.816353,-3.0838182,-0.53060085,18.073465,3.466251,1.7136903
84,5.300167,2.2216566,9.567618,5.380558,4.0140653,5.1798673,1.406121,-0.15893255,0.93380094,0.49789518,7.965204,-0.89122826,11.478482,10.575485,10.440561,5.64893,1.4634731,0.7247965,7.583514,7.060656,5.510034,6.912297,5.045302,1.2278594,0.9638582,2.300149,4.7461967,0.047881115,-2.1621568,2.7564087,-0.14051351,3.317048,3.4739773,6.154005,-3.3241158,-2.4662013,4.2416034,5.7379394,1.4669396,0.55068946,2.761552,0.27291358,4.368595,-1.4921864,0.63496536,2.0209992,1.1210392,1.3886894,3.1282294,-2.5943048,0.4320715,-2.3037736,-3.4216151,2.7445889,-0.52906483,2.193007,-0.71140146,2.844186,-0.86134624,-0.18291748,-3.0202832,-3.5602036,0.72737914,-4.2113843,0.86894006,0.07913044,-3.563035,-0.8943243,2.3723655,-0.43827122,1.4374365,-0.2618739,0.031279147,0.321628,2.2545211,-1.131167,-0.4225997,5.924061,2.0069804,3.1919634,1.1656289,4.638348,2.3437502,2.487051,-2.7548165,0.34839594,-4.763981,3.8117118,5.6634755,0.80750203,1.6042888,3.9470067,-1.5005062,-4.145849,-0.64342314,0.24818766,-1.6679149,-0.45651108,0.43371472,0.938846,-1.078989,-7.2669735,-0.69247144,6.7339077,-0.37273693,-0.56594545,2.817444,-0.38766438,-2.1512606,6.3669906,-0.4983734,0.5218269,-4.08877,4.40007,-2.4397023,-0.8853302,-1.6780969,3.553197,7.218339,1.3262336,2.9662368,-0.94106936,-0.8765865,4.6049056,1.3468767,3.451528,-7.687524,3.5376856,9.064772,1.6251422,-2.5413501,-3.865561,-0.345964,-1.8036551,-0.7214956,-2.5118637,5.7333655,7.0222974,-0.7036577,1.0789348,1.2718109,4.019132,3.345765,1.0314262,3.114402,3.704743,1.4060211,4.1447186,3.6086626,-0.5189609,1.2673501,7.343232,3.4855764,0.7986359,-8.370706,8.118561,1.9850903,7.7188454,10.395294,5.423223,2.5122054,4.9340997,-2.8425837,2.4570744,-3.3840444,-0.009068755,2.3061411,-4.3718047,-5.143561,3.2006068,4.7866025,-2.2880015,-6.4748044,-5.0998883,1.4687512,0.13356443,-0.9879772,-6.044963,3.3274744,0.71911097,6.813167,-0.16228892,5.9351964,3.054371,2.019502,3.4990478,0.92188925,2.7637374,0.2778118,-0.66698045,2.6462836,3.6683762,4.148988,4.586855,3.4966328,1.9151449,0.67621505,0.39859733,-2.0281794,2.9012053,4.058117,4.939076,-0.8070975,-1.919755,-0.6567456,-1.362066,1.7893643,-2.928498,-3.8042707,-2.927326,-0.056440663,11.158255,4.3284774,4.5149517,1.1003069,3.4338317,-0.6206506,2.7485483,2.962701,2.47185,-0.732336,-0.022915028,0.8125941,-1.5443333,-0.6970308,-0.6891171,-0.08016321,0.17302258,-4.689423,-0.46872935,0.19040969,-1.7001047,3.37026,1.8071766,-0.51201075,-0.35387304,-0.46515027,8.397912,2.288863,-4.095215,-5.042079,-8.504147,-4.886411,1.7002027,-1.4111061,2.4731035,-4.222375,-7.4650307,1.4068877,-2.7347682,0.26321518,6.9367886,1.3387637,1.5385376,1.0330334,-1.5676447,-1.192291,5.9403353,8.660903,5.118162,7.7717166,-1.2859561,3.5791883,-2.577658,3.9398878,1.509453,2.9311018,0.98619497,1.843332,0.5205966,2.9083407,-2.0980868,0.44580865,-1.4886129,-6.3624177,1.7177867,-4.2498755,-8.587851,3.7591066,0.13041323,1.3187041,-0.43012008,2.7009518,-1.8018401,-0.33594975,-1.8926535,-4.700364,1.7116859,0.28797296,-2.7182498,-0.25611472,-3.6888576,-1.7320554,-5.8503003,-8.578097,0.33761156,3.164952,-1.3647224,10.997055,0.50923955,5.079923,0.08299038,-2.458829,-3.4499266,-3.1723697,-4.826555,-5.7941813,0.6920361,-2.8034563,-4.95786,-4.799755,-2.0930626,-2.0919824,-1.0544382,0.41631377,-0.2556242,-0.57327133,-0.6788338,-2.2362728,-9.681046,-4.3638134,6.7282615,0.55779773,1.8920577,4.6846175,4.945231,-1.832864,0.97742474,-2.9802346,-7.108864,-3.3171144,3.5767298,0.20823523,1.0100323,0.7576961,-0.4737687,2.2466307,2.8560119,4.865048,-0.5915072,1.1482904,1.0632026,1.509211,-5.525186,-0.752362,-2.4332125,0.9944023,0.98395765,3.1789322,6.266792,0.76170987,-2.7429712,4.1997356,5.4594707,4.01704,-8.038783,-1.9990151,19.829742,0.037056122,-2.810692
85,4.264383,4.4331946,8.395814,4.4299846,3.4850237,4.4256926,-0.085155286,3.9027226,4.2229767,-0.18184635,5.2128644,1.6857548,12.17454,6.848353,9.361777,4.4464183,2.2628279,0.050024223,5.52682,7.9087048,2.2526882,5.903629,5.72863,7.3078027,-1.3595927,2.035724,-0.20049854,1.0112084,-2.5225642,-0.0069972887,-0.39096057,1.3607956,5.8116794,4.7674947,-0.46391466,-1.2393512,-0.75926644,0.39106745,2.204018,3.7068331,5.8050394,2.364137,6.3812375,-2.0062792,1.0939944,0.32274023,2.331514,2.366117,4.592581,-3.329268,0.32457706,-1.6564558,1.0905175,3.2503934,0.8692023,2.6374836,0.26776108,3.8866847,-3.9677923,-2.4575646,-5.016407,-4.944531,4.1377563,-0.4341356,1.0009841,2.5357254,-1.2429391,-1.1065745,3.4500425,2.044021,1.706329,1.653462,-0.14460704,2.1853795,2.5899904,0.8855136,-0.2069309,5.6283317,3.339724,5.950863,7.448525,7.6285057,5.3873453,2.511977,-2.640457,1.3325112,-3.0192919,2.9097304,8.016564,0.7879214,0.15494868,5.4970293,1.125337,-2.890263,1.6311911,0.7281289,-1.4434046,-2.5593724,3.820003,5.3982825,0.99472195,-3.9116657,0.07965805,6.9308395,-0.6890053,3.3654766,2.5484793,-1.6350996,-5.3281755,6.1931314,3.7730763,-0.680998,-5.227225,3.390542,0.5699164,0.89414006,-2.558008,-1.1204543,9.980849,0.077837996,1.2322987,-2.6097386,-1.3192139,7.183308,3.2376254,2.1401982,-10.835705,2.4227915,5.5445127,3.8209753,-2.4554079,-2.8635242,-0.5658992,-1.9807135,-2.0805867,-2.8148656,6.1054473,5.819686,0.46939793,-0.14048599,3.434678,1.4624223,2.6861515,4.556752,3.7267435,3.2853777,0.5388489,4.499267,3.2303448,-0.29977724,1.190518,5.1543837,0.0916904,-0.77638453,-8.0265665,7.4409513,-2.3939295,7.3000584,6.5588408,1.1858629,4.2060866,2.8475416,-1.1625189,2.8344884,-2.9792547,-3.189027,1.5997459,-1.3090161,-2.873939,3.3867736,6.4910975,-2.318426,-6.1127515,-3.9590876,3.9810512,-2.5838776,0.4751121,-5.646192,-2.5024383,0.9683601,5.022368,-2.6310914,5.594016,2.4237435,1.9904028,2.7720032,-0.85922134,3.024687,1.8483609,-0.8446365,2.0199666,2.1715655,4.366593,5.579044,1.954117,1.6571189,-0.2910556,0.5800137,-1.4773567,2.8285346,3.0750203,5.0474677,-1.9827203,2.5616856,-0.2871578,-1.675377,-0.09059401,-2.853182,-5.740685,-0.36586425,-0.88580954,9.2425785,5.029425,9.441687,5.8724403,6.5536313,-0.41197503,2.9248643,4.5380163,4.0249457,-0.15194376,4.144273,0.59104085,-1.2624543,0.4227867,-1.5409015,-0.47125354,1.5491211,-0.71539074,0.4240622,0.87959546,0.2055376,4.769611,1.9294175,0.59678745,-0.8022806,1.9366758,5.2491107,-1.5211703,-7.8810334,-3.0536451,-5.4533334,-2.0746171,1.192279,-2.7800891,3.8176746,-3.0166597,-2.9294963,3.965752,-0.29196438,0.32011825,6.698803,1.8300091,1.6269456,-1.3150388,-0.3216051,0.63886005,0.46963766,5.01435,3.5618625,6.033531,-1.0376989,2.8742368,0.09341044,3.2798653,1.0664582,3.5170636,0.7373194,2.76678,0.25191754,2.4585207,0.26208392,1.2132559,0.70227206,-6.555208,3.3621376,-0.4397055,-6.285451,6.3512435,2.0570004,-2.620195,1.0014902,2.7096057,3.6806426,-0.1116089,-0.9455978,-5.128784,1.3422304,-1.9025152,1.5540156,-0.40951365,0.3466596,0.73703825,-4.5528455,-7.585283,1.4664105,1.4679743,-0.5818797,8.477181,-1.517835,3.7783597,-0.53430665,-3.1568205,-2.1659927,-0.4086457,-5.37235,-8.355438,-1.7991136,0.3224531,-3.8416762,-4.810615,-1.0201333,-2.4599028,-1.9136745,-1.8800609,-2.915767,-0.45290524,-0.5851308,-3.096726,-8.028096,-8.007413,7.727817,0.79164356,0.5663509,2.378085,5.3512373,-0.16887426,-0.86605066,-1.8744258,-6.0393667,-2.6119561,1.6027902,-4.3450837,0.50015205,-2.160247,-2.4460936,0.70690376,1.0812067,4.5276146,-0.7923065,4.052788,5.2310166,1.4457551,-2.6377861,-8.247266,-1.5989239,-1.0162575,0.029077973,0.40854093,3.8231897,1.0384885,-3.0863762,1.4407666,7.6971903,3.627472,-7.6116242,-1.8514024,15.388164,-4.119594,-3.5139148
86,3.3835156,6.625056,5.3718777,3.1393754,3.0775404,2.8294156,3.2584164,5.837846,5.2136664,-0.48992923,0.83870965,4.1096354,8.776046,3.717992,7.250017,1.8879555,3.2937858,1.5731683,2.0241156,6.6498938,-0.44996604,5.491001,6.0465035,10.241885,-3.5969317,2.433679,-3.2940724,2.1474385,-1.324845,0.4371265,0.44820422,0.7655383,8.506676,6.8164806,2.5816095,0.69275355,-3.2519853,-2.7839746,2.4788694,5.770785,6.145736,2.7752492,4.2539496,-1.3953629,-0.017100468,-0.4164562,2.8955827,2.6850436,2.7631881,-1.3169998,0.9534517,0.98714775,3.5440109,3.3690763,1.5882276,2.542564,0.01738413,0.15093659,-5.3395286,-4.2965636,-2.8319113,-3.1489801,5.4069376,2.946494,3.2331998,6.2026305,3.4175117,-0.40111637,5.6310153,6.7186265,3.5276282,5.18487,0.71055293,3.7402475,1.2524558,3.8069532,1.8853993,4.3093467,3.4288118,8.088249,12.600308,7.880447,6.1907635,3.3360045,1.3632134,3.166079,2.9588082,2.1219964,10.687675,3.2274692,1.0277705,4.653676,3.3111634,0.0061799623,4.0177507,0.95496595,0.7712259,-2.5786939,6.491106,7.909524,2.3509245,1.3601341,5.5074944,5.162136,-1.387435,5.8258653,2.1358042,-2.1226194,-4.49978,3.8651114,5.5446897,1.1832378,-4.5984087,2.9648693,4.103853,2.4349089,-1.2875218,-1.1478325,7.542099,0.9601257,0.4927381,-1.8972793,0.18457463,6.7843223,5.199365,1.1579558,-10.105615,0.12793854,1.1359849,7.16886,-0.12975033,-0.44489384,0.737923,-0.6519345,-2.4079733,-0.6369704,4.4971876,4.700036,1.8480061,0.55058366,5.1061697,0.93422663,1.346071,6.9863772,4.140445,1.7252165,0.9942528,2.662523,2.9870157,1.2452744,3.733775,4.426602,-1.6468294,1.1056849,-3.7276235,3.4221096,-2.1714096,3.7712529,2.362536,-0.041576415,4.3618784,0.7012327,2.7105987,4.5198765,1.2902565,-3.4455647,-0.5740063,3.2564309,-0.27262214,5.0220904,6.5886226,-0.56232136,-5.1123614,-1.3152843,6.383701,-1.2875125,4.8838778,-5.081762,-6.1507516,2.4009326,2.779149,-2.1631851,5.183679,1.6784325,2.3683846,2.3465133,-0.048394416,2.2988162,3.0725667,-1.6453693,1.2648755,-0.04937301,3.1590369,8.315396,1.4079673,0.52873194,0.9699834,3.3204339,0.28025806,3.619267,1.6954086,4.965914,-1.0639577,6.174144,1.3953073,-0.20120296,-0.6881146,-1.1033162,-6.330474,3.473367,-2.5579174,5.9600134,5.462742,13.049279,9.059439,7.154239,-1.685384,1.3726028,4.4170957,4.7311783,0.5847617,6.0553455,-0.44198474,-0.8188314,-0.44643903,-2.5920584,0.1544592,0.56257814,2.7091134,2.016711,1.6040075,1.8071251,4.336076,1.7503909,2.5309541,-0.6964268,2.5209134,2.7266045,-4.687427,-7.5794196,-0.13435826,1.0462631,1.4850626,1.2065986,-0.82516044,3.831083,-1.1019357,1.9558668,7.6425433,3.7840338,1.9976482,7.8410263,0.6776927,2.180785,-1.901991,2.0219018,3.867742,-3.4503677,-0.32858497,2.0699878,0.2328953,-0.20040715,0.33771905,2.6910508,3.215135,1.591336,4.741634,2.6024423,2.0343637,1.7837789,2.721253,3.2016861,1.8240887,3.6433342,-4.0402975,3.4566257,1.9626619,-1.7063082,7.304272,3.8039804,-4.1330376,1.2957433,-0.571464,6.295866,4.0677557,0.15245393,-3.755012,-0.062049653,-3.3092067,3.388479,0.44236523,6.0261135,3.8067713,-0.4878889,-2.7280242,1.7132585,-1.4092469,1.0871457,5.688337,-1.7335565,1.5169529,-0.6767528,-1.4803097,0.57892066,3.0275612,-4.032457,-7.157959,-3.283558,4.7020793,-0.60092694,-1.8616301,1.9062937,-1.1822069,-1.6046664,-2.889622,-2.521003,-1.0004066,-0.22286679,-2.403227,-3.7921278,-9.229503,5.585952,0.035756733,-1.5494047,-0.10526602,3.2710624,1.9290439,-2.126194,-0.18465987,-3.127117,-0.798035,0.2682896,-6.422989,2.298779,-5.8400245,-0.554439,0.6714711,0.56416297,3.6325488,-1.942367,5.4908285,5.772541,3.048305,6.0274777,-4.611425,0.032942507,-3.078916,-0.92719364,-2.289267,3.1982265,0.62380624,-1.1667793,-4.3817925,5.438675,4.0312214,-1.2085649,-0.38736603,4.317975,-5.526286,-0.14006098
87,2.9705977,7.4366307,1.6043396,2.1462176,2.9297497,1.4724729,7.616601,4.4619937,3.2037828,-0.6094934,-2.570826,5.3585443,3.7126722,2.962651,5.176101,0.13003334,2.7280421,4.114968,0.66036373,3.8621483,-1.584083,6.176931,6.095527,6.7016015,-4.037133,2.7132401,-3.85587,2.859301,-0.9778641,2.8368056,0.57519007,1.8259635,7.4488454,10.132949,3.8626354,1.8532159,-2.6698675,-2.302481,1.9021137,4.8070035,2.0878458,1.1151986,-0.9463098,-0.95219827,-3.484128,0.17940044,2.2856312,0.8241365,-1.5948712,1.4532027,1.5984502,3.860592,2.345275,2.7497928,1.5418041,1.7075768,-1.9885756,-6.85792,-5.124097,-5.6721234,0.8681126,0.8826762,3.304186,3.7384963,4.56142,9.202791,7.2887855,0.516762,7.2500124,10.844168,5.496826,8.139968,1.3969512,3.5533733,-1.35271,6.5736513,4.570596,1.4459366,2.6535504,9.138181,13.242925,5.0071826,4.6724153,3.4507642,5.8011055,3.5396097,9.141178,1.8333144,11.844221,6.8212967,3.089551,2.51066,4.6942444,2.4133482,2.6079252,0.25546238,3.221339,-0.87039393,5.8397746,6.2711506,2.5937433,5.266597,11.42379,2.9513662,-3.0688677,4.972906,1.7850392,-3.140058,-0.8435501,-0.24132864,2.8345785,4.7979608,-1.9979291,0.31596416,4.221421,3.3725417,0.508457,2.726815,-1.2204682,2.5758557,0.86401135,0.26907176,2.7625036,2.4974592,5.77355,-0.65801615,-6.0203867,-1.9771379,-1.8704185,8.60072,2.9837565,2.3259573,2.513647,1.560964,-1.437798,2.0040536,1.4995422,3.0483637,2.0217862,2.1945298,4.9403367,1.7795384,-0.8217642,6.213191,3.7294977,1.0039771,1.6757125,-1.3183123,2.4764311,2.4277518,7.5734935,5.0936413,-0.89650154,4.343845,0.40811917,0.13852923,0.9682103,0.5890908,0.1994769,1.5687342,0.51516396,-2.104346,5.5242724,4.2398844,4.988526,-0.9510294,-3.6545017,5.1371408,-0.37056598,6.7281594,4.880767,1.6141726,-3.8507006,1.621852,6.689176,2.6351533,9.994279,-3.8661952,-5.9413714,3.1442912,1.3534588,0.2710596,5.014165,1.3820463,2.6504905,2.1947703,2.1076229,0.9745447,3.543236,-2.8776455,0.4482367,-1.8193047,1.5275706,9.653785,1.2310171,-1.2856952,3.1919746,5.752832,1.3825245,4.9851174,0.7972727,4.2047844,0.941289,8.458243,3.112966,2.5430555,-1.3417903,1.1889484,-6.5795903,5.938559,-4.300978,3.1053433,4.406056,13.127076,7.5515137,3.415771,-4.97227,-2.2547352,2.2017639,4.1387415,0.586932,4.3797894,-2.2874367,-0.6815502,-3.5778751,-2.8692813,0.43408775,-3.0538514,3.7590308,2.4172266,1.8243449,1.8088629,2.7813528,1.2692934,3.7567012,-0.605591,-0.20589904,-0.22367765,-4.814428,-3.8905506,1.9713402,7.0813303,3.8297431,0.48090675,2.7655609,2.5902987,0.29105297,4.9512205,9.90205,7.2612543,5.3318744,9.399378,-1.9767066,2.4708767,-1.0032133,4.294102,6.493112,-4.3555975,-5.1902375,0.98211086,-6.3643923,1.0108877,-1.9973378,3.1524427,3.3036373,2.9565375,5.8990126,5.916905,0.4748297,3.8804862,2.9861495,4.929354,2.3331976,5.3035054,-0.2911548,0.7253296,0.65651286,1.8517739,5.025401,4.288653,-1.9232897,1.9328089,-6.0748763,4.520974,8.738877,0.9815202,-2.1163993,-2.2871869,-2.5899522,-0.2755673,0.97753435,8.999658,5.4546185,2.8326604,4.9199715,0.1817288,-3.2736707,1.8655987,1.721484,0.5809409,-0.06346622,-1.0777261,2.2180235,2.9811532,5.025987,-1.6973588,-3.520869,-2.92782,8.2260685,2.98677,2.152786,5.390579,0.15709601,-0.5753501,-1.530818,-0.22543122,-2.2949433,-0.2980411,-0.12997389,1.042772,-6.778444,0.88242173,-1.8737007,-4.236471,-2.1622493,-0.37785268,2.069952,-2.315244,1.012149,-0.8858904,1.1983916,0.738306,-4.879492,5.160846,-7.543628,3.0546958,1.3443658,1.352303,3.0346932,-2.8457375,4.149457,1.2692693,4.357432,16.958775,5.6268005,1.713263,-4.942939,-0.6768458,-5.8030543,4.252574,-0.95097935,1.4719296,-7.9142356,-0.46570706,4.4289136,6.1772604,0.89984614,-10.814528,-3.2102666,3.459301
88,2.60502,6.5661798,-1.325958,1.4957651,2.5119781,1.0173838,8.054537,0.7452928,-0.5042582,-0.61534834,-4.03394,4.54892,-0.12101407,4.506921,3.267108,0.2906793,0.37565014,5.3477917,2.864531,0.37787437,-1.8425546,6.587408,5.3280907,-1.0165799,-2.2880647,1.5231192,-2.7598567,2.9410288,-2.8934934,3.5032706,-1.0268846,3.3370957,1.4990253,11.282857,3.821681,1.3085077,-0.6089297,0.44709447,0.39644045,1.5084182,-3.8262196,-1.3724028,-5.9566283,-1.514032,-7.412677,1.3584375,0.4921926,-2.8127804,-5.7402644,2.756534,1.3057134,4.634288,-1.4185241,1.1420254,1.2030158,0.100209385,-4.142847,-12.181059,-5.030099,-6.060505,2.2564774,4.128149,-1.1217027,1.7264087,2.4487767,9.719862,7.619682,0.6644408,6.0956607,11.396211,5.256919,8.7696,1.1333514,1.2531209,-3.7417438,7.3276277,5.9610925,-2.5623968,1.2856712,8.921918,8.231757,0.24245329,1.8145466,1.5389017,6.8828726,0.9210141,10.901178,1.4508017,10.873185,9.133405,4.0714884,0.5326396,5.4728556,2.2472067,-2.7059925,-1.0822377,3.6824825,0.9659582,1.946074,1.3437674,2.3528223,5.7767577,14.301839,1.4982041,-5.116207,1.7523967,1.1810944,-4.9152822,2.065374,-3.8698778,-2.7354295,6.6310964,1.1248326,-4.917618,-0.51422095,2.918885,0.99687856,6.008122,-11.5159855,2.7943282,2.0439894,2.1712577,4.7744946,-3.3797002,4.4273024,-3.4151747,0.17288536,-2.4515023,-2.6799932,6.147172,4.668359,3.9547157,3.3319857,3.0307572,-0.031949133,2.814464,-1.2880845,0.5107891,0.87311995,2.8904176,2.9763193,2.3865254,-3.1734955,2.7404466,2.0963235,1.4681082,1.0526197,-5.473797,1.4131075,1.8199171,9.798122,5.8806047,1.1659453,5.6957045,1.4814507,-0.021152418,2.590538,-0.20772922,0.16317324,3.495897,-6.329823,-5.003257,4.919592,0.60533863,3.3111467,2.449826,-5.3660583,1.8448902,-3.371214,6.707869,1.9483683,2.681448,-2.279963,3.2459142,4.55351,5.695731,12.285814,-0.87279946,-3.6434388,1.6973128,0.9242681,2.3304007,4.3986387,1.5700598,2.0079865,1.7204583,2.8225877,-0.46769086,2.779563,-3.6835,-0.52118134,-2.4570763,0.34314972,7.7119546,0.25264016,-2.8375218,3.968138,5.053882,0.69407386,5.522622,0.6035501,2.1388202,2.2358446,9.604258,2.8441856,4.4462004,-3.093694,2.5386713,-7.3921447,4.800452,-4.50817,1.6870915,1.5727745,9.422255,2.2549157,-2.6419587,-8.027622,-6.175428,-0.92874366,2.43748,-0.18577014,0.5350758,-4.2851286,-0.94333184,-7.119283,-1.7989382,-0.7946339,-7.37438,2.3477738,0.60587525,0.966224,0.22060345,1.4990534,0.40926376,2.982727,-1.142786,-4.7456555,-3.9495907,-2.3324046,0.01692646,2.3420336,8.447567,3.4683254,-1.3543123,4.9946585,0.7215686,0.3128347,5.168802,8.441887,7.793437,8.152636,9.874194,-4.61013,1.334592,-0.43563575,4.696472,6.7365007,-3.231332,-7.1107,-0.06469377,-10.664062,1.5446804,-2.736038,0.9829651,2.661169,3.312593,5.455513,8.091281,-1.0941982,4.4162784,2.4758177,4.5163064,2.5609136,4.3219695,1.9619738,-3.4536972,-3.2713912,2.2069435,0.1093104,3.3994033,1.5024354,3.3650897,-8.846191,1.1259042,9.426803,1.0880203,-1.4400269,-4.5053983,-0.8375209,-7.310479,-0.2988517,7.0773954,3.9246004,2.799606,11.206726,-2.1974173,-2.9228442,0.78269726,-3.8331609,3.915719,0.17646566,-1.9412782,5.691921,3.7221372,4.348328,1.2448623,0.14304732,-1.6814212,8.885501,4.931016,4.5567718,7.1381617,0.10337126,-0.03699899,1.384981,1.754377,-3.4743261,-1.0182865,2.4272308,4.4552646,-1.6198959,-3.38078,-3.9917328,-6.7277117,-3.7235243,-3.676211,-0.30795896,-1.7381845,1.1286347,-1.2162063,2.395889,1.9904561,-1.3073635,6.5880947,-5.713246,4.8658967,1.2923255,2.030479,2.845517,-2.0250492,0.42934796,-5.0724645,3.370599,23.028463,12.301323,3.2655952,-5.7805147,0.37224564,-9.618157,4.968446,-3.825489,3.1964276,-5.267473,-5.6093755,3.8154414,8.524338,0.80790764,-23.767776,0.53132933,2.8939834
89,1.6703949,4.2896667,-2.257367,0.8006533,1.2926722,1.1651541,3.182331,-3.0073621,-3.6734974,-0.15958846,-4.207133,1.6765217,-1.560356,6.681561,1.3020526,1.7400271,-1.9759207,3.9057872,6.0494614,-3.050682,-2.4183314,5.007508,3.193096,-7.0898104,0.45904922,-1.335837,-0.660974,2.710625,-5.478976,0.51339936,-2.9124155,3.8313074,-6.016984,8.195651,3.750807,-0.21891715,1.4089752,2.722576,-1.3846053,-1.3927687,-6.878248,-2.8088138,-7.820967,-2.4473894,-8.388128,2.2923381,-1.773764,-5.7621694,-6.9218497,2.1650019,-0.19101794,2.511443,-4.8145685,-1.0500256,0.89421886,-1.9304509,-3.7717283,-11.583921,-5.9872465,-4.490025,-0.44052443,4.128774,-5.03382,-1.2137864,-2.5395093,7.2077413,4.2308345,-0.40009832,1.9312568,7.5131135,2.0720465,6.729379,0.4007399,-1.8417596,-4.301913,5.0628967,5.09799,-6.0332403,-0.46029747,7.230338,0.2709528,-4.1027193,-1.0985497,-1.9478176,3.6795304,-3.4623208,6.9270015,0.2680954,8.600305,8.342151,2.6522024,-0.5988301,5.608664,-0.48334333,-7.8902946,-1.7167196,1.4720316,1.4767475,-2.2412324,-3.574265,2.267009,3.3170094,13.826341,1.1547226,-5.8851748,-1.1805117,-0.002301054,-6.2569017,1.4899635,-4.7007766,-6.8747563,4.3614597,2.68809,-9.359048,-7.1407847,0.63151735,-0.37828347,4.7938094,-16.10378,1.3196667,3.4490466,2.759711,5.076271,-6.873433,2.0997028,-4.9698706,6.466152,-0.7266801,-1.8663566,1.1020558,3.853876,3.586359,2.5879705,2.5393744,0.5958331,1.2787757,-2.2246156,-2.204045,-0.5411817,1.7619143,0.8261627,2.0796201,-4.285496,-1.0567253,-0.25852054,1.8904958,-0.96172386,-6.996777,0.19060762,-0.1870004,8.345681,5.460401,2.224255,3.9348352,0.5049747,1.8966657,-0.109746106,0.36635077,0.6947093,3.4433393,-11.742261,-6.5693016,1.142139,-4.145914,-3.9586182,4.632579,-3.369991,-4.9288063,-6.309779,4.2271204,-1.0574715,2.3085809,-0.20161647,2.3256743,1.5289522,5.6338353,9.842635,3.748862,-2.1829212,-1.3869643,0.71284074,2.468274,2.6140728,1.7570128,0.20454201,0.549879,0.62888455,-1.6795483,0.75292474,-3.0934396,-1.5806772,-2.1951978,-0.28352672,3.3766413,-1.6026276,-2.9889162,2.0968518,1.2755995,-1.2515013,4.1487145,0.69500333,-0.9007272,1.9586631,9.395242,0.011185664,3.6299467,-4.3636165,2.4372454,-8.020007,0.49435392,-2.2926078,1.2764807,-2.08543,3.722648,-3.0670483,-6.5614977,-7.608472,-7.498542,-3.0063665,0.36954084,-0.8072142,-2.5789626,-5.1218557,-1.1830102,-7.936949,0.2121221,-3.1624963,-9.697688,0.21535788,-2.319306,-0.87004805,-1.6843419,1.2358538,-0.72014123,0.4491309,-2.34119,-7.043702,-6.951354,0.12984201,1.3164226,0.89151675,4.1519523,0.6669246,-3.2463264,3.9137802,-0.8869015,-0.85237336,3.1552846,3.4196613,4.6900563,7.787784,8.374409,-5.3133125,-1.3928217,-1.2841208,2.4639041,4.3559065,-2.1047404,-5.3512836,-1.3424644,-11.823201,0.3051177,-2.4078462,-2.3082337,0.9099529,1.1509569,2.744601,6.7218747,-2.138461,2.0061386,1.0685246,2.346882,2.2191994,1.3592668,1.017683,-6.019955,-6.3281803,-0.16030847,-4.670788,1.9569331,2.6895587,4.6141253,-4.9485216,0.21009172,4.8665867,0.57328093,-1.1261035,-5.5572147,-0.11735537,-11.501927,-3.16789,1.8458449,-0.41647378,0.15160611,12.156649,-3.416929,-1.2751231,-1.4538782,-9.151509,5.6621227,1.5846851,-2.5675323,6.51207,2.9173622,1.6621888,4.2742233,2.4783335,-0.81666154,6.1058135,4.2766404,4.1123977,5.7022986,-1.4768904,-0.54399884,3.9286926,1.8746443,-3.3435543,-1.7815065,3.5840764,5.5136776,3.4779775,-4.216297,-4.957497,-8.211574,-4.8951635,-4.825842,-3.0775254,-0.9087343,0.40537974,-3.6289048,2.2382572,2.194837,1.4102681,5.1227136,-1.0967865,3.2990994,0.009679541,1.1518648,2.3135402,0.7319833,-3.6390238,-8.632328,0.073485754,18.185345,8.907247,4.610862,-4.6025596,0.8463463,-11.54745,3.4750135,-6.956074,3.3578038,2.4201214,-5.5139813,2.1015697,4.2786593,-0.48049402,-27.067293,2.4279163,-2.3504217
90,-0.072085895,0.6811579,-1.4979261,-0.3062433,-0.63862157,0.9345653,-3.5442235,-4.9117656,-4.835744,1.129032,-3.990946,-2.0428288,-1.8534571,7.586221,-0.6331457,2.7506363,-2.5158882,0.5736609,5.7477665,-5.864402,-3.538156,1.2880903,-0.12844051,-7.2411113,2.4132037,-4.317222,2.5548162,2.6697066,-5.0902905,-3.927511,-2.2704709,2.5595503,-9.810929,1.3348505,3.5252695,-0.7494717,3.1974137,2.7505417,-2.273404,-1.712349,-4.6796565,-2.221234,-6.0079584,-2.2233827,-4.403926,2.8843799,-3.4281735,-5.3986316,-4.3962984,1.1117511,-2.1415288,-0.99769574,-5.5228496,-2.7932699,0.42848107,-3.6902845,0.16644539,-5.188762,-6.929254,-0.70620155,-5.519714,1.1151938,-5.7903485,-2.6661148,-6.9207244,2.731157,-0.4317148,-2.1274824,-2.6771195,1.2753874,-2.0259743,3.0330334,0.35314608,-3.591026,-2.5753787,0.8156065,2.6558907,-7.105661,-2.0443606,4.20817,-5.7055106,-6.078686,-3.1008253,-4.7901998,-1.316074,-6.256841,0.49706945,-1.5922401,6.093217,4.5018997,-0.42883936,-1.2441361,4.6022706,-3.5527227,-8.617814,-0.39823046,-1.8662086,0.5444071,-3.4668972,-5.430048,2.138906,-0.06215662,11.430606,1.506407,-4.106047,-2.0619152,-1.5829768,-5.928445,-2.1791916,-2.6314247,-6.0522943,-0.6900249,1.8221463,-9.008525,-10.832701,-2.677391,-2.6710992,-0.53339547,-11.662805,0.013054479,4.1320195,2.0649703,3.7411733,-5.423089,0.38755146,-2.9687543,10.332102,2.4167376,-0.35974395,-2.8630486,1.4350595,1.6344244,0.81929284,0.4270406,-0.061852627,-1.0900382,-0.81701994,-3.7714539,-1.1204631,-0.22800636,0.18183793,1.5040317,-2.9613652,-3.2438228,-2.1780987,1.0973314,-2.7547805,-4.4513946,-0.34515482,-1.5621642,3.726151,3.2805626,0.6480889,0.832388,0.9987695,2.9402852,-5.7024965,-0.39371,0.455275,1.350779,-11.432528,-6.123799,-3.3846526,-6.238952,-11.40006,4.4360523,2.1949964,-10.384417,-5.9393916,0.3226511,-3.0828846,1.423997,2.3727667,-1.0350738,-0.32155958,3.309971,3.9548397,7.5148535,-2.6529408,-3.8974159,-0.19301583,1.0507807,-0.21995763,1.2942725,-2.057398,-0.93633485,-3.0333362,-2.5762362,-1.792308,-0.84865934,-2.435383,-1.7414874,-0.9894794,-0.8370176,-3.1007018,-1.5321757,-1.3729098,-2.704188,-2.9035196,1.2760432,0.49203187,-3.356836,0.7882084,7.2626214,-3.5165656,0.3214243,-2.0691702,1.6857932,-6.418238,-3.977943,1.1726656,0.30426365,-5.1819377,-1.7190529,-5.4981337,-5.2848387,-2.5719116,-4.678727,-2.8736835,-1.2071623,-0.2824487,-2.934093,-3.6968672,-0.8227473,-4.099359,2.129906,-5.0328207,-8.594091,-0.49614412,-3.9207315,-2.7509851,-2.4863746,1.414746,-1.6894286,-2.1713393,-3.5671313,-4.0008764,-6.793283,0.36412823,-0.08557865,-1.8741927,-2.3881683,-2.5176568,-3.6836548,0.090207025,-1.6059169,-2.051849,0.19639216,-2.1589746,-0.367353,3.5703027,5.268917,-3.3740737,-4.3223996,-2.6524348,-1.13314,0.7470319,-2.0813713,-1.5873398,-2.314951,-10.919976,-2.7549102,-2.66056,-4.5116754,-1.4042983,-2.770444,-1.0155234,1.9675661,-2.3764648,-2.6121738,-0.7703288,-0.39711654,1.1905816,-1.2577785,-2.4914806,-4.936942,-5.679247,-2.814822,-6.435821,0.7989767,0.8461927,4.3422036,3.9654698,3.197422,-1.588544,-0.08685587,0.5366365,-4.9748015,-1.2728386,-8.03539,-5.355391,-2.8748791,-4.8725715,-1.9921372,7.2815924,-2.3898506,-0.56046665,-3.2416928,-10.898253,4.11751,2.0284424,-2.2490983,4.092901,1.8563033,-1.0856473,5.9008718,3.723967,-0.41787413,1.1926855,1.5552677,1.8176634,1.875793,-3.473441,-1.3942317,4.6322308,-0.10863123,-1.4986637,-1.7168624,2.5830042,4.7069325,5.8809986,-1.6746436,-4.072741,-8.488963,-5.6655116,-3.3837872,-3.307248,-0.06708631,-0.52346414,-5.451736,0.8022314,0.6321809,1.2457503,1.6320635,3.8252356,-0.15703677,-1.7236183,-1.3600695,0.63515425,3.8658125,-5.967555,-7.672365,-3.356438,3.340928,-1.7543234,5.1194057,-1.257206,0.048008982,-9.671656,-0.1523443,-8.422543,2.3728902,9.634569,0.34723088,0.26163194,-2.3974035,-1.7484101,-17.194447,1.2461424,-8.127511
91,-2.2125502,-4.093174,-0.7509897,-1.7495631,-2.523059,-0.33317277,-7.079841,-4.674655,-4.1269464,2.9555123,-3.3809078,-4.7273254,-3.077816,6.400755,-2.2549198,2.049167,-1.4711624,-2.450825,0.14626281,-7.656799,-4.251072,-2.745164,-3.5207527,-2.130894,2.6332088,-5.4302006,6.711533,2.9797812,0.4385858,-5.69784,2.0748796,-0.52942985,-7.1532087,-7.0682087,1.4270753,1.1636688,5.2303567,0.8319358,-1.4282591,0.20361264,0.5021712,-0.21785015,-2.365648,0.011582565,3.192541,3.667588,-3.7019575,-1.2484192,0.1510942,1.2362721,-3.386198,-3.4009256,-3.6616077,-3.145246,-0.44212857,-4.4870515,5.5535417,2.7001958,-6.0080366,3.9141886,-9.343463,-2.409213,-2.9297473,-1.6244409,-7.2571473,-1.7394294,-3.4407349,-3.3539727,-4.4602213,-3.9555533,-3.9337976,-0.73580724,1.3924526,-2.73666,0.26315403,-2.893815,0.26003662,-5.326722,-2.5962389,0.9236204,-6.401006,-5.330971,-3.8063502,-4.7579255,-4.630503,-4.888114,-3.349496,-3.2319787,3.49718,-0.60704845,-3.1606977,-2.0543642,2.1552358,-4.513025,-4.518455,2.7557404,-3.8634548,-0.67540437,-1.0468957,-3.733116,1.4491639,-2.369917,7.440083,1.8245966,-0.16896543,-1.36196,-2.8990397,-4.1626496,-5.996373,-0.102023885,-0.505363,-4.6257515,-0.1612909,-3.511929,-9.280693,-5.070349,-4.4415507,-5.6962266,-1.9008195,0.763343,3.1252463,0.6046221,1.7337705,0.123078436,0.122035705,1.970597,10.083754,5.2450128,1.2433963,-2.9508743,-0.6741531,-0.5731349,-0.95390534,-1.7083716,-1.3402083,-2.321087,1.8921376,-3.394127,-0.65285826,-1.3450055,1.1745784,1.4497331,0.71301526,-3.8307126,-2.8687856,-0.630348,-2.6102881,0.9128104,0.32532296,-0.57469547,-1.5053973,-0.29563686,-3.0615838,-0.87766325,5.100761,1.2896236,-9.907498,-3.7985907,-0.39550763,-0.8860142,-5.2000756,-4.784587,-5.9901137,-4.1803136,-12.262094,2.1035428,8.013173,-10.382606,-1.9291219,-2.9536448,-3.7498224,1.0489235,5.0460944,-5.092985,-0.05936827,1.4384861,-2.055663,7.198364,-3.5875978,-4.0408807,-1.9898219,-0.38382587,-3.1877496,-0.07846469,-3.6719055,-1.8648846,-5.073025,-3.2645333,-3.637379,2.2654223,-2.7876983,-1.5348228,-2.3835273,-3.2053466,-3.1315954,0.36352253,-4.199928,-3.920003,-3.1850407,-1.4213262,-0.21247682,-3.5721304,-0.030250464,3.4778023,-4.81968,-3.1186066,4.62258,1.4525666,-1.3792126,-5.6067734,3.204588,-2.7222126,-6.9960847,-5.998632,-5.5063186,0.14331794,4.8397202,0.88014334,-1.1468738,-1.7627814,1.4821123,-0.7158353,-0.20626101,0.372583,3.2188263,3.310672,-5.0914426,-4.823765,1.1110282,-2.5622888,-3.5595891,-1.793095,0.81274563,-1.9599357,-3.1822283,-4.038304,3.3083732,-2.3496811,-1.3606962,-1.7276237,-4.931506,-5.933431,-3.787152,-2.1574078,-3.9763737,-1.4403886,-1.9960487,-2.4126294,-4.688916,-4.3994904,-2.2629175,1.798801,-0.052467763,-5.578709,-2.7068427,-3.6170022,-2.1560657,-2.6087651,1.407812,-2.0061774,-9.171773,-6.233645,-4.2812,-4.485307,-3.328386,-5.756147,-3.5587592,-3.2592497,-1.7181972,-6.893956,-2.506341,-2.6008756,-0.30208558,-1.4816183,-6.210169,-0.9496919,-1.5257307,-3.548426,-4.556601,0.14423034,-1.4539145,2.2952676,11.532262,7.7055974,-4.8381886,-0.65894055,4.1765714,-3.5685325,-3.2043626,1.8238299,-4.3869095,-4.2144337,-6.3204284,-1.3225216,0.067309484,-0.16700505,-2.2376575,-3.5740912,-7.1595078,-0.11679611,-0.21900097,-1.3114653,0.21786726,1.8874441,-2.4164484,4.2056694,4.5995483,0.48388126,-3.4726436,-1.737155,-0.27140376,-1.8682673,-4.5703235,-1.4882034,3.4729266,-3.4799876,1.1521487,-0.4944293,0.19076285,3.2719886,5.096814,0.848964,-1.7479937,-8.069837,-5.9189944,-0.57433784,-0.044418436,0.7925527,-1.297372,-4.113106,-1.2961249,-1.7494397,-1.5949348,-1.5312973,6.6241345,-2.7499733,-2.7860248,-4.0748363,-2.0061228,5.205818,-6.1829615,-4.5393496,-4.3872094,-12.487345,-10.557355,3.8334897,3.0716324,-1.1825109,-4.4990864,-3.9897277,-6.876953,1.031179,10.983414,7.7568235,-0.5499205,-5.6669216,-2.0559144,1.4234298,-1.343295,-9.398025
92,-3.8296328,-8.7508545,-1.5949163,-2.940058,-3.456772,-2.143966,-5.4412007,-3.314226,-2.6685624,4.278751,-1.6549808,-5.002303,-5.759371,3.725018,-3.619988,0.0016695366,-0.92490596,-3.4156723,-7.491944,-8.157564,-3.5403605,-4.7247057,-5.4877744,3.807376,1.7386633,-4.1216974,10.379474,3.2050378,8.939251,-3.242235,7.921887,-5.130069,-0.33772177,-14.466032,-3.6023135,4.8607407,7.3538256,-1.3789829,0.8898324,2.052599,3.9976676,1.7319136,0.82663447,3.4647977,10.5889635,5.110527,-2.6133206,4.381991,4.060985,2.7846599,-3.3354154,-3.3922973,-1.3035489,-2.0165846,-1.3301101,-4.0202446,8.6764555,7.2921634,-2.7566783,7.04071,-9.304295,-4.0472956,1.510799,0.8162536,-3.1372964,-4.4228277,-3.7277043,-3.1871266,-2.5472438,-6.1177526,-2.4266963,-3.2949471,2.5099034,0.13330504,2.341767,-3.942792,-0.8643355,-2.0780916,-1.4691511,-0.89232653,-2.7361526,-3.0591552,-3.3335917,-1.5478587,-4.8450522,0.010053703,-2.2780201,-3.8588686,0.19061804,-4.760781,-4.051528,-3.0559492,-1.0814389,-2.881557,0.37256426,6.1907907,-3.2024672,-0.925593,2.718041,-0.52735925,0.6373634,-2.7029722,0.87002075,1.633119,4.010312,-0.610169,-3.3149695,-2.5136387,-7.0679736,0.11322098,5.9136653,-4.5177984,-0.7310787,3.0862496,-4.4937253,-4.8504143,-4.8884983,-6.447554,5.8213706,3.3354805,0.35664597,-1.1657984,0.003078408,6.246221,0.71972483,5.8521934,6.521892,6.1787896,2.6133769,0.2390617,-1.2251828,-1.8195282,-2.0389943,-2.4767976,-1.9136863,-1.7228259,4.15797,-1.4449078,0.2593195,-0.82961595,2.2804015,1.7285239,5.3229847,-4.1019015,-2.648528,-1.802544,-0.41728416,6.0734096,1.8735601,2.342863,-4.8859553,-4.283565,-6.4852433,-0.37465334,11.135324,-2.0894568,-9.448839,-7.9724174,-0.57098144,-1.4730185,2.5612195,-4.526178,-5.525385,-0.32585025,-4.3829637,-0.95488304,9.979369,-4.621245,2.8607593,-4.111993,-3.3429441,1.2264849,7.1368046,-7.3520274,1.6692965,1.6926887,-5.558707,2.0618703,-2.884873,-2.0024724,-3.9248345,-0.7001505,-5.3210406,-1.8839101,-4.0030427,-1.6783847,-3.6363292,-3.7745724,-3.8329523,4.914219,-2.5363474,-1.4957703,-4.1889563,-3.997738,-2.0666914,1.0317552,-4.8770504,-1.964154,-2.325854,-2.4185035,-1.0831721,-1.3329263,-0.06824006,-0.060494885,-2.5402148,-4.1945076,12.166515,2.0403452,5.6905665,-3.9338546,1.9629588,-7.781403,-7.699762,-9.765895,-5.8896255,5.529338,10.812891,5.7087226,0.35772204,-1.2567976,3.588277,2.2999592,3.6749413,2.0781689,10.34354,4.1010184,-3.616077,-0.47717574,4.2093325,1.0935359,-2.8957999,-0.44253975,-1.080755,-1.2839167,-2.249387,-3.4385831,10.166199,4.7425723,-2.6443477,-1.0294015,-6.837503,-3.789362,-2.4721048,0.30030826,-5.8021693,-0.8414878,-0.2677582,-3.702005,-3.038555,-5.244517,-6.188486,-0.9622279,2.301747,-4.4855247,-0.77216214,-3.3557575,-3.20432,-2.3698783,1.913831,-0.20113003,-6.809959,-8.018235,-6.156244,-2.7801175,-4.3441043,-5.5559936,-3.5234678,-5.69263,-0.28323403,-8.450734,-3.7896616,-3.7043939,-1.7725501,0.62221247,-7.7970796,3.257148,3.2483542,-2.0347264,-1.0599791,-0.086434245,-1.0078386,-0.26350543,12.432256,10.095156,-2.488048,-1.3062959,8.109575,-2.6413496,-4.0609527,11.529528,-0.029344512,-2.2688549,-3.6197531,1.5774488,-4.6659055,0.9588482,-5.494879,-2.716905,0.2499613,-4.371159,-4.6334496,-0.89457285,-2.4054441,3.4009805,-2.5075445,-1.2391655,5.166994,2.410696,-5.9615736,-4.180691,-0.8901895,-3.5046654,-4.1776323,-0.62973124,1.5936807,-7.001878,3.081995,1.3946614,-1.9003457,2.1234505,3.0751617,-0.2068981,1.0210162,-7.579733,-5.6085787,1.7005159,4.757958,1.6175138,-2.0363,0.39858273,-3.1863332,-3.4825337,-4.9287076,-2.6348436,6.5313272,-3.1144235,-2.7487803,-5.2450476,-4.2332463,3.8027585,-5.814315,-2.8678548,-2.319081,-18.21298,-10.350036,0.5886751,6.485099,-1.2282197,1.0454727,-6.013752,-2.7931547,-0.17650011,5.6855865,11.182832,0.026064845,-3.365698,-1.5948389,17.831497,-2.60141,-4.847355
93,-4.003564,-10.848395,-3.864995,-3.1715822,-3.0392885,-3.1112084,-1.2845762,-1.9399091,-1.3089179,4.156542,1.5331261,-2.8791132,-8.117326,0.9397512,-5.1313086,-1.6630808,-2.4892204,-2.2839897,-11.3921175,-7.3459525,-1.4661671,-3.632112,-5.1385474,6.6190643,1.2964302,-1.736689,11.612132,2.5720074,14.84939,0.6306234,11.303304,-10.324409,5.2921667,-18.835424,-9.828783,7.824932,8.601279,-2.3952649,3.3520374,2.0112994,3.2351615,2.6019037,2.7720923,6.282819,14.368455,7.098407,-0.8548429,8.098604,5.7104025,4.499573,-2.4015284,-1.8168516,-0.25265813,-0.22098328,-1.2193722,-2.4917839,7.6392913,7.0769773,1.3165355,7.2830844,-5.5562377,-3.411674,4.669466,2.601023,2.580924,-4.4593296,-2.5012395,-1.6106654,0.6656306,-5.6058884,0.6709144,-4.122293,2.2349586,3.2653978,2.7482495,-2.1089854,-0.68201286,0.6777495,1.1943926,-0.12891439,1.3965663,-0.7438099,-2.0499368,2.8835475,-3.4249902,5.0586286,1.4501044,-3.4361105,-3.968223,-6.5981297,-3.2020395,-3.487754,-3.6571937,-0.3948938,1.419034,8.192629,-0.6782276,0.026296102,4.9144793,1.7056086,1.3407154,-1.2580402,-7.6697392,1.1140507,6.4512405,-0.2779031,-2.6709926,-2.0900426,-4.6766586,-2.405126,8.989096,-0.9332452,1.6485311,6.0949454,-0.45120242,-2.0036972,-4.138582,-2.2688887,7.092942,5.4962873,-2.821267,-2.7638853,-1.1135414,9.447665,0.91497636,4.8397474,2.9485376,4.871394,3.4226522,3.3808372,-0.47292092,-1.8258014,-2.286348,-1.8768358,-0.8687281,-0.22539222,4.902556,0.91839576,0.9810113,0.4632609,1.8318808,1.4294399,9.121356,-4.762576,-2.5760365,-1.2751716,2.2696872,8.593796,3.3735008,4.7415166,-5.7451873,-7.4818215,-7.191933,0.48896974,14.934525,-4.4882393,-4.7873974,-9.263515,0.8480234,-0.48475435,6.499521,-6.026512,-2.7586396,1.4485989,7.711895,-2.7965655,6.767283,3.4041622,5.2496552,-3.2369044,-2.2894452,1.1430498,7.9783516,-6.1834207,3.4843829,3.2169514,-6.2779946,-4.5289226,-0.07370679,0.6041673,-4.8646264,0.0022906386,-6.190916,-3.1466832,-3.290362,-0.7098662,0.15529975,-3.816861,-2.2844846,6.1349792,-1.6842756,-1.4115771,-5.278533,-4.4288893,-1.3600689,-0.23292728,-3.587632,0.9457793,-1.3520137,-1.581209,-1.5440451,1.7474393,-0.038896676,-0.81056273,1.7862148,-2.4569502,15.100127,2.6140935,11.3465805,-1.0572846,-1.5196159,-12.7671795,-7.5076575,-13.538975,-8.366174,7.1990848,13.020941,6.9432116,0.20601845,-0.015811898,4.934398,4.4060173,5.9377804,3.6119027,13.845866,5.2724576,-2.1131403,2.7180262,7.130232,4.6283536,-1.3828411,0.3628819,-3.4019377,0.09222209,-0.48492414,-2.0615084,12.262306,10.897036,-1.1675124,2.396337,-6.2423725,1.9615016,0.041425817,1.9728801,-4.5086493,-0.091524035,2.3139207,-3.1224332,0.47013417,-3.0107977,-6.0787997,-2.791395,2.1618354,-2.1184237,1.8513623,-0.9353983,-2.5619907,-0.67838466,0.35747722,1.8687876,-3.5644088,-6.6733723,-6.2731085,-0.7483625,-4.6185246,-2.443375,-1.5816687,-4.474348,1.6099536,-6.9316044,-4.2965107,-3.6341262,-2.7178738,2.90278,-6.3007402,5.5164967,5.6841407,0.35603675,1.3323233,0.39966503,2.755267,-1.5360388,7.2788243,8.860616,3.2798898,-2.041258,9.528946,-2.4581013,-2.8886461,14.877849,5.1195374,0.5747477,1.600548,4.206577,-4.204092,-0.32694376,-7.7345595,-1.605977,6.610177,-5.6928787,-8.482616,-1.5676616,-2.26827,5.6051464,-2.6802118,-7.9401174,4.9364343,4.428908,-5.9592657,-5.2336445,-0.34918106,-3.119967,-2.5687585,0.23146287,0.24480017,-9.15684,3.4629698,3.068833,-2.3382802,1.318901,2.397636,-4.865372,3.5086305,-7.0732965,-4.8194275,2.3670897,8.022629,2.1966057,-2.9439049,5.22494,-4.090771,-4.076062,-6.2565722,-1.9631724,4.7100763,-2.1796281,-1.9658469,-4.2364416,-4.4848323,0.7705747,-6.4726777,-3.8630092,1.1807386,-9.482554,-1.6561316,-3.170943,7.603389,0.7508302,4.0067835,-5.7219343,1.7763937,-1.1777049,-1.8792603,8.470852,1.3857996,1.3874606,-1.2726703,21.432081,-1.2117231,2.2085245
94,-2.485151,-8.5385895,-5.6848593,-2.2353113,-1.6487448,-2.2327714,1.0087585,-0.85150635,-0.027986368,2.7550378,5.417713,0.3814351,-7.840261,-0.7199075,-6.769601,-1.4577639,-5.322025,-0.43414322,-8.713913,-5.5941014,0.8510512,-0.47832805,-2.898516,6.013467,2.432918,-0.05256018,9.85037,0.5964989,13.659444,1.7863444,10.092785,-14.045325,6.029005,-18.874199,-13.357888,7.713283,8.2113695,-1.832953,4.47436,0.47620586,-0.07515797,2.433794,4.3288965,7.0860114,13.707891,8.9891405,0.7402995,8.0041895,5.383064,4.8626075,-1.5130409,-0.60954815,-0.33532733,1.2509067,0.6045668,-0.39945284,4.2317047,4.3730884,4.373173,5.428634,-0.28870562,-1.8576342,5.1056166,2.6259778,6.3425446,-2.0800536,-1.5870893,0.6561989,1.9418578,-4.1666617,2.363534,-3.4314785,0.25265282,5.332627,2.3646984,1.0687218,-0.0248393,2.103306,4.480042,2.5049787,2.9483535,1.1391678,-0.36859334,5.8556256,-2.8067656,7.0755863,3.451016,-2.449781,-7.7783036,-6.0702767,-1.8353927,-2.4878392,-4.393126,0.85602283,-2.2749066,8.2719145,1.7156801,1.3208419,4.733177,2.1062834,4.7766895,1.0322676,-13.852156,1.0390764,6.498625,0.7347855,-1.2944416,-2.1227038,-0.23644532,-5.254902,7.564494,2.9579475,5.958176,4.6019807,0.6822787,1.6894674,-2.738623,3.4283526,3.760787,5.1969757,-4.501602,-3.470836,-1.7508942,8.573526,0.083806835,-0.5541268,2.7796173,2.4329839,3.4799647,3.6266973,0.41401938,-1.2377874,-1.7919824,-1.0842483,1.5387373,0.7115526,4.4065313,2.6160264,1.4084179,1.0560025,-0.41714698,0.17143115,11.084269,-5.04722,-3.2775278,0.54576695,3.761342,8.259222,4.037944,4.332599,-5.0895753,-8.886213,-4.820074,-0.704174,13.4842825,-3.9692564,0.5552164,-5.7066803,3.2933326,0.26916486,4.8134604,-7.6236873,0.5463268,-0.4662926,16.441694,-1.9352696,1.1602012,9.304722,4.763888,-1.6275342,-0.73439807,0.1754677,7.267098,-1.9794877,4.397698,3.8897078,-5.589966,-7.337148,3.4189467,2.6506453,-4.227042,0.83569145,-5.8825245,-3.152674,-2.2836046,0.052400146,3.2432828,-2.8649645,0.265908,5.9206014,-0.14495829,-1.3338536,-4.789846,-4.747536,-1.742841,-2.5721824,-1.57232,2.2898014,-0.95569384,-0.11077789,-1.2811724,3.5063002,-0.8220022,2.1809454,5.003694,0.23102073,11.132976,2.1399224,12.784301,0.84691215,-3.8110723,-14.495943,-5.8583317,-15.983127,-11.374317,4.9386587,11.963388,4.41033,-1.5086961,1.4721413,5.032489,4.9955816,5.82889,4.3689513,13.00524,6.81455,-1.7084508,4.4156833,8.608634,5.901266,-0.08408804,0.12628493,-4.618215,1.6359028,0.7610106,-0.42368227,9.392563,13.036488,3.3774085,6.634095,-2.7087002,6.4914575,1.7733743,1.8794572,-0.9505543,1.0224901,4.3216434,-0.7245077,2.2771804,0.31259093,-2.6012833,-4.011562,0.0995482,-0.11748853,3.2439065,1.4753715,-1.226154,1.9854645,-1.4573293,2.3273516,0.21605203,-2.4653194,-3.7513263,0.77603644,-4.4706025,1.0981822,0.3786783,-1.6007401,3.5516403,-4.05766,-3.6563988,-2.540273,-2.842726,3.078444,-2.3658507,5.788097,5.1768312,2.0954697,1.6234453,2.1854064,7.2131047,-0.7004913,1.7770218,5.5313625,7.9476633,-2.2517445,7.0000362,-1.7011242,-0.14343578,11.084999,7.7009864,2.0356698,6.3682003,4.850657,0.52025944,-3.0010474,-6.7045784,-0.8495509,7.7766404,-2.9794242,-8.988146,-2.4003384,-0.044912618,7.1002417,-3.770817,-11.425016,3.8216496,4.919314,-4.7044854,-5.2526674,0.23095392,-2.472336,-0.43083024,0.100046515,-0.06917042,-8.628333,2.839926,3.87993,-1.009719,0.4514204,3.9285803,-9.224004,5.56845,-5.946936,-3.656684,1.8744874,8.203962,2.3968282,-3.8030086,6.989476,-3.629911,-4.3174543,-4.5987616,-1.280611,3.1473901,-1.787745,-0.903217,-1.9727472,-2.4341624,-1.5955597,-7.7140026,-5.4108615,3.6352904,7.4908834,8.919211,-5.087852,6.360909,3.9956822,3.8780513,-4.1720557,4.8011594,-2.0297346,-6.0045166,2.5494914,2.6045923,3.5746503,-1.6035386,9.382711,1.9458603,7.3470063
95,-0.054928165,-2.6677988,-5.305606,-0.7271307,-0.15824394,-0.0044989698,-0.25380006,0.3009296,1.5342472,1.4001561,8.467947,3.254966,-4.667599,-0.7301821,-7.499268,0.3632676,-6.710761,0.6906151,-2.5042605,-3.5996659,2.279353,2.638537,-0.31965184,4.7322855,4.8611293,0.5376465,6.804354,-2.377049,6.0075574,-0.5690987,6.009804,-13.580208,2.8522873,-14.312419,-11.301307,4.383508,6.443716,-0.2954093,3.6742136,-0.61158663,-2.0907273,1.8422537,6.5298333,5.9664874,10.161083,10.027983,1.659653,4.9757485,4.4479117,3.400909,-1.2321589,-0.86559427,0.116146386,2.0227273,3.5772526,1.7288088,2.1933897,2.533043,6.192183,3.6494339,4.310576,-0.7134366,3.6824996,1.6635404,6.739518,1.5513325,-1.5518278,2.7604933,0.49680775,-2.9432294,1.4971808,-1.8778621,-2.0821815,6.311813,2.937976,3.717561,0.31312245,2.915456,7.273212,4.7297554,2.225033,3.1761026,1.2491353,5.923796,-3.827536,5.6479564,1.5615941,-1.2389381,-9.336056,-4.0413218,-1.009077,0.08809262,-3.3456388,0.48421696,-7.1522937,7.3061757,2.5610409,1.9267998,3.8393304,1.6440132,9.75629,2.7950025,-11.997367,2.1124196,4.8982544,3.416176,0.31643325,-0.6285618,4.3513665,-5.537858,4.0683627,4.586634,9.154537,1.996405,-0.061790228,4.066448,-1.1212583,6.454706,0.90973866,2.5042586,-4.0193396,-2.748649,-2.0125258,5.0746064,-1.1953951,-5.1510277,6.488957,0.5735519,3.062869,1.1962128,0.5493139,-0.89498127,-0.6933297,-1.1771607,4.048106,0.3725518,3.7372642,3.1486032,1.80221,0.32428613,-3.1472511,-1.1748555,11.116829,-3.7210977,-4.189042,2.0862083,3.6730015,6.597612,3.7129443,1.1515458,-4.1767583,-8.082818,-1.4346517,-4.160097,7.41683,-0.98255324,3.179992,0.74969393,5.043418,-0.977581,0.47500184,-6.7332106,2.9054315,-4.094629,17.152811,1.5125856,-2.333284,10.851434,3.75036,-0.5633752,1.3232186,-1.3621826,5.284418,3.0726628,4.2241507,2.730999,-4.637534,-3.8346515,5.9512196,4.540466,-2.4923313,1.0705535,-4.663457,-2.0921364,-1.5213172,-0.16933833,3.3930938,-0.6279261,2.7543046,5.040012,2.158067,-1.4191864,-3.2694414,-3.6660821,-2.0950727,-4.4100137,0.12713984,1.5234482,-0.96593785,0.6553065,-0.51484096,2.9987113,-2.3367033,6.954307,5.037511,1.5796657,3.6734827,0.54446614,10.229236,1.7902527,-1.9673661,-10.88584,-1.8439741,-14.356793,-11.350118,1.6175355,9.618138,0.3971244,-3.432961,2.7109811,4.118326,4.2904377,4.4188256,4.1874323,9.857232,7.4737067,-1.9768258,5.3375645,8.321306,4.66853,0.414013,-0.635667,-3.9012878,2.9459436,1.1526283,1.1772285,5.2092233,10.593671,9.218258,9.384588,2.8303056,6.6806736,2.0494683,0.50025296,3.2661948,2.730871,4.840485,2.6177123,0.96546745,2.66524,1.6909565,-4.6217537,-1.7594904,0.98268366,2.9115822,2.1529331,-0.14977896,4.5805793,-2.054203,0.36137432,3.3497717,2.729207,0.14472537,1.9112141,-3.784518,2.744882,1.1439865,0.31572634,5.138661,-1.834623,-1.8075527,-0.7072579,-2.1239564,0.8310022,2.456122,5.542899,3.6163683,2.783128,1.0666336,5.17097,9.025817,1.3832637,1.1735013,2.615588,8.571227,-1.1165835,1.7689497,1.1815481,3.0734987,4.6463923,6.519917,1.7373728,8.565472,4.047212,6.111753,-4.58783,-2.4519176,-0.39160037,3.267311,2.1321383,-5.758425,-1.7864729,2.2530384,6.7627697,-5.1103964,-8.33316,2.5892231,3.3583977,-3.788296,-4.8022976,0.19168112,-2.9463587,1.5608433,-0.873297,0.3162325,-5.183382,2.4829106,3.6691744,1.0695034,-0.5702658,6.1256614,-9.041034,7.219176,-3.5343149,-2.1279056,1.4691147,6.26613,2.399046,-3.941092,4.7984943,-1.9816465,-5.1883335,-1.0939863,-1.9882464,3.1535556,-2.7303364,0.3355776,-0.08666154,0.52643347,-1.6007713,-6.941055,-4.6240096,3.9033513,20.782705,15.007188,-3.8348327,3.8376887,6.7381873,2.7476711,-2.6875765,5.7610893,-2.7008312,-4.4161997,-1.3680642,3.1423407,1.1267768,-2.1426392,-11.424839,5.0988984,9.189081
96,1.86303,3.1905568,-2.9248953,0.31984252,0.6767641,1.8250902,-2.5657732,1.7073724,3.1937692,1.4170426,9.407059,4.906013,-1.0385001,0.63640404,-5.9115243,1.9006305,-4.769387,0.6592706,1.0741994,-2.0007765,2.5806913,4.074813,1.0163336,5.210015,7.095532,1.2336917,4.9792395,-5.1666675,-2.517981,-2.8343759,2.8734765,-7.6181235,0.023010662,-6.475433,-4.453028,0.04517884,4.1456804,1.2599556,1.5965658,0.0015728332,-0.8424938,1.138057,9.090741,4.100289,5.7292557,9.693042,1.7899231,1.6369298,3.8301744,0.9741736,-1.3357424,-1.955065,2.1685274,2.427574,5.94118,3.4259129,3.4483578,2.7294579,8.096264,3.3850338,7.3233643,-0.06597701,2.4140704,1.4672561,5.074048,4.7076983,-1.4918761,4.132158,-1.3172643,-1.7323476,-0.22428142,-0.21244669,-2.9899461,6.84777,5.133496,4.907667,0.13049641,4.137613,8.826145,4.4866858,1.671534,5.8475943,2.2014427,3.6022205,-5.02552,2.9511409,-2.2613792,0.22779799,-7.696361,-1.648137,-0.8556588,3.446193,-1.6651783,-0.0039333235,-8.657419,6.367559,1.9654025,1.5689584,4.1745734,1.6018513,12.768386,2.718551,-0.67641187,4.1168766,2.7164996,6.813161,1.7717376,3.2949533,8.044666,-2.7454572,1.8464252,4.154164,8.431523,2.1444016,-0.3802323,4.2392163,0.4350939,5.263738,1.0863167,-0.58738303,-2.8063684,-1.0528008,-1.7663531,1.4320568,-1.8579415,-3.5436869,10.77765,0.29941982,2.7775135,-1.1439785,-0.072082885,-1.0853437,0.67186046,-2.1331086,5.310565,-0.8934355,3.539753,2.5302467,2.2428503,-1.039834,-4.6949153,-1.2153484,9.500745,-0.7349404,-4.0717387,2.1404054,2.857523,5.014946,2.7399302,-2.4146845,-3.403307,-5.4607854,0.30603814,-7.341762,0.25693613,2.207636,2.529812,5.5738087,4.7214594,-4.251515,-1.8669285,-2.4714155,3.8234286,-6.2551875,11.13288,5.3475833,-1.450344,8.794736,4.6010814,-0.40916774,3.5400145,-2.550631,2.818925,6.417124,3.2528732,0.78540677,-3.4182515,3.1084719,7.1855693,7.189951,-0.80866224,0.57058054,-2.8821845,-0.9182996,-0.9321377,-1.2331629,1.050345,2.433973,4.3309364,4.3424363,4.8722844,-1.437001,-2.4827485,0.2019969,-0.4957225,-4.8583097,1.2371067,0.18890405,-0.8087549,0.378473,0.18808004,1.0819182,-3.5022073,9.839363,2.507155,1.0254251,-1.1555877,-1.1146367,6.7651663,3.5453057,3.6869855,-2.81303,4.293446,-7.175539,-6.2184577,0.16236328,7.2394733,-2.4070346,-4.2470775,3.323601,2.6504037,2.5531602,3.537876,3.4366279,7.0135984,5.7974052,-1.4475499,6.2343354,6.5986924,2.397981,0.3898693,-1.0147008,-1.8420947,3.951242,1.4406495,2.6913285,3.3984244,5.469438,13.976802,9.860653,8.504735,3.8097324,1.9291878,-0.73372215,6.7414923,4.443155,4.1228805,5.3518786,-1.4984236,3.4950447,4.496133,-3.9406426,-1.6306794,2.090423,2.280365,1.2729676,0.28689018,6.3958564,-1.3140372,-2.838305,4.8214784,6.572617,3.0180116,3.0708437,-2.1437783,2.3683078,1.1794957,0.62443805,5.968542,-0.7805746,0.6079358,1.3939013,-0.7301514,-1.9326639,6.560681,5.8839126,3.3115494,3.0959353,1.3865856,7.861962,7.0258074,2.8527691,5.6207786,1.1140218,5.618319,1.3555188,-3.362032,5.91284,5.9239593,0.5795493,3.5484765,0.96203387,7.9653153,3.4249697,9.250658,-3.456017,2.611346,0.08313398,-3.7040284,6.426675,-1.1863958,0.65966934,3.013962,4.404264,-5.1921797,0.7887495,2.1667125,1.1055086,-3.8130329,-3.9176571,-0.19979896,-4.0700903,2.8852406,-1.4884037,0.7032649,-0.22675072,3.0502806,2.6203132,2.6339366,-1.2645447,6.6849556,-3.8532465,8.151332,0.18677533,-0.2051068,1.7982553,4.2831492,2.5684738,-2.7384717,1.0829959,0.19886655,-6.6165414,2.0885942,-3.8012044,4.581233,-4.154291,1.7777001,0.41713575,2.3164191,0.67566043,-1.9046704,-0.90382934,2.9154978,22.190264,15.033757,-0.53810495,1.4903479,7.510492,3.0536401,-1.7160664,5.692689,-3.1380248,0.22705704,-0.43150136,2.9802852,-3.4383543,-1.9993199,-29.424282,7.269955,9.901968
97,2.2190208,5.354746,-0.534703,0.26354045,0.69238883,1.7839255,-2.0462773,2.9350796,4.0729566,2.7884524,7.96158,5.373612,0.07975834,2.4614394,-1.8413833,1.3541387,-0.5319508,0.03156104,-1.2516549,-0.9266138,2.2855167,3.4784503,0.70294094,7.059877,7.5810676,3.219923,5.0882645,-6.373459,-6.006668,-1.0509868,2.7208393,1.7028329,0.68532205,1.7870135,3.2310216,-2.6166792,1.6554623,2.0031922,-0.502766,1.5179783,2.067926,0.09257792,10.409866,2.52814,1.3588495,7.7985115,1.2405794,0.054458927,3.249115,-0.979256,-1.1984587,-2.4346662,4.8167295,2.8730152,6.0274425,4.26,6.077685,3.3247368,10.85483,4.040071,8.734585,0.7697141,2.4735656,2.9204984,3.4971187,5.819326,-0.46131933,4.44333,-0.7269292,0.021687593,-0.25624895,1.0104384,-2.0104976,6.980024,7.4826555,4.780386,-0.34679717,5.557238,8.890068,1.7544434,2.5465293,8.425427,1.8857882,0.51870155,-4.3234963,1.2759151,-4.252242,1.9160024,-3.9082394,0.12677933,-0.90762126,6.2904706,-0.4733794,0.99740803,-5.375972,5.5060334,0.995334,0.8115932,5.586148,2.0695572,10.745829,0.4858951,14.073557,5.643237,0.38406,8.389917,2.845512,7.927889,10.570881,0.64009005,2.0043206,3.7048593,3.3575752,5.31823,0.66707915,3.009427,1.5809692,1.6892666,2.0221684,-2.0802724,-3.0579772,0.075453244,-0.9440082,-0.6740539,-1.5243684,4.721318,11.139488,1.1913562,2.824191,-1.073214,-0.9282603,-1.4061936,1.6362877,-3.0181744,4.776865,-2.2958193,3.4092607,1.0744637,2.4090567,-1.8840243,-4.3354554,0.47063097,6.4346385,2.4121485,-2.3507097,0.9620893,2.144194,3.5366793,1.4782165,-3.7966726,-2.4711747,-2.0701945,-0.4353379,-7.3384666,-4.544496,3.5198092,0.89452165,5.5411744,2.5701983,-7.751093,-0.25280073,3.2030082,3.679437,-5.9171314,3.4244275,6.4067883,2.0088577,5.4018054,7.101168,-0.7478988,5.0500116,-2.7991977,0.7312182,6.6642203,1.8417156,-0.35195795,-1.5840863,7.342145,7.793444,10.162474,-0.008672904,-0.46461567,-1.1346421,-0.46141648,-0.07780848,-2.2005024,-1.3516139,5.078956,4.58196,4.164442,6.9803033,-0.71189106,-3.7551918,6.396511,3.435211,-4.2764463,1.84756,0.04379007,-0.23445608,-0.24851534,0.38237804,-0.6474706,-3.305401,8.4099245,-0.13649422,0.05019211,-0.32262602,-1.6539006,5.640409,6.9828806,9.487994,5.917922,10.237387,3.44795,2.3380063,0.9570405,4.6917458,-2.7968333,-3.7038054,3.181263,0.87238115,-0.09232308,4.0215716,2.7785807,5.455165,1.8115964,0.7124608,7.1758866,3.9824638,0.66864514,0.520953,-0.5632781,0.110278755,4.686113,2.3611991,3.9844165,4.201844,0.27455392,16.12467,8.909466,12.568672,1.9777502,2.7951596,-0.64949673,8.55221,4.6627393,3.2187917,6.008982,-1.9276469,3.7542155,5.1908226,-1.3343309,0.41777942,4.1725283,3.0595176,0.43939498,0.22648998,7.2998304,-0.121833265,-4.964994,4.8055997,7.6829967,3.3892767,4.1692376,0.4360385,1.7642927,1.7593125,0.91354066,5.6536536,0.08449265,2.4770188,3.1875498,1.0766505,-2.89065,8.84964,6.467198,4.740798,3.7543101,2.6415813,8.076312,2.7966042,2.2660425,10.732738,0.17149286,1.4496381,3.8502269,-6.3701863,9.861784,7.942321,0.016388113,1.9945121,0.9607428,5.553818,3.46583,8.559459,-0.2960568,5.6014957,0.7341966,-9.054078,7.5360365,1.6622739,3.2388003,2.0995164,0.88958967,-3.3249457,11.481857,2.5891957,0.18319769,-4.023503,-2.0425777,-0.35012645,-4.1542273,3.2508125,-0.8232982,0.56009823,3.8585248,3.900208,1.0691195,3.014927,-1.142833,4.894228,2.4892313,7.8262353,4.406931,1.9499422,2.2417576,3.330759,3.0327206,-0.21054326,-0.6282637,2.099463,-7.3782396,3.53257,-5.2000747,6.138884,-4.622784,3.0989318,-0.17030649,1.857458,3.616819,6.369851,3.6562386,2.3998559,13.015727,11.373832,1.9299399,0.43577835,5.9771028,5.2652955,-0.90783876,5.9002566,-3.398843,3.2035124,3.6053224,2.2671022,-5.8594832,-0.77531815,-36.288876,8.621137,11.792036
98,1.1833847,3.0666416,0.096579246,-0.5808959,0.2893778,0.05974699,2.325513,3.3064034,3.406988,4.0024734,4.8452954,5.0679126,-1.8837336,3.4247653,2.6753154,-1.2005508,2.746807,-0.46219775,-6.598456,0.049759466,1.8466551,1.5248551,-0.24368407,7.713705,5.760586,6.024902,5.077093,-5.2671113,-3.226963,4.167016,3.6529388,9.176043,3.7986166,7.499929,7.892788,-2.621898,-1.5170467,1.4325266,-1.7076709,1.9756458,3.5444205,-1.476387,9.006599,1.373244,-2.8940165,4.4780345,0.23332669,0.20271376,1.7863344,-1.4645545,-0.504854,-1.6787719,5.741012,3.1959653,3.637389,3.9320972,6.165274,2.0827565,13.008172,3.8242388,8.411476,1.9749333,3.2561214,4.9860063,2.8380063,4.4533873,1.2270545,3.4520698,2.2095568,1.937494,1.9133773,1.6050918,-0.3736364,5.8047605,7.459235,3.829948,-0.9212445,5.6203923,7.519915,-1.3720406,3.3423193,9.212128,0.20224248,-1.9152019,-1.2505089,0.9491172,-2.8149295,3.3006523,-0.3113536,0.7054748,-0.8606232,7.429545,0.09302978,3.3201454,0.067948,3.7755702,0.4327604,0.36929345,5.785546,1.9399437,4.1584306,-2.5419452,22.167213,4.9105954,-2.1777055,6.44408,3.4124558,9.978084,11.5305195,1.446411,2.7705147,4.3777876,-3.8107991,8.078349,2.1638553,1.8168317,1.9356085,-1.2439513,0.04528691,-1.6588618,-5.3045464,-0.7714324,0.09714349,-1.1185192,-0.8832247,14.245973,5.8199515,1.8348325,2.4597092,0.8868829,-1.6247953,-1.2520714,1.5714375,-2.9985456,2.8742888,-3.3003159,2.436147,-0.6511858,1.911475,-1.7271277,-2.5590029,2.5969398,2.2114654,4.0458403,0.0838523,-0.17632864,1.4257206,1.3072653,0.05409534,-2.507767,-1.2819259,0.8166303,-1.9690928,-3.824347,-5.996173,2.5964503,1.007392,1.6366448,0.26974285,-9.343877,3.0591834,7.1131477,3.1317394,-4.8713326,-1.9185159,3.0375764,4.1696544,2.5247662,8.673392,-1.1142968,4.962514,-2.2946923,-0.6132932,4.1933255,0.35623538,-0.56111556,0.38096866,4.822188,7.9774647,11.270384,0.044390168,-1.8598486,-0.23492339,-0.64586574,1.2376928,-2.2111862,-1.8004514,5.9528847,3.5062487,4.248022,7.2425733,1.1811005,-6.3830695,12.188724,7.400234,-3.5640519,1.8424486,1.2518072,0.54644626,-0.4521687,0.06484707,-1.3866667,-1.8183923,3.5271752,-0.9316297,0.46922335,3.295343,-0.92115355,7.423406,10.193673,11.208261,10.794758,12.649949,12.491095,9.982549,2.0292249,1.60665,-1.3282268,-2.5283165,2.4287298,-1.1272084,-3.1286914,4.933623,2.712392,4.256747,-2.4589412,3.5751245,7.635246,1.1303627,-0.1928046,1.0827858,0.42761052,0.86391014,4.910542,3.5653768,4.640644,4.6757607,-3.422755,15.325491,7.5994916,14.204341,3.86412,4.6880226,0.7772704,8.127329,2.18135,2.9544446,4.20499,0.67173266,4.4949336,4.6055636,2.623749,2.698286,6.689257,5.202933,0.8811689,0.0095125465,7.3159723,0.6778732,-4.5892434,4.476638,6.368155,1.8604808,4.630227,3.0907266,2.5098653,3.2312777,2.8025665,4.0522294,1.661327,3.0790064,4.2801485,2.9507143,-1.4413664,8.9513645,6.1638565,6.189096,4.7069726,3.008167,4.7529335,-1.2209558,-0.43665403,12.12361,-1.2011614,-2.404543,4.596884,-7.2558074,9.989442,8.5947275,0.24549125,3.2585967,1.6217197,2.2687852,2.8114731,4.8030157,2.613023,5.385739,1.6078732,-10.871432,5.6673684,1.6931384,3.5528984,0.5280715,-2.3294113,-0.50922924,18.34223,2.8115926,1.2217652,-3.164398,1.2466749,-0.12632221,-2.325193,2.783146,0.6724157,-0.22532436,5.372491,3.751009,-0.5318317,2.343063,-0.43436128,2.317376,5.394152,6.077178,7.933143,3.818686,1.6265398,2.8051426,3.425728,2.8618195,1.0121268,3.1555064,-6.250792,3.4430711,-5.146106,6.335428,-3.5067768,3.6307304,-0.76113266,-0.1309671,5.2764335,13.292833,6.6272926,2.9334822,1.535801,6.3761754,1.449817,1.046387,2.787323,7.734813,-0.025027335,6.6796665,-3.5572572,2.107438,6.372056,1.0278713,-4.330072,1.0887021,-31.465578,9.466286,13.91983
99,-0.029710913,-1.0129379,-0.8582806,-1.2223266,-0.055120613,-1.6769563,7.3773556,2.6454928,1.443276,3.387847,1.2444419,4.2641,-4.455753,2.26322,4.474541,-3.7937694,2.5038154,-0.6146497,-8.805996,1.3743976,1.1304367,-0.83448726,-0.43958622,5.2277775,2.3226657,7.6978226,2.0814276,-2.318638,1.5526638,7.4042435,1.654028,9.970754,5.3208528,9.498627,8.603877,-1.2334195,-5.7401752,-0.4602433,-1.9146099,0.33706287,2.3252358,-3.103755,4.9806633,0.15199159,-6.7899384,0.18668525,-0.8465248,0.40898314,-0.9604679,-0.4820233,0.45547938,-0.50915056,3.6114492,2.7340147,0.2383548,2.5572538,1.7595426,-1.2635278,11.816821,1.8269985,5.895686,2.8132784,3.267961,5.468973,2.1840646,1.8560532,2.3174553,1.1721829,4.3769546,2.7763011,4.1277623,1.7243644,0.44328368,2.575091,3.8702092,2.34788,-1.5634054,3.003924,4.9405503,-2.5620046,1.7614104,7.039598,-1.9701765,-3.112005,2.5297585,0.67372423,-0.006561872,3.6193802,1.3026547,0.15776493,-0.82081825,6.1733365,0.7018239,5.0143695,3.8932734,0.4805949,0.20294747,0.43773833,2.7056427,0.2587062,-2.7965322,-3.9933138,17.430937,1.2696874,-4.7088547,1.9884342,3.423952,7.4737463,10.118667,-1.2093694,1.7649758,4.9534883,-9.739374,6.9880843,2.965549,1.4058383,1.4696999,-2.119664,-4.968888,-0.68463486,-7.4950833,-3.29033,0.6902861,-0.8712272,-0.9286771,18.17224,-2.3456194,1.0266086,0.4999627,1.9520036,-2.0887017,-0.41532713,0.5593533,-2.0459785,0.48470843,-3.743167,0.3073903,-1.9098413,0.74595386,-1.0111953,-0.45955798,3.003895,-2.348514,3.8907468,1.5101558,-0.42087948,0.08443938,-1.9356145,-1.4680456,-0.33425754,-0.33118215,2.1699142,-1.803604,0.3963117,-5.559529,0.6744202,3.529329,-1.8205613,-0.6197435,-8.22685,4.1128564,7.6843038,2.5565236,-5.129093,-4.5551915,-2.9866116,2.8224301,0.80366504,7.1556973,-1.4026312,3.1265752,-1.5497842,-1.5696001,0.62714094,-0.7803466,-1.4021559,1.2849306,-2.5871432,6.8512444,8.4364605,0.12176117,-3.4500277,-0.707789,-0.65354425,2.5763595,-1.3103186,-0.4632625,4.555816,1.4922363,4.0825863,5.1483865,3.6415925,-7.9126105,14.194485,7.976709,-3.119995,0.9646356,2.3654094,1.3071314,-0.24026054,-0.42555025,-1.588624,-0.114095606,-1.5136088,0.098295294,2.5351322,4.031239,0.07619247,9.552058,9.780209,7.2158995,9.583771,9.669811,15.6402235,13.050954,1.4608183,-1.5172154,0.6865342,-1.4928792,1.2967671,-3.0841236,-5.3568616,4.5498524,3.164726,2.128856,-4.463786,5.096865,7.022686,-1.1554279,-1.0054028,1.6400816,1.35678,0.42214403,4.073018,3.7548594,4.248811,2.1579156,-5.4780316,11.9303,6.0323997,13.458217,8.015845,6.226604,2.479181,5.32207,-2.3777378,3.229474,1.0785421,3.9165363,5.5572653,3.8282394,5.882473,3.5771885,7.71392,6.6959014,2.1986716,-0.05685897,6.2627573,0.8719716,-2.380433,4.76645,4.2254767,0.41745394,4.1064415,4.6500435,4.258843,4.3458943,5.7113266,1.6226625,3.470698,2.7170148,4.666957,4.412111,0.8673039,7.1891418,4.4705415,5.5015182,5.2848153,0.74902266,-0.83404666,-3.8593447,-4.0930023,9.0629225,-2.636243,-6.1691656,2.887742,-7.214705,5.653907,7.2231665,-1.5278769,5.699989,1.6899348,-1.4496927,-0.09476968,-0.12490266,3.5385716,3.2635205,2.7979462,-10.192912,3.114102,0.40161115,0.9469592,-0.6304127,-4.0343328,1.4431436,18.57219,1.6574535,2.7434373,-0.71986836,5.417352,0.07926526,0.30970755,2.1030326,1.5842483,-1.3582993,4.5432777,2.0377297,-1.6753864,1.1674927,-0.05110213,1.1087534,3.5741673,3.4759362,9.865548,4.6537156,-0.42847672,1.5859417,3.1386628,5.362116,3.968802,3.295982,-3.2723844,2.9176183,-4.2951097,4.335131,-1.3829545,2.9306064,-0.58977646,-1.9671723,4.5285873,13.938734,7.51964,3.2837512,-4.808356,0.18195921,-1.3048282,2.7626543,-1.0671414,8.606327,0.55171055,7.230168,-3.4516907,-1.3045999,4.943698,-0.7228382,-0.8583811,2.8148441,-20.462,9.411636,12.600843
100,-0.3260003,-3.3892941,-1.7509162,-0.9312202,-0.28694057,-1.912325,8.687473,1.5404892,-0.56721044,0.7500572,-1.6684217,3.0957325,-4.569087,-1.503963,1.8222405,-4.4262705,-0.7649222,-0.71802276,-4.6693006,2.8413746,-0.17736371,-2.8369658,0.40686423,0.2759973,-1.3304154,6.7046685,-4.3699074,1.0475576,2.6567626,3.7664485,-5.2799664,3.6740148,2.3189209,9.0739765,7.1678357,-0.508546,-10.147479,-3.012447,-1.568123,-2.4607475,0.018815333,-3.8836572,0.15500763,-1.3497055,-9.502027,-4.30581,-1.4535975,-0.8245934,-4.312248,1.1014366,1.1545624,-0.22977486,-0.3683778,1.0895636,-2.2203443,0.8437912,-4.977301,-4.682584,6.2143598,-0.8616098,1.261776,2.5518088,1.821401,2.936795,0.26012173,0.26799327,2.126569,-1.7299471,2.8359694,1.8540021,3.87779,1.621877,0.42774057,-1.9461846,-1.6971304,0.5402235,-2.1586986,-1.6982186,1.6212072,-1.4081831,-2.0312707,2.5945857,-2.989021,-3.0340643,4.796924,-0.39985406,0.91714895,2.6005187,0.9276941,-0.71226573,-0.8702914,2.5687456,1.7534578,4.2230196,4.672633,-3.6635504,-0.09822755,0.67288834,-3.117228,-2.5458598,-5.5996127,-2.5137417,3.0553677,-3.816012,-6.215909,-2.0977857,2.9286158,1.755881,5.9651294,-5.1143,-1.3147178,3.280826,-12.113402,2.064436,3.026451,1.5077726,0.7348612,-2.0295284,-8.901323,-0.82052517,-6.890487,-5.25713,0.44009775,-1.0509259,-1.9004676,13.813597,-7.967643,-1.2409105,-3.3654163,-0.032264892,-2.2745206,0.7379238,-0.40376306,-0.70675373,-1.65766,-3.5241451,-2.1964493,-2.213475,-0.6684533,-0.4015874,0.9425776,0.3804311,-5.986049,3.0917096,0.920543,-0.20620826,-1.8553815,-5.13562,-2.8214314,0.63014966,-0.15391792,1.5097934,0.8660993,1.9363551,-5.2888107,-0.8156815,6.554743,-1.125573,-0.17019494,-5.3206496,1.149568,6.1229434,1.8647118,-6.1510634,-6.5346947,-7.2441297,-0.72887397,0.039401717,3.0965102,-1.5988069,0.3708355,-0.726093,-2.7621062,-2.218723,-1.3050262,-4.196622,0.6266058,-8.50818,3.6344912,2.0555139,0.63260275,-4.8658066,-2.195243,0.077597454,3.0796337,-0.4269415,0.77824545,1.7361664,-0.67462903,3.3022797,1.5541368,5.1999626,-6.3556423,10.646796,3.6308432,-2.6253605,-0.619176,1.9167945,2.0858784,-0.28590247,-0.7779656,-2.0470803,0.7707621,-3.9732773,1.5158397,4.7890882,-0.60137695,0.20199613,8.696072,4.3654404,-0.6390188,3.8808372,2.6217842,12.674417,10.993217,-0.63515204,-3.8410525,2.141812,-0.7222244,-0.16165778,-4.464037,-5.592618,2.193137,3.4559166,-1.0286868,-3.3925774,3.9788566,5.1205783,-2.2468147,-2.4708362,1.5352668,1.8816386,-0.37496755,1.810394,1.9738806,2.9280143,-2.7626522,-6.339415,6.598942,3.6685646,10.613756,10.302697,6.2029943,3.1503227,0.7444578,-6.3661637,3.2773745,-1.334762,4.369401,5.6772795,3.3471303,6.1607842,2.9431565,5.856672,5.5353713,2.893338,0.23510705,4.016343,0.6484595,-0.38231978,5.448523,2.9486692,0.6712473,2.9901633,4.694194,5.2245474,3.454672,7.105963,-0.54145086,4.116101,2.3241773,4.5733624,4.8850055,1.9511609,4.348498,2.0467105,2.2512686,4.9882483,-3.657483,-5.808004,-5.4999566,-7.21533,4.062017,-2.9030607,-10.307886,-0.22507805,-6.9386187,-0.44979283,3.7305653,-5.015829,6.3607736,0.13219264,-5.1147237,-4.864726,-4.361112,2.7026517,1.6438469,4.2233543,-9.321928,1.9587773,-0.06734357,-2.5302691,-1.0058686,-3.941436,1.6954191,13.300582,-1.0445141,2.645094,2.6273785,8.9503765,-0.02757135,1.7192572,1.9719315,1.0795296,-2.2989657,3.129255,-0.38963148,-2.0806437,0.023261167,-0.67219394,1.7197734,-0.41105625,0.9598354,10.018155,3.9318264,-2.9280915,-0.460039,1.9063096,6.4848647,4.906824,2.8811686,0.1171388,2.5801795,-4.4125714,0.3269733,0.63275206,1.2621574,0.10072036,-2.6186066,1.5082375,7.27088,7.493357,1.7301297,-5.085445,-7.652778,-3.366835,4.185174,-4.664453,7.610791,0.3280058,6.645067,-2.649419,-3.259118,0.15480258,-2.6780126,1.2944399,3.9630556,-9.437247,7.7307844,5.4351797
101,0.20096835,-2.8382623,-1.5516557,0.050788686,-0.7853213,-0.7660247,4.900913,0.82463485,-1.3559307,-2.2726865,-2.9997704,1.8663979,-1.7098812,-6.961205,-3.78316,-3.00623,-3.8801286,-1.0277905,2.7627301,3.557391,-1.7832344,-3.923639,1.0981092,-4.519921,-3.8057609,3.5828102,-11.11157,3.355913,-1.807925,-5.4780016,-14.6764145,-4.7746253,-4.131923,8.446463,5.486468,-1.3452272,-12.792267,-5.0061326,-1.0964321,-4.499716,-0.9427317,-3.340473,-3.15069,-2.661339,-10.353327,-8.0346365,-1.1426734,-3.3596196,-6.971686,2.1390038,1.3936484,-1.1459585,-3.3027356,-1.1880078,-2.776339,-0.18091509,-9.568437,-5.911371,-1.2673751,-2.146262,-4.110239,1.5180521,-0.18856388,-1.9010175,-3.0593817,1.1613556,1.4536452,-3.9182587,-1.7899766,0.095790476,1.1303135,1.3805082,1.1012754,-5.506599,-5.905408,-1.1123074,-2.3226388,-5.9754333,-1.6799084,0.17380403,-4.746706,-1.8004259,-1.5488756,-1.7962515,4.7804456,-1.3630825,-0.8320019,0.81807023,-0.121611945,-0.78387034,-0.66321737,-2.394105,2.6304457,1.0578017,4.0116997,-6.715761,-0.40353775,0.6892074,-8.529293,-4.797774,-3.4591353,0.5570019,-10.752027,-7.349126,-5.6379986,-3.8947673,2.0625012,-3.4423585,0.119096935,-7.0327487,-4.337076,-1.0078233,-10.647196,-3.5415335,2.8083153,1.6177088,0.5052125,-3.0584657,-7.888373,-2.6930106,-3.0301085,-4.2690372,-0.33009386,-2.1922576,-3.022879,4.4387546,-7.325598,-3.7885935,-7.7384887,-4.326123,-1.9596145,1.6161536,-0.12934247,0.60840255,-3.1022856,-2.4729414,-3.8132806,-1.8144896,-1.8771105,-0.050950542,1.0115619,-4.5732427,-7.7637777,2.7056582,-0.9963567,-0.6283207,-3.294028,-6.7068267,-3.5795643,0.060850166,-0.58057296,-0.8923032,4.37292,0.07526613,-6.0373454,-1.4868217,7.380828,3.430048,-0.038383335,-2.2424836,-3.8638706,4.8294435,0.75407267,-5.2243295,-9.019154,-6.1547375,-3.2992544,-0.25873035,-0.8232176,-1.3889652,-2.0893166,0.3857887,-4.223298,-3.1836388,-1.4636663,-8.104608,-0.47010994,-7.492913,-0.69045997,-4.6924,1.043231,-5.5757737,-3.4879751,1.0884243,2.1666405,-0.47267708,0.3783757,-0.77910024,-2.0068684,1.8823489,-1.6883069,4.7399187,-2.2949932,2.540142,-3.6464357,-1.7298803,-2.0663807,-0.05926165,2.880361,-1.0189321,-0.93884635,-2.7629435,0.71170163,-3.9292133,2.2123842,5.6820946,-7.1408925,-0.66410065,3.8681543,-3.2372928,-8.788546,-2.0188165,-4.8216033,7.3733244,5.9956584,-2.490158,-5.583164,2.3507445,0.123848274,-2.0721664,-4.765292,-3.823585,-0.85865563,2.7892268,-4.053602,-1.0082757,0.9588345,2.2304943,-2.2500308,-4.157759,0.6596896,2.0422184,-0.6638858,-1.4133809,-1.2031182,1.4750866,-6.723742,-6.2160997,0.461639,0.62561685,5.8742995,8.054854,5.0640187,2.2094233,-4.188371,-6.942935,2.5845675,-1.4413655,1.090494,3.8889854,3.1172476,2.8472664,2.1080208,2.0713167,1.965525,2.0506957,0.94904816,1.0940633,0.14506347,-0.058949064,5.5818186,3.2138865,2.6757264,2.0862305,3.997052,4.25386,0.39242914,5.0899663,-1.3133504,2.9683783,2.34621,4.063201,3.940127,1.195452,1.343243,-0.06255316,-1.6923306,4.01943,-7.4517765,-7.8589067,-6.6470447,-8.727068,-0.19886835,-1.6550088,-13.727629,-2.7975006,-5.9509344,-4.30452,-0.7218322,-7.401003,3.904188,-2.7449517,-7.674542,-8.915351,-6.6977983,1.6873016,1.9923208,5.246891,-9.547882,2.122944,0.6950657,-3.8464468,-0.79440105,-2.793093,1.2474873,5.918578,-4.2430167,0.4382272,5.685635,10.3152685,-0.14899352,1.1535417,2.646166,-0.058820058,-2.5230863,2.740153,-1.9264545,-1.9794372,-0.66388077,-1.8580335,2.4384942,-3.3142562,-0.92949647,8.893281,1.8653823,-4.28913,-2.2747405,0.18512243,6.1464458,2.5641248,2.4005094,2.1993814,2.1736598,-6.4551835,-4.5815854,1.7214519,-0.56917363,0.4098603,-2.472508,-2.6118321,-2.474104,7.1410456,-1.9031805,-3.8141336,-15.430438,-2.257576,3.7446764,-7.184147,5.9479594,-0.4615932,4.863873,-0.8318472,-1.7839061,-4.6336985,-4.195974,1.1945059,4.5455256,-1.1488798,4.4942713,-5.3664207
102,0.43134615,-0.9826945,-1.1110647,0.76565295,-1.8195075,0.22925423,-0.8334232,0.8232727,-0.6694879,-3.5515845,-2.3484955,1.1221629,1.4977233,-11.932644,-8.418601,-1.3698615,-3.6713371,-1.3573037,7.1819177,2.8075328,-2.6278179,-3.68853,0.20492452,-6.9886966,-4.1810083,0.60455376,-13.586179,3.9939108,-8.430698,-13.046732,-21.20079,-8.636006,-10.004705,8.413006,3.5078547,-2.8245146,-12.132188,-5.286325,-0.6362804,-4.718748,0.078266494,-1.9805523,-3.619394,-3.0890126,-9.623258,-10.094328,0.055176996,-5.578336,-7.9385386,1.8946729,1.4424428,-2.1476502,-3.125193,-2.7692745,-1.9185002,0.1390828,-9.189496,-4.666077,-5.925999,-0.9881136,-8.000158,0.90868783,-1.141978,-6.5439615,-6.565818,3.7818704,1.750361,-4.1288867,-5.4283867,-0.65196055,-1.3633345,0.864464,3.7427275,-6.022656,-6.374484,-1.9289926,-1.6591991,-7.276216,-4.1655955,-0.28297088,-3.0024438,-3.8718026,2.0764053,0.2585366,3.615942,-0.5065763,-2.6602275,-0.7796575,-0.7405988,0.5012141,0.2897312,-6.8393164,2.1595826,-2.3726661,4.0901303,-6.984198,-0.14849941,0.45141804,-10.191124,-4.926627,-0.07765842,1.8419174,-15.1036,-6.7919793,-2.9224613,-4.223846,1.022331,-5.0541453,-5.1243143,-5.6206346,-4.9496784,-5.5093718,-6.6196666,-6.876133,1.9157509,1.7725847,1.0612595,-5.9998856,-2.9731154,-5.5722857,1.4219202,0.014526407,-0.8055293,-3.9785488,-3.2466238,-4.025572,-1.21315,-5.1773376,-10.213767,-7.872015,-0.9931772,1.9101515,1.6423675,1.9133714,-3.4427588,-0.6251668,-3.8787973,-1.5964023,-2.7225928,0.39071038,-0.31752336,-9.448647,-7.755535,2.435573,-2.4192593,-2.01065,-2.9627225,-5.9248915,-3.4904191,-0.47693142,-0.7928184,-3.8805022,6.260353,-2.4599738,-7.102515,-1.9972982,4.915447,7.907504,-1.7309862,0.017284181,-7.24671,4.810225,-0.8238589,-0.74562407,-10.714681,-0.3816162,-3.0423625,-0.74426556,-2.4965363,-0.3487036,-3.5234768,1.7386199,-4.9581823,-2.1114311,-1.9429007,-10.448896,-0.17512563,0.37612128,-3.4455218,-8.190808,0.4385221,-5.2428875,-3.367853,1.2965602,0.16981961,-1.3830653,-1.3153564,-1.5530306,-1.8412166,0.13691397,-2.9372756,2.6778467,1.3680891,-6.9677424,-9.71999,-0.64968145,-2.3777108,-1.9869413,3.2561789,-1.9512541,-0.9718521,-2.8853602,0.3714499,-3.6667047,2.4032502,5.139036,-9.459712,-1.5161389,-2.4371889,-7.761741,-14.399317,-4.1516986,-9.403941,3.956681,0.6908102,-2.7332036,-8.136955,0.96519655,1.169276,-4.343574,-3.9034302,-1.5011126,-2.3438764,0.98440653,-5.6957836,-0.05015314,-1.7253474,-0.8599398,-2.0935922,-4.771671,-0.3023023,1.9449115,-0.1510745,-4.219742,-3.8405828,0.8271877,-6.8102427,-5.1006737,-4.737695,-1.7440578,-0.21623047,2.7657769,4.54846,0.18632694,-7.8284235,-3.562027,1.5116063,0.83652544,-3.1671622,0.781262,3.0624762,-2.151895,2.3559585,-0.70624566,-1.3451532,0.39805087,1.9279581,-1.2642205,-0.5618383,-1.0132796,4.8077545,4.406418,5.196346,1.8198221,3.7826557,2.2387848,-2.9268677,0.65262985,-0.43999085,1.1039314,2.122221,2.8873498,1.6537175,-0.11065707,-1.0376631,-1.4613645,-3.7108781,3.0794408,-7.7730627,-6.878331,-6.7549105,-8.087463,-2.896624,-0.21191934,-14.077912,-3.5854478,-3.5312214,-3.7855496,-4.00076,-6.502945,-0.11510427,-5.4067707,-7.9217696,-9.48863,-6.682225,1.6295708,3.816228,4.9143867,-10.216302,1.6902915,1.1287384,-1.8329207,-0.18802622,-1.7284423,1.9385754,-0.75573343,-6.505587,-2.0626419,7.8075314,9.15494,0.35320982,0.082160614,3.5674055,-0.097355396,-1.8352821,3.5482962,-1.5956383,-1.9681555,-0.4632551,-2.2192822,1.2997341,-4.4275208,-2.3606806,7.3157835,-0.46226054,-3.7273192,-2.7661405,-1.067426,4.935083,-0.92151004,2.1577559,2.348368,1.5362664,-9.1677265,-8.811724,1.6745061,-1.8216637,-0.20325662,-2.5437255,-6.172817,-8.793082,5.2657533,-5.544623,-5.312268,-19.367199,1.5232593,0.8833219,-7.9660983,4.68972,-0.7963438,2.6952257,1.6999518,1.5112878,-6.6819625,-4.6597676,1.0610076,4.6205354,4.939818,1.0215243,-14.02597
103,-0.45478764,-0.0015627216,-1.995674,0.55340135,-2.9715376,-0.14192201,-3.6954007,1.1375031,0.61576813,-2.3047833,-0.060334332,1.2633065,1.9886783,-14.101435,-8.703635,-1.2998444,0.48886386,-1.2093854,5.259463,1.0911448,-1.6904721,-2.0592473,-2.1210568,-7.08038,-2.223739,-0.2531965,-9.761194,3.4608269,-11.881712,-12.064167,-20.92308,-4.7440467,-12.023015,7.5992565,-0.08606638,-3.2823422,-8.398943,-3.564408,-0.1808355,-3.6326685,1.5473688,-0.8183791,-1.590912,-2.4951317,-8.261422,-9.95657,1.5308688,-5.8898807,-7.028246,0.4908627,1.6295335,-1.804042,-0.42796934,-2.5452385,-0.80686617,1.5110425,-4.969808,-2.7404127,-4.7209167,1.5669938,-8.844229,1.4577996,-0.26858833,-8.463558,-8.748093,5.4999833,3.3927865,-2.2153127,-4.306411,0.5190513,-0.7028398,-0.0343542,7.576982,-3.3894465,-3.59394,-1.5769577,-0.25748798,-5.091893,-5.4560647,-3.516645,2.9916553,-3.062207,5.832557,2.2775407,2.929488,2.543326,-1.4279975,-1.6496783,-0.9786909,2.4874065,1.8838221,-8.735864,-0.115258045,-3.7774913,4.972298,-4.4697433,0.9188319,0.17145205,-7.245088,-2.7770295,-0.18405019,-1.1105846,-9.373564,-2.0629313,0.6679552,-5.388756,0.09225284,-3.0523925,-7.675802,-2.4596903,-2.9744518,-7.010972,-1.7801231,-7.6662245,-0.759773,2.3788788,1.8351625,-9.421633,0.5441257,-7.963641,3.1421,5.324123,-0.44098043,-5.4451737,-2.186386,-7.8775325,5.8117266,-4.7622604,-9.2032585,-8.04866,0.31852585,1.7988557,3.8195527,3.2402651,-2.2682464,1.468786,-2.7960927,-2.168976,-3.2564757,1.1901188,-2.2746682,-11.613383,-6.864907,1.0996581,-2.009951,-3.2552168,-0.7732696,-3.4630337,-2.7136538,0.61790264,-0.2020312,-5.6083817,5.677118,-2.0353506,-7.186681,-3.0041442,0.7202081,8.466221,-4.75104,1.494166,-6.8949785,4.835477,-2.380221,5.266891,-9.450159,5.2216725,-0.9971576,-2.169913,-2.2628326,1.3623576,-3.9911995,2.6436887,-3.611774,0.1927118,-3.2002394,-9.199282,2.0082164,9.754124,-2.4838676,-7.3064003,-1.2666354,-3.974767,-1.5792993,0.25962362,-1.6638026,-2.0466273,-2.4556613,-0.43652526,-0.3924715,-1.3885088,-1.845076,0.7915012,2.0628245,-14.179497,-11.503001,0.12884638,-1.2246974,-2.1062882,2.6468558,-2.0175502,-0.7647711,-1.7535754,0.36046666,-4.967537,2.9706655,4.390537,-4.83047,-1.2360325,-6.112928,-5.9139333,-16.416542,-1.5643563,-10.441437,3.4530787,-3.597278,-1.7862915,-12.200889,-1.7482624,2.025139,-6.259867,-2.3154566,-0.37716973,-1.057627,-1.1639798,-5.631932,-1.616815,-2.2207003,-3.0795627,-2.726856,-3.415845,-0.4444649,1.5044494,0.8454851,-5.08864,-4.1639576,1.2534885,-3.166171,-3.3469412,-7.237008,-1.9177352,-6.2024655,-1.3037366,5.7357607,-1.7239754,-9.166854,1.2431313,0.95715374,4.0451245,-4.4069815,-1.7184144,3.256059,-5.5766854,3.639298,-0.06591002,-1.5363932,-0.34581658,2.8138542,-1.8922315,-1.1409075,-1.575943,3.9773977,5.2795544,6.8856435,1.885012,4.47593,1.3307136,-3.9375436,-2.886071,1.0970463,0.31839073,0.57427484,0.83689237,-1.2085569,-0.2509729,-2.2218275,-2.5047398,-2.7096293,2.7270858,-4.0783644,-4.610608,-4.769263,-5.1554914,-4.406453,-0.32723567,-10.050954,-2.8169277,0.008630392,-0.14075802,-4.3477135,-2.905727,-2.8128138,-6.221256,-5.5481787,-5.972252,-4.528264,2.1344073,5.3610077,2.9986663,-9.587867,-0.77997476,-0.09450642,1.6723229,0.85450536,-1.4087538,4.5258074,-5.9533687,-7.075662,-2.399726,9.175209,6.5572023,1.7171894,0.70775574,3.824749,1.8678932,-0.5658963,4.602588,0.15803942,-2.3804488,0.9720182,-0.6479988,-1.641032,-5.457216,-3.7285726,5.939512,-1.6165917,-1.895649,-1.9432969,-1.0737118,3.6805036,-2.1205034,2.138003,1.4530745,1.6221987,-9.698147,-10.99737,0.7819163,-2.2033947,-1.230688,-3.0597923,-7.713605,-7.9386506,0.40136647,-6.3622074,-9.501136,-16.89758,4.782314,-3.1189117,-6.8661594,3.6852343,0.16800445,1.0741421,3.9628038,3.236596,-5.8561497,-3.919932,3.5436647,4.0256095,9.868648,-1.0528375,-15.86225
104,-1.8515267,-0.14581022,-4.127636,-0.19248316,-3.1991472,-1.3419908,-1.5330887,1.1434991,1.3403783,0.25873077,2.717605,2.0948455,-0.4570138,-12.472687,-4.423725,-2.5628,6.3928123,-0.28269723,-0.19387403,0.14536428,0.9995059,0.47210872,-3.703304,-6.4033833,1.4421797,0.97164994,-2.163378,2.7999656,-9.871419,-2.7043002,-14.410573,3.8973935,-10.191203,4.254207,-5.415784,-1.9270352,-3.4707909,-0.7458998,0.20269556,-2.3589947,1.7106874,-0.31532207,1.371322,-1.5417286,-6.784499,-7.7609515,2.4739442,-4.1649637,-4.7289186,-1.1722492,1.8749377,0.14459251,2.1353295,-0.62358886,-0.18268421,2.805199,-0.59536177,-2.0033362,0.9757571,3.3488677,-6.882824,2.4878702,1.6068785,-6.836437,-8.833184,3.9904075,4.982431,0.4983285,1.3128288,2.5361495,3.2203562,-1.112048,9.911666,0.32340068,-0.28293538,-0.46179193,1.1493825,-1.3328071,-5.861049,-7.89503,9.075273,-0.72884315,7.1936617,3.0939312,3.0905013,5.9360547,2.9690993,-1.8655412,-1.5027294,3.6439393,3.1309454,-7.1702185,-3.164612,-2.575597,4.598622,-0.9634087,2.0834324,-0.064773925,-1.9071718,0.2451698,-5.0255575,-7.119713,-0.7665324,4.090678,3.4200687,-8.206826,-0.33089775,-0.046272945,-7.1137443,-0.39676413,-0.5232811,-4.5342145,2.38133,-7.469256,-5.1133857,3.3679934,1.8447977,-10.840015,-1.2708614,-8.478523,1.5502924,8.5857,0.47833982,-5.6080985,-0.369319,-7.639192,8.853098,-3.073065,-5.262399,-4.880708,1.2691364,1.6996696,4.766523,4.1609163,0.3842574,2.8931327,-1.5088793,-2.9790833,-3.4144142,2.153787,-3.3243861,-9.81269,-5.9011383,-1.6793449,-0.07923398,-2.7839615,1.8273166,-0.67539763,-1.6826802,3.126533,0.832377,-4.392351,4.0114446,2.3700385,-5.613246,-4.2010384,-2.105412,4.972767,-6.5543833,2.579702,-3.6910174,3.1330068,-3.1088505,8.535679,-4.938277,5.6490364,0.34132916,-4.895608,-2.035679,2.6616614,-3.8628848,2.2849288,0.08634468,2.2667527,-4.8009644,-5.17627,4.3183856,14.652745,1.4972228,-4.1341767,-2.7959838,-2.1579823,0.99295366,-1.0492209,-1.9447204,-1.2793684,-1.5545485,1.3843414,1.2239428,-2.1240845,0.53944147,0.6429034,0.110866845,-16.480562,-9.106831,0.65719926,0.7717075,0.05821077,1.2500079,-0.6471457,-0.010715505,0.1711331,0.6738324,-7.1898637,4.083988,4.340266,3.2556841,0.29730916,-4.806609,0.5733162,-14.973109,3.3135483,-9.449365,3.4409602,-6.7154064,-1.178105,-15.93907,-4.5367036,2.2379231,-6.6694503,-0.75708216,-0.890004,1.8902905,-2.3561811,-4.4079924,-4.088592,-0.5627922,-3.5734997,-4.0559278,-0.6013166,0.5050386,0.6022372,1.6915526,-3.509346,-2.109049,2.0605679,1.4195056,-1.8957028,-6.442957,0.04493143,-10.007623,-1.219569,7.562376,-2.616397,-8.266465,3.8019998,1.3744425,6.198844,-1.1640313,-1.9373641,3.6399636,-5.2066255,4.67073,3.496142,1.8095272,0.84624773,3.2562985,-0.76498795,-1.0223626,-0.5953742,4.2598495,4.9367895,7.172734,1.7108065,5.227842,2.7241716,-1.6144861,-2.866261,1.8007895,1.206374,-2.4166887,-1.7356719,-3.4476979,1.0855181,-1.930007,-3.5077972,-0.10195241,2.926031,1.3839419,-2.8488955,-0.7514189,-0.35037988,-4.754092,-2.2851815,-3.2341084,-1.5352048,3.2185404,3.4961884,-1.7244469,0.98684007,-2.7267933,-4.612328,-1.7200289,-0.34004927,-1.047525,1.9380281,5.1499,0.80771,-6.4562755,-4.3324914,-1.9141917,3.580906,2.2683575,-1.6345881,7.7219367,-10.160643,-6.2583094,0.09280554,10.041225,4.07208,3.3529744,3.4958706,3.025508,4.8132405,0.5597173,5.192654,1.9439892,-2.7871678,3.484779,2.5155458,-4.14432,-7.539897,-4.9501348,4.85809,-0.7898102,-0.21613011,-0.83378214,0.16316855,2.913274,0.16170265,2.0862026,1.0809411,3.9407077,-5.9139843,-10.688854,-0.29818758,-1.7498033,-1.45522,-3.045122,-6.669456,-1.68266,-6.5298667,-3.2376006,-12.888241,-9.712244,4.570144,-5.7218275,-4.582865,2.1586006,2.0968888,0.40790495,4.8876705,1.6668835,-3.99729,-2.4073198,8.361262,2.6478803,13.248418,-1.2519239,-11.151755
105,-2.1169581,0.20215802,-5.0791793,-0.35148793,-1.672888,-1.5201833,3.3973272,0.64952636,1.0168945,2.0443585,4.4800963,2.873659,-2.757202,-8.037896,1.4580264,-3.0640728,10.858186,1.1477562,-3.2260356,1.564741,4.204213,2.9573784,-2.0778553,-6.437573,5.3245993,2.4424708,3.9180982,2.7311099,-5.063011,7.604472,-6.040822,10.633859,-6.8538327,-1.1954577,-10.109977,0.51462156,0.5859809,1.5753416,0.4191467,-1.264444,0.45973647,0.09037511,3.454649,-1.1516223,-4.78662,-4.4578066,2.4633453,-1.8541209,-1.7959844,-2.0651417,1.7137358,2.4139817,2.299076,1.5968542,-0.019895514,2.8818884,1.1459014,-2.45573,6.358486,2.942186,-3.8690631,2.5380275,2.793373,-2.9744525,-7.0025644,-0.57109445,4.5719013,2.087702,7.154976,3.3442085,7.444172,-1.8905685,8.302683,2.5270603,1.1125429,0.547618,1.6513325,1.3250927,-6.1699586,-10.961457,10.713491,1.1814119,5.078098,2.0310845,2.9113925,7.0427904,7.1039844,-1.604208,-2.3682795,2.8303666,2.8472762,-3.20194,-5.083095,-0.14466593,1.3448343,1.2910513,2.0762758,-0.43851712,2.3493583,2.2209053,-11.143914,-11.756823,2.5531871,7.82557,4.4133058,-10.657527,0.10369723,1.2856853,-4.802578,-0.89846754,0.18793632,-0.43731692,4.811641,-7.030785,-8.540636,3.8318427,0.5535538,-8.90598,-6.4097676,-6.571348,-0.48328662,8.41415,1.0621246,-4.2534842,1.2790849,-6.0446215,5.88883,-1.3301945,-0.6624205,-0.7204508,1.3280288,1.820517,3.6738124,3.9693773,3.5111513,2.9709136,-0.6238402,-2.5504634,-2.94273,2.87723,-2.0797665,-4.899608,-4.9047728,-4.542536,1.7563974,-0.19290777,2.9472704,1.42879,-0.75206274,5.059608,1.3042485,0.0016373666,3.17553,7.9883122,-2.882983,-4.4063883,-1.2836314,1.1007998,-4.7017703,3.2331848,-0.09562746,-0.3377207,-2.5298414,6.711354,0.33111235,0.3894461,-0.324521,-8.266288,-2.854387,2.2246635,-3.2059112,0.669597,4.4281635,2.5779665,-5.589469,-1.6539394,4.2168036,13.08352,5.0939856,-1.9230167,-2.447014,-0.120535076,3.1292875,-0.9605672,-0.20364344,1.0027218,1.0246314,2.3325546,1.7281349,-1.7999994,2.637473,2.0446458,-1.4379582,-13.409895,-5.201349,1.7298204,2.5910783,3.3113234,0.40502623,1.5094851,1.4059696,1.5597227,0.9474904,-8.145935,4.721138,4.354709,8.238091,2.087549,0.0055310465,6.259712,-10.56862,6.7280335,-7.899616,1.2005644,-8.511364,-1.6953337,-15.817966,-5.589797,1.9271863,-4.8807955,0.0063610133,-1.77901,3.7996976,-1.8449813,-2.7390883,-4.734488,1.5222238,-2.3700933,-4.814224,1.9550552,1.8761309,-0.54813504,1.774897,-0.54419214,0.5447296,2.1744907,4.1702228,-1.7480992,-3.6499767,1.978685,-10.297923,1.8689026,7.5119877,-2.613812,-5.945162,2.4213727,2.138214,6.016869,4.026588,0.02536805,3.7843287,-1.5476456,4.219844,6.7025666,6.0867767,3.275902,3.1676388,0.73555714,0.0077264425,1.3844098,5.5811243,3.3659375,6.252295,1.173799,4.7468653,5.27178,2.5877326,0.18872058,0.9714465,2.434324,-5.4583144,-3.8733733,-4.0768943,2.4576223,-0.38927212,-4.159665,1.3605762,3.1099038,5.355275,-2.0522778,3.391854,4.9634004,-3.6110315,-4.5034213,2.618788,-0.4191157,4.7066293,4.9468107,2.0492487,3.4388096,-1.0343277,-1.4192591,1.5321225,4.4920883,2.4654663,0.46921018,2.9639704,0.46717966,-1.2082332,-6.229011,-1.4286972,2.481548,3.4834096,-1.7763983,9.161279,-13.381194,-4.986763,3.467391,9.8536625,2.3544087,4.195009,6.344815,1.6858342,6.539548,0.8865061,5.6090527,2.619431,-2.2958286,6.0776544,5.547121,-4.01308,-9.118662,-5.4160366,3.5767813,1.450802,0.36215943,-0.41251445,1.8086094,2.5343697,3.45674,1.6996355,2.1602895,8.5693035,1.5356688,-8.639088,-0.6673916,-0.5728485,-0.06899441,-1.4518707,-3.7729554,4.48776,-11.72572,1.9981881,-12.889948,-2.9722314,1.0121145,-5.069008,-2.4016051,0.09697092,3.5783267,0.55997723,4.124692,-1.5545115,-2.8756878,-0.8352728,11.897568,0.8604622,13.994498,-0.75467116,-4.5682607
106,-0.26408866,2.1294577,-2.2735672,0.77695006,1.2882403,0.5172267,6.745564,0.04423006,0.050793823,1.8437935,4.1896772,2.8988686,-1.5020229,-3.0144217,5.321748,-1.0621927,11.92206,2.3394237,-0.6515068,5.09486,6.4028254,4.5028486,2.969771,-7.2822313,7.5522866,2.3269668,4.565416,3.2184486,-2.366748,10.869699,-0.3921174,10.626784,-3.7484787,-5.643118,-10.8620615,2.54525,2.841401,2.120032,0.55253,0.17736991,-0.8965869,1.2467389,3.4746912,-1.7380451,-1.8481274,-1.6004841,1.7582235,-0.76349014,0.97888994,-1.8468866,0.8180055,3.3155723,0.18065563,2.4292574,-0.022269554,1.4897298,0.45104668,-2.371396,7.098372,0.64982146,-1.6527416,1.009201,2.1574078,0.68803436,-4.031883,-5.378435,1.6543803,1.5203553,8.748674,1.9982855,8.585408,-2.0280285,2.7897513,2.0930288,0.35499358,0.8264771,0.8946384,1.5851668,-7.0496025,-11.602201,7.0053244,1.6784343,0.75869787,-0.40109277,1.0533779,4.812743,7.2329335,-0.6885742,-2.6488276,0.42377177,0.7902284,0.70526487,-4.590025,1.621545,-3.7225392,1.2087803,0.30935958,-1.1290472,3.3152373,2.0509856,-13.606779,-10.940161,-1.798921,6.877257,4.014604,-9.834284,1.3340783,0.37923032,-2.6197789,-2.8839138,-0.99899364,1.545609,5.014459,-5.3378024,-7.5627627,2.7768917,-1.6434141,-4.7017593,-8.641718,-2.9693213,0.4014431,5.9462466,0.6388588,-2.2826762,2.0673966,-4.807351,-1.418164,-0.5611141,2.3990676,1.9867797,0.65072656,1.9332886,1.2326115,2.4582427,5.353751,1.801081,-0.09747983,0.06429056,-1.7425818,3.2260308,1.3390912,0.6711366,-3.4694123,-5.424697,2.0476258,3.0867822,1.79847,2.4661477,-0.021120086,4.542189,0.61964786,5.6451015,3.465799,10.574782,-0.3341568,-2.6325634,2.8661592,0.8863654,0.58587503,3.0228822,2.2155402,-3.5553865,-1.0151523,2.0445976,3.015903,-5.7530317,-1.9686854,-10.713062,-3.7099671,-0.23495638,-1.8061608,-1.113896,6.5688562,0.3465214,-4.7320657,-1.5638624,1.0191745,7.8189263,5.017065,-2.2421722,0.23543583,1.8973078,4.2711573,1.2086831,2.580942,3.5236628,3.3282406,1.6351408,0.68891203,-0.7389578,3.3832037,3.1527295,0.2648945,-6.9351654,-2.4770772,4.024027,3.603143,5.654118,1.5794296,2.9850762,3.0060785,1.4219229,1.0706155,-6.758064,3.6403093,2.912319,6.423757,2.949243,4.0214252,6.640015,-4.117422,6.3786836,-5.63892,-3.0679061,-8.361464,-2.4968033,-10.062535,-3.948406,1.797316,-1.5228412,-0.4789528,-1.4632676,2.5415165,-0.19795683,-1.1473336,-2.4786763,2.233699,-0.6343457,-3.7820604,2.5791552,2.6208696,-1.3424059,0.8300875,1.801724,1.6604434,1.1228104,4.4347286,-3.2063456,-1.3684815,1.1938566,-7.818385,3.9734123,3.9897563,-2.738533,-3.141726,-1.1696795,1.9708009,3.5734985,6.8546705,2.2949233,3.1200845,2.5972772,2.2798512,6.22778,7.7257,5.113722,2.767156,0.8161817,1.2719613,2.684932,6.1481314,1.2389914,4.5540166,0.72413635,2.6295016,6.3770566,5.882477,3.0425832,-0.59869164,2.114019,-6.6760297,-4.6728935,-2.935759,2.1094997,1.4996328,-3.9002695,-0.088850185,2.6277876,5.931625,-1.5929298,5.191203,8.614764,-1.6909126,-5.1277533,4.424291,0.59730357,4.341387,4.45078,4.5532646,4.4758797,-0.15739661,1.6220598,2.650501,6.6598706,4.58054,-1.4153187,-0.32885173,2.8407953,4.2869854,-4.6789794,3.0092719,-0.16738059,3.5836449,-1.5581199,7.4186068,-14.477821,-4.071277,4.789788,7.4454966,0.75679404,3.5194407,6.446987,0.6875009,5.612166,0.3225153,6.4586315,2.057502,-0.5302457,7.231586,6.648438,-1.407179,-7.3547707,-4.734419,1.4924562,3.3618546,-0.022881439,-0.76718456,2.7294211,1.936743,3.8502173,0.8328905,4.29871,12.909375,9.292011,-6.304875,0.39472204,1.0618422,2.4331727,1.3566434,-0.7362132,6.0304093,-11.400599,5.7918005,-10.647765,-1.0968409,-2.7304032,-1.742394,-1.3284895,-1.4064549,3.362624,1.2353255,2.3168004,-3.0030644,-2.8957593,0.22221957,10.379739,-0.53718877,12.283684,-1.3361385,-0.9358573
107,2.7482674,4.3509445,3.942579,2.6521535,4.1318507,3.8166635,6.014474,-0.15002139,-0.810837,0.14374928,1.9053564,2.0818293,3.55888,0.75396526,5.6451073,2.8221252,9.712857,2.6178384,5.180665,8.338646,6.9382544,4.780874,8.557719,-7.8959355,6.9018087,0.3713964,0.16266888,3.7682202,-4.3579597,5.7249246,1.0491414,4.521927,-0.4659696,-5.7050676,-6.415025,3.1582358,3.5564144,0.6859098,0.8593015,2.2602894,-1.3787458,3.0721962,1.3640656,-2.9193482,1.1683719,-0.6383164,1.0331278,-1.5876914,2.8494027,-1.181599,-0.52938855,2.3184524,-1.9990005,1.1975363,-0.16832913,-0.53838193,-0.4908104,-0.34551397,2.701313,-2.1542203,-0.96433914,-0.9622688,-0.07026135,2.1649888,-1.0116303,-7.2236,-2.113914,-0.51940745,5.3249545,-0.31984106,5.791677,-1.7036433,-3.8749313,-0.08717813,-0.9402121,0.43013078,-0.58664453,0.27612326,-8.453208,-10.72185,1.1856948,1.1675891,-3.0783703,-2.7262745,-2.3090339,0.6585826,2.9937892,1.0732496,-1.4651834,-1.8288395,-1.8802195,2.5301917,-2.0411825,1.9449819,-7.39794,-0.5604437,-2.3049247,-1.9641081,1.2690682,0.10802145,-10.519308,-4.6185327,-9.543756,2.187007,3.3108726,-5.256374,2.6517234,-1.3013297,-1.5573279,-3.9508004,-2.230359,-0.51499283,3.3919404,-1.550969,-1.3677233,0.2892087,-3.7250533,-1.0244099,-4.1125464,0.49552184,4.387027,3.377354,-0.62217283,-1.1077018,1.7567415,-3.5473871,-9.25347,-0.974294,3.2979498,2.5165052,-0.064581566,1.582752,-0.98539764,0.43908265,4.558827,0.23264708,0.31902176,3.9666455,-0.22687067,3.4009333,4.854405,4.2699795,-1.6537995,-3.562626,0.71195185,4.902814,-0.6956259,2.2553272,0.51760995,1.636138,-0.71079403,9.317031,3.3719351,8.096625,0.7842818,0.8595742,7.585589,4.9979,5.96924,1.9010599,3.2705503,-4.4038625,0.38481224,-0.5268772,1.7136799,-6.825003,-2.552581,-10.840292,-2.9588096,-3.3318212,0.19659162,-1.7991441,4.796788,-3.7659738,-2.646794,-4.8845377,-3.0110092,3.247641,1.0392027,-4.03395,3.7122245,3.43459,4.7324505,4.1983213,4.528335,4.622063,3.5277715,-0.1531562,-1.0569235,0.18596084,2.66788,2.2427027,4.9680243,-0.6075972,-1.640248,7.0381575,3.828869,5.6488824,4.639857,2.7223852,3.8323882,0.008152826,1.3181205,-4.4930553,0.7571656,-0.4927879,0.0067950375,2.5245025,3.5027862,1.9138346,2.6131613,2.817008,-1.6475006,-6.223769,-5.922259,-2.1559074,-1.3661141,-0.6885016,2.4081557,1.6184398,-1.9952706,0.1648818,-1.6516364,1.017297,-0.17073105,0.92456526,1.2069488,0.015554403,-1.2748876,0.8857448,2.240625,-1.2173219,-0.76903933,2.0282729,0.574031,-0.4822844,3.4850225,-5.6647253,-1.5323927,-3.0532882,-5.2052565,2.218341,-1.8858343,-3.9073443,-0.60465807,-3.448719,0.122085385,0.09844053,5.0144873,2.7878795,1.473688,4.319921,0.018568559,1.6439048,5.1042013,4.990999,2.3541358,-1.1915724,1.5548534,2.1562886,3.8723023,-0.65317386,2.4233634,0.80059713,-0.1396472,4.35373,6.311295,2.8015356,-1.320197,-0.11530011,-5.3950515,-4.0833626,-0.78644407,-0.27047643,2.471288,-2.7665474,-3.7245116,1.2339526,3.5916605,-0.98767465,3.8674285,8.79166,-1.1671861,-3.8458648,2.1175385,1.6677853,3.2298994,3.640637,4.4198484,4.7155857,-1.3009217,2.8216534,1.5069983,6.0088286,4.369485,-2.2626731,-3.5359664,6.058931,7.735817,-0.9238409,9.282337,-1.688417,2.033806,-1.3621123,3.2455907,-12.264826,-3.6721025,2.6954052,2.380659,-1.673012,1.507108,3.1168861,0.3587668,2.6580744,-0.54656434,7.479579,0.9153389,1.697381,5.9192224,5.3254642,1.2384567,-1.6142688,-3.4211428,-1.3535956,3.2441761,-0.6067621,-1.2896494,2.2282472,0.57196075,-0.18857045,-0.34511483,6.230692,13.141053,13.5892,-4.7594557,2.777851,2.485122,4.4526806,3.4967752,0.81333566,2.7901142,-5.50357,5.6236258,-9.643318,-4.162853,-3.3813617,1.4735792,-1.3217356,-1.3997917,1.5668427,2.2039864,0.5488756,-0.72036153,-3.4059515,0.5538832,3.636812,-0.9603817,10.042291,-3.7092454,-1.4483781
108,4.609153,4.254582,9.752169,3.8784869,5.128952,5.90224,2.420715,0.20304812,-1.1350399,-1.6342188,-1.3210856,0.9210405,9.032756,2.8649426,3.669693,5.9697466,5.8204575,1.9253966,9.276965,8.540423,6.303897,4.0963655,10.719609,-7.2263784,3.723055,-2.119497,-5.247678,4.0573096,-9.065176,-1.8112013,0.30668974,-2.6716847,4.113332,-0.843776,1.0448779,2.4561725,3.2903125,-1.8206674,1.4310383,4.118676,-1.3848169,4.2504816,-1.8032225,-3.8983035,2.224918,-1.9394106,0.8167057,-3.4086409,3.3354535,-1.1821644,-1.5338682,0.56068635,-2.1130066,-1.2383372,-0.61855155,-1.9734321,-0.10610245,2.9102292,-3.5326004,-4.333008,-1.3553939,-1.480637,-2.6776316,0.9916356,0.759275,-5.1386023,-4.239442,-2.2412765,0.12856391,-1.4441154,1.2141283,-1.505485,-8.210053,-2.2408645,-1.3015736,-0.117250144,-1.752745,-0.7910361,-9.4595,-9.858094,-2.6629825,0.6436867,-4.3538566,-3.5964675,-5.2608647,-2.944013,-2.1477003,3.0726523,0.7188979,-2.2517684,-3.3884568,2.2958522,0.9519405,1.5153978,-7.2066593,-2.427674,-3.912432,-2.4309378,-1.7192922,-2.1119578,-4.4696136,2.9839633,-14.491389,-2.8080566,3.1648355,0.0797779,3.0298862,-2.133167,-1.4417809,-2.6936705,-1.7165607,-5.2509775,1.3728951,2.7341073,6.4682026,-2.2246037,-4.7934084,-0.18988931,4.0659366,1.9174495,8.0220585,1.8735591,-1.8972701,-1.4057262,0.46886092,-1.4020684,-13.953278,-1.9462229,2.9358854,1.6949754,-0.26171064,0.55646306,-1.8084214,-0.69027287,1.4450722,-0.7068485,0.53989905,6.762878,0.83360803,3.512857,5.81978,4.6446667,-0.32350713,-0.3455708,-1.0916295,4.278379,-2.6933775,0.5966171,0.7583434,-1.6703397,-1.5107117,8.756139,1.5607611,2.4491665,0.24883282,4.5207577,9.659756,10.133983,7.438893,0.70062935,3.8098786,-2.7990122,0.8148046,1.7739239,-2.0751224,-1.2542734,-1.1704024,-8.591688,-0.6398953,-4.8511047,1.8946015,-1.1525812,0.32995072,-7.680993,-0.7800829,-8.657616,-4.443978,1.6890144,-3.8152747,-5.180059,5.5552797,3.7150323,4.995437,5.7131352,4.201806,3.6372497,1.4974164,-1.6659328,-2.038395,0.07466747,1.0766518,-0.49091077,9.368105,2.449079,-1.4986496,9.119594,3.568558,3.3340955,7.287108,0.9983101,3.1618662,-1.4906455,1.8394711,-3.828911,-2.5331426,-4.2475266,-5.3968906,1.4319829,-1.6211873,-3.4975646,7.4137173,-1.3706471,3.8574789,-5.2629128,-1.9834341,-0.42651832,4.5072083,1.6025176,3.4741735,2.9290547,-3.4309015,1.4704994,-6.2650213,0.49514255,-0.44744882,2.518096,-0.37816355,-1.169538,0.7409463,-1.9530402,1.2174072,-0.16152653,-2.0107732,0.26308122,-1.3602035,-1.421569,2.7688434,-8.111404,-3.991514,-8.485861,-4.9935546,-2.4039326,-6.8618016,-5.8593636,0.9893919,-2.3175216,-2.7713475,-2.7584343,0.047067832,0.9698967,-0.6544379,2.7655127,-1.3050023,-4.1006055,-0.1756111,3.077005,2.0533578,-4.0966816,0.27191475,0.26053753,-1.4290301,-1.7624788,0.24385571,1.2484621,-2.0082102,0.0142856855,4.0464473,-0.39003178,-0.3472844,-2.5442371,-2.7551792,-3.0030265,1.2249938,-3.176181,1.7681434,-1.5940504,-6.8835435,-0.652615,0.4002163,-0.51491255,1.307204,5.594765,-3.81815,-1.9203585,-1.5776134,2.3700926,2.5983646,3.4595702,2.1117659,3.8865256,-3.4161465,1.3930603,-0.67884356,3.4012644,2.0789025,-1.4686313,-5.643325,6.5961995,7.7599835,1.6687183,12.579886,-0.8938276,-0.6829375,-1.7114674,-1.019381,-7.108756,-3.2228224,-1.4761283,-3.8358734,-4.7546916,-0.8644997,-1.2483231,0.1992599,-0.16866781,-0.8598902,7.458912,-0.13979958,2.8943448,2.5779686,2.6291747,1.6771796,5.002588,-2.6187584,-3.9013033,0.84099716,-0.87618214,-1.4806111,0.49257743,-1.4116008,-6.059675,-1.3202088,6.9176574,7.658659,12.961555,-3.8506284,5.2943983,2.8054276,4.5084586,3.2073076,0.47810856,-1.5032489,1.6458864,1.9812709,-11.938273,-8.376696,-0.5429185,1.9362593,-1.3972719,-0.4700362,-0.34999198,3.1980803,-0.53122425,3.9620345,-3.6986797,0.2685881,-4.2493186,-0.59143627,9.143529,-6.810548,-3.6743362
109,3.7502072,0.9032321,10.922274,3.4827633,3.7878568,5.039022,-0.73762727,0.7871631,-0.9649908,-2.5509048,-4.217961,-0.07223617,10.945193,4.009861,1.7242463,6.2576346,2.1249828,0.93794185,9.114488,5.0980964,5.372028,2.9968967,7.7419143,-5.0714636,-0.12593903,-3.5735996,-7.398073,4.213385,-11.909126,-4.56379,0.6224996,-6.1224484,9.327297,5.8768864,7.5192766,1.2824084,2.2638526,-3.9929347,1.8995405,4.2374296,-1.8999797,3.3780856,-4.3374615,-4.080291,0.009681453,-4.2548933,1.1394236,-4.489101,2.5819106,-2.3723457,-1.5126119,-0.13099672,-0.13063334,-3.1761713,-1.2033513,-2.1605759,1.1295555,4.94567,-7.5988274,-5.6159725,-2.0355916,0.15198672,-4.49456,-1.7054564,0.17344719,-1.0665023,-3.502895,-2.2719488,-2.882181,-0.35587168,-2.1963859,-1.824954,-8.44593,-3.2622936,-0.8337472,-0.36024544,-1.8193504,-0.6183925,-8.724434,-9.252854,-3.1843772,0.63427335,-2.9910288,-2.824476,-5.6746955,-4.62359,-4.137368,3.7569396,2.129616,-0.70769775,-2.7625175,1.8477468,2.8607414,1.4859536,-3.6910853,-3.2326334,-3.2910583,-2.1004002,-3.4854486,-2.98097,0.27314624,6.9708805,-13.800737,-4.77406,3.7285469,2.2989013,1.9505957,-1.9165416,-1.763408,0.027537318,0.38049763,-9.361164,0.71398556,4.103276,10.532865,-3.1664178,-4.576382,-2.1192243,8.37231,0.7923558,7.651614,0.99140453,-2.4928052,-2.3839102,-1.3273431,1.076332,-13.688183,-2.522142,2.465523,0.4088129,-0.025520414,-0.8021826,-1.2273093,-0.06296367,-1.8896667,-0.45972788,0.20322444,6.571189,0.9635253,3.2550752,3.3876886,2.6549506,-0.34781316,1.9254395,-2.1534376,2.2742548,-2.8391776,-2.264991,0.50948536,-3.2300773,-1.0809847,4.606372,-1.1904666,-2.2551274,-0.84697104,6.594008,7.745024,11.959543,3.7553499,0.59670013,3.986114,-0.73008716,0.4451602,6.6733127,-5.543485,6.4631414,1.1545709,-5.2753043,1.0735883,-3.5236905,2.1129177,-0.17558837,-3.2712514,-8.9197035,-0.31768045,-9.573257,-1.8026885,2.3618917,-6.107922,-4.753598,4.524232,2.2034,4.948749,4.496898,1.7578005,1.4659435,-1.1219296,-1.8299303,-1.3757654,-1.2898252,-0.6252689,-2.9056733,10.160408,1.7132261,-0.5716415,8.802032,2.9876816,0.16582137,6.764657,-0.8163404,1.2301244,-2.050519,2.2223098,-5.286371,-4.434623,-5.661271,-5.923132,0.54044783,-7.5065427,-5.0959525,9.0837755,-3.6763403,8.558676,-0.30168054,1.8338628,1.2646805,3.6560214,1.0102257,4.023998,2.359444,-3.1529467,0.7837197,-8.392574,-1.6618482,-2.1464531,0.97624743,-1.031818,-3.2554197,0.33211768,-4.0632668,0.5515034,1.2626644,-1.8315562,-1.895482,-2.0196378,-0.88795817,2.6294863,-9.771635,-6.629577,-11.332501,-7.3768888,-6.113219,-8.051626,-7.0863113,0.97399545,1.0942535,-4.9974914,-3.7276602,-4.2543406,-1.7439655,-2.3746023,-0.42718646,-1.3341221,-7.122241,-4.6314526,0.7549015,1.8094151,-5.668351,-1.6837913,-1.4402544,-7.1765146,-1.7737787,-1.4032133,1.4394653,-2.1776965,-3.9813204,0.9073416,-3.5747175,1.4887776,-3.0512354,-0.5893059,-2.4587212,2.3338127,-4.5838175,-0.08717123,-1.2243915,-7.092821,-2.0932777,-1.5938509,-0.5690842,0.55908895,1.4838254,-8.728298,-0.51914316,-3.5603666,2.0194905,2.7806146,3.2758212,-0.65205437,1.1760368,-4.502149,-2.102536,-2.1980774,-0.09354854,-0.69983476,0.20379777,-5.8979793,2.4867365,4.7738338,0.8495826,9.604134,0.91731364,-3.1925476,-2.4900558,-3.2339087,-1.2451336,-1.8108923,-4.900793,-8.162748,-6.818057,-2.429224,-3.1504972,-0.41726416,-0.99607134,-0.11954332,5.555126,-0.8837989,2.2713618,-0.9042045,0.17736426,0.11842955,8.1617775,-2.9580393,-4.649118,-2.2917216,-0.909943,-1.3986622,-1.5183709,-3.0356145,-9.129152,-1.4390926,6.340853,-0.7329993,9.168168,-2.4234707,6.3829727,1.6923363,2.491278,0.71989995,-0.61451584,-2.806099,4.8711524,-2.116632,-15.991842,-9.946556,3.110871,-0.4440716,-0.5966507,-0.5198662,-0.84049463,3.821966,-1.0858109,7.5968013,-3.4771812,-0.36007854,-8.17132,-0.18390201,9.270769,-8.669659,-4.7218432
110,0.91638666,-3.310262,6.7535954,1.845245,1.3744695,1.9470859,-1.2346128,1.2082213,-0.52591527,-2.8072243,-6.0863185,-0.87677884,8.365674,4.7012396,1.0266222,4.1843567,-0.034459747,0.60223144,6.5255146,0.46206433,4.4272733,1.8465935,1.8230327,-2.187071,-2.5465708,-3.314039,-5.0134706,4.4716587,-9.74112,-1.1220776,3.7162986,-4.917801,12.35076,10.2082815,10.253528,0.44376612,0.58100754,-4.7229214,1.6464758,1.9525971,-3.0487556,0.5347428,-4.9461813,-3.413781,-4.1822987,-5.3285723,1.6432177,-3.6422496,1.4325151,-4.0896564,-0.4617297,1.2255661,1.9086508,-3.4197047,-1.2927102,-1.4332216,1.596198,3.8455591,-7.968882,-6.2552967,-2.617978,2.481676,-5.1108675,-3.9945793,-2.8684962,1.9571141,-0.87888527,-0.74354124,-2.5086467,1.8746313,-3.2117546,-2.3418944,-5.460854,-3.2598178,-0.7058707,-0.2013763,-0.7686946,0.20457937,-5.383521,-7.442534,-2.1502855,0.8889914,-0.63262033,-1.4459339,-3.1573465,-4.9072695,-2.0351646,1.765845,1.2780741,1.3003765,-0.63229364,2.86328,3.260084,2.2806633,0.14741224,-3.0544815,-1.0280778,-1.0710189,-3.1241038,-1.7488259,1.7569661,5.930855,-9.191223,-3.0519195,4.5654025,0.3997439,0.00052240153,-1.7359911,-2.4946344,1.9044663,2.1238058,-10.353644,2.1426697,0.68960994,8.446128,-2.1901739,-3.371503,-4.3071194,4.344012,-1.3017914,3.278761,-0.07179728,-2.4177697,-2.500286,-2.7458642,2.0888853,-9.120279,-2.0600376,2.2077837,-1.3060119,0.1389289,-1.7438965,-0.10334925,1.8774087,-3.0359251,0.7899329,-0.76694554,3.8532279,0.5040627,2.1777592,-0.37610853,0.61711526,-1.4444005,2.0557754,-2.2536736,0.9804492,-1.1147897,-5.1512656,-0.2549974,-2.5342398,0.11381248,0.19788109,-2.3985443,-3.126133,-0.8378525,6.428993,3.290523,8.787356,-2.217022,1.971854,3.3550334,-0.27685326,0.39119315,9.015139,-6.967238,9.687229,2.5448205,-2.3220665,-0.009308641,-0.20386137,0.4929223,-0.0040741106,-3.0209136,-6.17555,-1.0901667,-6.696053,2.9677324,3.1672814,-5.136985,-3.6988459,1.6752418,-0.57120615,3.9840696,1.5947281,-1.0701218,-0.21275385,-2.3508475,-0.6809438,0.44427907,-3.1424525,-1.8329333,-2.7798452,7.1423645,-0.2440033,1.5248578,6.2164865,2.1743505,-1.9368939,2.6123464,-1.4375073,-0.7660083,-1.5511625,1.8388215,-6.3756022,-4.1782413,-3.325269,-2.3730564,0.21087033,-9.375076,-2.215223,8.538334,-3.3454192,9.705162,5.416684,4.3413267,1.1840969,-2.0639758,-1.7997545,3.3643517,1.4677535,-0.17454733,-1.592208,-6.9265766,-3.9807975,-4.2952943,-2.1679409,-0.31823012,-4.2825108,-2.4015083,-4.1698127,0.83649313,2.4536345,-0.056518372,-2.7151787,-0.4695222,0.8463905,2.4643562,-10.302659,-7.136539,-9.35428,-9.878187,-6.0987644,-5.1607327,-6.086718,-0.92483705,3.6539636,-5.0706096,-2.499529,-5.1530743,-3.2619061,-3.0027974,-2.6070945,-0.65565455,-5.786263,-5.6263885,-0.62450045,1.5983729,-4.432048,-2.4892657,-1.7924162,-9.620365,-0.55669755,-1.9743947,0.94810694,-1.178837,-5.3612638,-1.2192469,-3.822981,2.3156822,-1.2636718,0.27714625,-2.615902,2.5398688,-3.6292822,-1.5491961,-1.602533,-4.0096045,-2.2289839,-1.4950476,-0.7643168,2.9910395,-0.2818279,-12.516987,0.58682024,-2.6666293,0.6462131,3.21799,1.8843067,-2.2467518,-3.0053556,-3.7709801,-5.91998,-1.798264,-3.3334956,-1.8168688,1.4972908,-3.9798255,-4.229835,0.843135,-2.1518772,2.0580935,1.5608324,-4.138769,-2.8234015,-2.853227,2.6946251,1.0887197,-5.5948043,-8.118266,-5.9897795,-2.4784756,-1.1005589,-1.3640916,0.34332538,1.4183923,2.5392814,-1.3506896,0.63980633,-2.4242892,-1.0292263,-1.127893,6.46486,-3.73337,-2.9847867,-3.9416518,-0.9506938,-1.3833886,-2.681594,-3.1600254,-6.758031,-0.35995057,5.374929,-6.485698,5.655331,0.450692,5.376611,0.032863315,-0.12085829,-1.6084533,-0.7015791,-0.066531174,2.6228871,-3.6168208,-17.99013,-8.366798,4.5186324,-3.1118867,1.068035,-2.933781,0.4251711,3.7607546,-1.6154803,7.535393,-2.6698372,-1.0237521,-6.20644,-0.2888897,8.014,-8.061457,-4.0402474
111,-1.4336323,-4.44356,0.9820052,0.36425248,-0.026378922,-0.7522483,0.48099077,1.3434178,0.045953874,-3.1482239,-6.980094,-1.8721668,4.111897,4.4793715,0.96116394,2.4178703,-0.20891258,1.384227,4.7679024,-1.6850898,3.0173545,0.74756795,-2.5934348,0.05831618,-2.762224,-1.6852441,-0.32848924,4.6152,-3.3270547,3.310336,8.704886,-1.9510268,10.718538,9.973725,9.336309,0.25596458,-1.2869222,-3.790597,0.46149457,-1.6993715,-3.9016328,-2.381137,-3.701953,-2.3115222,-6.867968,-3.539209,1.9508361,-1.0853115,0.8963777,-4.9428053,0.9666567,4.035722,1.8321335,-2.1724384,-0.3992158,-0.66849166,0.40503454,0.18641007,-6.2117596,-6.4968443,-3.1747441,3.016283,-4.8718967,-4.287609,-6.9490523,2.2934592,1.4477452,0.95857424,-0.6845391,3.2295518,-2.8148525,-2.2096791,-1.7677968,-2.9344664,-1.525375,0.22392061,0.73167783,0.2994197,0.09764577,-2.8947124,-1.8272331,0.87315553,0.8244827,-0.8225072,0.33745867,-5.116131,1.3660175,-2.5321653,-1.428334,2.0171425,1.2968225,4.983558,2.7069871,3.3282545,1.5998796,-2.939058,0.81457067,-0.0023187336,-1.3153737,0.95513976,1.5128777,2.7863445,-4.1974,-0.2156153,4.942034,-2.7172432,-1.5153865,-2.5841455,-3.9547276,1.252638,1.703807,-8.189175,4.4645677,-5.3431873,3.227093,-0.4599427,-1.7068716,-3.7991445,-4.570478,-1.819374,-1.1980764,-1.1020744,-2.1781063,-1.193267,-2.7562995,0.5806341,-3.0806084,-0.642271,1.7353956,-3.6526287,-0.02239562,-1.6453774,0.6575622,3.6885014,-1.254249,2.3088808,-1.8500711,1.1437864,0.3883862,0.32254463,-2.0510437,0.58215946,-2.0698912,0.6494668,-2.1191542,1.614674,1.3591415,-6.418401,-1.2578192,-0.9269136,0.88480574,-0.99635667,-0.41055378,-0.5413412,1.0896729,4.918267,-0.6374678,2.765189,-5.697207,3.9347887,1.9570321,-1.7814041,1.6370069,5.9450183,-6.5951676,5.607103,1.8628043,-0.037708916,-3.6465354,2.6507342,-1.9627845,-0.65687346,0.61633694,-0.42754036,-1.8359872,-1.921658,6.1391916,2.878088,-3.366347,-3.513218,-0.5864855,-2.8923028,1.8993437,-0.4981683,-2.2372668,-0.32927486,-1.5072063,0.71300995,1.9371324,-4.2134914,-2.2404807,0.13699834,3.344755,0.028827915,3.9958117,3.12971,1.4743059,-1.8747939,-2.2931411,-0.70624804,-1.5248517,-0.50139624,0.7203963,-4.0308576,-2.4968095,1.4382687,1.370201,0.24242821,-5.447634,1.77235,8.115751,-1.5024414,6.7557797,8.225946,5.591435,-0.93677944,-6.3541865,-3.971395,1.8811468,1.8690277,4.5640793,-3.2619479,-3.351197,-4.8662534,-5.0931244,-4.0862885,0.8282977,-3.0415514,-5.07293,-2.4257512,1.7204816,3.3046327,2.1486394,-1.7252443,2.1098356,2.648181,1.5763954,-9.571948,-5.02209,-3.84523,-9.565037,-3.2388952,-0.615358,-2.9820037,-4.063995,3.1681964,-2.9517274,0.048834078,-2.9376316,-2.6015007,-2.4646938,-2.1954,-0.07320721,-1.8714832,-3.2358115,-0.70994055,1.5369568,-0.9673908,-1.0636894,-1.0447156,-6.7943053,1.596251,-1.4823347,-0.03665424,-0.27569398,-4.01148,-1.614209,-0.9150648,0.89258045,1.05001,0.5293879,-2.6384711,2.3402243,-1.1510245,-1.4417527,-1.8579115,0.34906822,-1.080221,0.21912336,-0.16041715,6.661921,1.7085655,-12.444297,2.3209043,-0.046934,-0.6498918,3.1973107,-0.9875101,-2.2344618,-6.3373713,-2.4363108,-7.9518366,0.69930935,-5.052078,-0.11266454,1.8973483,-0.53425527,-8.572057,-1.5204872,-3.7207797,-4.2051005,0.3504242,-3.1764414,-1.9010955,-0.9356647,3.6654243,4.8911495,-3.7556412,-3.9081516,-2.0606296,-1.1118757,3.073728,-1.794592,2.4179893,2.8936846,0.3323086,-1.4679619,-0.23718408,-1.2597518,-0.9917106,-0.28033194,2.8988295,-3.4185874,-0.185944,-3.0911722,-0.84588945,-1.5774769,-2.4524515,-1.5492346,-0.5257547,1.5062271,4.9409556,-5.8706093,4.908425,4.3138556,3.1676326,-0.47940788,-1.3140432,-1.2670677,1.2153649,4.3656006,-1.9252305,-1.824465,-15.058866,-6.006271,3.0456812,-3.3565428,2.6020641,-7.0412006,2.365018,3.0707989,-2.1673737,3.9025776,-1.3502023,-1.4802641,-1.0152247,-0.76726925,3.4869213,-5.52269,-3.23912
112,-1.4045016,-0.692669,-1.4842129,0.18246299,0.81129575,-0.8707602,2.3511183,1.3044631,0.65588725,-3.831125,-7.2481585,-3.2936623,1.9971036,2.4731224,0.17391552,3.1660824,1.0670823,2.7949252,4.537669,0.43545416,0.73341286,-0.24017994,-2.4312057,0.1724281,-1.8270042,0.53171635,3.1054587,3.868953,3.5921454,2.6551561,13.045219,-0.6595051,5.169595,6.1280146,6.6589093,0.59598887,-2.631841,-2.0283966,-1.0034732,-4.765702,-3.7737148,-3.1096854,-2.1297731,-1.359718,-5.2364273,0.6117509,1.9111356,1.8126141,1.3276236,-3.9830797,2.0431294,6.7155623,-0.6609465,-0.7529426,1.0974667,-0.46946505,-1.8395022,-3.277848,-4.9995875,-6.5472236,-3.8685923,0.44184592,-4.4448113,-2.278257,-9.785642,0.5660234,1.8544198,1.4438939,0.15487635,2.696847,-2.5935454,-0.88343763,0.29824066,-2.7591875,-2.573309,0.7599818,1.8306098,-1.0606567,5.7861624,3.8788958,-2.5215821,0.34009266,0.47476563,-1.6396382,1.8455205,-5.80408,2.388088,-6.761034,-3.8355203,0.99633324,1.6057402,6.026527,1.8477553,3.7613413,0.43888527,-3.903889,0.2982918,0.3164817,0.24521615,3.3993382,2.0326762,1.680052,-1.095861,-0.07890245,4.005287,-3.123113,-1.7996616,-4.3221807,-5.9643946,-1.4691525,-0.9472281,-4.6986713,5.200645,-9.291863,0.47076485,0.5861981,-0.13400157,0.3648323,-9.874214,0.4347639,-1.7342986,-1.0713867,-2.0628731,0.10382289,-0.9644711,-2.2841437,0.81193274,0.96141493,0.73376215,-5.921041,-0.17095764,-0.4989002,0.59655774,4.0635195,1.7683729,3.2500844,-2.3644314,0.7257686,1.275275,-1.5409579,0.0475881,2.7716084,-0.7777236,-1.0842575,-2.5007148,3.5355814,3.185095,-5.300624,-2.1111722,-0.22205234,0.39951333,1.7930503,3.5515869,2.7955818,3.9554656,3.6827607,-1.6970786,-2.1867492,-3.9444191,5.167414,0.90251803,-3.989662,3.907783,-0.124999605,-5.5153346,-2.3150783,-0.68000036,2.3128543,-7.126499,2.8053067,-3.6013694,-1.0223882,3.6345816,5.3183455,-1.6093712,1.994127,5.405364,1.6082225,-3.7882714,-4.5379276,-0.6197912,-2.9115796,-0.41689718,-0.06218409,-0.9337666,0.8200413,0.316711,1.1099789,1.8299147,-3.688387,-1.9429973,3.7947264,2.1255052,3.3680816,5.7063932,1.4985719,1.4721702,-0.16907032,-3.94441,0.42360675,-0.67671067,0.71310484,-0.09208164,1.647994,-0.86702394,5.4600224,2.2246008,0.39680186,1.396893,2.84581,9.406573,0.041873038,2.1676152,6.641148,6.3012595,-3.6127534,-4.2286663,-3.0288613,0.78361255,3.4797614,8.112284,-1.898296,-0.5846831,-3.9392278,-3.374575,-3.3792949,0.9787932,-0.37425968,-4.999338,-0.24468683,2.2347713,4.1500325,3.0081186,0.010261996,3.3675015,3.36054,-0.4015304,-7.515609,-2.1646602,1.1507807,-5.9897275,-1.1927823,2.2812388,0.08480495,-6.9301243,0.17898124,-0.16482568,2.1233516,-0.0860169,-0.6396179,-1.2639198,0.26330745,0.027868845,1.1352603,0.08133323,-0.12687352,1.6785172,2.4071987,1.6918495,-0.4441928,-0.3901278,3.6532488,-0.73648113,-1.0754302,-0.40821785,-1.8039267,-0.7947333,2.6105626,-2.2457068,1.76898,1.1976656,-1.6178004,2.126331,1.2004886,-0.29501963,-1.3515282,3.1603198,0.07914761,2.1062534,1.4329538,7.5630345,5.5499377,-9.219861,4.3937564,2.2236936,-0.655495,2.3965178,-4.387006,-1.5028014,-6.4224143,-2.4056761,-6.9217834,4.172635,-4.449964,3.3273,1.911816,2.5147996,-6.7753525,-0.9450934,-1.520186,-4.0373807,-1.2515457,-1.2465271,0.02179367,0.9339816,2.888024,7.847803,-1.1712822,1.3938035,2.8455172,0.80555403,5.9017396,-1.1848029,3.5012298,3.4203398,0.056834113,-1.0858455,0.63643914,1.296985,-0.2530014,1.8322241,1.894546,-1.2109917,1.0378786,-0.8618804,-0.07433026,-1.8781599,-1.2668568,0.6005845,5.3153,2.9931,5.210817,-0.33243906,6.8434887,7.4080305,1.4919837,1.217286,-0.03770335,2.069854,4.596731,7.040751,-4.2376213,1.2605956,-7.3362713,-4.863599,0.67871034,-1.0279155,2.960161,-10.598798,3.4548547,2.1002328,-2.105555,-0.90219474,-0.09271541,-1.656614,2.7068133,-1.1521393,-3.0666938,-2.963831,-3.6875691
113,0.6066105,5.7016854,1.0256647,1.2101755,3.256969,1.4419851,2.853709,1.146885,1.0764878,-4.3195376,-6.997686,-4.8502955,3.42235,-1.2983862,-1.8663242,6.0100737,2.4485323,3.6311436,3.601481,5.0501785,-1.9716965,-0.954138,1.6456178,-2.7457705,-1.5651263,2.5698097,3.2356172,1.4798325,7.40717,-3.706905,14.364628,-1.968431,-0.39810467,0.99738765,3.7618625,1.1411775,-3.1935232,-0.93639314,-1.5884993,-6.004767,-3.286259,-1.0259365,-2.0611448,-1.0328618,0.104077116,4.5760655,1.5649815,3.5906863,2.1015227,-1.5532615,2.5432346,7.936748,-3.714221,-0.40069735,2.0329437,-0.7457621,-3.9045377,-3.969075,-5.6605163,-6.7782063,-4.726501,-4.1054964,-4.4160743,0.8447083,-9.84532,-1.6021909,0.21261634,0.3837478,-0.33298892,1.0322053,-3.0054016,1.1887567,-0.21661335,-2.808475,-2.7496026,1.2339479,1.995325,-3.252447,9.2310915,9.898202,-2.8440554,-0.61031926,-1.4425396,-3.595603,-0.35140786,-6.403911,-0.14604574,-8.163764,-4.022542,-0.6398635,0.17668967,4.2300553,0.80033803,3.2351913,-1.42591,-6.0339174,-2.892504,-0.47677705,-0.14149724,3.7334006,3.6015217,4.0514603,-0.3100513,-4.559815,1.0708046,0.22090489,-1.4783759,-5.8793206,-7.3952594,-3.922126,-4.318873,-1.741997,2.5389137,-8.220209,2.8968496,0.67321557,0.8011739,6.2632957,-5.949947,3.8934247,1.9171424,0.35015213,-1.740066,-0.98955107,1.7135705,-3.8852468,0.39530984,1.7696239,-0.49397248,-6.466483,0.22690178,1.0579646,-0.39524072,2.7811973,3.2035477,3.0711226,-2.2357621,2.4375148,2.8397427,-2.464212,4.1630034,5.456942,2.1730077,-2.8481803,-3.3862953,5.021003,3.5174875,-2.7892778,-2.6368372,-1.1214557,-1.1645603,6.007839,6.1494923,4.519653,5.6121354,3.7008204,0.061791036,-3.5693815,1.4714457,5.315567,1.4890366,-5.6755834,5.643254,-3.851798,-4.056173,-7.643872,-4.035507,5.188775,-7.8420324,-0.15076584,-3.5280564,-0.1530756,1.668228,7.7327223,-0.87843215,3.7882824,1.6503586,-0.252584,-6.877133,-5.6357846,1.1823093,-0.15090387,-1.4382967,2.3520217,1.8460491,2.0563223,1.2592943,0.042832002,0.07721778,-1.869073,-1.4762106,5.501281,4.141926,6.4595475,5.929011,1.9111593,2.402635,1.3486787,-1.0079255,0.8527334,0.9064258,2.075719,0.6266871,6.3510127,-0.36937064,6.1657567,0.22560863,0.757013,5.777784,-0.0020569095,11.65488,0.18113653,-0.70513195,1.646888,6.6114926,-5.0760894,3.2003832,0.76955616,0.94955045,4.355287,7.308299,2.3136234,-0.8014725,-2.2403166,0.09535556,-1.2192562,-0.5783341,1.3679734,-1.6730877,0.7210989,1.6793352,5.1747904,1.6732023,0.9319236,1.8005105,2.531415,-3.5825405,-4.340942,-1.3495026,1.855899,-2.0191836,-2.84915,1.5071923,0.47610167,-8.008071,-2.9379761,1.2925001,1.8700489,1.160195,0.73960507,-0.1626992,2.7295277,-0.3239238,0.93564403,1.514549,0.23270644,1.7065322,3.345906,3.4288733,-0.96569526,5.1437078,4.0518794,-0.91633,-2.1707098,-1.6620446,-0.8439586,0.25528678,3.8940299,-5.251057,0.49750578,2.187129,0.32801634,1.8372735,2.274842,-0.11504232,-0.5104013,2.8082006,-0.6343114,2.473648,2.6545556,2.923265,7.3393345,-6.223869,4.6457367,2.7286327,0.5807748,0.80487055,-7.190025,-1.4602239,-3.4696155,-4.298104,-3.2603824,6.470314,-2.179133,5.493139,2.2149215,2.7400675,0.10061453,1.9441404,2.935878,2.4166842,-1.289027,0.09149537,1.5390704,1.7112944,2.6106615,8.08858,0.43461516,4.011568,5.6072106,2.0660598,5.272552,-0.24883237,2.8078694,2.6828935,0.64091134,-0.36158127,2.400309,2.8827991,0.66507655,2.5348852,4.9458327,1.8916645,-1.5253136,0.40135258,1.6475986,-2.248223,-0.28481412,1.3460772,7.5346937,2.8363404,5.526912,4.7316847,9.351399,8.104373,1.3968098,4.362468,3.0231133,6.0518665,7.8024364,6.1044807,-2.8285596,2.798451,2.4339168,-4.186023,-0.36594558,1.2624422,2.013394,-11.8664465,2.8771691,1.0033466,-0.77032197,-4.345403,-0.10145572,-1.6937859,2.2540565,-1.418695,-7.561031,-2.2870507,-4.814414
114,2.439891,10.337102,5.600043,2.3378634,5.355986,3.9649475,1.9503108,0.74766296,1.006866,-3.967398,-6.027614,-5.9135556,6.516681,-5.3856235,-4.343569,8.365568,2.427167,2.8476546,0.33375955,8.267906,-3.8854263,-1.2910001,6.1007323,-8.10139,-2.8619442,3.726915,0.75748765,-2.495213,7.121408,-10.289507,11.858477,-4.0401945,-2.1639078,-4.039587,0.91864556,1.508924,-3.4402285,-1.7517843,-0.62423915,-5.671497,-3.6641543,2.2419767,-4.010748,-1.4646045,5.3537173,5.6473827,1.0002706,3.698747,2.2113054,0.9477962,2.8090422,7.4394536,-4.8904347,-1.2058264,1.4790717,-1.0045567,-5.1040487,-1.6795473,-7.3751154,-7.490234,-5.672261,-7.8563437,-5.052992,3.1482396,-7.5376477,-3.3611007,-2.5273845,-1.4476919,-0.4654222,-0.28529644,-3.2390807,2.7713192,-2.7704525,-3.0872874,-2.0150006,1.379899,1.2335862,-4.883125,9.088953,11.644659,-1.8887643,-1.8508284,-4.132293,-5.8082128,-5.336077,-6.179357,-4.1329265,-5.845231,-2.2336547,-1.4152342,-1.9160278,0.31325823,-0.6140284,2.1216395,-2.1283298,-8.287459,-7.247175,-2.0401478,-3.1463404,1.1907767,4.042608,7.663416,-1.6502118,-11.802342,-3.7386248,4.4736123,-2.1138518,-6.1892486,-6.8219194,-3.6808312,-6.7912126,0.10549679,-2.9629238,-3.6534228,7.734721,0.7777524,0.6843327,10.559777,4.695175,5.4170685,6.082335,1.8927749,-0.6471613,-5.340545,3.39405,-2.4312756,-3.1444926,1.2498715,-1.4081342,-4.178408,1.201242,2.2129626,-2.2788358,0.71146095,1.4221591,1.7858355,-2.1898453,3.8316689,3.9409046,-2.1622574,6.618596,6.477673,4.6894245,-5.2555246,-4.090084,4.9226923,2.4381313,-0.87376714,-2.9190295,-2.7876067,-2.9208913,7.9927554,4.9627075,4.3331847,4.720271,4.547213,2.4702067,-1.8604475,6.089656,5.382824,3.7123241,-6.7029014,5.2579465,-2.2976537,-1.5579604,-6.750966,-6.998298,7.745031,-5.8106914,-4.685703,-2.34777,1.535879,-6.0869837,5.3347964,-1.1076578,4.28571,-2.2175775,-2.8475518,-10.109956,-5.3975196,3.0850844,3.9279706,-0.34773684,4.5530996,4.1643863,2.4634607,0.28633666,-1.8518529,-2.1512852,0.04615212,-1.5783148,4.0155516,7.0993395,4.3639116,4.5520425,3.345593,3.5846188,0.8896208,3.4327607,0.3077857,1.8173585,3.4428992,2.937703,4.9180403,-1.1474634,3.3996444,-2.361112,1.4677454,4.189316,-4.0891037,12.438045,-0.8858811,-0.5900232,-4.8364697,5.7414675,-4.89986,9.715764,4.647209,1.9987215,2.4931328,1.4331414,6.445117,-3.8644555,-1.1538556,3.0409648,0.12603918,-3.2807407,0.39031816,2.6860693,-0.22632718,0.2686068,5.9606686,-0.80980575,0.36951402,-1.8879828,0.5395746,-7.674017,-0.75076926,-3.920082,-2.3893633,-1.4052606,-7.591268,-2.7089498,-2.5705535,-6.8116646,-4.383839,0.37791952,-1.4463675,0.44850418,0.25660262,0.16495156,3.2851114,-1.0696548,-2.0131059,-0.0549713,-0.16824527,0.97001094,1.2037828,2.3356144,-2.454869,5.737219,1.6810219,-2.704045,-3.8653817,-3.5298471,-1.799528,0.82606745,2.2468255,-6.56952,-1.2287697,2.2144423,1.9508266,1.1632318,1.988618,-2.4154923,-0.44033608,-0.17473745,-4.2038045,0.31069556,1.5977108,-6.1059527,4.485762,-5.705341,0.91885054,1.2784594,1.5623496,-1.5296046,-9.076767,-2.8777401,-0.67348313,-6.7947483,1.0460588,5.4193296,-0.4118632,3.6166885,2.7324922,-0.9837821,6.6723137,5.084442,5.565017,9.663859,0.5812472,-0.24701177,1.1963391,1.2027794,4.0784297,5.234803,0.5316369,2.2795463,4.4390354,1.8134097,1.990529,-0.5416669,0.7488105,1.1457042,-0.33229133,0.09197622,3.0988197,1.8795656,1.3661666,0.1927424,9.2966585,3.6904967,-7.5922995,-0.7803331,3.857602,-2.795243,-0.5700595,-0.4549938,6.2709055,0.65256184,5.054303,4.868826,10.253544,6.435653,2.3561654,6.7467766,5.9648046,7.537914,9.28252,2.302132,-0.29911822,1.4612906,10.707121,-1.498454,0.05234856,0.75223184,0.6375631,-11.102887,0.88469756,-0.59395117,1.5961989,-5.4545774,-2.399726,-1.8356825,-1.2127354,-2.1690705,-6.4507017,-4.0883303,-4.8848114
115,2.387091,10.503614,7.6610994,2.5285704,5.4100957,4.4581013,0.26993847,0.03664249,0.39240888,-2.8465824,-4.2245493,-6.04122,8.297765,-7.8935475,-5.84424,8.037485,0.30474952,0.42580044,-3.2397258,7.383009,-4.0704694,-1.4771035,7.627601,-13.415365,-4.8798366,3.4563873,-1.8189836,-6.9401393,4.4826035,-10.874439,6.664196,-4.4529057,0.26427162,-8.9145155,-1.9498225,1.3495554,-3.870179,-4.365698,1.3306993,-4.742422,-4.949666,4.2354846,-6.5164137,-2.2957637,6.853908,3.222285,0.31434754,2.7075303,1.2880278,2.150491,3.2814276,5.8969355,-3.1239567,-2.077364,-0.25455403,-0.9511034,-5.426046,1.4273928,-8.264896,-8.25446,-6.4900036,-8.538971,-6.128044,3.3251796,-4.733234,-5.0390677,-5.2510405,-2.9553819,1.1532334,-0.61057675,-2.4608297,2.854405,-5.8822484,-3.6349127,-1.5045424,0.9918644,0.016535945,-4.977866,6.2440534,7.8355384,-0.4585365,-3.3746672,-6.68601,-7.3711796,-10.126291,-5.139838,-6.3807592,-1.5140116,-0.7683455,-0.916386,-3.386001,-2.8600984,-2.2299302,1.0878133,-1.4725367,-9.089835,-10.529952,-3.4953113,-7.7880454,-3.248104,1.5944628,9.229883,-4.904003,-17.145613,-8.913716,5.8234334,-4.5436797,-4.828627,-3.7719076,-0.1355117,-7.7337246,1.458326,-8.487568,0.23745917,9.682136,1.7622483,-0.43688196,11.124941,13.8814335,3.3576002,6.9135356,1.7046276,1.2177446,-10.785751,2.6745913,1.4882596,-5.564983,-0.25583565,-1.9006009,0.040290575,2.0864494,2.5567338,-4.7157726,-0.97659856,-2.6129289,-0.032201823,-3.0103312,2.6287298,3.5655313,-1.2694242,5.2749906,5.14564,4.598463,-8.355289,-3.9858272,3.5486813,0.8199282,-0.6430445,-3.007166,-3.7068343,-4.059199,6.0929627,0.837273,3.4041078,2.3349557,4.8726063,3.1078165,0.5086037,6.352745,6.5153017,5.916794,-7.3947926,2.5889537,2.1196907,2.3194745,-1.6102835,-8.429379,8.385197,-3.4667058,-8.590885,-1.4712173,2.5387797,-15.677382,-0.34502226,-3.169138,4.994494,-4.0020046,-6.3164673,-10.415044,-3.4676948,3.8104835,6.9294777,2.006744,4.773799,4.6640882,2.0639155,-1.9310914,-3.3266037,-3.4238226,0.8908683,-2.6550913,0.26869702,8.264906,-4.527483,2.0640233,4.2967033,3.6758747,-1.8270361,4.324286,-0.5531611,1.2290809,4.0875983,5.297395,-3.6115847,-2.6537101,-0.8429239,-3.4929187,2.2237198,-2.0077224,-5.628839,10.078338,-2.0347223,0.8701097,-11.168885,3.0754476,-4.059501,9.980682,5.9313507,2.5726864,-2.00328,-6.541913,7.2640967,-7.469171,-1.1359019,3.7347243,-0.27333897,-5.714809,-2.8215094,5.1154757,-2.277965,-1.0224185,5.735206,-2.2069826,-0.9672597,-5.2474346,-1.7897713,-11.442283,2.2898464,-8.457207,-8.665101,-5.0311513,-11.894215,-8.327665,-6.857629,-4.101617,-4.322025,-2.3026571,-6.6645694,-0.99350184,-1.8053536,-0.5964935,1.4410495,-2.267045,-5.3491464,-3.4647183,-1.3788959,-0.9940767,-2.5914428,-1.2381424,-3.8970478,0.6930573,-3.0074823,-5.645829,-6.4614325,-5.4197927,-3.6572058,0.69667417,-0.5376465,-6.168028,-1.7302276,0.30324903,1.9878529,0.023870576,0.9262535,-6.241777,-1.6740588,-3.742788,-9.456838,-3.8331811,-2.0703332,-14.7179785,-1.7818527,-6.142262,-6.163362,-1.4235121,0.82229483,-4.344014,-10.258685,-5.1663313,-1.2830917,-7.8853393,3.7181463,0.39681798,-1.245131,-2.254972,2.7284112,-7.040712,7.703593,6.545234,3.7533524,11.49726,2.749235,-2.1597595,-1.154396,-0.24934132,6.4932947,1.1664933,-0.35887235,-2.2384338,0.25997147,0.17176749,-1.3292634,-2.9087522,-1.6685052,-0.26232603,-4.1571627,-0.3283174,1.6666013,-1.3759159,1.4331101,-3.826042,10.983157,2.677291,-14.070091,-3.6012836,5.5144215,-3.3884475,-2.2518277,-3.99323,4.089085,-2.5356548,3.5641382,0.5608949,8.898628,4.2341895,2.9087224,6.5247445,7.0058355,5.17503,8.514849,-1.9393822,-0.10910777,-1.6830105,14.662262,4.157253,0.20128834,-2.6310277,-0.091315635,-9.929867,-1.6876017,-3.2399173,3.6618729,-4.8195763,-6.53794,-2.1953135,-4.3293777,-3.8628426,-0.22523403,-7.2883787,-3.129806
116,0.8146122,7.22157,5.1839023,1.670845,3.2512367,2.496431,-2.0492778,-0.7067149,-0.36522958,-1.748287,-1.9135302,-5.2609076,7.4172845,-8.079347,-5.4118886,5.228648,-3.200615,-2.4902782,-2.911134,3.0765195,-2.8448982,-2.0432851,5.5754666,-15.338579,-5.9257812,1.7882694,-2.2292914,-10.263899,2.247025,-4.306782,1.2814052,-2.3532171,3.681714,-13.281714,-4.1198635,0.5471222,-4.0560093,-6.916854,2.8032439,-3.5869038,-5.372802,3.8094854,-7.2379546,-2.7429323,4.4821496,-0.5884779,-0.32463986,1.6569998,0.03404756,1.6757513,3.9801946,4.1869535,0.60265064,-1.7572654,-1.7397156,-0.74741644,-4.7927947,2.9416182,-7.0141797,-7.73065,-6.6057706,-5.986832,-6.863608,1.74359,-2.9276328,-7.039834,-7.1048756,-3.4637897,3.7905374,-0.54070985,-0.8495706,1.532234,-7.8593698,-4.17632,-2.0621965,0.24777532,-0.9970924,-3.6643512,3.3093045,0.7010889,0.06905359,-5.053003,-8.09183,-7.6284313,-11.773915,-3.8503935,-5.3877563,2.071986,-1.7907269,-0.023339067,-3.6628196,-2.8835485,-3.3554196,0.58227307,-0.52874905,-7.3108892,-11.160996,-3.9201674,-11.672832,-7.2869124,-2.4065068,7.722952,-8.889309,-16.403996,-11.905109,3.2730532,-7.6353173,-2.0089295,0.65192735,4.959373,-7.296198,3.137417,-10.928437,1.0240659,6.4564786,3.0760088,-1.8410313,8.577622,15.2681265,-0.40118298,4.082318,-0.64453524,2.9902873,-13.376697,0.01836438,5.4599075,-2.67,-1.6874212,-2.34338,3.551423,2.1063006,2.2764752,-6.7902045,-1.6249918,-6.125429,-1.5375644,-4.5585313,-0.93377477,1.6914256,-0.7101431,1.5595379,2.8369699,1.7444223,-10.606226,-3.0352683,2.043413,-0.21968071,-1.1562388,-2.6515832,-2.9039295,-4.2776704,1.8260082,-2.8550646,2.5080357,1.3122694,3.6720278,1.1385767,1.4036399,2.3811228,8.347105,6.188325,-7.292337,-0.8637933,4.0524945,6.3597846,2.7045634,-7.4061604,6.453916,-2.958996,-10.420131,-1.6653066,1.8028821,-21.148869,-5.57775,-6.1819654,6.3516235,-3.8267126,-9.742138,-7.049975,-0.69262844,3.5599809,7.27874,3.621679,3.1339347,3.451333,1.4742302,-3.5468478,-3.4241707,-3.079479,0.37273848,-4.3487115,-3.6667502,7.0079465,-15.64979,-0.40102693,4.0172005,1.7743124,-5.212232,-0.5845111,-0.89796895,-0.5200938,3.1007493,5.7126675,-14.11197,-4.1435695,-4.2498727,-2.7783067,2.2477057,-7.608032,-2.9599466,5.4060674,-2.0899544,1.2407577,-15.824841,-0.55369383,-3.481149,4.6778736,4.461413,1.6227975,-6.541337,-11.617089,4.161975,-8.820634,-1.4679295,2.7317765,-1.169218,-6.567457,-5.7800226,4.5606894,-3.633671,-1.262529,4.1231394,-1.0508579,-1.77056,-5.953206,-3.6579354,-12.714124,4.200929,-11.627146,-12.658933,-9.365054,-12.50739,-12.621301,-8.652765,-1.0549678,-4.02967,-4.9748883,-11.090784,-1.8345822,-4.015486,-2.2158525,-1.716034,-3.8113446,-6.9749055,-6.358021,-3.1085525,-3.8770993,-5.742746,-5.061784,-4.3658566,-6.75254,-7.8706284,-8.27165,-9.166684,-6.8420243,-4.8384247,-0.030568957,-2.0573585,-5.2953258,-0.9711648,-2.78979,0.46040845,-1.2190412,-0.32872844,-8.348104,-3.4365275,-5.799366,-13.355515,-7.7381268,-6.1166606,-17.676805,-7.076265,-3.989649,-12.572818,-4.234429,-1.3406708,-6.762273,-10.454347,-6.648481,-5.0385475,-6.6805263,3.7460313,-6.551767,-4.5548043,-8.567441,1.7451462,-11.5957365,2.5584753,5.8582807,-0.89741766,6.1621017,3.3309426,-4.4912333,-4.0420475,-2.1269557,7.7880006,-1.1362343,-1.5025513,-6.197474,-4.05504,-1.7026814,-2.6967795,-6.3061433,-3.5481913,-0.7830885,-9.398276,-1.5224562,-0.84364253,-4.956841,0.57048035,-6.256946,8.954863,-0.5024741,-16.936619,-5.56547,5.7131815,-3.3528187,-4.3324223,-6.871441,3.0923347,-4.8068137,1.6664453,-3.54876,6.2050724,3.5749917,2.1442134,3.817804,5.6040816,0.39392725,6.06732,-4.14189,-2.6181846,-4.3204546,13.002258,10.342458,-1.2104028,-6.09579,0.24724455,-9.347876,-4.0731673,-6.82522,3.9234436,-3.4563067,-10.253783,-2.6001213,-4.796627,-5.8927183,6.439903,-9.808753,-0.6977194
117,-0.42183322,3.6141665,0.18113078,0.43671694,0.2036724,-0.4998068,-5.3296757,-0.9268043,-0.63428944,-1.3422956,0.27183306,-3.8663251,4.8575172,-6.850567,-2.94679,2.0336583,-6.3542004,-4.381641,2.8571293,-1.4308369,-1.6840863,-3.379925,1.7401084,-11.898268,-5.11501,-0.36982524,-0.039356112,-11.370999,2.283351,4.893597,-1.6703322,1.2572458,4.393081,-15.355208,-4.384397,-0.57922554,-2.740815,-6.755252,2.5965834,-1.6427424,-3.0109842,1.9626644,-5.0077806,-2.0167596,1.7564789,-2.6996784,-0.69968116,1.1421934,-0.41447893,0.21314037,4.417517,2.7756474,4.234506,0.025708264,-1.6969537,-0.706359,-2.7453034,2.3900254,-3.6442668,-4.618579,-5.121568,-2.0422952,-6.2564044,0.24138038,-1.8281596,-8.803848,-7.4123445,-2.8528671,5.175396,-0.9446958,0.64020836,-0.13419467,-7.548448,-3.91995,-2.9193869,-0.26746464,-1.3304504,-1.842526,2.588702,-5.352587,-0.40543637,-6.37262,-7.352313,-6.2571106,-9.411514,-2.5690167,-2.2216072,3.4926033,-5.122437,0.14630447,-3.0639722,-0.1609349,-3.335723,0.6100813,-0.02869313,-3.0279076,-8.869325,-2.8981252,-12.232657,-8.677674,-4.26916,5.0116105,-10.747033,-9.054194,-10.684552,-0.5435152,-8.911244,1.6177927,4.4608836,8.719749,-5.5897775,5.3436475,-9.105793,0.22449028,1.2041132,3.0595045,-2.4413488,5.438853,9.556766,-1.7688615,0.67135614,-3.4253242,3.5527525,-10.627272,-2.3816586,7.15811,5.7475696,-1.9826406,-2.9433334,4.0888147,1.1442174,1.8226168,-7.24102,-1.3165869,-6.789155,-2.0988636,-5.638781,-4.2289267,-0.71146405,-0.8270974,-1.0221446,1.6999826,-1.6403348,-9.849115,-1.5977511,1.0994728,-0.06055873,-0.42090887,-1.4870197,-0.5431535,-3.592817,-1.8080864,-3.4018035,1.1137148,3.6503353,1.2086002,-2.3566709,0.4324982,-2.577198,8.78876,4.1562757,-5.19962,-3.2034557,0.57690245,8.238828,2.9272661,-3.8399062,3.253186,-3.8761082,-10.002447,-2.3209624,-0.087562375,-19.009644,-6.8698673,-8.009643,7.3652787,-3.318467,-11.210362,-2.1398814,1.7922417,3.3267033,5.1929445,3.0239615,1.1772256,1.6692135,1.0579662,-3.0484824,-2.1125195,-1.5306493,-0.8588776,-5.6921144,-6.1679683,4.8572783,-20.876657,-1.253243,2.7394714,-1.5924793,-7.0000243,-8.12907,-0.54813415,-2.2972233,0.42384928,3.535431,-18.934801,-4.937847,-5.790202,-1.0486972,0.9674902,-7.873083,2.3892133,1.0738364,-0.5914191,0.047237135,-16.948212,-3.0542233,-2.8081832,-0.30667728,2.3764634,-0.5302068,-7.9976473,-10.389556,-0.21885353,-6.583083,-1.1764001,2.3390794,-0.65688044,-5.3851357,-6.0660315,2.6464376,-2.7846518,-0.33061558,1.6016121,1.9317796,-1.3882779,-3.5295622,-4.5706563,-9.708549,5.2162743,-10.602669,-11.685446,-8.986163,-9.148003,-13.3285885,-5.621224,1.7697992,-4.059271,-5.905273,-12.051406,-1.6991237,-5.0654974,-3.919208,-4.4407444,-5.1583357,-6.5179396,-6.9643817,-4.8213186,-6.583636,-6.78743,-6.9335165,-3.6690273,-11.713446,-10.385846,-8.937779,-10.267417,-7.324503,-4.516962,-1.1172118,-1.4094093,-5.138329,-0.44381627,-4.8793764,-1.1652907,-2.0534787,-1.4444913,-5.85042,-4.293056,-5.314975,-13.004999,-8.729441,-7.3004613,-13.104414,-7.347261,1.8116386,-13.646947,-5.8280063,-2.7988527,-7.4179,-8.644608,-5.767345,-7.783729,-4.024597,2.0642827,-11.337023,-7.502304,-10.552676,0.2561792,-11.158063,-4.4964066,4.087602,-4.0333242,-2.5185664,2.0187173,-5.8384023,-5.478149,-3.8395505,6.429187,-0.074637845,-2.478125,-7.133226,-5.86431,-2.3993626,-2.1757348,-8.35597,-4.420857,-0.36045492,-12.909395,-2.5642464,-2.1441624,-6.9076486,-0.94193816,-5.0535846,5.9578185,-3.4321277,-13.986885,-4.6237307,4.303614,-1.8940983,-5.377396,-6.8571935,3.125129,-4.648346,0.3075603,-3.4363635,3.4448712,4.82965,0.4974458,0.5251218,2.5908043,-3.9147,2.9837282,-2.9634738,-4.6230307,-4.895219,6.5744658,12.881646,-3.3275855,-6.6892343,1.2978655,-8.6426735,-5.7970524,-10.162343,2.0113227,-1.9683679,-10.889599,-2.6971927,-3.087575,-6.6757107,8.405942,-9.798881,0.6285306
118,-0.070023604,1.5378689,-3.6348898,-0.5438242,-2.0908597,-2.7647126,-9.271695,-0.2910204,-0.08067622,-1.437485,1.8915414,-2.0646126,2.3468223,-5.536985,1.0675915,0.12651905,-7.6319036,-4.481798,10.043966,-3.3733888,-2.0140493,-5.2375665,-1.7769072,-4.3117495,-3.2068021,-1.7117904,3.2076592,-10.248758,4.7574024,11.17217,-0.92940354,4.7505608,1.4297673,-13.034853,-2.5872025,-1.3888679,0.75540614,-2.473203,0.79938006,1.557787,1.8174851,0.6225451,-0.9808366,0.08163557,2.3927305,-1.6805085,-0.7181616,0.90876985,0.40391895,-1.1646162,3.9983335,1.5957927,6.2263203,2.281468,-0.22285001,-0.8242716,0.8209262,1.4296598,0.8160561,0.90974236,-1.5228161,0.8922602,-3.8098876,0.6175582,0.14661053,-9.201907,-5.774062,-1.3031383,3.7320535,-1.9071959,1.2650056,-1.1578208,-4.9897923,-2.10027,-2.2724454,-0.11003874,-0.99886984,-0.27652898,4.05633,-6.6911707,-0.6694289,-6.619424,-4.1624427,-3.4313378,-4.736369,-0.97807926,0.7800464,3.5512664,-8.183988,-0.6331186,-2.26326,2.3934913,-2.2561693,0.77109087,0.4682966,2.3977695,-4.453521,-0.8363448,-8.377827,-6.6202474,-1.6521267,3.4649258,-7.4662776,1.1524267,-5.51682,-2.1952262,-6.7435474,4.975329,6.216066,9.231968,-2.5428119,7.522576,-4.401333,0.9908618,-0.76756686,0.6847468,-1.5282714,3.7356224,2.7700827,1.6841383,-0.41732165,-4.315853,2.5322893,-3.8389304,-2.4353278,5.778856,14.638326,-0.87622267,-3.2557678,1.804199,-0.12555474,1.3923997,-5.3538322,-0.5796539,-4.507749,-1.6883037,-5.0012093,-4.764849,-2.4980226,-1.1716596,-0.469063,2.6492426,-2.8070357,-5.5104704,0.14572096,0.40577772,0.90825635,2.3580232,0.43402305,2.3032196,-2.0152411,-3.1038165,-1.2947334,-1.6485064,8.117043,-1.2213908,-5.608823,-1.3015994,-5.204349,5.817567,1.3077611,-0.79354715,-3.7397618,-5.888388,6.50425,0.009943133,0.8544954,1.126767,-3.8442035,-7.964696,-2.1788607,-1.4047402,-10.643269,-3.3949635,-7.0083785,6.81215,-3.5784938,-9.377564,1.4431305,3.3857703,3.4209433,2.141643,0.63041,0.13243736,0.2992842,0.53981584,-0.5515576,-0.23075517,0.24366337,-1.883466,-5.832459,-6.8064423,3.3472898,-15.089567,0.7177755,0.9995883,-4.6339455,-6.110321,-12.119591,-0.106451035,-3.0952685,-2.6409187,0.12451369,-14.1386795,-4.5157804,-5.82595,0.7299204,-1.2587389,-2.5020356,7.298582,-0.92118144,1.8841474,-0.85823166,-13.163017,-2.8715005,-0.8639681,0.16791219,1.6162053,-2.4304771,-5.3403044,-3.7312598,-2.3220303,-1.7081139,-0.08077979,4.102096,1.6685987,-2.7002752,-3.2690105,1.8809333,0.3500718,0.97353476,-0.8759936,4.360832,-0.35750428,0.43087578,-4.430703,-2.9280956,6.069072,-5.169862,-6.233894,-1.3652127,-4.3697696,-9.645861,1.2284391,4.5843434,-3.591516,-4.4681883,-8.7010355,-1.0856805,-4.7237015,-4.76233,-5.535214,-5.528791,-5.0295234,-5.2353153,-5.7987843,-7.943576,-5.9003863,-6.37883,-2.2145674,-11.051375,-9.512693,-6.8487606,-8.455547,-6.5023017,-3.0742383,-2.2873917,0.30460957,-5.7219133,-1.3864187,-4.24447,-1.2317882,-2.3064365,-2.1927981,0.85956204,-3.5231853,-2.5258307,-7.9521275,-5.6957045,-4.316836,-3.906975,-2.2868097,7.6224465,-8.0545435,-5.101125,-1.5481993,-5.4175787,-4.233804,-2.4420724,-5.1214657,-1.4670964,0.75055873,-10.388455,-6.67351,-6.0360236,-0.7675946,-5.2800717,-8.384583,2.7340813,-2.9165595,-8.802781,0.21372464,-5.427676,-4.5208583,-4.760733,2.6734233,2.9162412,-3.0526986,-5.0521417,-4.5511837,-1.413728,-1.2679149,-7.326075,-4.2391186,0.31907573,-12.598049,-2.4495115,-0.96075517,-6.64897,-2.125202,-1.3270425,5.389157,-3.8652353,-6.325453,-0.93228704,1.93418,0.9329259,-4.604241,-3.624285,2.658835,-2.0828428,-0.01961579,0.23415008,1.0708251,6.1190915,-0.9225396,-1.5005343,-0.6127723,-5.683943,0.13202256,1.3171058,-2.8655398,-3.7202475,-1.2303716,9.620889,-4.06396,-4.130254,2.4864464,-6.371278,-6.5442023,-11.619003,-0.82638127,-0.6944396,-7.557093,-2.259572,-1.278787,-4.95483,4.518404,-6.70888,0.44326252
119,1.1572311,0.038148213,-4.3213196,-1.2613872,-2.9095733,-3.6056256,-12.352847,0.843005,0.9956488,-1.1936336,3.0420854,0.04506619,0.5306153,-4.2505426,5.8570795,-0.8265504,-6.7950053,-3.3250434,11.901796,-2.7517931,-3.9390063,-6.705881,-4.297596,3.4886858,-1.8183396,-1.6419065,5.181569,-7.7748704,8.446129,12.760032,2.4249442,6.9841037,-3.1890755,-6.3592296,-0.41719145,-1.4302545,5.211121,4.4808416,-1.3294986,5.254364,6.162878,0.6731786,2.280714,2.8654845,6.5841975,1.1184754,-0.5546698,0.28176162,1.8069395,-1.7120125,2.525382,0.30096823,6.3726044,3.588264,1.2608938,-0.7151453,4.794043,1.9645272,5.103357,6.820664,3.3393726,1.3852336,-0.15637949,2.9463155,3.866886,-7.912352,-2.604993,0.80984104,0.004389838,-2.8026073,0.97617155,-1.5255405,-1.5328366,1.0736957,0.5996104,0.35977936,-0.5341951,1.0277442,5.2134213,-2.8219447,-0.17310001,-5.449871,0.35106054,0.011024008,-0.61685264,1.0612214,1.8119714,3.8381104,-8.198463,-1.671734,-1.6517146,2.0896702,-0.97497475,0.41562012,1.7930838,7.016009,0.7993421,1.1680843,-1.4343432,-2.203107,3.601518,3.3009999,1.0684016,8.7176485,0.70933133,-0.8611361,-2.095196,6.7284203,5.950104,6.9106393,1.3573248,8.752428,0.5678808,4.0238743,2.4234571,-3.0727625,0.6845832,3.2892222,0.026291808,7.9191127,0.38946527,-2.7857122,0.68077505,2.8364422,-0.13010919,2.0279899,16.977583,0.8453074,-2.5813575,-0.78643197,-0.9035457,0.7414328,-1.7760817,-0.013059256,-1.2532215,-0.85521865,-2.5734477,-2.6115696,-3.1896822,-1.145247,1.664175,4.5016327,-0.9341333,0.38082373,2.4116256,-0.70106405,1.486882,5.6026297,2.3523953,4.312023,0.36126074,-2.8469653,0.30618486,-5.391133,10.694198,-2.4556193,-7.6626086,-2.4787445,-4.730569,-0.3279426,-0.5811879,4.0958376,-3.404779,-9.933882,2.1979043,-2.866181,4.1599436,1.3576212,-1.304818,-5.032475,-0.7346484,-0.99032277,-0.80791926,2.4115767,-3.3910854,4.5982943,-4.1716843,-5.0800257,2.5944605,4.00067,2.920592,-0.47436497,-1.5444056,-0.25810802,-0.63595617,-0.54941356,2.1662066,1.1452587,1.4289185,-2.241343,-4.695887,-5.961047,2.2118042,-1.1049563,5.1980844,-0.9229278,-5.631592,-3.5861096,-8.896246,-0.34602365,-2.718843,-4.2471952,-2.3923125,-2.8662376,-2.7341437,-5.1001315,1.8869032,-3.2167125,4.1759443,9.461631,-1.0531052,3.925907,0.26461238,-5.2919154,-0.6306,2.6398816,5.398894,1.8755771,-2.8303819,-0.5355812,3.8418283,-0.8257014,3.3858519,1.1210486,6.8232584,4.220355,0.4368406,0.94757354,3.1382713,4.3206196,1.5280355,-2.7316678,4.3019304,0.23278412,3.5828023,-3.5288098,4.3721824,7.1916633,2.1349447,0.891807,10.268393,-1.1027894,-2.8492002,8.301669,7.4847536,-1.6628354,-1.433131,-2.7545722,-0.69205296,-3.7431095,-4.302326,-5.0486636,-4.5061135,-3.5913718,-2.6093836,-5.4323225,-7.585942,-4.275158,-4.583991,-0.47361064,-5.397111,-6.4925103,-2.6083715,-4.152183,-4.4927287,-1.5624291,-3.349404,1.1635816,-6.020173,-3.3797817,-1.2473664,0.55447143,-2.3078706,-2.388022,7.801526,-1.7379072,1.498655,-0.8068742,-0.30206752,0.71667325,4.291263,4.309642,8.141555,0.7411591,-1.9168698,2.1345088,-1.378014,1.5949696,1.534052,3.1723602,0.22801742,1.327454,-3.519097,-1.2292489,2.4121387,-0.89968973,2.9638093,-7.765337,2.5137932,0.6812559,-9.884989,-0.5272819,-3.5077164,-1.9256359,-4.4616833,-1.6768072,4.3347325,-2.905654,-1.8201822,-1.5794067,0.2815708,-1.2687382,-3.7056177,-3.3229504,0.34844926,-9.231614,-1.0741007,1.5617236,-5.12429,-1.9984508,1.8434366,7.5879188,-1.4962189,2.5041254,3.3649275,-0.38198686,3.756483,-2.4823322,0.9986297,1.036884,1.3214349,0.32358694,2.7713807,-1.3925278,4.7874417,-1.6523446,-2.091596,-2.9811587,-4.9056664,-2.073572,6.8099275,2.248484,-2.4087093,-5.4120646,2.6819077,-2.6588774,-0.89335144,3.5127382,-2.239633,-6.1310606,-10.400284,-2.6144173,-0.20198919,-2.0086663,-1.4166269,-0.59929556,-1.1421397,-1.2650536,-1.635337,0.16165131
120,1.3556975,-2.9276385,-2.8691351,-2.135059,-2.7856321,-3.535214,-12.752168,1.5253748,1.854718,-0.088015065,4.158893,2.1506357,-1.2145424,-1.7970552,10.311433,-2.4173155,-4.925363,-2.255242,5.2749667,-1.9294577,-6.066682,-6.8233266,-6.4022098,7.679485,-1.8366686,-0.9328965,4.416909,-5.0246463,11.5630455,11.99771,5.31094,7.399891,-6.9872656,1.5646266,-0.15192421,-0.9419985,7.9428473,10.224947,-2.4886804,7.635722,6.8979473,1.2064897,3.0306726,5.1337237,10.662681,2.989978,-0.54254484,-0.9732268,2.6135314,-1.2037865,0.37422764,-1.4055879,5.4272656,3.2620208,1.3350508,-0.04857638,7.2241187,4.09385,8.284666,10.592413,7.1166177,-0.3827311,3.132173,5.207053,8.02047,-6.043554,0.59001803,2.758341,-4.1046295,-3.259422,-0.019102598,-2.039224,0.9877882,4.1431947,3.9937096,0.032751895,-0.60040385,2.6607726,3.2236807,3.4124868,-0.456695,-3.2789958,3.8986073,2.8002648,1.0831226,2.74998,0.3548475,4.5607944,-4.5987906,-2.3396702,-1.1150671,-1.0675579,-0.381701,-1.052442,3.872962,9.358638,5.530346,1.9394188,5.4648705,2.396287,6.7078524,2.531067,10.6717615,10.168935,4.287393,1.202746,2.035463,6.0483766,4.837992,4.0370517,4.581011,8.28289,3.9071004,6.5024242,7.1250596,-5.8013024,3.265824,2.2354932,1.2589009,11.672848,-0.046847224,-0.75229096,-0.8006704,5.923233,2.2819881,-2.7455294,9.481202,1.8994145,-0.8970293,-1.0592581,-1.0368654,-0.49084017,1.683705,-0.100786686,0.72116715,-0.25962186,0.32052785,-0.32781592,-3.1028516,-0.76313424,1.8995386,5.0317125,2.1578817,4.755729,5.3893285,-2.2669234,0.6140537,6.674686,3.2116187,4.5436864,2.9666266,-3.0057068,-1.3964186,-8.25365,7.8900776,-2.5030036,-8.807098,-2.663354,-2.938698,-6.847165,-1.2916281,6.4646997,-3.621655,-8.314031,-1.6504165,-3.961665,4.251976,2.9540458,2.6052136,-1.7629496,1.162337,0.5993186,6.1524115,6.699542,1.0157037,1.8858161,-4.005605,-1.1546557,2.4692926,3.5988135,0.68059915,-2.1128461,-1.6724906,-1.2364602,-1.7950855,-2.1731148,2.9787934,1.4127092,1.7308227,-2.0915272,-2.949786,-4.1256213,-0.09928524,11.784951,9.990972,-2.8543537,-4.297588,-1.7212156,-0.92830724,-1.5020514,-1.7808217,-3.5735624,-3.1070786,7.2535944,-0.1178206,-3.9154696,1.8784362,-3.7990124,6.9515176,8.483988,-1.6712961,3.9803421,2.5114121,3.1659176,1.2247765,6.097867,9.681667,1.2384405,-1.8575149,3.0787184,7.6676993,2.318398,6.586844,1.7261271,7.3757186,5.024663,3.1538413,4.5282235,4.9085574,7.2003155,0.7031527,-4.177834,1.948406,-0.13608971,4.4859185,-2.3906631,8.212799,8.282115,7.923993,6.815572,18.788298,-0.39300564,4.0060863,12.173808,9.548231,1.2512083,1.5851803,2.5182145,-1.0116798,-3.008796,-3.0901082,-4.1323276,-2.4334052,-2.328473,-0.73734516,-3.7380836,-6.1859684,-2.821037,-2.837833,1.3154553,1.5802884,-3.7574482,2.0559862,0.5389509,-2.08932,-0.82741135,-4.3414545,-0.07461141,-5.011485,-4.8620477,1.9673277,2.7410095,-2.542975,-2.1180599,10.371402,-0.085107476,5.3454247,4.5222416,3.9462764,3.9055495,7.139262,7.538943,1.9433506,7.0839515,2.3933706,5.560751,2.6550887,6.117017,3.592468,12.2895565,1.5560204,3.50579,5.3485274,5.8790364,9.104687,-0.6925105,9.300354,-5.7283278,2.9803903,2.1279979,-7.5880537,0.026302971,-1.0952393,0.6125167,-3.0428462,-4.636448,1.6676673,-1.7583054,0.73883015,0.94894195,0.9064886,-2.3238003,0.18031438,-2.272215,-0.66984856,-5.532178,0.556949,2.7793725,-3.7626307,-0.6379126,2.4131668,9.487872,1.9572331,8.9559555,6.0862336,-1.7555567,4.705474,-0.30892324,4.4826446,-0.55310875,3.5896235,0.4304788,0.15167522,-4.505422,-0.26746884,-2.3523462,-2.5892098,-4.3522015,-3.0403275,-3.6297882,10.569731,6.7330856,-2.3386996,-2.2688513,-3.00695,-0.90786,0.4680033,4.2429276,2.3314865,-4.750021,-7.296143,-2.2306054,-1.1146448,2.7565312,-0.58148646,-0.3503761,2.7171607,-3.2193997,3.274616,1.3688557
121,-0.53183824,-7.594305,-1.397507,-3.4047058,-2.8543587,-3.377728,-10.05139,0.9159284,1.8739351,1.4169285,5.4639535,3.5604143,-3.509813,2.4864872,12.988256,-5.3826265,-3.4755964,-2.3126824,-5.872597,-3.1356764,-6.6352305,-5.3711267,-8.558477,7.4851694,-2.6271212,-1.0617458,1.3535008,-2.696798,12.600608,11.5619335,4.4876547,5.722597,-9.358293,6.6507735,-2.3897672,-0.78627205,7.0098114,11.0779085,-2.4013188,7.309735,3.7659185,0.6633895,1.8020738,6.011139,10.551681,2.4713912,-0.8615337,-2.1700592,2.2415586,0.27146804,-1.7704949,-3.531873,4.170426,1.8213015,-0.09661381,0.98360926,6.955915,5.9166865,9.972287,11.234195,7.3591695,-2.954469,4.639846,4.7466593,9.809086,-5.0436277,1.9941185,3.4928212,-7.215943,-3.711531,-1.8142362,-3.280201,1.64291,5.386072,5.0086765,-1.9491365,-1.418511,5.082786,-2.378971,7.7612596,-3.7854664,-1.0334957,4.6084924,3.9982693,0.7934529,2.812121,-3.1203866,4.039834,0.5693483,-2.8291883,-0.2877744,-4.599991,-0.6097879,-3.6734927,5.5641584,9.200924,8.572515,1.0095705,9.266574,5.2909727,4.3669305,-0.56341463,15.313743,6.1984234,3.4267623,1.4161384,3.1763446,3.5919,4.049319,2.841736,5.390305,6.0133305,5.3450556,5.414189,7.7301016,-5.7700644,5.360943,-0.81999606,2.6363468,8.985083,-3.9283836,-0.6654224,-1.3564265,5.505162,2.2455716,-7.173934,-4.0806074,1.497459,0.78271526,1.3070982,-1.0934136,-2.2699916,3.3321855,-1.1113529,0.62356675,-0.14293334,2.0481138,-0.4901284,-2.7809317,-0.69389504,-1.4575912,2.9210541,3.7094042,6.2768874,8.670683,-3.6004155,-1.6251405,4.5145407,2.5065868,2.8599854,4.7036934,-4.5048237,-6.237381,-8.560165,0.04499352,-2.5053077,-9.771219,-2.547775,-2.0481672,-10.55668,-2.3267434,4.880959,-4.8048716,-2.7821715,-2.4622684,-4.2338195,1.8014066,3.5917861,5.163277,1.3538731,2.1445997,1.7191951,8.963181,7.179152,4.271536,-0.027474301,-2.8713906,-0.28022444,2.782326,2.143136,-3.1972082,-2.8528461,0.18981054,-3.531348,-3.579262,-3.673515,1.0896821,0.7357213,1.2660084,-1.7859563,-1.3086089,-1.7207961,-4.2801228,14.908733,12.200201,-4.342018,-1.9312025,-2.0989964,5.1325,-3.1056204,-1.1683867,-1.6316241,-3.0754318,10.403768,2.2138665,-2.2798924,0.41077766,-2.9932454,4.10364,5.2428193,-4.659257,1.3372543,2.6791847,8.152908,0.6669188,7.0445814,8.145694,-1.2219162,-0.8719477,3.4536324,6.340514,3.8493476,7.4449997,1.8124635,3.8197298,3.6370342,5.239721,6.680598,4.9526796,7.9724936,-1.211935,-5.7192645,-0.716021,-0.9214516,3.3091357,-1.4317087,7.0164804,8.756487,10.320625,10.283192,18.513496,-1.2619183,7.6590996,11.880362,9.077899,3.2710302,3.0966644,4.401106,-2.371642,-2.8221571,-2.4322357,-4.2375903,-0.17397651,-0.6604437,-0.24058227,-1.6280147,-4.8530846,-1.4276531,-1.2233882,3.0266924,5.964446,-2.8296826,5.2650967,3.398582,-0.3140011,-0.9844175,-5.497464,-3.4056468,-2.6018217,-4.896458,3.4036474,3.3397596,-3.1357892,-1.9007527,7.1520844,1.0332224,7.614277,5.6275077,4.365576,2.99695,4.439321,5.150639,-6.337072,7.5720053,5.568194,5.8605933,4.663908,7.13181,2.316778,16.115944,3.4168198,5.383265,10.646619,10.034628,9.5725355,-0.9563532,11.472032,-6.1603174,3.0925143,-1.3335142,-5.807692,0.8607807,0.67995024,1.8333302,-1.1843199,-5.3200846,-4.1648297,0.19353567,2.147574,1.8400717,-0.63508564,-3.820785,2.1953511,-1.6782136,-2.2609437,-3.5537179,1.1943495,1.0129764,-3.3077939,0.5326217,1.0483607,7.870585,4.2764683,11.567085,6.8411717,-1.7082049,3.0001917,0.8934281,5.484229,-0.45791295,3.6898203,-0.42201522,-6.920949,-8.077376,-7.3587856,-3.9289982,-4.12092,-5.1801767,-1.5331488,-4.8019257,9.924853,6.927564,-3.5542233,7.2647285,-3.6426966,-1.4045725,-0.099000126,4.2827053,5.6436324,-3.1333797,-4.0999713,-0.31619143,-3.2068763,4.9146852,-0.1322469,0.844353,4.517515,1.2425972,6.0749536,3.8763206
122,-3.5692844,-11.588964,-0.7971755,-4.8250747,-3.8769937,-3.4904547,-5.9168525,-0.9731541,0.9775264,2.2762778,6.6299787,3.584522,-5.9716754,6.9152007,12.706795,-8.530559,-3.224668,-3.4301796,-13.5818205,-6.3723145,-4.986759,-3.1614504,-10.32426,5.585023,-2.7974832,-2.708569,-1.9281816,-1.0268221,10.99016,11.167279,-1.1011572,2.2155929,-11.256012,7.1668663,-5.2041554,-1.7284638,3.178574,6.5626607,-1.8448803,4.5946555,-0.12912348,-1.4096788,0.71556515,5.5662093,5.7061343,0.6100931,-1.3419168,-2.1346939,1.1561263,2.4562314,-3.357604,-5.6842885,2.88274,0.38974765,-1.7749087,1.715552,4.898824,5.382253,10.313184,9.960875,3.6172364,-4.4579735,4.2750645,0.4944364,7.3533607,-4.9623137,0.98467463,2.233703,-9.354151,-4.795734,-4.583378,-4.816346,1.198378,4.3062196,2.4388099,-5.107387,-2.4972847,7.9899573,-8.860125,7.21905,-10.030994,0.5396389,2.7287726,3.7621956,0.676854,0.9669382,-7.5303307,0.5538458,4.4915085,-3.7773154,1.0276331,-6.11389,-0.9900621,-6.5141664,5.842551,7.4988275,9.321107,-0.9720321,8.868682,5.826206,-1.9068737,-5.18476,11.89218,0.65507954,-0.34801018,-0.25583887,1.6007274,1.532171,3.8719144,3.7324488,3.492582,2.7479596,5.602841,1.5282671,2.2854726,-3.5398433,6.7948885,-5.1493316,1.3611854,0.9067841,-9.742833,-2.9109464,-1.479199,4.743808,-0.72028047,-9.970677,-15.258277,0.0002660813,1.1982384,4.0462327,-1.6745683,-3.998075,2.8838131,-2.9195008,-0.59770703,-0.20386253,2.058173,-3.2830243,-2.4058309,-1.5272248,-6.3436427,-1.1821316,2.5300298,6.4615684,11.254367,-4.125915,-3.8958452,0.90404135,0.77853394,0.032447696,4.6051054,-6.3925004,-11.251714,-6.674874,-8.591934,-3.641625,-10.707934,-3.4065056,-2.7879624,-10.598129,-5.157319,1.232244,-6.007655,1.9607383,-0.3309412,-5.165953,-0.1995852,1.8212469,4.9614367,3.8959105,1.7103825,1.3462764,8.989364,4.8362627,5.623355,-0.8217963,-1.8299062,-2.6597779,3.9390292,0.09962086,-7.050775,-2.8223722,2.0584755,-6.484096,-5.5428886,-4.3942537,-2.2618778,-0.20453954,0.32656938,-1.4012856,0.07783003,0.66595536,-8.891854,7.0260386,10.317679,-4.8384356,-0.26876375,-4.2733393,4.375415,-4.407407,-1.4508393,-0.40379727,-4.023329,6.979421,3.2068236,-0.549081,-1.9733022,-1.9132924,-1.4416374,0.7406808,-9.636146,-3.0880709,-1.5540128,8.265931,-1.9595711,4.423411,1.6384025,-3.818016,-1.148865,1.1821634,2.213673,2.2253425,7.125875,2.0364418,-2.2082288,1.3858017,7.1172805,7.9593897,2.5907989,7.1228747,-3.2277591,-7.278535,-1.8737556,-1.1094824,1.2588853,-0.61257946,2.9760888,8.613773,9.907671,11.660387,9.633233,-2.274719,6.780715,8.888976,5.0380807,2.941397,2.5612628,2.441797,-4.9282465,-2.9214416,-3.4014308,-6.1502013,1.5478313,1.6945664,-0.4736757,-0.46527416,-4.2287602,0.5998016,1.0917141,4.4669995,6.289864,-3.1044009,6.0916867,3.838593,0.42496657,-1.4619735,-6.921421,-7.9580183,0.3482244,-4.1168585,2.8696568,1.5728623,-3.675985,-2.3386958,1.148518,2.2545395,7.355645,3.1361086,1.3127427,-0.639094,-0.1942096,-1.043702,-9.862818,3.4238963,5.9214063,2.553963,4.2994084,4.9952126,-1.335749,12.217693,5.948774,4.954712,9.184327,8.727223,4.0100365,-1.6794338,10.5853615,-9.522992,2.090121,-7.435134,-6.583146,1.0494735,1.211414,1.6703932,0.27111605,-4.2339325,-9.373803,2.1500502,2.977178,1.2791501,-3.7165022,-5.2678204,2.1289072,-1.688608,-3.4219022,-3.00104,0.5030489,-2.7773135,-3.4899023,-0.1974828,-0.13153633,2.6842823,4.4005094,11.3048115,7.0545406,-0.3116147,-0.18253271,1.183272,4.5747485,1.2910177,2.0136747,-2.242711,-13.5309305,-11.14727,-12.921714,-6.3236375,-6.217772,-5.933682,-0.8880647,-5.9429326,4.2137766,3.2103682,-4.9163027,16.95395,0.52931523,-4.4599586,-0.3619708,2.968238,7.5141,-2.2227619,-2.1591725,1.2932435,-4.8357105,4.99866,-0.13163045,3.0488415,3.8104267,9.433185,6.196089,5.6387353
123,-5.7158327,-12.146371,-0.3842094,-5.912582,-5.680118,-3.7610018,-2.875867,-3.1675196,-0.38547555,1.960469,7.026594,2.2028592,-7.6201305,8.058773,9.54383,-9.880622,-3.948953,-4.5597024,-12.933949,-9.589561,-2.1243916,-1.5044957,-10.91792,5.5186434,-1.6866492,-4.9505568,-3.1603835,-0.044286124,7.3789263,8.327224,-9.205726,-1.6791672,-13.00184,4.9481354,-5.876828,-3.6535192,-0.44013077,0.21411443,-1.715934,1.2880293,-1.097366,-3.8268497,1.3173361,4.6456175,-0.26174834,-0.29010817,-1.6287477,-0.27681464,0.2786358,4.831302,-4.235065,-7.1560035,1.5512279,-0.32584625,-2.3285763,1.5866681,3.3950572,2.3753173,9.782055,8.765558,-1.6451657,-3.56462,3.4120133,-5.917872,1.6151806,-4.080623,-1.0587865,-0.7119737,-11.047848,-6.326558,-7.8019385,-5.529385,1.4005537,2.1507869,-1.597192,-7.6522274,-2.9976585,10.302833,-12.246459,1.7916253,-15.36168,1.3637892,0.71337533,3.3222122,2.709886,-1.2287734,-11.215601,-5.3052816,5.83933,-5.173759,2.61745,-5.458885,-0.7667645,-7.884971,4.938885,5.5754914,8.151491,-2.6124113,5.648999,4.5609155,-6.9281583,-8.449562,3.0848074,-2.547757,-3.425825,-1.3843923,0.022257345,2.0289352,3.7835171,5.1881137,0.7638798,-0.037372123,5.224094,-0.7867797,-5.572279,-1.4250487,7.8862467,-8.340108,-1.4901266,-7.1934276,-13.289047,-5.251701,-1.9783716,6.521236,-4.46928,-10.097924,-17.36216,-1.3039562,0.0864451,4.4540777,-2.6983087,-4.894261,1.572561,-4.8690205,-1.3970206,0.021810679,1.2530282,-6.4503255,-1.7806623,-3.0591702,-8.801496,-5.3053894,-0.036748808,7.862054,12.23778,-4.165704,-4.6816287,-1.0915942,-0.76680833,-2.5911853,2.7270658,-7.0420427,-13.200642,-4.925222,-13.329577,-5.944577,-11.030303,-6.165454,-4.3102865,-9.006168,-9.331662,-0.68046844,-6.0120254,2.8146763,2.1141226,-6.1273074,1.0402293,-1.6170115,3.4096723,5.7664213,0.70914525,0.040553004,7.8661475,2.8681505,5.5595202,-1.1252606,-2.0368996,-5.6976037,4.9433794,-1.3071132,-8.902139,-2.1665435,1.7253579,-8.629646,-6.7236843,-4.339405,-4.685867,-0.7329847,-0.7004367,-0.71517074,1.500673,2.2698772,-11.435963,-4.981144,5.4948797,-4.4166603,-0.1322556,-6.233747,-1.9344954,-4.905455,-2.5662959,-1.0324656,-6.326857,2.3696694,2.671023,0.4389657,-3.769686,-1.7879401,-5.0147524,-4.257408,-14.269045,-6.8529735,-8.810495,5.8685794,-4.2716312,-0.13886686,-4.1838474,-3.6102388,-2.6599498,-1.4358786,-1.1054239,-1.1291602,7.1253552,2.7007165,-6.434775,-0.11969607,9.30517,8.996502,-0.66255295,5.985746,-4.305238,-7.9719353,-1.4570566,-0.26045123,-0.519461,0.5272408,0.18364365,8.669496,8.664856,11.713409,-1.9852183,-2.858803,3.0312383,5.2281265,-1.5767454,0.9462589,0.64348537,-1.4355631,-8.320644,-3.0203779,-5.818547,-9.382549,2.5895247,4.1142397,-0.3857924,-1.0511987,-4.101808,3.4848523,4.404652,5.455501,4.18179,-2.6485488,5.07867,3.2300158,0.72620684,-1.412036,-8.226224,-12.507727,2.7301953,-3.7473347,1.8186932,-1.400666,-3.5485175,-3.4406102,-2.732248,4.2080684,4.6516376,-0.20348278,-2.08859,-3.3731654,-2.43776,-6.999603,-5.87447,-1.1427289,3.623041,-1.964159,3.11824,2.4744604,-4.6471033,3.6431193,8.240612,1.7537454,2.521996,3.6333072,-3.128565,-1.8777726,9.525054,-12.237082,0.033155628,-10.593517,-8.562603,0.7297287,0.70697564,0.90527225,0.91164696,-2.6162517,-10.518239,3.2091172,3.6363506,0.19681567,-6.3865666,-6.5415196,1.5331479,-1.8198185,-3.4291143,-2.0407581,-0.6154535,-5.7124124,-3.5943983,-3.2081943,-0.16795044,-2.9817007,2.8606524,10.300006,8.26533,1.7498367,-2.5585375,1.4820744,3.3484921,2.5360553,-0.26513067,-4.39396,-14.988314,-12.71815,-13.874399,-8.366317,-7.2573495,-6.6686897,-0.8342243,-7.2303843,-4.28792,-0.32916206,-5.1498094,18.958176,5.750239,-7.109197,1.5025429,0.04222169,9.299681,-2.451313,-1.384755,1.125917,-3.7437594,4.855662,-0.31516078,4.608955,2.0526779,15.763095,4.756771,4.7200165
124,-5.739231,-8.979869,0.50013834,-6.33992,-7.279951,-4.0043306,-2.2267764,-4.4066834,-1.6038942,1.0843817,6.3208976,0.29688385,-8.046195,3.8644938,5.261167,-8.723912,-4.827669,-4.531591,-6.2506547,-10.677461,0.10880857,-1.229085,-10.234225,8.442974,-0.034197394,-6.102683,-1.5562353,0.22680324,3.2644606,2.0180743,-15.458695,-3.530294,-13.136707,3.1535933,-3.642037,-5.4689665,-0.99532574,-2.8364885,-2.1306212,-0.86542463,1.7181997,-4.9408617,3.0737119,4.0701013,-2.8515356,0.88874614,-1.5612209,2.6333654,0.050601874,6.569252,-4.588044,-7.3023524,0.3242198,-0.49341938,-1.5282074,0.69309294,4.054965,-1.0169768,8.779301,8.315879,-4.5130844,-0.24503116,3.7369182,-11.126447,-3.9895198,-0.59436363,-1.7180171,-3.7636433,-11.97127,-7.1732244,-10.009847,-4.7414746,3.2358425,0.8222579,-3.2468684,-7.8318644,-2.4760604,10.800991,-10.463025,-5.530236,-14.88933,1.9022179,1.2456447,4.0006137,6.9719973,-1.4336897,-12.216291,-10.325988,5.4179535,-5.8826356,3.9321728,-4.305822,0.16644882,-6.395573,4.0450654,4.206014,6.414079,-2.7629888,2.340894,2.5873158,-6.4827504,-8.074471,-4.543084,-1.9857854,-3.0201685,0.10978759,0.9695356,5.1742525,3.1892724,5.369394,-0.06854583,-1.0255193,4.1417933,1.8032773,-10.219376,-1.2952782,8.719992,-8.348917,-2.6971822,-10.220141,-11.508187,-4.976693,-2.8580244,10.479727,-6.0611587,-7.3975744,-10.509421,-1.1563994,-1.4427246,1.987083,-3.3981717,-4.5960684,0.96940273,-5.9717436,-0.9545043,0.6648041,1.0244503,-7.4889956,-0.79695493,-4.3560176,-6.8690944,-7.6834593,-1.5158982,11.108317,11.527138,-4.6502223,-3.6397893,-0.057000447,-1.1948804,-3.8381188,0.36368197,-5.885571,-11.009752,-5.3566484,-12.892217,-8.088618,-10.132764,-10.538548,-5.480305,-8.497057,-12.453606,1.3019301,-4.647734,0.69440424,2.2132785,-4.6613703,5.330991,-4.5864987,3.1656296,7.326634,0.45468363,-0.82893497,5.9411387,3.6564076,4.910025,-1.4863731,-3.355992,-6.0907426,4.9382668,-0.7779566,-8.049773,-1.4828821,-1.2897419,-9.010531,-6.501372,-4.103869,-4.4531903,-0.5732999,-1.3347102,0.42097813,3.0030496,2.637222,-10.666131,-11.96484,0.7597781,-4.061106,-1.0744056,-6.144067,-7.6180716,-4.516745,-3.8480978,-2.774893,-8.396124,1.6341126,1.446044,0.05863201,-3.5616698,-2.8458061,-4.334315,-8.797803,-16.14852,-7.2795916,-14.625848,4.6534996,-4.21087,-3.4421966,-4.4426084,0.4353719,-4.118218,-2.4775326,-1.7501714,-3.3824024,7.8976297,3.224312,-5.623105,-0.4397591,11.727713,9.467424,-2.6074688,5.47868,-3.9761066,-6.923605,-0.8391133,1.0392587,-1.5825131,2.3220825,1.1100909,9.691453,8.032493,10.615606,-9.3280945,-3.1014519,-0.12187449,1.9019324,-7.836174,-0.25253344,-1.2286289,-4.395145,-11.36667,-3.1592972,-8.133139,-12.263121,3.2466972,5.5004206,0.37925464,-2.8493686,-3.7960157,6.41626,7.566756,6.0127883,2.6174057,-0.2489748,3.753715,3.5041976,1.6143388,-0.20239553,-8.575825,-15.652407,3.9179401,-3.847821,1.7200665,-3.402005,-2.4395752,-4.3237724,-1.7202032,6.3420925,0.89071214,-1.9054543,-2.6329355,-2.6980913,-0.536432,-9.605025,1.9380927,-2.7239962,0.5406949,-4.4666114,3.0660558,2.329485,-5.1919956,-3.8144681,9.111082,-2.6428719,-4.32506,-0.8440149,-6.952688,-0.685195,10.03918,-10.209356,-2.1998284,-7.0421906,-8.936145,0.69273406,0.030200753,0.29502624,1.0091074,-1.5442638,-7.416532,3.0911458,3.7150548,-0.6115328,-6.9055967,-7.412642,1.9590534,-1.333084,-2.4162319,0.46671295,-0.8748129,-5.4351535,-3.1891491,-6.9312334,-0.2727969,-6.0005274,0.94168556,10.179976,10.407447,3.336355,-2.6506858,2.5473802,2.8990865,0.945268,-2.2145088,-6.122751,-10.784852,-12.498466,-9.652861,-8.885367,-6.2277513,-7.0540986,-0.9681861,-8.4350605,-11.37822,0.05731405,-3.7796512,9.76931,8.061006,-5.688616,4.7038546,-3.6238291,12.024653,-3.2632692,-0.61564356,-0.73668945,1.0503448,5.6486473,-0.31810603,3.8636248,1.1673446,16.257437,3.7438138,1.3374208
125,-4.1688576,-4.742415,1.2296773,-6.006749,-7.4887266,-4.0707297,-3.0282977,-4.0733113,-2.2579744,0.8437984,4.833555,-0.9450014,-7.8497076,-3.5362089,2.3833268,-6.325318,-5.015397,-2.8895202,-0.4845397,-9.201808,0.51165116,-2.0365095,-8.949122,12.250231,0.83073866,-5.4068785,1.5684276,-0.16334045,0.048666317,-5.1348867,-16.247679,-1.5611801,-9.9606695,2.8493571,-0.62629664,-5.857229,1.6436628,0.17815667,-2.4410205,-1.4791349,5.6202154,-4.2271347,3.9904618,3.942797,-0.68043524,2.9461937,-1.3520244,4.794528,0.13890433,6.841197,-4.6771684,-6.066412,-0.42752954,-0.6850769,-0.344288,-0.2591384,6.154012,-2.370197,7.2814097,7.3883677,-2.5479517,4.0390434,5.754554,-12.330114,-6.0172048,5.2391963,0.35707024,-4.97361,-10.908696,-6.336802,-9.721808,-2.9353356,5.812216,1.180946,-0.47684503,-5.421782,-1.3093973,8.953666,-4.9041157,-10.488813,-7.2295756,2.6203017,4.798315,6.058265,11.521271,1.2708198,-9.314001,-11.057919,4.914869,-4.518451,4.413368,-3.8391762,1.2263011,-2.199902,3.8959637,3.3070865,5.6765766,-1.3769574,1.1567811,0.8698264,-1.0546325,-4.5735893,-5.656817,1.1135451,0.65399355,3.567145,4.3368125,8.4430275,2.0165608,3.8918881,2.1675997,-0.039550815,2.2330868,7.430726,-9.401023,-2.8717093,8.732769,-5.1813965,-0.7734545,-7.601473,-5.367339,-1.6174831,-3.03588,13.322378,-4.274129,-3.1577415,-0.8850844,0.70835656,-1.8802018,-1.1171309,-3.0279973,-3.432503,1.6286601,-5.4871473,0.44816554,1.3940436,1.9381425,-5.8214073,0.22427602,-4.526078,-2.5588984,-7.7396536,-0.6397427,13.94073,9.814616,-5.9810615,-1.9322739,2.4342449,-0.46827424,-3.4553428,-0.8138681,-3.8287084,-6.1452184,-7.4583006,-10.012008,-8.371319,-8.092739,-14.752296,-5.858904,-9.665565,-12.196449,5.4494524,-2.915701,-1.2666471,-0.13160157,0.407546,9.236659,-5.53996,5.192083,9.022741,1.4354852,-0.66782045,2.9524224,6.446896,4.1018486,-1.5622798,-4.3110604,-2.5797296,4.4653845,1.8586099,-5.4941244,-1.8246466,-5.2734113,-7.8518586,-5.104443,-4.1218514,-1.765216,0.1087153,-1.1636536,1.7754235,3.9678175,2.0894666,-7.700153,-9.64827,-1.2958307,-4.857678,-2.151851,-3.7309983,-7.3835206,-3.3921602,-4.3336544,-3.7292213,-8.1977625,5.1818376,0.6764181,-1.3108354,-1.4856361,-4.144797,-1.0863522,-11.538631,-14.406246,-3.3591514,-15.157335,5.8719316,-2.0857267,-3.2981956,0.43741333,5.785141,-4.215352,-1.6710386,-0.46610957,-2.9964375,8.5515995,2.7250721,-0.5657246,-0.1902577,13.425841,8.449597,-2.3518984,5.362525,-2.5587182,-4.3465815,-1.136088,1.7451513,-2.039546,4.3452835,4.67823,11.2038145,7.882352,8.126743,-9.180865,-2.6853404,-0.12559399,-0.94658124,-10.598915,1.2943004,-1.7582554,-4.578773,-12.411791,-3.466005,-8.463666,-12.738463,3.779323,5.300115,1.2010998,-4.2101316,-2.835225,8.059104,8.720203,6.288371,3.3274302,3.2669625,3.4100025,5.3260965,3.466714,2.201676,-7.245579,-15.979069,4.032453,-2.9116871,2.6870487,-2.9631402,-0.57183504,-3.7827845,2.8180654,7.076614,-1.8281467,-1.4575914,0.1961555,0.6261859,3.7897575,-8.477988,7.331255,-1.1687549,-1.28487,-3.5246072,4.580487,4.859212,-2.623591,-6.1449246,8.105519,-5.629757,-6.8018737,-1.2154313,-5.925696,1.4308747,11.226062,-2.9774232,-3.356144,1.4472762,-6.5353417,1.2107048,0.19873758,0.07056733,1.1993635,-1.4471651,-3.0230217,2.3478856,2.5495806,-0.86370313,-5.051698,-7.22567,3.434941,0.05579612,-1.1824603,3.7238848,0.18734777,-2.0225577,-2.3256385,-8.984075,-2.1499193,-5.9899035,-0.38469812,11.138052,11.7158375,3.389844,-1.0029945,4.1208515,3.072035,-3.5370643,-3.5987577,-7.062163,-4.451052,-10.997332,-2.5289876,-7.8331413,-3.8761284,-6.726584,-1.0618168,-8.989998,-13.5851145,4.124863,-1.2749076,-6.383352,6.407456,0.3208281,6.5414534,-6.195971,14.746688,-3.3971055,1.0797944,-2.8425722,7.8596926,6.982756,0.0765861,1.1261978,1.8237619,11.134559,4.5984507,-2.0837507
126,-2.4616776,-2.5613198,0.60242355,-4.8396845,-5.6314025,-3.623928,-3.0693698,-2.615466,-2.2485752,1.7799177,3.2879293,-0.98723847,-7.8526416,-8.553901,2.33638,-4.534782,-3.9721742,-0.10619867,-0.55139303,-6.371399,-0.57821643,-2.7252228,-7.5980215,13.790281,0.39901677,-3.7554648,3.7962372,-0.90745646,-1.8602561,-8.841821,-11.230429,3.4053786,-4.1078634,2.0403824,0.1346154,-4.256358,4.937697,7.3445787,-2.0499768,-1.3942071,6.9945774,-2.62037,2.7027194,3.703234,3.5322776,3.6651218,-1.3408833,4.7095532,-0.0037432057,5.341785,-4.6215615,-4.2251425,-0.52819633,-1.0731021,0.13567817,-0.58345854,7.2750344,-1.1770333,4.9404125,4.47676,3.264542,7.035732,8.309843,-9.067963,-3.4039598,10.805348,4.1404233,-3.4511356,-7.201485,-4.06679,-6.728655,-1.267828,7.08843,2.4134703,4.839166,-1.8832148,-0.33700752,5.362196,0.8789523,-10.038283,3.533879,3.6007948,9.025517,8.434948,13.914421,5.236886,-3.2304459,-6.821312,5.234124,-0.9204114,3.8786638,-3.3184156,1.7679726,2.7048473,3.8927934,2.388916,6.5865703,0.49880996,2.495628,-0.0109395785,4.8516846,-0.8042368,0.0073621273,4.665418,4.6952047,6.2374153,7.4770885,8.604337,0.68426776,2.0266318,5.877207,1.681014,-0.0037302244,10.248131,-5.9439974,-4.155901,7.1530447,-0.7004858,2.3425949,-3.281738,0.86613935,2.5177279,-1.3482559,12.032806,-0.4797788,0.27822945,4.957026,3.323371,-0.69761807,-1.7936903,-1.5549322,-2.1334035,2.8055334,-3.4817219,2.0274417,1.7417148,3.3366985,-2.9318728,0.7533693,-3.4137118,0.09970638,-5.929206,1.5940679,13.377133,7.823696,-7.3144217,-1.1207596,3.502977,0.75582844,-2.2354777,-0.062260162,-2.1406312,-1.1118141,-8.325199,-8.257802,-6.0860157,-5.577542,-16.30679,-5.4875984,-10.459852,-8.476003,7.628483,-1.8058834,-1.3656267,-2.2909553,6.640776,8.944759,-4.6750793,7.677522,10.737473,2.96033,-0.25789362,-0.28673136,7.960609,3.220417,-0.4814265,-3.4581025,2.9986541,4.9403944,5.178025,-2.9229834,-3.7990048,-7.7390003,-6.0532365,-3.3129897,-4.0720387,1.5660136,0.93150145,-0.16274138,2.835697,3.5651708,1.4974054,-4.829922,-1.0365552,-0.44386178,-6.723646,-2.8730853,-0.18071811,-1.6693113,-1.721198,-3.2884288,-2.6144946,-5.4098988,9.226773,0.83220786,-2.3509002,0.54023856,-4.4746604,1.2202138,-11.443284,-9.906456,3.0780337,-10.45498,7.0903163,-0.23110344,-0.23709334,5.653235,8.152654,-2.8408992,0.0044769673,0.9271704,-0.9581411,7.790197,1.1378758,4.5297256,0.21318577,13.022753,5.669295,-0.82837164,4.6179957,-0.8910978,-1.6902696,-2.0367699,1.3539535,-2.0591516,5.3921213,7.62076,11.315313,7.179746,4.531177,-3.5177548,-0.59045947,2.6542609,-2.815818,-8.576815,5.024331,-0.5929434,-2.0941875,-10.335579,-3.654988,-6.043125,-9.528441,4.149529,4.0969143,1.2779876,-3.5434737,-1.219446,7.650808,7.0029855,6.2084775,5.4736395,5.72037,4.0594606,7.5110426,5.5331564,5.1194153,-4.2580943,-12.690893,3.767874,0.5255866,3.6169844,-0.39867663,1.4565439,-1.3441036,6.9784455,5.30602,-2.054065,-0.073760465,3.8541834,3.6127806,7.2464795,-5.3480105,7.5238442,1.225041,-1.1360683,-0.36369446,6.1330185,7.786908,1.3193521,-3.5069222,5.788447,-5.353312,-4.0728927,2.48687,-2.3762772,2.7288172,10.696077,5.5400286,-2.5644073,8.816624,-2.9910145,1.5584944,1.781493,0.09585,1.8755995,-2.119453,-0.49020663,1.8018278,0.26971132,-0.64644027,-2.0595942,-5.3809037,4.6546173,1.7986436,-0.39022025,5.902431,1.8068208,2.257795,-1.2283373,-8.116274,-5.583633,-5.045975,-0.83036274,12.065062,10.289129,1.6410657,0.45561126,5.076962,2.988388,-8.2750225,-4.5285754,-7.3222933,0.051427584,-8.996654,3.8394332,-6.162651,-1.9890666,-5.622321,-0.9346041,-8.429817,-10.576515,8.015749,1.4634831,-19.952665,3.0055437,7.1432953,5.2840366,-6.102912,15.19555,-1.7965378,3.4543123,-3.6898842,12.906842,7.81212,0.84125036,-1.322691,3.054705,3.574056,7.2154984,-2.9095964
127,-1.4748256,-3.1690893,-1.4294243,-2.7665536,-2.034972,-2.176101,-0.83697695,-1.1322225,-1.7487322,3.143569,2.1960382,-0.35253614,-8.108019,-6.535062,4.138252,-3.8942602,-1.637534,2.8009076,-5.173046,-3.6397233,-1.6773316,-2.1245735,-5.8517365,11.944419,-0.49376583,-2.6052835,3.519772,-1.4478245,-3.1324108,-7.367465,-3.5990868,7.7840004,1.0277767,-1.7490848,-2.2684038,-1.2439508,6.173447,13.39997,-1.0986029,-1.4348636,4.6669884,-1.362468,-0.07381552,2.8168974,5.7366233,2.158143,-1.5744444,2.466591,-0.45167476,2.5529418,-4.374101,-2.979764,-0.3628406,-1.2017865,-0.24737224,-0.21662973,5.644675,0.65704423,1.6782545,-0.1396799,9.313415,7.115308,9.582516,-3.1995564,2.048979,13.237055,7.0651093,-0.091007434,-2.026823,-1.7073148,-2.4217641,-0.3742753,5.8686113,3.0730388,8.47079,1.0027462,-0.030004302,1.4917679,4.0552,-4.210269,10.8034115,4.6024055,10.713555,9.657674,13.067959,7.551536,3.3498282,-0.51391727,5.999371,3.318944,2.720366,-1.2171814,1.7019597,5.6708355,2.8622055,1.2508134,8.275904,1.6265209,4.9930677,0.1559086,6.9640174,0.58398443,8.25079,7.4388576,5.9204392,6.2308545,7.721383,4.6539946,-0.33218467,1.1440629,8.010403,2.3733807,-1.55049,6.3578825,-4.359589,-3.4723969,3.9076793,3.0410752,3.3191404,-1.640013,3.0851479,4.5010695,2.0571048,6.849517,2.7965305,0.94964665,5.4266315,5.1462264,1.2792299,1.0913371,0.31575847,-1.2690643,3.3792572,-0.859575,3.2302186,1.503119,4.1474123,-0.6547741,0.61348474,-1.5792998,-1.0149953,-3.0769882,3.0094166,8.866983,5.624038,-7.1857996,-1.6558142,1.9896693,1.8223741,-1.3340088,1.8148725,-1.276687,2.250009,-5.4386163,-8.347727,-2.1620824,-3.1473496,-13.622049,-4.202725,-8.498838,-3.6947882,5.2576084,-1.137195,-0.8350676,-1.451382,9.482628,3.8128488,-3.2559664,8.028638,11.588599,4.014286,-0.71832323,-1.5379535,5.5473385,2.4807985,1.9556385,-0.7666919,7.228919,6.8936086,7.14126,-1.376651,-6.5521984,-7.451117,-4.2285757,-1.7396,-3.153263,3.7136755,1.5573914,1.1476747,3.1837964,1.6820061,1.4493123,-3.380561,7.2669477,1.2121569,-8.126252,-3.3630786,3.0834725,4.040883,0.2426213,-0.7585686,0.10594969,-1.9499671,10.048458,1.4093308,-1.8325666,0.44977182,-3.4410982,0.7381013,-8.810881,-4.3834186,8.080582,-4.1301765,4.9007754,-0.6346239,3.1630552,7.083981,5.2872143,-1.1313057,1.5702308,1.4964163,0.47732747,5.1698914,-0.42341557,5.7486615,1.1953901,9.732852,2.1271038,0.42651862,2.4852734,0.20630087,-0.51317936,-2.3838353,0.34879658,-1.6390775,4.3303633,7.603174,8.112859,5.4597354,1.0891033,3.2150102,3.8135328,5.4524274,-2.4771686,-3.1166515,8.204084,1.489483,1.4138039,-5.435629,-2.9568534,-1.8882416,-3.014422,4.1783795,3.1677425,0.66315526,-0.5318683,0.8230983,5.632034,3.479814,5.309179,6.6328216,5.6105666,4.458689,8.16051,6.590865,7.4268537,-0.47972408,-6.4165316,4.005686,5.9335566,3.4437044,2.578708,2.9871569,2.1640902,7.763508,1.7234174,-0.10730315,0.8821361,5.0717764,4.0443406,7.7763824,-2.2161448,5.1095896,2.3970568,0.23543972,2.5724251,5.6725025,8.553446,4.4718237,0.9910418,3.2176104,-1.9741938,0.97475064,7.1842957,0.31508425,1.67488,7.1090426,10.307055,-0.13516843,9.828635,-1.0480766,0.8117202,4.4924126,0.24232878,2.8227177,-2.9456978,-0.36952478,1.7626163,-1.9232349,-0.19386344,0.6164124,-2.1790729,4.511523,2.9032497,0.07202228,6.0227594,2.7491438,4.89566,-0.0048501133,-5.1666,-8.104183,-5.1591654,-0.5002571,11.400502,5.8044205,-1.0875878,0.26277733,4.4452934,2.0963438,-10.10894,-4.918886,-7.208293,1.5481824,-6.9686213,6.5408564,-4.6174083,-1.5985987,-4.009612,-0.37265146,-6.8297186,-5.314825,8.123028,3.6582305,-22.79684,1.0035574,9.769873,2.1169953,-3.3634071,12.225939,1.5595611,5.349313,-2.96844,12.75511,7.7895155,1.7563878,-1.4341123,3.4429915,-3.4491448,10.064016,-0.42590886
128,-0.91518736,-4.4927006,-3.3017087,-0.03602088,1.9829288,0.33094954,3.3212152,-0.49058998,-1.1000241,3.5719213,1.4827724,-0.04476357,-7.9200044,1.8488377,4.9279046,-3.3392615,1.3764704,4.8174233,-8.958726,-1.5503867,-1.445374,0.002689407,-3.0089087,8.548835,-0.56008726,-2.256859,1.2116008,-1.2783109,-4.675479,-3.5161397,2.1222212,7.6325927,2.0662951,-8.063884,-5.5764318,1.936321,4.933574,13.723284,-0.30459073,-1.4479584,0.7768492,-0.7209203,-2.1690507,1.3722228,4.2400007,-0.19538485,-1.6979208,-0.19850536,-0.78520584,-0.531044,-3.8506477,-3.048683,-0.6654172,-0.5880284,-0.7430971,0.29682875,1.8737394,0.5827484,-1.7805674,-4.162496,12.257839,4.480431,8.642879,2.6001716,7.236758,11.969797,7.282482,3.10038,2.0894256,-0.3671054,1.292946,0.24163151,3.09033,2.6598072,7.6393003,2.6418052,-0.037719104,-1.1552145,4.342229,3.8298075,10.831437,5.3412604,8.579197,9.069606,9.92133,6.6965046,7.4215145,3.6448953,6.3700786,5.9780765,1.7297194,2.3795528,1.5074872,5.3061323,0.6350101,0.22904125,8.939708,1.5940052,6.6670113,1.200072,4.8751616,-0.7275975,14.398027,9.168338,3.2796128,4.534798,4.8455606,-0.9748555,-0.8012462,1.0560552,6.804378,1.2239643,-1.6835563,-1.5780172,-6.0978713,-1.0431337,0.045281928,5.2222967,0.69166875,-3.3716102,0.35383114,3.4177434,5.3825536,1.1477622,4.090096,-1.291127,4.0988665,5.119134,2.8638303,5.6640434,1.7348673,-0.931772,2.9499462,1.2192645,3.9023309,0.8098433,3.976139,0.44114846,0.24662575,0.28478056,-4.1773863,-0.07239388,2.2888715,3.161704,2.7785091,-4.963803,-2.4778485,-0.3111947,2.5020113,-1.3424155,3.1039207,-0.91962874,3.4146888,0.5006201,-7.699044,1.4309745,-0.81592816,-7.4916806,-1.6800885,-3.802233,-0.7836591,-0.12326288,0.24937996,-1.8481822,2.511695,6.5191655,-2.7595985,-2.0593457,5.7490635,10.584722,4.301925,-2.0398595,1.086262,-0.005445272,2.3097959,4.555987,2.3482575,7.874864,8.962123,6.778501,-0.8145507,-7.9699106,-5.2676945,-2.3505542,-0.42979744,-1.001357,4.2774973,1.8198296,1.9942061,2.7432017,-0.6652494,1.6686777,-2.8464572,10.813433,1.0632946,-7.391844,-3.7694588,5.3985996,4.6615257,2.078501,2.2331798,2.7534454,-0.21082258,7.6177382,1.5709239,0.29836887,-1.8856249,-1.723617,-1.3278761,-5.440372,0.4211468,8.049907,0.14340626,-1.1519202,-2.9414718,4.570099,5.1207237,-0.869505,-0.35700598,2.7615583,1.5921319,0.09896204,1.530754,-0.6276709,2.7674434,3.130849,4.1775274,-0.67563087,0.7242105,-0.81680006,0.39534774,-1.0786856,-1.7268361,-0.31081197,-0.77305096,1.1911205,5.0183024,1.5999314,3.5137205,-0.71128076,7.9162188,9.443489,5.693939,0.7365677,2.8485503,8.36443,3.1799667,4.0757747,0.635877,-0.7504041,1.8874176,4.713209,3.8162224,3.3769324,0.39755157,3.6008654,3.1466746,3.2381344,0.33360726,3.1460662,5.158694,3.5214257,3.2837656,6.4082193,6.0968866,8.163499,2.9653811,0.7085718,5.3219595,10.7282505,2.0963044,4.222945,3.5073805,5.121513,5.1819477,-1.5105647,2.1160705,1.108062,2.7311919,2.3822882,5.8389955,-0.15774168,4.2197704,2.2261705,1.7202828,3.7249393,2.5900362,6.6918755,5.942299,4.2683315,1.2302802,2.4607663,4.6431603,9.49812,0.8630112,-1.5263276,1.591825,9.282928,2.190353,4.3761263,-1.9044614,-1.0120512,7.232273,0.4741174,3.387491,-3.1189055,-0.62862533,1.816903,-2.6457622,0.1630271,2.430121,1.0197093,3.2770667,2.780486,0.8954031,4.755842,2.4436915,4.9081435,1.2708248,-2.1474798,-7.270646,-6.348442,0.39918357,8.190972,-0.13746062,-3.3786533,-1.3033743,2.3437147,0.6606531,-8.081868,-4.463539,-6.9019375,1.5783099,-4.93866,4.929121,-2.8640518,-2.0664964,-2.2290683,0.6451817,-4.733984,-1.7087821,4.420264,4.8513784,-13.839955,1.7528607,6.505085,0.021068309,0.24743058,7.4465847,5.55328,5.808885,-1.65138,6.8148413,7.408603,2.5226235,0.4234681,2.5714948,-8.901845,11.292051,3.824788
129,-0.15182239,-3.9529614,-3.4293606,2.5468836,4.7498083,2.994472,7.7014747,-0.69923544,-0.66398907,2.459173,0.69468045,-0.54443556,-6.783583,10.504542,2.1402848,-1.7494113,3.8004563,5.309833,-8.091951,0.16269414,0.23780242,2.8061209,0.8017012,6.3867598,0.58747375,-1.4940158,-1.041887,-0.32379583,-6.6577573,-2.1540124,3.1045206,1.913722,-0.9577707,-13.045539,-6.4402742,4.2133923,3.1636252,7.774259,-0.17386973,-0.571589,-1.4224625,0.011875913,-2.004531,-0.0088864695,0.8229751,-1.1892964,-1.3307495,-1.2521697,-0.68854874,-2.965071,-3.0604904,-3.9914758,-1.8218405,0.53651804,-0.6177443,0.41328034,-1.590953,-2.1944335,-4.1147265,-5.2678924,11.472933,1.1227669,6.1467633,6.4176526,9.8651905,9.1974325,5.1846285,4.54081,3.2591279,0.12548698,3.4367766,1.536897,1.0210314,2.0580168,3.4348078,3.728614,0.37110475,-1.8902179,3.400533,9.757156,5.4992876,5.621325,4.31636,7.231289,6.4512987,3.9525127,7.758359,3.4685876,6.007191,6.0294046,1.5790616,5.0662465,1.7080532,2.508607,-1.436648,-0.2023982,7.236331,1.0372089,6.262245,2.517093,1.7227975,-2.8879998,16.6909,9.505582,-1.5789286,3.8721464,1.1337373,-4.291514,-0.6723242,0.12879904,3.3846123,-0.87271106,-0.6114639,-6.208751,-8.337312,1.3917985,-2.8470306,6.217372,-4.0510144,-5.221823,-4.803888,0.88975936,6.4422245,-1.564387,3.864541,-4.5941916,5.105593,3.3743906,3.765653,8.585624,2.299509,-0.87766016,2.0399415,2.0639267,3.9967515,-0.104046434,3.3704615,1.0494196,0.33282954,1.8236467,-5.745575,2.051637,0.019115005,-0.0820442,-0.80969024,-1.6365108,-2.1666787,-0.5491368,2.807231,-1.9714661,2.546036,-0.87043655,2.9182389,5.6376824,-3.6256547,3.0266118,1.6398506,-0.95964915,1.733258,1.0221455,-0.81739664,-4.255854,3.0817478,-4.5357804,6.6980047,0.16783626,-6.106179,-0.7121016,2.9968858,7.6443,4.336724,-2.9168158,6.914291,-4.816249,2.862269,5.4341335,4.280204,5.551005,8.888102,4.9848166,-0.66874385,-6.343921,-3.1143172,-0.20497748,0.9068993,1.7295948,4.3096642,1.7234474,1.9436797,1.6983824,-1.9842806,1.3662837,-1.9740816,9.946345,-2.0255458,-4.43754,-3.7739484,6.7896333,0.37925127,3.3086367,4.182843,3.9706612,-0.706053,5.1646795,1.03373,2.8003263,-4.2779617,-0.35015762,-2.5173645,-3.4448414,3.189611,2.357808,1.7389002,-7.6130433,-4.845743,3.654853,3.5343313,-5.7884674,-0.7542998,3.724135,1.6996201,-1.2175548,-1.7198933,0.6755488,-1.3051069,5.038795,-1.716015,-2.0885837,0.41811183,-4.2384806,-0.05452267,-2.0826788,-0.97596353,-0.109496154,0.34149778,-2.5393157,1.9747071,-5.626064,2.5745955,-0.46591783,10.304383,13.626693,3.2515354,5.3738337,6.763017,5.503817,3.593317,4.9714646,5.8914046,2.628176,3.574962,10.800107,3.142171,4.4057884,1.4741046,6.9567566,5.611658,1.4852375,-0.88272685,6.060567e-05,1.8009496,1.5689142,0.48279813,3.1875036,4.654483,7.1191263,5.439355,6.172357,7.4883375,12.419053,0.33821726,3.91203,2.7528286,6.2854404,1.4438144,-2.5615609,2.6830928,1.2055622,-1.3025361,0.8535154,3.335212,0.5820305,5.525861,1.8432056,2.890843,3.2366633,-1.663328,3.9633884,6.3204427,5.18686,0.14986953,5.406114,5.4436173,8.193728,0.60869044,-4.8947606,-3.2228901,4.681086,2.1359332,-2.7551124,-4.108928,-2.8160222,8.638772,0.6849548,3.0221426,-1.9017682,0.80877495,1.4019966,-1.5333415,0.053493526,3.7204642,2.7307327,2.2257025,1.7538592,2.4689677,3.4826338,1.3995664,3.0452847,2.3227506,-0.39183024,-3.2023103,-7.3280573,1.5006443,2.8775241,-5.1900735,-4.209028,-2.6838195,-0.050989892,-0.6501883,-4.155984,-3.1343844,-6.368136,1.8659823,-2.7741616,0.80566,-0.03338441,-1.9947577,-0.40353093,1.7570155,-2.5358746,-1.6697549,0.017448463,4.8552423,0.8629752,4.054858,0.5684023,0.72597265,2.5124784,4.03796,8.593929,4.9018517,-0.95821005,-2.0490844,6.927928,2.8874755,1.683533,1.2911392,-12.735388,9.97596,7.56762
130,0.80498207,-0.9925321,-2.0418983,4.006113,5.2587137,4.340894,10.680608,-1.0040395,-0.5941761,0.6564628,-0.46074098,-1.3771185,-4.9818516,12.747495,-4.34878,0.5155068,4.346756,4.2316666,-3.684917,1.7205647,2.2784808,5.047439,4.227473,6.382092,2.0531113,0.855132,-1.3611224,0.95387256,-8.365529,-5.6357703,-0.12194671,-6.277876,-4.2447352,-12.720428,-3.6270711,5.1858616,2.9344974,-0.727022,-0.45820662,1.6923227,-0.46497148,1.3419452,-0.010953082,-0.80925494,-1.4869494,-0.08824956,-0.54594886,-0.05241594,-0.38025266,-4.21179,-2.1127756,-4.453952,-3.3600278,1.2423683,0.086960286,0.16255453,-2.6878467,-5.9303656,-4.3526764,-3.3193653,8.975586,-0.6367496,3.5963173,7.641917,9.533193,7.708326,2.7551465,4.140176,1.816562,0.8033864,4.3370233,3.6763597,1.0800011,2.395098,-0.4383609,4.9181156,1.3999455,-1.1540428,2.8068786,10.898714,0.03027674,5.2601795,0.9245588,5.193751,4.020555,2.0782044,5.596827,0.32095072,5.164019,4.4341245,2.2926168,4.315839,2.3747094,-0.33192965,-1.8142704,-0.012368116,3.3747633,0.8970457,3.9486394,3.2312791,0.634697,-3.815762,16.268847,7.5229545,-5.7317214,5.584086,-0.8656627,-3.1555848,0.09587054,-2.7516384,0.6873371,-2.0580115,0.74959004,-2.4647703,-7.2822204,2.3466506,-3.7692351,6.532196,-8.211531,-3.570873,-8.423688,-0.81277233,4.5169125,-0.6079061,3.4464986,-6.366361,8.631624,1.1107426,4.724831,7.8130636,2.1370485,-0.8731424,1.3713851,1.7456868,3.4028404,-1.0677718,3.082846,1.8945674,1.104421,2.9630475,-3.8859978,2.3315732,-2.048876,0.3883181,-4.3056273,0.9818448,-0.4701722,2.0611675,2.6256347,-2.6070302,0.2953522,-1.3559166,1.9890971,6.269944,3.2209134,2.3290966,4.0755253,2.735196,4.6099777,3.465168,-2.3188424,-4.178048,6.5475345,-6.450758,7.887404,-4.2424445,-4.244064,1.4409332,2.1469626,3.9523509,4.5815396,-2.154321,12.499496,-5.356998,3.6143293,3.6534832,4.4845767,2.973238,5.661096,3.6028671,-0.47010738,-2.0640273,-2.089289,2.0848477,2.4121218,3.8103483,5.003165,1.4094132,1.2775843,0.28908166,-1.48541,0.20524116,-0.31343302,7.785253,-7.1275625,-1.0419643,-2.8577807,7.281081,-3.7140398,3.742946,4.1362257,3.7393248,-1.5177492,5.489135,0.2882465,4.108317,-4.133383,0.24248087,-1.9469385,-3.6117344,3.3865664,-5.889161,2.8008351,-10.309269,-4.434194,1.8848046,4.9695606,-6.2416005,-1.3925416,4.3928084,1.4480267,-1.6455892,-3.704999,2.1107223,-3.1600556,4.760546,-5.803342,-2.7693002,-0.051889617,-6.6004786,-0.5207203,-1.879037,-1.3241495,0.59951204,1.3878748,-4.8640156,-0.034135915,-9.871665,2.8836272,0.6477176,11.378979,13.954643,0.2959881,8.161896,7.8254514,1.9725869,2.8339195,4.4445643,9.135125,5.763582,2.9981177,13.109117,2.1261292,5.0309234,3.633076,8.228446,7.7445426,0.51709783,-0.25200465,-2.9191577,-0.9056367,1.4606533,-2.4582489,0.41824755,3.3261025,4.941612,7.0103526,8.703732,9.321039,10.861965,-1.0362681,2.276735,0.86647886,5.579488,-1.4586608,-1.4512967,1.2291276,1.6624995,-3.9851096,0.9372992,1.5547919,0.040363505,5.7639117,1.7849758,3.909323,2.115372,-4.828187,2.3215382,6.4569197,4.319839,-0.071022205,5.4627204,4.6415844,4.5194325,1.373748,-6.2517204,-5.469546,0.61538446,-1.2993157,-6.1351705,-4.811595,-3.4987319,7.8976345,0.7075902,1.7614319,0.97548115,3.8321226,0.5516063,0.43773472,-0.66243386,4.7833977,2.5750027,2.221782,0.74288654,4.201004,2.8884766,0.5850878,0.71564466,2.7460113,0.4278975,1.3715438,-7.4506035,2.1905954,-2.6747863,-7.799706,-3.5918064,-2.6357608,-1.4511479,-1.4762347,-1.3414593,-1.5337908,-5.44966,2.5401375,-0.47812638,-2.6898947,3.8990922,-0.8632157,1.5963697,2.4959826,0.060125776,-4.00628,-2.2645824,3.786292,13.293131,5.7461047,-2.9285207,2.9616723,2.52048,3.7233925,9.53939,3.5324585,-1.2141936,-9.294401,5.6581645,2.7907226,0.22062041,0.6767525,-14.151919,6.657166,9.534217
131,1.419185,2.6839144,-0.9493175,4.0722466,3.9182034,3.6128886,11.700351,-0.55810004,-0.64197457,-0.24171652,-1.8202752,-1.6663662,-3.0127754,7.005125,-11.887959,1.9514487,2.822709,2.2399206,0.24895507,2.8866425,3.3905835,6.060996,5.826884,6.8110285,2.639335,4.106532,0.3336578,1.8870463,-9.028005,-11.634587,-4.4163537,-11.844138,-3.7190132,-6.9048924,0.7858002,5.0208597,4.281974,-6.820195,-0.41914666,4.7981176,2.445307,2.6895134,1.9409512,-1.107912,-1.5165373,1.6270285,0.10187707,2.0991125,-0.31998953,-4.12391,-1.1012169,-3.2598853,-4.2059937,0.7922992,0.7447069,0.086894,-1.4155966,-7.9087434,-2.728727,-0.48710182,7.157476,0.08080993,1.9562194,6.553192,7.3853827,8.207767,1.505727,3.0278277,-0.047029916,2.169772,4.714038,5.5869775,2.4719687,3.6056025,-1.233054,5.642365,2.3507853,-0.104674295,2.744673,7.8588037,-1.8929888,4.0871787,-0.04799913,3.4673517,2.5351646,2.5404923,3.2862818,-2.3877277,4.084191,3.136212,3.149,0.47490522,3.095057,-1.308877,-0.6179207,0.26177847,-1.0305514,1.4586247,1.0703437,2.6952257,1.7354656,-2.8754416,14.608668,2.716628,-6.9832745,7.868492,-0.5546312,0.9344718,1.477301,-6.352528,0.7315496,-1.1729821,1.6132233,7.234572,-2.2795393,1.8711356,-2.980635,6.106984,-10.121631,1.8324289,-7.426754,-0.9350779,1.0977316,1.662388,3.4106658,-4.9366693,11.018398,-0.25112048,6.375146,4.163985,1.5736824,-0.837512,1.1320798,0.8251839,2.162976,-1.839972,3.2108736,2.8790627,2.0642958,3.5870566,-0.24783981,0.6547082,-2.576673,2.4612172,-6.3915625,1.9205712,1.3936818,5.150184,1.7746428,-3.0774274,-2.2561338,-2.1799655,2.2592492,2.4992278,8.895978,0.4805269,5.916546,2.7397273,5.3969407,3.890769,-2.7572756,-0.8782665,8.773302,-5.073034,5.7311106,-3.3595452,0.60694164,4.052664,3.0406513,1.149391,4.737893,-0.114496864,13.984305,-1.8823599,3.679926,0.27637252,3.6352723,2.5162804,0.67788535,3.6389306,0.15111211,2.478845,-1.4499993,4.1570106,3.9085627,4.5299296,6.3739038,1.1254764,0.75938064,-1.2144648,0.33083877,-1.1744564,1.5683104,6.464819,-12.212157,0.87156653,-1.0003812,6.6593337,-2.7293668,3.711529,2.511837,3.041036,-0.18438569,7.9474773,-0.007139761,3.5313582,-0.88527465,0.48580486,-1.1574895,-4.793135,1.7393152,-11.708556,5.1936035,-8.450225,-2.0811896,0.89703524,7.983752,-2.852681,-1.1170233,4.415412,0.07307204,-0.42876253,-4.5049624,1.9800063,-2.2866743,0.9568408,-7.059649,-3.780524,-0.8756492,-7.1614437,-0.459122,-0.06067815,-2.6284962,1.0302883,2.2108457,-4.7475595,-1.1664523,-9.044882,3.197991,0.85716844,11.200865,10.27917,-0.9921399,6.5123973,6.942508,0.23729192,1.7213413,3.5467875,10.31867,7.047773,1.4481808,11.373082,0.55395645,4.2260914,5.315817,7.3775663,8.688987,-0.16159381,1.0507205,-4.2243814,-0.9851972,3.0277064,-3.7137554,-0.5561214,2.5518842,2.6217318,8.004868,8.968427,9.289707,8.261553,-1.6634066,0.4339079,-1.4185368,3.8703938,-3.2652304,0.15993835,-0.85230345,2.216861,-3.6866908,1.9905455,0.25275308,-1.4735953,2.2519746,1.2474074,4.6712,1.0310321,-5.670742,2.000483,6.316481,2.663628,0.32772473,3.1355255,4.269894,0.7814924,3.2384884,-4.953566,-5.448409,-0.3254496,-6.477707,-3.946643,-2.0030496,-3.0624049,5.317859,0.63296336,0.2716143,4.94118,6.5160947,-0.00014195208,1.8102622,-1.6037737,5.2272067,1.5873295,2.8388348,0.44011268,4.825729,2.6850996,0.47991508,-1.0480083,2.455306,1.5494944,3.6700296,-7.3661337,1.9316622,-6.1918764,-7.8761563,-2.3010793,-1.3056068,-1.4374963,-2.0095403,-1.126249,-0.55183923,-3.9512756,2.9231377,1.8351684,-2.8633099,7.5253997,0.5002369,3.8812468,2.8551898,3.7802546,-5.932615,-2.5387266,2.2315724,19.079487,5.847204,-1.7482337,3.8738015,1.3263193,4.979318,8.276343,2.5859032,-1.6458814,-11.485289,2.7913406,2.4735374,-3.1671674,0.87794214,-11.705419,2.9040852,9.852986
132,1.6389979,5.136589,-1.2668544,3.681664,2.3611355,1.753487,11.150387,0.9095764,-0.24154375,0.6190917,-2.9987395,-1.0642793,-0.5687984,-1.7816136,-16.857805,1.8113095,0.7377856,0.5830925,1.5134751,3.4324825,3.2229803,6.173072,5.650915,5.211809,2.145669,5.844401,2.3325284,2.1695893,-8.6995735,-15.407862,-6.403854,-11.498774,0.8985833,0.25950676,3.3972723,4.0716887,5.2755585,-7.885855,0.4232028,7.50945,4.9747615,2.9330413,2.4394553,-1.4171712,-0.8574994,1.8432652,0.10781432,3.092306,-0.55818456,-2.8296566,0.008580314,-0.44767454,-3.5675697,-0.47228327,0.9650214,0.59418243,0.548774,-6.8879004,-0.5827739,0.86250967,6.6331577,2.1393244,0.96052676,3.8154685,5.0680265,8.76452,1.1472397,2.3282454,-0.21278141,3.484483,4.6524897,5.902607,3.050551,4.310359,0.50913525,4.541137,2.298737,0.20224935,2.4300144,3.6452909,-0.8314043,2.183967,0.28992683,1.7483492,1.0294167,4.083095,2.2516873,-2.180417,2.6704764,3.2304928,3.1843946,-2.81561,3.3312042,-0.4071551,0.14530194,-0.008586803,-4.1959815,2.1194644,-0.7585748,1.0243798,2.6246934,-0.91019005,11.62682,-3.4986346,-4.924467,7.3355618,0.64900506,4.3422284,3.1233544,-7.5372105,2.8332307,1.1584255,1.9220921,14.921642,3.5275838,1.1568145,-1.672823,4.7146378,-9.540732,7.6066527,-0.8839134,-0.4834846,-1.2669053,2.3669827,3.1714568,-0.39807305,9.076467,-0.048526544,8.116136,0.42462364,0.8559479,-0.6812818,0.9993106,-0.1110778,0.7225745,-1.9163239,3.147832,3.498976,2.4460444,3.4773526,2.0391846,-1.6414762,-1.5090328,2.8795872,-6.461474,1.9272054,2.0032032,5.3788486,0.4686711,-3.7303092,-3.536517,-1.8988767,5.078437,-1.3314028,9.841137,-0.8089731,6.8080125,1.451272,4.043776,5.318862,-0.7814883,1.982265,8.522693,-0.5678814,3.1747913,1.1563221,4.2362995,5.6475253,3.0677078,-0.0011719344,4.0846643,1.4726396,10.093076,1.5272263,2.6652458,-2.2943637,2.8045638,4.190826,-3.291243,4.339765,1.7638588,4.959834,0.5905551,5.9293575,5.1555643,4.3410764,7.219897,1.152315,0.96464324,-2.3654976,2.212509,-1.7157599,3.25357,5.520084,-15.552478,1.2983551,1.0863935,5.0303907,3.2379777,3.8421445,0.9305396,2.7393095,3.7907128,9.119212,0.26428187,1.6534601,3.4255254,1.1379466,-2.203648,-4.935253,0.26432613,-11.510168,8.122993,-5.3015676,0.008007118,1.1717111,8.600625,0.91110295,0.398454,3.6355186,-2.255289,1.2993535,-4.6264696,-0.10263906,-0.9019658,-5.001377,-6.16008,-5.371552,-2.417955,-5.75599,0.28739968,2.1668386,-3.181251,0.76660126,2.9182389,-2.8366332,-2.1368575,-4.3837147,1.8546978,-0.58507,8.611436,4.928482,-0.5325147,1.0617565,5.608221,0.7317717,0.94997257,3.154359,10.032356,5.9274654,0.6060937,7.2787805,-1.6562802,2.104408,5.020646,5.330297,7.740228,-0.9533627,2.040649,-3.521041,1.0160899,4.5374665,-2.7836528,0.09719419,1.8313591,0.7453106,8.42802,8.657594,6.7361393,6.8361716,-1.4445868,-0.8922782,-2.8888834,2.1009662,-4.876949,0.6499728,-1.8496242,2.1923397,-1.1844752,2.347339,-1.3869077,-2.9635818,-2.8664,-0.75588214,4.477729,0.06000327,-4.650666,1.7373807,5.1816726,0.8309707,0.89362335,0.23292747,4.8647623,-1.2285892,4.6120334,-2.2012062,-5.002679,1.4935689,-9.713184,1.3082091,4.1677346,-2.5094523,2.2226624,1.0140055,-0.5783783,8.608438,7.447381,0.47082257,1.8344862,-2.0014522,4.399721,1.2561672,2.9102354,0.77449995,3.5349798,2.5318286,0.7419119,-1.7618113,2.0161047,3.5466862,3.3914013,-7.6690392,0.8205243,-6.632075,-6.3799534,-1.0017594,0.22210982,-0.61603093,-2.6416774,-2.5871537,-0.5753863,-1.6498185,3.4286575,4.168093,0.988033,9.063186,1.1421077,6.220382,3.4274044,8.77062,-5.6475167,-3.0610616,1.2220496,18.919619,5.1603975,1.6070185,2.116855,0.92617345,4.4732313,5.6902585,2.3204525,-1.2264004,-8.063877,-1.0395275,2.4177063,-5.099668,1.0642518,-5.3366218,0.30446064,9.118032
133,2.384763,6.141091,-1.704491,4.3502803,2.2668061,0.8650103,9.631459,2.9213328,1.0408734,2.5121274,-3.8454208,-0.08311794,3.4424286,-6.4233055,-17.181957,1.3505532,0.44424054,0.52643895,1.9053239,3.7321851,2.6210485,6.2431216,5.4502172,0.9770884,1.5943732,4.1959,2.6780355,2.2043135,-8.16865,-14.1184635,-4.616306,-6.038494,5.613145,3.8862755,2.7100341,2.6507967,4.080896,-4.949967,1.8521422,8.796457,5.6989493,1.8278401,1.8259314,-2.0673633,-1.9189001,0.06145808,-0.41081914,1.878524,-0.59541106,-0.80941874,1.3481909,2.6945112,-1.663266,-1.2486101,1.0491263,1.3878813,1.6416132,-4.1435523,0.6467201,0.301012,6.182481,3.52357,-0.31293088,0.40993163,3.8714824,6.8989277,0.28999636,2.205923,1.7272207,3.6340067,3.660691,4.389725,1.5459502,3.1921806,1.9968454,1.1713802,1.1948496,-0.55294776,1.3466486,0.97614413,0.10261501,0.12131003,-0.41880473,-0.40227047,-1.0559154,4.0765486,2.2170277,0.7171203,0.8920014,4.0647526,1.9565732,-1.7145644,2.7785037,0.86665654,-1.4899826,-0.95083284,-5.415052,2.099213,-0.59440887,-0.8355951,1.4998524,0.92610466,6.4176373,-7.773166,-0.63258016,2.416567,1.1822414,4.584569,4.2911873,-3.948726,4.3878636,3.0248556,2.1926548,14.426562,6.4613943,1.1254541,-1.0277585,2.776506,-6.4550653,9.977796,9.724559,-0.59151125,-1.0678608,0.7839756,2.0525453,5.74281,3.8650281,1.1803268,8.336444,-1.072505,0.18687823,-0.14095226,0.7325957,-0.6768491,-0.26328412,-0.719335,2.3470483,3.7733743,1.9945393,2.622803,1.8170061,-2.368049,0.33876166,0.29087105,-5.3667665,2.6132522,1.2377946,1.789093,-0.46544337,-4.6995053,-2.835843,1.3991611,10.341895,-0.20146629,6.514679,-0.38525224,7.1902637,2.6170719,2.5089269,10.143677,2.7939332,1.8841915,6.391673,4.2332993,3.4540584,4.505293,4.197721,4.938741,0.17092162,-0.20603164,2.5053813,1.2530965,3.1251006,0.6054754,1.1786118,-2.226751,2.6452188,5.7503023,-4.387216,4.0284014,4.9134283,5.2420936,4.9607167,7.727297,6.1094117,4.363112,6.335657,1.6462941,1.7749625,-2.5655544,3.2267897,-1.06844,5.326607,3.4433641,-16.439985,2.2996287,2.5772684,3.3585405,9.242807,4.481169,1.0091984,2.8970954,8.28534,6.3322387,0.6348773,-0.3126562,5.9641395,2.5238276,-5.1290812,-2.83274,1.183375,-5.423646,9.012687,-4.6243396,0.09802321,2.0881383,4.489786,2.0832148,2.4552336,2.4185517,-3.9687612,1.6814348,-4.234538,-2.790787,-1.2240219,-9.507965,-4.8546634,-6.7896585,-4.230346,-2.7652378,1.4808502,3.2130566,-1.3626701,0.12318577,3.6372313,-0.79026425,-2.6820574,0.3065681,-1.6025833,-2.75879,3.0625002,0.8527005,-0.23365888,-4.412538,4.748836,1.7760539,0.4762221,3.3961217,8.809155,3.413668,1.3677541,3.3932672,-4.055212,-0.16932866,2.8108926,3.1152122,5.0516834,-1.7589093,2.5270805,-1.8666731,2.3160002,4.344342,-1.066174,1.0643725,0.45879456,-0.84862137,7.889454,8.812368,2.7440987,6.5146,-0.33585784,-1.6874905,-2.4839685,0.6906103,-6.7555056,-0.15042607,-1.4206623,1.28016,1.6024399,1.5114455,-3.1540828,-2.8576045,-3.8059297,-3.7224119,2.8622894,-0.69013673,-2.963725,0.69063354,2.8731976,-0.89535105,0.9423416,-1.5562791,5.1368766,-0.8741366,4.2797856,0.22410609,-5.7077513,4.043808,-7.8447447,5.66219,11.708973,-2.6144009,0.1314771,2.4767475,-0.3540931,10.407891,7.258012,1.8289995,0.8790234,-1.3497641,2.3944042,2.209008,1.8297417,1.1161069,0.8918574,2.7625933,0.7074783,-1.178537,2.3389466,5.5927854,2.6332252,-7.44444,-0.3001236,-5.224347,-4.5225897,0.28977263,1.2715999,0.07516581,-3.519271,-3.7311735,-1.0689292,1.6123321,5.7665353,6.677958,7.1389265,8.07082,1.4143722,8.009608,4.7456636,13.777882,-3.6181886,-5.1581483,1.7210703,15.561832,4.8856115,2.6948957,-0.645538,2.4444423,0.42031294,3.1295235,2.4769027,0.2823387,-1.1059018,-3.489031,3.0529165,-2.7630484,0.42142904,2.2916727,-0.43787664,7.478677
134,4.62178,7.0097485,0.27464426,6.734692,4.0136185,2.3381445,7.441588,4.6147404,2.9975219,3.7316751,-4.56743,0.48055694,9.439438,-3.5341754,-13.550603,2.7446883,3.1089532,2.444232,4.662231,4.5501447,2.7972474,6.7473917,6.999931,-3.937093,2.107259,0.01303553,0.83218473,2.8607335,-7.8805375,-8.990091,0.052371193,0.74432474,6.040888,2.7028441,0.49778405,1.0508332,0.79729646,-1.0449163,3.2146232,8.354471,4.7012663,0.6056503,1.647692,-2.8102372,-5.2730823,-2.0480647,-0.73483574,-0.5883531,-0.04461947,0.99070567,2.949502,4.666172,0.39586556,-0.43440688,1.55412,1.5952532,1.6770052,-2.1698742,0.3697159,-0.6906309,4.559434,3.1463795,-2.2804675,-2.2947924,4.3613772,2.2110481,-1.7061965,2.0201635,4.524679,2.624015,1.6606406,2.3524234,-1.1339943,0.40686905,1.2459594,-2.9080954,0.18764196,-1.9202865,-0.26273528,0.10108588,-0.99131435,-1.2226411,-3.2519143,-2.757797,-3.2019746,1.2569013,2.2338622,4.141176,-0.6783354,4.079631,-0.05841337,4.0114446,1.4828368,1.1548297,-5.1924067,-2.0901864,-5.2819943,1.3605074,1.405664,-1.6904349,-0.57752836,2.1236563,-0.5580934,-6.9992223,4.285675,-4.7568398,0.9868276,2.224662,4.22111,3.4855962,3.355338,2.8297803,2.8938448,6.903432,5.8919916,1.61423,-1.5047545,1.405273,-0.4061753,8.178905,20.8102,-1.039586,0.9900388,-1.2492552,0.45688862,11.527327,-0.1528775,2.1191335,5.9160075,-0.22978306,-0.13014749,1.0636297,0.51722914,-0.6365039,-0.50325257,1.789346,1.0244433,4.3363714,1.2720572,1.4606189,1.0990862,-0.20363498,2.2116947,-3.8475537,-4.80252,4.6751256,0.40489078,-3.051842,-0.13250105,-5.236535,-0.5976275,7.873142,15.789833,6.996072,3.186701,1.6992304,7.943623,8.023174,3.218739,17.009624,5.9656916,-0.07326466,4.211672,6.601237,6.523972,3.6077187,1.6288217,2.262266,-4.454614,-0.8644329,0.9572639,-0.2833995,-2.8630006,-5.0660496,0.38355675,0.26851884,3.2486217,4.814282,-3.0543072,1.8750498,9.253662,5.357837,10.422791,9.669919,6.790073,5.195262,3.707861,2.469278,2.490469,-1.4844422,3.2962594,-0.09331738,8.571999,0.11548233,-14.98308,5.7888694,3.3590703,3.0006094,10.208728,5.284166,3.0282903,3.055817,10.406526,0.43099663,0.6479499,-1.5554577,5.4974055,4.24036,-7.535368,0.98249817,5.166654,2.9720418,6.6288543,-6.5854683,-1.2873701,2.8914034,-2.6694412,0.60301954,4.039014,1.3487948,-3.3138392,0.061369237,-3.0687935,-4.258515,-3.1123097,-9.567685,-4.629217,-7.244335,-4.9517446,0.8119148,2.7095602,2.7048018,2.4391224,-0.24453244,4.199625,0.13880263,-1.6750511,1.4325619,-5.848538,-4.1254926,-3.7100186,-0.6134027,-1.8853865,-6.006717,4.348844,1.4366329,-0.2799372,3.7229545,6.9259458,1.3218074,3.402463,1.6171037,-5.7259173,-1.4475477,0.39423215,1.2056736,1.7608469,-2.2563622,2.5936723,-0.937768,0.31599373,2.2573192,-0.6844269,1.0496752,-1.5636542,-2.6993728,6.099725,9.004164,-0.37545997,5.0625634,1.4113046,-2.3285873,-0.15698712,-0.32326445,-8.154275,-1.1423416,-0.836187,-0.09939059,3.6024234,0.9291927,-3.4881296,-0.082524486,3.0236108,-5.4670634,0.66762006,-0.70412785,-1.1606902,-0.30143562,0.4423115,-2.3062723,-0.15622216,-1.7801678,3.648634,1.4251049,2.9610498,1.452392,-7.6379914,5.799777,-0.848206,7.056782,18.022535,-2.9219053,-0.2439676,4.921093,0.53222334,9.539092,7.6348743,2.9697096,-0.2012472,-0.030299984,0.40348634,3.7849724,0.17007898,0.9185708,-1.423422,3.8563018,0.092561945,0.7008444,3.847018,6.252559,3.4106743,-4.8635597,-0.5173508,-4.730799,-3.2598794,1.8537837,2.3054998,0.16850428,-4.4615774,-3.4500337,-1.024252,5.6202283,10.7609825,9.329735,12.468206,5.967664,2.7841182,8.624707,6.4050317,16.51425,-1.5926894,-7.389414,3.8290842,10.284161,4.8842216,-0.28772813,-1.4315813,5.1180706,-5.506695,1.6651641,2.7364795,2.0688372,6.3106036,-2.3499165,4.393095,3.040607,-0.93766624,7.379195,0.19051194,4.8105435
135,7.8615685,8.663174,5.272982,9.666819,6.273757,5.3354692,4.6015964,5.283553,4.7135525,3.0665002,-5.342389,0.36428586,15.704142,4.1169624,-8.494811,6.5543485,7.227647,5.2502823,10.143436,6.0954695,4.1214795,7.232041,10.09613,-6.7553825,3.5719695,-3.4867647,-1.9427458,4.7094116,-7.0065165,-3.5003889,5.586632,5.28697,1.9926994,0.04090808,0.066651694,-0.41734236,-2.7252023,1.559418,3.994875,6.430023,2.7050316,0.84262806,2.9162817,-3.057125,-8.934333,-2.3599494,-0.21562204,-2.2083092,0.6412849,1.4455204,4.53479,4.938196,1.4884386,1.732988,2.48333,0.54271483,1.4674667,-2.3194733,-1.1206961,-0.7302328,2.1190608,1.681174,-4.2960896,-2.931097,6.3289056,-3.0397391,-3.794016,1.2772744,6.6694684,1.8825424,-0.40306252,1.5008248,-2.8597708,-2.499805,-1.1022108,-5.1104517,0.6370626,-3.1793318,-2.000508,-0.8743137,-3.0354724,-1.300482,-6.8620167,-4.4263086,-4.344933,-2.931356,2.1659997,6.222837,-1.0946493,2.4743671,-1.8030391,10.329651,-0.2172599,0.5318621,-8.1671715,-2.8293815,-4.8258634,0.79988045,4.221967,-0.9344241,-0.73225355,2.800995,-6.6262584,-1.0543219,8.4190035,-9.879925,1.2195565,-0.31271267,2.7417977,10.76349,0.03781556,0.53456074,4.011336,-0.83646595,4.450053,1.912395,-2.808955,1.4252491,8.469777,4.7701154,27.737617,-0.5992855,2.7769403,-1.3377049,-0.28226444,15.365763,0.2538232,1.7057668,1.5303059,1.1207515,0.20984223,2.821911,0.63511544,0.12898192,-0.40916616,4.642815,0.023710476,5.463293,1.1227669,0.63432795,2.726736,3.931706,3.791671,-7.0653477,-5.730638,6.9666142,0.82731795,-5.3351855,1.5072666,-4.043881,2.0817318,14.507461,17.942612,15.989405,3.9187424,4.315185,9.279289,15.560073,6.681661,21.191181,7.4271774,-0.43701878,3.2084045,6.4345703,8.663482,0.0017717131,-0.309157,-0.40749937,-7.103897,-2.6142077,0.67127603,-1.2377309,-5.0230155,-11.484298,0.9610134,3.25549,4.446327,1.1640967,-1.3213195,-1.1253631,12.978229,7.215685,14.079718,10.973277,6.9022937,6.212879,0.4915012,3.1613414,2.4318821,0.41582853,2.8078954,-0.14933385,12.270368,-2.6350179,-11.582003,11.047201,4.0635953,4.3811474,5.497414,5.421948,5.6198463,2.8984623,9.030756,-4.9132624,0.35115105,-2.1752868,3.1372023,5.4741106,-6.693218,4.955971,10.449046,9.194253,2.9730694,-7.5050106,-1.8867443,3.333461,-8.866941,-1.2704337,4.6318197,0.66225547,-0.11873701,-2.280373,-1.1398821,-3.8830879,-4.460651,-5.4296346,-5.6820555,-6.8164434,-3.5417469,3.4119143,3.6100516,1.8269376,5.7270746,-0.03388765,4.163832,-0.033561192,1.152904,-1.7194252,-8.844309,-4.236476,-8.30545,-0.35641953,-5.224692,-2.998643,3.9157543,-0.6120996,-1.6222392,3.4867818,4.721843,0.83198375,5.5826488,2.184819,-5.9287443,-1.678187,-0.47749805,-0.5052356,-0.7404174,-2.4337735,1.8774014,-1.5725447,-4.937585,-0.5250279,-2.5414553,-0.3032732,-3.4723613,-4.990024,3.3775103,8.141871,-0.91213,0.5651594,2.9142616,-3.051879,2.781014,-0.80782974,-7.859052,-1.3550353,-1.4925799,-1.0945857,5.270094,2.4228468,-0.9801174,4.742126,14.590189,-3.8507943,-0.117922224,0.39301416,1.1333935,0.27110836,-0.647045,-3.2953134,-2.4580505,-1.2062901,0.57259214,4.3842974,2.5571423,1.8415486,-9.626435,6.619642,7.881123,6.3102064,21.027725,-2.1248922,0.5516138,7.149046,0.98779684,6.577842,9.02336,2.6641083,-0.9850337,0.8078723,-0.16817124,4.815083,-0.9819261,0.12641071,-1.9279513,5.287124,-0.83246267,3.2057695,5.8730326,4.896787,5.492395,0.51757336,0.25360695,-7.1156764,-3.1213393,3.4624593,4.2496777,-0.14098375,-5.1609197,-2.1413372,0.1269041,9.4556875,16.19991,11.455587,14.405781,4.6753554,6.003735,7.873761,7.0097265,15.183074,-0.5624657,-6.9557953,6.3695917,2.6860995,3.6182406,-4.745205,0.92751426,6.930136,-9.674348,1.5052915,2.886563,2.9961376,11.691334,2.0857768,5.9084587,8.015518,-2.0990672,8.343241,0.91304666,1.6121298
136,9.879596,10.21496,10.210327,10.738962,6.978644,7.222133,1.134902,4.7026896,5.142912,0.78603077,-5.858602,0.015422076,18.78167,10.819601,-4.256036,10.43286,9.348546,6.8694463,14.508679,7.414019,5.5993385,6.6547184,12.339747,-6.2625637,4.4925923,-3.5708854,-3.6630259,7.3042655,-3.8281255,0.1837532,10.526672,6.6542926,-1.8361018,0.561835,3.129661,-1.5357021,-4.6813207,2.793837,4.061132,3.442509,0.19598173,2.6395833,4.957462,-2.485355,-10.127069,-0.48592615,1.0394195,-1.6293094,0.36586773,0.018954247,5.5228143,4.218044,1.3263124,3.7212207,3.0671854,-1.5253386,1.5442736,-3.6316013,-3.3304193,-0.19849907,0.55664045,0.72572535,-5.2239113,-0.9807484,8.91698,-5.9220495,-4.2358937,0.3189386,7.5962195,2.8089726,-1.2253629,2.3436103,-2.4627373,-4.103621,-2.9100928,-4.13153,2.6597204,-3.9176633,-3.9209607,-3.472305,-3.67762,-0.46789172,-8.749026,-4.6726003,-3.993855,-5.6976376,2.9249232,6.8814893,-0.03103244,0.030377027,-2.4431007,12.341292,-1.7851092,0.17163613,-7.5112295,-2.992065,-4.4534645,1.4922283,6.5926976,1.016425,2.4470744,3.1732543,-8.649757,6.5063276,10.76323,-9.975823,2.5298934,-1.5310313,0.5472581,13.789551,-3.4169166,-2.4921477,5.0813246,-3.2746155,4.875037,1.8168011,-4.2868543,2.4046986,17.979488,2.87094,26.973408,1.3029498,2.7182004,1.119546,0.7396452,16.440067,3.5512946,0.041745715,-2.6175077,1.1247324,1.1672659,4.428962,0.93090653,1.4672219,-0.72707623,6.2035594,-0.007421431,6.2661247,1.7727216,0.44396248,6.9556336,7.3457904,4.8352804,-8.188542,-7.306111,7.3990607,2.392666,-3.5416517,3.3263888,-0.4952728,4.2211366,16.594885,14.504504,20.289707,8.607925,5.9810266,10.089469,20.445791,10.589506,18.482315,7.622587,3.001765,2.8038793,5.8885293,6.0485816,-2.0878181,0.40573385,-0.9993577,-5.296319,-4.602365,1.7957442,-0.259145,-3.3802102,-13.769449,2.477993,4.864934,5.940753,-2.8270462,-0.81202006,-2.9202437,13.566455,10.306269,13.39172,10.164373,5.772608,6.0675697,-2.1250365,3.1507082,1.4677675,1.8784882,1.9426844,-1.8075385,13.745361,-2.7006338,-6.6835747,14.630586,5.135064,6.157501,-0.9936935,4.2787786,6.8061833,2.4511073,5.614997,-6.5445495,0.13164893,-2.8253865,1.0133667,5.558117,-2.0256155,8.011723,13.966586,10.705104,1.7273626,-3.8071935,0.007863819,3.4327428,-11.410353,-1.5436684,4.366407,0.13800283,3.778646,-3.3143926,0.6658091,-2.6721644,-3.68858,-0.35122207,-6.9469857,-6.2047815,-0.63002324,3.5354197,3.93261,2.0352798,5.9368844,0.4153535,3.222908,-0.41032547,4.0521755,-6.4739757,-9.508731,-4.2672067,-8.241949,-0.08155488,-8.057368,1.6613213,3.2198327,-2.9633706,-2.9893155,2.5601518,2.8752937,1.5985211,6.797164,3.8455002,-4.7652035,-1.9563106,0.21035337,-2.262061,-1.8059491,-2.6847146,-0.24700806,-3.0448484,-10.482368,-2.5835342,-5.3870115,-2.3623056,-4.5693927,-7.142448,0.5986511,6.0076265,0.59529674,-6.234848,2.9883544,-3.6788054,4.3603077,-0.4536965,-5.4638352,-0.9634744,-3.1940453,-0.9223843,7.455282,5.931518,3.7315688,9.313939,23.108982,1.1414063,1.9325223,2.0159795,4.173663,2.3507981,-0.07522054,-3.9216557,-5.169053,-0.81763816,-2.3167925,6.094867,3.9014394,2.0581298,-10.405501,6.974689,14.030486,5.4353185,19.790068,0.48291197,1.1900096,7.552925,-0.0077916016,3.2159722,9.78656,0.6602088,-1.7548358,0.18921605,0.94953877,4.7497206,-1.1573844,-0.96507853,-0.57390493,5.3796506,-1.649767,4.920771,6.969052,2.2942297,6.8273554,6.3950477,1.124957,-11.467422,-4.063056,4.127482,7.143619,-0.43344143,-5.2994165,-0.69412494,2.045025,11.591509,17.604713,11.777415,12.500826,4.716895,9.635171,6.124616,5.278365,9.972014,0.21091793,-2.7664547,7.411106,-6.4721,0.04144482,-6.4053936,4.4654074,6.2902393,-9.893427,1.9023242,2.5839653,2.6028569,13.760348,6.7112293,6.798706,7.8583446,-2.2934134,7.28125,0.52566224,-0.6564335
137,8.366439,9.697134,10.427023,8.164061,4.934486,5.761156,-2.7221577,3.1207168,3.9217386,-1.6923195,-5.391556,-0.006734892,15.920476,13.264463,-1.3066075,10.774732,6.822473,5.6808043,12.95224,6.977391,5.571342,4.355894,11.15018,-3.5874028,3.2591207,-0.5954226,-3.1042979,9.214764,2.6217334,2.8394952,14.6775,6.2535043,0.0062936833,5.865882,8.213921,-2.3061543,-4.7588115,3.9544508,3.442494,-0.06231268,-2.4790277,4.1389127,5.961653,-1.3713924,-7.7101984,1.8261563,2.1817973,0.5430921,-1.453626,-2.58637,5.346323,3.6132977,0.50378895,3.9925473,2.4584036,-3.4809923,1.5400687,-3.9038098,-5.9862576,-0.6700842,1.0925679,1.1918354,-4.5397515,2.6573455,10.968028,-5.413902,-2.4517856,0.047926396,7.6744013,5.0511436,-0.42818293,3.6948104,-0.8438612,-4.436071,-3.1165423,-1.2966739,4.6884556,-4.2416925,-6.122151,-6.642407,-2.1090944,0.12515883,-7.604421,-3.680249,-2.7834601,-5.516646,5.254234,7.368915,1.526894,-1.6629491,-1.9529996,8.579757,-2.6417108,0.8341289,-2.9383261,-2.8638892,-3.6865902,3.6972375,7.5475807,3.0379632,6.861171,3.297969,-5.7665434,10.829937,10.7326,-5.6584125,3.96485,-2.2425432,-1.2042248,11.490772,-5.0919867,-4.702279,5.4553204,-1.3018283,6.958257,1.872696,-5.2517843,2.870042,24.195627,3.2546756,18.490583,3.6040947,1.1089509,4.3495655,2.9126217,14.795667,4.8471417,-1.5636184,-4.4843636,-0.42575,2.1635633,4.9414663,0.8319236,2.8209321,-1.7334133,5.2744145,0.7461532,5.2890854,2.4684615,0.6022604,10.643527,7.742325,4.834925,-7.793038,-7.4657016,4.864476,3.633393,0.19331022,3.8481705,4.4511337,5.416678,11.533146,6.3879986,16.353863,12.963194,5.7272964,8.737893,18.731983,11.51492,9.076727,8.112139,8.9194765,1.3449696,6.64817,-1.0013582,-0.36249408,2.9425385,0.95125854,-0.7039271,-5.2220883,2.9439833,2.0124564,-0.17339052,-10.521679,3.7661827,4.8456526,7.1394973,-4.1084533,-1.4456762,-2.2047546,9.632198,11.863525,8.134795,6.33799,2.9057622,3.9409108,-3.900559,2.1092837,0.032952268,1.6584378,0.60389805,-4.2317076,10.263612,0.3980122,-0.8788658,13.13819,5.922708,6.039375,-4.915814,2.018365,5.539688,1.7290734,2.650659,-4.500054,0.16452758,-3.8992336,0.45359328,4.3487463,4.468467,10.296468,13.800729,8.069246,4.693053,3.9389217,3.7793887,2.9558744,-10.72724,-0.32438755,3.5553076,-0.40164414,6.0298896,-2.2090735,0.9732535,-2.0562701,-1.5192996,2.4107351,-7.043899,-5.628645,1.6347686,0.8545895,3.5084605,3.4566457,2.7469654,0.49170637,1.5912715,-0.29784793,4.4046917,-8.758536,-8.385765,-5.65683,-4.0324917,-0.44674358,-8.211928,4.143551,2.6520395,-3.9996035,-3.253628,1.5104365,2.1782,2.1756322,6.5586324,4.9996953,-3.146487,-3.4342034,0.61481196,-4.0173306,-1.8834109,-3.3301773,-3.6629403,-3.7738845,-12.693324,-3.299537,-6.818469,-4.1391373,-4.9235096,-8.141779,-1.384373,3.845995,1.5860943,-12.122399,1.1788238,-3.7629168,3.360048,0.7444316,-1.8327811,-0.88777214,-4.0443,0.8551159,9.864022,9.0228,7.7089705,11.156011,22.628607,6.9927,5.9417467,2.7207031,7.0127816,3.5091653,0.7943571,-4.156627,-7.0063977,-0.81026095,-3.3521378,4.780933,5.5176187,2.1212637,-9.413277,6.8899784,15.515454,5.4321556,14.811498,3.961354,0.594075,5.468704,-2.5245557,1.2122544,7.948055,-1.9578389,-2.9386692,-1.7229639,2.4732604,4.0347033,-0.85417765,-2.0849004,1.2131546,2.7792478,-2.2115114,4.5121927,6.001679,-0.089619614,5.9762015,9.221063,1.1337225,-14.255592,-5.324327,2.870708,9.577271,-0.5471446,-4.502127,0.73419017,3.9019027,10.658734,11.885439,9.144321,8.463343,4.783822,10.815298,3.9741056,1.3836777,3.1755686,2.187444,3.1892228,5.5634894,-13.286382,-4.514315,-3.6337821,5.924932,3.3051503,-7.3131886,1.7026393,1.2292044,1.4615083,12.313411,8.035744,6.490308,2.071022,-1.6027597,7.4637794,-1.2633226,-0.4981464
138,3.151908,6.1798024,4.1114006,2.385948,0.78363925,1.1342081,-6.4017296,1.0722191,1.712833,-3.029102,-3.5035052,0.3347194,7.551361,12.821341,1.3490648,6.0498214,0.3331228,1.8818315,4.3594937,4.077407,3.1413221,0.8229632,6.1956706,-0.9162973,-0.32785654,2.3343816,-0.50506496,9.007071,11.061393,6.5105114,18.43522,5.6998324,8.568178,13.036909,11.947603,-2.865233,-3.9236705,5.7570186,2.0938048,-3.2396631,-4.5899334,3.178831,4.639026,-0.32307318,-3.028292,2.4685333,2.3759165,2.3165166,-3.918037,-4.672656,3.8980794,3.5535607,-0.22527191,2.3615031,0.65014654,-4.1273584,0.80671906,-1.8840914,-8.651309,-2.7677343,3.035591,2.487646,-2.888943,6.079419,11.562277,-3.1448307,0.27484277,1.0212842,7.3711147,6.5154557,1.0210794,3.7999015,0.1235385,-4.7181196,-2.8278546,0.5703716,4.675787,-4.524258,-7.77413,-7.2488413,0.24858367,-0.6273534,-4.4513264,-2.4395616,-1.9333909,-3.3540602,8.519784,8.61244,1.8619113,-1.7306539,-1.0011295,2.07229,-2.463776,1.807321,2.769945,-2.7255645,-1.8676294,6.548265,6.6070857,4.0900187,8.355585,3.2152014,-0.39580533,9.417825,8.302954,-0.3051291,3.7936146,-4.1585417,-1.7290378,6.238533,-4.859019,-5.462215,4.522329,-0.5213542,7.741191,2.5445557,-5.1085887,1.6570965,23.95115,4.079014,6.4283166,4.4928894,-0.41109005,5.7237234,4.508695,11.183476,0.94968736,-1.5819829,-3.7560675,-2.127154,2.3887093,3.909093,0.0017314225,3.4483163,-2.816264,2.126021,1.4623371,2.141975,2.0980873,0.6218923,10.083046,5.189875,3.3753965,-6.7866473,-4.8224797,0.38496846,3.2687225,2.1484134,2.535998,8.713205,5.781482,1.6577846,-2.6018274,6.3183947,12.426119,3.642745,4.8029957,10.2950735,7.831081,-2.2298405,9.928172,13.632586,-1.9428859,7.920123,-7.4804945,3.1145627,4.7128086,3.968546,1.9880813,-3.6446807,2.2930815,3.5573878,2.1167963,-4.854296,3.9199183,4.4188275,7.1739407,-1.6365538,-1.940972,0.37926593,2.3524046,9.5282135,0.7556109,0.37313798,-1.2554687,0.37833098,-5.334896,0.21087016,-1.2780404,-0.38137388,-1.0068988,-5.807712,1.8263508,5.2731323,4.9838443,6.420331,4.9631476,2.8288069,-5.392792,-0.50923485,2.4514494,0.49771464,1.4384675,-1.5730182,0.21319939,-5.0038424,1.3601598,2.2932518,10.051194,12.45266,10.7508,3.9135082,9.854002,11.190895,6.972361,1.4907837,-8.892127,0.7371789,2.2700524,-0.6298209,5.787943,-0.14504638,-0.8359427,-2.3608737,-0.16196021,2.4575562,-5.362772,-4.3009143,1.3934667,-3.11816,2.287536,4.6483355,-1.558895,-0.059586,-0.06382637,0.16548729,1.3124552,-6.0511904,-6.767731,-8.15138,1.2997713,-0.5755625,-5.374459,3.1122887,2.9237707,-3.4375663,-1.7148035,1.1764337,2.9520636,1.36684,5.143779,4.8879986,-1.9929495,-6.076475,-1.1435819,-5.3575764,-1.8792872,-4.1434426,-6.9386606,-2.786687,-10.151621,-2.9165819,-5.357313,-4.9638515,-5.089787,-7.31929,-2.2764037,3.2931082,-0.2764153,-13.98341,-1.5146714,-2.9772837,0.34012797,2.0649304,1.557724,-1.5512094,-2.2303133,4.190736,10.863322,8.861583,7.699832,9.403697,13.892509,10.419608,8.883622,1.448534,7.7858634,0.9304457,0.17892592,-3.5985394,-7.027981,-0.5269218,-2.5859876,0.03529168,4.832224,1.4826529,-6.772553,5.8898735,13.472645,5.645472,7.9777417,6.224394,-1.2908912,1.9721328,-5.3846726,1.233318,3.6384723,-3.5377324,-4.4037766,-3.5994542,2.6250935,3.4991765,-0.8118763,-3.1060276,1.7420903,-1.818225,-2.5975976,1.9098499,3.1225936,-1.2325,3.8108995,7.40923,0.32635373,-12.147339,-5.6646276,-0.14920697,9.608081,-0.60991913,-2.44479,2.7185261,5.1870275,6.5146127,0.5697674,3.5602274,4.6642137,3.2849305,7.8470607,1.7900807,-2.8361375,-2.2797503,5.676688,7.6240683,1.1418638,-12.746166,-6.7716165,1.0631152,3.868917,-0.36641675,-4.9922833,0.2728405,-1.6088028,0.60864025,7.9531727,5.1921535,4.970691,-5.381608,-0.7232537,9.185407,-3.5520544,2.172434
139,-3.2083359,1.00734,-5.261791,-3.9922516,-3.4480197,-4.0865107,-8.947488,-0.8142875,-0.26604766,-2.9133673,-0.7342836,0.6204234,-2.543767,12.944188,4.6129837,-1.3389889,-6.192097,-2.455969,-7.1235204,-0.3048642,-0.84183484,-2.4514818,-0.07550921,0.3687932,-4.689628,2.4350169,2.7962813,6.509977,18.11891,11.621044,21.56596,5.219817,19.17648,17.241497,11.89868,-3.2172186,-3.1421862,7.249501,0.066697165,-5.100441,-5.2162104,-0.40031326,1.3820078,0.2757902,1.3315903,1.0562155,1.5748532,2.108661,-5.0639534,-4.7393193,1.7371081,3.5076041,-0.68018526,0.1237009,-1.3542866,-3.114308,-0.6726663,1.5753233,-10.160086,-4.946116,4.2336974,3.19693,-1.5921518,7.6003366,10.453575,-1.7527212,1.9873252,2.8578863,6.7111435,5.3689976,1.8509146,1.9894211,-0.32920524,-5.7915025,-3.793245,-0.20416309,1.959074,-4.9669,-7.0460434,-3.0419366,1.7040516,-2.8735244,-1.6186455,-1.8801185,-2.173892,-1.422967,10.949436,10.110915,0.058815364,-0.7527552,-0.30664968,-2.7596366,-1.4851886,1.4694672,6.050524,-2.4392931,0.90209407,8.67376,3.7848923,3.8595614,4.4632516,2.9923804,3.50416,3.9239573,4.2191706,2.7900856,1.3635687,-7.360905,-1.2301276,1.3308287,-4.04406,-5.1520276,1.9619029,-4.851527,4.6357937,3.3969367,-3.5383122,-0.90196985,17.350601,3.1776783,-3.2790163,3.2211163,-0.6103455,3.8992546,4.1882377,6.6070304,-6.089445,0.3818036,-1.9003675,-2.5094814,1.4603742,1.8492129,-1.1348171,2.9693449,-2.9563863,-1.5239604,1.4587709,-1.5920177,0.28647023,0.4265101,4.754449,2.0146995,0.8795064,-5.193583,-0.19052345,-3.5628548,1.5512265,0.45528215,0.28114605,10.65514,5.553703,-6.8698974,-8.461114,-3.9361577,6.260216,0.8198955,0.055969015,-0.9832748,1.221808,-9.758979,12.433867,14.369535,-5.8022714,7.3502297,-7.8794036,4.14195,3.8842652,5.8876686,-0.5077309,-0.6943271,-0.70618016,3.0172129,2.290138,-1.183724,2.963236,4.688273,5.4525156,2.52472,-1.3932912,2.6997273,-4.9743385,3.9274516,-5.1744246,-5.2008095,-5.1852555,-3.0547173,-6.613108,-1.9173638,-2.1054595,-2.8823996,-2.0218124,-5.4048514,-7.9358144,9.990093,9.914929,-1.8531802,1.4549971,-2.1800272,-4.9527807,-2.4193885,-0.76011187,-1.3650019,1.346217,-0.4699909,0.05530982,-5.1560864,2.880223,0.2584344,13.295576,14.274643,7.490614,0.83156943,13.105102,13.743517,7.5423617,-0.87675303,-7.040024,0.4715482,0.4722626,0.03599639,4.262442,0.7923826,-3.70892,-2.5702238,-0.8938501,2.1270292,-2.492501,-1.3189673,-1.1271586,-5.740637,0.48456833,4.0165644,-4.0144567,-0.867582,-1.120545,0.37257135,-3.1308436,0.8529691,-5.304386,-9.392014,4.812495,0.7383192,-1.1577077,0.4886985,4.36692,-2.4616199,1.1298516,1.971931,4.691896,-0.68977845,3.3567443,3.9565105,-1.4087254,-8.471064,-4.923935,-5.7703195,-2.1684136,-4.4921,-8.154487,-0.5321193,-4.677148,-1.9521039,-1.7293823,-4.7419915,-5.171974,-4.90951,-2.3333297,4.6823235,-4.7168045,-11.313219,-3.2251332,-1.4158838,-2.636873,2.3810477,3.5891228,-2.2645628,1.9790531,8.3083315,8.920202,4.8091154,2.818229,5.2914133,2.910125,9.837629,7.9246125,-1.2793345,5.328393,-5.503224,-2.2436285,-1.7574744,-5.2745566,0.66914165,-1.6701494,-6.4505506,0.67623127,-0.058339,-2.9530096,3.80667,10.402989,4.858974,1.833547,5.721383,-3.573646,-0.7730906,-6.8392863,2.3892443,-0.604018,-3.1520612,-5.3776884,-3.991764,0.75353044,3.506251,-1.1335955,-3.8377495,0.43640205,-5.6778708,-2.7815113,-1.391023,-0.25633547,-1.0223556,2.6038008,3.006189,-0.15136452,-5.1281533,-4.1644907,-3.359473,6.3984566,-0.71598417,0.6919254,5.474819,6.015527,0.750432,-10.735174,-3.3590293,2.34066,0.25562173,2.092931,-0.39319587,-5.1803045,-4.7608905,9.086063,8.945638,-3.7829268,-3.48438,-4.3810496,3.7422228,-0.073566645,-2.8246825,-4.7570143,-1.8638235,-5.4962854,0.6130134,1.9654324,0.5542464,2.7205389,-9.223552,-0.15445164,8.666104,-4.799329,5.5423465
140,-7.2725782,-3.2133892,-11.273738,-7.979289,-5.7915654,-6.9987803,-9.237312,-1.9932731,-1.1523067,-1.9857371,1.4928967,0.61789364,-9.732681,14.855107,8.065285,-6.647899,-8.495491,-4.8711786,-15.048841,-4.0717616,-4.158903,-3.9629805,-4.3242455,0.37881723,-7.570854,-0.0020475823,5.211443,3.2280772,20.329624,16.04188,22.72814,4.0145144,25.214928,15.76818,8.398427,-3.1005895,-2.6245592,6.537703,-2.1198454,-5.155585,-4.2398148,-4.200812,-2.0706608,0.51891935,3.4925044,-0.8139809,0.5497497,0.09517095,-3.5424151,-2.6934958,-0.18993625,2.691882,-1.2725677,-1.1735854,-2.3382547,-1.1847899,-2.2837138,4.461905,-8.972163,-4.7790675,2.9991803,2.4793518,-1.5757105,6.823568,8.082982,-2.5571609,1.8803743,4.5269127,5.5518365,2.0677698,1.8844658,-0.7217447,-1.0678746,-6.962766,-6.081403,-2.5597217,-1.9640614,-5.358435,-2.5692244,4.7030563,2.3697379,-5.5957074,-0.6896332,-2.140901,-3.1670496,-0.9393432,11.14038,10.390363,-2.9612324,-0.05646513,-0.104140826,-4.1552954,-0.45503592,-1.0293162,5.3944097,-1.6006478,3.5058606,9.152208,-0.35394576,2.7994916,-3.079425,2.4596217,3.3293552,-1.4602077,-0.08232778,2.638528,-2.0771773,-9.563437,-0.7593996,-1.9183416,-3.7897108,-4.4729886,-1.825075,-12.194496,-1.7997677,3.3797503,-0.86919683,-3.1838644,7.7927155,0.36297908,-7.0144343,0.85242593,0.12269966,-0.18348776,2.0940402,1.7639855,-10.688534,2.9867375,-0.77252614,-1.5244383,-0.14455985,-0.028572386,-1.7180201,1.7536232,-1.7185905,-3.6984625,0.7258393,-3.4369605,-2.0744598,0.46019995,-1.785588,0.67239046,-1.2453688,-2.6964529,3.7425694,-4.904831,-0.039790913,-3.3718905,-1.4643588,10.315735,4.7529073,-8.6832485,-9.86555,-9.497016,-1.9515841,-1.290268,-2.594209,-9.788498,-4.5832076,-11.203706,13.691338,11.374548,-7.866826,3.8086812,-1.3831632,0.83881557,0.82685924,5.501662,-6.6578093,1.7615453,-4.656024,1.0298483,0.6263563,-0.9968436,1.6353203,5.327949,2.350169,4.768211,-0.2376527,2.8191502,-9.118332,-1.5098447,-7.25861,-7.8534594,-7.1246085,-4.9492965,-7.030848,-3.5449555,-2.4024138,-3.8585556,-1.4690465,-3.137329,-14.040894,13.322133,13.0756,-6.980543,-3.4497805,-5.959809,-5.964105,-3.3719175,-2.67067,-3.3094125,1.0093317,-1.4798537,-0.033639,-3.5376015,4.177649,-0.83582795,14.375253,14.322044,6.0625286,-0.121567555,11.968116,11.751643,5.6856465,-3.1595685,-4.6693153,-0.59343386,-1.5363536,1.6406429,3.3295302,-0.40024734,-5.430903,-1.5856899,-2.71862,3.6006372,0.21243572,2.8608253,-3.6829088,-5.1354866,-1.354677,1.4763284,-3.3512874,-1.2550113,-1.4538976,0.034966625,-5.532515,8.371038,-3.565157,-6.815559,5.8817005,3.5284722,2.4090421,-0.8953277,6.4282413,-2.5094688,3.8106,3.4909513,6.34256,-2.6093936,2.1185236,3.23243,-0.6826501,-8.958137,-8.346764,-4.994027,-2.2317681,-3.9989018,-6.571282,1.6599649,0.28070793,-0.788948,1.7830502,-3.7980323,-4.401695,-1.915694,-1.9147773,6.4924207,-8.634717,-6.387711,-2.8193967,0.4190717,-3.4871707,1.121946,3.9366004,-1.9449042,6.0591116,11.575909,4.2432394,-0.8544177,-4.411431,0.99541914,-4.8434563,6.4454875,3.0256057,-3.5947626,0.57223445,-12.253882,-4.83729,1.1527437,-2.6745281,2.5180883,-2.154971,-11.675583,-5.423626,-1.7723678,1.259945,1.3003352,7.557185,2.6693811,-1.8220723,2.7840633,-5.1731668,-1.2021657,-5.835812,2.8230438,-2.256705,-1.3287994,-5.074214,-2.5348446,-1.9940758,3.7266765,-1.2770658,-3.8859553,-1.7972854,-6.1801705,-2.544317,-3.4547377,-2.4901884,0.13048042,3.5066755,-0.041766085,0.81728065,2.9774108,-1.0857978,-4.837872,1.1040313,-0.73711544,3.822449,8.103399,6.6526194,-3.9988444,-16.513588,-9.064459,0.9898836,-2.4582405,-2.9101346,-2.52207,-4.8050523,-4.7859054,10.155372,8.291726,-6.6542044,9.580881,1.393164,2.9910138,-2.9654171,-3.2431805,-5.6200147,-3.2898557,-8.961986,1.1373668,-3.986218,-2.6978302,0.36641666,-7.0438123,0.23191893,1.871784,-3.9392862,7.0634227
141,-7.4180365,-4.8900156,-9.895842,-8.2380495,-5.58375,-6.578115,-6.691362,-2.2220042,-1.0122524,-1.0272652,1.8560473,0.6619096,-11.644045,16.13539,10.224503,-6.5869856,-5.317407,-4.388086,-15.401722,-5.566315,-4.787002,-3.2654061,-4.872588,-0.07424629,-7.599188,-1.984264,5.589259,1.2940632,16.539177,17.026278,20.311636,1.7649059,23.478764,9.905404,3.9381666,-2.2130303,-2.2595341,2.5621166,-3.5239675,-3.9674103,-2.9271681,-5.2748604,-4.0243745,0.70251125,3.2556016,-1.3065318,0.13679957,-2.0988348,-0.03695337,0.044511355,-1.1668041,0.98141325,-2.3588386,-1.1280417,-1.8762512,0.4307929,-3.6806946,5.5887856,-4.5744042,-1.5568081,-0.3467873,0.79459494,-2.6741068,4.713177,5.1867356,-4.691973,0.8688475,5.171587,4.1166515,-0.797139,2.1707072,-2.5966682,-0.40632856,-6.5672374,-7.6519423,-3.777522,-4.5765085,-5.215214,4.788319,11.654408,3.8653417,-7.300224,-1.3690687,-2.6725357,-3.9070685,-1.2166504,9.244319,8.4385,-5.0464,-0.35946733,-0.18304415,-4.0115776,-0.10227498,-4.6510344,2.1178493,-0.1321794,4.496927,7.991899,-4.6293826,1.6126115,-9.45305,1.1031443,-0.59471726,-3.544312,-3.03708,0.5372851,-4.5464187,-8.179322,-1.4024851,-4.7204275,-3.888189,-3.7941446,-5.4118032,-16.515165,-8.171046,1.9897732,1.7252886,-3.7453911,-0.6638486,-2.5220919,-6.023689,-0.8512895,0.28795588,-4.0787644,-0.49290445,-3.1133037,-9.106186,3.9708135,-1.122442,-0.55604213,-1.3446597,-0.69223696,-1.3951261,0.6885955,0.2107766,-3.5849748,-0.27464944,-2.3011882,-3.446067,1.1009531,-4.912137,1.6074066,-1.5612504,-0.08841705,4.457163,-3.3755639,-0.4182892,-6.098951,-2.0704057,9.094216,3.1819408,-3.5039506,-8.748,-9.745068,-7.544712,-1.763889,-1.535287,-12.601538,-6.667927,-8.71194,12.024046,7.037587,-6.8305097,-1.0843943,6.978065,-4.3611164,-2.6213965,3.227016,-11.16644,2.3225603,-7.2804847,-0.5166337,-1.8227332,-1.7640715,0.6170491,4.972753,-0.77559936,2.9249005,0.29867736,0.4882049,-9.124849,-3.5007973,-5.659563,-6.92054,-6.3626366,-5.008657,-5.7061057,-4.2537293,-2.284444,-2.2617311,0.6244963,-0.093992285,-13.874016,14.804884,14.054806,-6.940179,-7.008082,-6.2137947,-7.6415763,-3.5565085,-3.0233688,-4.2165675,-0.05746771,-2.7613938,0.5279513,-0.22094578,4.515814,-0.53390604,13.756881,11.144069,6.111831,0.47448346,7.625993,9.304908,3.530935,-4.03518,-1.2885709,-1.0007747,-3.009734,3.255118,3.6498682,-2.644631,-4.354384,0.43051183,-3.5160816,6.313681,1.5125448,6.1008306,-4.0173593,-1.7629852,-2.5780969,-1.3493856,-0.7123132,-0.81605923,-1.4175241,-0.5483223,-4.417559,12.391381,-0.9108263,-0.26539156,6.0953164,6.4058537,4.37862,-0.16552489,7.8485637,-3.9850905,4.9660707,4.763863,7.0107,-2.8752773,2.0330048,3.3342059,0.83001935,-7.0617976,-8.755732,-3.1994987,-1.2831256,-2.9661925,-3.472339,2.8040984,2.3942652,0.23795599,3.263685,-2.5843325,-1.8971864,0.56634265,-1.1357695,6.6129246,-8.554727,-2.1768403,-0.98158,1.9264176,-1.6419322,-1.0396252,2.9130251,-0.36374477,7.224743,12.0660305,-1.0571498,-4.7874026,-9.662737,-1.9679965,-8.541681,3.0655541,-2.6570618,-3.9260776,-3.8289468,-14.726464,-5.545433,3.8555875,-0.2946001,3.9364233,-3.9326217,-13.34547,-10.366435,-2.5214868,4.616089,-0.60148495,4.2331705,-0.20517187,-3.1644166,-0.57030904,-5.5236297,0.37452042,-2.8724282,1.0133439,-1.4570255,0.41266236,-3.3757496,-0.18780795,-3.5808535,3.6307673,-0.8684737,-2.9113977,-3.4349718,-3.2432704,-1.8257223,-3.5358803,-2.8565965,1.7949702,5.180329,0.5550837,3.0530384,7.35129,2.0605936,-3.8870482,-3.7965295,-0.52485555,5.295144,9.18883,6.8894258,-5.664777,-15.471207,-11.559595,-0.66052526,-3.039051,-4.4750986,-4.1526,-2.7953901,-4.2341704,8.061829,7.64872,-6.169467,18.134533,6.1697826,1.0291927,-3.4096346,-2.182488,-5.2649784,-2.7996335,-10.286123,1.3548613,-8.593336,-3.6169,-1.6213375,-0.8892682,0.802612,-10.374335,-1.2827088,5.3676457
142,-4.953237,-4.695044,-2.9403353,-5.794806,-3.6440494,-4.1203365,-2.0982487,-1.7541665,-0.62387854,-0.30739594,0.22705749,1.2245759,-9.342328,13.509352,9.964568,-1.956952,0.7641415,-2.1848114,-9.091342,-4.723669,-2.4608786,-1.2761356,-2.6584232,-0.6015878,-5.0087757,-0.9615045,3.5822587,1.6427394,8.816414,13.908206,13.906038,-0.6359989,16.276964,3.4163685,0.963894,-0.6081647,-2.3496718,-3.6997068,-3.459503,-2.8872967,-3.0691113,-2.8926148,-3.9810584,0.87874854,1.6403973,-0.20505813,0.44711706,-2.9808946,3.0534132,1.7245158,-1.186521,-0.9055203,-3.6724613,-0.70135486,-0.6065477,0.9363234,-5.3815804,5.5601106,1.3813688,2.5901918,-3.7452288,-0.6698228,-3.854144,2.7266355,2.3460898,-6.2482457,0.40063396,4.6432924,2.9694896,-0.88321334,3.5854886,-2.701998,1.8406813,-3.7482193,-6.406332,-2.1640368,-4.428612,-4.188227,11.796359,13.879927,7.065786,-7.049795,-2.1096315,-2.9569962,-3.642359,-0.84609836,6.598587,4.6755357,-4.6429644,-1.1491064,-0.35533375,-5.1050544,-0.48476115,-7.1092525,-1.369197,1.3508557,3.1456795,5.8698807,-7.5511093,0.6374142,-10.565056,-1.4007766,-5.7357774,-2.4525025,-3.7807825,-1.5692619,-5.2697973,-3.1735902,-3.399832,-8.73739,-3.2050169,-3.0625927,-6.8245096,-13.963602,-11.196685,-0.024779633,2.697726,-2.689293,-6.1744604,-3.5876377,-5.001343,-1.1669507,-1.0552647,-5.6450343,-2.4267273,-7.7382717,-3.1016407,1.919432,-2.2524016,-0.99678874,-1.2613953,-0.038874213,-0.8373899,0.4448312,1.5202343,-2.02197,-1.21038,0.2931448,-2.9324446,2.0158932,-3.0466783,3.0902772,0.0582771,0.57673496,1.640627,-0.4096753,-0.039251633,-5.8144436,-2.2004223,8.210174,0.78833777,3.7045476,-8.150731,-7.70298,-8.436453,-0.7660373,1.9386891,-9.377164,-4.870832,-6.2457333,7.45166,3.3255508,-3.717521,-4.432436,10.604063,-7.206348,-4.9878397,0.4435405,-9.677192,1.070169,-7.2794385,-0.47017398,-4.003536,0.038589057,-0.030314378,2.9125957,-2.499865,-1.9209172,-0.45769256,-2.7130525,-6.720621,-1.8195803,-2.6457493,-4.0634046,-3.8524497,-4.031053,-2.8619049,-4.126176,-1.9202104,1.0649792,2.8237257,2.5161045,-9.100328,14.060077,12.9985285,-3.7225676,-6.901419,-3.365272,-6.875436,-3.2028458,-2.5465546,-3.3595018,-1.1735649,-2.5895982,1.8237977,3.6937976,3.1491609,0.74431586,11.1838455,5.0489416,5.5139546,1.3238524,3.3752522,10.017746,3.061182,-2.9940224,1.9476819,-0.11981725,-3.2844892,3.5320392,4.145488,-3.706217,-0.87150997,2.1236181,-2.3603444,7.419927,0.9865564,6.124775,-1.9164411,1.8605726,-2.8725367,-2.6228995,1.6885283,0.27006435,-1.4300917,-0.9687714,-1.7534113,10.659873,2.3957114,7.25381,7.1513963,7.6934896,5.1000166,1.1096139,7.489796,-6.016971,4.3290153,4.9603367,6.498848,-0.9930142,3.0586534,3.9596956,2.8177488,-3.8600962,-5.5456533,-0.91682935,0.7429362,-2.008044,-1.1470551,2.887536,1.9825689,0.70378435,2.5890381,-1.4797078,2.1037066,1.9852357,0.019326918,4.2615337,-3.7083871,-0.13289554,0.4225829,2.7673764,1.5932279,-2.5777695,1.1877371,1.470072,4.810891,8.858604,-4.5456076,-5.2881613,-9.863266,-3.3426905,-10.7717705,1.7683694,-5.18783,-2.4976487,-5.5616293,-11.310858,-3.9540527,4.8231955,1.4073836,4.013914,-5.359746,-11.453157,-11.79474,-1.8709924,5.725234,-1.4199839,-0.5716499,-2.6908512,-4.192033,-2.1929994,-4.666711,2.0535004,0.35758767,-3.0440967,-0.93454766,0.8358142,-0.90011895,1.6969131,-2.7420197,3.0550828,-0.31569687,-1.0885237,-3.5772293,0.37712136,-1.0589494,-2.6361003,-1.8928927,3.524936,5.0978923,3.5107143,5.000382,6.03639,3.5209372,-1.6759326,-6.194266,-0.22046326,4.065158,8.176844,6.097374,-4.1213603,-10.939404,-10.605188,-3.1637177,-1.6579688,-3.0475519,-4.599939,-1.09584,-4.6850686,4.361377,7.2721443,-3.1799016,16.99752,6.248477,0.9386937,-2.608257,-0.8514727,-2.8531246,-0.50367045,-8.741964,0.7950701,-11.62802,-4.048363,-3.0017135,4.855354,1.484578,-21.76515,1.5339599,1.2402272
143,-2.678016,-4.559208,3.6309648,-2.9949043,-1.465715,-1.7658414,2.347219,-1.2818961,-0.73392916,0.3639131,-2.1262572,2.1341872,-5.8578625,6.6129603,7.640182,3.1813066,5.6604548,-0.4665092,-0.5997231,-2.851805,1.0608546,0.39710185,0.01068346,-1.5051352,-1.1403503,2.4704792,-0.1857809,3.0178804,1.0958843,8.763224,5.0392375,-1.9639198,8.7234335,-0.53068244,0.11395186,1.1767633,-3.4621928,-9.6333475,-2.2131767,-3.0205705,-5.243716,0.6676021,-2.69687,0.7615002,-0.15099855,1.0196992,0.8173263,-2.4960253,3.5501366,1.703579,-0.8750617,-2.080465,-4.4753547,-1.0942467,0.40703434,0.45295262,-8.147107,5.7606325,5.7006626,4.422534,-5.173502,-1.185794,-4.0974717,1.8204955,-0.2272969,-6.088297,0.8772831,3.316804,2.3832586,1.6065584,5.439806,-1.5625631,3.828595,0.36523,-2.5441098,1.316703,-2.273619,-2.4347072,14.911663,11.158853,10.611605,-5.0581174,-1.6314183,-3.0189812,-2.4566257,0.51602995,4.262494,0.5883752,-2.1788967,-1.3623915,-0.7808456,-7.7258973,-0.876756,-6.75875,-3.7764368,1.9091483,-0.011007335,3.5337727,-8.165454,-0.3786123,-6.2173815,-4.38108,-9.297611,-0.84342146,-2.7109022,-2.5686884,-5.323732,2.3046112,-5.8735986,-13.76079,-1.1309232,-2.113008,-4.9549184,-6.706878,-10.359724,-1.311157,1.2004881,-1.6548963,-9.659324,-2.721623,-7.7528133,-0.910645,-3.177219,-4.5490646,-3.5108585,-11.085327,1.7855644,-2.4075475,-2.8743253,-2.809885,0.06304729,1.1043266,-1.1320237,0.9087592,1.3882931,-0.6913214,-2.1559873,1.4420543,-1.0779405,2.2638988,1.0211027,3.039975,2.033723,-2.0684695,-2.547409,2.1289914,-0.29531357,-3.4096534,-2.8701441,7.497918,-1.9283575,6.913657,-9.396742,-6.566668,-5.9594893,0.63291866,4.5392237,-2.9780939,-1.3590397,-6.0550404,1.787486,0.26701266,-0.95875555,-4.957297,7.1030083,-5.913661,-6.203141,-1.6970568,-2.7001035,-0.76195806,-5.286804,0.49159715,-5.306767,4.970133,-0.7743578,0.19754562,-2.4350986,-6.4161167,-1.9479702,-4.616652,-4.6610975,0.6692228,-0.7590738,-1.883091,-1.5351332,-3.0884855,-0.14610139,-3.5864487,-1.544787,3.9581656,3.29806,4.002097,-4.0782456,10.601289,10.531216,-1.2110031,-3.2234032,-0.19415502,-1.937321,-2.2307599,-2.0900958,-1.3230628,-1.6172422,-1.0805416,2.9502478,6.667793,-0.15537564,1.8279183,6.264885,-1.441249,2.6402223,1.3965093,1.2489331,13.227575,4.2915907,-0.9276235,2.8391118,1.06026,-2.4478507,1.8401874,3.218567,-2.2064478,2.7718713,2.3864245,-0.46452844,4.8421226,-0.82854277,2.6448982,0.67240036,3.2516165,-2.5428307,-1.9821004,2.4564133,1.4174813,-1.6299288,-1.2357534,-1.1214999,3.8837948,5.113415,11.657024,8.915972,6.6774783,5.322933,1.0384784,5.179019,-7.258578,2.7533028,3.9401412,5.2114615,2.2142353,4.458448,4.200316,4.0709577,-0.9326012,-0.6532569,1.2088983,2.8407393,-1.2474843,-0.8382839,2.389649,1.2031196,0.36865905,1.1723481,-0.71235335,5.929855,2.4634585,1.321937,0.67963743,3.0387025,0.23104416,0.16932642,2.9930735,4.105051,-2.3761005,-0.398619,2.2372677,0.8134105,3.1157658,-5.359471,-3.4127572,-5.3348656,-3.5104644,-13.253574,2.261024,-3.1217916,-1.1461374,-4.6140103,-5.0392427,-1.7229434,3.6627593,2.693703,2.9079003,-4.9048247,-7.9523015,-9.441325,-0.55940247,4.03408,-1.567608,-6.2957363,-4.2114315,-6.9325857,-1.3886461,-2.8773572,1.9332212,2.3115284,-7.5950875,-3.1319811,-0.017371545,1.563703,2.551958,0.05391879,2.245333,-0.43656585,0.7826786,-2.5032368,1.3744924,-0.92653817,-2.3917587,-0.7411203,4.6373773,2.1804764,5.454271,5.009731,1.3561611,2.6254587,-0.28164688,-5.7226653,-0.21004702,0.79378337,5.9827404,4.000491,-1.1879652,-7.4122124,-7.6644015,-5.816882,-0.4166145,-1.4965813,-3.6019294,-0.8532561,-6.2489567,1.7644382,5.341177,-0.02543534,8.437859,2.2673752,3.103896,-2.7417743,-0.1060508,-0.107164755,2.060446,-5.2216415,-0.16872056,-13.850922,-6.2065063,-3.7063665,7.096191,1.6553257,-25.934366,2.6026318,-3.229704
144,-2.3390284,-5.4810567,4.968471,-1.7007074,-0.21019149,-0.68742585,4.307162,-1.4978652,-1.4785162,1.1351147,-3.4883983,2.4488559,-3.64727,-1.3672494,4.7828717,4.945357,7.0626526,-0.5647931,5.4657197,-1.381692,3.30314,0.55461055,1.4693239,-3.1436028,2.5758507,5.07783,-4.2433815,2.9336832,-3.4689605,4.4158216,-3.6002457,-2.0770953,4.159518,-1.2098942,0.25294197,2.4552271,-5.4871697,-12.650366,-0.9521333,-4.3284097,-7.9603863,2.2058156,-1.3770441,0.08945305,-1.3747765,0.8625375,0.5269347,-1.8650415,1.3307859,0.83130175,-0.9061894,-2.2807405,-4.2674494,-2.4466558,0.5353975,-0.2658207,-11.716755,6.5028324,5.93241,2.5719137,-4.29155,-1.0914522,-3.184552,2.047274,-2.6920455,-4.6009927,1.3789297,1.5348079,1.8714048,4.065443,5.8014154,-0.4746804,3.327722,3.3437054,1.3500596,4.0289187,-0.2290885,-0.6675383,12.813689,6.9594736,11.992455,-2.48602,0.1393389,-3.2220285,-1.0780035,1.7178588,2.0614438,-2.5279546,0.31252074,-0.5990814,-1.7692002,-9.346087,-0.43104193,-4.0017653,-5.395908,1.1301731,-3.5182238,1.4180521,-6.921119,-1.9503561,-0.018441662,-6.1361747,-9.718326,-1.095383,-1.3189447,-2.449249,-6.288245,4.377754,-7.3777294,-17.582338,1.4886215,-0.9448479,-0.9117994,-0.7752787,-7.8712687,-1.2763361,-2.0582309,-2.4491625,-12.837689,-1.4833578,-13.739366,-1.2698696,-4.2908225,-2.468633,-4.138806,-11.540634,1.5700448,-6.414332,-2.216358,-4.499681,1.6341674,1.7035621,-2.5639586,1.3511081,0.18393458,-0.77208316,-3.2731516,-0.45653188,0.589962,1.1772373,2.8320987,0.92883104,2.222972,-6.557301,-5.209943,3.1663542,-1.8193296,-1.3273213,-4.1132207,5.7562437,-3.9136517,3.8604488,-11.134291,-6.9278913,-2.7534208,1.2881836,3.8165758,2.7749076,1.3771808,-7.4889984,-2.7004735,-3.1999645,-0.16500115,-4.132165,0.044128332,-2.7427025,-7.0636683,-2.9571495,4.89674,-2.0014353,-3.1457443,0.78494656,-5.7672753,9.790063,-2.0806723,-1.2515259,-1.4645971,-7.86668,-3.0482152,-4.1066756,-4.500469,0.8695672,-1.0277123,-1.867778,-0.860104,-2.7034001,0.63751805,-3.0436785,-1.4265014,4.6390295,1.5052168,4.2787495,-2.2325985,4.497011,7.4452686,-1.6977841,1.4270755,0.6018911,4.997324,-0.47708285,-1.9641789,0.23191863,-1.6596305,0.24522573,2.6084127,7.641597,-4.2798777,1.6046858,-0.14085443,-5.2515035,-2.0566554,0.36128265,0.31616414,14.71845,5.4111686,0.5152518,0.4274353,0.92007685,-1.374106,-1.1233569,0.37444696,1.101021,4.2521944,1.6106905,0.21923436,-0.3163961,-2.844532,-2.04737,1.5427045,2.0228672,-2.2790163,-0.7338161,1.7495906,2.088704,-1.9233679,-1.6248869,-4.251155,-4.84724,6.0570655,10.953481,9.403459,3.7780027,5.3279395,-0.41677672,1.8121092,-6.870202,1.3222823,2.2026753,3.5594296,5.243342,5.155046,3.3038888,3.535967,1.0487783,3.1872146,2.6695797,3.6150475,-0.05288435,-1.6332777,1.4469401,1.9032629,-0.37921122,0.4713184,-0.34447342,7.626891,2.4337692,2.1729202,-2.0880547,7.3342853,0.060739957,-1.1609808,2.854866,4.541202,-0.74035656,-1.1311367,1.5714433,-1.9112839,-2.317833,-4.708236,-1.6886507,0.5331948,-2.7080789,-14.730486,2.3298826,1.2154763,-1.5661633,-3.2741454,-1.0627161,-0.88344055,1.5439292,3.9813113,1.65161,-2.6814606,-4.8506484,-4.67,0.24287203,0.65086305,-1.7837237,-10.971094,-4.852161,-11.3460045,0.711635,-0.44488013,-0.38529396,2.7552676,-10.109433,-7.5097265,-0.97397995,3.6300702,2.883087,3.0616856,1.441531,-1.4881785,1.7727051,-1.2223299,-1.2663496,-1.6240697,-3.3919156,-0.190218,4.4440722,-1.9900683,4.1766357,2.7717483,-2.367683,0.26942772,-0.9293314,-3.8115635,-0.68388724,-2.3136165,4.0645976,1.2995851,0.83307004,-6.6474075,-4.613446,-7.5172,-1.1959889,-2.129842,-1.8289788,-1.6995074,-7.692533,1.7612498,0.29359356,1.1974751,0.0076196734,-1.1904299,4.715473,-4.530932,-0.031229151,0.44041434,3.025916,-1.6354718,-0.6266082,-15.911604,-9.8963585,-3.8352542,5.8956013,0.7929417,-22.832907,1.0221567,-6.525453
145,-3.3682964,-6.4159236,1.286602,-2.1680284,-0.20725052,-0.57398677,3.089736,-2.5174909,-2.4174213,1.801026,-3.0142455,1.3486602,-3.154744,-6.7959924,2.663076,2.5783045,5.726263,-1.9800798,6.9997187,-0.7992615,2.920153,-0.89061,1.6071829,-5.297057,5.2196627,4.183735,-6.9518704,-0.020767873,-4.481896,1.8604965,-9.8928995,-2.1664102,2.030226,0.101456754,-0.057216,2.8718061,-7.214163,-11.829612,-0.7175043,-5.7490983,-8.762283,0.60056216,-0.8617752,-0.9802595,-1.8275305,-0.71346617,-0.4595371,-2.248162,-1.6368077,0.47145396,-1.4204861,-2.0024366,-3.264375,-3.6853464,-0.119173974,-0.56309986,-14.415773,6.3888097,2.3707802,-1.2341114,-2.6048474,-1.3096863,-1.7911636,2.7733324,-5.5087075,-2.9230254,0.8927928,-0.65347606,0.5303157,3.9878132,3.4323533,-0.29325742,-0.06528767,3.4291897,2.6768143,4.1878996,0.20650798,0.2140347,7.1358185,5.0339713,10.029336,-0.68204826,2.3245513,-3.6799474,-0.22084603,1.3792192,-0.8876258,-4.4955673,0.9991878,0.40047988,-3.2661903,-7.553434,0.9490362,-0.9129186,-6.700119,-0.372542,-5.9200883,-0.3624035,-5.606378,-4.22964,3.6243365,-5.1547775,-7.0837436,-3.257957,-1.2668182,-1.7273655,-8.350664,1.7597773,-6.8875046,-18.072205,2.9081182,0.19403397,2.1941695,-0.39051273,-6.291242,-0.6646236,-5.0608115,-5.5159044,-15.943368,-1.4243492,-18.623346,-2.364335,-3.3264399,-1.8617138,-4.427046,-8.234221,-2.596889,-7.595203,-0.5042928,-4.552841,2.20549,1.3164954,-4.0809317,1.1791295,-0.90051347,-2.189296,-4.35812,-4.142012,0.8814454,-0.8620482,0.39384866,-2.0427434,-0.28197977,-8.939589,-4.940023,2.7303784,-3.5980535,-1.1204276,-4.7556715,2.2721817,-4.15963,-2.6060011,-10.9365015,-7.0826406,-0.3700014,0.81708705,0.37349582,5.1103935,2.15184,-8.68273,-4.966125,-7.308559,-0.79080486,-4.2682905,-4.948788,-1.3011774,-7.9894543,-3.8109417,8.204269,-2.414785,-2.2822266,-0.21064378,-6.0329723,10.58268,-3.9611473,-0.8156977,-0.85037774,-6.467652,-3.3245277,-1.9677379,-5.629417,-1.6390939,-2.5162675,-3.405979,-1.7343812,-2.6669283,-0.75404423,-2.6359272,-1.6696138,3.109799,-1.1096103,3.659461,-3.5859063,-2.9693592,4.2641506,-4.2044296,3.9776566,-1.3208017,9.360858,1.7421801,-1.9620839,-0.020500692,-2.2246015,0.298826,0.3857627,6.6168027,-6.9378676,-0.009492493,-5.708581,-5.2913322,-6.596151,-1.5008886,-1.7327534,11.160461,4.674719,0.24513222,-3.692198,-1.0896066,-0.95260197,-3.8869548,-3.321526,3.9314806,2.9709282,1.3313855,-0.86323035,-4.5976152,-4.076358,-4.814702,0.27041876,-0.046364285,-2.5271153,-0.40209144,0.5751484,2.1280723,-2.270587,-2.0263326,-9.327657,-11.754477,5.0775194,6.61232,6.4942656,-0.23360534,4.851179,-1.6588048,-1.4585582,-4.929795,0.41580468,0.3554017,1.4483941,6.8274055,4.379235,1.2029942,1.3900902,2.624362,4.6457114,3.2165287,2.4090757,2.1856213,-1.4501209,-0.23819005,4.1129303,-0.6229534,0.766602,-0.2842275,6.5656657,2.1783416,1.950255,-3.120721,6.6923814,-0.15918452,-1.9172012,2.50998,3.1201274,0.8172501,-0.9016939,0.34102234,-2.0824218,-4.882783,-4.571277,-1.8189608,3.6869335,-1.0791714,-13.182752,-0.064904034,3.593387,-3.7046766,-4.029345,-2.1173358,-1.7662504,-0.05667498,5.174773,1.0166702,-0.37977198,-2.649405,0.72902817,0.12703647,-2.039067,-2.3356333,-13.1783495,-4.942514,-14.91416,2.154012,2.066828,-3.6352496,2.6448472,-8.978765,-10.959852,-0.8997729,5.305169,3.4552443,4.577561,0.5573038,-2.7309828,1.5369357,-0.59803265,-5.465277,-2.4215238,-4.6470337,-0.26474518,2.970648,-4.636393,0.40840736,-0.47750333,-2.6134877,-1.8898225,-2.9825935,-2.4976823,-1.298633,-3.1225262,2.8841891,-0.6869064,0.92461824,-6.8965344,-2.3186784,-8.015472,-3.5929453,-4.4442677,-0.55875134,-2.4826274,-7.5795684,3.2318504,-6.6980877,0.07473448,-2.3278193,-0.25894105,2.8899949,-6.5263767,-0.30318457,-1.8732936,1.6422571,0.45157117,0.04811454,-17.194382,-12.390078,-3.6986918,3.2995713,-0.8162685,-19.091328,-2.5891652,-8.863391
146,-3.9106417,-5.4066377,-2.970975,-3.2870526,-1.0744917,-0.55093217,0.29979807,-3.6795824,-3.0280905,1.9740441,-1.2839798,-0.80012727,-3.2738092,-8.999009,1.1704717,-1.496237,3.8521366,-3.1722136,4.7440886,-0.63292694,0.5673052,-3.0287633,1.1896523,-7.2468534,6.3202996,0.29148874,-7.588167,-4.5953403,-4.186979,-0.35210958,-13.505802,-3.4629042,-0.27053323,1.7037197,-1.1414146,2.5324726,-7.2962704,-8.383713,-1.4248638,-6.2416587,-6.411621,-2.2178733,-1.3718771,-1.9300911,-1.7892033,-2.5065858,-1.4715061,-3.6286168,-3.0845146,1.1417145,-1.9771631,-1.931716,-2.0991864,-3.6615,-1.0960088,-0.4077026,-14.358191,3.7203517,-2.2161975,-3.9614167,-2.1944473,-2.3589816,-0.89569217,3.0823145,-9.240772,-1.6365275,-0.40438297,-3.2238915,-2.0652776,1.3530703,-0.635206,-0.8432646,-4.3440657,0.97048986,1.2394614,2.368106,-0.58905566,-0.26708284,0.842542,5.9032393,5.986261,-0.39386746,3.9449286,-4.0163155,-0.07936758,-0.6365456,-4.8446536,-6.0304794,-0.1705099,0.49863788,-4.6019683,-2.948552,2.421537,0.5521482,-7.0251346,-1.3986249,-6.542784,-1.8763001,-5.9966984,-6.60142,2.7215083,-1.6756451,-2.8973389,-5.549442,-3.2317708,-0.9452118,-9.893505,-3.1845846,-4.526376,-15.197553,2.0151243,0.81955224,1.4511127,-4.4840527,-6.236965,-0.67986494,-5.840298,-9.478402,-17.386894,-2.7040088,-18.278465,-3.1344106,-1.1210352,-4.085304,-4.00553,-2.4937024,-6.0587835,-5.5610075,1.2703155,-2.983219,1.1836889,0.29861093,-4.1450243,0.51068616,-0.93068427,-3.9492257,-4.888253,-6.644054,-0.08803106,-2.6445146,-4.107009,-4.416851,-4.3232546,-6.0047994,-2.676568,1.4814016,-3.954683,-2.289199,-3.6495402,-2.0805523,-2.5628724,-7.5017014,-7.7678413,-5.589752,1.082435,-0.2584531,-2.6846013,3.4838026,1.1934086,-8.844996,-5.8025184,-10.747616,-0.974463,-5.648864,-5.7656217,-2.5266075,-8.459387,-4.7544513,6.2456484,-2.5126977,-2.6681945,-1.4148009,-6.9168468,6.6467886,-5.9128284,-0.32963818,-1.0931785,-4.8151703,-3.5205197,-0.35024032,-6.1967535,-4.4855657,-3.4304523,-4.6121116,-2.7890208,-2.4832711,-2.6681857,-2.271212,-2.0340068,1.0107348,-2.2818184,2.6730907,-5.4039707,-9.619373,0.99586624,-5.892845,3.302237,-3.930999,8.363015,3.429781,-1.8088392,-1.7856399,-3.5927784,-0.47548997,-2.5827322,4.4609714,-6.459366,-1.858304,-8.337064,-3.5548425,-9.351903,-3.5778334,-5.6011786,3.6424482,2.1677067,-1.5114362,-6.694628,-3.798675,-1.2182187,-5.4117956,-6.2040725,4.3954105,0.27750406,2.5371704,-2.357709,-5.468989,-4.167985,-4.256064,-1.54921,-1.0408101,-3.0341876,-1.1718844,-0.26901507,1.750196,-2.7954898,-1.7181742,-12.710177,-14.215724,2.9332135,1.8817884,-0.2612576,-4.83394,3.5625818,-1.7276894,-4.2523723,-2.2094233,-0.42068303,-1.3480861,-1.6287731,6.4537754,2.2113438,-1.5489358,-0.93378204,4.4187536,4.3508344,2.8251379,-0.12147177,4.926752,0.7920478,-2.6102338,6.294456,0.2262428,1.2486185,-0.33741748,3.9294136,1.6482762,0.513191,-3.344196,2.135994,-0.6664657,-1.2385252,1.9398746,1.1614884,0.8775232,-0.41573283,-0.30299035,-0.82967615,-4.29945,-5.8417506,-3.4822547,2.0702047,0.684145,-9.256228,-4.787713,1.31377,-5.8923187,-7.1915054,-6.1803565,-2.7588801,-1.093197,5.558442,0.63592947,0.3141764,-0.6714928,5.1096406,-0.19673182,-2.0268705,-2.832227,-13.4175625,-4.669264,-14.644001,1.6549166,3.5090961,-6.0306697,2.839602,-4.825328,-10.981113,0.14326355,6.4392366,4.2840166,3.973364,-0.68520343,-3.1077607,0.56593186,-0.826524,-7.9492607,-2.18184,-4.753879,-0.58777016,1.3029257,-4.418148,-3.3248482,-3.1244605,-0.42646858,-2.7658594,-4.5601597,-2.9525824,-1.4299366,-1.3696915,1.418469,-1.1774468,-0.055884868,-5.5678186,-0.3261793,-8.193357,-5.16327,-5.8629313,-0.62563354,-2.54225,-5.463508,3.3553455,-11.936252,-2.0920727,0.63051677,3.6303294,-1.9085199,-6.734871,-0.82117254,-5.055993,-1.159757,0.82155555,1.5898416,-15.944428,-11.165152,-3.7237654,0.7796864,-2.1347198,-21.11873,-6.6804976,-11.575664
147,-2.9074602,-1.852452,-3.615708,-3.7377417,-2.1310794,-0.29606134,-1.5572201,-4.0359125,-3.142879,1.4549559,0.34802207,-2.4568455,-2.776462,-10.318277,-0.8187333,-4.1494265,2.5010593,-3.2328172,0.97136277,-0.2841319,-1.8806657,-4.6713033,0.66520864,-8.383678,5.6346173,-3.478534,-6.974917,-7.6853523,-5.419966,-4.256932,-15.56231,-5.7761497,-4.012448,2.5009058,-2.0648828,1.686582,-5.7565274,-4.7290325,-1.9355493,-5.729227,-2.112707,-3.2846959,-2.7084143,-2.3801818,-2.0054245,-3.6236033,-1.826004,-4.968122,-2.3766742,2.0712855,-2.0728922,-2.3332803,-1.0839438,-2.4017072,-2.0629132,-0.31087166,-11.212007,-1.3731538,-5.025926,-4.2246413,-4.1827574,-3.8353841,-0.9992251,2.0954733,-14.040456,-0.27045015,-1.2692481,-5.787524,-5.310073,-1.47528,-3.6928358,-1.32184,-6.6993356,-1.9457169,-0.7434464,0.6122651,-0.94750714,-1.720266,-4.0259666,6.649868,2.1299486,-1.3630226,4.4571857,-3.7507885,-0.3044196,-3.1081164,-8.819503,-7.684449,-1.5164808,-0.6281417,-4.846282,1.211183,2.9820821,0.11736588,-5.057487,-1.2225059,-5.657501,-3.3201253,-8.156199,-7.9194903,-1.3823215,2.0332189,0.40295726,-6.553127,-6.3308206,-0.5626422,-9.032622,-6.5839753,-1.5014596,-10.921493,-0.57228076,0.33888063,-3.2400954,-8.433531,-6.2062507,-1.6263319,-3.9166243,-12.028325,-15.521632,-4.306118,-12.555517,-2.5904167,0.1946281,-8.18374,-2.723319,2.2846105,-5.5811152,-2.436905,1.8675206,-1.4700679,-0.929757,-0.67084694,-2.2426257,-0.025576297,-0.02107569,-5.0726595,-4.5935206,-6.0954695,-1.1763192,-3.2381017,-6.493247,-5.8604465,-7.619132,1.4431926,-0.6091929,0.13608493,-2.3931718,-3.2858953,-1.0979375,-5.3428483,-0.2953449,-8.001948,-3.001299,-3.1569831,1.594818,-1.175641,-2.679747,-0.4150414,-0.74465925,-8.697787,-6.8795395,-11.924616,0.3623358,-5.9704294,-5.3900642,-3.620901,-7.587872,-5.787211,2.0809853,-2.6907024,-3.1477253,-1.2605171,-8.602834,1.2332995,-7.19526,-2.6563578,-1.6673477,-5.1987705,-4.7209544,-1.190947,-4.9209194,-5.1658044,-2.8035374,-4.1235194,-2.6959667,-1.9287115,-3.1365278,-1.8861175,-2.0745656,0.06496603,-1.016915,1.8833263,-5.0218678,-13.580397,-2.6078753,-4.9588685,0.8908566,-4.971117,3.6249175,3.469495,-1.4804869,-3.3432772,-4.766522,-0.87120974,-4.431719,2.1085978,-3.733293,-2.49819,-8.164744,-3.5401506,-10.225938,-5.203242,-9.309325,-3.299011,-0.284699,-3.6441498,-7.165757,-5.3607855,-1.3057435,-5.796317,-7.277337,2.531436,-1.9935431,4.391128,-2.6242378,-3.6832118,-3.5043268,-1.7555296,-1.9676048,-1.0191368,-3.0660505,-1.8408189,-0.55857664,1.2694471,-3.56442,-0.092625484,-12.275186,-11.938902,0.3160578,-1.2403203,-9.149723,-9.446824,1.415413,-1.8817016,-7.175132,0.2962618,-1.7912418,-2.9897819,-5.9118724,4.338597,-0.4240512,-4.2214217,-1.8778497,5.8326297,3.5124013,1.5976017,-2.4810648,6.3168006,3.95034,-4.6265936,6.7836967,1.5860583,1.0656855,-0.30284134,1.5827622,0.63436186,-1.6457548,-4.3578916,-3.110521,-1.5489568,-0.026058104,1.1675099,-0.094569094,-0.66886216,-0.62633294,-0.07395735,-0.30630702,-2.709496,-7.6135144,-5.059164,-3.2087157,1.2446429,-6.409844,-9.318199,-4.6647444,-6.5347915,-10.414348,-8.523532,-2.1595092,-3.1184094,4.3965287,-0.583592,-0.7213621,1.2595778,6.882036,0.21292223,0.67759323,-2.754626,-13.202242,-4.068005,-9.947158,-0.53841066,2.52058,-6.5824513,2.9639428,-0.3769211,-8.268881,0.82035786,6.305977,4.508505,1.7876568,-2.365292,-2.3614986,-0.28668332,-1.536354,-7.0383863,-0.51696324,-3.5123148,-0.9959815,0.8149129,-2.5973947,-5.203534,-4.5083637,1.2986568,-2.4987228,-4.191319,-4.7758923,-0.868527,1.036905,-1.674166,-0.7441361,-0.45727873,-2.3225691,2.1085112,-9.049962,-3.8742323,-4.6347604,-1.6036742,-2.2390294,-2.27697,0.10592455,-12.191319,-3.5784562,2.739313,4.245393,-5.8317933,-4.7702794,-1.929049,-6.330298,-3.5659294,0.48582244,2.9703188,-10.928424,-6.6602573,-4.155992,-2.0272753,-2.2299492,-27.581274,-9.845984,-15.325373
148,-1.1223711,2.3766923,-0.45060787,-3.0385752,-2.7845643,-0.18548799,-1.4267827,-3.2071083,-2.9792168,0.36852002,0.965755,-2.233306,-1.307439,-12.90557,-3.9155993,-4.078562,0.76519936,-2.7483704,-2.0796533,0.23496522,-2.999668,-5.0937543,-0.2432553,-8.616906,3.2665956,-4.4474053,-6.7977257,-7.0554924,-9.207621,-10.046939,-17.136385,-7.480474,-7.78988,1.9792554,-1.7378175,0.40379405,-4.2399673,-2.8868134,-1.2277191,-5.0306625,1.4077497,-1.5833939,-4.484255,-2.4990466,-3.3821108,-4.4550133,-1.5017436,-5.321939,-0.83703184,2.0362985,-1.7053155,-2.9794912,0.090607844,-1.1694839,-2.8964422,-0.7513218,-6.698038,-6.3130274,-5.510233,-3.3581321,-8.048249,-4.77542,-1.7460972,-0.6754348,-18.988781,2.0090625,-0.78445905,-7.622716,-7.9117355,-2.1661766,-3.7338758,-1.1049358,-5.7660336,-3.2226865,-0.95955193,0.25843504,0.32550812,-2.9979017,-7.125656,4.162278,-0.5529418,-2.4638114,3.7271967,-2.838288,-0.3289758,-4.647795,-11.318112,-9.039504,-1.1768165,-2.031781,-3.5180438,2.2831595,2.4690363,-0.8390834,-0.6422522,-0.2820443,-4.0654435,-4.9781275,-10.046392,-7.332376,-5.6507955,3.2867064,0.43264928,-6.6849904,-8.652968,-0.89134204,-5.527765,-6.3092647,0.73211807,-7.250576,-2.838848,-1.520316,-8.603895,-8.681157,-4.3845634,-2.618864,-0.6011506,-11.438237,-10.63076,-5.3407664,-5.403874,-0.9451962,-0.9032346,-11.389579,-1.3122053,2.8878255,-2.3860695,-1.1743653,0.33190325,-1.872013,-2.8717425,-1.2250518,0.45101887,-0.050663523,0.8573191,-5.241187,-3.8933647,-3.4781396,-1.4297783,-2.8662922,-4.5062904,-7.0238037,-8.651778,8.650858,-0.24591751,-0.7906686,-0.27113613,-3.3165877,1.128576,-6.1223836,0.8246734,-5.2265244,0.79799694,-1.9126649,0.41262424,-1.7450972,0.027805144,-3.8090131,-3.043661,-8.930797,-9.037381,-10.763587,2.3305845,-2.9387732,-7.967911,-1.0590978,-5.1065435,-6.4343386,-0.55940825,-2.7208211,-2.6054857,0.46149868,-10.135062,-1.535448,-7.233889,-8.709128,-1.8261448,-7.2491517,-6.989441,-4.645297,-2.1996303,-3.6743674,-1.3731073,-2.2581472,-1.3426957,-1.2425706,-1.8593683,-1.630348,-1.5923527,0.53092057,1.3942051,1.5702103,-2.1464565,-14.315912,-6.3944983,-2.23401,-0.76316714,-4.118604,-0.4057775,1.5679489,-1.1593863,-3.1531,-4.406651,-0.54858476,-4.217759,-0.13624263,-1.9861994,-1.5957463,-7.5945654,-7.138842,-10.096033,-5.9036193,-10.229527,-6.0651727,-0.9946608,-5.197407,-6.2052703,-4.931039,-0.37192658,-5.8512506,-6.638838,0.11834297,-3.1762192,4.7841144,-1.6099991,-2.2801552,-2.8410275,-0.029042648,-0.5182902,-1.974246,-2.1640642,-1.2735201,-0.34495288,0.8297546,-4.327572,2.334062,-9.059953,-6.993408,-2.7046325,-3.3959801,-17.175385,-12.823262,-1.3659773,-4.405211,-10.873387,1.7947248,-3.7052255,-4.6250663,-10.68484,1.1644682,-2.396789,-6.265332,-1.0437709,5.1621976,2.3466897,-0.26124242,-3.4325974,4.554255,5.618095,-4.791449,4.9999466,1.919876,0.1417119,-0.076359116,0.4600775,-0.9132105,-3.7439873,-6.588562,-6.400479,-2.2397382,0.0710507,0.4968948,-0.334581,-2.5752766,-1.6963956,0.2937312,-1.5734868,-2.680588,-8.189477,-5.2891436,-8.754303,-0.37437338,-7.248221,-10.611024,-10.592331,-5.605021,-10.6150465,-6.199625,-0.11868609,-7.3242326,1.7351058,-3.0786357,-1.9791481,1.892643,4.8446636,1.3487309,3.9366064,-2.069691,-12.963068,-3.223168,-3.727851,-2.955017,-1.3347231,-5.4999976,1.6925343,1.2690152,-5.9282494,-0.32211384,3.9311347,3.2825384,-0.88995093,-4.1788893,-1.3690172,-0.53968203,-2.188352,-3.8263557,1.568298,-2.2345562,-1.7195749,1.7628114,-1.6904385,-5.3477335,-5.133834,1.0184737,-1.9594795,-2.0379803,-6.4562383,-0.22363184,1.6629199,-6.38657,-0.8637624,0.42326126,0.54674196,4.7278004,-10.472089,-0.33995888,-1.8376937,-2.1316113,-2.3590338,0.29909393,-5.7962613,-7.6687164,-3.6541793,-0.9357373,-3.4875197,-5.189515,-2.2864337,-3.9917548,-4.667852,-4.3232756,0.69147384,3.1623297,-3.2053533,-2.1164484,-4.789459,-6.233519,-1.1205177,-29.46195,-11.451697,-18.87225
149,-0.2087518,4.233163,3.0447383,-1.7529882,-2.773217,-0.5438973,-0.67888415,-1.8127093,-2.8454468,-1.0056416,0.7616255,-0.31490147,0.60451925,-15.944746,-7.110219,-2.285557,-2.5723832,-2.9962473,-3.1700068,0.34519812,-2.849958,-4.348585,-1.9528928,-8.189315,0.003357608,-2.7490234,-7.8613167,-3.5238495,-13.827221,-15.422476,-18.025297,-7.031913,-9.332929,-0.0776192,-0.18707481,-1.2878466,-4.3574343,-3.289856,0.4965794,-4.904655,2.13239,1.0014108,-6.1841073,-2.8316345,-6.1797175,-5.877999,-1.0983241,-4.6604056,-0.30726737,0.6079676,-1.3941686,-3.5266852,1.7928742,-1.2292861,-3.421058,-1.618703,-3.1446984,-7.828635,-5.2423663,-3.545535,-12.027482,-4.4640636,-2.2059977,-4.8579345,-21.98817,5.277231,0.53796333,-8.172985,-8.77117,-0.6628806,-1.2885841,-0.1903536,-2.4905868,-2.244757,0.792023,0.8048101,2.74311,-2.9200275,-8.798893,-1.4776802,-2.901266,-2.3414254,1.8684585,-1.712215,0.26742885,-4.7677116,-11.61583,-8.979811,1.2702056,-2.2840946,-1.0295856,0.9231012,1.7317886,-0.7326535,4.2460046,0.23051742,-2.5230765,-7.0206137,-9.175178,-5.09536,-7.7499905,1.2172493,-3.5266783,-7.4500985,-8.632046,-1.8282502,-1.1193423,-3.3344781,1.4917026,-4.5722046,-2.8803422,-4.0788226,-10.447109,-5.4828134,-0.5958719,-2.7071323,2.0850117,-7.680094,-5.184872,-5.8548436,-1.3739231,0.6252442,-3.8978882,-11.188515,-0.9880205,-0.95083576,-0.28232434,-3.09633,-3.4195738,-4.428231,-3.4815693,-1.5105139,1.9994084,0.07250018,0.8112293,-4.7184577,-3.590451,-1.5848008,-1.0037584,-2.5906134,0.20837207,-8.242715,-7.779721,10.718972,-1.338418,-1.0262609,0.5374489,-2.9566553,1.3788778,-4.796487,-0.34498808,-2.3895571,2.0455766,-2.9709182,-3.0264082,-2.4635518,2.2752376,-4.6538486,-5.1484246,-8.700214,-11.354641,-9.026417,3.0221992,2.637338,-13.597132,5.4639506,-1.7366464,-6.2180014,-0.5418179,-2.113749,-0.85729736,2.1579556,-9.875087,-0.40530607,-5.9663725,-15.809003,-1.5529304,-8.179398,-8.847697,-8.68393,0.31050268,-2.409671,-0.9210676,-0.5806061,0.17726597,-0.8552011,-0.4948825,-1.7443187,-0.9478395,1.0963954,2.5239587,1.4538767,1.2461756,-12.660518,-9.392977,-0.18352194,-0.48366028,-3.0460722,-0.68251926,-1.2984563,-1.0297438,-1.3153658,-2.4077225,-0.5684682,-2.776931,-2.541538,-3.8865316,-0.4069629,-8.889718,-12.685362,-9.487349,-5.552018,-8.048941,-5.280064,-0.25021216,-5.917933,-5.8082004,-3.3416042,1.3948832,-6.0518694,-4.9745755,-0.9950156,-4.0007186,2.3142023,-0.81579345,-3.290522,-2.67943,-0.56630373,1.5244576,-5.511686,-0.7087155,0.2489759,0.27197486,0.34314132,-4.6005526,3.9003506,-5.744866,-2.6463661,-6.0743628,-6.320362,-21.457392,-13.268219,-4.334656,-9.654546,-14.76488,2.0290034,-5.493946,-6.063098,-14.266285,-2.1367455,-3.205386,-7.3596373,0.5378974,1.3552676,0.11657574,-2.3599367,-2.8150685,-0.23385501,4.3604455,-2.5787416,1.5771822,0.10283984,-0.968601,0.28798527,0.063272566,-2.667487,-5.1853485,-8.666047,-7.3101625,-2.0371554,-1.4127171,0.4098138,-0.095476076,-3.353595,-2.5793827,-0.034643378,-3.7864432,-4.8810472,-6.7873006,-4.230322,-11.045702,-3.5578363,-10.179208,-7.5711207,-12.905507,-4.4174504,-6.646096,-0.68988883,1.483101,-12.374277,-1.327607,-5.7477794,-1.7833929,-0.2833446,-0.65979975,2.1040902,5.1547456,-1.3324004,-11.420694,-2.361304,-0.335919,-4.0600023,-6.610345,-3.610765,-1.6668726,-1.0672424,-6.103644,-3.4316933,-0.91055113,0.75773513,-3.0893998,-5.6295147,-1.2719738,-0.37305608,-2.3611941,-0.913456,2.3799393,-2.341063,-2.9579556,2.7206848,-3.0795248,-4.9125743,-5.724277,-0.10520378,-1.7633991,0.32683632,-6.5578623,-0.46525648,-0.25721404,-10.932832,-2.514955,1.586843,0.68036956,6.121599,-11.124149,2.497575,-0.34505463,-1.2268217,-3.1656132,1.0320638,-11.171692,-2.044153,-2.8753994,-8.981943,-17.436476,-0.05838329,-1.3027697,-6.7287397,-1.4442234,-3.5829744,1.9713657,1.9123901,3.9259214,-0.55614686,-5.058165,-11.676155,0.2092529,-18.651524,-11.447646,-19.63154
150,-0.8878577,2.1663768,3.3228729,-0.8490575,-2.2247212,-1.0280385,-1.4751623,-0.95079225,-2.8499012,-2.404492,0.6358068,1.5536221,2.0985475,-16.492664,-8.360315,-0.5625554,-6.846763,-4.306327,-2.324717,-0.41598645,-2.499964,-3.070631,-4.276703,-7.2009854,-2.7133186,-0.7007574,-8.840051,-0.3957794,-16.04588,-17.290222,-16.971823,-4.4588127,-8.22899,-3.3989687,1.1780863,-2.9321055,-5.6500845,-4.705685,1.9643794,-5.2089505,0.32524353,1.6963544,-7.1817346,-3.6377823,-9.242997,-7.590506,-1.1380429,-3.57778,-1.4104936,-1.3660046,-1.6042217,-3.7851095,3.623072,-2.521606,-3.2813976,-2.1552541,-1.4081321,-4.6517196,-5.547885,-5.064787,-14.109425,-2.9586644,-1.5945488,-8.988669,-20.80739,8.373117,1.1987984,-7.5020943,-7.5776267,0.973825,1.1702869,0.9299081,0.92186266,0.036666274,2.7157266,0.86594343,4.598157,-1.1680703,-8.915411,-6.8926625,-5.9035177,-0.2944252,-0.6880371,-0.77986264,1.5231873,-3.7528956,-10.210156,-6.834138,4.461128,-0.81650424,1.536836,0.2927651,1.7084467,0.7831698,6.759057,-0.43438485,-1.4093561,-9.201944,-5.038134,-2.600742,-7.229814,-2.4364502,-9.281416,-9.386105,-6.2359037,-2.724044,2.0098774,-0.22715671,1.301757,-1.9051195,-0.37947285,-5.5342093,-7.2749705,-1.6152668,3.3125641,-2.0954757,2.9254088,-2.5056672,-2.1297643,-6.312443,-1.7710832,1.232397,-6.5806637,-7.4069114,-2.1955888,-5.8695154,-1.130671,-6.7207417,-8.077193,-7.2960258,-2.4864607,-1.8326375,1.3991339,-0.40704453,-0.18875043,-3.8408377,-4.0124626,-2.2051997,-0.85213715,-3.054352,3.7263336,-8.734818,-6.5898046,6.819932,-2.4240105,-0.6016948,-0.35649937,-3.0839148,-0.22227071,-3.1342793,-3.289365,-1.5687386,1.3116645,-4.9506903,-7.527522,-3.742199,1.082419,-3.0370982,-6.3201847,-6.0172014,-11.8790655,-8.728195,1.610862,6.733753,-17.490093,12.220528,1.3293191,-5.178233,0.48865974,-0.87216586,1.359994,1.9347528,-6.793481,2.267751,-3.969342,-19.332457,-1.6136382,-5.4135194,-8.223712,-10.324383,1.1580037,-3.4998474,-2.602856,-0.3532179,0.7040563,-0.921768,-0.81232715,-2.2054446,-0.7840477,0.32219344,1.1254723,0.89181495,2.947643,-10.056591,-10.256485,-0.4761751,0.7347991,-3.3847606,1.7718846,-3.4531717,-1.1714314,0.6010323,-0.29900554,-2.138067,-1.8415436,-5.169759,-8.454817,-0.6661216,-11.566697,-16.016792,-8.114055,-4.2925406,-5.390693,-4.7514915,-0.23967756,-5.904421,-6.3686047,-2.165337,2.7502346,-5.9488406,-2.9188278,-0.48449838,-5.265939,-2.1949167,-1.3534232,-5.591898,-2.8364801,-2.3659003,2.5302753,-10.522782,0.34352517,1.275837,0.9732781,-0.337705,-4.0614843,3.169016,-3.7658706,-1.4672577,-8.739283,-10.082077,-20.409685,-9.966523,-6.686845,-14.546662,-16.808247,1.4668046,-6.375988,-7.0462646,-14.882712,-4.575125,-3.3259232,-7.311865,1.382462,-4.2355485,-3.3195474,-4.055628,-1.4845243,-5.4259424,1.0701447,0.71116865,-2.2780907,-3.27082,-1.7972621,0.595472,-0.5541084,-3.9481454,-5.722665,-8.671879,-6.965451,-0.9647046,-3.0395622,1.1079872,-0.036724515,-2.4905145,-1.9534434,-1.0322337,-5.264457,-7.641631,-4.3122573,-2.8436737,-8.5109825,-6.1168213,-10.489968,-2.0625532,-10.793503,-3.9794059,-0.36535022,3.7423046,1.1521313,-14.6301775,-3.23368,-6.6807313,0.123263285,-4.845903,-6.986299,1.409234,3.3363736,-1.2944803,-7.428993,-1.7768108,-1.8700465,-3.4032722,-10.38813,-1.6014984,-5.858507,-5.547699,-7.6117806,-6.9300666,-6.8536663,-1.86168,-4.291297,-6.3339567,-2.287183,-0.24310207,-1.8355337,-0.07543122,1.1123321,-3.6804683,-4.3352556,1.755804,-5.9100013,-4.525539,-6.267437,0.066976584,-1.8156524,1.287974,-4.7225485,-1.9001282,-3.0994256,-13.066888,-5.1549397,1.3324095,-1.584106,5.0436254,-9.652088,2.07956,-1.7674493,0.64099747,-4.0901504,0.08228982,-12.705077,0.5453637,-2.100319,-15.060341,-28.46236,5.647635,-2.1671166,-8.988523,1.2285496,-2.5053825,3.9468064,-0.08884985,7.2358775,-1.9112813,-4.510616,-16.196184,0.63316643,3.0808134,-9.860629,-15.656867
151,-2.0860016,-2.2281091,-0.013209153,-0.796441,-1.4707681,-0.8794289,-3.9768298,-1.0978376,-2.8337476,-3.531455,1.2158414,1.7029662,2.520647,-13.073287,-6.4988947,0.2241276,-9.355345,-5.312743,-0.4987922,-1.7798789,-2.6376905,-1.9943286,-6.3270297,-5.4181714,-3.4820726,-0.07096426,-7.0539117,-0.45325667,-13.629157,-14.240227,-13.11745,-1.2989346,-6.5522003,-6.8612423,0.6083925,-3.5220938,-5.4823966,-5.2358565,2.1600068,-5.0116224,-1.7935382,-0.2593029,-6.881868,-4.394691,-10.231082,-7.6492767,-1.4526267,-2.3551831,-3.1133568,-2.417394,-2.1445823,-3.5928414,4.374105,-3.5786679,-2.2033641,-1.4832643,-0.21289824,1.2905139,-5.500636,-5.664222,-13.027956,-0.9987264,0.11011612,-11.056726,-14.869057,9.516749,0.27264687,-6.214546,-4.728601,0.832203,1.6773927,1.6387064,2.751135,2.1956818,3.1465912,-0.003719935,4.566456,1.3609228,-7.0781145,-8.662537,-8.910931,3.0949125,-3.0847704,0.014942609,3.0061498,-1.8174614,-8.095436,-3.32221,6.306113,1.4264795,3.1420934,2.6155279,2.340104,2.6597402,5.6162505,-1.7279538,-0.7455502,-10.79449,0.002021364,-1.3843627,-5.0207334,-4.7999873,-12.4571495,-10.9549265,-2.9467313,-2.815999,3.0643241,1.4396766,1.3600724,1.4902123,3.0871086,-3.910092,-1.769246,0.82562685,4.8597016,-1.9466054,2.1785555,1.5479195,-2.6878498,-6.511427,-3.847527,1.0627509,-6.832382,-2.4657187,-3.842602,-7.3447714,-2.6669505,-8.8854475,-11.055684,-7.9013214,-0.65090674,-2.1698058,-0.57059085,-1.7434742,-1.3489296,-2.6673894,-4.4894733,-4.2952104,-1.512552,-3.6045358,3.3994172,-7.3243685,-6.178362,0.8522101,-2.2774003,0.1020803,-1.3485488,-3.4960628,-1.7863884,-2.7609596,-6.1079574,-2.219158,0.6355321,-5.0586843,-10.147415,-5.033631,-3.3608494,-0.9856753,-5.883754,0.2514382,-9.446982,-10.214764,-0.57549196,5.554724,-14.642296,14.599571,3.264089,-3.992783,0.59306866,0.26341918,3.0298283,-0.4803413,-1.5085173,3.2301583,-2.2118378,-16.512691,-2.6599004,0.838191,-4.1632113,-7.7979712,0.34557515,-6.3508487,-5.6679316,-1.2932042,0.18566522,-1.0488063,-2.5642312,-2.5061462,-1.2927067,-1.7259818,-1.5944145,-0.3840508,2.4372818,-7.789795,-8.405146,-2.4592166,1.0404165,-4.707714,3.307208,-3.7171717,-1.5448855,1.2019787,0.17056265,-4.9357076,-2.2372518,-7.1743727,-11.133095,-2.767966,-12.38073,-13.808658,-5.705314,-2.2624784,-5.2360477,-7.379344,-2.949687,-5.0171175,-6.133104,-2.1146414,2.5025718,-4.609029,-0.8940202,0.37362415,-6.4405975,-6.14479,-2.3033216,-6.14848,-2.589012,-3.0619223,2.0355654,-13.375899,0.38345945,0.79225403,1.1149262,-1.1664292,-2.8299665,0.5115084,-2.1122801,-3.689489,-8.7195835,-12.127317,-14.466094,-4.2077007,-7.275319,-14.522598,-14.865478,1.1299396,-6.035562,-7.556104,-11.890304,-5.404759,-3.7217185,-6.079321,0.8558605,-8.093976,-6.365244,-4.5888214,-0.52939177,-7.5254216,-1.8328758,2.778258,-5.401396,-6.041229,-2.3359754,0.61050236,-1.5123878,-3.9964917,-5.266772,-6.020463,-6.2313075,0.1394792,-2.8414786,2.1516647,-0.31265485,-0.6967253,0.18145685,-1.817877,-5.164983,-8.784436,-2.4812684,-1.9031277,-2.3517523,-5.9364114,-5.1090426,2.5072663,-6.3894625,-3.7194288,4.828782,4.271666,-0.41354653,-11.151974,-3.0398123,-4.963907,2.3467493,-8.753716,-10.376386,-0.4879039,-0.25468546,-2.4375637,-2.1806493,-1.7407917,-6.0858283,-1.9207788,-10.173618,0.19621521,-8.157029,-8.5097,-7.1468782,-8.564902,-11.1609535,-3.262521,-4.4533043,-6.1279287,-3.4531322,-0.29452553,-0.63996637,-0.9746255,-1.1937721,-4.399825,-4.873561,-1.5543928,-8.1018915,-3.9094396,-6.097775,1.8955745,-1.7079608,0.4727967,-1.7738863,-3.576742,-4.3215375,-11.898597,-7.116881,-0.9000393,-3.1206977,1.9782037,-6.0420327,-1.2517568,-4.5354333,1.865759,-4.2648544,-1.0208277,-9.417477,-1.2002722,-1.3205321,-14.417261,-27.689556,7.6884403,-3.1899161,-9.328592,2.5332494,-2.124599,5.823854,-1.742694,6.273783,-3.190341,-3.2545388,-17.029015,-0.22968166,24.14545,-6.699027,-7.3962293
152,-1.8479689,-5.1977453,-4.2390447,-1.1107534,-0.67764866,0.2780994,-5.3829837,-1.4877315,-2.5045028,-3.9501781,2.2660089,0.26082534,1.7749854,-7.990946,-2.6558795,0.4737491,-7.69135,-4.010011,1.2199663,-2.772859,-2.7507086,-1.4869357,-7.061537,-2.581002,-1.8752042,-0.26331288,-1.0440944,-3.2811584,-7.217171,-7.6862073,-7.295723,0.88863605,-6.7932696,-8.822975,-2.4542744,-2.179362,-1.4198939,-3.6836398,1.4461564,-3.50694,-1.8063902,-2.7940412,-4.952905,-4.0540614,-7.144228,-4.1228967,-1.3135787,-0.5616133,-3.8026474,-1.5823274,-2.2053835,-2.615266,3.101884,-2.814434,-0.36380345,0.65214133,2.375214,6.2971115,-2.6437788,-2.858919,-8.90478,0.47703323,2.1288562,-9.781953,-6.312896,7.5656576,-1.5665036,-4.9163623,-0.9286379,-0.8817859,0.58172613,1.4845712,2.6475523,3.445768,2.3243756,-0.6875145,2.8868997,3.1407082,-3.7819028,-6.5895715,-9.945025,6.1187015,-4.3119235,1.0029278,3.9114003,1.152121,-5.7956038,-0.33604282,5.4465127,2.6538363,3.416046,6.726045,2.5211072,3.5662236,2.2559657,-2.1837862,-0.40386486,-10.9914255,2.576682,-1.7915232,-2.2610102,-4.2585387,-9.550484,-9.659915,-0.45936504,-1.9895922,2.9919155,2.168046,2.4057138,5.0653005,5.132086,1.2025717,1.5008731,1.9859116,2.9042697,-2.8604279,0.9670369,2.7072825,-5.450849,-5.3800063,-3.5300176,0.8621628,-4.220424,0.64741015,-4.054943,-3.490208,-1.1035867,-7.2686405,-9.741533,-4.9747868,0.8287814,-2.0782459,-2.1389456,-3.207164,-1.8005015,-1.0678092,-3.8351698,-4.9362297,-2.291208,-2.828404,0.048120975,-3.946577,-6.0571313,-2.1793342,-0.9125469,0.53466076,-0.4715254,-2.848216,-1.4508538,-3.9292843,-6.935632,-2.4385428,1.7497413,-1.6837782,-8.363342,-4.913639,-7.5802827,-0.5797869,-3.8280377,8.770611,-4.9929323,-11.831483,-1.180927,-0.6427627,-5.295149,11.0850725,4.0214915,-3.482929,-0.28312248,0.39881492,3.4743989,-3.3738844,3.975072,1.5009526,-1.4629822,-8.975234,-4.361947,7.428396,2.1179762,-2.073666,-0.6381843,-7.9902525,-7.7430363,-1.7569499,-0.23958366,-0.47552565,-3.4114318,-1.8892756,-1.763515,-3.2545168,-3.0374892,-1.6498715,1.0833542,-6.662602,-4.847096,-3.829607,-0.2016054,-4.667755,1.5815027,-2.240824,-1.9289454,0.67704904,-1.1164268,-6.977495,-3.0055602,-7.028086,-7.647728,-5.0282235,-8.326404,-6.4171224,-2.9349704,0.56506974,-7.7295275,-12.260494,-7.92319,-2.9278417,-3.2559679,-2.3254976,0.7330841,-1.6444647,0.7307803,0.15766846,-5.779862,-7.2239456,-1.3788086,-3.3224947,-1.3487856,-1.2673421,0.96585,-10.81181,-0.16973262,-0.56030476,0.1780259,-1.7990087,-1.2968675,-1.8157643,1.0658675,-6.9459987,-4.718742,-9.358239,-6.167437,0.98278475,-5.20634,-7.538213,-8.67533,1.9511886,-4.6859922,-7.7894273,-6.4153423,-4.466572,-4.8679237,-3.9269977,-0.37057495,-7.039025,-6.5480127,-3.4463046,-0.43728742,-4.8509536,-2.536975,2.282142,-6.9141474,-6.1931076,-2.7063735,0.20025115,-1.9783968,-2.4113393,-3.7189736,-2.109397,-4.844324,0.47569028,-0.40656036,2.674231,-0.5635937,0.90344936,1.9393181,-1.5698166,-4.0704384,-7.8217773,-2.1456728,-1.3902389,4.2900157,-2.8859584,3.9063702,3.9075987,-2.7130187,-2.0223382,6.683219,2.133395,-0.9220588,-2.8070855,-1.1520492,-1.7585561,3.1529734,-8.437165,-8.787151,-1.9879351,-3.3424423,-4.695292,1.162696,-2.4536798,-8.0424,-1.131707,-5.8774557,1.5260254,-6.509381,-7.3175225,-2.8540442,-7.124915,-11.163351,-3.0407348,-3.8911524,-4.9886165,-3.5952237,-0.2126852,0.8809524,-1.8130032,-2.3905075,-2.6584804,-3.6457918,-5.2980504,-8.218148,-2.8064828,-4.8386674,3.2650604,-1.3511211,-1.0791557,1.0693032,-3.855211,-2.7846878,-8.4846735,-7.099199,-3.6553695,-0.80626935,-0.7248487,-1.8095504,-4.409034,-5.210316,1.245841,-3.2619424,-0.4965446,-3.3379936,-5.076418,0.40848786,-8.788809,-14.608473,5.11701,-2.2831304,-7.073605,3.2163577,-2.5436199,6.9849887,-2.326257,3.855908,-1.5210372,-1.9054071,-13.007724,-1.8276637,32.96464,-2.386576,2.2534451
153,0.857063,-3.79656,-6.291151,-0.7212331,0.39021337,2.0053885,-2.2870798,-0.7212372,-1.6338174,-3.2472775,2.9882364,-0.8391174,0.48982465,-5.564066,0.33334428,0.85985756,-2.3343408,0.24143808,2.4179828,-2.3707163,-1.7611623,-1.347676,-5.904154,1.1022658,1.198861,0.70642203,7.2754745,-5.6082,-0.07961877,-0.8813521,-1.9207783,1.8274529,-9.3665285,-8.352692,-6.670843,0.8185541,6.0092306,-0.37651867,1.2120996,-0.8221324,1.1828536,-3.1016593,-1.4982342,-1.9567269,-0.12723856,2.5915587,-0.20306623,2.264587,-2.686292,0.94999826,-1.0958068,-0.55276996,0.36371377,0.009284603,1.6013756,3.4987493,6.75451,7.675828,4.054069,3.1705081,-3.3303723,0.80924505,3.4588876,-5.715505,0.9493192,2.9740055,-2.6609657,-3.7777033,2.9944305,-2.1624377,-0.11773949,0.37885892,1.277646,3.9016476,1.9742346,0.2509888,1.0516661,3.1929166,-0.7403272,-3.6804392,-7.8200994,6.992844,-3.8524287,2.1617408,3.417058,4.836949,-3.2375517,0.40529945,2.0050883,1.6824828,2.7383418,9.196302,1.2506744,3.1038787,-0.5703351,-0.78861594,-0.27742496,-9.548724,1.4535778,-2.4952285,0.35186678,-1.5702559,-1.2137121,-4.395907,0.7894258,-1.0294327,3.2058468,3.3073187,3.9195368,7.570776,4.244639,7.606794,0.26577312,3.088924,-1.2881359,-3.7662451,0.112132005,1.1508721,-7.435126,-2.1184945,0.8924757,0.85513926,-0.09283447,1.0044131,-1.9285014,3.138862,4.272887,-2.2332757,-3.4211957,0.43288368,1.244799,-1.1037661,-2.176853,-3.5882053,-1.3309873,0.95408326,-1.501015,-2.183149,-1.8086504,-0.10424976,-3.0365527,-0.22004768,-4.7468996,-0.69837725,0.61625695,0.3655183,2.4674032,-0.04293311,0.7804389,-5.616013,-5.3672347,-1.2732816,4.7066703,4.065511,-2.4900317,-2.332386,-7.837798,-1.8825135,-1.007829,16.137817,-1.1157482,-11.535895,0.88903576,-7.2194266,4.5655875,4.2786903,4.100875,-3.777471,-0.650292,-0.6937136,2.5922985,-4.6032057,7.6859293,-1.1536176,-1.7272824,-1.5220087,-5.522508,10.674237,7.7694654,3.5953739,-0.037757773,-5.9403796,-6.6152163,-0.22844589,0.6405461,1.3205577,-1.2176367,0.031127054,-1.0469464,-2.2601893,-1.6715381,-1.5257475,0.74866164,-6.9018393,-1.7148892,-2.7429323,-1.6773505,-1.3072578,-2.041593,-0.2728027,-1.8708999,0.48578575,-2.3755844,-6.4103713,-2.4211113,-3.719683,1.6338469,-4.9756927,0.009800442,2.1720462,-1.1922513,4.099113,-9.800338,-15.770577,-12.106596,0.16909672,1.8210323,-1.2230557,-1.1159548,2.1327186,1.6540567,-1.1395998,-2.0023363,-5.213671,2.5804079,1.2120485,0.67151266,2.0921106,0.5661792,-3.0078847,-0.19578658,-1.0465693,-1.5455533,-1.7847134,0.29447183,-1.5184329,5.914064,-7.8257413,2.1296537,-1.3605094,0.7786956,2.9001095,-0.7754467,3.6062696,-0.6559736,3.9941432,-2.7247412,-7.765843,-0.82081413,-2.2880025,-6.1471705,-1.4807398,-1.0625982,-0.97816473,-2.8054917,-0.73832035,-0.8316503,0.98667175,-1.263479,0.08595644,-6.3752837,-3.6322405,-2.6748393,-0.5585007,-1.292499,0.46231017,-1.140822,0.8712532,-2.251388,0.10647155,2.5296636,2.1061428,-0.42239314,1.7611544,0.967511,-0.35048428,-3.0949504,-6.284948,-2.4261904,-0.8156571,8.2976885,0.8848465,10.969177,2.742335,-1.2557888,1.8827957,5.647713,1.1285043,0.97412735,5.755411,0.8950984,0.6065373,2.087795,-3.0282874,-3.8642526,-1.5324769,-4.5718045,-7.3374615,0.5786929,-3.9318624,-4.365086,-1.804761,-0.07467752,2.0196736,-1.4780612,-2.6868255,3.4480197,-3.3911405,-6.0581503,-1.8427274,-3.056057,-3.0358157,-2.5085957,0.356666,2.1359901,-1.0667981,-1.1381927,1.4399129,-0.61545503,-6.6900506,-6.3895116,-1.738482,-3.0653367,1.7634386,-1.0788436,-1.8637166,3.1478353,-1.7963003,0.24005802,-4.7396665,-5.3369274,-4.56579,5.3877673,-0.60127336,1.1399013,-4.312755,-1.8609495,-0.71801025,-1.3585143,2.1923113,2.039254,-7.6999445,3.762482,-4.5546494,1.7553874,0.6099899,0.9780166,-3.0177596,4.068476,-3.078274,7.2000566,-1.9041536,3.5501456,2.9470918,-1.0394247,-5.56405,-3.237637,28.207659,1.9120173,9.644659
154,5.0715175,1.6024842,-5.3930397,1.0613875,2.123331,3.4180748,5.55363,1.8075486,-0.22295867,-1.4602625,2.8305857,0.26157087,-0.19831829,-7.8682384,0.21645974,1.3193618,3.220922,5.647487,3.462162,-0.282602,0.52508396,-1.0000788,-3.0440803,4.758741,4.095776,3.6474805,13.226765,-4.513814,4.151858,3.2023373,0.49651977,2.3193314,-12.326818,-6.3417206,-9.654841,3.7522736,13.01076,3.092693,2.3055027,2.019944,5.9894176,-0.5137245,2.8986454,1.3777981,8.07402,9.266093,1.5421048,5.6098537,-0.23867704,4.0233545,0.9809658,2.3023334,-1.7533703,3.5085843,3.0325153,5.636419,11.041978,5.4911532,12.085199,9.140812,1.293,-0.10951461,3.608318,-1.084086,3.832738,-2.2849617,-2.0070972,-2.6274302,6.0279694,-1.3820144,0.8604094,-1.2550596,-0.45908427,4.0782533,3.2728376,2.8513222,0.3943826,1.9186231,0.49399433,-2.989511,-3.6343982,5.156589,-2.1294863,2.8272958,1.2035701,7.7750554,-0.463412,-1.2617182,-2.6979465,-1.0446368,1.7968978,7.8382115,-1.1706948,2.0040822,-1.3847362,1.9005673,-0.30850464,-7.0975475,-1.0433782,-1.5118573,2.440648,1.2041956,7.357329,3.2233143,1.8666476,-0.8783417,4.1329007,5.0984325,4.428084,8.391472,0.88542044,11.5633745,-3.2398236,4.571124,-4.6484394,-2.7175744,-0.46849784,-1.0664291,-6.3240657,2.4272811,7.281673,0.48223594,3.6776454,0.47729287,1.417269,7.5160294,9.564586,3.474465,5.567062,5.738037,0.88877404,0.6838684,-1.1052846,-2.2967193,-0.4800058,3.0647101,1.7004955,2.9203413,0.5241007,3.3833976,-3.1400867,1.7043238,-1.4630992,2.2351296,1.2277462,-0.26923496,5.4911594,4.3966966,2.9992754,-6.610868,-2.6777325,0.32848012,7.858378,9.332118,4.1471868,2.0100646,-3.594969,-2.7205877,1.4213593,19.016422,-0.15416342,-8.90824,4.243062,-8.962376,8.446968,-1.7047162,4.000102,-3.8560686,0.40619278,-2.3771472,0.79440564,-3.4857326,8.967394,-2.5096407,-2.2240078,1.863424,-5.096226,9.177351,10.114691,5.9906964,2.6249537,-0.7987249,-2.154574,3.1536138,2.8296034,3.977578,3.509761,2.7649956,1.3167628,1.5136983,1.4358327,0.7472281,2.2039814,-8.046105,-0.69974875,0.5568244,-1.4690062,4.646369,-3.9615679,0.89435875,-0.8986055,1.6443219,-1.6870587,-3.4862776,0.08297664,2.0600376,11.193903,-1.6772937,8.077439,7.2333603,-1.3764491,7.5794916,-8.2659025,-15.245431,-12.229816,3.1009321,6.367182,1.8090153,-1.4920031,5.020965,1.8840376,-1.9822028,4.083608,-1.9600265,7.881651,3.9619963,2.4453235,4.613401,1.2706184,6.1087365,1.0027599,0.30948272,-2.9154212,-0.96775323,1.9865681,1.5474607,10.193235,-4.4097824,8.365135,8.418765,3.4842665,1.2469388,4.2098,12.935525,5.4073577,6.19555,-0.49050176,-7.067388,2.711022,0.221438,-6.258858,0.50220066,-0.59827405,6.6290836,3.1034224,2.7161686,-0.9010389,6.2207007,0.26425022,-1.5306804,-4.0863633,-0.32363877,-1.7372212,-1.3900204,-0.022982059,3.4904122,1.9022816,1.7541507,1.0502825,-0.21120231,3.6643546,0.74052846,-0.0008074763,2.1393178,-3.2050624,0.9905729,-2.6441407,-5.927061,-1.533158,0.07653671,8.450309,2.7166767,12.103952,1.5331542,-1.1647129,6.6137195,4.042279,3.590152,3.8767889,9.678059,1.513244,0.8117646,0.4143293,4.4303765,0.24854094,0.86340463,-4.3701878,-9.043702,-2.2430925,-5.793577,3.5261583,-3.1871638,3.918191,1.4489447,3.9136114,1.6070539,7.7119117,0.481946,2.2552552,-0.59979784,-2.2416553,-0.6964335,-1.1353227,1.3194954,2.6061575,1.2633836,1.772923,5.648895,3.0682154,-4.633085,-3.7684686,-1.5286725,-1.8855017,-2.5771875,-1.1679934,-1.0938116,4.642868,1.854128,2.3025565,-1.854316,-3.3467953,-2.5690055,11.897391,2.7104793,1.8791286,-0.6733094,3.801369,-2.1441822,0.7403108,5.6738467,4.177654,-7.491106,7.8716183,-5.932214,10.258965,-2.4581141,4.7780485,0.91259325,4.5759315,-3.0366325,6.489328,-1.0966984,6.297567,7.1034837,-0.68275946,2.2885253,-3.8715272,19.155014,4.724963,12.503223
155,8.414277,7.385852,-3.233612,3.7227893,4.4181023,3.9078953,13.825505,5.0138183,1.4205868,0.67701405,1.9954123,3.35446,0.58427525,-12.403674,-2.6905665,1.1004065,5.2165093,9.004744,4.6784706,2.7038798,2.734149,0.0028689604,0.5590452,7.188913,5.5522375,6.9398036,12.776775,-0.45569697,4.079265,3.4785855,-0.99575573,2.9168315,-13.493547,-5.2035885,-9.810182,4.532778,15.338464,5.000377,3.8781886,3.8769739,10.061449,2.77328,7.222833,4.3767815,13.686089,12.06361,2.8795145,7.9123282,2.464886,6.1840396,2.9034305,4.827292,-1.1743965,5.827134,3.696476,5.8889337,12.570092,1.9774514,16.709743,11.33188,3.0381696,-1.7724637,2.8882484,1.7352359,2.2978168,-5.880104,-0.23411629,-1.4065865,7.1274524,0.9602785,2.5695364,-2.559727,-1.8142258,4.3086405,5.452457,5.447286,0.9417645,0.8202843,0.28018546,-4.6956854,0.146004,1.7872521,-0.24264538,2.2336757,-2.2161102,7.997555,1.8281901,-3.7485077,-6.99538,-3.7377734,1.0446677,3.9129202,-3.2289438,1.2744473,-1.1067477,4.008686,-0.42767623,-4.761756,-0.9914969,1.9611295,3.6819925,2.7176404,10.019908,9.856803,4.0388203,-1.5258845,5.033829,6.146694,2.7953722,7.9755983,-2.7953415,10.605614,-4.300314,5.8282037,-4.2459126,0.9695991,-1.3508414,-1.5390592,-2.3180456,5.7543926,11.419367,-0.7005038,5.9914784,1.726267,3.6413023,6.3104086,9.7219715,6.831149,12.759717,8.662623,0.6988788,2.5477257,-0.29471692,-0.018256469,-0.004845123,4.686175,4.102401,7.076008,3.5853946,5.334492,-0.38699445,0.9934437,2.7841728,2.1064079,0.6653185,-0.95124334,6.283541,8.452329,3.2411547,-6.433157,-0.6799246,0.62923634,9.058081,11.924243,7.6914616,5.6162157,1.7854344,-0.8399786,2.8054652,16.252645,-2.3320012,-5.624512,6.073305,-4.630938,5.171149,-4.640006,3.8442762,-2.118327,1.9271106,-3.7716465,-1.187902,-1.1863829,8.4836,-2.1401672,-2.042901,1.1397878,-3.1207848,4.6984816,8.440779,4.3872166,5.911665,4.022821,3.2488465,6.3963866,4.9084353,6.1365733,7.630219,5.0823092,4.358884,5.9817586,3.4882529,4.2315745,4.6212654,-9.021178,-1.7319583,3.9193764,0.8662531,9.814002,-2.04603,0.8598647,0.97297394,3.4490762,0.92634094,-0.575019,3.0820138,7.924339,14.6950035,3.0865774,10.7088175,6.6391716,-3.0856955,9.446082,-3.4026968,-11.412691,-7.7528596,4.318147,7.875847,5.5015497,-0.20174986,5.4928255,1.7736442,-0.7827044,9.701415,0.33914655,11.029782,3.001213,2.9200335,4.548952,2.562241,11.764133,2.868216,2.5225642,-2.8737652,0.22101812,3.7562988,5.01775,11.244927,2.0361712,10.572495,14.897415,1.8594441,-1.6524771,7.395594,15.64189,6.90482,6.999356,1.6320323,-5.1743636,3.4620593,2.2662992,-4.423015,1.5135385,0.53507066,11.239558,7.69932,5.720602,-0.1327107,7.820193,0.6172673,-1.0412283,-1.2430929,1.4184072,0.23739539,-1.9506938,0.34019578,5.2528024,4.32195,1.0773811,3.3810735,0.005261202,2.2861893,-0.48828775,0.1089705,2.502369,-8.1646595,1.6656473,-2.1433449,-6.7694917,1.4324846,1.0250148,5.9566483,1.7189893,8.359013,2.0801516,-0.48364255,9.382955,3.7455573,7.8807473,4.682883,7.870524,0.20921282,-0.1503416,-0.019643964,9.289052,0.6442342,3.447587,-4.0953403,-8.415234,-3.1154466,-7.170911,10.237748,-3.5744636,4.6033187,0.11969325,6.4853334,1.7314078,7.299615,2.6216397,10.056781,0.29340804,-1.4193552,1.245195,-0.57471484,2.137272,2.2128694,3.7575934,4.0394554,7.4184585,5.6561847,-0.9010746,-1.4552581,-2.213055,-1.8559327,-6.9491467,-1.4116769,0.811793,5.978745,5.0651507,2.0490131,0.26469505,-2.5175438,0.814312,14.227849,6.884548,0.8704986,3.7621825,7.705931,-1.5486571,2.31059,7.577665,2.952896,-5.624729,10.430288,-10.293217,7.0962563,-3.0181992,6.4648924,2.9321866,3.4218426,-2.3349688,4.981023,-0.47846356,9.430267,7.7843494,-0.37066483,8.005253,-3.7333534,15.7427,5.3129797,10.9684515
156,8.757467,9.397882,-1.9976298,5.6458015,6.264323,3.4710832,16.568317,6.7747025,2.7682436,2.0897515,1.2224057,6.102888,2.5336056,-14.262948,-5.675517,-0.31449106,2.8254313,8.105124,5.4141064,5.087668,2.9175496,1.4959352,3.381814,7.586281,5.420399,8.019647,6.0263753,2.940242,1.446129,0.92905045,-5.194332,3.0971472,-12.6032915,-6.9990783,-7.6177583,2.4381166,11.814756,4.676387,3.9877663,4.2780576,10.911874,3.838237,10.202966,5.496369,14.421843,9.675476,2.9052753,7.754697,4.625571,6.319525,3.4819484,5.680739,2.2819204,6.1190867,3.791908,4.1792746,10.261583,-0.5342203,14.919396,8.858963,1.7051027,-3.2161498,2.0418913,1.9305032,-0.7872311,-6.63932,1.0555086,-0.40409032,5.8335724,2.66575,2.8245814,-2.7499483,-2.1988795,4.5610523,6.5084147,6.1234016,1.5339535,1.2491351,0.83351654,-6.4173965,2.0430288,-1.0063396,0.8441121,0.44464648,-5.703155,4.8206997,2.6951156,-4.950509,-9.637027,-4.6170926,0.48261052,0.79272515,-3.6204221,1.2440023,-1.5907273,3.8718598,-0.51310897,-3.3274384,3.364098,6.488323,3.9361846,3.2642112,4.6508803,12.863513,7.130026,-1.7644217,5.059558,4.8419747,-0.5532176,6.938304,-4.452598,5.8174095,-0.26244766,6.4651875,0.6235025,5.464257,-2.7292306,0.51156676,1.7828658,5.4451256,10.37565,-2.0960639,6.775871,5.2929015,3.2019305,0.61364055,3.64683,6.6743865,14.314737,8.611084,1.2980292,3.5067067,-0.655306,1.7505996,-0.24492136,5.2544985,4.5566688,7.531757,5.2468925,4.268064,2.6522515,-1.1244755,5.8103094,-2.5683393,-0.44002125,-1.416775,4.407414,10.175672,1.4073461,-5.3291974,-0.2693174,-1.0873554,7.1925335,11.784305,6.6875772,5.8856645,3.8361068,3.4528332,3.2104077,9.447301,-5.4958878,-3.8908067,4.5568924,2.0006833,-0.530304,-5.189601,3.420713,2.1754954,2.0946925,-4.5323234,-2.5986056,0.6076408,7.175961,-1.2259624,-0.9403411,-0.38551053,-0.69391817,0.55821705,4.4867196,1.0970376,7.370371,5.180999,6.2608852,7.0901465,5.171682,6.1860547,8.076126,5.81734,6.206029,8.136427,2.456445,6.6709986,6.324926,-8.730039,-3.156308,5.0154815,3.576842,10.719991,2.2108788,0.16369155,2.889375,4.055634,3.2910185,0.04380683,4.372253,11.223779,10.428244,6.081697,6.44084,2.0587993,-5.0824013,8.162946,0.8257503,-7.2988777,-1.6298409,3.2257817,6.475872,7.465365,1.3239425,3.266161,1.6115396,2.3704922,12.051184,0.9185176,9.772409,-0.17875963,2.0067728,2.2953496,3.6951406,11.934524,3.960557,3.4634833,-1.5067198,0.9162729,5.1104136,6.036153,8.605271,7.705828,8.119851,15.130584,-1.1147403,-2.7681737,7.5845885,11.386152,4.145677,5.488078,3.0767517,-2.178499,2.3861415,3.450057,-1.3489994,1.5126861,1.3327978,10.61197,8.556834,7.260344,1.2262644,5.698283,-0.088080235,0.86111146,0.5812647,0.9193735,2.5760376,-1.9772938,-1.1420964,4.926188,5.0719566,0.12811506,3.2669983,0.34041774,-0.1620815,-0.884132,-0.65949976,2.8062487,-10.191404,1.6372526,-0.8572132,-7.0620685,5.3667736,1.605811,3.2842212,-0.55842024,4.1463213,3.6618876,1.7929387,8.29767,4.569896,9.934084,1.6641314,3.6381326,-2.0622652,0.015186217,1.5466735,9.184854,-1.5262008,4.1725388,-4.45411,-4.9711905,0.35463268,-7.032908,10.820973,-1.8938423,3.23454,-1.1440607,5.3744535,-2.8017642,3.1793242,2.7247264,13.923963,1.0576441,-0.4211469,2.0131469,-0.96802974,2.330348,1.3647064,4.722401,3.9340827,6.0803094,5.897153,1.3495946,0.01745915,-2.8014576,-2.3943555,-8.292637,-1.2705271,2.677788,7.0145917,6.061973,0.40145326,2.2412062,-2.8941696,2.500075,10.570871,8.706291,-0.7028188,5.6294084,6.9978547,0.59894633,2.8546145,6.468324,0.28942692,-4.3577247,9.404739,-10.742271,-1.4710896,-2.4979827,4.699534,2.6699972,0.33811182,-1.4708358,2.9546554,-0.1586406,9.270309,4.7115574,0.27418816,10.886416,-3.1606321,18.524452,4.380807,7.060066
157,5.684806,6.1183476,-2.389206,5.258933,6.2072253,2.4408414,11.181495,5.7203984,3.3460977,2.152203,1.1403646,6.1217957,4.0454,-10.7458315,-5.887358,-2.4969492,-1.2210515,3.5172596,4.2039638,5.5504885,0.4337947,2.6698592,3.8924437,6.197182,4.4744134,6.05229,-2.4319391,2.2997222,-0.35598007,-2.335603,-9.474426,1.9557382,-11.130378,-11.3958025,-5.143545,-1.0475322,5.297219,2.8754022,1.5244886,3.6284206,7.575851,1.862173,10.729932,4.427272,10.914065,4.454764,1.6229111,5.2366195,5.957961,4.0609927,2.4588065,4.416218,6.460953,5.024599,3.5440402,1.6466293,5.68528,-1.2141178,8.39026,4.387739,-0.91245675,-3.445174,1.5818594,0.67988646,-2.10584,-5.3279862,0.8731955,0.047174573,2.9004142,1.93762,0.6658298,-1.7994106,-1.3358582,4.6010303,5.197128,4.4508944,0.983722,3.1973214,3.958068,-6.227954,2.7404828,-1.7342263,0.93764263,-1.3300906,-8.175622,0.013872738,1.9366145,-3.8940945,-10.14026,-3.2475402,-0.12860878,0.55056506,-2.6079538,1.4262061,-3.2022948,1.5433924,-0.42405367,-2.6492288,9.585008,9.240859,3.5729134,3.8711855,-4.8970804,12.009557,9.238632,-0.3211477,4.2405114,1.206543,-3.6477778,5.114339,-3.213,1.2715827,6.642528,7.024317,7.6207304,7.629137,-3.9908621,3.478599,2.5481334,1.2989635,4.7320786,-2.386225,6.32453,8.756512,0.7172136,-5.1558614,-4.3185525,4.230728,9.628406,6.6508684,2.2744217,3.0129006,-1.8069911,1.9135172,-0.9066858,4.482314,3.4212768,4.3763266,4.193473,0.9430455,3.3846445,-2.4669948,6.0801516,-8.676633,-1.1499141,-1.7489996,1.6395603,9.182151,-0.63896805,-3.6523404,-0.92453504,-3.822042,3.0437343,10.272314,2.8452878,2.298052,0.8203223,6.9091954,2.9259195,1.8330908,-6.6382422,-4.231244,0.3931439,5.5925817,-3.101102,-5.098249,2.5074534,7.72483,0.37617618,-4.977031,-3.0387597,1.2271806,5.4632516,-0.5241269,0.5007778,0.37345925,0.9013253,-0.89200497,1.2723547,-0.4828768,5.438442,2.2029707,5.0661416,4.3912764,3.1384141,3.5033455,4.719232,4.7418356,5.5816846,6.3574634,-1.0985342,6.270884,6.031215,-6.885676,-3.2377994,3.142055,4.1508226,6.6789565,5.1463156,-0.46356273,3.5225303,2.3722622,3.079924,-1.458863,3.0917008,10.83428,2.8057983,5.32646,-0.99146837,-2.613276,-6.3936434,3.606303,0.558499,-5.0495996,2.0755296,0.97055155,4.696523,6.1436744,1.3078051,-0.33221987,1.197112,5.4491134,10.394123,0.7931792,5.2280893,-2.1637745,0.8621732,0.02650857,4.337073,8.482076,3.2900987,1.9873886,-0.0440984,0.42817175,5.253317,3.8341458,4.604541,9.020936,3.6949754,10.323309,-1.5494916,-0.71225965,5.6816525,3.956623,-0.08382196,2.1058478,3.3684924,0.92947745,1.168382,3.6883035,1.0305189,0.83699113,1.3197212,6.216406,6.1640778,6.9402413,2.3390877,2.3883624,-0.5857708,1.9688023,0.52834815,-0.43892628,4.211447,-1.3349168,-3.736366,2.9677083,3.9386916,-0.46576825,0.94839054,-0.012432006,-1.5921636,-0.6620623,-2.2471766,2.4627693,-7.207257,1.4849865,1.2378187,-5.1229773,7.8429327,1.7363979,2.1950204,-1.6637429,2.575958,3.9100745,4.662539,4.1272244,4.7239184,7.319154,-3.477674,1.3630377,-3.6230843,2.4361963,4.060545,5.870366,-2.1448739,2.4534645,-4.758335,0.012787467,5.837945,-4.8620663,5.0354958,1.0682006,2.2814085,-1.5497384,2.4802978,-8.306873,-1.3014135,1.9530843,12.651179,1.9285612,0.6420044,1.4693097,-1.3849976,1.9399381,0.5798573,3.4193764,1.9269056,3.3313017,3.8403172,0.42379278,0.55231136,-2.2994494,-2.3119543,-6.10449,-0.40660432,3.4705074,6.946355,4.692782,-0.4011372,4.2412868,-3.2449105,0.44141173,3.3666224,6.7724037,-1.8141584,3.719313,2.5609748,2.1394696,2.2469587,3.1616344,-1.393944,-4.5336204,4.9164295,-3.6412716,-5.5915546,-2.4931855,0.5682016,1.3792863,-2.8423269,-1.0338552,0.91868275,0.120131016,4.9865003,0.75652003,1.0637543,11.877221,-2.430149,19.036396,3.655643,3.2757695
158,0.7058893,-0.23423684,-3.3549972,2.4066176,3.54098,1.078313,0.95974106,2.5490036,3.0562751,1.2035522,1.8055742,3.2503362,3.3767366,-3.8262594,-2.6968145,-4.3589597,-3.2263424,-1.7816836,0.24775761,3.828989,-3.1244204,2.641887,1.4785274,4.3971314,3.5555968,2.93726,-6.931386,-2.1313577,1.027983,-4.2423673,-11.189019,-0.3551408,-10.003281,-15.329175,-4.0719457,-3.2570891,0.16745183,1.0877426,-2.4322658,2.8115687,1.4025165,-1.1849974,8.478425,2.3849468,5.928672,0.37088075,-0.0661257,2.0735824,6.333859,-0.023393683,0.7328924,2.0450256,8.457734,3.8071873,2.882848,-0.1534015,1.8462093,-0.7113672,2.3647282,1.6020945,-2.1730402,-2.0175505,1.4542677,-0.07660006,-0.5104077,-4.003486,-0.25877434,0.08805806,0.15625873,-0.9468716,-2.331864,-0.6123687,0.36050567,4.2102413,2.2207835,1.7956269,-0.8501657,5.195843,8.756236,-4.925307,3.8073123,-0.5236526,0.5343247,-1.562158,-9.241547,-3.194064,0.52823484,-1.3722389,-8.758882,-0.79047954,-0.88079643,2.0350242,-1.8444114,1.2085396,-4.12018,-1.098914,-0.07645309,-1.8053641,12.889244,8.209841,3.3738344,4.7435045,-11.885214,9.086077,8.298137,2.5986536,3.357532,-2.7386189,-4.427741,1.9237862,-0.28751525,0.6944196,10.990584,8.044263,12.597127,5.783767,-4.1392784,4.7324433,-1.2639191,-4.095461,-1.9590256,-0.9299548,4.7302313,9.012256,-1.6187711,-7.1111465,-8.217971,1.8397993,1.7183568,4.4051948,2.4448295,1.3564377,-2.520327,0.6490127,-1.3591073,2.5371387,2.2074685,0.3099452,1.1622806,-2.1256828,1.3458325,-1.8128855,4.043833,-11.249323,-0.86273736,-2.1000504,0.096632145,6.678179,-0.8880069,-1.4454331,-1.4704045,-5.7713675,-1.1040933,8.3393545,-0.83931774,-2.8718069,-4.820464,6.0221086,1.9599346,-3.5603487,-3.9776576,-4.6782813,-3.8479137,3.961513,-1.5575155,-4.9961076,1.195709,11.547328,-1.6643991,-5.48066,-2.7078822,1.2520434,3.5270715,0.77412844,1.539809,3.325554,1.0612366,0.3199165,1.0612501,1.2494056,0.87120545,-2.3171542,0.7632654,-0.12231385,0.061275437,-0.7783354,0.54400766,2.7506564,2.9584012,1.6699352,-4.519595,3.3111057,3.65489,-4.246988,-1.5193598,-0.30285802,1.6164879,0.4352662,4.405943,-0.851165,2.1173573,-0.71100587,0.075014696,-2.385114,0.62609285,7.8014336,-1.5888765,1.7868061,-5.3977437,-4.019789,-6.7347436,-2.227622,-3.6309195,-4.035815,1.7705643,-0.26194036,4.851589,2.3414252,-0.6887608,-3.0057316,0.031005386,6.0786405,6.426546,1.5654391,0.9694744,-0.872288,1.0631872,-0.07779648,4.5237093,5.0071197,1.3410075,-0.77617306,0.35021105,-1.1239866,3.8504248,0.3887654,2.3355985,5.474133,0.9610707,4.450927,2.177975,3.4961102,3.8751678,-1.969625,-2.6849313,-1.6348445,2.7020319,2.9143825,0.9820829,2.9994793,1.05576,-0.03439665,1.0133,1.567654,3.1140366,5.071692,2.4665787,0.59618074,0.08743657,0.7754078,-0.7870253,-0.7048467,4.6161156,0.026425958,-5.5053334,0.9744661,1.8427448,-1.0488393,-1.5846639,-1.1235723,-1.2021471,-0.6774012,-3.8053207,1.0042385,-0.46675315,1.6810055,3.4659932,-1.0261831,7.0692596,1.7390311,2.5711064,-0.5000898,2.83071,1.5365365,5.9349313,-0.16401759,2.7711797,1.7875966,-6.811931,2.4617574,-3.3334703,5.5998254,5.48829,3.1790783,1.611846,-0.34413037,-3.6605482,3.834885,8.240019,-1.1911124,-2.3704548,3.0766134,2.9098194,-0.9330265,0.5420007,-9.68779,-3.500855,1.6779461,7.655964,2.6550317,1.2059993,0.40400374,-0.77111816,1.4554694,0.047481667,0.5716518,0.2572729,1.6005062,0.73566246,-2.436177,0.3483156,-0.80938786,-0.90434617,-2.6644535,1.0348738,2.9369295,5.1355286,2.4248502,1.0835583,5.8885975,-2.2381868,-4.4585147,-2.4790537,2.640534,-1.8979152,-0.34889895,-1.8424166,1.1888679,0.88591576,0.08845339,-0.6218385,-4.615023,-0.5139453,6.649405,-1.1762465,-2.7894166,-3.1933565,0.8332424,-3.3819523,-1.2527587,-0.5325084,0.5298855,-0.11209149,-0.5752862,1.4051055,12.268853,-1.5894147,10.179639,4.5289927,1.3830903
159,-3.8105931,-5.523516,-3.377183,-1.2879034,-0.7890298,-0.49831724,-7.414018,-0.45736253,2.259702,0.23114252,2.7421074,-0.22533621,0.28491127,1.9036596,1.8996421,-5.144495,-1.9438949,-4.626803,-5.1884413,0.93353945,-5.0500226,1.2444074,-2.8045626,3.892673,2.8466656,1.5249195,-5.140252,-6.5303187,5.190843,-3.517478,-8.906723,-2.200138,-7.8622966,-14.993714,-4.0393443,-2.51167,-1.3048048,0.36128044,-5.299354,2.5897396,-4.4470134,-2.5996547,4.337269,1.1532124,2.143005,-0.39612088,-1.1279387,0.15861323,5.5288877,-4.5170302,-0.4290571,0.34025702,6.9282045,3.077767,1.5952681,-0.4074811,0.83447933,-0.047324568,1.1737511,1.8675897,-0.46753275,0.5656493,1.2883633,0.6324388,2.4814003,-4.3288903,-0.9520457,0.4177223,-0.6132768,-3.928941,-3.3721464,-0.26296955,1.7463213,3.3244178,-0.5289802,0.013695382,-2.9955308,5.465684,11.9288645,-4.9881873,5.516003,1.2745763,0.20595953,0.2295546,-9.24944,-2.726387,-0.077270426,0.95258737,-6.226697,0.9882897,-1.524045,2.311685,-2.7171335,0.5618919,-2.2431116,-1.8376637,0.5043949,0.11529507,10.350731,3.9067423,3.8330853,4.8122816,-12.248451,6.040414,4.116174,4.9831223,2.9857533,-4.4873238,-2.5003657,-2.2570379,1.963069,4.1435294,8.969627,8.730263,12.305186,1.3614604,-2.653434,3.1192317,-7.1978493,-7.0671225,-5.909588,1.2972611,2.0885377,5.515199,-1.9897404,-5.028607,-5.927076,1.1109809,-4.9969325,2.9118397,0.98354286,-0.51384556,-1.8579828,-0.82150126,-1.1203748,0.07608967,2.1829116,-1.761812,-1.6444203,-2.709382,-1.7118354,0.12781209,1.7235608,-7.8994904,0.3997337,-2.308762,0.124925055,4.1359334,0.8848641,1.3890345,-1.2372606,-5.802459,-2.9546907,5.7040358,-2.60884,-6.1555347,-8.668482,0.47231838,0.18658349,-5.339792,1.9349222,-2.2753878,-5.836898,-0.260886,0.33727464,-4.172842,-0.06713393,11.005484,-1.8844054,-5.855329,-2.2187765,1.4461734,2.0645864,3.7379117,2.068625,5.711527,0.025167614,2.3220549,3.840562,4.761058,-3.6111822,-5.1231494,-3.4817495,-3.5723693,-2.0740309,-4.30338,-1.1292527,1.1439997,0.21997523,-3.0986412,-5.3576922,-0.054708414,0.250726,-1.8283464,1.2286235,-2.9712229,-2.4325354,-4.034988,0.97666985,-1.4220622,-0.6411346,-3.0945776,-3.5647094,-0.042727914,-0.65342593,4.288038,0.259291,-1.5436093,-2.8705645,-1.1442783,-5.9479766,-6.185919,-6.3439813,-1.9960314,-0.19298421,0.9918153,6.804037,-1.0815054,-3.250194,-2.8743043,-1.9222287,3.6262116,2.6857195,3.878339,-0.10844372,2.6717405,3.2496614,2.5041232,4.233562,3.6147888,-0.28539863,-2.3725395,-0.23304981,-2.7385998,1.6205894,-1.5138481,2.9735856,0.17743571,1.3868123,0.94241756,7.955981,7.6563683,3.663176,-3.953675,-2.3159888,-4.204327,2.1425247,3.4041162,1.9319708,1.5082858,-1.1267612,-0.62394875,1.3496948,-0.83904153,1.5004,2.4440062,1.6326874,0.8917761,1.6098075,-1.982004,-1.7406565,0.74262786,4.264207,2.0602891,-5.0026298,0.6237857,0.26972213,-1.9259038,-2.15281,-1.8631053,0.102338254,-1.4403315,-4.2029147,-1.2582252,6.5017104,2.0674057,5.1746697,3.616046,3.4112406,1.9025916,2.9675536,1.8028376,2.07009,-1.9254707,4.210163,-1.8053148,-0.83513904,-2.24592,-5.6670756,4.4806857,-1.4462686,6.5082517,4.4571304,3.0989673,7.9726963,-2.088574,-0.5757215,4.1349545,4.9665008,2.520694,-5.7700944,2.3813438,3.9376101,0.17750004,0.6978628,-4.698111,-3.2285528,2.2920952,1.7099499,2.6959972,0.6789861,0.03333655,1.0426987,1.2927605,-0.3935565,-2.0971513,0.8039132,1.8878977,-1.8813126,-4.361542,0.038290404,0.61183405,1.4958825,-0.53911984,2.6767437,1.6129453,2.0446923,1.0034999,4.2123957,7.0164604,0.41713494,-8.90424,-3.3047411,-0.6704139,-0.69524384,-3.8703725,-2.9375365,-2.02012,-0.33758366,-0.91401714,2.6348355,-2.0593038,-3.7999403,11.131106,6.865915,-1.9265448,-4.211995,1.7942107,-0.17907844,-1.8737948,-1.0872586,0.84713167,-1.4207675,1.9163445,0.95341504,12.500826,-0.55756235,-4.5519223,6.873694,1.9214491
160,-6.1558957,-6.8865485,-1.9151018,-3.5841608,-4.578651,-2.095864,-9.323711,-1.3902203,1.4718648,-0.04954332,3.2958746,-1.6920726,-3.4663677,3.57319,5.0768657,-5.1064563,0.38935915,-3.9019368,-9.168902,-1.5330118,-3.8341608,-0.6687843,-6.5299726,5.36379,1.8714174,2.8219616,0.3623807,-7.033173,9.483619,0.036078613,-3.069327,-1.8133407,-2.1292987,-8.823124,-2.9735873,0.46066415,-0.38141435,0.5775515,-5.201599,3.180436,-6.8699574,-1.5749407,0.1378611,1.612774,0.44256917,0.91135335,-1.2148687,-0.08742204,3.4864225,-7.7014647,-0.48462403,0.36390457,3.0725245,2.3406377,-0.216422,0.36064902,2.3902907,0.2433911,4.439775,3.2411134,3.5701754,3.0284128,0.8747962,2.142875,4.5051336,-6.1895623,-0.41555437,1.7002589,1.0020332,-4.988659,-1.1277658,-0.8547949,1.677573,2.1074216,-1.7409852,-0.08173225,-4.249007,3.3780324,10.749055,-7.3932033,6.334325,2.4245722,0.107484356,2.8352063,-8.757379,0.47335058,0.8387504,2.0841799,-3.4168231,1.1043942,-1.6579653,-0.19378193,-4.8501067,0.031781405,2.2372565,0.020788293,1.1837928,3.2192044,3.5608683,-1.0077522,4.484111,2.844106,-7.5971456,3.463245,-1.1140869,4.5202065,2.8809783,-3.044887,0.38432884,-5.480447,1.8103247,7.8100467,1.9146218,7.318971,6.763213,-2.2769766,-0.022078983,0.296355,-10.491027,-5.5822434,-5.875543,2.4195645,-0.91005975,1.1142225,-0.43983698,-2.0677977,-0.8474986,1.9870795,-7.7411275,2.2265205,-1.5926389,-1.619956,0.09368116,-1.3201504,-0.15453352,-1.952229,3.2276583,-1.0584915,-2.4850342,-0.66395825,-3.5900095,1.4658226,0.923555,-0.9553183,2.0858562,-1.968299,0.16228814,2.0441628,2.9344785,4.681338,-0.50740105,-4.162555,-1.8426464,1.8694985,-2.8003325,-5.6007676,-8.146396,-6.0811005,-2.0697453,-4.178972,8.687561,4.1814165,-5.0999813,-2.4020252,-0.99409735,-2.170518,-0.78076494,6.0217543,0.14003372,-5.45143,-2.0426924,1.7593958,2.1785529,7.486506,2.6041396,5.341374,-1.5731449,3.0980968,7.349842,6.762283,-5.3863826,-4.9599695,-4.8752055,-4.060789,-2.1940362,-5.137804,0.3173137,0.59510857,-0.94785434,-5.5112944,-3.3797753,-1.783596,-2.731745,0.18420796,4.1623225,-3.3872952,-5.0575194,-4.6264,-2.036822,-2.541716,-2.9009426,-3.4868753,-5.2866645,5.3914585,0.38468972,1.7715176,5.562801,-2.3358555,5.3405333,4.739495,-3.534022,-6.174194,-1.9489557,2.2460673,0.25406343,4.160934,8.384685,-1.3334975,-4.289164,0.15818222,-3.7653978,-0.13748841,0.52314013,6.8013015,1.845175,5.6192436,6.37972,6.3023157,3.276932,3.5990832,-0.35781556,-1.367753,-0.61517376,-3.2103434,-0.037404843,-0.9188182,4.979237,-2.5152771,3.1728573,0.40814564,11.682826,10.154602,4.505672,-2.5328324,0.1371403,-4.99085,2.9223568,3.2973282,3.4296262,-0.35936198,-3.4372427,-0.5002308,2.6211987,-1.1880691,1.1327407,-0.030332237,0.675413,1.5689454,2.7448149,-3.989769,-1.1791055,2.693887,4.038361,4.4612374,-2.5752296,2.3779128,0.20799918,-2.344309,-0.112505704,-0.74776345,0.98147106,-2.4707794,-2.9158435,-3.2849727,10.611968,2.0378819,6.21019,7.339365,-0.88348556,2.040804,2.2952769,3.0908363,-0.7185752,-3.3931074,0.30722448,-0.44982192,-4.04144,-1.836008,-1.085136,3.998518,0.56436735,3.5202434,1.312362,3.8668635,11.7479105,-1.6362938,3.5763574,0.9056489,-0.9924679,4.7019854,-3.5940843,-0.4967092,3.2942197,1.073161,1.7734811,3.9315288,-1.7841381,3.1221907,-2.9102437,1.8871045,-0.8280756,0.97959054,3.233749,1.3839011,-0.8229116,-2.9838364,3.2614183,3.0876892,-3.1924376,-3.630459,0.62501645,1.1576998,3.950964,-0.06329966,4.295414,0.34158865,-0.81202006,1.000582,6.873752,8.156284,3.8131938,-9.839804,0.5838768,-1.4413987,1.7174816,-5.3223743,-0.6519194,-5.2071133,-0.5196766,-0.369752,7.2750745,4.2066383,-3.698653,4.8182526,10.3069105,0.5168959,-2.1837347,3.3885763,4.7978506,-2.3207197,-1.0034362,0.6273857,2.4531968,6.2367263,0.050641045,11.934639,0.6791374,-13.307611,9.063022,4.242212
161,-6.2046227,-4.6617413,0.20498498,-3.446885,-5.940899,-3.3535254,-5.696801,-0.36503705,0.8998383,0.15429457,2.9501276,-0.66345596,-5.497828,2.2555902,5.4681597,-5.1601,0.36905268,-1.0343053,-9.362533,-2.5158472,-0.55211973,-1.7841759,-7.4392633,7.5353336,0.13783187,4.989664,4.6929436,-3.3732102,11.164294,5.573473,4.0470386,0.7820905,7.7759113,0.9018645,0.6575768,3.1994374,0.03989763,0.73362076,-2.6270661,4.15536,-5.0262775,0.24475968,-2.3840082,2.9865782,0.03140104,1.2147173,-0.82643867,0.06567385,0.74224937,-8.459729,-0.004493591,1.554705,-0.5725612,0.728928,-1.9261616,0.7865883,4.476618,0.07712717,7.541822,2.6413045,7.4922085,4.0295405,0.29937896,3.0185513,4.478876,-7.869144,0.74114674,3.7944815,3.6125739,-3.730876,2.8719301,-1.2062935,0.024639461,0.9151896,-1.6331388,0.91568077,-4.1630106,-0.004927339,5.846547,-9.99145,4.7106,2.767259,0.01344048,4.150403,-7.9783125,3.2077734,2.6930373,2.3856359,-1.0536915,-0.003990016,-1.1701959,-4.1632648,-6.3581667,0.0802258,6.3888693,2.9908435,1.7500854,6.596809,-2.7720635,-3.8884377,4.085147,-1.1106211,-2.9714835,0.7059529,-4.485412,0.74786973,2.3752832,0.3442554,1.7321701,-5.5224695,-0.626336,7.3514247,-4.7043123,3.2182696,-0.5938156,-2.825469,2.471086,-0.5990263,-7.7648253,-0.76326036,-3.866328,1.4493562,-2.9402936,-0.6205656,1.4121566,-1.5745456,1.7327408,3.2212996,-6.8467555,1.7459384,-3.618021,-1.5797694,2.4287467,-0.6561261,1.1631765,-2.7509265,4.0096617,0.8200124,-1.5342076,2.0937462,-3.505403,0.800604,1.7192575,4.446715,3.408801,-0.9767652,-1.3065978,-0.038778454,3.2133925,7.879199,0.01415416,-2.0319493,0.72992283,-2.34172,-2.659259,-2.2671988,-4.5160155,-8.959719,-3.8673568,-2.160427,13.461363,12.442301,-2.865005,-0.19303007,-4.483033,-0.0075359866,-0.8156825,-0.50579286,2.4710965,-3.9167342,-2.0865564,1.5014665,4.093839,9.011254,3.410848,3.048985,-3.1828165,1.9270291,8.633524,5.0718865,-4.058309,-3.1636608,-3.0401437,-2.1820152,-0.9507121,-3.2470121,2.4711454,0.70967036,-0.47249317,-5.209884,-0.56663465,-1.8420299,-4.3260965,2.53879,7.1303544,-1.9973234,-4.3535447,-2.4399695,-2.4305525,-3.887323,-3.0654848,-2.5702662,-4.3810625,10.468289,2.6055775,0.08961598,8.839425,-0.87052464,13.96525,11.263871,0.72247,-2.8657267,9.675928,7.369281,4.815397,6.962052,7.8601313,1.9637519,-2.8851123,4.037563,-4.249036,-2.4895117,-0.5487454,8.492067,4.201794,6.0854015,8.324646,8.93058,1.6704159,2.969784,0.78256994,1.2143958,0.052236553,-2.081599,-0.24497603,0.5539694,5.7936015,-0.46323636,3.2393696,1.076688,10.8107815,10.5873785,4.3695765,0.17310236,2.6720273,-4.4373198,5.2255044,3.8615055,4.8706207,-1.8717289,-3.4870667,0.5730979,3.9608562,-1.3343968,0.26529798,-1.6448262,0.53576416,0.6365705,2.5300639,-3.5808682,0.42601192,3.3845115,4.1401157,6.5009003,-0.042797193,4.9856462,1.4468913,-0.86827743,3.2613094,2.6435585,1.0320793,-2.7765486,-0.6137108,-4.0683713,11.0814705,1.1760249,6.6100974,9.947178,-3.5070305,1.5630614,0.9841318,2.1786027,-3.4386158,-1.4855676,-3.1470132,1.7095004,-4.936653,1.7663132,3.1438103,0.24368179,1.0383202,-1.8570882,-2.223797,2.0621262,9.169207,0.36504388,6.9481263,-3.1342876,-3.793614,4.6317353,0.36679938,-2.9299412,0.5033294,1.423357,1.8038484,10.510666,0.042575903,3.3594413,-5.4394264,0.7964462,-2.2635314,2.6201346,4.7590456,1.3067077,-0.8715073,-1.6968906,5.381506,3.305877,-3.4063253,-1.1745849,2.7690454,1.0677621,5.729825,0.56855416,5.8014174,-0.27134466,-2.0797725,1.5223262,7.2884917,9.990489,6.591657,-6.865347,5.2794867,-0.663475,4.5595145,-5.078675,2.2117484,-6.00618,0.50860405,-0.65141433,11.652703,12.306464,-1.6612208,-7.816429,6.132737,2.7210467,0.98595846,3.9688447,7.737711,-1.9813902,-0.9878129,-0.29074138,7.893604,8.833765,-0.56210804,9.608506,1.9257686,-7.8563147,9.19175,6.7803035
162,-5.1582575,-1.5807189,1.5504253,-1.8898362,-4.745966,-3.95787,-1.441613,0.70496297,0.2848676,-0.006940745,1.4878852,0.8025573,-4.9508314,1.1221334,3.9623811,-5.812353,-3.1088004,1.4570286,-6.1715794,-2.204358,2.0546098,-1.3653358,-5.1633663,7.713771,-2.202828,5.0911903,5.023585,0.92856133,9.303741,11.4920025,9.191993,3.3300362,18.297745,9.292344,5.7629876,3.716609,-1.4582087,-0.055504866,0.07813209,4.666454,-1.1097038,0.7149192,-2.7281663,3.4895453,-0.12337396,-1.2120647,-0.73300743,-0.8672561,-1.6434581,-6.9560337,-0.01049223,2.2845132,-2.362774,-1.8625071,-2.7522535,-0.12623619,5.1307745,-0.6092259,5.978183,-1.0211045,8.764951,2.9418447,-0.3974715,2.4300406,2.972021,-7.7349,1.0943706,5.6090198,4.9449053,-1.4510688,5.5289254,0.035668805,-2.0724313,0.045746535,-1.3135023,1.8489774,-3.3282495,-2.745737,0.8404362,-9.575325,1.0689967,2.9280727,-0.31718367,2.8390353,-6.7418494,2.8503265,4.145807,2.8035989,0.41055155,-1.0552074,-0.53677696,-6.9111013,-5.7129536,0.5258814,6.9292192,4.5401287,1.955375,8.805211,-4.9532475,-4.12569,1.7326374,-5.447539,-1.7083142,-2.7680624,-4.7680964,-4.1588097,1.2394222,3.2366326,0.47012493,-2.0763245,-3.7000234,1.8335186,-5.9441075,-1.484463,-5.309945,-0.9458209,3.5247154,2.0379043,-0.15912528,4.0428715,-3.2179124,-0.6938505,-2.9068053,0.9771854,1.9881532,-4.0103846,-0.16189526,3.5943909,-4.7058024,0.7448569,-3.6592116,-0.800051,4.1444697,0.36413202,2.2919166,-2.142682,3.2953725,1.6979367,-0.49839866,3.3342655,-2.4420066,-1.6601671,2.6006792,4.4507475,3.7133114,0.067185104,-3.8080702,-2.3499992,1.2204636,10.295873,-0.018967535,-0.5424051,2.274287,-4.745734,-2.75657,0.8328162,-1.3736315,-6.5727873,-4.3130364,-1.3347038,14.413703,17.814577,-0.63580924,4.2569313,-5.436909,0.5488375,-0.56250244,-4.725034,2.5597773,-1.7889261,-1.8760976,0.35359117,6.0738397,5.8605475,3.7559874,1.7437633,-4.4748983,-0.33441275,6.038541,0.41745657,-1.719542,-1.9655463,-0.008516803,-0.37354827,0.0258916,-0.4770031,2.5251243,0.5630267,0.21537828,-3.7812,0.72318083,-2.0957544,-4.4762225,5.7543454,10.135945,-0.6126224,-0.89999574,-0.3562878,-0.7067933,-4.5122666,-1.1893159,-2.0829628,-2.2931342,11.1207905,3.735687,-1.8951541,7.110529,0.5383404,17.666681,16.124992,5.623714,0.7026441,21.711111,10.731395,10.716141,7.110161,5.7197084,6.1877155,-0.1203327,5.742604,-3.0348687,-2.0728307,-1.768609,7.4910874,4.603401,4.588336,7.4184613,8.677055,-0.039436255,0.951516,1.52122,2.821028,1.1763486,-0.059907094,0.4547718,0.5499261,4.257532,4.6160727,0.31496096,0.9779755,6.4324737,9.038825,1.6712631,2.1238413,3.634822,-3.4418097,7.60594,5.2734766,5.8507657,-2.4260538,-0.69233876,2.3256178,3.9393704,-2.4614089,-2.0827816,-2.1417024,1.3144962,-2.0395756,1.0480138,-1.3226031,1.3848974,2.2050114,3.7028377,7.1797533,0.8867676,6.304961,2.8140144,2.996067,5.8957033,7.076563,0.78154397,-2.0381825,1.1417205,-3.4174433,9.045267,-0.30882353,6.0320077,11.834277,-3.823317,0.05478047,0.47158325,-0.24513185,-3.4993513,1.5545686,-3.7426908,2.0040047,-3.2873957,4.4189153,3.9306056,-4.1999907,-0.73888713,-6.0855026,-4.3955026,-3.327894,1.7711394,2.1894615,8.086362,-4.535249,-0.8095963,2.8796492,0.59479725,-2.4203763,-2.3937426,1.3453923,0.15209907,11.001417,2.5074406,2.984686,-6.2612467,0.30779427,-2.3592722,3.4896584,5.142605,0.7988036,0.0524734,0.64456534,5.0761933,1.7789915,-3.1993463,0.5619445,5.901878,1.0871888,6.6183662,2.8399296,6.866825,-0.10852639,-1.8423475,1.2323714,5.320739,12.302219,7.7887836,-2.3269198,6.409768,-0.7788573,6.3019166,-4.2775555,2.799662,-3.9855466,1.8587635,-3.4538784,14.143259,18.177887,-0.36387157,-16.3399,-0.73828566,2.1110241,2.7021322,2.6973484,5.9555044,-0.54934484,-1.6698917,-1.4759703,9.221831,7.1940293,-0.4940099,5.3134937,2.7470808,7.110446,6.490489,7.573067
163,-4.352773,-0.13613419,1.2625656,-0.94797105,-2.58261,-3.8786104,-0.58519447,0.017782988,-0.7250665,-1.0649456,-0.8790754,0.1303281,-3.2264516,1.8792917,2.5713239,-6.404141,-7.521595,1.9673848,-2.4784195,-1.6604587,2.035373,0.14845777,-1.5495691,3.8198066,-4.2852664,1.8118154,2.7355618,1.9991933,5.0362086,16.002378,9.799263,3.0946958,23.353796,12.217766,8.931376,2.2061512,-3.5652542,-1.7011508,0.88783664,3.9432988,1.3050475,-0.49353352,-1.9246058,1.8894627,-0.1312479,-5.0343485,-1.2353764,-2.8851829,-2.7654216,-4.4555507,-0.91014344,1.4089231,-2.7155457,-4.386327,-2.4100072,-2.113495,3.8987877,-1.9081366,-0.41785285,-5.738814,6.4283495,0.15360367,-1.5366217,0.67381513,0.8133585,-5.904256,-0.269389,5.8648047,3.4074826,0.07334603,4.852402,2.7507253,-3.1330771,-0.6147024,-1.498952,1.9475971,-2.8215952,-3.4857934,-1.0320033,-5.645465,-2.3744676,3.2269316,-0.9049234,-0.5383401,-4.922499,-0.37926197,4.1328793,3.5004556,0.77372295,-1.1487747,-0.6341388,-7.164489,-3.3807163,0.70056003,3.2500567,3.0859976,1.5806277,8.681412,-3.2544806,-3.2269783,-2.051827,-8.152083,-2.5531874,-6.3025227,-3.2823687,-6.87394,-0.033439323,3.773849,-2.0696576,2.481362,-5.73697,-5.342101,-1.4973547,-3.361156,-5.1107507,0.6985963,2.6148229,6.4256816,7.0637064,5.854458,-5.493071,-2.053995,-0.9728733,2.8651423,1.0844063,-6.7088847,-3.6505847,2.7995737,-3.4155936,-1.2271799,-1.8913763,-0.13425906,4.655815,0.7540013,2.786406,-0.6870314,1.1455106,0.85866195,-0.8227532,2.3636155,-1.9255679,-4.2954044,2.0757577,-0.72892517,2.8356903,0.24077706,-5.082739,-4.0825405,-1.6919718,11.366465,-0.39396366,-0.07473541,1.4303315,-3.6804461,-2.6971579,1.4159087,-1.1830498,-1.7352798,-3.430073,-2.2524838,11.346063,16.476583,0.94938284,6.593899,-1.0214337,-1.1274713,-0.58837163,-4.751497,-0.3239522,-0.20086408,-1.2067173,-1.0605503,5.2050247,-0.89107347,2.3507435,3.08107,-5.277191,-2.0759382,0.27453628,-4.3666205,-0.94288445,-2.3455083,1.740865,-0.5895046,-0.27982262,1.0499293,0.15950884,-0.30826706,-0.30333012,-3.113299,-0.31646913,-4.214354,-3.7506983,8.981913,12.308955,-0.6975627,2.8768556,-0.33072487,0.82959473,-3.6061518,0.9992559,-2.7868567,-0.872841,6.106216,2.4875336,-4.7665057,2.2229965,-0.032794997,14.590794,17.723675,8.64002,1.5090952,25.249376,10.739807,12.817573,3.996466,3.9219024,7.5817595,1.8373312,3.4659743,-1.3325315,-0.0015330582,-3.5882888,3.7212212,3.0967922,2.9500792,3.7416122,5.530078,-1.043188,-1.1659845,0.5483237,1.782785,1.2602369,1.5066617,0.5242773,-1.5234975,1.4762056,8.721876,-3.8489704,-0.4128328,1.919876,5.30564,-3.1674852,2.0407271,2.4274838,-2.634748,7.8518906,6.1291356,5.862276,-2.1171036,3.0223153,3.819801,1.8317008,-3.846138,-4.741316,-1.8026985,1.9620472,-4.4731083,-0.84777135,0.578803,0.5408833,0.19771954,1.671125,5.8121147,-0.044899497,4.9149637,3.1400673,7.6053405,6.3957515,10.497822,0.5816115,-1.2033566,1.0265166,-2.0597339,5.88168,-1.7327873,3.8339643,12.545021,-3.0097134,-2.170751,1.5213189,-2.456986,-1.1060289,1.5606295,-1.2906675,-0.3233647,-0.5485474,3.108564,1.4978864,-6.1095753,-4.066262,-6.6857157,-4.6057134,-9.013159,-4.625481,2.4869096,6.86617,-2.0025704,4.3577824,0.95424193,-4.768533,1.0203997,-2.5680187,1.0072968,-1.866203,6.2987328,5.589495,2.7713606,-5.8606954,0.8015764,-0.79885626,2.4999032,4.5715156,0.09895141,2.0489275,2.2369373,2.391128,-0.4608314,-2.8781965,0.1160835,8.253728,1.3967193,6.575498,5.891424,6.828448,0.5691793,-1.610976,-0.3417847,2.2953722,13.710578,7.151349,0.91286767,2.5825095,-3.0384457,5.5850186,-3.3578696,0.7532853,-0.85997385,2.2128065,-7.6397486,13.75809,18.130255,-1.2930427,-13.78822,-3.031831,-1.8848541,1.7234211,0.38789722,0.049175955,1.6705924,-3.051494,-2.1705787,3.8894472,1.4287598,-0.121983804,0.18118827,2.602778,17.558332,1.8350294,5.163669
164,-4.064016,-0.54171985,-0.16801393,-1.6379265,-1.2354984,-3.2829306,-2.8691757,-2.3435798,-2.0055256,-2.550456,-3.390048,-3.2489529,-2.4179611,3.3917444,2.6656606,-5.4820523,-8.829639,0.7103251,-0.99382335,-1.685599,-0.038129304,1.564891,0.9077695,-3.5153196,-5.131776,-3.4508924,1.5666934,-0.7047433,0.34738517,17.862494,5.7651258,-0.68099713,18.944544,9.2981825,7.240206,0.670266,-3.8910444,-3.1453168,-0.15674686,1.859269,0.2505866,-1.6313018,-1.6275877,-1.3317182,0.6136648,-7.1898956,-1.9198375,-4.3339734,-2.5451686,-2.3014238,-2.049181,-0.64124966,-3.2273796,-5.3923607,-1.4079355,-3.862907,1.7813575,-3.5794582,-7.3125196,-8.252051,1.4946648,-3.2512367,-3.5241413,-1.4827104,-2.1320658,-4.1932926,-2.9519253,4.167615,-0.8858224,-0.15246356,1.4576,4.910872,-2.6249423,-1.643853,-2.0121255,1.0151492,-3.3392508,-2.329361,0.025428325,-1.6760224,-3.8615296,3.084219,-1.5909153,-3.8996108,-2.7632866,-3.801111,2.4371028,3.4158182,0.07030606,-0.52554077,-2.0657372,-6.130369,-1.511601,0.17142057,-1.8717489,-0.76628894,0.55964094,5.9865174,-1.0303012,-3.0221136,-5.3968196,-8.194233,-1.7606515,-8.315667,-2.4311538,-5.531633,-0.8316918,1.7728319,-3.355901,4.8868237,-6.311031,-9.401144,4.339048,-0.9956795,-1.3662822,0.22212757,0.33535755,8.708248,8.677584,4.1722245,-8.746838,-1.5313061,1.3550125,1.368183,-0.22208093,-6.4529552,-4.442355,1.4463134,-3.229026,-4.0849514,-0.10464683,-0.27220196,3.8530595,0.18313298,2.4677088,0.7331768,-1.1129493,-0.52013904,-2.2886837,0.37211052,-2.53162,-5.1876383,0.18072236,-7.311419,1.2919472,-0.76266026,-3.3403778,-3.8886564,-3.668924,10.686778,-0.7721976,-0.15980792,-0.78108263,-0.029641405,-2.090559,-0.17846139,-3.0999334,1.1533235,-2.2047086,-3.5202932,5.6255927,8.6746645,2.0065532,4.2649636,5.8465443,-3.6449597,-1.0518273,-1.9938151,-4.3594804,0.123802975,-0.5453031,-1.7452033,-0.05449537,-6.8011374,-1.1923288,5.3709407,-5.566281,-2.178862,-6.150116,-6.867662,-2.237665,-3.388769,1.4413437,-2.384491,-1.3375503,0.72788006,-2.2397273,-1.4162999,-1.9963588,-3.7846248,-2.5303905,-7.6601715,-2.625853,10.450817,12.024097,-1.9543324,4.697781,-1.8933268,0.43487194,-1.2824196,1.6049213,-3.5136294,-0.5078732,-1.833456,-0.3648947,-7.6821656,-1.5303527,-2.2537963,7.0398846,15.552984,7.87946,-1.0580939,16.696444,8.04982,8.300701,-0.9522608,3.5650601,4.238852,1.5832484,-1.7928321,-1.0131873,1.243876,-5.232872,-1.3619224,1.655935,2.1684337,-0.87891954,1.0677534,-0.95967746,-1.5463536,-1.7880303,-1.1416094,-0.36045474,1.6782328,-1.0404205,-3.9023552,-0.47468102,8.973127,-6.223659,-2.3326132,-0.5208339,-0.7619154,-7.910623,-0.55178124,-0.63137776,-2.0597034,4.8054953,4.659193,4.1335664,-1.7975454,4.7367935,3.8485765,-1.53993,-3.8156857,-5.4206505,-1.2773927,1.04733,-4.3767204,-2.3455427,0.4480399,-1.2834963,-1.0011477,-1.828016,2.6797576,-1.6839173,1.260684,2.1416,9.92495,4.6851597,11.521735,-0.035659667,-1.6759619,-0.90856683,-0.9871971,2.2614183,-2.4727733,-0.059738226,10.638026,-2.6262226,-4.1153765,3.1051197,-3.2570307,0.73755854,-3.5126765,1.9283406,-3.49589,1.4628632,-1.2354627,-1.2481383,-4.801438,-7.2397475,-4.384147,-3.581699,-9.851526,-5.0664144,1.2076373,4.3878326,2.4228935,5.476706,0.42284766,-11.701856,4.647857,0.79560184,0.28409082,-2.3483725,1.304453,7.8405104,3.4288692,-4.260798,1.7528483,1.3215181,-0.051181227,3.4408162,-0.24649873,4.260195,2.031252,-0.5205741,-1.6983294,-2.0940561,-1.6917627,8.186362,1.5446097,5.397353,7.258859,5.2616754,1.4046634,-2.841793,-2.408037,-0.2263805,12.744359,4.9928074,1.9221902,-3.5577288,-6.118511,2.6280863,-1.8363137,-1.792526,1.194758,1.0253494,-9.758942,10.734293,11.454631,-3.6062016,-2.984002,1.0883578,-6.765321,-0.8459564,-1.1884608,-6.560585,3.7408662,-4.3941755,-1.9552779,-4.917442,-5.9689145,-0.19625928,-3.7109733,1.2018638,13.547333,-2.922889,-0.3924034
165,-3.298852,-1.0010622,-1.0221354,-2.8633935,-1.1139336,-2.2341292,-4.85664,-4.4634757,-2.8151767,-3.303628,-4.857017,-7.2653213,-2.937458,3.695925,4.162765,-2.1133034,-5.115468,-0.97573256,-1.7026551,-1.9993894,-1.6908783,2.0078847,1.2140254,-10.728286,-4.442182,-7.9599257,3.7293894,-4.0311365,-3.250164,16.8792,0.02450521,-5.9373245,6.9067364,4.1439366,1.174933,0.85486627,-1.6182698,-3.2008533,-1.2572758,-0.81600326,-2.9045246,-0.85551363,-2.6912098,-4.2386017,2.3119268,-5.854014,-2.0663056,-3.5203636,-1.7024993,-0.885912,-2.3004918,-2.254693,-4.7502704,-4.2364216,-0.6498132,-4.1507425,0.061093457,-4.933285,-9.831568,-6.9769497,-3.955431,-6.0907474,-6.0857754,-3.6696754,-6.4237914,-4.1947417,-5.5804,1.4226031,-6.293582,-1.9167987,-2.3616548,4.153418,-1.314834,-3.542419,-2.3698292,-0.9084364,-4.669585,-0.5150695,0.75398165,-2.0056837,-3.8399456,1.6519889,-2.113674,-5.189273,-0.6635039,-4.8661957,-0.47405457,1.3465314,-1.3389981,-0.20266993,-4.4631314,-5.8847547,-1.866316,-0.7241578,-4.6086383,-4.69379,-0.86404544,1.5641994,-1.1218532,-3.8212268,-6.456277,-5.936666,2.2836232,-7.5956473,-3.3312106,-1.2241392,-1.1517363,-1.4837208,-2.0558991,3.856775,-6.130793,-8.296428,6.581579,3.0975454,2.3696086,-1.7138643,-1.8715158,6.446363,4.1227245,0.9975655,-8.830434,0.16376884,2.3572042,-3.8346593,-0.7599654,-2.4020958,-1.490677,0.4293768,-2.9078429,-7.039559,-0.15830067,-1.2893939,2.0076187,-0.86709255,1.4950097,1.5699357,-2.0615382,-0.7242387,-3.3557572,-0.85561705,-3.482669,-3.2532725,-1.5230744,-10.862268,0.08074582,-2.1008317,0.704627,-1.3090655,-3.916984,8.033837,-1.0868078,0.15557425,-1.8522452,2.8682654,-1.3287106,-1.5534706,-4.015586,0.3436092,-1.6155347,-2.9769602,-0.43373975,-0.87012416,2.526865,-1.2707092,8.774555,-4.7966967,-1.4594897,0.2943426,-6.7849083,-0.36926287,-0.6334474,-1.380674,-7.7995944,-7.7629805,-5.3396378,5.130263,-5.473365,-0.8536099,-10.605537,-6.947881,-3.4124138,-3.4587088,0.5306599,-3.258343,-1.6782051,-0.2070965,-2.165727,-1.8016235,-3.4087937,-4.815557,-4.0221753,-9.845553,-1.0182904,9.357464,8.544705,-2.5037358,3.982305,-3.0298512,-1.6495622,1.3270658,0.27288073,-2.3927822,-0.056044333,-8.104281,-2.8535907,-8.981519,-1.6978049,-3.9898322,-0.6998771,10.490328,4.2771363,-4.863368,1.2685677,4.6833115,-0.37065038,-5.3208766,3.620219,-2.21426,-0.35701698,-6.6979403,-2.8277133,0.1070473,-5.6264887,-5.487135,1.8190093,1.6186156,-4.1007338,-2.6105862,-0.22303857,0.07586247,-3.6844888,-3.557423,-2.4692125,0.5922659,-3.518305,-4.3322673,-0.53548455,5.839203,-5.3940034,-3.9573905,-1.889191,-8.170899,-10.159801,-5.072251,-4.66601,-1.3092492,-0.41340452,0.6518514,0.15955724,-2.3698235,3.0798376,1.8292193,-4.189631,-1.680593,-3.0816689,-1.1367646,-1.8967797,-1.3263426,-3.0995536,-1.2307372,-1.6914893,-0.60680234,-5.0541754,-0.88419247,-2.6161354,-2.6300964,0.522746,7.875548,1.6322408,10.230002,-1.6409495,-3.765815,-3.1049557,-0.6439471,-1.3067175,-2.38275,-4.4418893,5.415252,-3.0687902,-4.7784944,3.1081698,-2.7402637,-0.36318463,-11.062,2.9983702,-4.815376,1.9047347,-4.791179,-1.7510208,-2.5190096,-8.482608,-2.24474,-2.577793,-3.590452,0.1064461,-0.62086517,2.1161528,5.1428175,0.4651214,2.0238996,-13.453639,5.329517,5.399687,-1.0997747,-0.6814624,0.5990933,7.278346,4.7917876,-1.4261631,2.1643593,2.3602839,-2.5897632,2.0209322,0.09228661,5.285992,0.63719106,-1.3782768,-1.2164237,-0.3964559,-2.8142302,5.7633195,1.5878468,2.9793775,5.654827,2.7418616,2.1485407,-5.3342705,-3.6629086,-1.4794645,9.309267,2.0079148,2.1494775,-7.4810257,-7.380781,-0.3221292,0.64239883,-2.477463,1.4219204,-0.81533945,-7.069493,6.605129,1.2499429,-5.2187905,6.4109945,6.2091284,-8.899434,-2.4455492,-0.87425655,-10.181131,4.5773325,-4.6948605,-1.1884276,-10.819722,-11.6479025,-1.0069406,-4.5977306,-1.0561899,-1.0208529,-6.1509204,-7.19263
166,-0.82043946,0.21098761,0.57461673,-2.4474187,-1.1346272,-0.6327217,-3.996512,-4.391137,-2.3498588,-2.521143,-4.238042,-9.009428,-2.8873553,2.777448,6.027952,2.9572937,1.5626603,-1.9946944,-1.9983178,-1.5804442,-0.9243991,1.604658,0.57345766,-13.597597,-2.9164968,-9.911802,7.7599964,-4.300922,-5.112455,13.780141,-3.0313675,-9.437646,-5.7625194,1.5395033,-5.165845,2.5104663,1.5792392,-1.5196221,-0.794432,-2.7809825,-4.728887,1.688179,-4.4266996,-4.9494305,4.1028204,-2.123705,-1.2873906,-0.5235709,-1.0330423,0.44638982,-1.1202705,-2.1217773,-6.38858,-1.6620452,-0.66550565,-2.8799567,-0.7505167,-5.3307157,-6.89119,-3.2953932,-8.025796,-7.512437,-7.839695,-5.9337997,-11.373052,-5.2676616,-6.80623,-0.8327462,-10.705096,-4.1733108,-4.811968,0.11644843,-0.3278251,-5.9381595,-2.5074182,-3.620713,-5.817407,0.7138964,-1.6834806,-7.1573505,-4.1301875,-0.9892526,-2.0394738,-3.7927012,1.3388747,-3.4141235,-3.8486354,-2.4967852,-2.725238,-0.863413,-6.3974075,-6.9977427,-3.9728205,-1.1087792,-3.2514877,-6.375408,-2.075738,-3.0231621,-3.194514,-4.293925,-4.9287314,-2.475821,7.0339174,-4.3507643,-4.829493,2.9204772,-1.5325654,-4.2697268,0.6019062,1.2479975,-5.7624307,-4.1900463,3.7101135,4.435264,3.4475563,-2.8300269,-2.4392374,1.0249381,-1.6148547,-1.0332977,-2.9783711,1.4415472,1.4893636,-8.92909,-0.26484582,3.1860714,2.0019417,0.27613527,-1.2936895,-8.732858,-2.2144568,-2.643801,-0.19546142,-1.6218579,0.3374288,1.9396969,-1.3713206,0.7907216,-2.806348,-0.5574241,-3.537112,1.1996905,-1.4177314,-9.085451,0.09698669,-2.38894,4.1535735,2.363407,-3.0385766,3.6295865,-1.3848357,1.7041346,-0.22221811,1.7645996,-1.1230738,-0.6634193,-1.7057437,-1.7898211,-1.629003,0.19345655,-4.5729403,-6.039988,1.9615031,-5.961586,4.3532267,-3.6072564,-1.1075735,-0.07354594,-6.2115707,-0.33794913,-1.5951502,-0.62386906,-13.387941,-3.8361874,-7.3661804,0.8412698,-5.0717044,0.52008647,-11.848469,-6.302554,-1.6496427,-1.8498191,1.1319168,-1.0805007,-0.4445147,-0.116934165,0.34742334,-1.0014392,-3.1003988,-4.7783055,-3.7297812,-8.420018,1.4210143,7.109341,3.4927754,-0.6327623,1.7942555,-2.3552063,-3.7885892,2.8018644,-1.5157121,0.94355994,1.5248011,-9.735228,-3.5998745,-7.6520696,0.41030443,-3.4841866,-5.350789,4.573308,1.4157844,-6.998857,-10.828382,2.2485673,-7.16186,-7.185627,2.12306,-7.71382,-1.9971393,-8.037841,-5.429925,-2.6673186,-4.5447607,-6.7801394,2.9889176,0.23323356,-4.501424,-4.165175,0.2905732,1.9795738,-3.4823203,-3.7059665,-2.9151235,-0.8029077,-4.8878527,-2.4035804,0.5881396,2.3104482,-2.7544594,-5.134891,-4.912399,-14.457398,-8.961123,-9.534852,-8.4274,0.14664344,-5.007605,-3.8450944,-5.4203935,-3.8624706,-0.46003148,-1.510408,-4.374004,1.4456204,0.8376932,-1.4043938,-5.6113267,2.7419076,-2.972591,-2.2529037,1.1866095,0.8683762,-5.8069263,-3.2671044,-2.2420337,-4.673774,-0.7173866,2.2207146,-1.6567262,7.7180037,-3.7178679,-6.0113015,-3.659453,-0.6564893,-3.6175737,-1.7828413,-7.2566476,-1.3533196,-3.35468,-3.920563,0.3264942,-1.7885095,-3.2554915,-15.519678,0.8115136,-3.0054564,1.1718649,-4.5973477,-0.14379221,-1.8078814,-6.8148603,-2.6152363,-2.4032867,6.5357733,5.7643795,-1.8402311,1.0431645,4.2347226,-5.8227415,5.2087107,-6.450128,2.3982348,7.652282,-3.0734487,1.9339895,4.5402207,3.6264677,5.859118,1.9954951,1.4336298,1.6377717,-3.4474466,0.5961888,0.911685,4.266982,-0.1645737,0.18457823,0.11022838,1.9400362,-2.11169,2.9264839,2.823861,-0.0885571,2.7698271,0.8259701,2.6769476,-7.1444783,-3.3827374,-1.5856183,4.996574,-0.82299435,3.5972946,-6.39833,-5.5208178,-0.46363014,3.3470035,-0.91774434,0.80457747,-1.6385005,-0.3247752,3.292225,-7.251911,-4.923089,7.178376,5.6398053,-6.7022786,-1.1782434,0.91875327,-9.270953,3.7537448,-3.432515,-0.73360926,-9.669509,-13.1147,-1.9741352,-2.3677635,-2.9447727,-12.425171,-7.2528462,-12.402404
167,3.4080153,2.9780352,5.105707,0.5807493,-0.118514925,1.4074647,-1.28463,-1.9392772,-0.53778875,-0.5494072,-1.4356978,-7.2212634,-0.08314672,2.7480159,7.1691256,7.4112816,6.7663608,-2.2195165,0.5305757,0.10952267,1.89454,1.1307622,0.935713,-10.380496,-1.8040005,-9.447519,10.022302,-0.7799677,-5.1157823,9.46828,-0.6569956,-9.395693,-11.902452,3.7260094,-7.0983543,3.6612072,3.1711676,1.0910136,1.0878222,-3.0368226,-2.973285,3.8787177,-5.193845,-3.1271038,4.658262,1.1257112,0.16038914,2.6494753,-0.71339643,2.4718127,0.9157398,-0.39704865,-6.388367,0.7352455,-1.1570591,-1.0944475,-0.9809362,-4.789863,-1.9370306,-0.18795969,-9.677491,-7.1135416,-6.941707,-7.9744616,-14.4451885,-4.580313,-6.055177,-1.6245731,-12.637192,-5.672633,-5.829711,-4.770834,0.047583353,-7.3968973,-2.70637,-6.3887725,-5.636124,1.0362083,-6.6922636,-12.47978,-5.4146175,-3.4441357,-0.7585747,-0.7113394,3.7286575,-1.512742,-6.807567,-6.150839,-3.2540574,-2.073181,-6.1746244,-7.976987,-5.3683434,-0.37168366,0.7100767,-5.06886,-2.2739851,-6.1940246,-4.4766445,-3.045856,-2.2860096,1.1487793,8.66617,-0.084161825,-4.783908,4.2804804,-2.2369604,-5.3742437,1.8976717,0.2793145,-4.618679,-1.1412635,-1.514016,0.89787585,2.151922,-1.750868,-0.49844295,-3.4296577,-2.0677862,-0.66894627,7.2257376,1.5661519,-0.2614874,-9.39021,0.6541854,6.880722,2.1233191,0.8859466,1.4710945,-7.9168515,-4.4395194,-3.5836558,-1.6754302,-1.6283596,-0.39034522,2.3084934,0.07832313,2.9433694,-0.95776653,0.5012136,-2.1981404,6.5463214,0.6657329,-2.631406,1.517748,-1.0344981,4.402367,4.8241796,-2.0820847,-1.5463911,-1.3872925,4.5460806,2.9588332,-3.6437476,-1.3891057,2.2281651,2.9241486,-1.4621294,-1.2967815,4.196018,-5.704378,-3.735486,-0.17499033,-6.643932,-3.9002986,-1.0785466,0.14639033,-2.4683053,-3.4822123,1.3375976,-2.4999366,-0.30623794,-12.820024,0.721521,-5.493515,-5.0018563,-4.0157447,0.5553017,-10.347845,-6.3768487,3.5143864,0.59520096,3.9441466,3.604237,1.6221359,1.2610162,2.7296546,0.45145264,-1.0659956,-3.1037338,-2.0190747,-3.509451,4.4737544,6.0695133,0.051100742,3.3816168,-0.42109108,-0.42246193,-4.5479975,2.4237459,-1.8766426,4.504753,3.7451746,-7.172904,-2.7568085,-4.255474,1.6243371,-1.0519586,-6.328566,-0.15175106,2.4233003,-6.2366247,-12.613476,1.0048069,-7.536222,-6.0064554,-1.5021851,-8.822398,-1.5195545,-5.2760253,-6.295065,-4.7939167,-2.7611163,-4.85789,3.0956733,-1.9203033,-2.1623764,-3.6550183,0.035033245,2.1730733,-1.164143,-1.9564967,-0.75584525,-1.6371588,-3.6281362,0.07787523,1.4356723,0.95911956,-0.969848,-6.01455,-10.562837,-16.992933,-5.1510234,-11.130131,-10.537679,2.6419823,-6.589032,-5.980488,-10.608669,-5.221874,-2.7534006,-4.427673,-1.9351516,3.708798,3.629373,-1.4844922,-7.754311,5.1305375,-1.6784745,-0.7146503,6.7576013,2.4032688,-3.2742457,-3.7045317,-0.92371154,-4.276128,-1.1414145,-3.8486407,-4.2640424,5.0413284,-4.635413,-6.276722,-1.930858,-0.2928874,-3.1536958,-1.1161155,-7.051501,-6.03756,-2.3023565,-2.2294548,-4.1376386,-1.0845816,-4.2474914,-12.95668,-2.9861286,0.78343725,0.17510109,-1.2786145,1.2974154,-2.7637422,-2.4683728,-4.842118,-3.0185606,13.952282,6.8631873,-1.9436316,1.4117148,1.1325989,-6.1441507,8.325447,6.211723,-1.6694119,5.7777143,-4.930967,3.6996915,9.206251,-0.73142934,5.6143,4.611955,-0.14542489,0.12954739,-2.142173,-0.28071824,1.6689876,1.6726009,1.0188599,2.410676,0.7913828,3.7271893,-0.33722514,1.8431888,6.585715,-2.4425828,1.988128,0.92160064,2.9108412,-6.252668,-1.8584574,-0.9923084,1.7370152,-2.4996088,6.5669723,-1.4414506,-1.9674189,3.0441978,4.770373,1.1719382,0.7266576,-0.47703698,6.424857,1.5732144,-9.9046755,-3.4378307,1.0255779,-1.2150539,-1.9558821,2.572927,2.7278721,-4.9096155,1.9676554,-1.0191263,-1.1477417,-2.8824806,-9.811515,-2.1164691,1.0670358,-2.9357743,-10.868794,-6.677984,-14.012858
168,7.666839,5.528228,10.676526,4.661915,1.7596099,3.1763787,0.093327805,1.1820068,1.7046202,1.32909,2.3309367,-3.2136996,5.1896358,5.138766,6.774802,8.832656,7.261586,-2.1168754,5.422792,2.2594695,4.38606,1.0345931,2.8326066,-3.1316695,-1.9831462,-7.8083663,8.2171335,3.8847673,-3.459157,4.2117724,5.8671336,-6.700401,-9.548607,8.746429,-3.1347501,2.5832477,2.1819158,3.229421,2.7445822,-1.5826654,1.2858936,3.6901674,-3.8247073,-0.1888604,3.4110143,1.9582094,1.5894,3.8041523,-0.31103608,5.049649,2.5549827,1.4827094,-3.9998932,1.6605239,-1.268295,-0.009591624,-1.0872,-3.8877966,0.38572696,0.34244096,-8.708241,-4.939676,-2.5457187,-8.703194,-12.976046,0.46596834,-3.5994215,-1.2273369,-11.775362,-5.5241437,-6.419098,-7.107739,0.48923528,-6.37167,-2.9412491,-7.855572,-3.5573099,1.0823575,-10.788791,-12.011025,-6.0452304,-4.0220366,2.1258934,2.4758768,6.9919987,-1.2413322,-8.400874,-7.369645,-2.5298188,-2.5893335,-3.066172,-7.0081043,-3.7917721,1.2197919,4.361506,-1.90787,-0.90427727,-7.054844,-2.849021,-0.18699813,-0.4185767,4.114207,6.7501626,3.4635575,-2.2612045,2.7238476,-2.6710784,-4.5070724,0.25471842,2.489464,-1.4261596,-1.4084017,-4.8986683,-4.8761153,0.9896614,0.5345602,3.6211464,-3.6939363,5.041372,1.4074833,16.26157,1.2848715,-1.388076,-4.3102202,1.2718003,6.83374,-1.5383223,1.6828734,4.0254264,-4.4479146,-4.5840735,-3.6553597,-1.3844156,-0.95585,-0.23405662,2.8391612,1.131518,4.100903,0.76392955,0.90426564,-0.12020403,10.4282675,3.3160172,6.029057,3.65636,0.99419314,1.4160954,4.5672326,-1.489049,-5.952004,-0.48751602,7.589248,4.553364,-10.219301,-0.9716024,4.822261,6.548501,2.41289,0.06608921,5.611186,-4.5516477,3.857743,-3.3992534,-3.3983831,-8.524368,1.0682626,1.5868703,-4.353991,-0.51711655,4.6008844,-1.9904304,-0.45832106,-6.008688,1.4915977,-0.54071236,-7.912869,-1.5298656,-0.77001125,-7.4610014,-6.8224597,9.172644,2.2522829,7.4132485,7.6221323,2.7297451,2.48707,2.4884188,1.4786992,1.2152926,-0.44887257,-0.04716336,2.2422855,6.870623,6.5967407,-0.009135741,7.101387,-1.964425,0.95979744,-3.6296191,0.65586615,-0.33866197,5.4785056,4.928747,-3.123804,-1.4192802,-0.50475484,0.20632593,1.3114083,-5.3867426,-3.192873,6.607203,-3.765348,-5.984624,0.28709793,-2.3363025,-2.65245,-5.540926,-5.250687,1.3101423,-0.9612322,-3.8303628,-4.577081,-1.1587338,-1.1299052,0.8099182,-3.549549,1.7958652,-2.1345537,-0.8297599,0.41948736,1.6266519,-0.1573697,2.5897872,-1.7708594,-0.23875144,1.0121435,1.3446758,1.7381073,-1.3917204,-6.382012,-16.273418,-14.99146,-0.51782537,-8.100956,-10.121687,6.0437407,-5.016815,-4.555643,-13.0907545,-5.1711063,-1.8017782,-5.4370437,1.5085498,4.218893,3.737346,-0.6812781,-6.594143,4.589328,0.9987427,3.286808,12.057387,3.4947255,1.0880516,-2.7950432,0.60906065,-2.646684,-1.1881647,-7.213419,-5.608788,2.6265192,-3.1493425,-3.7375362,0.8084909,0.79648316,0.36227283,-0.59455144,-4.1571836,-6.0853496,0.17574501,-0.72223735,-7.517342,-0.71277577,-1.1448973,-4.4251366,-5.437709,4.0884457,-0.4432068,1.8311222,0.76831466,-3.0494235,3.2320986,-5.963079,-3.8287241,13.881874,2.928855,-1.1817447,2.9445798,-0.8683405,1.6121849,9.418218,16.799227,-3.4598522,1.292589,-5.6544323,3.8225002,10.101546,-2.5971932,3.8259656,5.1875157,-1.6609075,-0.42811978,0.27258244,0.030119428,1.9612337,-1.0059308,3.9214582,3.1349406,0.19787945,3.6584582,0.84912217,2.8650901,11.8760395,-2.779562,5.129385,2.9340556,2.7941341,-2.4811282,0.05108334,-0.035812523,0.011085305,-2.5727856,9.134336,3.3269155,0.34633347,7.800094,3.9345639,1.7921942,1.4882525,1.9949052,9.022036,0.16925006,-6.274877,-2.4761372,-3.9428618,-7.9053946,1.9609667,6.4365783,3.4124036,0.627521,0.59981424,1.422608,-2.0753798,4.243233,-3.21414,-0.9631897,2.9148214,-0.24267107,0.16352072,-5.3420696,-12.13303
169,9.4691105,6.1819897,13.646323,6.7653637,2.9717457,3.5933714,-1.5711608,2.8861785,3.0706038,1.9127257,5.0891685,0.40907913,9.632028,8.439055,4.170084,6.471045,3.4351175,-1.9436808,9.490054,3.190637,4.3389473,0.93912005,4.714014,4.027605,-3.2850158,-5.922384,3.4400651,6.4062037,-0.9739738,-2.5015087,11.736113,-3.7576056,-3.2062166,12.175464,3.780076,-0.48407477,-0.04428925,3.8801024,2.7103233,0.60081035,4.7420406,1.159687,-0.6688308,1.9158098,1.1038668,0.96750796,2.353534,2.5302684,0.57043886,7.0111475,2.8294382,2.0296528,-0.47145015,0.9155842,-0.34725672,-0.010368842,-1.0632354,-2.9502487,-1.6386352,-1.2956098,-5.5581536,-1.5235944,4.13545,-6.952496,-6.8228025,9.49157,-0.22066547,-0.76273537,-8.917336,-3.6542964,-7.17833,-5.472739,1.590405,-2.709398,-2.6534667,-6.85054,0.0011773625,1.7018808,-11.095382,-4.1632013,-3.8369393,-2.257807,6.152218,4.839085,10.868341,-2.7121043,-7.991857,-5.647709,-0.96021473,-1.4982637,1.9703429,-3.9916072,0.6961162,2.6965296,5.9968395,1.1183327,1.8959969,-5.753211,0.9787839,2.6948323,0.056073193,5.559883,5.3190155,5.2664747,1.5041707,0.40662834,-1.8598018,-2.2021787,-3.0297723,6.37674,4.142386,-3.8630984,-4.477718,-7.7553897,2.0540016,1.7053992,8.497831,-0.1956637,15.593995,3.626549,18.5205,1.7247757,-1.258809,2.6935692,1.3094664,4.0590887,-5.4732366,1.9904808,4.8635907,0.1988781,-2.066599,-2.9605253,0.9250952,0.025175763,0.7737265,3.079164,1.3430158,3.525639,1.3328604,-0.12911789,1.538106,10.753723,4.840906,14.282609,5.4473224,1.8603412,-2.3731954,2.104869,-0.9855178,-8.383376,1.5820608,8.910644,2.1984925,-13.852157,1.1953164,4.9103637,6.3357844,6.906842,1.8848369,2.1349866,-3.1960466,11.080766,-6.205198,1.0276577,-5.331482,2.195095,2.23792,-3.8464804,1.451119,8.288351,0.49732277,-0.30633363,2.9940357,-1.9122766,4.561017,-5.717919,2.8949063,-1.7674675,-4.3750896,-6.006258,11.165816,2.0067697,8.86341,7.686153,1.6167746,1.8874928,-0.30547974,1.3878144,2.0718803,1.989343,1.2775382,5.8165674,6.886859,5.563681,1.316331,7.7582836,-2.9696803,0.5402373,-1.6151865,-1.2392849,1.6871678,2.7897267,3.9196262,0.05895637,-0.40286636,2.015222,-2.88451,1.8549856,-4.9679236,-6.197882,9.375457,-1.7287384,0.11801721,-0.6102167,3.074148,1.095841,-7.5110607,0.20674326,4.989251,1.4691762,1.2104939,-2.4150655,0.09448493,2.0386846,-3.0377204,-3.595756,6.049436,-0.59935576,-1.8038312,-1.5465142,2.9820974,0.30922398,4.468128,-1.6562061,3.0222404,0.13594447,0.95489967,2.5177922,-3.0175848,-5.735956,-17.936619,-10.278791,3.247637,-1.5874801,-7.5362954,9.598239,-2.385762,-1.1851101,-11.88585,-3.427849,1.4181688,-4.557045,3.7104056,3.5928333,1.9685607,1.035808,-2.400841,2.1635966,4.516104,7.7167645,13.933311,4.3572025,4.5206532,-1.8654381,1.8366736,-1.6679624,-1.7314231,-7.228491,-5.5921164,0.51817787,0.08513959,0.17981495,2.373651,2.2062545,5.0091696,-0.09311097,-0.42578554,-2.5469267,2.9352858,0.08136995,-7.600356,-0.5541119,4.074324,4.983169,-4.8944464,5.232012,-0.4971681,2.1083722,-1.1851336,-0.61505383,8.400756,-3.697008,-4.253869,6.985136,-2.0259333,-0.15539137,5.171303,0.15815678,11.734225,7.3288655,18.788284,-1.6801167,-2.517844,-4.6591325,2.9180934,6.1614566,-1.018156,1.1374784,3.6965938,-2.3281956,0.76307124,2.009591,1.6427096,1.7949473,-2.4492035,6.8037195,1.7097477,-0.93472207,1.4461976,0.5637287,4.105324,14.601483,-0.962675,10.463256,5.0632324,2.3736453,2.1526234,1.6237304,1.0098647,-1.5978771,-1.6216363,8.805751,4.16528,-0.3909212,9.693123,1.3182948,0.4810689,2.1582084,4.0024815,6.5009418,-3.4335022,0.22003324,-2.9416475,-1.8896346,-7.4860973,3.1059961,8.034377,2.9534218,5.6132264,0.5796232,2.8187299,-2.4887137,7.3520136,3.99365,0.972112,1.5319822,4.364718,8.381038,-3.969679,-8.701754
170,7.4093585,4.7552376,10.9586735,4.9767175,2.1037974,2.0619798,-4.573786,2.3433294,2.8058174,0.98074794,5.3804665,1.8491251,9.506903,8.933793,-1.0152289,1.8559103,-1.402974,-1.4773921,9.661388,1.849534,1.6163999,0.21568097,4.4929323,8.124006,-4.630285,-3.9524934,-1.0630459,5.805992,0.7193707,-11.157988,12.034411,-2.229243,0.013965896,10.735391,8.644333,-3.5765433,-1.3430686,3.0821137,1.0217016,2.2600126,5.1209755,-1.7302727,2.589198,2.2602618,-0.9295544,0.29900458,2.1847208,0.48098683,1.7260712,7.1001654,1.6687644,0.79290146,1.789708,-0.71976626,1.4399662,-0.53231966,-0.5777701,-1.5164775,-5.6312547,-3.0466723,-1.2879231,2.1448922,10.259581,-2.8084145,0.83353114,18.710556,3.099514,-1.1165001,-5.5454655,-1.0256158,-7.713702,-1.7192764,2.8848531,1.6957947,-1.4050738,-3.6148925,3.7820249,3.1786032,-8.142332,6.361145,0.92925817,0.5945997,9.777504,6.47195,14.196417,-4.179674,-5.885717,-2.8188818,0.54908305,0.88436794,6.7642803,-0.6725129,5.623205,3.187971,6.0355678,2.5790553,5.197243,-3.2696848,4.2605658,4.024377,0.17699374,4.6802115,8.562211,5.1322446,4.207294,-0.31089136,0.37879014,0.54525876,-4.73445,8.969477,10.329901,-5.689802,-1.7679877,-5.0966086,4.96062,0.4625154,12.298234,3.7099571,22.419704,4.9114585,12.572202,2.878151,-0.56134874,6.8908076,0.85267514,1.3666881,-5.961156,1.435916,3.4110453,3.6069493,1.3821697,-2.0160549,4.238973,0.9245662,2.0045412,2.3641691,1.0936354,1.8250481,1.0486274,-2.2064083,2.0937657,6.851681,4.7060356,20.335121,6.177977,0.5044648,-4.377874,-0.5794451,-0.2846763,-8.929128,4.0849247,6.8961573,-3.3871276,-12.7451515,4.613669,2.2806406,2.3498402,7.8789487,2.6842823,-5.1976194,-3.580896,13.243589,-7.1258254,3.7814944,2.3741894,3.1222692,1.8287992,-1.4531956,2.5136657,11.103774,4.0937195,0.72386605,9.060411,-5.710711,7.069348,-0.86549497,8.526229,-0.36387986,-1.682552,-2.9554641,7.555375,0.007796422,6.5852284,3.1758657,-1.3128431,-0.66662556,-3.185072,0.3694704,0.98247856,3.3921044,1.7950883,6.063461,3.7415488,-1.2845322,-0.5781056,4.578673,-3.7233887,-1.2688887,0.689011,-2.1141982,2.2213523,-1.7770605,1.2845421,1.8603785,0.26896578,2.7819278,-5.5917745,0.54244286,-6.54856,-11.59383,6.1394596,-1.1616793,-2.4718435,-2.0992212,3.584294,3.2324188,-6.515733,4.1049385,7.328705,0.5785157,6.2610726,-0.33936042,1.3800197,2.8902836,-6.237816,-2.4911995,9.517955,0.7774027,-2.675434,-1.8177742,2.190615,-0.28873813,3.3690684,-1.6741681,4.0156054,-0.88276434,1.2855402,1.618556,-3.839606,-4.0605145,-13.868271,-5.8904405,5.0815163,4.5579667,-4.4007826,12.097026,-1.1772057,1.0539646,-8.156975,-1.1107255,3.7666295,-3.346976,3.39487,2.90837,0.37259218,2.7258086,2.6626425,0.034507237,7.2782345,10.170449,11.459798,5.252985,5.005123,-1.7020098,2.590935,-2.305584,-3.2765563,-5.900999,-4.6997213,-1.0912389,2.7828429,2.9469254,1.5531944,3.0658133,7.743555,0.6576016,2.2789514,0.59086806,4.6264577,0.4469463,-4.55851,-0.77490836,6.9803047,10.31034,-2.4663498,4.473356,-0.023172274,0.10642044,-2.3652456,3.751859,11.336329,1.1610492,-4.0881534,-1.562767,-3.7263386,0.62770987,7.5527887,2.9770992,15.883793,2.5093327,11.579267,1.8005118,-3.583545,-2.3283942,2.0170305,0.45497525,1.6515971,-1.4986881,1.4358205,-2.0393245,2.7156048,1.8016932,3.7442753,1.4091035,-2.5053685,7.9106503,-0.6559089,-1.3920238,-1.7775091,-0.7130951,3.1556728,10.205876,1.7021426,14.05008,5.177946,1.8572054,4.9793925,2.5351477,1.7152727,-4.9568405,-1.0163803,4.7755814,0.43303183,-3.3941455,6.331262,-1.5518693,-1.5401382,1.7363993,4.1873,1.4908288,-10.705094,4.84586,-4.141266,4.8744664,0.20745662,2.317086,6.8899693,1.9633418,9.46799,1.5506015,2.8593225,-1.6472676,6.317558,9.241309,2.5950282,-2.2194917,8.764399,5.909923,-2.7417502,-5.8098574
171,2.3488755,2.2563198,2.7201679,0.23995166,-0.6766598,-0.8028188,-5.6188717,0.295927,1.163521,-0.65206015,3.3075619,1.145351,4.067012,4.3596106,-8.065941,-2.2814736,-3.9128015,-0.4919177,5.709412,-1.1114106,-1.9235559,-0.9909833,1.7389555,9.058679,-4.908557,-1.9488425,-2.9980943,3.7186635,0.0020585784,-20.981472,5.577407,-1.8263552,-3.853666,4.7302275,8.262779,-4.9032235,-0.83352476,1.8444517,-1.046469,2.661773,3.2896738,-3.02769,4.137099,1.4781691,-1.9969995,1.2711413,1.2393689,-0.30024707,2.4603713,5.0636015,-0.25375304,-1.5397202,1.1279501,-2.2383723,3.1411927,-0.8057013,0.40020865,1.0571144,-7.675167,-3.1741123,2.5293088,4.933335,13.125254,1.8812097,5.7717013,23.471659,5.3823624,-2.1545587,-3.1776655,0.73254347,-7.3835526,0.74330014,3.1701868,4.0275087,0.3454741,-0.11425361,6.327235,5.0130515,-5.1201196,12.598153,4.7757072,2.6530416,11.115531,7.85591,15.653425,-3.8886971,-3.4626627,-1.4918776,1.459438,3.2091167,9.353866,1.1902119,8.092107,2.5972369,5.676775,2.3760214,7.7005973,-0.7772159,4.8892007,3.5919867,1.3172169,1.407875,15.365665,3.2385142,4.4249563,1.0570908,2.8160505,2.767831,-2.6337717,8.653143,14.045268,-5.2983036,0.10732937,0.49953973,7.207336,-2.2187624,13.640304,5.0624576,21.209736,5.1125455,2.2599056,3.4538422,-0.425144,6.693591,0.011710536,1.0282156,-2.8591442,0.21789016,0.39857572,4.0742254,3.1801763,-1.3564159,6.732651,1.4207605,2.5288286,0.590536,0.88691217,0.13915493,0.9245955,-4.24963,1.7526764,0.16490185,3.7736123,23.210258,5.8584332,-2.2696674,-4.076678,-1.846112,0.38514012,-8.962277,5.513643,1.6118276,-8.758313,-8.587699,7.139347,-1.2954248,-2.6377811,4.046945,1.5638622,-12.3617115,-5.9787855,9.961037,-5.91614,3.9825578,6.9760313,4.750811,1.0999557,0.5473124,3.2735722,12.545371,7.1229463,2.1412985,9.641329,-6.0264244,6.4629893,1.7399559,13.182638,3.7628663,0.36232758,1.3175284,0.32498574,-2.4822154,1.1871587,-3.301233,-4.315613,-3.4859078,-3.82225,-0.85371864,-1.21941,3.6490488,1.8461676,4.0582323,-1.4054326,-14.572278,-8.5307455,-0.4740589,-4.142083,-2.938831,2.4863265,-1.6680409,0.5497072,-4.9943256,-1.2303603,2.8875337,0.84960085,2.2233512,-7.009864,-1.2638726,-9.864382,-20.01199,-3.1341662,-1.3260186,-14.047615,-4.4921093,-1.3903782,2.3573542,-3.9809926,4.923316,6.8141036,-2.0861723,8.868845,-0.10846091,2.7585723,1.4615941,-7.2760954,-1.697673,11.323416,2.4212854,-3.6628706,-0.24385016,0.01444028,-0.6989604,0.23480892,-1.6961589,2.4894545,-0.4008588,2.4831028,-0.3353777,-2.961493,-2.244804,-6.7160306,-3.6511414,4.633763,6.446767,-2.532431,12.456176,-2.205498,0.33922377,-4.311617,0.1426861,2.731163,-3.5274503,1.0683362,2.3838513,0.07638257,3.0567112,6.088714,-0.45687148,7.419032,9.476874,6.517586,5.8470654,2.6746063,-1.8354237,2.9566138,-3.877216,-5.432485,-5.7591314,-3.7283885,-1.7705,3.0608735,3.1652987,-0.7877354,2.7243664,6.823534,1.724682,3.423142,-0.008791043,4.7612658,0.9212752,-0.75705206,-1.7095659,5.1024384,10.183687,-0.92444485,3.292789,0.8327027,-1.2996736,-1.2850677,6.7477965,11.219901,5.2442245,-3.4726224,-6.4703994,-1.6166519,0.94664925,9.434039,4.6080427,11.076494,-3.049155,0.376973,3.853843,-2.594236,0.15998162,1.4265516,-2.8489096,2.0507162,-3.411152,-0.029400855,-1.336856,3.542762,-0.3390534,4.9838996,0.8983387,-2.0643702,6.8163986,-2.2915926,-0.7733704,-4.252948,-1.996343,-0.6396341,-1.9464364,3.4062135,13.163628,2.6521091,1.5091362,4.6675363,2.633458,1.578435,-10.35444,-1.8914735,-1.2310959,-5.2674646,-6.2406955,-0.5519984,-3.3813531,-2.7582405,0.27466917,2.6574986,-2.4464672,-20.124666,4.89663,-4.697064,8.650293,8.1284685,1.7882757,4.5417476,0.6594169,12.115218,2.2143867,2.0982795,0.08525904,4.159952,11.164659,3.1027353,-5.5453343,10.755345,-2.8646839,-1.3581166,-4.0763946
172,-3.0659487,-0.51511765,-7.112049,-4.3456407,-3.582589,-3.3714058,-3.3264318,-1.8890662,-0.93923706,-1.8283087,0.48914355,-0.44778958,-3.4536066,-3.2737508,-14.596877,-3.887981,-3.0897393,0.7164329,0.2804054,-3.762221,-4.1966004,-1.5230193,-1.7144835,8.415816,-3.87854,-0.4561632,-2.8524454,2.188687,-3.298323,-29.33063,-3.8968675,-1.0652727,-12.672179,-2.628666,3.3244326,-4.4512854,0.4863248,1.4251441,-2.3273215,1.8758069,2.0492735,-2.536334,3.2834008,0.9051416,-2.5146708,3.081707,-0.008508063,0.6669112,2.250873,1.891758,-2.0916808,-3.7977839,-2.0372372,-3.0374863,3.6721888,-0.5806349,1.2713314,4.318459,-5.9099584,-1.5620043,4.428671,6.120202,11.902899,4.6447654,6.244084,21.66344,5.9430623,-2.8906012,-2.6117759,0.36216244,-6.24977,0.13264655,1.8790565,2.7776067,1.4354475,1.2692603,6.7514243,6.342204,-4.471193,11.648956,3.893621,3.0434508,9.273517,8.969977,14.769606,-1.6830398,-2.2745192,-2.6565118,2.2195725,4.2154574,9.265712,1.5810595,7.0179806,1.549781,5.128455,1.4965127,8.46751,0.99968153,3.14015,2.4534888,3.4941847,-2.9778514,18.880642,-0.09780446,2.5754428,2.8431218,3.593362,4.0191817,2.293788,6.427627,13.138529,-3.4770977,-0.6023288,3.6288447,6.5226016,-4.0701027,12.142459,3.8393764,13.711004,4.4462395,-6.2639236,2.323625,-1.169695,4.500782,-1.0846378,3.114061,0.60393816,-0.93390656,-2.5071547,2.013443,2.162383,-1.1749337,6.969268,1.2502803,1.7353923,-1.4099667,0.71597034,-0.94976956,1.3251156,-5.3395267,1.223101,-6.157242,3.2398674,22.380884,4.970294,-4.3194695,-3.0330446,-1.7478826,0.5630494,-9.898697,4.7739444,-4.6451097,-10.480674,-4.6518574,6.7056866,-3.739524,-5.508209,-1.7337534,-0.69705695,-15.090979,-8.692651,4.6421194,-3.6205997,2.7198107,4.082826,6.5630455,1.0311515,0.3250064,3.7928402,12.951177,8.442935,2.7096393,5.9716973,-2.9631665,4.391529,-0.5462024,14.402654,8.223636,1.5510192,4.5161824,-6.178679,-3.7978039,-4.7173567,-7.978617,-5.691831,-4.5672617,-2.2246754,-1.7423452,-3.2298617,3.0500677,1.7883968,1.6182905,-5.900542,-28.662605,-19.8758,-4.230445,-3.9147835,-3.2575552,2.966984,-0.46715957,-2.1288202,-4.8168397,-2.297482,3.2734954,1.2074411,0.94999206,-7.7650747,-2.3167002,-13.193525,-28.675543,-13.10119,-0.8659096,-26.66208,-7.953013,-7.9105177,-1.4433056,-2.0771472,3.631797,3.400673,-3.7061598,8.290915,-1.6539216,3.535724,-0.59811425,-6.5416613,-1.9888344,10.76992,4.400871,-4.909825,1.5040548,-2.193628,-0.25975907,-2.5151548,-1.2909402,0.12504835,1.3885962,3.6009731,-1.1360282,-1.2364978,-1.4234003,-1.1823499,-2.9289794,2.3173203,3.3023577,-2.462507,10.39835,-4.1239805,-2.3097823,-2.0679567,-0.41296297,-1.3193879,-5.3128242,-1.5370795,1.3090206,0.3514328,1.4123113,6.7120433,0.24048835,4.286672,6.166878,2.1414938,5.3640447,-0.5222077,-1.1085969,3.236163,-4.7119317,-7.049388,-7.4141,-3.1100283,-1.2760358,1.2331223,1.7312163,-2.444555,1.2708093,3.2834113,2.7330623,3.7596772,-3.884407,3.83304,1.5897776,1.2421544,-3.2356007,0.39596066,6.6942654,-1.976754,2.6989985,1.6952107,-0.02404291,1.3488804,5.5725017,8.455269,5.555286,-2.6226435,-6.176357,1.2112794,0.85736495,10.051793,3.5075269,2.3396685,-6.8713217,-8.11218,3.0459015,-1.734945,1.627768,0.6933291,-2.2351096,-0.692207,-4.3370104,-0.14706506,-0.9618342,2.2600658,-3.284083,4.456728,0.08245326,-1.9736686,4.463793,-2.665279,0.14625056,-4.8991966,-2.8297758,-5.5059743,-16.516033,3.1990895,8.531811,-1.0222821,1.4242715,1.9215443,1.7655004,0.42024282,-15.831236,-4.1056848,-6.124057,-9.346962,-7.0745416,-6.052888,-3.9153726,-2.6870613,-1.1846654,0.662833,-3.7746422,-27.43918,1.2918898,-4.001287,4.6853533,8.961626,2.6177561,2.847339,-1.3373299,13.163887,1.6437438,1.3730135,1.3975817,3.2526069,9.847741,2.5338473,-5.946787,9.499495,-6.94808,0.583198,-2.481857
173,-6.1119204,-3.632421,-12.908858,-5.950858,-4.571969,-4.065977,0.41302648,-3.1997015,-2.583149,-1.7948371,-1.1066536,-1.7389244,-8.292675,-8.72764,-17.275814,-2.690656,-0.20566203,1.5079031,-3.521004,-4.4482136,-4.4929247,-0.2358564,-3.3409688,6.9524455,-2.293797,-0.15539482,-2.8097386,1.6396894,-7.219946,-32.548748,-10.225609,1.0569242,-20.147749,-8.072502,-2.7213314,-3.677344,1.078694,2.486738,-2.653049,0.5133121,2.939739,-1.5694357,0.85628027,1.2278783,-3.2776632,3.8488898,-0.8670165,1.990566,1.2902564,-0.91412497,-3.1815014,-4.92681,-5.48112,-2.9624772,2.6128736,-0.065724924,1.2469612,6.305563,-1.8411428,0.5949192,4.028623,5.79319,7.9335146,4.347696,4.4179106,15.029721,4.7745123,-2.3782165,-3.3937287,-1.9480726,-5.007791,-2.1165056,-0.036907397,-0.8304919,1.1752677,-0.27105486,5.176542,6.58206,-5.44269,7.231086,-1.9848106,2.4825795,5.1497827,9.0466795,12.254383,1.0989709,-2.6509356,-4.672361,3.8818703,3.7427628,7.60204,2.058763,3.7209995,0.7270169,3.4852054,1.125284,7.444642,2.0038376,0.9594513,1.6892129,5.1123977,-6.161429,12.624664,-4.0513945,0.24828571,2.927936,1.8512493,4.6069713,6.5382752,4.5017447,8.24897,-1.9595551,-2.8612165,1.5101266,3.0066836,-3.5698476,8.418152,2.3326669,5.60565,2.9540672,-8.875492,-0.039194096,-1.9668534,3.510984,-1.9756167,5.716437,1.7358452,-1.1873406,-3.5095725,-0.20055333,-0.4177768,-1.2372845,4.908353,0.32060912,-0.12193619,-2.330199,0.21915528,-1.6372021,1.4841583,-5.1235595,1.0597667,-8.778284,3.4263134,17.699066,3.9208717,-3.8355632,-2.854301,-1.6307286,0.24249727,-11.719164,2.2837977,-8.2915745,-7.703974,-2.691889,3.3660522,-4.223822,-5.0212336,-5.1246667,-2.094331,-11.696552,-9.353537,0.91155386,-1.3957349,1.4751006,-3.0515893,6.7699833,1.7595596,-1.8428749,3.5465438,12.746396,8.221511,1.6969261,1.2639209,-0.44279006,2.7977033,-5.398915,11.295088,9.459671,1.8819273,5.142165,-8.524914,-2.6469193,-8.055473,-8.641202,-4.881322,-3.3235772,-0.3702191,-2.2113173,-4.193879,1.9162773,1.818456,-0.22583415,-7.277827,-34.494698,-27.334904,-4.7144494,-2.9538624,-2.1302693,1.6922123,0.69082105,-3.7511477,-1.8041236,-1.9066478,2.2731462,0.9304651,-0.74506193,-8.470856,-2.490325,-14.369405,-32.520878,-17.02178,0.6587131,-30.604136,-11.879272,-11.390482,-6.196211,-1.5421915,2.1144426,-1.5332662,-2.799428,5.5669417,-3.2309043,2.9067152,-1.5045744,-5.541854,-2.4260433,7.728045,5.7976794,-5.9534836,1.7703658,-3.4597633,0.45160723,-3.1370206,-0.25963023,-1.0856853,2.7836637,3.6275928,0.4971986,0.05622455,-1.8092078,0.36526325,-1.6507021,-0.6807909,-1.7716823,-2.833768,6.6527786,-4.8044286,-4.04298,-1.1889056,-1.9997245,-5.4477367,-6.989573,-2.8527656,-0.74590343,-0.21328063,-1.4270444,5.1665363,0.72517455,-0.63039774,1.8357527,0.18685225,3.3821502,-2.4787114,0.98448896,3.8876464,-3.5595233,-6.9224052,-9.006647,-2.4209073,0.05480874,-0.53945315,0.7840838,-1.8345916,-0.50074494,-0.06227271,2.9781194,4.105328,-7.226645,2.622849,1.9345115,0.68439376,-4.3893476,-2.8067007,2.6050453,-4.417515,2.3265452,2.0330355,3.1351492,3.4925706,0.8035127,4.438037,2.122181,-1.5521723,-3.0128143,1.6643859,0.6239335,8.748792,1.2684444,-2.591956,-7.3979836,-10.14453,0.8060964,-2.0986183,1.7043546,-0.44519475,0.19445935,-3.8569355,-4.201248,0.30040276,-1.3771833,-0.2434128,-5.574047,2.427324,-1.2157022,-2.1080096,2.0898273,-2.5986052,0.33057004,-3.9370246,-3.2594013,-8.744744,-25.042452,1.5620072,3.3837123,-3.4583037,1.411328,-1.4370219,0.031437542,-1.3525618,-18.560743,-6.181664,-7.4410048,-9.665109,-5.775177,-5.8767986,-3.527932,-1.8090359,-1.6193124,-0.58977133,-3.4105942,-28.30551,-2.7214239,-2.5763352,-3.6056936,2.415134,3.9053383,2.2380154,-4.014062,11.934171,0.30811515,1.0776874,1.136344,2.999346,6.218387,1.6070939,-3.3043067,5.985884,-1.3994392,3.1212654,0.2964139
174,-5.490874,-7.0600815,-11.054548,-3.9012618,-2.7683566,-2.3744392,2.661398,-3.0910769,-3.1529303,-0.4654076,-0.5660703,-2.245887,-7.7536845,-7.681515,-13.871185,0.30571803,3.0889604,1.6808888,-4.3872275,-2.9650638,-3.4543552,2.6558392,-2.0416918,3.7098002,-1.1169384,-0.9560354,-4.1261764,1.1426362,-8.842584,-28.073254,-9.087306,4.185147,-20.673853,-10.477658,-6.514044,-3.66625,0.5906869,4.655436,-2.452576,-0.649584,4.535988,-1.1700928,-1.4065984,1.9300295,-4.397851,2.7828493,-0.56799746,1.9913554,0.38430527,-2.2844064,-2.9917696,-4.1398106,-6.647935,-1.9650214,0.5802193,0.72430235,0.19711116,4.925728,1.474639,2.0714405,2.5183058,4.7107177,3.459127,2.1779788,4.275512,7.3755803,2.6695375,-0.50769955,-3.9934294,-4.4383297,-4.0216103,-2.9066076,-0.84041035,-3.671182,0.24393499,-3.1654582,2.5526073,5.7929606,-5.107602,5.92343,-8.733768,2.2844107,0.8406821,7.20306,9.304093,3.0269952,-3.1728916,-4.626331,6.8982573,2.7136998,5.877705,3.9242668,0.6089369,0.26217547,0.28883576,1.801727,5.374755,2.5785706,-0.070912376,1.480222,4.5356956,-6.045922,-2.3367596,-6.9001617,-1.1246929,0.8784214,-1.3051564,5.289086,7.1257906,3.8689163,2.4699667,-1.3251764,-3.9730058,-3.006071,-0.82240313,-0.9886612,3.6710765,2.3394845,1.487743,0.7591125,-5.484353,-1.8001965,-1.7463001,4.094578,-1.8349342,6.7132945,1.6278806,-0.22989996,-1.6226213,-0.05767615,-2.0555828,-1.091621,1.8522229,-1.0729012,-1.9286499,-1.3455399,-0.6131218,-2.1306405,0.53243613,-3.6487408,1.3909283,-5.96103,3.6213665,9.764403,2.7599828,-0.65061957,-3.2801738,-2.4473228,0.05343844,-12.714223,-0.1688562,-6.508394,-2.2794402,-1.5674865,-0.36316466,-3.2034552,-2.0348985,-4.092432,-1.0437411,-3.6915147,-6.795356,-0.48824084,0.700285,0.738007,-6.6198206,4.0737896,2.4114904,-3.894536,2.312275,11.757247,7.4467535,-0.27129498,-1.9824513,-1.9230146,2.2079272,-7.5419602,5.4673567,5.831064,1.90138,3.9187026,-6.231434,1.2999332,-6.9084597,-5.6084166,-2.3774137,-0.80415004,0.15255159,-2.244123,-3.842728,0.60462636,2.1163156,-1.3393033,-4.8029857,-26.327747,-24.532999,-2.2492218,-1.5003046,-0.1227461,-0.670595,1.4989982,-3.0602868,1.7906898,-0.7477856,-0.47250554,0.03914949,-2.683226,-8.437918,-2.3467543,-11.993097,-27.629473,-12.076654,2.5127914,-22.030066,-14.416589,-10.403059,-8.781513,-1.1724296,1.2670082,-5.8352714,-0.17253207,2.3908994,-2.9956849,1.0192978,-0.86075836,-5.121895,-1.2917801,3.1201365,5.231483,-5.869571,0.7124999,-3.3804972,0.57632214,-1.7255702,1.1414733,-0.5242853,2.638411,2.63094,3.256157,0.8080892,-2.3374891,0.056587704,1.4890507,-2.8240886,-4.312592,-1.3762224,2.3903327,-3.2554364,-2.8135684,-0.026938993,-3.0531776,-6.687959,-6.257754,-2.5420659,-2.9279714,-1.8234308,-3.7354562,2.9077752,0.29404628,-4.3662577,-1.7902868,0.2834827,0.40194535,-2.4428532,3.5187352,5.156839,-0.57122624,-4.592905,-7.929441,-0.72964823,1.4130433,-0.4503475,1.4903351,0.6141117,-1.6237727,-1.1644813,1.9219416,4.306634,-6.59189,1.6194568,1.5215409,-1.0499662,-3.7842991,-2.1452196,-0.83106685,-4.9810987,1.2020835,1.6757016,5.48665,3.903778,-3.6344817,0.8355527,-2.0176833,0.012985343,-0.17616585,-0.11794093,0.6113387,5.324093,1.0456104,-0.9342337,-4.7512603,-6.1093163,-0.19166224,-2.5447302,1.0230005,-1.3841536,1.2324432,-3.698423,-3.0125225,0.09152092,-2.529578,-2.0019882,-6.204035,0.11132279,-2.781925,-1.5551593,0.29893532,-3.0367925,-0.2973103,-2.3025224,-3.0286434,-8.923684,-21.884356,-0.2286977,0.43144673,-3.338356,1.1665483,-3.81053,-1.8394842,-2.9727323,-17.06788,-6.422999,-4.537201,-6.1842422,-3.1606252,0.19109023,-2.2383397,-0.4581872,-0.7946911,-0.6988468,-2.6313217,-21.408474,-4.4729185,-1.0617793,-7.89828,-4.4914165,4.111281,1.6896375,-5.9846487,8.29453,-0.3011538,0.96020603,-0.5867767,1.2532876,1.2853093,1.1400074,0.007053805,2.1554537,6.9589677,5.689077,4.3798184
175,-1.5902168,-9.244329,-2.3412867,0.49568447,1.2584512,1.0388058,2.7229853,-1.1151497,-2.2034025,1.7459621,1.3899765,-1.9427967,-2.6756907,-0.20057683,-5.160702,4.204617,6.276601,1.9341164,-2.8534486,-0.29488957,-1.7931882,5.4098496,1.2629986,-2.1990755,-0.55110246,-1.7531059,-5.8059154,0.2909657,-6.7000947,-16.509409,-0.8044248,7.149525,-13.053547,-10.523817,-6.754478,-3.7639132,0.15006058,6.7245207,-1.7655767,-0.8626842,4.1432395,-0.83944994,-1.9616714,1.9754485,-5.1168685,1.1378391,1.3857292,0.5231269,0.31773418,-1.9684149,-1.0586714,-0.9891193,-4.145778,0.061049283,-1.101536,2.2733264,-0.98433816,0.1254217,2.2527413,2.5117648,1.9407696,3.6970768,-0.0126389,0.6404811,7.8915095,1.4923884,0.7718905,1.9242408,-2.8262856,-4.9581366,-2.7467897,-0.63311446,0.25796512,-3.2925875,0.12217542,-4.7929616,0.0146214515,4.5371113,-1.6793237,10.688359,-11.217704,2.8664412,-1.9500649,3.3522198,6.5593576,3.6621215,-1.8044883,-0.86861444,10.241574,2.1641138,4.653027,6.7045403,-0.66744715,-0.24311204,-3.2018964,3.108213,3.1585143,3.0429559,0.14928462,1.4148178,1.947376,-2.040203,-16.56206,-6.533235,-0.96161747,-1.4105532,-3.5274365,6.5099816,4.269434,3.4155397,-1.0149554,-0.62257916,-2.0048869,-4.0724053,-2.032281,2.3083975,-0.7774402,3.3085406,1.737234,-1.3091959,1.474502,-1.5500855,-0.3981068,3.6549692,-0.09179403,5.5682063,3.9841905,1.3698184,2.5894651,2.9550169,-1.2254351,-0.40785,-0.62775576,-2.2273016,-2.4140332,1.2313601,-1.0979723,-1.9100008,-1.1169684,-1.0993334,2.1400921,1.5050488,3.0206554,0.29839718,1.371955,3.8756297,-2.4003158,-3.5582724,0.6230863,-10.905128,-0.85182935,0.8972461,3.348938,1.2000607,-1.409873,-1.2630606,2.0113578,-0.123299815,2.3397372,5.845389,-1.94659,-1.4555962,3.6023147,0.02011726,-1.8143228,-0.76337475,2.149474,-3.762577,0.8033964,9.333804,6.7572665,-1.7180243,-3.1407747,-6.450879,1.8159679,-3.6737082,0.015851019,-0.53705996,2.5306795,3.1362936,-1.0968797,7.121355,-1.3328925,-0.5439343,1.1298511,1.6691744,-0.16168928,-1.4691573,-2.095915,-0.31202513,2.916494,-1.5562122,0.36638415,-6.7889943,-11.600015,1.5306163,0.23279813,2.4175696,-2.2679598,2.3296723,-0.39470184,4.1329017,0.9431354,-3.6412492,-0.6930639,-4.3410006,-6.3560433,-2.015956,-6.2996855,-14.431603,-1.2903242,3.889666,-5.4516473,-13.1000185,-6.9709296,-6.7917833,0.5681976,0.6055228,-7.486686,2.4804354,0.0029734632,-0.51606745,-0.82386625,0.15123503,-4.6540856,1.8924813,-1.2117167,2.1905975,-4.075138,0.15091577,-1.7536415,0.32847184,0.5269042,2.506622,0.8322458,1.7905827,1.7201477,4.228451,2.0406435,-1.688026,2.1871543,5.7439594,-3.1618795,-2.1984928,3.2174857,-1.6625093,-0.39665267,0.8303113,2.6540592,-2.6129508,-4.4613447,-2.2697477,-1.4667233,-3.6212482,-2.9993346,-4.157047,0.87220275,-0.30730543,-4.4830074,-3.4960115,0.6914053,-2.4112806,-1.2350333,4.7638793,6.5389605,2.8451734,-0.74035287,-3.1916158,2.354203,1.9961,1.1721932,2.8892555,2.9425888,-1.5817997,-0.37826785,-0.24597217,3.4763105,-2.2515395,1.098336,0.78893036,-1.8871884,-0.60783905,0.66367126,-3.500492,-1.3110123,-0.71141905,1.2911807,5.3265734,3.248933,-3.5297863,-1.2202594,-3.4013612,2.4274952,1.234848,-1.1964781,1.0830666,0.28488207,4.2221937,3.0645297,-0.36389536,1.514574,1.2847209,-1.1900184,0.6585888,-1.1775626,-0.1110895,0.78952694,-1.0750235,-1.2398006,-3.8794396,-1.7445022,-4.9846563,-1.3029583,-3.9646244,0.25134176,-0.84612817,-3.8104146,-0.6289135,-0.55031633,-1.3495166,-6.740996,-8.357747,-1.2247881,-0.2588564,-1.3665127,0.6217586,-4.345951,-2.6525106,-3.8664892,-12.345228,-4.3003016,1.5897123,0.06169835,0.46792185,8.099804,0.5473012,1.8664099,0.9383659,0.1915533,-1.156355,-9.5968,-3.7860548,0.79959106,-3.3418992,-4.3920937,2.9424293,0.32731396,-5.023801,3.353126,0.79248977,0.6066259,-2.3308573,-2.418306,-4.067708,1.5853304,1.1241349,-0.5292072,7.10058,7.3219104,8.415939
176,4.2396784,-7.4060802,8.772615,5.5422254,6.2380695,5.0313387,2.8115644,2.9346182,0.5762656,4.144764,3.0204787,-0.8539666,4.175618,9.486056,5.033002,8.9265785,9.605792,3.2806935,0.26426557,2.6122656,0.6094825,6.187889,4.9135695,-9.241839,0.13333032,-1.3632445,-5.9112725,0.16679591,-2.3127654,-2.060566,10.181946,9.056278,-0.6238033,-8.712629,-4.120526,-2.241103,1.0077292,7.375657,-0.018732114,0.43946323,1.0823388,0.81111985,-0.3646642,0.94637823,-4.714486,0.90512365,4.714441,-0.8473513,1.2555594,-0.33611172,2.682922,4.207719,1.604997,2.9976974,-1.2582775,4.940779,-1.018244,-5.3720546,1.1010485,2.2690375,3.5886116,3.0956666,-2.340249,1.392291,13.565696,-2.3745143,-0.21664962,3.808832,0.4879504,-2.6085181,-0.39921966,3.1891735,2.17717,-0.054365367,1.436415,-3.8265383,-1.7381942,3.3699338,3.3803527,17.916292,-7.826405,3.297777,-3.0963619,-1.444242,3.7276943,3.3489091,2.1383,5.515694,11.884645,2.2835944,3.2017093,8.494872,-0.040247638,-1.1692654,-4.75995,3.97878,1.1986035,3.4909472,0.878649,1.4217418,-0.507132,4.5944333,-19.558588,-1.9541653,0.6618744,-1.240937,-3.124027,7.7462234,1.0817404,1.3734409,-1.310779,1.0367023,2.576093,1.2112826,0.43416587,5.1907563,-3.8501458,3.3105004,3.6979146,-1.8480607,9.772975,0.21464272,0.98052347,0.05041871,2.7649167,3.7121894,10.5322275,2.4374287,6.972535,6.7199554,1.3654313,0.78224254,-1.840097,-2.4236088,-1.1329597,4.123011,-0.4356805,-0.04492388,-1.7345319,2.1417718,3.2993073,10.751273,1.6915765,-8.07465,-0.17094573,8.036198,1.1882583,-3.3294785,1.7856686,-5.967765,0.45103297,11.071167,8.086775,6.519436,1.2511286,1.6798607,6.4633527,3.9492197,6.460134,14.218476,2.9377084,-3.5871265,7.788105,-1.0746738,8.498443,-5.217307,1.3234183,-0.90725344,0.16519566,5.162439,5.83504,-1.708121,-2.721677,-9.264552,0.96619827,4.333256,-2.7108345,-5.2132673,4.205318,4.5067058,4.8686905,12.845358,6.729252,5.2024713,5.2309613,3.8189158,0.45207483,0.5918719,1.0359449,-0.19490759,4.257238,-0.2844903,6.3217616,14.38812,4.2459664,5.4556494,2.3342216,5.446552,-1.3461233,3.727121,2.8845344,5.020996,3.5295732,-4.772936,-0.39859805,-4.8635025,-2.1831076,-0.85438925,0.74829644,1.9319915,9.371688,4.91134,10.381114,-6.6363482,-3.7139118,-0.38224912,3.5693965,-0.553781,-5.5084543,4.534778,-1.1178946,3.024122,-1.2517971,0.07788385,-3.018733,5.4070616,-3.5310123,-2.1651204,-1.0199984,1.5714134,1.4981724,1.0302359,2.7988517,3.6821332,1.6370392,2.1248574,1.7498155,1.6398977,4.2604294,0.25796145,8.578786,9.049914,-2.0948107,2.735875,10.047044,-5.568168,1.8376371,4.3804,6.310738,-1.0575818,-0.7482151,3.3975277,-0.75677,-2.1042235,-2.0878527,-2.7835217,-0.97117096,0.19317381,-0.94568974,-2.9398055,-0.026448563,-4.047745,-0.25023356,3.6900873,6.7228107,5.0246263,3.083108,3.6246862,5.9418225,1.3560524,2.3660505,2.951495,3.5351632,-0.58958405,0.26971242,-2.4983795,1.1866184,2.1209135,1.4271741,0.9329909,-0.8567576,4.6049905,1.9803501,-4.811149,5.5665984,-1.9541454,2.0435572,3.6006162,3.0912807,2.086763,-1.5610178,-0.9502791,5.66866,2.4227524,0.78287035,1.9615543,-5.2207875,8.668275,3.5008206,4.0899844,10.522373,3.9119298,2.097013,1.251177,0.24240428,-1.7830459,6.6646943,0.80306756,-3.0454643,-4.6518073,0.06728493,-2.445329,-1.5247692,-4.105866,2.6207163,-1.1795181,-3.7672815,0.539015,1.5466958,2.1267672,-4.017873,8.385097,-1.3616444,-0.7153712,0.52427524,0.10656518,-2.6668725,-1.6196443,-4.023572,-7.003247,-0.88570493,9.119335,7.962394,5.4897733,12.759853,5.1063633,5.7888794,3.3037496,2.002338,2.2535992,1.8594782,-2.3886878,3.7674627,6.424007,3.1619968,1.6182927,-1.2255522,-0.109198384,-0.8825767,2.8542356,0.06919253,-2.456965,-5.486316,-8.741088,2.907444,-0.9209558,-1.8505167,-3.593059,7.2512217,10.685318
177,10.357329,-0.06993102,17.26881,10.263076,10.913979,8.634663,5.2813187,8.202888,4.914237,5.878912,2.8236296,0.85965014,10.673213,16.344194,12.009415,14.454725,12.574096,5.8090816,4.760294,5.5540586,4.1741505,4.7958636,8.036314,-13.602162,1.711797,0.24399391,-4.00738,2.0818899,0.8265452,9.398636,18.378332,9.760377,11.441974,-4.388983,-0.081257686,1.5805496,3.0267239,6.0196123,3.058937,3.2568011,-2.1049476,4.199193,2.477785,-0.53505826,-3.4796536,2.599948,8.103305,-0.49907178,2.6366746,1.8988667,7.364739,9.884463,8.637875,6.1151567,0.29353803,7.9812903,0.5791395,-7.9189916,-0.2350375,1.681546,6.8176155,2.762408,-4.084107,3.8619685,17.47317,-5.430501,-0.48360962,4.416881,4.671046,1.5611807,2.8036613,5.4219623,2.9304497,3.1109445,2.9551928,-1.3968016,-2.6041732,2.3557224,6.5755963,20.808674,-1.7591524,2.3070526,-3.7396545,-5.521184,0.2275744,2.3269923,7.041748,11.518868,10.407272,2.3704278,0.50762224,7.7369633,1.5082259,-2.392161,-3.4234762,3.404422,-0.7089791,3.8870442,1.723925,2.0281136,-0.656629,11.47631,-8.957434,5.386725,3.3449192,2.4073467,-0.5035,7.6292305,0.5690604,-2.5211036,-0.15586206,2.9443321,7.2299757,9.333854,5.00966,7.23819,-5.0037065,1.504874,5.1237025,-0.11669878,18.257927,1.5156147,1.0929071,-5.260189,5.1422358,3.2206473,17.935638,2.0054917,8.8181305,8.022009,3.5580873,2.0960863,-2.2332847,-1.5012459,1.0490366,5.900831,1.3051822,3.5670257,0.07992847,5.260446,4.8381004,18.226288,0.5290892,-12.863538,-1.5409652,10.771425,6.4679227,-0.9837652,2.5623815,0.14488967,2.3273964,19.453646,12.02943,12.28603,5.5964546,5.8510175,11.252058,6.8306026,9.566996,19.668736,5.9080567,-5.930675,11.957565,-2.0286903,16.327072,-6.962852,1.3132875,3.5454164,0.7923799,-0.0616346,3.9553201,-0.6969852,-1.2914478,-6.5008698,0.18884665,10.955002,-2.6369448,-5.2466464,6.1092033,7.5420012,10.53496,16.278057,14.174887,10.882872,9.358642,6.1768,2.6681395,3.713264,4.9741855,1.090973,5.6467705,2.6186855,11.585697,27.145636,13.967289,9.422996,4.892846,8.409935,1.934465,5.6526985,5.510209,5.277847,6.8871913,-2.4987698,0.86944926,-3.6896052,2.092717,1.6573637,6.2813864,14.566971,15.676169,6.2530036,19.037512,3.487661,-1.2732481,7.4179287,5.8022494,-1.9213991,-0.5593672,6.705805,-0.9900002,5.864724,-0.17296426,-1.2860186,-0.22715284,6.5818367,-3.4563549,-5.720726,1.9629146,4.3083997,5.803017,3.5849037,5.06441,4.732181,1.4691309,4.181663,2.105346,-3.3303006,6.1925898,2.0817156,16.220425,9.900102,-1.1003416,6.530913,16.426952,-9.566505,2.1145847,5.695145,8.999361,0.44215953,1.9308184,7.742471,-0.89235383,0.4184395,0.81029063,-1.0194595,-2.93403,1.9334532,3.66803,-0.86551046,-2.0510845,-4.2535305,-0.2685815,0.92101777,4.4721346,5.0498734,5.24895,9.481114,8.331746,-0.61142695,1.757016,0.75898075,2.5767472,0.62410784,-0.7760379,-3.5691123,-1.7108243,3.0586183,2.866199,2.7484996,1.2887989,10.072901,0.15469821,-3.4709537,11.610746,-0.79283726,4.404856,2.6246724,3.9772365,9.903591,-0.8398968,3.3518908,8.925691,4.6723895,4.9466486,2.7576838,-9.828022,10.440866,-0.3922453,7.5152907,19.316132,5.2188516,4.9664855,2.5116527,1.5886898,-1.0768708,9.606191,1.5547563,-4.2536635,-4.260044,1.8498117,0.5301003,-1.2032439,-3.1007774,3.9387112,-0.34932116,-2.1456625,3.1132412,4.282545,6.2076187,-2.074389,20.55008,-1.122663,-2.7582383,0.81342524,0.08312857,1.2076702,0.76738423,-3.8547716,-3.3400214,2.0453637,15.96201,16.077162,11.552153,11.876076,10.267722,10.637244,6.1983433,4.6668396,7.363175,8.500815,-1.7393813,7.5940585,12.593949,11.210109,1.3148664,-1.4128145,6.9181986,-2.8038404,3.9022222,-0.098031454,-0.5088904,-4.8119636,-11.249993,4.645439,-4.505798,-2.411454,-15.548226,5.4777746,10.460806
178,14.933543,10.314799,20.400242,14.038562,14.081875,11.0715685,9.449651,12.3734865,9.443869,6.1682367,0.5023749,2.5787277,16.123142,17.848475,13.046905,19.515373,13.330111,8.085013,10.133595,8.517097,8.348358,2.9168184,10.6423435,-12.260612,3.8829749,1.7841259,-2.0117657,5.5598345,0.23983376,13.693535,20.445599,9.553505,19.026936,2.86589,3.8704128,5.958481,4.6293535,3.2665372,6.458945,6.625446,-2.0759175,7.764836,4.813192,-1.4766405,-2.5781102,4.494526,9.654494,1.4266657,3.5545378,3.7668798,11.147789,13.532681,14.261973,8.168528,2.5281265,9.452976,2.888902,-5.984705,-0.8003615,0.73966414,9.444848,2.5428042,-5.4518886,5.8754234,17.145285,-8.143666,-0.7258615,3.7102742,7.6877475,5.444822,5.347913,4.394085,1.5955817,3.1906374,2.5326896,0.07126691,-2.756571,1.0007356,5.5661325,15.788438,2.20069,-0.34156665,-4.8176126,-7.6221867,-3.7910662,0.46067995,10.161371,14.485139,6.2986174,1.6888791,-3.358212,4.648698,2.9815128,-3.3367832,-0.85380477,1.1452111,-2.8447661,4.21997,2.8375666,3.5619586,1.5149292,16.231104,7.170146,11.939265,6.300367,7.587926,2.1287632,4.9605784,2.7497015,-6.418769,-0.026740618,3.2710617,9.201617,13.00347,8.703683,8.203051,-4.460095,-0.79570866,6.005012,2.789037,25.397955,0.8440816,-0.2467911,-7.94779,5.424173,4.8965316,19.960299,0.06488697,6.629981,5.1037583,3.7205057,3.063183,-2.663158,-0.06362692,2.4771178,5.795984,2.8963842,7.346765,3.659623,7.1162405,6.3648624,21.17052,0.28060785,-13.081209,-2.4385219,11.714559,10.351439,2.2245095,2.0462942,4.586416,3.1184473,22.116684,14.790648,14.813662,8.112284,10.460393,15.632051,9.2775755,10.827738,20.8589,6.397139,-5.9561305,13.42586,-1.7234163,15.649943,-5.649114,2.9884841,7.7853017,1.7731663,-4.7905927,1.0462236,0.038785823,0.6293799,0.736116,0.5988015,11.816302,-1.4169796,-1.7967547,6.534379,9.975457,14.9722595,16.191515,17.883595,15.340725,12.1563425,8.641394,4.8629637,6.536616,8.237396,2.754541,6.127652,5.782335,15.270824,27.816484,13.431729,13.332576,7.371333,9.739276,5.060425,7.1946874,6.8813057,5.336523,9.523135,1.8122826,1.9682626,-1.157527,3.9895098,4.8528113,7.971997,19.027927,17.300005,7.8376417,19.86137,13.169903,1.3522323,12.493955,5.055447,-2.4585247,5.175648,9.464542,0.09598847,6.8808446,1.0814307,-2.6946821,2.1622918,4.156127,-2.310583,-7.145507,3.579024,5.8288007,9.538363,7.0075064,7.1802096,5.5163717,0.9721973,5.994501,1.0224669,-7.4513483,5.6301794,2.1223824,19.673603,8.553076,-1.4003575,6.6020455,19.64284,-13.090483,0.6329816,4.8045774,9.150424,1.1304281,2.6975417,8.552385,-1.5386927,1.6758668,3.5801034,-0.31169182,-4.693143,3.2741275,5.923506,1.0769036,-4.607376,-3.4453533,-1.0129665,-1.792556,-0.057806276,3.1211762,4.9595695,11.993277,8.400647,-3.7689626,0.10132064,-2.4009004,1.7119278,1.3454007,-3.2758489,-2.901734,-3.5636957,0.5828513,4.926414,5.509111,2.9758768,13.722378,-2.9371276,0.7513502,12.902532,2.866739,7.2204943,3.31031,4.74831,14.681871,-0.011039669,6.2740765,10.705727,7.3770185,8.012385,2.8171291,-12.532296,7.403394,-3.4221597,9.442559,25.753677,3.974353,4.639827,3.522071,1.2481436,2.2627962,7.763472,0.5529727,-4.271239,-2.7334254,2.440577,3.1400917,-1.2065103,-1.5629013,3.0782208,1.4368619,0.30169606,5.418799,7.0599346,8.536315,-1.0493547,24.426367,-0.9010643,-6.3332047,-0.6333123,0.6428974,6.3287463,2.8369055,-3.7073197,-1.9805973,3.4287004,19.97741,21.873215,16.400232,7.220467,13.534007,14.024467,9.043018,7.4096513,11.23949,9.023852,-1.6144397,10.246888,9.469388,11.942762,1.6709646,0.26500303,12.08717,-2.4328582,2.566191,0.46564385,2.3774047,-0.14918198,-10.291966,6.023184,-6.8879585,-2.6306157,-16.512848,2.865386,8.430102
179,16.035898,17.677788,18.226337,15.684566,14.435132,11.487009,11.659821,12.789179,12.002096,4.775764,-2.9466436,3.3988101,19.922647,14.762315,8.867155,21.433964,10.088677,8.088842,14.2954035,10.66724,11.230627,2.416816,12.475308,-6.036586,5.125337,1.884233,-2.3597267,8.133428,-3.1221423,11.027162,16.60977,8.824434,20.379671,11.112067,6.288163,7.752565,4.2777753,0.67392343,8.188472,8.808745,1.6673017,9.025721,5.0744205,-1.5183549,-2.8419535,4.2020125,8.02552,2.923952,3.2890937,4.2364783,12.1094265,13.117953,16.152948,8.1376295,3.8585572,7.5625644,4.2595687,-1.5297009,-0.9806537,-0.5239815,9.57124,2.6761434,-5.9400406,5.662676,13.516541,-9.368796,-1.2432778,2.2422018,8.391935,7.5638866,5.684072,1.5060662,-0.69414836,-0.3033706,-0.69409,-0.7491435,-2.2244835,-1.27642,1.1395135,5.812719,2.2238717,-3.524027,-5.907372,-7.5809097,-7.0557685,-2.034604,9.992772,13.895494,1.6855714,0.36091837,-6.8126736,1.0505395,3.955782,-3.471031,-0.11773765,-1.9761187,-4.8986855,4.5009184,4.127503,5.3414164,3.7309682,17.29507,17.380993,14.34842,8.308408,10.583784,2.600418,-0.085170284,4.679781,-7.859186,-1.7894081,1.1930567,7.4587574,7.683664,9.143852,7.586163,-3.1797585,-1.6373856,7.2694597,4.413596,28.102737,-1.3337808,-1.7681682,-4.888129,3.387093,7.4090514,13.338474,-2.372623,1.4254596,-0.8180944,2.0868626,3.4822075,-3.45095,1.0051849,1.9547309,4.003403,2.865737,8.746815,6.379518,6.8834577,7.0594244,18.566954,0.7046452,-9.957756,-2.8563669,10.710247,10.154895,3.8863013,0.34653115,5.8580055,2.5145411,17.813442,14.6933565,11.894591,6.656906,13.452799,17.636816,12.039615,10.311278,16.94756,5.0823903,-2.636812,10.257672,0.44209063,7.3680315,-2.8800051,5.358594,10.370932,1.6664557,-7.492079,-1.9043112,-0.22408976,2.0904863,7.1651106,2.4346054,7.3627214,-0.42181385,1.0899018,4.418481,9.823215,16.520344,13.1279745,16.085064,16.498966,11.811197,9.6933,4.5583005,7.292243,9.089562,3.4419885,4.8998165,6.7383265,16.47018,20.49905,5.948401,15.867499,8.472357,7.771481,5.049227,7.115435,6.8581624,4.711964,9.335701,5.0237064,1.7307484,1.6130204,2.935332,7.0363803,5.4220905,15.83049,16.252516,8.312308,16.394457,17.997448,4.4568605,12.382619,0.9969819,-1.6890769,8.998503,11.681426,1.6164103,6.0265875,1.1038723,-2.788062,2.3933384,-0.50751346,-2.0833986,-6.9972334,3.4614336,3.9841073,10.666467,8.794007,8.082072,5.489261,0.953317,4.7181654,-2.5766053,-8.195188,1.8340158,0.223002,16.117865,6.6345396,-2.6943972,3.744695,18.697739,-14.538183,-1.2298796,3.662725,7.1016192,1.3453,2.7045667,6.064073,-2.0855336,0.41175017,3.9023864,-0.85630924,-5.2036934,2.0266128,4.0010448,1.2193656,-6.8044243,-2.195058,-1.5772352,-3.0661938,-4.8119473,0.27522066,2.763277,10.876441,6.5832806,-7.6024776,-0.51602685,-4.1006093,2.314241,1.3441416,-5.7945347,-1.1548473,-3.265478,-2.0154161,6.2251797,7.2297974,3.285959,14.363606,-4.068996,5.5973153,8.995545,6.8745685,8.251014,3.9477067,3.823593,13.202184,0.20726551,5.9435024,9.690951,8.415835,7.581501,1.7625191,-13.080295,1.3329194,-0.37020233,9.656275,26.939917,1.2140869,0.85132223,3.6103356,-1.0461682,5.4116693,3.2322414,-1.7937047,-3.1853557,-0.8099081,2.0381536,5.0216784,-1.8377488,-0.39505577,0.6091924,2.8876019,1.7174926,5.4528046,8.442129,7.5732956,-0.44642785,21.13902,-0.7720605,-9.828487,-2.8912606,1.2687377,10.522264,2.9868424,-3.502756,-1.967796,3.6145723,19.459103,22.235346,16.855341,2.6062543,12.775853,13.331653,10.365072,8.480438,10.254124,5.3886943,-0.800436,9.234479,-0.3726818,3.9020462,1.1672895,2.1080854,12.311366,-1.490817,-0.39370385,1.210081,4.4118104,5.071718,-5.71422,6.21624,-6.366484,-2.2452805,-4.4347453,0.6531107,6.042941
180,12.449271,16.29448,12.200657,13.618877,11.065406,9.168655,8.850178,8.614666,10.9738245,2.4001446,-5.9278455,2.9298108,20.306173,9.654929,2.8062227,17.867746,3.338702,5.086921,14.143404,10.386831,10.833151,3.326659,12.343393,0.8165681,3.9162054,0.5311382,-5.24142,7.5818834,-5.3102508,5.997731,9.951253,8.176712,16.085476,16.207176,6.0640445,5.1314063,1.9834352,-0.20424052,6.857133,8.323359,5.8176713,6.758247,2.8966055,-1.2100769,-3.770669,1.0809565,3.5261593,1.9260838,1.6713252,2.8195388,9.565069,8.671852,13.475174,6.0518537,3.2670357,2.461202,3.7438562,1.7679797,-1.401768,-1.5217825,7.307339,3.6327887,-4.897237,3.4095333,9.852971,-7.5870852,-1.4008825,0.8897349,7.5123935,8.040096,3.8962023,-0.18795745,-1.7652402,-4.8744936,-5.034362,-2.7736073,-0.80929494,-4.4511466,-3.7035623,-2.395927,0.8460489,-5.7651553,-5.5546503,-6.189601,-7.833538,-3.879586,7.6597977,11.378258,-1.2970355,-0.56717104,-7.772044,-1.0313717,4.5320883,-2.7218888,-2.7890627,-4.465825,-5.8498516,4.674902,4.8390036,6.057411,3.6694736,14.242189,16.801743,12.057443,8.343157,8.818135,0.59098303,-5.6150527,3.4076605,-5.838361,-3.9935107,-1.6706243,3.359981,-3.991449,5.930083,5.148417,-2.3602173,-0.6896421,8.541115,3.1635666,23.2943,-3.0286129,-1.7323515,2.5616732,0.61818105,8.310658,1.6696024,-3.9872203,-3.649753,-6.32899,0.3640482,3.618231,-4.1070213,1.3690772,-0.25577572,1.4409856,0.8757969,6.2425017,5.807551,4.7661004,6.1758175,11.432442,0.76387787,-6.232154,-2.9818072,7.723384,5.973486,2.673631,-1.3748796,4.928385,1.8611597,8.67196,10.199693,4.7978907,2.232172,12.798174,15.285696,13.93247,8.337451,8.871852,3.1053782,1.9468387,3.3517363,3.745409,-1.989942,-0.5802482,6.0631046,10.707867,-0.0921602,-7.4774237,-3.5369227,-0.92106354,1.9583504,8.308124,4.5323606,2.217448,0.71071106,0.5518713,0.7512729,7.176152,13.444393,9.117184,9.422986,12.644916,7.5059757,7.5345416,1.1238904,5.2736616,6.949832,2.2960827,2.0697627,3.9765818,14.07745,12.738032,-1.1682765,14.912047,6.956637,2.6042554,1.246861,4.8897715,5.432264,2.8676448,5.6201296,5.228116,0.26709458,3.541435,0.9759393,6.9312043,0.65846354,9.702687,14.076383,6.276196,12.498998,16.259869,6.449833,7.8682413,-4.3709803,-0.5044146,9.190689,11.394364,2.9833803,3.9730992,-0.08949133,-1.5981477,0.27924186,-4.515735,-3.7685173,-7.012726,2.2816415,-0.8690411,8.259857,7.0628057,6.4550185,4.1512456,1.5716718,-0.3579748,-7.4642997,-5.7421784,-3.0143611,-1.8375071,8.2816,5.7664385,-3.2471662,1.0619975,14.839869,-12.343506,-2.0166783,4.305532,4.9913335,2.0888278,3.6443887,2.7781045,-2.2305958,-2.349143,1.4106697,-1.448743,-3.5779696,-2.4204984,-0.9693725,-0.8583734,-8.065741,-0.8713807,-1.1754706,-2.9059021,-6.9311275,-2.16573,0.34068286,7.8748755,4.3917236,-10.99054,1.0361587,-2.8959022,4.1331396,0.97697973,-7.2138023,0.26232794,-1.1688964,-1.4773073,5.4763255,6.4147224,2.7280748,12.326265,-1.9324588,7.628224,3.5758617,8.401631,6.071182,1.954749,1.0576947,6.772611,-0.3579856,3.1364648,5.9085636,6.3581777,4.423632,-0.20553479,-11.931969,-3.5017967,7.8732057,8.114478,21.15493,-0.907671,-3.3276181,3.0621922,-3.613428,5.0392456,-0.05217596,-4.1460714,-1.2626556,0.5411428,1.7427421,6.3643913,-2.6323152,-0.1016837,-1.4109254,2.4183683,0.7990499,2.6491108,7.422346,4.317376,0.09162773,13.973004,-0.7305775,-11.610641,-4.9254303,1.1828605,11.407909,1.0870107,-2.8036711,-1.8396024,3.8482065,14.100779,15.723743,11.593907,0.6688025,8.132379,8.040421,8.595701,6.2282987,3.7873058,1.1806421,1.1060176,4.156192,-8.628306,-6.7702265,-0.9509864,1.5180267,8.139674,-2.1040196,-2.4678006,0.8352001,4.6038938,6.7720175,1.08066,4.8689103,-3.234785,-0.79530275,10.049885,-0.25073865,4.5894923
181,4.935993,5.5788217,3.8199296,7.3968024,4.5317283,4.358024,2.0395448,2.0471444,6.694887,0.43922564,-7.1910224,1.9035759,15.28267,5.126761,-1.4432408,9.084572,-3.5890133,0.68143046,8.223143,6.7304053,6.899866,3.6241353,9.097363,4.4453845,0.3187929,-0.75292987,-7.8171935,4.343599,-2.5015438,4.6249623,4.4293003,8.496469,8.764143,15.073627,3.4043152,-0.56156796,-0.7016778,1.040677,3.07293,5.1070313,6.225179,2.180234,-0.5562928,-1.323481,-3.9513574,-2.992591,-1.7857821,-1.6732465,-0.8436987,0.2081255,4.6991987,2.5317357,7.5312104,3.0883849,1.0765113,-3.2912142,1.9255414,1.8636705,-1.7402221,-1.2865516,4.8053207,5.47654,-2.3199465,1.0263369,8.837464,-2.8078887,-0.10164273,0.55294335,7.0018353,8.074266,1.9668517,1.0593251,-0.42747712,-7.091132,-7.3794465,-3.5370414,1.5854028,-7.5786133,-6.234169,-4.3300943,1.9988037,-6.5023117,-2.7915397,-4.4650702,-5.1576457,-3.2417326,5.9349184,9.256541,-1.9557185,0.053261217,-5.28358,-0.636548,5.065344,-1.4474726,-7.1496153,-5.098735,-4.6453266,4.6560473,4.3119717,5.1473637,1.4290777,7.8739367,10.504311,7.8486686,6.5904484,3.1232684,-2.0848796,-9.018442,-0.97011936,-1.521096,-4.325522,-2.3063743,-0.36802623,-14.0933,0.54591274,1.7281746,-2.633622,0.40370503,8.0010395,0.27355564,11.321904,-2.6485195,0.5995367,9.475692,-0.6426116,6.142048,-6.8796277,-4.073525,-5.4325476,-8.275834,0.1494238,4.0318317,-3.888938,1.6169086,-2.5772858,-0.7734128,-1.8012356,0.87207997,1.9699826,2.0529914,3.7700143,2.4547966,-0.35557643,-4.285701,-2.8614619,3.341657,0.7342339,-0.2819303,-1.8654768,4.258303,2.870622,-0.86294115,2.2128084,-2.4978075,-1.8390331,8.230209,8.591143,12.496353,5.187448,0.26010916,1.5794281,4.563228,-3.592759,6.4533954,-5.877291,0.5932691,3.521615,9.074125,-2.5681975,-5.080548,-3.2082715,-0.85809714,0.08509971,4.714236,5.434545,1.0520344,3.4688978,-2.2015321,-1.7188646,4.094153,5.9353633,6.333249,0.90693986,4.543164,0.700406,2.2156549,-3.1393263,1.6896611,3.2276394,-0.19276857,-1.1670253,-1.2439257,7.69536,9.823204,-2.5697932,9.554903,2.8543234,-3.0354424,-3.6816533,1.377,2.8526978,0.33884004,0.26521796,3.8066325,-0.91627496,4.342525,0.8672433,4.980435,-2.7868516,6.309797,10.966806,2.1583421,10.132841,10.397425,5.5412297,2.1578748,-8.219656,-0.4128101,6.021678,8.066913,3.922613,1.548328,-1.0323305,-0.6226597,-2.472823,-5.79491,-6.508381,-8.198007,1.0784963,-5.929577,3.5558856,2.439156,2.372598,1.778435,2.4080842,-6.5126433,-10.595246,-2.4837801,-5.176827,-1.8008642,2.4019384,6.513458,-1.4472605,1.09408,10.641702,-6.59741,-1.08293,7.162108,5.074513,3.9922204,6.0177636,1.601444,-2.0631905,-4.1931453,-1.9242014,-0.63231254,-0.06220345,-8.072524,-5.728899,-3.7506433,-7.992222,0.30425116,0.3557878,-2.3521545,-4.8224125,-3.1145682,-0.40928546,5.5053296,2.8933961,-12.400815,3.6296284,0.5623467,5.6426654,0.8698905,-7.408764,0.3060951,1.2591306,2.4232545,2.8820577,3.7341857,2.7337785,9.141716,1.9573542,5.5388255,1.6790128,6.3709836,1.6289833,-3.1672237,-1.8456339,0.31930745,-1.2984239,0.4508724,1.2083364,2.0776772,1.463787,-2.404951,-9.850612,-3.9849985,14.689349,5.303452,10.198964,-1.113689,-3.8944163,2.9780667,-4.104562,0.63576996,0.19366872,-5.0705695,1.4349641,0.91424316,2.3206823,7.655987,-2.8082054,-0.43701416,-1.0576081,-0.18850009,-1.9013449,-1.4527113,4.675596,1.7545842,0.687696,5.622309,-0.8850382,-11.111663,-6.119943,0.034339905,8.360286,-1.3020673,-1.227301,-0.62650704,5.1020317,5.6941013,4.6763086,3.0972278,1.2378511,2.2636938,0.7077666,3.7038786,0.8475006,-4.186296,-0.3479476,2.9719408,-2.0927043,-8.545332,-11.688548,-3.3769095,-2.2901921,3.5123484,-5.094357,-1.4898779,-1.5658077,3.448951,4.095957,7.8069153,2.5526805,0.97159296,1.4909658,14.289888,0.29952908,4.725916
182,-3.448695,-8.527009,-5.3226967,-0.99867177,-2.7112432,-1.256078,-4.0546803,-2.9992416,1.4851543,0.024212234,-6.4800787,1.7068722,5.149376,2.946744,-1.8550491,-1.4806572,-6.7059226,-2.2261875,-1.0371778,0.8937708,1.4210489,1.2340944,3.3205981,4.8461094,-3.6280966,-0.2791088,-6.539246,1.3275112,5.713234,10.133827,2.6889687,10.220254,2.5925472,9.172486,0.46467137,-5.6999264,-2.2463937,3.132432,-0.8532074,0.6812871,1.8996973,-2.0172431,-3.3147333,-1.9927269,-2.6367092,-5.348866,-5.3363404,-5.7090373,-3.384416,-1.9204972,-0.20175561,-2.3238065,1.2856145,0.69876385,-1.3021293,-6.4082003,0.22253247,0.048662603,-0.9624649,0.60896796,4.4119253,7.3804655,0.8974118,0.44813848,10.504388,2.9000928,3.0296624,1.7550387,8.183895,8.565608,2.1078677,4.098033,2.460836,-5.348958,-5.8880496,-1.5595942,4.54517,-9.276041,-5.531412,-1.2031121,6.7420063,-6.350456,1.6252445,-2.9811728,0.2821023,0.6297663,6.702046,8.924073,-1.0147666,2.4780927,-0.4003282,1.8499936,5.9519453,-0.103698984,-9.421059,-3.8058646,-1.2169093,4.4919076,2.9819808,3.5805426,-0.401186,0.1300086,7.235786,5.4376764,4.6245966,-2.6608255,-2.9647708,-8.715204,-5.137936,2.8109465,-1.8031301,0.91252255,-1.633392,-15.938167,-4.800973,-0.96883285,-3.5922036,-0.010371188,4.6276164,-0.81066716,-2.589532,-0.47419113,4.2695518,11.562724,0.61686844,1.7880867,-6.4884577,-2.9446394,-3.0862114,-5.9606843,1.6490358,5.063971,-2.5958698,2.690848,-3.3933127,-1.8784107,-3.3195295,-4.28251,-2.4824808,0.26853395,0.9292446,-5.0765023,-2.4662752,-4.4673324,-2.2997258,-0.9242358,-2.216894,-2.402693,-0.8631457,5.6311097,5.8978252,-6.413372,-5.530748,-6.154224,-2.689046,1.6926997,0.29333305,6.6707883,1.4356008,-4.1100173,1.5504706,4.3817,-6.5890417,7.0273657,-2.3354266,1.369388,-1.3331717,6.4818306,-4.140304,-1.2694991,-1.4340645,0.44784856,-2.0436568,1.1933259,4.88244,4.7469215,8.369868,-3.2801352,-0.64957356,2.7345839,-2.8590376,5.596462,-5.631154,-4.0638137,-5.2984347,-3.5979872,-4.8746567,-1.1265415,0.4667173,-2.429298,-3.2132764,-5.414783,-1.1825653,12.215017,1.7663422,1.6210103,-2.1005085,-5.346919,-5.8735104,-1.5500091,-0.02847885,-1.3359965,-3.4247692,4.1430163,-0.2874362,4.492718,3.3391638,3.0459414,-1.9728884,8.661902,7.1087875,-1.4503263,9.909561,5.522317,2.4275854,-1.6681342,-8.963504,-1.9451083,1.4703649,3.6881485,4.602433,-0.55872387,-0.40198278,-1.3019617,-3.8100479,-4.548595,-8.348518,-9.638862,0.46532416,-8.224559,-0.7254433,-2.290783,-2.0574305,-0.44894147,3.066894,-9.6126175,-9.7172365,-0.7190025,-2.6417804,0.9815451,2.951251,8.265336,2.4939518,3.818135,8.328725,0.29074886,1.1999657,10.795882,7.837822,6.6514874,8.752461,3.7111087,-1.7306877,-3.5960813,-3.5745022,1.8620555,3.8469338,-11.5542345,-7.2608614,-5.1638484,-6.259763,1.0552843,2.470292,-2.2466261,0.4774127,-2.1559384,1.456601,5.507121,1.7157983,-10.748999,4.952757,4.337248,5.6376395,1.401351,-6.63755,-0.8969522,2.6168027,6.961909,0.33239257,1.7718134,4.315333,6.44634,5.258086,1.9122527,5.574686,2.420311,-2.2580338,-8.794312,-2.8717666,-1.3968989,-1.8408309,0.2272774,-1.696965,-1.927045,0.65584606,-4.0960207,-7.454946,-0.70348006,14.249248,2.3864853,-0.7740756,0.08470475,0.45655832,4.2539167,-1.6391032,-4.6488023,2.9199884,-3.997485,4.7179585,0.8744636,3.452124,9.135201,-1.9415476,-0.7082655,1.739709,-3.1026096,-4.355946,-4.342203,2.3127828,2.186363,1.5961587,-2.2695732,-1.2845523,-8.753884,-6.1472135,-1.7132323,3.4889646,-2.2460659,1.1208736,1.8096255,7.2670436,-2.46051,-5.43548,-3.582135,2.2443023,-1.5492939,-4.6615276,-1.991956,-5.0369153,-7.822532,2.3879304,3.388403,-5.1506886,0.044209562,-6.9756155,-3.713057,-7.001785,2.383797,-9.219956,2.3977106,-5.3601913,2.2889247,0.14510193,12.484776,0.5905089,4.7618074,3.4121468,6.2104344,1.7162392,6.3934417
183,-8.97224,-17.316858,-12.806819,-7.9091935,-7.5305595,-5.2998805,-5.2194214,-3.9925885,-2.0437462,1.0169477,-4.586658,3.036526,-6.2791557,3.6607623,1.2113994,-9.328707,-4.6913233,-1.9232848,-8.272268,-4.1068487,-2.8405383,-3.6680555,-2.3733184,5.208245,-5.332245,2.165411,-0.65961283,0.9952973,15.580468,20.311903,4.501201,12.142314,1.7356144,4.134158,0.22341247,-7.3785353,-2.7164328,3.7362256,-2.7916384,-3.0540285,-4.0026045,-3.846327,-3.9754207,-2.6215804,-0.8493952,-5.067881,-5.8165293,-7.4644127,-5.078449,-2.2115266,-3.4033976,-4.5848165,-2.3312678,-0.55467737,-2.5090861,-5.5061293,-0.7296249,-0.64795285,1.2498692,3.268084,6.46347,7.875818,3.3922238,1.9998938,12.520113,6.75438,6.8150206,4.170738,10.297292,9.216413,4.62415,6.0778646,4.8020415,-1.0335356,-1.7184577,2.2213588,7.085707,-8.764561,-2.1218886,1.9672595,11.924395,-6.220101,5.452311,-1.7812436,6.1726885,6.1664968,9.157825,10.072418,0.58849216,5.694357,4.416766,5.1834073,7.3581038,0.9749544,-7.0880666,-1.7975717,3.015076,4.384031,2.0814567,2.8818307,0.60596645,-6.443108,9.959864,5.924548,4.024341,-4.6295347,-0.97883874,-5.3306456,-5.5230293,5.349671,2.2455773,6.366728,-0.5419195,-9.407425,-8.431893,-1.8509824,-4.187133,-1.6611116,0.025706153,2.3205945,-11.453737,1.6640112,7.2341113,8.494043,3.1948152,-2.2061179,1.0054662,-1.5664045,1.2407048,-1.4074289,3.6885703,6.319912,-0.8674733,4.759966,-2.4193635,-1.8897576,-2.9277072,-6.494404,-4.4730954,0.013397707,-0.8767303,-8.846982,-4.6190414,-5.046453,-1.2313375,-3.3389127,-1.8867083,-2.2259212,0.69133234,8.676024,9.307268,-6.1996484,-9.060624,-5.087254,-0.370803,-4.0612497,-5.7476273,-1.4772222,-1.8318883,-2.0464385,3.7673242,4.014849,-4.46333,5.2097764,5.733782,2.6362627,-5.643441,4.2886524,-3.9488304,2.7595763,0.6198841,2.1484516,-2.5035222,1.835126,3.9132266,9.970574,13.501357,-0.55350107,3.59162,3.4390895,-8.570503,5.848996,-7.841331,-8.791915,-7.5671425,-6.4647465,-2.8187306,-1.6504534,0.2625055,-2.9714115,-3.1862726,-5.579931,-9.251656,16.887403,7.9167805,-5.1896567,-5.440366,-2.6012712,-3.7739065,-2.2836678,-1.9164886,-0.99628425,-3.4976764,7.864861,2.0988762,4.484607,6.23462,2.6362212,3.3097708,15.299231,3.7766197,-1.8697057,12.256194,5.7583685,0.57179785,-2.8075545,-7.158464,-3.9352725,-2.2122965,1.0612503,5.143312,-1.8894138,1.3922666,-3.4120367,-3.2606578,-2.6639516,-7.972774,-9.328117,0.36035022,-7.0693893,-2.500149,-4.5735197,-4.202056,-1.3162085,3.419009,-7.7426553,-5.8226123,-0.7989403,2.7377234,4.761604,8.81384,9.704392,6.302921,7.027142,8.370731,4.786732,3.7633336,12.913044,11.386739,8.820704,10.231214,7.6296835,-1.1964716,-1.3994524,-2.6966054,4.6587205,6.2750897,-10.715655,-4.9497967,-3.8652558,-2.995405,1.0763184,4.1274366,-2.4507155,5.873297,0.1503366,5.173076,7.7558784,-0.32027712,-6.393198,3.8240762,6.88247,4.3589,2.345272,-4.8228498,-2.273642,2.449461,9.12143,-0.24391297,2.6674569,6.9152036,4.810711,7.0733166,0.93008333,12.616952,-0.6507191,-3.311277,-11.283085,-1.6567999,2.3384757,-1.3055032,2.8152657,-1.2101221,-3.7735136,1.0301676,-4.891738,-5.0675244,2.7810693,7.1955075,0.5376728,-6.7182193,1.1691796,6.8107576,6.4917574,2.162924,-6.569814,4.9977045,-1.5835727,7.6247425,1.4434246,4.0602045,10.309444,-0.37207243,-0.4679872,4.8792033,-3.9624758,-4.8136764,-4.571815,2.0544944,4.919631,3.1629913,-8.061837,-1.6728907,-5.383191,-4.8034525,-3.1102924,0.14164644,-1.1770827,3.489108,4.8924317,9.22543,-7.452408,-9.741935,-4.700038,1.7634106,-1.9612726,-5.7267623,-5.1044264,-8.019124,-4.4280705,8.667044,2.4843807,-2.859441,11.823847,4.2346377,-0.9405078,-9.009259,5.1189775,-12.020442,6.681019,-8.439181,2.0095227,-1.2217786,14.10765,0.08314432,7.1489415,3.5137112,-4.3818693,2.9884589,8.728606
184,-9.90821,-15.606986,-15.740151,-10.621477,-8.368205,-6.4382925,-1.7499197,-1.9420143,-3.0584502,1.938224,-2.8005059,4.972657,-13.70117,6.01898,5.5646257,-12.097112,-0.3158373,0.37806526,-9.170102,-5.702201,-4.5245156,-8.482197,-5.2631216,7.695811,-3.7838287,4.9775248,6.3678846,2.6384091,21.54362,28.445522,6.6436067,11.295495,7.537674,4.839598,3.8431137,-5.8059897,-3.728477,1.0585709,-2.543272,-5.349002,-7.194286,-3.3813481,-2.6774688,-2.6083727,-0.63986987,-3.762688,-4.117009,-5.8651085,-5.501171,-1.0494974,-4.8714504,-5.475392,-2.358628,-1.3864528,-2.317735,-2.3501737,-1.9025441,1.31836,3.614328,4.7975464,8.699714,5.8020654,4.0083556,4.1580715,12.082697,7.1191773,8.94197,6.441626,10.839505,8.859951,7.41208,5.082538,4.986794,2.7513235,1.9096293,5.272324,8.079869,-6.619079,3.022556,1.3506526,12.982115,-6.2949405,6.4780564,-0.78674406,9.517738,10.09596,10.392335,10.940179,2.5858293,7.8921413,6.8535275,7.845803,8.817583,1.4999774,-1.2759566,-0.6985079,5.70607,4.381268,2.0137787,3.198831,3.8855476,-9.762055,12.849164,6.350506,4.4853106,-1.931592,2.6123834,-1.2942632,-1.6152997,5.5235786,5.174547,10.173994,0.71522266,-0.40165335,-9.764273,-1.7206728,-3.7889204,-2.811519,-2.7036726,8.024221,-12.180408,2.0242002,7.729267,3.3126628,4.5170197,-3.8452952,7.4500933,-0.82409686,4.0857587,2.3539348,4.7542977,6.643064,0.2319565,6.602652,-0.9497809,-1.6649036,-1.6638047,-5.6355367,-3.0550916,0.47124743,-0.909138,-8.801245,-6.0369487,-3.9619825,-0.20187743,-3.3104272,-0.30606374,-0.9415129,1.4759699,11.233729,10.476487,-2.2030358,-7.628402,-1.4148328,2.058242,-7.4514885,-7.3489885,-8.057983,-3.598032,3.3509727,7.886554,6.3903837,0.083295695,2.1015894,13.500083,4.240874,-7.1396966,3.3905687,-2.549301,5.6813345,1.9661961,2.7966082,-1.1631831,5.823808,3.3723304,12.082862,15.336384,3.4700673,7.7194796,4.5028,-9.05646,5.0248246,-6.3162313,-8.104075,-5.8442917,-5.1691403,0.85879904,-0.5124601,1.8108945,-1.718428,-1.586119,-1.9738284,-13.259965,20.010298,11.870167,-8.131577,-5.690432,2.8672266,0.3115522,-0.7277279,-1.9545598,0.83279794,-1.1230515,12.306209,4.364434,4.181315,6.4094863,3.3659675,9.89118,21.146961,2.2742655,0.94109094,16.860981,10.938044,3.089817,-2.7729561,-4.6670475,-4.5144415,-4.006811,0.80215436,4.968562,-2.343137,2.400682,-5.055305,-2.2972844,-1.8660523,-5.87636,-6.262586,0.32213214,-4.5245924,-2.0346408,-4.2496405,-3.3549078,-0.748462,3.2421272,-2.980202,-2.7977126,-1.2355983,6.5464683,6.7050023,14.2395935,9.338307,7.215367,8.320006,9.122091,4.606425,5.3294344,11.624736,12.554064,9.152134,9.4902725,10.095888,-0.3914708,-0.031579465,-0.7333072,5.686131,6.0988736,-6.377104,-0.94764805,-0.94266874,0.7344562,0.29450616,4.221797,-2.2504723,8.313489,2.3551385,8.491519,10.103487,-3.5404735,-1.3285669,1.3065492,7.857388,2.9937296,2.9439044,-1.8792914,-2.804719,1.1800681,7.922145,1.0123321,5.710522,8.36743,3.3554902,7.9620285,3.8675346,16.88859,-1.52554,-1.9092333,-9.219923,0.1102052,7.313858,0.32609102,6.310817,1.7072096,-3.6919568,-0.1182587,-4.848778,-2.8899012,3.0729573,-0.46186015,-0.17487717,-6.745879,1.0241059,10.1431465,7.893826,4.289164,-3.4847066,3.817745,0.74510187,8.46371,2.9797256,3.2188919,9.98906,0.8995124,0.043559883,5.5552063,-2.4419777,-3.273941,-2.9180005,3.4632845,6.7248497,5.1584744,-9.92945,-1.6512488,-2.0616243,-2.3188825,-3.511393,-0.1224866,0.56647134,4.7214694,7.519107,9.556702,-8.628295,-7.9093943,-1.0430344,-0.81001586,-0.54716516,-3.7233424,-3.863028,-6.6866965,2.8300228,15.465323,2.0660362,2.5175982,20.881943,14.715939,3.141155,-6.800246,8.041573,-11.616092,8.362506,-8.691726,2.3021176,0.7530714,12.448746,0.8384711,7.24692,1.2199887,-6.801479,3.0587866,10.057
185,-7.9656363,-5.557384,-12.705929,-9.556698,-6.5464296,-5.5208926,1.7581468,-0.44909096,-3.0265489,1.099743,-2.0340102,5.5774155,-14.295106,6.869314,8.410065,-11.083914,1.6241064,1.3564664,-4.164049,-4.0289726,-4.5168147,-10.5433235,-4.99889,10.266621,-0.47060564,6.054865,9.185936,2.8404927,19.835978,27.540928,4.75183,4.9831862,16.387796,10.178852,8.881803,-3.8350835,-6.6517444,-4.5950108,-1.7853401,-6.904485,-6.164034,-2.2108037,-0.8211813,-2.014518,-2.9369082,-3.7465072,-2.5654583,-2.2220984,-4.874016,-0.53331757,-5.9020314,-7.2706175,-0.45243227,-2.961536,-1.6909565,-0.4112526,-4.792818,4.5064535,4.1731544,3.7575555,7.9854665,1.2919003,2.304427,4.788046,7.7090387,4.235387,7.5176287,6.722824,7.620895,6.555314,7.721614,1.6327051,2.8760245,3.6758115,2.5203073,5.694238,6.9053955,-4.4494886,8.633159,-2.5599024,8.088996,-5.901989,4.0128803,-0.15032119,8.058972,9.726609,7.841292,9.256595,4.9477463,7.416679,6.0476165,8.496782,9.091697,1.121642,4.0785956,-1.2803426,4.9859004,4.0223136,1.310093,2.6076586,5.888379,-9.298322,7.8426027,2.1360586,3.550108,2.605947,5.1496,0.94415796,3.509568,3.735599,5.031406,9.278159,-0.26259378,4.769615,-9.085995,-2.6710308,-2.9342706,-2.6291316,-2.2310889,11.111334,-8.482265,0.26851785,5.343304,-0.96924716,2.6834981,-3.4374044,5.4354253,-1.041088,3.3652382,3.5060747,4.046062,4.8128123,-0.03926223,6.2823505,-0.68711567,-2.3913863,-1.326395,-4.168816,0.0031825977,0.07051104,0.16862963,-7.089322,-6.713745,-0.881841,-0.29899865,-2.100845,-0.50889975,-1.1604215,0.89759135,11.078813,7.628412,1.028681,-4.5766096,1.3556801,1.0311298,-8.813465,-5.5813613,-10.588724,-3.8949406,5.296656,11.834815,10.539422,2.5135827,-0.79295725,17.049473,4.9858694,-6.094697,3.4024487,-1.1662226,6.0954204,2.1753101,1.6842107,-0.4307966,8.250224,2.5897257,8.643216,11.341515,3.679066,8.001582,3.8106847,-6.321288,1.6559986,-3.9889593,-4.693683,-2.7620397,-1.9678853,2.4240196,0.08636583,2.5863006,0.06648837,0.06514336,2.0576317,-12.331129,18.54275,12.0863085,-7.6192827,-3.418296,6.010002,2.2926712,1.5183251,-0.5836249,2.1490302,0.4674435,12.174362,4.2985086,2.977141,2.6124954,3.2373428,12.9480715,20.539331,1.8622549,3.8645334,21.04223,16.269854,9.159819,-3.4797816,-2.9720418,-2.8379745,-4.5126424,0.4135478,2.9876916,-2.2811825,1.1044964,-4.3572836,-2.711913,-2.3914516,-3.9184842,-1.6779023,0.06902706,-3.4846106,-1.5770954,-3.3662715,-1.5887764,-0.06910584,1.9667655,0.47685835,-3.9976468,-0.27138016,5.6671185,5.2189927,13.658729,6.094406,4.104378,6.793457,7.810649,0.45502803,4.941776,6.273581,8.982923,6.88733,6.533756,8.165629,0.48688945,-1.1965238,0.092487894,3.765573,3.501868,-1.6149814,1.4778596,0.97783756,3.1113544,-0.9779058,2.185313,-1.3537352,6.7312827,2.8443866,8.920915,9.397692,-6.510083,1.8453004,-0.48933333,7.557273,2.1825871,2.402463,1.3485918,-2.3114781,-0.5419086,4.3774037,1.6332333,7.405056,6.2134542,0.56536555,8.113607,7.1287246,13.526551,-1.4979031,-0.7317451,-4.602926,0.27004555,7.557406,2.1193435,7.8396153,4.0752115,-3.3318522,-4.178942,-4.230324,-1.2067977,-0.3892927,-3.7906272,-1.1531947,-4.91979,-0.40982276,7.336975,6.4947047,2.6915975,2.1321893,-1.0523243,1.6852287,5.933112,4.523479,0.76013565,7.00428,0.76850474,0.14352618,2.4131494,-1.1313467,-1.3089275,-1.6124594,4.086365,4.828042,6.347129,-7.3256154,-1.1963639,-0.10053086,0.23817362,-3.109366,0.84293705,0.9815993,3.8508356,8.346112,7.3153415,-7.835166,-4.5485487,2.5864298,-5.066411,-0.30585796,-2.3416374,0.12158291,-2.997352,7.3092194,18.503067,3.6324944,5.8512344,24.262306,18.222603,5.1901054,-2.5275228,6.721763,-8.006834,6.137042,-5.7106543,2.1244333,3.1592405,7.708192,1.288966,4.162126,-2.6220653,-0.6890289,1.2740189,8.577472
186,-6.8638253,5.0700574,-5.609556,-7.816928,-5.1726227,-4.8554497,0.7636136,-2.329243,-4.1030316,-1.9066154,-2.14498,3.6646748,-10.033051,2.7946136,7.7411184,-9.726653,-1.7073275,-1.4874347,1.6564711,-1.9211305,-4.7076406,-9.758618,-4.0311475,8.396894,1.884015,4.5855255,4.8417087,-1.0830052,10.7388935,15.22051,-3.4613323,-6.1589313,20.95022,13.013287,10.640531,-4.0443864,-10.668003,-10.5310955,-2.280225,-8.564407,-3.0743198,-1.773463,0.27574125,-1.3783624,-6.04758,-5.408626,-2.9970121,1.0065724,-3.8199544,-2.588482,-7.599745,-10.789627,0.4735121,-5.559814,-1.7442383,-1.8428253,-9.284635,6.2475715,2.3331766,0.5763125,3.0433235,-3.988622,-1.1800613,2.8126702,-0.07322518,-0.4650486,2.633563,3.9082313,0.90598124,2.4164782,4.6359706,-2.1304252,-0.57582307,1.8374794,0.4662419,3.7689855,3.8715305,-3.615514,12.687828,-6.251445,-0.18828619,-4.2963266,-0.7811623,-0.11332921,1.5968467,5.077895,1.4936258,3.5386803,6.8358793,3.6564314,2.8059971,6.4789557,6.8039804,-0.36269185,5.566999,-2.813539,0.77798533,2.4830966,-2.1092696,-1.1350907,3.2967775,-6.3509903,-5.9271774,-8.29179,-1.1686409,4.9348526,4.656328,0.7391865,5.96881,0.8407432,1.9300702,3.9530892,-3.8137574,4.74217,-7.022818,-5.796979,-2.8992531,-2.5646129,-0.8885998,7.1471305,-7.688139,-2.5952334,1.146072,-3.8058956,-1.941383,-3.2286968,-5.132733,-2.0009563,-0.09505146,2.4591448,1.8125339,0.61210257,-1.5898217,2.782077,-2.1437945,-4.6227937,-2.6534643,-4.7727823,2.0024643,-2.1721153,0.67784846,-6.400157,-7.083771,2.3648663,-2.3275554,-1.92978,-3.636044,-3.946226,-0.42887896,7.52257,1.1326016,-0.52004665,-4.412681,0.864554,-4.3760347,-9.366466,-3.6993432,-9.976149,-4.002824,-1.1550254,12.536676,11.24904,0.06610354,-2.725722,14.440442,3.7343392,-4.6875215,2.732408,-0.36855236,2.999097,1.2217746,-0.5214256,-3.0656672,5.115073,-0.039578438,0.8853713,2.1846852,-2.320376,3.5110664,0.85578215,-4.7540617,-3.9876392,-3.8140848,-3.1639447,-1.6369172,-0.62268335,-0.0363863,-1.5391542,0.68570375,0.9278194,0.37272683,2.9313905,-8.666061,10.833879,9.231403,-6.610326,-0.6988306,3.083393,0.17243639,2.2823958,0.6104734,1.1674794,-1.0092825,4.457441,1.2672393,0.6262626,-3.2920206,0.58678675,9.363782,10.86491,-0.38840342,3.3182614,19.94659,15.646821,13.924845,-5.2238355,-2.032939,0.20597559,-4.990007,-3.0632708,-1.1253124,-2.3061683,-1.7714099,-1.2395589,-4.572816,-3.1738243,-3.6602108,1.9248213,-0.26739466,-5.127596,-3.1298795,-3.8656838,-1.8458749,-0.8683563,-0.7866489,0.105794474,-8.637028,2.740363,1.2330024,1.3294038,6.227832,0.15889011,-1.5595379,3.290799,2.5122347,-4.3360667,2.5166078,-2.174678,0.8824012,2.226655,1.9058499,1.2822763,0.9995283,-4.2211976,-1.1248426,-0.42578912,-0.26487967,0.84091854,0.35025728,0.07041867,2.6513424,-2.2440069,-1.469595,-0.27841336,2.3925073,0.9765134,5.3451824,3.4981124,-7.002817,1.5620309,-0.5596617,6.0430183,1.2552196,0.492737,3.0730288,-1.3068942,-2.258146,-0.15224929,-0.8479162,4.419157,-0.3217972,-4.204026,6.3591857,5.4815745,2.519339,-2.893079,-2.0778568,-0.799154,-1.7683028,0.3925424,2.6020114,5.5499187,3.2944412,-3.7440097,-9.426417,-3.2115948,-0.30905426,-5.2889066,-3.6446674,-4.114526,-6.649364,-2.5237691,-0.3019102,1.8926213,-2.0976021,5.669901,-7.9541516,0.7849255,0.46476793,4.445886,-2.742653,1.2376386,-1.2269498,-0.55687344,-3.3059914,-3.2854552,-0.4717253,-2.2940168,1.6485215,-0.3855176,5.209582,-2.2982905,-0.88885736,-0.58810747,1.300872,-2.7223845,-0.45518446,-0.67640305,0.8078915,6.443998,2.5402608,-7.7421503,-5.244469,1.4505615,-10.334207,-2.9750185,-4.4041777,2.856754,-0.7547771,4.4825797,14.591587,6.3328786,3.4325843,21.85036,12.851222,3.3124244,0.026980832,0.0730101,-2.8503141,1.0906615,-1.1913251,0.8378547,2.6303656,0.7601901,-0.2501911,-2.0734394,-6.2550597,4.574233,-2.0606298,3.8547637
187,-9.010329,8.786865,0.8466758,-8.312036,-6.3800454,-6.054976,-4.867943,-6.9086056,-6.866853,-5.6637473,-1.9973402,0.100682,-6.0166664,-6.7913756,3.487511,-10.453702,-8.736547,-7.299613,2.6031744,-2.4052742,-5.9364014,-8.735103,-5.247459,0.3918248,1.718845,1.7330779,-4.4873047,-8.060978,-1.7222495,-4.0304003,-15.723209,-16.998869,15.179508,6.4284587,6.1394143,-6.122843,-12.655831,-13.130329,-4.10611,-9.8028145,-1.0309511,-2.2656655,0.55346054,-0.8896144,-6.54923,-6.5425587,-5.239696,2.19671,-2.8341079,-6.75431,-9.659248,-14.289647,-1.3585876,-8.01484,-2.6015763,-5.555178,-12.737729,5.7247815,-0.088144176,-2.4381933,-4.078862,-7.6321177,-4.90046,-0.9079721,-8.958962,-5.4067054,-3.3253248,-1.272324,-6.2078967,-2.4046712,-0.00719887,-4.4274373,-4.208166,-0.58221936,-1.5878854,1.5130148,0.13593175,-4.0472136,12.885531,-6.99618,-6.9694643,-1.4826678,-5.734606,-0.516636,-7.4557896,-0.98779255,-5.924315,-5.675068,6.5453043,-2.5117269,-1.1561152,2.330078,1.6776013,-2.5652509,3.1354165,-3.6352801,-4.9133,-0.61048645,-8.2026205,-7.8170066,-3.477543,-3.1685367,-19.707615,-20.793276,-9.071158,3.1926188,1.4242309,-0.3579385,4.5277944,-2.0863245,-2.1553276,-2.38723,-7.500529,3.3917046,-4.283917,-9.495956,-4.3295636,-4.7694445,-2.8123033,-3.0720034,-13.895627,-5.214635,-3.0099201,-6.324596,-6.8724384,-5.206807,-16.756353,-3.214765,-3.354998,1.0938416,-0.9774754,-4.560752,-3.5285623,-2.7385669,-4.0657163,-7.5358624,-4.489855,-7.732904,1.6476563,-5.6959987,-0.8516262,-7.8024316,-7.2425647,3.5148542,-5.8453655,-4.0603848,-7.775564,-7.1442304,-1.141816,1.8029306,-6.5477343,-7.3150487,-8.603098,-2.62973,-11.247028,-9.641844,-4.337166,-9.3265915,-5.3185253,-14.208418,8.137946,3.948785,-5.966475,-4.107586,5.824331,0.5237769,-4.4521217,-0.06683055,0.44864482,-3.360096,-0.6872935,-2.3816519,-8.804723,-2.4508445,-4.956548,-7.3728657,-8.361102,-10.940851,-2.7193544,-2.6770372,-7.062025,-10.014841,-6.524866,-5.896888,-3.6622853,-2.8931386,-4.847281,-4.87998,-3.308623,0.4810659,-0.8972845,-0.09658113,-5.817277,-2.3949323,4.6309996,-7.686141,0.5366811,-4.9473,-3.980065,0.44293916,0.16832717,-2.0302205,-4.761017,-7.870443,-3.17765,-2.124577,-7.737052,-4.109141,0.4472875,-5.191805,-6.7602434,-1.0955906,10.030055,6.4890494,12.59805,-6.373393,-0.48100656,2.9475315,-5.995241,-9.243917,-5.7494392,-2.6984072,-3.5851245,2.4719262,-5.827952,-3.0184739,-4.9888515,3.0665357,-0.28190312,-7.9367766,-6.4291797,-5.535819,-4.9434404,-3.406422,-4.283737,-2.812353,-11.688977,7.1206107,-2.1852553,-2.0262895,-3.529276,-6.3647404,-6.618136,-0.44562584,-6.0004086,-6.126116,-0.8409912,-11.104839,-8.619297,-3.5603068,-3.6139455,-7.9419355,0.9049289,-6.5934577,-3.236603,-4.7331715,-3.5509536,0.79082036,-3.6240618,-2.903759,-0.58633345,-3.1993432,-5.1343904,0.30936465,-2.3266747,-2.177901,-1.0199192,-6.72429,-4.0556984,-1.6955652,0.17665425,3.2236483,-0.8786272,-2.1658933,2.0841968,-0.20646615,-3.5766225,-4.919387,-6.0259337,-3.056192,-9.088516,-9.755707,1.5844302,-2.2761335,-10.887822,-6.3369884,-5.4381623,0.6447818,-4.473546,-10.685671,0.8604526,0.071795404,-0.5068003,-4.232504,-12.282799,-1.8172258,-0.16618015,-8.644416,-4.744467,-9.178346,-13.693455,-4.6617265,-8.08297,-4.0048995,-7.3674855,4.078187,-14.14674,-1.3475311,-5.5754724,2.0341454,-6.2717524,-5.772315,-4.3912177,-1.6223388,-8.5445175,-9.242704,-0.86705005,-4.5040627,-3.6241117,-5.595447,1.4766405,1.4639515,-1.3875717,-3.3469105,0.019834869,-3.048472,-5.359655,-3.0982263,-3.184741,2.1846275,-3.5728962,-9.633543,-11.477341,-4.9514503,-15.716632,-7.4991317,-9.248203,1.1763041,-2.3488646,-4.1973877,4.28035,7.3392253,-3.6964135,14.65875,1.3602773,-1.0652574,-0.7926902,-8.520628,1.9628463,-4.379297,2.3908184,-1.1048868,-1.1339413,-6.3227887,-3.9491234,-9.362812,-8.137335,1.1257063,-5.3597803,-2.0109036
188,-13.215425,3.719723,2.3359847,-11.092229,-9.370994,-8.441107,-10.6802845,-10.604096,-9.623753,-7.891177,-0.37956434,-2.713396,-6.19197,-17.709099,-2.1614306,-12.787459,-14.763123,-12.147204,-3.0149782,-5.9189606,-7.1462703,-9.979749,-8.970671,-9.340583,-0.008955406,-0.3240324,-12.735549,-13.810991,-11.988583,-21.045347,-25.800917,-20.664753,-0.2653939,-9.010276,-2.7145593,-7.06323,-9.404657,-10.248291,-5.6220083,-8.846316,-0.8862889,-2.9559124,1.0483849,0.0451974,-2.155326,-4.4970894,-7.3214192,1.5426512,-1.9424764,-9.93396,-10.6290045,-14.948008,-5.158962,-8.583976,-3.2885797,-8.197667,-11.772706,4.9565735,-0.19138657,-2.7601628,-9.16519,-7.8857083,-6.7454,-4.033865,-15.617808,-9.303383,-7.0207872,-6.3111067,-9.685196,-6.347299,-3.0927794,-4.9657855,-6.992312,-1.1444165,-1.1899301,0.84502244,-2.8512027,-4.3200064,8.553725,-5.1408005,-8.697755,1.7013491,-8.837314,-0.58562404,-14.87818,-4.8084197,-10.772469,-15.413537,3.0009136,-8.910735,-4.217816,-2.2385905,-4.6794815,-4.368342,-0.121165,-2.5185838,-9.0433855,-4.3546467,-13.622734,-13.909875,-10.030938,-1.5486296,-22.719936,-27.696463,-16.045782,-0.9498019,-2.1878536,-0.028512161,1.5016782,-3.9476306,-4.8142133,-5.7627797,-7.853983,5.1422267,-1.8335421,-10.467221,-6.234986,-9.051762,-9.880171,-13.277201,-23.817102,-6.675989,-5.451219,-8.824662,-9.229256,-9.131373,-20.574102,-4.0674257,-3.6804788,1.1044921,-3.1578717,-8.2151375,-4.663643,-7.3020263,-4.466027,-9.216834,-4.8242464,-10.563046,-0.20843202,-8.608581,-4.506655,-9.898562,-6.6988115,2.1842911,-9.0219965,-7.5934105,-9.615424,-7.0539584,-0.10339615,-3.7028816,-12.112146,-15.628469,-14.05559,-6.6432595,-14.791654,-9.019584,-7.3813033,-10.843603,-7.8406262,-25.836626,0.07177574,-9.557642,-11.156999,-5.866732,-6.2168365,-3.2999866,-4.6088324,-4.632021,2.2489142,-10.980165,-2.9816105,-2.8530629,-13.449741,-8.924906,-10.142279,-12.049742,-15.753919,-15.136121,-5.909801,-4.3110046,-11.71833,-14.102846,-10.2356,-10.886816,-6.970567,-6.824902,-8.16496,-7.5713515,-6.7518735,-0.40680724,-2.7297952,-4.448987,-5.9099245,-16.869629,-0.4057456,-10.656525,-0.14412223,-12.706276,-5.9382005,-3.1981287,-1.9209514,-5.4363146,-7.69341,-17.203716,-6.488221,-3.83084,-8.098015,-8.290487,-8.299905,-20.423723,-15.664654,-5.612806,-6.7018914,-7.540912,5.0867457,-4.9756546,3.0853548,4.4322133,-6.8587985,-13.631922,-7.8698673,-3.0207782,-2.1802533,4.6937456,-4.088262,-1.5332266,-6.2527804,2.6004546,0.34139168,-9.045792,-9.095287,-6.3452654,-8.493753,-6.104129,-6.607237,-4.6830378,-8.1277075,11.4050255,-0.6376866,-2.198146,-9.212662,-9.982354,-8.221462,-2.7306533,-13.985115,-3.5389109,-3.1969235,-16.951527,-14.88125,-8.316189,-8.833134,-14.857065,0.5473612,-6.1399946,-4.2071524,-6.906756,-4.9715896,0.36648828,-7.6389136,-5.1485214,-4.7833543,-3.8802881,-6.919088,0.49173242,-5.5024,-4.3037734,-7.108728,-16.997122,0.8909695,-5.780147,0.15655312,-0.25235635,-4.1230774,-4.394855,-0.6054649,1.1263186,-3.9475303,-9.112971,-10.294602,-10.799603,-15.748477,-13.618687,-5.001431,-11.07379,-19.557785,-9.725957,-7.860245,1.142509,-5.5966144,-18.101786,-2.439923,-5.5800757,-4.333262,-3.280741,-10.456968,-0.13782458,-0.22631787,-9.085986,-9.653345,-14.036663,-22.289333,-6.248776,-11.497737,-8.076185,-10.164662,-1.84954,-16.819359,-3.352514,-9.291944,-1.4457344,-8.595068,-11.260712,-7.0300665,-2.0413086,-10.533733,-15.175664,-1.22846,-6.091775,-8.79344,-7.475449,-3.0434294,1.5219184,-2.5613282,-6.4173837,-2.6824064,-4.085831,-11.07316,-4.054068,-5.9786873,-2.3939452,-8.918295,-12.518517,-19.050169,-12.300715,-19.561451,-10.929076,-13.20767,-4.513957,-6.6619105,-12.553927,-7.3735056,4.6960034,-10.377605,4.4613953,-10.580245,-4.330278,-2.8722456,-14.093489,5.5684195,-8.222012,3.6459122,-2.5535033,-5.2771115,-10.654376,-7.998063,-13.872973,-7.805428,-8.268119,-6.291158,-5.145429
189,-15.648366,-5.5468698,-1.7254962,-13.39894,-11.142789,-9.62426,-11.742189,-10.294438,-10.021767,-7.165795,2.8061829,-2.8328154,-10.252489,-22.92238,-5.80941,-14.277747,-15.835466,-12.112452,-11.654555,-9.855656,-6.524796,-12.813294,-12.35015,-13.210567,-0.7969616,-0.11566733,-14.277853,-14.568027,-15.5646715,-27.424837,-27.496637,-13.816103,-17.09908,-24.153326,-10.035394,-4.0317516,-0.5593278,-2.8744245,-5.1519804,-4.640415,-0.9826493,-3.2222483,2.494274,2.1722538,5.891431,0.8644784,-7.24427,0.39837897,-0.90401,-8.823879,-9.407773,-11.620192,-8.349909,-6.56487,-2.813949,-7.2309666,-5.5932326,6.455087,3.220621,0.25752613,-8.862163,-4.783732,-5.123667,-4.2100396,-16.988373,-11.110292,-6.3132396,-8.406569,-7.3955245,-8.128076,-2.745947,-4.439753,-7.855046,1.0595479,1.7689751,2.124602,-4.0709643,-3.0633469,2.2374697,-2.9713953,-5.19956,4.1774564,-8.9845915,0.56517404,-16.81911,-4.503114,-10.781526,-21.437319,-2.5955877,-12.935148,-5.474557,-5.27873,-9.459616,-4.508427,-0.90216064,0.2930784,-9.297212,-6.703784,-14.088863,-15.057994,-11.531545,-1.9884241,-12.633166,-23.691841,-17.526201,-4.128773,-3.6335483,2.6657498,0.34217042,-4.1950707,-4.722138,-4.3691564,-3.3855255,9.967608,-1.0456477,-6.8958755,-6.5330296,-11.95835,-19.461159,-16.559298,-29.489983,-6.5353737,-5.406393,-9.852467,-7.672837,-12.6824,-13.644431,-3.827455,-0.45876235,2.854719,-3.7974563,-8.29073,-4.1594367,-8.0632715,-2.3988876,-8.07094,-2.7433975,-10.28518,-1.809349,-8.923514,-8.72251,-10.141163,-4.9989967,0.44908583,-9.691396,-10.159244,-7.4643483,-2.1967854,2.8163586,-6.668936,-13.103207,-20.021261,-15.835246,-8.245726,-12.124439,-6.716759,-10.254957,-13.85632,-9.886861,-27.951809,-7.1891403,-20.72547,-11.334996,-8.370943,-16.739801,-5.979508,-3.2079372,-8.510529,5.0612345,-16.723246,-4.634316,-1.9187547,-12.1211605,-9.381799,-12.391301,-10.779683,-17.399395,-10.7669,-3.4564211,-2.968519,-14.438306,-14.8591,-12.109141,-13.586137,-8.378273,-8.561881,-7.2036467,-7.484666,-7.304076,-0.62734133,-3.775562,-6.6642246,-8.165001,-25.578724,-4.1913176,-12.989466,-1.6744719,-14.428772,-3.3476949,-6.477385,-4.118239,-6.7266717,-7.291672,-17.111391,-6.990415,-3.4313388,-4.3346815,-9.233564,-10.724758,-26.956858,-21.785938,-5.4205456,-22.2555,-18.442656,-3.4440117,-0.7478709,8.67297,4.878173,-6.419502,-11.371969,-5.5046344,-2.451786,1.8413342,4.8460298,0.9865986,0.84400374,-5.757403,2.697549,1.4945638,-6.658787,-8.862257,-4.8144307,-8.999233,-6.767946,-6.0523257,-3.1618981,1.9037433,13.799239,5.466642,1.1966866,-7.205246,-7.925489,-5.475936,-2.5163107,-16.757828,1.6199691,-2.9106696,-16.909283,-14.351906,-9.732374,-12.078875,-15.392044,0.6680549,-2.831274,-2.964483,-5.974333,-3.9146655,1.6685045,-8.832555,-4.3630476,-7.482251,-4.4225225,-5.938298,1.091385,-6.4273844,-3.4695227,-9.810675,-21.803455,4.9788995,-8.332551,-0.97394633,-2.6862204,-6.729804,-5.1645017,-2.0679939,2.944102,-2.8783028,-10.960352,-9.945794,-13.768267,-16.468504,-13.912759,-9.701293,-13.650091,-19.222271,-10.1477,-6.9345503,3.076915,-4.1731887,-16.088535,-5.133451,-7.821676,-4.765502,-0.5366628,-5.0497046,1.4093084,0.31973973,-7.3641458,-15.56331,-15.349287,-26.203629,-6.622266,-9.310333,-8.243085,-9.136399,-8.303769,-14.094233,-3.7611306,-9.220935,-3.429306,-8.553145,-12.651353,-7.4036765,-1.1183946,-8.621051,-15.972271,-0.32281977,-5.1800704,-10.48759,-5.462492,-5.47673,-1.2515725,-3.2584229,-7.151457,-4.479213,-5.209888,-12.906018,-2.4475453,-5.678048,-4.445089,-11.284322,-14.184654,-21.642279,-15.003309,-19.579065,-10.867542,-12.838246,-10.390976,-10.054136,-14.81005,-13.417014,-0.1335717,-11.475426,-5.294245,-16.990576,-3.8623455,-2.6243212,-14.306601,8.094341,-9.609594,3.013757,-2.701196,-7.1528034,-10.319348,-9.919611,-12.357529,-5.9367223,-13.5200815,-3.341052,-2.8028345
190,-13.285852,-11.8286495,-7.6790075,-12.350827,-9.289992,-7.809655,-7.1238847,-6.2755065,-7.4312377,-3.9810138,6.0855474,-0.44494858,-14.360764,-17.76975,-5.031003,-13.09436,-11.78123,-6.637028,-17.515388,-10.887784,-3.4506712,-13.265121,-11.949697,-7.4776554,0.9710548,2.055674,-7.943805,-10.396837,-10.850595,-20.712065,-19.308043,-0.12248804,-24.78729,-28.271563,-10.619036,2.7581513,10.231896,5.27811,-2.698734,1.2877076,0.17773037,-3.0728471,4.0967383,5.2435017,13.215499,6.4136415,-4.7806764,-0.15123394,0.2358064,-3.0915627,-6.502224,-6.21646,-8.846743,-3.1635656,-1.3605229,-3.2987506,2.2926264,9.97385,7.970181,4.632786,-3.2549434,-0.26092786,-0.26725116,-0.6441674,-12.037008,-10.249796,-1.731869,-6.415278,-0.7483426,-7.2067847,0.32832545,-3.4099793,-5.8954563,4.8946304,5.176979,4.225556,-3.4394884,-0.4641544,-1.3542163,-1.9463048,1.0123351,5.2454834,-6.22311,2.9981916,-12.303894,-1.0966876,-6.193902,-20.762247,-7.0031123,-12.868525,-4.8720922,-5.928423,-10.585867,-2.5904465,1.3672134,3.262061,-5.4759083,-5.822253,-8.628839,-10.008428,-6.975812,-3.8959045,1.4707156,-10.656096,-12.718897,-4.489199,-2.2513635,6.197583,2.2784736,-3.4572263,-2.3265798,0.53205216,3.684866,12.905776,-3.243856,-0.786615,-3.9128697,-9.632095,-26.293182,-11.249828,-25.531672,-4.5807934,-3.2670121,-8.02016,-3.1441221,-13.580669,-1.1383601,-1.8338434,4.6201477,5.4828434,-2.5607445,-4.6507287,-2.003916,-4.4231505,1.1139966,-4.3306274,0.60642266,-6.2611327,-2.2116225,-5.903737,-11.137124,-7.2245913,-2.498962,0.9042659,-6.9049554,-9.925756,-2.9229233,4.486664,6.5795937,-5.74794,-9.169299,-17.280228,-11.646053,-6.022915,-4.809857,-3.0065842,-10.210353,-15.689115,-9.566125,-19.151781,-9.1154175,-20.801783,-5.762684,-10.881593,-20.415634,-6.50019,0.100202024,-8.974441,7.565216,-17.991472,-4.6287546,-0.27395716,-4.0966544,-3.9337678,-10.231141,-3.855601,-13.801626,-0.76316583,2.7187011,-0.049347028,-12.301295,-12.483223,-10.610354,-11.056963,-6.2114973,-6.0145664,-2.387403,-4.6479526,-5.0251846,0.012110619,-3.4975574,-5.389144,-9.898115,-22.888008,-4.7396684,-12.508517,-2.650104,-8.467746,1.9545941,-7.4292464,-4.646255,-5.119531,-3.8344507,-7.710538,-4.8551264,-1.2029326,1.3924346,-6.1603374,-4.5271297,-21.12766,-20.270435,0.6593818,-27.773743,-19.466818,-6.8831987,4.371835,14.390112,4.792716,-4.2469535,-2.2728934,0.048821207,-0.7115781,5.2313457,4.0370646,6.949931,3.3892267,-3.2772167,4.5232472,2.548429,-1.4979005,-5.764921,-1.911216,-5.229228,-4.5382867,-2.9277053,0.6556782,11.969146,12.49462,11.338321,5.939403,0.95889884,-0.62353724,0.17650868,0.24093948,-12.019859,5.7548175,0.13878426,-10.933411,-6.962887,-6.6560426,-11.9213,-8.696615,1.6909845,1.3064338,-0.25768274,-2.7269855,-0.85525006,4.4780927,-6.266521,-0.9383065,-7.2145667,-4.714227,-3.0999758,2.635554,-5.4554043,0.22506724,-7.9916077,-18.095243,6.201776,-8.187837,-1.9929274,-2.4969893,-6.7256885,-4.242063,0.013271722,4.819134,-0.49425688,-8.470981,-5.0191674,-10.370169,-10.851439,-10.993933,-9.157296,-7.452488,-11.260469,-6.970381,-3.4733057,6.7735972,-1.3081205,-5.6783633,-5.0401096,-4.9980774,-1.0048629,2.2853103,0.22920191,2.0928183,1.9116032,-5.114085,-17.421717,-11.450778,-22.033348,-5.2329917,-3.879185,-5.084916,-5.0257173,-11.391182,-6.232872,-1.7518317,-6.213646,-2.1442318,-5.666389,-9.158972,-4.966741,0.7825095,-4.487466,-9.940679,1.7711483,-1.9152504,-7.7102804,-1.7800652,-4.0991783,-3.6687787,-2.1734576,-4.436522,-3.4634106,-5.743393,-8.958056,0.6107899,-1.9992708,-2.1308668,-9.552814,-13.1223,-16.412233,-10.790554,-14.27747,-7.30724,-8.021936,-12.224701,-9.514743,-10.002805,-9.814642,-2.9398828,-5.9804807,-9.969098,-14.43166,-0.31759822,1.0083462,-11.107709,9.548302,-8.745208,1.8528978,-1.7523488,-7.4160004,-6.261678,-8.593409,-4.831302,-3.7550719,-9.205455,2.5068676,3.7148917
191,-6.7168846,-10.60005,-10.668968,-7.668907,-4.284431,-3.6297166,-0.6079935,-1.9723368,-3.7241464,-0.31012878,7.276549,2.300945,-14.748487,-4.330115,-0.26222366,-9.658085,-5.835058,0.8231178,-16.996967,-7.9080586,0.6644431,-7.5312414,-7.1466403,3.4214382,4.3997645,4.4502754,2.36858,-4.9105616,0.24484049,-5.733638,-5.8446097,11.587801,-18.498703,-18.357141,-4.3409724,9.868182,17.297266,10.116972,-0.018801136,5.318125,1.598834,-2.7551208,3.875437,7.6582627,15.459494,8.225628,-1.6971433,-0.09084842,0.8753059,3.7295544,-3.7594209,-2.236101,-6.7818966,-0.68493533,-0.30292633,0.31140018,6.160008,11.974276,9.78426,7.1076474,4.057401,2.9171307,5.3348618,5.180454,-2.9976783,-7.237622,3.813733,-1.7310274,6.177735,-4.0445094,3.704626,-1.9296932,-1.3423488,8.090003,6.720346,5.754859,-1.8124739,1.6315641,0.97380733,-1.4622084,6.8638067,4.7828035,-1.7425662,5.474803,-4.2849035,2.5084481,0.7093284,-13.908948,-7.403728,-8.964588,-3.0589468,-4.948226,-8.324215,0.36830863,4.2172933,4.7752876,0.38913885,-1.6609145,-1.422886,-2.249706,-0.16327597,-6.3792906,6.94688,3.0098722,-5.9108424,-3.1846735,0.19136088,7.55963,5.1835003,-3.3286152,0.54629564,5.8295455,8.723176,8.607243,-8.604208,3.2065268,0.6295892,-1.9261534,-26.69363,-2.4404216,-14.144567,-0.9654987,-0.3461971,-4.2949033,1.9651939,-11.603318,8.088739,1.9793655,8.879583,7.8402433,0.024957104,0.6480118,0.9707468,1.4129868,3.8646507,-0.22911185,3.0374966,-0.8896627,-1.786733,-0.55658394,-10.044105,-2.3786714,-0.28907877,3.9066277,-1.745665,-7.0857906,0.37951338,7.5845847,9.46917,-1.0422454,-2.325436,-8.821478,-3.925417,-1.0439292,2.1331835,0.70980734,-6.6028323,-14.222728,-6.6813974,-6.02857,-4.6585712,-8.803534,2.3364172,-12.021334,-15.103345,-5.146427,2.8772466,-5.570048,8.037937,-14.369374,-2.8554993,1.3925353,5.5725155,2.5352187,-5.57341,5.8860087,-7.669832,7.160604,7.4736896,1.5833336,-6.5345597,-8.4658785,-6.5223937,-4.5841646,-1.6932985,-0.88117296,3.2519374,-1.2301635,-2.2380288,0.6248629,-2.5946665,-2.2447855,-8.963849,-9.559114,-1.1867073,-9.54814,-2.5120316,1.4383874,5.522631,-5.648542,-3.0638404,-1.9176124,0.05832281,4.212357,-1.5874023,1.2679318,6.37415,-0.78632426,6.782473,-6.115891,-11.289018,8.306937,-20.54235,-10.282368,-3.427845,7.6068473,17.373737,3.996266,-1.171975,7.985951,4.631181,1.3256304,4.6619225,3.630617,10.295296,5.529589,-0.28035966,6.9667544,2.623947,3.8078287,-2.173452,-0.36390013,0.38090885,-0.76716757,0.16656281,3.3906553,14.061859,6.4534826,11.630924,8.6708975,9.870398,7.717909,5.814661,4.3321056,-2.0322523,6.110913,4.2506433,-2.37086,3.3385952,-0.24277556,-8.366908,1.9775525,3.1593637,3.8745437,2.0563972,0.86597747,2.7079072,6.237471,-1.4693848,2.279524,-4.3730626,-4.3678064,-0.58783484,4.4168196,-3.5412884,4.402945,-3.3000648,-7.856805,4.866102,-5.7981086,-1.5722963,0.03490774,-3.9452536,-2.3083477,4.8574786,5.550273,2.2129915,-1.5951825,0.03742864,-3.9090464,-2.698724,-7.3261547,-3.672147,2.448664,-1.5612248,-2.919565,-1.0445476,9.568648,0.84775287,5.6541247,-1.8765019,1.2119797,4.179558,2.6261294,1.9556953,1.2750744,4.1389627,-3.3346906,-13.705618,-4.011784,-12.079393,-2.29325,1.0861715,-1.389768,0.14561205,-9.660448,3.646299,2.2653165,-2.564054,1.6874582,-0.8054141,-2.493594,-0.9430236,2.398006,-0.7173716,-0.8164012,3.754325,1.5951705,-2.6824558,1.0121936,0.21878742,-3.4014287,0.9018611,-0.042181328,0.0898792,-5.4350758,-2.5640407,2.7141714,3.2219083,3.9024167,-4.583375,-9.650736,-6.6140604,-2.4855814,-4.7292886,-2.4163668,-2.1603255,-8.713076,-5.122281,-2.0856845,1.1708369,-0.52654016,2.3459852,-6.870709,-4.2087393,3.0809824,5.0134864,-8.470993,8.99304,-6.319061,0.96130353,-0.6252341,-9.324156,-2.146751,-5.156866,4.9098606,-2.303206,-1.4945109,7.5862584,9.065931
192,0.27660742,-2.790314,-8.669938,-1.8980674,0.8792666,0.30134028,2.8061585,-0.71964055,-1.6288874,1.880709,5.1888723,3.1173127,-10.806172,9.356987,5.266137,-5.901453,-1.489307,5.491066,-10.987521,-2.9054875,3.4203968,3.9821455,-1.0373496,10.055894,6.799775,5.211887,10.790406,-1.8195472,13.03798,8.877472,5.560121,13.694158,-3.0247111,-2.1516216,3.751288,13.350602,16.864717,9.814384,0.9701798,4.640158,0.5839602,-2.1923084,0.4866003,7.552381,11.657153,5.1221256,-0.19934018,-0.06469187,0.3011383,6.835845,-2.7401223,-1.673544,-4.1802793,-0.62824255,-0.9008613,0.6660711,2.755972,8.76762,5.7687407,5.594989,8.486986,2.8209107,8.191237,10.218034,5.3481092,-3.8712034,6.9366007,2.7076552,9.415469,-0.0791642,5.315993,-0.08706749,3.745512,8.772627,5.779915,6.1043353,-0.46429038,1.3019156,7.6778626,-0.22442557,10.286379,3.143295,2.4082825,6.0970435,1.9707654,3.7117581,7.0329432,-4.8799844,-3.9912274,-3.448167,-1.0900686,-3.8591156,-5.050978,2.5363545,4.5418057,4.347898,5.2713733,3.7100608,1.3098334,2.5702593,3.5904124,-8.736682,-0.955173,8.511975,-3.1001582,-2.8310342,1.0086356,4.646924,5.6320434,-5.0375657,1.811615,8.612936,8.203129,-3.2552195,-15.276663,1.8384923,4.1757016,6.5879774,-21.114574,2.476228,-3.1450126,3.4149992,1.7994739,-1.7366893,5.415603,-8.5404215,8.489502,6.5835214,10.220684,9.263175,2.66222,4.65352,3.5611594,5.9670024,4.27442,1.6244766,3.3587224,2.515876,-1.3440621,4.9986033,-5.55183,1.6571307,0.8159992,6.713208,3.3054564,-3.5141907,-0.028520126,3.9940004,9.966492,5.871975,3.9920304,0.34795085,2.3233373,3.7684867,4.223119,3.024954,-1.3456448,-9.599313,-3.1223285,2.2945423,2.7307742,6.7081356,8.171737,-10.83377,-4.13623,-3.143928,2.0318,-0.9825886,5.7954473,-7.945249,-0.55677056,2.7546291,9.875535,4.9245815,-2.1907864,14.193217,-2.0408022,7.313398,6.4449334,-0.08556388,-1.3136824,-4.6837196,-2.1182063,1.5579807,2.2293303,2.9054482,6.585879,0.3518115,-1.3486722,0.19157927,-2.3666577,-0.07009354,-5.467827,6.1683793,4.7512155,-6.428656,-1.7813207,9.11077,4.253409,-2.4679422,-0.6700617,0.6053358,1.8884146,10.596179,1.2148887,2.1368394,8.840105,3.991586,16.272919,9.83875,-0.40311986,10.7893505,-6.584314,2.5011213,3.0935621,7.444398,15.690407,1.8431423,1.34428,12.198587,4.5133843,2.142955,-0.49330652,3.7755718,9.237839,6.924001,1.2687445,7.704735,1.1887611,6.732085,-0.6386045,-1.9160981,3.7116494,2.0390832,0.33701506,2.5909243,5.561605,-3.3276558,4.846886,7.0940228,13.862214,11.585263,8.524647,7.5513043,7.4253983,2.7004,6.9665313,3.8894706,10.700404,6.1791844,-3.3023334,11.039588,3.9599476,3.76812,2.457058,2.8361464,4.9098377,4.3849573,2.7111542,2.4945338,-0.7511318,-3.0999358,-0.23804942,4.831214,-1.9011315,5.998508,0.9383431,2.841643,2.9544556,-2.59836,0.092257895,2.4033482,-0.55238134,-0.45321512,8.800367,4.1419516,3.8967156,6.5849276,0.10327848,0.2485672,2.471386,-5.49665,2.4151635,7.6724515,3.6462297,-1.7787358,-2.5706594,8.007809,0.8940024,9.8110895,2.075633,6.73972,6.5641017,-0.68793255,-0.4897796,-1.006554,5.8633456,-1.903443,-8.21498,2.970651,-2.3960114,0.90757746,3.187211,0.072690226,4.2778177,-4.489982,10.634906,6.6112266,-0.26801044,5.19702,3.8534224,3.9476368,2.4055648,2.592371,1.0672841,5.200033,4.398358,3.1029468,0.99329233,2.2516866,4.719027,-1.115833,4.698092,2.5215073,3.7436306,-4.4634857,0.39183378,2.2186852,6.9950438,10.69167,1.0531282,-5.49519,1.1225035,4.378495,5.203723,1.287269,0.7117279,-2.3749604,0.2688141,3.815801,12.193359,5.868626,8.11708,1.5531532,7.7549953,3.5193388,5.046001,-8.544384,5.135784,-3.2759328,0.071564026,-0.06456108,-14.780578,-1.5916296,-1.9422001,11.792835,-1.9886776,-1.6163877,7.6814065,7.641188
193,3.93175,6.4328218,-3.9532866,1.9246465,3.2845454,1.7047787,1.2002782,-2.7343838,-2.231524,1.924336,0.8062861,1.3719418,-5.127361,15.2002735,7.851723,-3.2347345,0.36596572,5.043521,-3.5697076,0.8910711,3.3566647,15.935694,2.118943,6.2954354,6.100888,3.6158416,13.722342,-1.7832903,22.082842,16.48518,10.408156,5.6413784,10.960616,8.251033,7.773205,11.893959,9.935409,5.801353,-0.114281975,0.0060635614,-4.1403413,-1.0933434,-5.124968,4.4913864,4.9660444,-0.0715436,-0.9868254,-0.40228564,-1.4780322,4.1904593,-3.238755,-3.125731,-3.028442,-2.34963,-2.9145994,-2.0964172,-5.4317026,0.38267228,-2.8124597,0.7479448,7.6332564,-0.42446065,6.218246,11.72015,8.5802555,-2.2457747,5.9779277,4.540548,7.750891,2.8221908,4.8652534,1.534112,6.352094,6.59876,3.5775828,5.488331,-0.3208509,-1.54225,13.080449,1.7062067,10.512191,1.0543342,4.1441274,3.7591963,2.438917,1.8619268,10.65921,1.5635687,-0.055033382,0.83177567,0.03028091,-3.455646,-3.258063,2.677137,1.4120765,2.8259246,6.9398193,7.50502,-2.902574,1.4195966,1.986006,-10.328609,-14.812993,3.4537578,-6.6310687,-4.5873475,-1.046114,-1.8594818,2.1122649,-8.043583,0.3556433,7.64009,2.5897439,-16.722979,-19.833212,-3.4477036,4.1042976,10.256109,-12.9865465,0.26337484,1.0417409,7.021159,2.2197757,-2.5317361,6.312068,-6.228739,1.5869329,10.0205345,7.951269,9.585357,3.9400644,5.480797,4.898365,6.9382415,2.6409547,0.4575332,2.4310186,2.6612945,-1.1375213,8.772656,0.29262105,3.015882,1.1881396,5.6026344,5.9893513,-1.0456443,-3.1476183,-3.8108053,7.6068277,12.449101,6.7401156,5.2915683,3.851985,5.579046,1.2626468,3.59966,2.6112118,-3.7641869,-1.2130631,1.6555992,7.7039165,14.347989,8.752324,-7.5017934,5.449165,-1.7173772,-2.6314533,0.9144346,1.7833102,-1.9683547,0.40303537,3.6693354,6.0181894,2.3833792,-2.287648,17.383032,1.1708293,0.97972506,-0.48457223,-4.527464,0.14348768,-2.4741232,0.5695174,3.8537712,3.4130673,2.788025,6.533036,-0.57332224,-2.7348795,-1.3634269,-3.5698774,-0.4400253,-1.4323757,13.839964,9.360602,-4.954133,-1.355135,10.546182,-0.9679576,0.089053586,0.62569624,0.9381232,1.2856234,8.379543,2.6983333,0.58497113,8.501264,6.044842,18.648483,18.722958,5.973735,4.617064,4.039027,10.184575,6.881539,4.6747184,9.890859,-1.5795692,2.3667119,7.792865,-0.21951671,0.9543126,-7.595249,3.4116147,5.151927,7.418249,0.46693337,5.494866,-1.3687177,6.5728793,-1.613241,-5.2574763,2.4890215,2.2840712,-2.8892212,-1.1063501,-7.7939324,-13.30008,-5.3940783,1.4900978,10.403215,8.170479,6.8530307,7.780621,10.955874,-1.8492777,6.7825274,4.791331,11.082932,8.959902,0.6016139,14.033914,3.2329113,1.541148,0.68727344,2.2757733,4.58459,-1.0820075,4.0321875,-0.57170856,1.7253466,-1.157994,-2.0570471,2.8687143,-1.6363854,3.5702734,2.052818,8.021388,2.137058,0.02424303,1.3051463,1.7406565,0.6933154,0.5637255,8.376396,0.97374904,3.7868776,11.516718,-5.643792,-0.7101282,1.5797634,-6.0353985,4.0613976,4.184102,1.9675196,-4.724012,-7.238249,1.1388834,-0.81331897,4.581345,3.4270468,7.954124,3.8971174,-6.3200755,-4.707825,-3.7433982,5.904199,-0.22745858,-5.8441014,6.109088,2.0569255,2.7181,2.4050457,-1.2832235,6.0037565,1.390444,11.040483,9.082978,0.07461487,5.6404033,6.0202785,7.0214,3.4192085,1.3694288,1.0721276,4.8573275,3.6971602,2.1382313,1.1584059,3.0032113,6.971077,0.57624674,7.4189034,0.9720811,4.880172,-3.1169286,-2.8675988,-0.4180493,7.122398,14.831457,4.593743,-2.4472747,2.3687887,5.8908486,10.988155,2.6649497,-0.7028072,2.6004646,3.5714574,5.344542,16.181774,10.989868,8.4207115,8.448744,14.325681,1.0303136,-0.12262342,-9.872678,-2.032694,-0.7798496,-1.2956789,-0.06695831,-21.289812,-4.8839874,-0.46689162,13.093453,-2.4969058,-12.523955,1.3110363,-1.605057
194,3.5212803,11.482533,-0.7535089,2.8138077,2.488806,0.60179555,-2.9857183,-5.134413,-4.0415983,0.62614596,-3.1671734,-1.6718726,-0.9670808,11.213651,6.1543,-1.4364531,1.4947982,1.2656496,1.2803063,1.7500479,1.051362,21.740604,0.584451,-4.9843917,2.7430556,0.42381012,11.951633,-2.48017,23.794043,16.330154,9.978598,-5.7453747,15.317305,6.618935,5.757283,7.608292,1.6569133,1.38251,-1.8973871,-4.49151,-10.448322,0.38272446,-9.940165,0.12145224,0.104816474,-2.8944712,-2.6548111,-0.67392695,-3.3778353,-1.6219386,-3.3848991,-2.9191563,-3.6073549,-3.544162,-4.602054,-4.83918,-11.614011,-8.820546,-10.988532,-4.592956,2.6797936,-4.729234,0.47221857,9.071383,5.7823553,-3.1363966,1.9473011,3.5183592,3.288486,3.3986993,3.5499935,2.2410324,4.7931128,2.8645205,1.7722577,4.2846956,-1.417951,-4.7522316,11.869762,2.7286062,7.7631764,-0.50990164,2.5774071,-0.7698629,-2.7066023,-1.636915,10.973716,3.3260243,0.8352541,2.2745569,-0.1279941,-3.1924388,-3.5723948,1.1808487,-3.2105694,1.5321378,5.159173,8.223858,-9.795657,-3.460794,-2.617846,-10.334773,-21.86644,-6.358355,-12.747536,-6.876714,-4.5874333,-8.693794,-3.5955942,-10.10936,-3.2608845,3.6545188,-3.900371,-23.752378,-19.235441,-7.3375525,0.290182,7.3509574,-5.596288,-5.674573,-1.2462397,8.530553,1.0981333,-5.430865,5.2200723,-4.74369,-6.0951896,10.448951,2.8084464,8.674891,3.2542114,3.4425242,4.9049773,4.6352286,0.7485047,-1.863789,2.1749449,1.2387301,-0.8602792,9.908051,4.5966353,2.180784,2.1013567,-0.76495194,5.6347027,-0.05131224,-5.213792,-9.385429,3.3324366,16.212915,5.001077,4.5180187,1.6749623,3.7204812,-2.4746072,3.1136699,3.4213326,1.2301832,-1.5533785,-4.1516294,7.135529,9.346856,4.7176385,-3.1383562,8.001629,-1.2364566,-7.30039,-1.6866223,-2.1922624,1.1813701,-0.9558379,3.9169705,-1.8091961,-1.3406866,-4.501206,14.365804,1.5656942,-5.106523,-9.016307,-9.014147,-1.6419679,-2.1132665,0.93536663,2.2901073,2.113975,-0.18820234,4.2861624,-2.601148,-4.642187,-3.0277798,-5.7119308,-2.675423,1.0120052,8.9075365,9.71268,-4.641092,-1.6508129,6.4647365,-6.193449,0.72597206,-0.0590242,-0.68857276,-0.1776073,1.316718,2.7760618,-2.6066797,6.287278,5.1093698,13.948931,17.82323,5.8639717,-7.1698265,5.4423857,8.4602,5.1526113,1.5753472,2.8665311,-4.7990746,2.098268,-0.98063654,-5.5247774,-1.3454051,-12.756672,1.6446085,1.4161748,7.068154,-1.8710749,1.3808335,-3.723573,4.62041,-3.1918926,-6.8583455,-1.8751394,0.49793518,-6.769586,-4.712265,-16.054905,-18.894083,-13.157745,-5.357653,1.2802167,-0.33830118,1.6423978,4.400774,7.372442,-4.3461127,4.134805,1.3261054,5.030419,6.624084,1.8081837,10.450425,1.1547704,-1.4113287,-2.3347936,-0.25266543,2.0252762,-7.183924,2.2366953,-4.4946494,2.0588658,0.6583332,-4.1828976,-0.6867815,-3.1144242,-1.5130523,-0.09819415,6.0690856,2.3938267,1.4297404,0.53400934,-2.5543032,-1.0968412,0.71968,3.4688213,-2.143024,2.2131674,10.664186,-12.321767,-4.821205,-3.4952257,-7.0118275,-0.28985518,-4.062044,-3.9108233,-8.869647,-10.863667,-8.176219,-2.640264,-4.8143435,0.3475583,4.269416,-2.2959814,-11.395689,-7.2662416,-5.31411,3.7890954,1.8454192,-7.169233,4.974985,0.89023054,2.4613092,0.26555344,-3.572386,5.0192404,5.6706038,5.3061,8.228732,-0.95878834,2.649645,4.9411626,5.6849356,2.2874913,-0.08756133,0.6805251,0.62584335,2.75284,0.29300997,-1.513462,4.0559106,6.5489945,0.1043919,8.122281,-3.5631754,2.9403987,-1.5665135,-8.870903,-3.1584992,3.723801,14.68083,4.845566,-1.2838069,-1.6199018,2.4678032,10.491539,2.2740505,-4.0663867,3.5968413,3.8064618,3.8370194,11.634991,9.812159,4.561054,7.7392793,12.078446,-1.7903696,-6.9152603,-9.177589,-10.202169,0.13758123,-2.7568088,-0.12379843,-23.327707,-8.379601,-0.37246832,10.093876,-3.0037289,-23.729418,-8.481405,-13.551112
195,1.5212672,9.936488,-1.3436918,2.2699807,0.5966409,-0.90387803,-5.457312,-4.8397665,-4.489839,-0.589501,-4.2236924,-4.146619,0.31995592,2.4934833,2.0671675,0.56795895,3.8846316,-1.7301077,2.2670646,0.58934236,-1.4286996,18.673883,-3.4143343,-14.344641,-0.6587764,-2.7370548,9.250058,-1.4123752,18.250145,12.713398,9.076285,-11.939658,10.313557,-2.674903,0.5497683,3.9023955,-2.5659654,-0.9160498,-2.5946765,-4.788554,-14.284711,1.3502457,-10.996793,-3.0216677,-0.36418378,-1.1829737,-2.961813,-0.21333857,-3.9057343,-5.541426,-1.3185279,1.6426091,-4.548162,-2.208159,-4.256291,-4.253011,-10.1055975,-13.675773,-13.644189,-7.5408435,-2.9407854,-7.464994,-5.4311724,4.1940255,0.12315406,-5.2679834,-2.4636617,1.2404679,-0.40937024,1.866568,2.6933398,2.0097136,0.4335376,-0.37152833,1.0559194,2.5934799,-2.9589097,-5.5833554,3.690339,1.6369932,3.0671275,-0.7281018,-1.1790729,-5.18256,-9.213235,-4.5363145,8.754422,2.1664855,-1.9794755,1.4635568,-1.1642538,-2.082427,-4.6011143,-0.2697698,-6.3126254,1.1928715,1.5600405,6.4556966,-11.556458,-6.5579495,-5.7652636,-8.0238495,-15.415003,-11.668757,-14.5713005,-7.059519,-6.6704826,-12.217698,-7.9946523,-9.171066,-7.071714,-1.2474579,-6.51612,-20.371181,-13.042445,-5.1775937,-4.6995063,1.4923757,-0.2999924,-9.020627,-4.045631,7.771655,-0.47561932,-6.591472,3.3951793,-2.6236012,-8.604874,7.440192,-3.4121675,6.2253113,1.2580264,0.4987173,4.1476765,1.3186499,0.26150268,-2.3697476,3.494321,1.0627934,-0.3757658,8.871241,5.3855557,1.2001508,4.3496747,-9.801607,3.2999887,0.4690554,-2.9626355,-7.768417,-0.9907698,15.9079895,0.46471465,0.5009426,-0.31158447,0.3967082,-2.002114,2.3508976,1.5069124,4.3976674,-2.477003,-7.2582736,2.2554653,-2.895337,-0.5089511,1.0643792,3.407832,-1.043629,-7.202712,-6.904132,-4.817178,1.2076632,-3.7847574,3.2871337,-5.946728,-1.6643698,-5.360868,7.310189,-0.12069064,-5.1307745,-13.632304,-10.731436,-3.2918024,-2.8436518,-0.22331767,-0.19147246,0.40884545,-2.5432248,1.9109724,-3.7059994,-5.0132546,-3.5847602,-7.3326564,-4.815527,1.2269888,-3.3653963,6.1680284,-3.4906025,-2.3139732,1.046302,-7.765928,-0.35797393,-1.8728206,-2.664524,-0.7946412,-3.9049075,1.7865341,-5.555292,3.7011704,2.4988656,6.88456,10.8350725,2.7705252,-17.114662,0.3470456,0.22584556,-0.14107603,0.04542294,-2.193638,-5.9074273,1.4732748,-6.9724817,-6.964753,-2.747796,-13.543601,-1.0507909,0.656437,6.095713,-3.8705735,-2.3227708,-4.415285,2.8516793,-3.0261126,-4.1329465,-5.650066,-1.3220427,-7.562087,-5.5349207,-13.107357,-17.631336,-14.574073,-9.767565,-8.836626,-8.35223,-4.2584314,-1.153985,0.25747475,-3.411554,0.8515705,-2.4944925,-2.763835,1.043305,0.94491696,3.7578857,-1.1494478,-3.7858036,-5.1867204,-3.1057713,-1.2542359,-10.097165,-0.9109338,-6.3033566,0.45099533,1.4674642,-4.4433794,-3.6657898,-5.4759393,-6.0423913,-3.1410112,0.5972441,2.4476311,1.8173041,-2.0513973,-7.9648604,-4.1129956,0.5208831,-2.553083,-3.3294601,0.24980977,5.587605,-13.264078,-7.441842,-7.3423734,-5.8175125,-7.390546,-8.994823,-8.611546,-9.649947,-9.566865,-15.114587,-3.038513,-10.5187235,-5.722772,-1.5928352,-8.0122595,-13.553774,-6.15653,-4.4368124,0.062759124,3.702474,-8.060423,1.9136235,-2.3006146,1.0893394,-1.6841166,-4.214669,2.1569724,7.2679124,-1.9328914,4.3668046,-2.507263,-1.5464733,2.0650008,1.4859548,0.78011215,-0.45235473,1.0305883,-1.8634822,2.5808206,-0.34224573,-4.502236,4.6094584,4.765415,-1.4286419,7.17652,-7.2669096,-0.12312675,0.086280264,-10.70892,-4.165517,-0.8920405,11.208605,2.7863655,-1.5631263,-5.404248,-1.9772811,5.4771996,1.403001,-5.631786,1.2430041,2.3354943,2.1647491,3.3810203,1.8706081,0.4406151,-0.6557757,3.7918437,-2.35282,-9.879156,-4.7413125,-15.663204,-0.73133177,-3.1360214,0.0811484,-17.20814,-7.6176224,-0.21342064,6.3743935,-2.621191,-21.169205,-15.749422,-20.452288
196,1.0535014,3.6892214,-4.105519,2.4929113,0.16649477,-0.6869074,-3.748614,-1.4613,-2.3506594,-0.7342296,-1.9646344,-5.042558,-0.181586,-3.7661662,-1.2482979,3.1929715,7.45169,-1.0616854,1.0426952,-0.2345432,-2.0843034,9.976382,-5.699776,-14.203098,-1.5152593,-4.431111,8.854607,1.6394247,8.820216,10.436268,10.790859,-9.615961,3.014384,-9.5461855,-3.5798323,2.544921,-1.2406442,-1.1667529,-1.5689284,-0.43335766,-13.167244,0.8962241,-7.678811,-3.5817142,2.1527107,3.0203238,-0.81528413,0.9782076,-2.4014566,-4.3611226,3.0350854,9.721144,-4.3376045,1.5973337,-1.8630701,0.11263047,-1.1900604,-12.592874,-9.396751,-7.1035914,-6.358905,-7.271363,-7.988704,0.018889787,-3.9890058,-6.3639975,-5.001887,-0.5199515,-1.113366,-0.22000773,2.6631079,1.5804977,-3.1376438,-1.5819687,0.976681,0.45692816,-3.9440427,-3.0110328,-6.4073086,-0.59038115,-1.9056896,0.46302515,-4.560688,-7.277494,-12.086256,-5.269561,5.379319,1.5347204,-5.773412,0.32579178,-2.1571362,-0.11078758,-4.6478786,-0.19297695,-6.3821554,1.540865,-1.6534187,3.8026712,-3.7821293,-4.0055404,-5.0115623,-3.4724054,-0.28261524,-7.141054,-8.037456,-4.330602,-5.2778845,-10.922642,-8.782256,-5.4274035,-8.908847,-4.79024,-3.4848456,-9.605068,-3.9780536,2.7484357,-7.635371,-2.0262332,2.7374883,-6.773322,-1.9267343,5.7509885,-1.405582,-3.281202,1.8306439,1.1608821,-4.8781724,2.4529526,-8.443086,2.1414802,-0.6480665,-1.4425868,3.2116725,-0.8512697,1.3725917,0.34479883,5.1888895,3.2386093,-0.06376334,6.859062,2.9445963,1.502185,7.1126595,-16.749155,0.7493656,1.6140952,3.3238363,0.011437431,-3.7395666,12.014611,-3.8392887,-2.7876875,0.95513636,-0.7946804,3.8394904,1.5925552,-0.92340887,5.787406,-1.6880081,-2.7227006,-2.9218748,-12.307148,-3.3456345,4.491166,-3.486826,-0.10900853,-1.230234,-10.745609,-5.967954,-0.4705286,-6.0196757,1.8918728,-2.0075352,2.6472638,-2.776355,0.116577715,-2.6258285,0.75578666,-11.591257,-8.925109,-1.9815161,-3.3877707,-1.5281765,-0.62696576,0.21705924,-1.6588371,0.75206786,-2.984947,-3.3708153,-2.6264765,-7.0042233,-5.2242613,0.26455787,-12.273133,1.9254364,-0.3625297,-2.5567868,-1.6702467,-4.9483094,-1.7878387,-3.0076194,-3.2395747,-0.1709394,-3.472201,0.32944956,-6.443728,2.0136092,0.0027721846,2.4842288,4.3139925,1.6499529,-19.145287,-3.259082,-7.5422506,-4.924607,0.28939325,-4.2881618,-4.361833,1.232865,-6.457177,-3.7658608,-1.9004927,-10.139742,-3.1076438,2.717836,4.6209664,-3.9309204,-4.1085234,-3.013536,2.3382285,-0.51556367,1.9947058,-5.880488,-1.5279926,-3.9450836,-3.1778746,-1.6419133,-11.32065,-10.233035,-9.336501,-15.355763,-11.2305765,-7.537752,-6.397808,-5.2872443,-0.38099274,-1.4001642,-3.2033565,-7.027326,-3.8788462,-0.043081407,-1.4026636,-2.494727,-4.674865,-6.552854,-4.5090785,-3.6736786,-7.9838305,-2.8151186,-4.896498,-2.0536647,0.90890986,-2.2438123,-4.3009863,-6.982051,-7.3613667,-4.101223,-2.8537934,1.3393959,1.8837467,-4.730892,-10.826854,-5.5168796,0.42463616,-5.903631,-2.2525492,-1.154715,0.46549264,-5.9761004,-5.559693,-5.4420433,-1.5203933,-11.825781,-5.93741,-8.127942,-4.97948,-3.3361433,-16.251003,-1.6297189,-8.835455,-10.895408,-5.933912,-9.926641,-12.208476,-1.9428964,-1.1392971,-3.952381,4.3753805,-4.796481,-0.2727998,-3.5513208,0.33641642,-2.7457998,-2.174964,-0.8353619,6.1393847,-5.318538,-0.4661499,-3.940781,-4.1088133,-0.08062709,-2.6608958,0.62454945,0.54934317,2.0985315,0.7474129,3.0740657,0.8923993,-5.5974293,3.224427,3.0300834,-1.7317343,5.4395514,-6.7232265,-1.6096588,1.686597,-4.494939,-3.168676,-3.9699569,6.907443,0.490413,-2.0980444,-4.2350264,-3.3490596,0.15958926,0.9615291,-3.4571638,-1.5911981,1.2277273,2.0134091,-1.8494067,-8.313295,-0.64786583,-10.7618685,-4.0598774,-0.4248636,-6.531717,1.8901229,-15.773522,-2.4228375,-1.7212161,0.3139262,-4.8430758,-1.5730824,0.8540026,4.400176,-0.9536022,-2.5976264,-15.867607,-18.013308
197,3.1591763,-2.7234168,-5.25217,4.3131127,2.022834,1.551644,1.1233864,2.5247703,1.2382605,0.23206499,1.5681621,-4.589991,-0.33793893,-4.5092845,-2.4009938,5.72505,10.095088,2.659516,0.51492363,0.88241535,-0.25592154,2.0749288,-3.6758006,-5.335535,0.66848934,-4.2081847,10.744793,4.8309145,-0.32923087,10.46553,13.299683,-2.9079986,0.08955236,-7.8135347,-4.959768,2.5754256,2.1789846,-1.6231412,0.31649855,4.9520726,-8.158053,-0.8395328,-2.1844003,-2.4361749,3.73583,5.329725,2.770568,1.9210317,0.27436692,0.62724745,7.6843123,17.272171,-2.7083206,5.7107964,0.7793481,5.3352265,8.900738,-8.566802,-1.6354625,-4.471919,-7.203153,-4.9160643,-6.423256,-1.8955266,-4.808337,-5.095291,-5.4257083,-1.3133373,0.51979476,-1.2281369,2.8782125,1.5961084,-3.1593993,-0.6930365,0.8083319,-1.690124,-3.9013176,1.3661684,-12.174416,-1.3720456,-5.459836,2.1258028,-5.360034,-6.6010084,-9.517229,-3.8355892,1.8102362,3.0526118,-7.2010365,0.2201541,-2.3976185,1.4533818,-3.507799,1.3546919,-4.3927712,1.7617286,-3.202009,1.1036791,10.099958,3.0278335,-1.683735,2.022786,12.071256,4.723051,4.487623,-0.8219787,-1.0805659,-6.2729096,-6.4606385,-1.5194528,-7.84373,-5.7946553,2.9938335,1.1562476,3.8877199,11.137538,-7.093309,-1.3242421,3.1591828,-1.8902514,4.9155726,3.6698725,-1.4684514,3.265195,0.75181437,5.647882,1.2884845,-2.0600019,-10.453501,-2.90711,-1.4452256,-1.9132363,2.1753936,-1.4475425,2.8480568,4.721084,4.9898734,6.1023192,-0.26805574,4.9082165,-0.28694385,2.4932892,8.344704,-18.23381,-0.8160388,3.4832866,9.701825,7.5869803,-4.6288595,6.2064505,-5.7476926,-3.0876164,5.1080413,2.2810225,11.132399,0.9381967,-1.5200754,5.9475884,1.5058964,7.54177,-5.236568,-13.29953,-2.430483,7.034869,-7.570624,1.9561532,6.458817,-10.489909,-6.269222,-2.1167297,-6.1024146,0.24785285,7.3624797,8.566339,1.9283452,-4.4119763,-4.7184567,7.263632,-4.706063,-5.3422666,2.0424738,-2.7276976,-1.8550929,1.5322391,1.7713432,1.9520282,0.78596556,-1.1249983,-1.0126656,-0.7602878,-4.264052,-3.3818595,-0.19326581,-10.903379,-0.21298009,3.633967,-1.7069077,-0.63918173,0.20070848,-2.0724902,-2.2237067,-1.7051083,0.9132796,0.92727625,-0.7557622,-4.5810423,1.5052799,-1.1512868,1.9019898,2.4769242,3.9530704,-13.108974,0.00021038303,-9.978986,-6.8309717,1.0346081,-5.366666,-1.7383882,1.3806719,-1.9125276,0.5540534,0.53282064,-4.4561214,-3.328695,5.0023894,2.3988655,-1.71364,-4.2825255,-0.6639772,2.6142807,2.7678936,7.5992036,-2.4081018,-0.102724925,1.5628304,0.66467476,9.373936,-4.971176,-4.034111,-4.3748403,-16.42741,-8.737047,-6.5092964,-9.641728,-6.8663974,1.9541091,-2.2880957,-0.82836205,-5.8951793,-5.123573,0.21301149,-2.6499615,-2.5053003,-3.482589,-5.591574,-3.5559523,-4.70462,-2.1346953,-1.6678559,-1.5769856,-4.0876317,-0.5874487,0.8697646,-2.7436883,-6.305985,-5.2603564,-1.732449,-1.426153,-0.5726056,2.3532019,-5.8172154,-9.436355,-4.041845,0.44286403,-5.6714325,-0.41459545,-1.7678378,-1.6269065,5.3202233,-0.2728556,2.0714464,4.332414,-10.215025,2.5407627,-2.5000184,2.6782634,3.9000127,-11.65154,0.7001945,-2.9019804,-11.678002,-7.000336,-7.673825,-8.202437,2.9486253,3.0089607,-6.688887,3.2496188,1.2139623,-0.531164,-1.7716234,1.0646892,-2.9440203,1.2540135,-2.071319,2.844538,-3.0855684,-3.762653,-4.7125688,-3.936599,0.008620139,-4.5231795,1.9663028,1.9009442,2.9828682,6.4830666,3.141778,2.698234,-4.2754035,-0.112181865,1.6288568,-0.24405551,3.2048495,-1.6223725,-0.4322737,3.0710871,6.631447,-1.3009444,-4.291075,3.7797868,-0.6612883,-1.6441264,2.0606499,-0.41717884,-2.0187242,1.1130589,1.2136556,-2.320499,1.5338838,2.9607773,-1.1106739,-15.06913,1.8086389,-16.032602,-6.950275,1.8494315,0.48322627,7.2922597,-10.970527,-3.4006507,0.6934172,0.14614323,7.3453436,5.9940324,2.251973,3.5683038,1.5333561,17.979746,-9.093665,-8.829829
198,6.2903166,-5.315415,-2.4990556,6.724215,4.849208,4.303119,5.9965386,4.2527466,4.0009046,1.576303,3.4679787,-3.55712,1.2747035,-2.6093435,-2.9881155,7.256332,9.816384,6.1294737,2.63147,3.5943944,3.1505792,-0.61939996,1.7121373,4.479343,4.084318,-2.7032118,11.810159,6.432754,-6.9975863,9.513443,11.787901,0.7328529,1.9478681,-0.3693139,-5.2417045,1.8251204,2.3524091,-4.4853706,1.6947756,6.8216186,-2.448865,-2.4389503,2.204383,-1.7419683,1.3048147,2.9266021,5.5183234,1.3461225,2.3299875,4.998443,10.050077,19.955503,-0.6841872,7.5782704,1.6940794,7.562083,13.037684,-5.908166,4.1274943,-1.7124239,-7.2071023,-2.5347261,-2.9998188,-2.5834532,-4.543273,-2.0503986,-5.2906995,-2.0270393,1.7758933,-0.8230036,2.5586426,1.7620468,-0.2592345,0.94037235,0.3471817,-3.046664,-3.1428885,4.6819997,-11.211315,0.87461257,-6.8070116,2.9222238,-3.4250548,-4.6676636,-4.106135,-1.6379598,-1.9502003,5.0309305,-5.594046,0.7198781,-1.9453584,1.29267,-2.520325,2.8380463,-2.543362,1.2186106,-3.3728268,-2.1576629,21.220375,9.468072,1.0484345,6.456702,13.489121,16.076586,16.08485,0.3035633,3.077359,-1.3337501,-3.4677994,-0.31951296,-4.820799,-4.9173436,8.774275,5.9315543,8.005484,13.9666,-4.223005,0.7233705,0.6880717,0.13685632,11.25132,1.9330913,-1.3883426,8.827103,-0.25318193,8.492325,4.88519,-4.3161993,-9.087815,-7.4997926,-1.267435,-1.8486784,0.70532715,-1.6618203,3.282762,7.486895,1.769712,6.883725,-0.5993925,3.2936165,-1.4231797,2.2581847,6.5176277,-14.530352,-1.3266596,5.1924987,11.621542,8.673192,-4.8358817,0.1844427,-5.4002943,-1.2274166,8.9622135,8.22069,14.185949,0.87439865,0.5141252,5.6734633,5.4934616,16.906496,-4.7284884,-8.893657,0.8225536,8.594724,-7.671891,4.37307,9.813431,-6.7773685,-6.1607695,-2.8304484,-4.2493024,-1.0593655,15.094203,11.567809,5.413186,-6.4453263,-5.6455326,9.302437,2.2275882,-2.685061,6.0418453,-0.7757036,-0.7987721,4.4368296,3.7007651,5.355093,1.0324012,0.58573544,0.4331144,1.0492194,0.14459097,0.30846128,0.86506426,-1.995461,-0.661424,6.165216,0.4015698,2.079245,4.945658,-0.63415176,0.157045,1.1761248,1.6067821,4.4616613,-0.67514753,-0.7564675,1.240993,-0.7988455,2.0018494,4.5281157,6.5981812,-4.298348,7.9144945,-8.0371,-6.49251,0.8901805,-8.420125,-0.44514912,1.4265481,1.08038,1.6860433,2.32751,1.4859987,-2.0005434,4.7611437,-0.97904766,1.7969795,-4.050318,0.65742236,2.3694303,4.660809,8.961801,2.5868099,1.6252965,4.699675,3.9221156,12.407772,-2.8171468,0.057896953,2.3159049,-13.730737,-4.6816835,-2.3170037,-11.049663,-6.2473664,1.7489907,-2.6606705,1.5030267,-2.0388186,-2.7179008,1.4264181,-1.185855,-1.7078632,-0.09790486,-2.2432616,-0.6963046,-4.9645777,4.3127737,2.4301023,1.4935768,-4.433344,-2.0429313,2.5342512,-0.84652203,-3.7781997,-1.8822095,2.5631487,3.0987575,-2.146315,3.587798,-4.9974847,-5.403552,-1.0369227,0.28206572,-4.158027,0.2493006,-1.9609834,-1.1042984,13.014762,4.6367273,10.55414,9.058957,-3.5428424,9.793912,4.684467,8.302416,7.7302685,-4.326633,2.5533938,0.9479476,-7.5488076,-5.9647827,-3.5576565,-2.7158759,6.0110574,5.749736,-6.888939,0.5663434,4.732593,0.1992571,0.950675,2.4397604,-2.498229,3.6686668,-0.7241531,-1.6271405,1.6435947,-4.1670547,-4.182337,-2.2648945,1.5928663,-3.9117625,3.3369713,2.248829,2.9524088,10.192797,1.8322331,3.1053228,-1.4673048,-3.3632922,0.0118812425,0.80493766,0.17693448,5.260884,2.0582733,4.213381,14.954297,0.18366191,-2.815465,2.0479796,-0.88215077,0.4241453,9.287346,4.533355,-0.69310635,1.5698546,5.3543367,-0.5283704,2.8600214,3.5506637,2.78657,-16.071495,5.6913476,-15.11162,-5.920047,2.0769129,5.8777037,9.038663,-4.512169,-2.7600038,2.2944093,-0.40424952,13.487893,9.6416235,2.77992,1.4023551,3.677943,22.75735,-0.41198453,-0.1278466
199,8.0757885,-3.2360742,2.712561,8.087886,6.58108,5.8324633,8.240291,3.0441523,4.6280675,2.3368347,2.1989813,-2.4469,4.526743,-2.992353,-5.7538347,7.6802855,6.637334,6.2816086,6.996411,6.1407685,6.327395,1.1796088,6.9970984,7.965634,6.226975,-1.0750287,8.638273,6.3659,-11.729258,3.755507,3.5931883,-2.7743406,3.5046275,4.625942,-6.55588,-0.6531964,-3.2644436,-9.734047,1.9405974,3.5782216,1.6949257,-2.326887,3.5267365,-2.8748534,-4.905506,-3.0282996,5.7117996,-1.160194,2.466882,5.2085257,8.9326515,16.210733,0.51034266,6.2240677,0.5860443,5.2361383,8.934064,-6.0420218,4.440913,-0.17608368,-8.112007,-1.8478744,-0.81324434,-4.516966,-6.6815367,1.1729774,-6.204496,-3.5821514,0.32126772,-0.16228336,1.3464432,1.1340663,2.0753381,1.5029198,-0.12145102,-3.0747986,-2.3538914,5.192479,-6.347498,4.771233,-6.4839215,2.221767,-0.7027542,-3.531903,-0.33320048,-0.4745601,-6.4197984,4.4920344,-3.4954343,0.2796686,-1.4787049,-0.48793173,-2.897819,2.6753547,-2.123258,-0.17760868,-3.4115674,-6.6461186,22.475513,10.77551,1.4864309,8.302994,4.8813014,20.119865,20.829145,-2.0910575,4.5124407,1.5650245,-1.9536663,-2.233837,-1.8852971,-4.1825414,10.786232,4.179376,8.840982,9.395755,-1.3199173,0.14518265,-3.2384062,-2.7879982,12.0015955,0.18465646,-1.9949418,10.076877,-1.6980424,8.212607,3.6171882,-4.3138137,-5.874236,-10.259073,-1.1142198,-2.322695,-1.313487,-2.7403193,2.3264897,6.5129414,-3.193851,4.3954463,-0.16118826,1.5556338,0.6527422,-0.43115398,2.132617,-8.749313,-1.470554,5.725493,7.6276813,2.464647,-5.907296,-5.128913,-4.696793,0.12838717,9.42011,12.7135515,10.516003,2.013444,3.7550998,5.892402,7.770536,19.730532,-3.7903416,-6.3258476,3.6094484,8.876644,-6.343226,5.725551,6.29524,-2.5846725,-5.4919896,-2.6400042,-2.1061914,-1.7949276,16.004187,9.287038,5.6198583,-8.36542,-5.3383617,6.313485,4.940807,-2.438012,7.475947,1.4924066,1.1808748,5.7706976,4.3431993,5.930063,0.4511245,1.518151,0.5014311,2.231223,4.7507205,4.883173,3.1270308,4.9808373,-2.4359524,5.9363103,3.2673187,3.4802895,7.684036,1.8298492,2.5143719,3.6483676,1.6245197,3.7474897,0.71443427,3.2355716,-0.19106604,0.21684487,-1.1163437,6.3157973,5.5870404,1.2916675,13.143775,-6.5442314,-5.6822004,-0.44595355,-14.323344,-1.5009159,1.0269122,-0.59054154,-1.2434386,1.7059267,6.3694367,-0.5325819,1.3448306,-5.3655367,5.0112185,-3.9083712,-0.24337372,0.7799431,4.340494,5.5983443,6.5380874,2.3355277,3.2765608,5.5363884,7.309107,-4.789902,0.53898406,7.210078,-10.941763,-3.228021,1.8625032,-11.918125,-6.875865,-0.33128822,-3.4008484,0.9089916,0.014065922,0.6471502,2.3629823,-0.08676181,-0.87847126,4.6148367,2.5188117,2.582149,-5.255526,8.690847,7.448186,3.201035,-2.5080209,-2.4813287,1.675056,-0.4076044,-1.2864326,0.17218877,5.900122,6.4935656,-2.8105955,5.4023647,-3.2095664,-1.993057,1.0011157,-0.15908298,-4.1112576,-0.83348393,-2.1853716,-0.7166737,12.384083,6.3113894,14.7577915,10.900724,3.8498368,11.558717,9.226426,8.529906,6.931774,2.0544326,2.9672112,-0.628062,-1.1454774,-5.2235193,-0.3728688,3.2136185,6.1756897,5.6160913,-4.0955772,-2.5542166,2.8343132,0.49092036,1.7228273,2.8208165,-1.5612383,3.559495,2.1771522,-5.9228916,3.8973634,-2.2733684,-1.9979435,-1.125426,2.505072,-2.3860219,3.1608176,1.1454933,2.1768346,8.6116495,-0.69265443,1.3126373,1.5213237,-4.2693434,-2.053264,-1.4873071,-3.5133395,10.526517,3.4453146,5.187004,14.928166,0.94475466,-1.5492651,0.48080233,-1.2639987,3.580237,12.551252,7.5698504,1.8282206,1.9278857,6.771455,2.094743,4.1155972,2.8261924,4.4914575,-13.443447,8.055432,-12.204363,-5.645177,-0.23376748,6.31264,7.31505,-0.034935724,-0.92437935,1.9673687,-0.7065388,12.658786,7.083037,2.0442889,-3.4232717,4.362194,7.74551,4.397784,2.2517421
200,7.397405,0.9532733,6.4091215,7.553689,6.075531,5.5966644,7.4503884,0.7049978,3.6979768,1.8837831,-1.2904472,-1.3749685,7.9528546,-7.318467,-11.425438,7.4536424,2.4740498,2.7419136,11.034527,6.7868867,7.534846,3.1046145,8.948273,4.6036386,5.7498565,-0.21868905,0.62341213,5.605462,-16.043276,-6.808678,-8.480128,-10.798593,0.29092154,2.2519832,-8.50968,-3.630539,-12.050538,-14.830171,1.5023168,-2.314671,4.3617277,-0.29282555,2.2569087,-5.19849,-11.564433,-8.526352,3.4241629,-4.5587883,0.886598,1.5505179,5.328664,8.135261,0.4694916,2.8556817,-0.8833807,0.32429135,0.63719445,-6.5580525,0.2995323,0.12475606,-9.902156,-2.8097055,-1.1021712,-8.954791,-11.912678,3.6644843,-8.131299,-5.716423,-3.7920203,-0.64284074,-0.65171504,-0.646041,0.85135967,-0.013103269,-0.3998182,-2.1079311,-1.8985136,3.5432923,-2.451311,6.8563356,-5.7175,0.67294717,0.5454568,-3.948099,-0.5341696,-1.2870027,-11.490696,0.65182954,-3.8952491,-1.8433108,-1.5484494,-2.3425682,-4.1646757,0.7272798,-2.4948163,-2.0710762,-4.236948,-11.547903,14.086945,6.5860143,0.7075603,7.441169,-6.382645,15.8938675,18.025076,-5.963248,2.7889354,2.214646,-2.277576,-4.634242,-0.5029006,-5.315431,8.575839,0.050340466,8.717573,1.0292193,0.2811273,-3.4571087,-5.091084,-6.9824266,6.8050075,-1.7563878,-3.2397165,7.4404078,-3.668281,5.7575088,-0.84082216,-3.4885907,-3.3265252,-10.799651,-1.7910956,-3.3300428,-3.2896066,-4.5475335,0.80913454,2.6777365,-7.124115,0.15355504,1.3408109,-0.9120881,4.2927127,-4.799587,-2.489662,-4.004449,-1.8771846,4.674519,0.5682591,-5.807907,-8.258086,-9.447824,-5.2457395,-1.012277,5.9741178,11.758906,2.9888685,4.0283833,5.4287634,7.1163373,7.0209455,15.455091,-4.346443,-9.05326,3.8759065,7.793009,-5.9889293,5.220333,-0.8364406,-0.26283503,-3.9599302,-1.8135179,-1.1859382,-2.126694,10.81894,2.9888716,3.5725265,-12.003875,-4.211348,1.6825052,2.4998047,-3.8622234,6.009128,2.6408548,2.905202,4.56571,3.0108292,3.472454,-1.2681885,2.0099518,0.029266706,2.7377062,8.110238,8.8736315,5.187363,2.779289,-7.5713243,3.789813,5.775055,1.9999967,8.109966,3.8182688,3.1418793,4.052155,0.91841155,-0.60594976,2.5404387,5.580974,-3.2980058,0.5598377,-8.027823,4.3946805,0.30653605,1.6282344,10.439986,-8.753842,-4.976552,-2.1318486,-20.27752,-3.5606415,0.33268434,-5.036084,-4.909876,-0.92657256,9.385769,-0.056757957,-3.3938835,-9.485719,6.660046,-3.180684,-2.6501198,-1.6377207,2.799878,0.45054817,7.994059,1.7731647,-0.81928194,5.5310903,0.37822375,-6.7844934,-1.4716026,8.203824,-10.929308,-5.276959,3.2518141,-12.918829,-10.005603,-1.7579011,-4.490797,-2.2260253,-2.0068834,2.1185808,2.4110608,-1.251986,-0.36150554,8.720398,6.8617773,4.687503,-5.5572,10.140511,10.554923,3.9676218,1.2102127,-1.4358975,-0.4605065,-1.5506135,-0.6382941,-0.104759976,6.149725,6.1388416,-3.2136717,7.173348,-1.484485,-1.09479,0.8997784,-0.4867575,-5.8053007,-2.4110281,-2.6106808,-2.2688558,5.23531,5.0180035,13.012517,9.871753,7.350912,9.059401,9.221612,4.239304,3.9778056,5.2491684,1.9609443,-5.215759,3.9994588,-5.77215,0.5486925,8.303941,4.143978,2.9898167,0.97733396,-4.5940747,-1.067958,-0.113038555,-0.47014615,1.4881417,-0.3211798,1.3582114,4.2567368,-8.675702,1.4698106,0.00031136576,1.2754214,-1.3066059,1.2654617,-1.6702785,1.3449824,-0.6021447,1.4585261,3.2837095,-3.243178,-1.6114945,3.73375,-2.7954907,-3.937662,-7.510293,-6.57886,12.582854,2.451049,5.878821,7.8871326,1.4453489,-1.7022231,-2.1717923,-2.2978535,6.1309605,10.04617,5.942572,3.0050254,1.7443354,5.5538135,3.3594725,4.383789,0.9313302,1.2289785,-10.855095,7.06226,-11.915285,-8.874197,-3.4251199,2.7692573,4.0988035,1.0755436,0.89875704,0.50480187,-0.09489829,8.719207,1.2139482,0.9202045,-9.204502,3.3557844,-12.382549,3.25626,-1.660642
201,4.947252,3.4927292,5.5573087,5.4226327,3.6720896,4.2490287,5.1925154,-0.42584875,2.727058,0.297019,-4.4140973,-0.45650578,9.55473,-12.509115,-17.355347,6.51458,-0.68255925,-2.115081,11.659811,4.9181213,5.943162,1.5210129,6.6844773,-0.03639322,3.0762851,-0.29995605,-9.096549,4.5726666,-19.944456,-17.48357,-17.984617,-16.652569,-6.5108414,-4.5085497,-8.38504,-5.0043354,-18.2126,-16.537048,1.1945134,-6.754131,6.6193247,2.1211016,0.45851773,-6.756192,-14.714259,-10.138898,0.24771437,-6.8854256,-0.9921506,-2.4989471,1.524641,-0.24530864,-0.31302223,-0.2613495,-0.7024462,-3.3910995,-5.294842,-4.282755,-4.035758,0.009809807,-10.941406,-3.797455,-2.509204,-14.218775,-16.804508,5.776813,-9.298426,-7.08131,-8.185587,-2.389506,-3.1381612,-2.5828295,-3.3932338,-3.1242907,-0.6937624,-1.236705,-1.4865329,1.8529658,-2.0383224,4.6762943,-5.2786503,-0.46025366,-0.20408988,-4.750808,-2.9692423,-3.4346926,-15.669128,-3.7813382,-6.9891725,-4.3728886,-1.9574616,-2.872957,-4.4390025,-1.5482008,-1.979047,-3.9067626,-5.562117,-14.499245,2.6887815,0.47774574,0.8275145,5.094636,-13.493784,7.886271,11.707914,-7.9769607,-0.22259393,2.0290415,-3.2686768,-4.1736226,-0.3369248,-8.029091,3.650021,-1.889362,9.183176,-5.3383694,1.0168793,-6.2792463,-1.7468836,-6.6348605,-0.075668424,-3.2536347,-4.0720096,4.1630917,-5.637193,3.6839838,-4.7087626,-3.281373,-3.1100159,-9.935258,-3.1045234,-3.775855,-4.1979537,-5.627335,-0.1921295,-0.98438627,-7.9803596,-3.026657,2.8798616,-4.14386,6.2894287,-8.631186,-5.0382776,-1.248734,-2.5633368,2.3388507,-4.7028513,-9.555045,-10.575398,-12.448989,-6.684622,-4.334392,0.87815046,5.0263314,-2.8302574,5.1385183,3.4370065,8.670217,3.9599147,8.060519,-5.9846616,-13.339102,1.6840038,5.9264097,-5.8803635,3.5486853,-5.62307,0.4152843,-1.7537352,-0.3202448,-1.6257812,-2.290799,4.5083804,-3.8539164,1.9667851,-16.46697,-2.6695974,-1.3798456,-2.4400952,-4.8583117,3.2010481,1.8112096,3.0740368,1.5427862,0.3071476,-0.046979427,-3.387846,2.641714,0.067973614,2.6237757,9.383339,10.514856,5.4189377,-7.0503836,-14.276467,1.623416,6.574267,-1.6027524,6.420037,4.007932,1.4651914,1.9379286,-0.7639732,-5.2783003,3.3731463,5.398649,-6.828592,-0.74933624,-15.10535,-1.1960796,-5.8685246,-0.6656205,1.5252298,-12.791759,-3.5985858,-3.1630893,-21.592459,-4.2088294,-0.22585511,-7.9420476,-5.234016,-3.2096684,9.979924,-0.46271044,-6.684176,-11.328652,6.411953,-1.1114385,-4.3994126,-3.3286505,1.6286906,-2.7534323,6.788601,0.66905457,-3.3433588,4.325671,-2.048275,-4.7085705,-3.8477063,5.678644,-13.645684,-8.084913,1.6512147,-13.112117,-13.281025,-0.51785517,-5.141339,-4.559606,-6.2383432,1.0389763,2.2133734,-3.7765036,0.0077959597,10.116129,8.9450445,4.8630733,-5.0258994,9.230301,9.83889,4.689391,5.189656,0.83092844,-1.3077279,-2.7453465,-1.7804455,-1.5684565,3.4299614,3.1064186,-4.4563766,8.228026,-0.14736344,-1.7449921,-0.16730544,-0.09413132,-6.925238,-2.7048092,-3.1520238,-4.7172623,-2.0995793,3.1058168,8.041169,6.9364614,4.8810277,6.168331,5.833873,-0.67729217,2.1965456,5.1359034,0.44066802,-7.669004,6.1553707,-6.2457824,-0.36592934,10.805123,1.5193319,-0.1278,6.4508505,-4.444124,-0.36191168,-1.0726347,-3.957867,-0.58874446,0.8783849,-1.1766974,3.5466342,-9.115229,-3.216146,0.9259891,4.1697326,-1.8026221,-1.5071055,-2.181895,-0.6044235,-1.7784082,1.3039973,-1.3256269,-4.5872045,-3.7110436,4.5865345,-1.4234605,-4.8101835,-14.203083,-7.291151,11.97833,-0.042919952,5.7983274,0.35501355,2.0715258,-2.7374804,-5.954054,-3.2047524,6.127194,4.0312757,-0.03752998,2.1640494,0.6305673,3.402789,2.2731876,3.257263,-1.299206,-4.977767,-9.818765,2.9443228,-14.14749,-12.993716,-5.3369527,-1.1429157,1.166023,0.363012,1.9799935,-0.081070244,1.345035,6.177807,-2.625556,0.56776017,-12.274668,1.5696135,-17.873419,-0.92688596,-6.7992177
202,2.21317,2.4737236,0.7156221,2.5377917,0.57923913,2.6161182,3.5025027,0.4393739,2.5630977,-1.586137,-5.0033846,0.0072129406,7.8501573,-14.229874,-19.445517,3.974205,-2.323056,-5.252151,7.5487504,1.2538179,2.1040905,-3.2665899,1.800396,-0.47901338,-0.3807335,-0.8948614,-15.653691,2.6746593,-21.310871,-22.492353,-20.147266,-15.51025,-11.187007,-8.243697,-4.2974787,-3.9304907,-17.467264,-13.407082,1.3191077,-7.450557,8.3785715,2.9018366,-0.009149307,-6.1174674,-12.44679,-7.559161,-2.0206265,-6.556994,-1.7692097,-3.6487894,-0.6450481,-5.7024755,-1.0723329,-1.5563941,1.55297,-3.3618643,-5.2892303,0.9707225,-4.6304655,0.2758318,-9.726227,-3.1352503,-2.7893698,-16.702713,-16.812862,7.9952965,-7.8264103,-6.5218997,-10.157182,-4.030448,-5.7519784,-3.0962029,-6.9125166,-6.241826,-1.331036,-1.4670684,-0.5172308,1.6088458,-3.8133364,-0.84365267,-4.9731126,-0.65223724,-1.3435438,-4.0074964,-3.6561315,-5.043036,-16.714758,-5.0321355,-9.794835,-4.8802824,-1.91622,-2.3512108,-2.3515863,-2.422769,0.35168356,-5.054587,-6.1509886,-13.488847,-4.7685905,-3.4708571,2.3807201,2.906612,-14.560362,1.585209,6.4963827,-6.5209374,-2.2020998,2.3921454,-3.578194,0.016043153,0.39205134,-9.872965,-2.093203,-0.38776,9.49435,-6.391706,2.0844603,-4.470749,6.00956,0.106365845,-3.8022661,-3.400026,-3.4133577,2.79481,-6.7460694,3.6648488,-5.1821594,-3.9340537,-4.7361984,-8.899126,-4.078804,-2.6497247,-3.4864178,-4.671248,-0.356008,-2.0394962,-5.972491,-3.4706028,2.8499885,-7.303296,4.4903007,-10.029962,-5.004426,0.53666836,-2.9885724,-0.5605182,-5.148196,-6.4073453,-10.7848625,-13.525608,-6.9808955,-7.571962,-2.756979,-3.5541785,-3.64072,3.2926426,-1.7697544,8.7658615,0.4236214,2.2100253,-6.7371016,-12.60425,-1.0455552,4.2941246,-3.4119775,2.3864353,-4.9203978,1.4168733,0.40566328,1.9784995,-2.3803105,-2.3058634,1.1828294,-8.12197,2.2165854,-18.70927,-0.79543674,-2.7753792,-5.8337045,-3.8094666,0.7610859,-0.54447544,1.2299296,-1.7279422,-2.4319801,-2.4185703,-4.4906907,3.4362683,0.8673909,1.7539701,8.564694,8.669492,3.0538695,-16.019625,-18.009783,0.477089,4.8412175,-5.1175704,3.0054295,2.1439874,-1.5565952,-1.4867505,-3.5123312,-7.431928,2.3234572,3.1460512,-8.4765,-3.5282009,-17.589523,-7.538173,-9.023813,-1.6315852,-6.90629,-13.473474,-1.1958429,-3.3796706,-15.613901,-2.2936938,-0.3803789,-7.117087,-1.5298871,-2.9070396,8.205822,-0.7954333,-6.9260383,-9.5141325,4.943892,1.8811392,-3.6727502,-2.9099612,1.4819306,-2.4571607,3.5414436,-0.11806706,-1.5529935,2.3728461,0.80878645,1.375192,-5.0896063,1.8090605,-16.25318,-8.1726675,-0.5488434,-10.806089,-13.148443,2.8390026,-4.71021,-3.1647463,-8.669222,-0.8676827,2.670731,-5.0923576,0.44609788,8.005215,8.040291,3.5105379,-2.997861,6.802983,5.6154585,5.509064,7.5733423,3.444096,0.78568405,-2.358537,-2.6582353,-2.1490808,-0.2562528,0.549613,-6.724759,8.296369,0.91513604,-1.5003881,-0.06799816,1.1602908,-5.2075863,-1.1549908,-3.6366904,-5.5427995,-4.2501416,2.2532854,3.9511907,2.8154218,-2.096195,4.4528766,1.7786088,-2.9053297,2.58395,3.1618507,-0.43222898,-5.5484047,6.2518177,-4.5275016,-1.9425218,9.365254,-0.46989825,-1.5536659,9.972073,-2.130601,7.269968,-1.9100262,-5.8204374,-1.7770438,1.6451434,-2.442825,0.17712641,-7.4605074,-5.694865,0.13424361,5.3021116,-1.1528789,-3.7243233,-2.9064307,-1.0641735,-1.9139822,1.3164488,-2.3086371,-4.3641953,-3.7905445,3.7735205,-2.6731908,-4.628002,-17.419706,-5.177377,9.90205,-1.9543414,4.374477,-2.20763,2.5687854,-3.0487654,-9.648548,-2.7727869,2.921007,-1.2685536,-7.1817856,0.4804197,-1.3798673,1.9150623,-0.39980358,0.852145,-2.995734,-9.724255,-8.829869,-2.244388,-14.503563,-12.501462,-5.129292,-2.767159,-1.0122719,0.6188091,2.7211976,1.3886306,2.6014411,6.269821,-1.5325918,1.1246314,-10.052766,0.41452587,-2.969321,-3.1776938,-8.103848
203,0.22882117,-0.7259136,-4.41361,-0.34031826,-2.0131013,0.973858,3.4251034,2.224821,2.7935393,-2.5931983,-2.9243429,-0.16760026,2.9250364,-11.437281,-15.675975,-0.6541897,-3.283164,-5.2729197,0.4483436,-2.582462,-2.2158544,-7.6924,-3.0347486,3.4777336,-3.366495,-1.5324788,-15.910731,-0.46126547,-17.955145,-19.919916,-15.7248535,-8.2464,-9.497561,-4.779462,2.1661487,-1.6726538,-10.429887,-6.970412,1.4936706,-5.2685328,8.223929,1.3978885,1.3009003,-3.5809863,-5.9302645,-3.1996918,-2.5271509,-3.4663277,-1.0757759,-1.5943266,-0.9212312,-7.45211,-1.2904645,-1.0610354,4.327206,-0.078380734,-1.0858749,5.9010797,-0.90740407,1.2458941,-6.4814057,-0.6015316,-1.1489817,-13.962866,-10.844068,9.549862,-3.6112025,-4.2362747,-8.882754,-4.060751,-7.9826617,-1.6920471,-6.276613,-7.824129,-2.3167984,-2.8934374,1.2170994,2.4145467,-5.0244703,-6.097005,-4.2584214,-0.75524604,-0.8154111,-0.90083253,-0.19707176,-4.333779,-13.472712,-2.1159441,-9.063029,-2.061664,-0.87025684,-2.441677,1.3639561,-1.4631791,3.6923997,-4.9108863,-4.9774437,-8.969897,-6.411858,-3.9161725,3.6975744,1.9226102,-11.401831,-0.7388158,3.9266539,-2.9034822,-2.3453188,3.42464,-2.7484784,5.22526,3.1536627,-8.169521,-7.25029,2.3752484,7.6996245,-3.3468895,3.89269,1.3274798,12.827637,8.715889,-2.8651187,-2.238104,-1.3662571,2.8682592,-6.3915854,4.803973,-2.3195305,-4.5686164,-6.0868716,-8.303754,-3.951635,-0.22921482,-1.7680496,-1.964565,-0.27579442,-0.7161832,-3.0886497,-1.8002421,0.7344986,-9.11575,-0.31997243,-8.709624,-3.8101754,2.5344205,-2.557345,-3.1003191,-1.6819329,0.26055256,-7.870154,-12.38476,-4.4892955,-8.317454,-3.1764338,-8.742717,-1.0701226,-1.6475048,-7.041343,5.9645476,-2.1426115,-0.18635307,-5.4460955,-4.7504754,-2.1270626,3.4171424,1.9235294,2.7911885,-1.0153048,3.8885593,1.8884556,4.7329335,-2.4667056,-2.0869634,0.7967939,-8.618794,3.127554,-16.430803,1.41481,-4.442058,-5.1673484,-0.8219281,-0.63618976,-2.89057,-1.5880935,-3.7797885,-3.9457726,-2.8334665,-3.4970598,3.8430936,1.9038736,0.07015304,6.4057975,4.005439,-1.0817436,-16.92267,-15.6974535,-0.118164755,1.0657251,-6.5562797,-1.04849,-0.73407173,-4.056937,-4.0151973,-6.429592,-6.6328998,-0.17311056,0.24211587,-6.8309774,-6.309435,-13.751323,-11.7100935,-8.426359,0.17199968,-9.723866,-7.687577,0.9767746,-3.564825,-4.4570684,0.9547171,-0.20242809,-4.275454,2.8314233,0.05344711,5.1864424,-0.46237698,-4.5884275,-4.57798,3.4906018,4.3409476,-0.5766504,-0.33145836,1.7139388,-0.003672043,-0.5824057,-0.2656762,3.3691776,0.35040992,4.4190946,7.004624,-4.8332686,-1.2312838,-15.402327,-4.6339254,-0.65026253,-5.4813643,-8.6448965,5.4179287,-3.3979082,1.3655374,-7.04668,-1.4439183,3.5151525,-3.639911,0.83040076,3.6574469,5.0102334,1.7205095,0.074281946,3.4110744,0.36504677,5.7147894,7.3096514,5.2899785,5.0152745,-0.19794676,-1.0707227,-0.6870178,-2.7524278,0.3065323,-8.775396,7.6914277,1.5722698,0.870202,1.9496695,2.528509,-0.97213566,1.1144837,-3.829826,-3.7645926,-0.76700354,2.0199583,2.4613855,-2.135419,-9.501423,1.8231317,-0.88462454,-2.1982553,3.334355,1.2911267,-0.04810845,-1.4463227,6.3871303,-0.26588675,-3.2434957,4.464615,-1.659379,-0.5023274,9.981753,1.0504147,16.077164,-2.8981721,-4.244453,-1.5470294,1.7477516,-2.0029852,-3.543308,-4.7020817,-3.8783922,-1.4475366,4.5199294,0.8157269,-3.862978,-2.6151302,0.084166035,-1.5826646,0.5463715,-0.77762944,-3.1586804,-2.2262485,1.5169077,-6.2947574,-4.2356367,-15.3423605,-1.9127814,6.861212,-1.905921,1.6265796,-0.09796244,2.3726957,-1.5533022,-11.783676,-0.81068486,-1.8413377,-2.7862399,-11.48815,-0.74273807,-3.504354,1.5350387,-2.8950849,-2.1138701,-3.6409311,-10.53995,-5.8337016,-5.8258553,-9.674118,-5.082739,-3.64709,-2.2542505,-2.778957,3.4113333,3.972368,3.877356,2.4497333,6.818007,2.5860653,1.5334216,-3.3687027,0.71113753,18.357088,-0.9425855,-4.954889
204,-0.8191593,-2.8928068,-6.077604,-2.6255279,-3.395505,-0.7066132,4.397991,3.3653884,2.5579157,-2.0164583,-0.0640807,-0.7077909,-3.1202075,-7.306457,-7.9796214,-5.9809012,-4.381197,-3.153076,-5.7564607,-4.802873,-5.007566,-8.492715,-5.6876082,7.406846,-5.3122416,-2.116889,-10.740141,-3.7478166,-10.417558,-13.468501,-9.929161,-0.1426649,-3.3355782,2.795751,6.802408,-0.42487642,-1.8966365,-0.7144085,1.2264932,-2.6879714,5.427577,-1.0421582,3.4749038,-0.69754875,1.6047525,0.33137634,-1.540039,0.96587956,0.4718428,1.2075531,-0.3734253,-6.8350096,-0.7079774,0.08005606,5.5902925,3.6920726,2.7159293,6.9181767,4.1853447,2.779826,-3.0688171,2.375043,1.0666118,-7.1619925,-2.8348758,8.639713,1.2987579,-1.668598,-5.961168,-2.4468045,-9.193279,0.28152096,-1.7366669,-7.4274316,-3.3158364,-4.657086,3.1411688,2.6940553,-4.7246118,-7.9842944,-3.2276175,-2.1122546,1.720451,3.3581905,5.942631,-1.0737327,-7.341334,1.8348271,-4.5554457,2.7657251,0.81345797,-4.2857904,4.3108063,0.1230373,6.180859,-3.1889944,-2.2741997,-3.9320047,-5.473255,-2.5446305,2.8320453,2.1420627,-5.994702,-0.70127726,2.3194182,0.26127928,-1.7131246,4.1280737,-1.3061631,7.3254943,7.448453,-2.6154659,-10.825245,3.7282407,3.1767168,-0.04515195,5.626734,5.9996505,12.606656,12.104122,0.3888345,-1.1958128,0.5657501,2.0318341,-4.744745,4.4988728,1.3867382,-4.3542504,-5.4807568,-7.8500504,-2.9514406,1.8820437,-0.5257427,0.6056809,-0.75408393,0.6242089,-1.2780585,0.058766887,-2.0722325,-8.811833,-4.9686303,-5.8594794,-3.239917,4.754169,-1.1369226,-4.3229737,2.0204165,4.8860893,-2.9802408,-9.823419,0.17623642,-5.8069353,-0.90218836,-8.152174,0.32039592,-6.960426,-8.659865,0.90572965,-3.3715725,-0.4546569,-3.1696007,5.191148,-0.8626194,2.6765618,6.5920987,3.9761214,1.0485762,6.596881,2.6929288,6.9169984,-1.8864042,-1.7801392,0.46769214,-6.0010815,2.4755297,-10.566196,3.5085986,-7.0947113,-1.073208,2.5181527,-1.1313032,-3.7534482,-3.3216758,-3.7864816,-3.633449,-1.9670712,-0.7526691,3.406456,2.6519077,-1.910886,4.072595,-0.88809156,-4.7786694,-10.41391,-8.952548,-1.0209483,-2.8566203,-5.460372,-3.73973,-2.9386828,-4.4915032,-3.94753,-7.6539245,-4.2425346,-2.6895747,-1.8707236,-2.9049559,-7.266503,-6.4328585,-13.041001,-6.740315,2.8162189,-7.8127227,1.9770346,1.1180043,-4.5980926,6.01431,3.053591,0.087937765,-2.660177,3.8352604,3.4770997,2.6979518,0.1104778,-1.4312192,1.06239,3.0960214,5.2147903,2.935548,2.9490638,1.3229464,2.1474664,-3.8892648,0.050895125,7.4888687,-0.7910508,4.123197,7.3598533,-3.4575603,-2.7127411,-9.936174,0.1458271,1.7559246,1.1212285,-2.7179544,4.458824,-2.0550363,5.20346,-3.0111446,-0.22011152,3.218693,-0.49020723,0.8010702,-0.4307019,1.6128742,0.415483,2.7784624,-0.35412803,-2.878231,4.6646547,4.8305025,5.5051036,8.608091,2.355911,3.103523,2.154537,-3.3104506,1.2127463,-8.872973,7.046921,1.3926877,4.1078973,4.351713,2.7271955,3.0573916,2.5081537,-3.3976603,-1.2622794,4.5079393,0.98057026,1.918029,-7.0646296,-12.876661,-3.9574425,-1.8806148,-0.7178347,2.22251,0.95942163,1.1701667,-0.0964075,7.5690885,4.2779856,-3.767544,-1.2025608,-2.5889492,1.9356096,6.793727,3.2305615,16.906326,-4.5520487,-0.037437283,-1.1009189,1.1747248,-0.5002071,-4.9416866,-1.93679,0.018110149,-2.6835713,3.0129488,2.647997,-2.4208517,-1.204387,1.3034474,-1.5886458,-1.5313655,-0.086823046,-1.851854,-0.3696999,-1.1895461,-9.182473,-4.4498463,-9.754981,-0.18793038,2.9279704,-0.32478878,-1.4523435,1.821806,1.3477336,1.2481296,-11.782757,1.3419511,-5.0055523,-0.41718358,-10.783338,-1.4991729,-4.534109,1.813776,-3.7827737,-4.3560543,-3.2562616,-8.821671,-1.0909846,-6.119041,-1.8834183,4.9853363,-2.2668295,-1.3619685,-4.2632213,7.8770456,5.7355375,4.9165215,0.4802293,5.43854,5.2594843,0.6973766,3.8952863,2.038617,25.817362,3.798087,-1.0949757
205,-1.2323211,-2.082624,-3.5353105,-3.814004,-3.4282277,-2.1643834,4.6536694,3.2316227,1.6508034,-0.27648762,1.1870588,-1.0605975,-7.077391,-5.8204784,-0.750766,-9.071005,-5.4572067,-1.120209,-7.87832,-4.3766265,-5.3954554,-5.654994,-5.4748034,7.284935,-6.162425,-2.8476322,-4.369919,-5.215445,-2.5844402,-9.3078785,-7.6536016,3.861841,0.7996079,7.507415,6.445679,-1.3260196,3.1815774,2.3436139,0.5317733,-1.3795611,1.6292999,-2.272324,5.07857,1.227771,6.9193854,2.27462,0.1515653,4.7942476,2.1064239,2.217717,-0.23873323,-5.7309647,0.8257133,0.80308765,4.7350764,5.3267,3.1107283,3.65831,6.733769,4.364276,-1.3608025,3.9290373,1.8554766,-0.5118721,1.419335,4.355114,4.2487893,-0.26881716,-3.9204438,-0.7947453,-8.961328,0.81516975,2.8859007,-5.8922367,-4.07181,-5.7237988,4.2252107,1.5222592,-4.5050497,-6.618433,-2.7754774,-4.9284062,4.358823,6.4055495,10.729451,3.000524,-1.7854723,2.382164,0.6254172,6.5319085,2.0390022,-6.9717555,4.557718,0.65932786,6.5238037,-0.290985,0.4764977,-1.5652362,-5.785635,-1.7618854,-0.17027068,2.7329102,0.7708108,-1.2211862,-0.45772222,1.6018444,-1.9014423,3.5180147,-0.22030641,4.372568,10.788433,3.8386638,-12.0785475,3.2493744,-2.0415428,0.70010024,6.246641,4.7619863,3.8936224,7.1214185,2.3044207,-1.9689999,0.6396189,-0.90151554,-2.800354,1.0792837,3.0843906,-3.5214467,-3.4030995,-7.035718,-2.1001217,2.0024467,-0.9448161,1.0661235,-1.9963919,-0.0031884033,-1.0535706,0.7735908,-3.393779,-6.87659,-6.510808,-3.0707207,-3.7290308,6.3702807,0.7691211,-3.6686916,2.7807221,4.744897,1.2238163,-7.6206613,4.3089046,-1.4460497,1.9994253,-4.0384355,-2.4088395,-8.851383,-5.4130855,-3.6534886,-3.560339,-1.1029313,-2.2249708,9.750187,1.3403394,0.9208771,5.8195667,3.8370197,-1.3967599,6.975259,3.2204983,7.446761,-1.3458887,-1.809798,-1.7329146,-1.9046496,-0.37768263,-4.9071407,4.4666595,-8.852965,3.3482754,4.429811,-0.9405349,-2.9188979,-2.4730942,-1.875519,-1.807798,-0.9379227,1.7997103,2.303348,3.070091,-3.0911138,2.5777578,-3.1213655,-5.781452,-3.8393521,-2.9466987,-2.0977554,-4.6476164,-3.1441116,-3.1677752,-3.2863579,-2.695815,-1.4225136,-5.792974,-1.6970868,-4.016429,-2.6043313,0.3309375,-5.678337,-0.75275975,-12.920685,-6.8247414,3.5095258,-6.252964,9.008009,-1.0159634,-6.4849744,10.337266,2.487662,0.36834338,-3.5311298,0.7478451,4.8346214,1.8421263,0.049882974,1.0004938,4.6404862,3.958569,4.9561753,4.75907,4.962501,0.07141276,2.734244,-4.6776495,0.56387573,7.6507196,-0.42506167,-0.24876028,1.8558729,-1.6278428,-3.3945668,-1.9615946,2.7463863,4.279365,5.9114985,0.32441103,-0.047012728,-1.3998716,4.758662,-0.49788806,1.2582564,0.5648837,1.5700535,0.18034907,-2.426072,-0.8485962,-0.23000257,3.8875792,-3.4945874,-2.6993082,2.5704024,1.6479003,3.8866906,8.957963,3.5943887,7.4675846,4.509556,-2.7683578,0.7022058,-6.3451767,6.802441,0.30060568,5.7641053,4.7705975,0.9330062,4.333554,2.5410893,-2.0849528,-0.9565995,7.294446,-1.1722755,-0.24452817,-10.241993,-9.96426,-11.308027,-2.2586935,-0.37312624,-0.8445414,2.2811012,2.0089197,-3.480382,8.790484,5.9951153,-3.2559063,-4.3216968,-3.543746,3.7919917,2.539917,3.130932,6.234048,-6.605091,3.7448215,-2.1357143,0.019035257,1.070403,-3.231402,0.18045522,1.8091598,-3.2808166,2.1754942,2.6364272,-1.4006921,0.14222434,0.8886252,-1.9658457,-4.365781,-2.0341547,-0.9829896,0.69761777,-3.0095994,-8.375592,-5.2135587,-4.2304754,-1.3782935,-1.1280938,1.1105537,-3.3641124,-0.39227745,0.027890407,3.6352103,-10.346453,1.8680801,-4.2795286,3.4255092,-6.1873093,-2.7359521,-3.8354979,2.2126591,-2.8979526,-4.6344504,-2.4801033,-7.8090787,2.6814048,-3.646202,2.6145425,9.94176,-1.5661377,-1.1283432,-5.1301613,11.544168,6.735053,2.9143612,-2.4602785,2.4526312,3.8809795,-1.3001249,7.4784946,3.0903625,12.287112,6.510137,-0.5572185
206,-1.4244549,0.52063054,0.47993115,-3.708688,-2.5642881,-2.870377,2.4554384,2.3101363,0.6801054,1.2086146,-0.2533511,-0.96610963,-6.75618,-7.7362657,2.587122,-7.8696456,-5.73961,-0.8284614,-5.9683814,-1.830638,-4.373771,-2.1279013,-3.2332234,3.3450167,-6.0753837,-3.7640972,-1.2668297,-4.0360074,0.86527157,-10.766618,-9.518437,2.936944,-1.9253255,5.4651556,1.7983041,-3.5397336,3.4347901,1.6637721,-0.055592168,-1.2772306,-0.1019868,-1.2724721,4.983622,2.1013105,8.464522,3.5622487,1.867847,6.8053293,3.5568483,1.1752052,-0.9219644,-5.1145124,3.2125502,0.89849806,3.0213695,4.304393,0.9393928,-0.77942115,4.907377,5.1483197,-1.6884652,3.2532914,0.58779573,1.9882783,-0.6816784,-1.6984489,4.105137,-0.3415176,-4.063312,-0.8215182,-7.4826245,-0.686771,3.753118,-4.584337,-4.7051516,-5.7371383,3.7847981,-0.2846854,-6.230374,-5.0236564,-3.6754622,-7.6225047,4.650769,6.609471,11.129598,5.2891846,0.07658872,-1.8293614,2.9829135,6.9783816,1.9539626,-8.141565,2.3948503,-0.43198916,5.065371,2.6740634,1.6703228,-2.587073,-7.7219105,-2.376464,-3.1507175,2.6091127,7.3798046,-3.6397984,-4.4711623,1.8439231,-3.4926682,1.5769688,-0.35475472,-1.5127068,10.51552,6.969352,-10.95541,2.6984792,-4.639061,-0.8545826,5.6971292,-2.020814,-8.149676,-2.4094644,0.83962685,-4.773612,-1.5075201,-4.4526505,-1.8102678,-4.3135343,1.6227121,-3.1589816,-2.1228588,-6.0419273,-2.2478673,-0.16190045,-2.861445,-0.9273712,-3.4351356,-2.2058606,-1.6092718,0.52283037,-2.39615,-4.895865,-4.640394,-1.4223603,-4.108734,6.987526,2.2887053,-1.5758219,0.37066513,1.8345253,2.5234926,-7.3146715,5.2770405,2.199133,3.5459025,-1.076951,-7.880757,-5.794422,-0.012832904,-5.0492444,-3.006393,-3.421795,-3.9150462,6.1898627,2.0235448,-1.9795283,-1.3805317,1.0136962,-6.1619,3.7248397,3.5162635,6.124406,-1.2569903,-2.4410815,-4.85334,1.7775676,-3.7044997,-3.0731046,3.4481082,-7.370604,4.8825307,4.102132,-0.23358737,-1.6153044,0.45972785,0.7108495,0.41172752,-0.39638957,1.9160668,1.1887509,3.3152287,-2.5241826,2.2005644,-1.7733104,-3.5042458,-3.8683317,-1.860024,-2.25848,-3.259872,-1.7834153,0.7981153,-1.9500622,-0.05214463,1.5557364,-1.5682517,0.28977823,-4.105654,-2.4088318,0.26834178,-2.7074301,-0.1505352,-12.8863735,-8.689939,1.6546696,-8.499556,8.5700655,-3.5592031,-8.159621,7.349401,-0.07479171,0.6181437,-5.328622,-3.4253588,3.4363706,2.0551584,-0.8628304,2.2586346,4.8861637,5.294609,4.9601045,4.40327,4.660358,-1.3303556,2.3994608,-2.3980112,1.0957519,4.0443892,1.0338426,-4.695467,-5.0499988,-0.12256578,-4.3625007,4.5035377,1.6633431,3.883077,6.6523137,-1.2245083,-5.035388,-1.4856837,0.0034652848,-1.9855702,1.0650665,-3.7096052,0.5733225,-0.8026226,-2.4546623,-2.3157406,-0.6889101,3.356872,-4.991614,-0.38201657,0.31210715,-0.830054,1.0269619,5.639234,2.8238497,9.028561,4.7966976,-2.428849,-2.1206365,-2.325113,6.859333,-1.0010939,4.6240973,2.3836105,-2.3498092,2.7442462,2.1530814,-0.09695698,-3.772205,6.085422,-3.071193,-4.3201947,-10.121952,-2.2790184,-15.374765,-3.171788,-1.0239729,-3.697935,3.895067,1.3709078,-8.908524,8.1360445,3.6709778,-1.7806833,-3.460242,-3.9883397,3.8490613,-0.24046372,0.8714601,-9.475655,-7.788004,3.9122121,-4.9609246,-1.5873362,1.9391212,-0.1954442,1.4888642,-0.5171089,-3.855303,2.3433044,0.5014444,-2.3469214,0.12704648,-1.3506279,-1.9049356,-6.6220555,-5.0995965,-0.6363842,0.8674353,-3.2797048,-4.212536,-5.7924314,-1.2125578,-4.248593,-3.608673,0.998001,-3.199475,-5.6580954,-0.909894,4.0759892,-8.846883,0.11735331,-0.2834355,5.80123,-1.2535397,-4.7565727,-2.128554,2.4543355,-1.2849386,-2.786125,-2.268433,-9.044236,2.9831438,-0.9660233,-0.3085549,5.460662,-1.083798,-1.0977209,-5.1508203,12.250087,5.5034366,-1.2188154,-4.8048334,0.5431194,-0.091813594,-3.2304654,5.5879607,2.760002,-9.54886,4.266749,-3.7296093
207,-1.8054234,1.9103792,2.2372072,-2.7570128,-1.7205886,-2.6871958,-2.3743148,1.3855491,0.2704837,1.0850435,-3.3621812,-0.7171421,-2.7973528,-10.033822,1.856995,-3.4522355,-4.8621774,-2.2448742,-3.1731045,0.78277713,-4.0252557,-0.8480576,-0.7108342,-0.89075106,-5.3664536,-4.4310207,-2.9105482,-1.6680228,-1.8639308,-15.621913,-12.111167,0.13215363,-9.912573,-0.6908624,-3.35229,-5.1277733,1.417578,-0.66631716,-0.01072754,-1.5084344,1.8617829,1.0143502,2.848886,2.6458902,6.8597383,5.1142354,3.2242389,7.0724306,4.9114056,-0.013351675,-1.8665782,-4.6930523,5.8108563,0.84889275,2.2105856,2.2416484,-0.68999773,-2.9448996,0.12805693,4.215338,-2.8122177,1.1017491,-1.4369547,-0.29020658,-6.367758,-6.055534,2.076933,-1.040586,-5.5289173,-2.61816,-5.567136,-2.6003711,0.60118455,-4.306972,-5.464288,-5.1477394,2.069854,-0.87370497,-9.470063,-6.129051,-5.5454383,-8.02257,1.969314,4.326276,7.6501236,4.2617903,-2.1046262,-7.444114,1.8857007,4.5511885,0.80796367,-6.2540665,0.01635207,-2.121342,3.377172,4.478847,0.9081634,-4.7845235,-8.455429,-3.3415613,-3.9664607,1.0786158,10.548642,-7.000319,-7.7378683,2.372526,-5.690653,-0.75714546,-2.0957675,-5.667254,6.0280576,4.687963,-8.539622,3.6255012,-2.8428268,-2.3530705,4.9628806,-8.879736,-15.413411,-8.94166,-3.2770996,-7.757402,-4.2611384,-6.067442,-2.3948655,-8.417764,-1.7734051,-3.9729962,-3.3695998,-5.735484,-3.264304,-3.1295092,-4.7942066,-3.7019894,-4.2328515,-3.6413705,-1.9420658,0.33134994,-0.50031924,-4.4235725,-1.7247553,-1.222802,-2.9259663,7.2049093,2.7141004,0.45463875,-2.7378979,0.3128863,0.78712153,-8.889114,2.746754,3.256502,3.2260408,-2.0599205,-11.964318,-0.29617262,2.826103,-3.2551818,-1.8716321,-6.4760175,-7.2270575,-1.060262,-0.27886477,-4.2311106,-10.251641,-3.3975058,-8.610497,-1.5982497,2.923347,3.992694,-1.2118667,-3.287591,-6.754054,3.3624032,-5.214536,-5.559712,0.85056245,-2.8969405,2.4968367,1.9587462,0.480191,-1.3768318,3.1775782,2.0850747,1.6667855,-0.388955,-0.92731124,0.6019614,3.2411678,-0.28671366,2.3049097,1.2882476,0.29939717,-10.250341,-5.2740707,-0.8089791,0.19755009,-2.821868,5.914846,-0.307718,1.456092,2.622929,2.2508976,1.2374805,-3.8351374,-2.1277819,-3.096634,-0.6077512,-4.1385345,-13.148102,-9.730857,-0.597804,-12.729056,1.67167,-4.399457,-8.241409,0.67568207,-2.5393794,0.7599908,-5.9680824,-5.2121778,0.8796791,1.6760927,-1.8166921,2.722478,2.6717355,5.87931,5.865064,3.2210553,2.6648805,-1.9798647,2.4869952,1.5540537,1.4225738,-0.37025672,2.2813828,-5.3881865,-7.610465,0.39168188,-5.8207693,6.267217,-1.648454,-0.19417037,3.5718389,-4.97125,-6.798929,-1.8740556,-5.511023,-6.1438937,-1.1612216,-7.0668006,-2.8326979,-1.7044514,-2.0992675,-3.4691203,-1.4550433,2.2050986,-4.635019,1.1353288,-1.3564881,-2.2096636,-1.9173175,0.6785967,0.6524502,6.8069577,2.8517597,-2.785932,-5.198697,0.9916081,6.69092,-1.5686517,1.8058418,-1.1324611,-5.334535,0.36497584,2.4802039,1.744712,-7.5697722,2.3021421,-3.2479963,-7.702196,-6.9592,5.6585317,-12.879717,-4.995166,-1.1278259,-4.119511,3.8530972,-0.78168476,-11.702623,4.7176433,-0.89473,-0.031875614,-0.20947684,-3.016222,2.5261579,-0.42641085,-2.1774874,-18.830124,-6.8076587,-0.25500444,-7.9031334,-3.3414676,1.7104256,1.3915358,2.0383985,-4.924515,-5.0244226,2.7213178,-2.283106,-4.8153644,-1.294842,-3.839183,-0.7148857,-7.116056,-6.3100624,-0.6983239,0.71408296,-2.5961213,-0.30256,-5.7194285,-0.643341,-6.0749474,-3.2301893,-0.68807566,-1.4118618,-9.0908785,-1.2923224,2.4485893,-8.264104,-2.7564192,3.779592,5.302336,0.7871516,-6.262372,-1.0268302,2.3335202,-0.26201242,-0.18048392,-3.0483363,-11.029183,0.12015965,-0.8503537,-8.131766,-5.2804823,-0.1644574,-0.5543615,-4.5437746,9.569835,2.0057378,-4.711736,-5.3242044,1.769545,-3.0980988,-3.9380476,-0.11401674,1.0538081,-19.45821,-1.6213542,-7.1805778
208,-2.572498,0.5990077,0.3183537,-1.8248938,-1.687227,-2.211195,-7.654719,0.88406914,0.3790794,-0.69727767,-5.7215824,-0.69709927,1.6490126,-9.1724205,-0.53560525,0.5424698,-3.2111166,-3.8760328,-2.7167094,1.239197,-5.5803084,-2.042741,0.5263665,-2.6565626,-4.4856796,-4.1551895,-6.899831,-0.511753,-8.16475,-18.39399,-11.6608,-1.0141233,-16.635796,-4.9899874,-5.6615353,-4.7513485,0.66781133,-1.6588933,0.7012679,-1.5798026,5.923606,2.6656487,-0.6513831,3.2856274,4.117144,6.6213574,4.0175657,6.4764934,6.0563755,0.5682763,-2.1669636,-3.5812416,7.54653,1.132609,2.8214035,1.2834178,0.2794404,-2.1191962,-4.2925706,1.2547526,-3.3025312,-0.98716563,-2.3086123,-4.3232975,-10.197211,-6.0345187,0.5361283,-1.3791919,-6.2888446,-4.4620843,-4.09831,-2.5463467,-3.084007,-4.69286,-6.182731,-4.543244,0.13536927,0.8728642,-11.45879,-9.853827,-6.872792,-5.365086,-1.7114978,1.5012918,3.660117,0.7093409,-5.660677,-9.319034,-0.07667288,1.8381281,-0.1522681,-2.1793954,-0.51540494,-2.7470763,2.807886,4.6083755,-0.6212223,-5.244763,-5.645222,-3.258466,-2.5656796,-1.631895,7.44854,-9.407786,-8.244893,3.4134188,-7.162854,-2.3596227,-5.0038934,-4.5550723,-0.46652773,-1.0670985,-6.5246706,5.4651027,2.041878,-1.8756245,4.931792,-10.117028,-13.134201,-7.6028433,-7.2319045,-8.358764,-5.134031,-4.8630104,-3.959757,-8.476552,-4.4902973,-5.283078,-6.2469583,-6.6550746,-4.115896,-4.7099366,-5.083577,-4.8766418,-3.9216201,-2.3845644,-1.6380897,0.8636441,0.048796967,-5.658869,-0.4538828,-2.0753243,0.039487995,7.8384767,1.9608705,0.8529682,-3.7312894,2.3776271,-2.0493925,-10.70332,-1.0705545,2.0278409,2.2782786,-5.4068727,-11.750314,2.9841225,0.507552,-1.0402308,-0.4258691,-7.755895,-9.719858,-4.9504266,-4.5588145,-3.2363636,-13.890132,-6.3321934,-6.255199,-5.545009,0.7504474,2.6509721,-0.48288864,-3.3989642,-6.966793,1.9857568,-4.3496356,-9.517978,-1.4684815,1.4492197,-2.070741,-0.854545,0.4790283,-2.474501,3.5500743,1.0883576,1.2771665,-0.64089763,-4.561854,0.61010873,2.4897573,2.399004,1.832892,3.040597,2.810855,-16.483932,-8.959594,1.5849297,3.1662652,-5.663335,8.977288,0.19728231,0.751699,0.9937906,3.079114,0.45517567,-3.865907,-2.079252,-7.02506,-0.83071095,-9.312637,-12.871514,-7.7174582,-0.6769292,-14.034728,-5.942972,-3.460843,-6.1028113,-4.391691,-3.1918836,0.6539513,-5.217607,-4.06689,-0.5363946,-0.26455182,-1.7573376,2.7734659,0.014682472,4.9303055,6.6069307,2.9632587,0.721233,-1.562468,3.4575226,4.5300107,1.2298596,-2.685397,2.2903214,-2.258679,-3.6138744,-0.115324385,-6.887976,3.0995471,-4.242814,-5.4345746,-0.91450703,-6.826425,-4.072768,-2.17896,-7.859371,-9.0170965,-3.7766972,-7.203006,-5.907447,-2.1976712,-2.5719805,-4.485638,-2.4461448,1.4789299,-3.2450535,-0.2275942,-2.241165,-2.9432914,-3.7147388,-3.0407083,-1.7584308,2.7395198,-0.05574318,-3.1959538,-5.403296,1.9319448,5.795285,-1.2103151,-0.40402883,-3.0283475,-6.023571,-0.76915705,3.4332337,2.446493,-9.128333,-1.7086377,-1.9256183,-7.398336,-3.0409362,9.483869,-5.970131,-7.1891823,0.26779553,-1.9643017,1.2571659,-3.253465,-9.408487,-0.3913415,-4.4245114,0.9092941,2.2585,-0.41077277,1.313244,0.90824854,-4.3371606,-15.393094,-3.5450442,-5.732826,-8.650593,-4.61219,0.38682014,0.23696734,1.9199288,-7.369843,-6.455573,2.537629,-3.788622,-6.6843476,-2.7163982,-4.6416926,1.2269149,-5.5281324,-4.4285088,-1.0018809,0.768592,-2.140807,-0.07944443,-5.2955637,-0.8682595,-5.188998,-0.69290155,-2.758064,0.50958073,-7.0127635,-1.4400369,0.08387092,-8.487905,-4.791634,4.907782,2.9103305,-0.33497974,-5.281733,-1.4533966,1.6586906,-0.30232102,1.2190089,-3.9077458,-11.243389,-3.0353787,-3.9112036,-13.487233,-14.308871,1.1843197,0.18501288,-3.4593003,4.886879,-1.8902556,-5.2184258,-3.854659,5.232021,-3.2671485,-3.3874867,-5.8483186,-0.9226609,-8.55473,-6.707084,-7.0644813
209,-3.2532096,-1.39404,-3.028359,-1.3050646,-2.2792313,-2.12667,-9.787734,0.96998966,0.5237622,-2.611848,-5.188732,-0.69328475,3.5341096,-4.63542,-2.1455417,1.2678769,-1.2500757,-3.965499,-4.6560326,-0.8708049,-7.9754696,-3.2756042,0.20793831,-2.4060767,-3.7240512,-2.5808551,-9.031786,-1.2460786,-13.098446,-15.485448,-7.4118323,0.3809566,-16.915806,-4.2604656,-4.9707274,-2.6314368,2.4533074,0.29880303,1.6575352,-1.4088866,8.584314,2.5690527,-3.8921843,3.602394,2.1990993,6.994638,4.18603,5.7324996,6.490564,2.9408083,-1.2813106,-1.2848943,7.611519,1.7406701,3.7354608,2.3542662,3.1362436,-0.25104678,-5.701175,-2.8420215,-2.8596275,-1.9136429,-1.2497612,-6.199602,-8.962001,-1.9158092,0.9438084,-1.1589618,-5.0690846,-4.4058437,-3.3894196,0.21498774,-3.4349883,-4.489945,-6.11694,-3.9040365,-0.90451735,4.2134595,-9.629124,-12.9588175,-6.181713,-1.0937306,-3.4080856,0.05564151,2.321334,-2.780078,-7.1838956,-5.33995,0.12191276,1.1063061,0.27287826,1.6024802,0.9730853,-1.5179911,3.3208365,3.578335,-1.0927215,-3.1301005,-0.2984575,-1.7637199,-0.8276476,-4.246908,-0.5451577,-9.608153,-5.692619,3.9891756,-6.9892087,-2.655691,-7.6125393,1.4439715,-5.382857,-5.7459693,-5.7392197,6.195567,6.8600183,0.4601438,5.350803,-4.7158484,-3.3296607,0.12646651,-7.626641,-5.473386,-2.7580147,-2.4234626,-4.952643,-4.4116936,-4.363046,-5.3742657,-7.563305,-8.041681,-3.715824,-3.6672032,-3.1788418,-3.2727158,-2.653078,1.1164768,-0.67986965,2.0025382,-1.3670567,-7.0707254,-1.3378762,-2.9137626,3.5074837,8.784436,0.63852173,-0.54409266,-1.667959,6.5415807,-3.584423,-10.901979,-3.3404937,0.9882484,2.64459,-6.79749,-7.9111466,1.3965006,-4.640985,-1.1873538,0.9739524,-4.8346376,-9.651005,-2.5501034,-7.7342153,1.8092647,-9.245506,-5.3272305,-0.86173993,-5.400567,-2.6018753,3.022537,1.101597,-2.029331,-7.142198,-1.7028056,-2.5483406,-11.34893,-1.397542,2.765346,-5.806194,-3.140287,-0.22169793,-3.3683057,1.689971,-1.3018895,-0.08612579,-0.70489115,-5.470964,0.9819712,1.1524371,4.0308523,0.21707146,2.052762,2.598473,-16.25722,-9.160674,3.5723712,3.583344,-7.732292,8.212186,-0.68481153,-1.3776053,-1.8088543,1.0217055,-2.3022447,-3.810267,-1.700716,-8.21877,-2.6601396,-12.300118,-11.572242,-3.2169545,1.6670555,-10.0205765,-8.974503,-2.768821,-2.3871171,-4.831281,-1.8705217,0.3421943,-4.3570313,-2.3272698,0.13218293,-2.8428948,-0.49449527,2.364702,-1.5689838,2.6669836,5.388255,4.0888543,0.26489082,-0.41511464,4.5361814,4.5818753,0.4238191,-2.2951932,1.3775333,1.6341048,4.0535192,-0.66517156,-6.4532456,-2.1550303,-4.0850544,-7.9616733,-4.0045824,-4.9201064,1.0156376,-2.3365939,-6.033694,-7.5425277,-4.5207214,-4.069744,-6.1080956,-2.1561852,-3.3521569,-4.43918,-2.9410355,1.4070728,-1.8319949,-3.7730641,-2.407358,-3.3593974,-3.5703049,-3.8606076,-3.5418034,0.031461194,-2.164261,-2.6227999,-1.7175179,0.46877208,4.096618,-0.714736,-0.6183747,-1.9520879,-3.5904129,-0.4308777,3.6324263,1.647578,-7.1142235,-4.334923,-0.8561277,-3.1210306,-0.8203429,8.4541445,-0.51416606,-8.617746,2.4899888,0.9180258,-2.6165214,-4.4783053,-3.3239655,-4.9674807,-4.874563,0.5274207,1.9986403,2.7948496,1.3142331,1.4746529,-4.5731416,-3.0021083,0.77592134,-7.153127,-6.2491813,-4.5865026,-1.4830288,-2.3433511,1.4034424,-5.5414634,-6.854647,2.0641427,-3.265308,-5.9695272,-2.5168967,-3.170369,2.629737,-2.3677926,-1.0167122,-1.2064861,1.1582265,-2.255605,-3.2478867,-5.0192213,-0.35956287,-2.4682672,1.4397873,-3.905372,1.2525636,-0.57237995,-1.5298636,-1.3411543,-8.503558,-4.901425,3.1553931,1.1603868,-1.6357652,-1.2324421,-2.4014094,0.65639955,-0.5902795,0.63746834,-2.8759,-9.132237,-3.8482058,-7.6955333,-10.575698,-15.631131,2.3253205,0.2045561,-1.318203,0.38073078,-3.765076,-2.5853949,-1.2173731,7.832947,-2.0515468,-2.4237754,-8.260807,-1.8642004,13.193775,-7.1362944,-2.6632755
210,-2.5845287,-0.27628946,-3.6829977,-0.4806356,-2.118317,-2.191646,-6.3358917,1.863553,0.53393984,-2.7080967,-1.3822111,0.095604226,2.6444027,0.7636774,-2.3212018,-0.35783884,1.1800693,-1.7822059,-5.643204,-3.2870495,-8.476642,-2.006008,-0.33495972,-2.3537261,-2.8495522,-0.09650137,-6.692755,-1.7761691,-13.279995,-8.452943,-1.7922742,2.2963827,-11.757684,-0.84027123,-3.7201574,-0.100464895,5.1084747,4.284913,2.401584,-0.59962803,7.621618,1.2983594,-4.954653,2.8955343,1.7747481,5.7209916,3.906531,4.832086,5.786431,5.34309,0.6586655,1.7613956,6.1480417,2.2574525,3.4543123,4.6103716,5.557873,0.8096107,-3.803683,-6.2409506,-2.286102,-1.6256437,0.90174925,-4.3814535,-4.176633,3.4672458,2.7302296,-0.92725915,-2.4514675,-2.0977156,-3.0321443,3.8613644,0.1554432,-2.5177073,-4.4887624,-2.5952237,-0.64433485,7.096347,-4.111576,-11.811235,-3.2403078,2.4362454,-1.6596595,0.47663876,4.006756,-3.8043127,-5.3765693,1.4717228,2.903273,2.299091,2.158578,3.4212112,2.8917089,0.84080184,3.6297212,2.3648984,0.40872154,-0.33036402,4.1397886,0.47720346,-0.41924438,-5.0107784,-7.2722764,-7.409815,-1.4792643,3.5887246,-4.867961,-1.7917328,-7.872,8.323149,-6.275316,-5.795997,-5.152926,4.752673,9.335655,2.9798186,5.0580225,3.2993348,7.4088063,8.430356,-2.1536129,-0.42799598,1.8941071,-0.8660045,-3.930582,1.2834628,-1.1249138,-3.0192108,-4.5573125,-8.117158,-1.783811,-0.64126647,-0.0077271475,0.15224418,-0.998387,4.3723993,1.0929813,3.372616,-2.8483858,-6.4837985,-2.4269986,-2.253015,5.8087063,8.930547,-0.34580907,-1.9913964,2.186827,9.519092,-2.7453291,-9.062005,-2.906534,3.0359223,5.233526,-3.4467838,-3.3715577,-3.1024845,-6.809194,-3.390216,2.2833464,2.7712538,-7.311898,2.7224278,-6.8878436,8.226565,0.2006336,-0.91445583,3.778412,-1.1666839,-5.334914,4.5946364,2.940228,0.5647725,-8.547453,-5.491988,-1.327258,-9.6425705,1.5946361,1.4997226,-6.775424,-4.0774364,-0.22793905,-1.9051135,0.05422303,-2.1351185,-0.7065065,-0.014672156,-1.7281913,1.5345451,0.11136673,3.9617248,-2.0309575,-0.23910238,1.1174626,-9.199974,-6.086429,4.6903577,1.4898412,-6.245869,4.5209947,-1.7267866,-2.756005,-3.1745853,-0.9216437,-5.7849584,-2.6280644,-0.13380857,-5.481146,-3.731239,-12.0178175,-9.958166,1.0066844,3.982805,-3.8727198,-6.888049,-4.0831666,1.3788192,-1.4946208,0.28152174,0.23315582,-3.8097444,-2.029505,1.8176517,-4.045476,1.0541985,1.311036,-1.9319594,0.08458463,1.6566529,5.41397,1.2556759,0.9684714,4.7034545,2.0223703,-0.5389302,-0.6924077,0.9172992,3.714256,10.210048,0.22212899,-4.235634,-5.4482965,-1.3737916,-5.750495,-4.306331,-1.219897,4.9778557,-2.3981543,-2.3240647,-2.1585584,-2.4265108,0.09502588,-3.1293716,-1.5074447,-2.6895597,-2.1439402,-2.1194704,1.5391928,-0.5331094,-6.4813504,-1.7598559,-3.001058,-1.4487177,-2.2757254,-4.337385,0.4567284,-2.3612864,-0.6680831,3.453842,-1.9403415,1.982431,-0.88315284,0.7415832,0.84795904,0.9465619,0.15292759,1.827992,0.02505343,-3.0997894,-4.832886,-1.2834911,2.129684,-0.59257823,6.148375,-0.2565915,-8.007722,4.1284857,2.6434195,-4.980522,-3.7771273,3.590008,-7.3151565,-2.8399987,-0.33956924,-0.15307178,4.9717693,2.2236366,-0.26807296,-2.809629,8.291842,4.580422,-0.5119105,-1.8528578,-2.7962945,-2.781957,-3.6905954,1.1079363,-0.68212575,-5.017671,2.2449806,-1.6136011,-2.4949043,-0.42365247,-0.62246466,2.4889998,1.5323931,1.492528,-0.7576375,1.7890849,-1.8263179,-5.7630873,-4.6859174,1.4476693,-0.31768122,0.8165688,-3.7296472,0.6991201,5.4807525,-1.1557835,-1.1157576,-7.317852,-3.6797652,1.7499721,2.1411731,0.55910254,3.95791,-1.5315936,0.25585625,0.32046777,-0.6000282,1.4059759,-6.799059,-2.3601904,-8.442181,-0.010812011,-9.618638,2.7426062,-0.42450476,2.7972083,-2.2288985,-2.6893532,1.4189849,1.4299375,7.31059,-2.197143,-1.6065106,-6.4674788,-1.2818677,27.074715,-2.7629325,3.1353035
211,0.6061969,5.370736,0.80693245,1.852664,0.2986939,-1.186125,1.5343597,3.627254,0.7897312,-0.34575015,4.0015464,2.136551,1.7804291,3.8116124,-1.8520818,-0.34769297,4.509372,1.7942988,-2.2563424,-2.6323416,-5.1571584,1.8445122,0.7760817,-3.2931008,-1.2436182,2.3664901,-0.9023619,0.72010714,-9.241084,-2.4947324,2.1772835,2.1981,-7.042092,0.54244864,-3.9415083,1.5750724,6.152731,7.61032,2.765101,1.5847938,3.929507,0.33861238,-2.8580778,1.1269639,1.9337403,3.4813411,3.5530047,3.35878,4.129126,5.981178,2.9843113,4.416004,4.1388345,2.2634196,1.6586385,6.2747993,5.9919405,1.4281169,-0.43796253,-7.40591,-2.2961802,-0.79064554,2.716293,-0.61141574,-0.08222552,7.2691283,4.0146956,-1.1531823,-0.2540901,0.9187835,-2.3827994,5.557477,4.554343,1.3690752,-1.285128,-0.16172114,0.39337444,7.8087115,2.250187,-5.6393013,0.81908894,4.101081,2.2829278,1.7156751,6.3831882,-2.0149279,-1.9377191,5.6149664,5.790286,3.3439999,4.3079815,3.9118364,3.5693252,2.8153026,2.463712,1.4415299,3.0367675,0.5596506,5.229214,2.7046597,-1.0059263,-2.8641448,-6.335275,-3.2434764,2.5491521,3.3687356,-0.8432696,-0.33810017,-4.422527,11.467075,-3.453679,-1.3662685,-2.724919,2.4447196,9.649936,4.09435,3.2852175,8.894468,13.375168,12.428835,8.769312,4.1128464,6.119576,-0.49206698,-0.72923005,5.6012697,3.4081287,1.2194668,2.3877504,-5.605466,0.9531469,2.3755896,2.7954903,3.0695322,0.3993299,5.0852714,3.8861597,4.845364,-1.7899088,-2.9155157,-1.4653476,0.9435163,6.19252,7.3359165,-0.39292866,-1.1878742,5.727596,9.407847,-0.3409576,-6.4992027,-0.9258467,9.007592,8.781329,2.9595292,-0.118683875,-5.6053753,-1.7315723,-4.1827493,3.9028592,12.422658,-4.4535594,5.2276187,-1.7391014,11.156829,7.607082,3.5282342,5.751306,4.6367617,-5.419642,5.7871456,4.3191485,3.0997841,-9.703911,-6.7603054,-0.4938609,-5.860599,5.6531367,1.0844079,-5.4199424,-3.4388778,2.2844763,2.5701938,1.2002385,1.2014499,0.82610065,1.7554853,4.935059,2.1686265,0.3896595,2.7902434,-3.6561117,-1.0229474,1.6185127,-0.7050728,-3.2551472,5.909037,-1.0989754,-0.6340256,0.46451297,-1.2754489,-1.5506679,-1.6210938,0.46976474,-7.4561787,0.11186354,2.7519252,-0.60520995,-2.130671,-9.70665,-9.328538,2.7396872,3.5046978,-1.6064695,-3.5193894,-6.683791,3.7108917,2.450596,1.901231,0.8511973,-1.9843307,-2.3203022,2.6226013,-2.9276645,1.742666,-0.21313696,-1.8558187,-1.8576405,-2.9886546,5.3199816,2.242037,2.2931745,3.7665505,-0.9077997,-0.8665568,0.4831387,1.8039457,4.2937064,11.64675,3.1766436,-1.1259836,-4.1000414,1.946605,-0.3265697,-2.3658903,0.61670023,6.0143175,-2.2439861,0.21224737,3.6969695,1.3727005,2.7375464,0.92911476,-0.21196082,0.44089988,2.2769158,0.20285906,1.5300419,1.3968998,-5.639424,-0.2362717,-1.0634298,1.8754596,-0.16145433,-4.021713,3.011145,-0.79928064,2.007263,6.172095,-3.547952,0.0014791782,-1.396849,2.3251662,2.6658754,5.290638,0.0506051,-1.6272988,-1.2069045,0.15088181,-2.8960617,-2.3332179,4.5612016,-0.2051209,7.212202,-2.9592385,-4.563855,4.6162057,2.955159,-3.806502,-1.9155495,9.517144,-7.292308,-0.56276834,-0.030106915,-1.7195587,5.2570915,2.6348813,-3.810739,0.33970314,11.318746,7.015561,13.219762,2.3692021,0.34433168,-2.3411684,-2.2926533,1.7989352,3.9000225,-1.0590638,3.2817686,-0.40784255,1.9614722,2.0772133,1.152757,1.1179044,5.3390756,2.3069983,0.7364304,2.5929008,0.5839514,-3.6130052,-3.410234,4.4230027,-0.22344132,-2.5427203,-2.9003236,-0.16835535,7.319296,0.25803939,0.036629267,-4.900492,-2.6662123,4.0448003,5.6973743,7.158781,7.001779,2.5597692,1.4945347,3.1652336,-0.21391276,7.865293,-6.6796155,-0.87682194,-4.4019027,12.1618,-1.3477613,2.5769372,-0.104544826,8.674885,-2.5081143,-0.065944344,4.8541594,3.1965122,4.448064,-4.4224534,-0.5293226,-2.398736,0.18718316,22.716698,2.86848,6.5076346
212,5.916039,12.131899,8.857387,5.7856407,4.872954,1.7531886,9.066905,5.5705423,1.5891777,3.0342684,8.26543,4.6484923,3.932604,3.8611245,-1.3208483,4.1962495,8.292677,4.7446017,5.1448145,2.4795032,0.9165766,5.672374,4.1326303,-3.533822,1.3146591,3.9883187,4.5471807,6.482907,-4.4233613,-1.650689,3.4128575,-0.38266405,-7.495486,-1.9369695,-5.050387,1.956473,4.795462,7.926632,2.7883158,5.1162,0.31666368,0.54980046,1.4379799,-0.8377224,1.0764314,1.3881127,3.3612342,1.2680337,2.2232811,4.537273,4.830005,5.5853558,2.5089345,1.6279314,-0.49087796,5.9920354,4.7863517,3.2140229,2.0757678,-6.343559,-2.5376842,-0.065786205,3.4785802,2.0743916,0.5519747,8.736245,3.371814,-1.5997773,0.1384417,2.6449666,-1.2110424,4.0012736,5.889337,5.976852,2.48668,2.8756886,1.197248,6.2199926,6.263987,2.5148249,4.4870358,4.820482,5.624669,2.2995791,6.777142,0.6788165,0.2570366,4.019848,5.993497,2.343173,5.181039,4.9758625,2.7224908,3.441274,-0.18468362,0.39107066,4.796181,-1.133064,3.744445,4.6244183,-0.7012769,1.5376208,2.9441051,2.0746112,5.125539,5.145212,4.6512775,1.0768688,2.0663934,8.987039,0.52537805,4.158281,2.3399985,1.6846855,9.543034,3.4252079,0.6492812,10.10689,13.482448,11.633526,21.1602,6.2116623,7.4708834,0.28688934,3.2052453,7.0839977,6.469414,5.200069,9.649947,-1.0845609,3.2705364,3.5441856,4.068846,3.5670047,1.0633491,3.1103046,7.185906,6.2802553,2.2659073,2.3410819,1.6881686,6.1307206,5.1183424,4.4506073,0.42011994,2.428232,7.535974,7.0020857,1.9016725,-4.895934,0.55548507,16.357588,10.42465,7.473857,2.287494,-2.8708618,8.918299,-0.39920965,6.0439324,18.898037,-2.5270493,3.0379627,4.703074,7.3552666,8.634098,4.5760684,6.4751215,8.898223,-2.3886638,5.1766024,5.1391606,4.143176,-7.2946076,-4.291864,1.4003806,-2.4432557,7.7298408,4.2596154,-3.739706,-1.694448,7.4530706,8.055333,5.1676354,8.170733,4.1991587,4.0913267,10.027738,2.6154852,2.006409,1.683956,-3.7218978,1.020208,6.0898337,3.417671,-3.542493,8.311651,-1.9703627,6.397809,-1.975147,1.1792423,2.0702007,1.9043171,5.4047375,-5.400541,3.4236276,5.8913584,3.1767342,1.7692217,-7.2915287,-10.183735,2.2254338,0.027963338,-6.11508,-2.73821,-7.857708,3.951043,4.3886037,2.2986383,2.2320485,2.870141,-0.49446484,1.5780164,-0.8592501,1.2853848,-1.6442424,-2.0202422,-2.8997312,-5.9997077,3.2604432,1.618361,3.336082,2.3733256,-2.006133,-0.20082854,0.9167827,3.23673,5.367742,9.0446825,6.9368234,1.4093527,1.5219469,3.7209442,4.5033565,0.1560184,-1.0619462,5.1880455,-1.6561781,0.46822476,6.485698,4.484983,3.0096247,3.2135148,1.4620641,4.8550005,6.756314,3.2254238,1.5637295,4.360554,-1.3926586,1.5602375,2.4797156,5.0518966,0.84377503,-2.5847561,4.999584,1.2963829,4.1238685,4.2851195,-3.5574377,-1.4872732,-0.93559057,3.2798476,1.7240578,7.304245,-0.27891943,-4.784148,-1.3198805,1.1727432,1.0554419,-1.7948545,2.789105,2.5968657,12.631808,-2.820622,1.2804335,4.652971,2.976482,0.21120456,-0.3965228,14.208469,-5.948749,0.26267448,2.2091873,-1.1830034,4.2994447,1.3704282,-7.0142665,3.890053,7.14335,8.067735,27.600157,4.964862,3.5281448,0.12740596,0.8229814,3.7936258,5.755155,3.3262768,3.892246,-0.506781,5.0181932,2.9321275,1.2127247,-0.09557829,8.135976,2.5874794,2.9382892,3.4242725,4.807072,3.1215343,-0.7628529,8.124787,-1.3945403,-6.14494,-2.4435713,-0.3219367,5.2338324,2.555938,0.681171,-2.335748,-2.8601518,9.990797,9.26869,14.965014,5.8526144,8.420736,4.2829986,7.014754,2.649627,12.939382,-8.675378,-1.2028695,2.1422806,19.608004,4.6076355,2.3452075,2.709992,13.985137,-1.4122014,1.5454613,6.9597425,3.6492047,2.2918859,-6.391726,1.5339129,0.7044657,1.3727661,6.05694,5.479001,5.832619
213,10.781553,13.919481,15.71587,9.355997,9.206622,5.663887,11.055293,6.225806,2.4498425,4.9418344,9.483699,5.8815255,9.02612,2.962725,-0.17808676,11.425397,10.71588,5.2091203,11.950734,9.495536,6.0215654,6.4326496,8.026787,-1.0245565,3.9385417,4.5888424,6.101435,12.084104,-1.9821084,-5.128332,3.06764,-3.2925713,-11.962738,-5.3030357,-4.5974684,1.3209391,2.407435,5.1161165,2.4329722,8.325124,-1.21929,1.4124523,5.3494573,-1.9422791,-1.6125609,-0.17098264,3.0922868,-0.734881,0.6025119,2.091518,5.4758325,4.9549947,1.3639425,0.52439433,-1.5147808,3.665939,3.323454,6.2119327,2.5877013,-4.574428,-1.8952961,0.32904103,3.534465,2.1387255,-1.2783568,8.917069,1.0348275,-1.5679545,-1.0281299,2.350189,0.11887906,0.503672,3.0855954,9.392278,5.4193187,5.14012,0.9997621,3.6386058,6.8206506,7.9242516,6.965991,6.2053266,6.421369,1.6033794,4.523826,1.7646288,-0.06430866,-1.3946415,3.1794083,-0.55006284,4.116345,7.3156867,1.3719707,3.0065875,-2.9254313,-1.447681,4.191814,-3.5059884,2.4868846,6.090315,1.7841427,5.936162,14.166021,7.1218987,5.720795,9.031806,10.334755,1.9936332,8.781259,2.9221733,2.9735668,7.188208,8.102254,3.3133788,10.171324,1.6665591,-1.2561558,8.40207,10.5250435,8.891479,28.73612,5.7918887,5.531229,2.7447858,5.7361765,6.27843,6.0737133,6.8554997,13.185625,3.3158066,4.207789,2.4747484,3.7626832,1.5314558,0.81234795,0.3658475,9.38659,6.946381,6.6683006,6.4433455,4.7738457,10.929782,3.4654698,2.0264359,1.4970566,6.611732,7.343452,4.3882313,2.834821,-4.5524793,0.58790296,20.412575,7.854237,6.2168913,5.0917883,3.3910832,17.988337,7.093861,7.863834,17.127216,-1.4336467,-0.33321962,8.097355,-1.6564912,4.4453354,1.7437276,8.455062,9.850173,1.9623644,2.6176703,5.8522143,3.1724305,0.197891,0.6659927,4.889564,-0.39979884,5.981746,9.931594,-3.1444454,0.15633695,12.605505,10.975535,9.066998,14.538876,7.234545,5.5325894,9.768836,2.381021,3.6118226,1.3081543,-2.454692,4.271337,12.89802,2.0487309,-5.986892,11.286194,-0.5721486,10.461452,-2.7482967,4.302559,5.824695,4.8011527,10.429979,-0.27549416,5.489422,7.6801157,3.7789218,5.474934,-5.730052,-11.420494,1.4340737,-3.4827778,-13.882114,-4.5273194,-5.6914034,2.4832373,3.9405963,1.7157512,3.5589676,9.780815,4.4214344,-0.64866024,-0.30882084,0.46352342,-2.523873,-2.4522161,-3.3962812,-6.036187,0.15433162,-0.95780444,3.7050197,1.1328591,-0.8667921,0.8125697,1.293087,3.2817905,7.625584,5.4312844,8.905335,2.3354354,8.215133,2.9640949,5.76151,1.805464,-4.2590446,4.7447715,-0.65450007,-0.33093044,5.208855,4.9464073,1.9631462,2.1608715,2.732915,7.75203,8.53893,5.532718,1.9483802,7.29203,3.1697507,2.2673512,6.310644,6.6722054,0.4346831,-0.36749834,4.4336143,2.4460251,4.6413817,-0.86210775,-2.5084467,-2.444346,1.349497,3.67632,-1.3614829,6.322149,0.4038642,-5.6522527,-0.6243293,0.640804,5.2054315,1.3512164,-1.1602798,7.4443,18.000198,3.1485372,7.48619,5.1158977,3.6175618,4.0247,-0.061190177,17.228626,-4.341873,-0.23825014,4.968899,0.64727646,3.5830374,-1.3693084,-7.7937803,6.575548,2.2901523,7.873669,34.428432,5.912262,5.258293,3.4806182,3.0999568,6.449271,4.7908173,5.9496737,2.428039,-1.4669183,5.339285,1.3013533,0.12116727,-0.00788787,8.891312,3.5007796,4.6994247,3.8160005,8.466186,9.885269,2.2490997,11.699709,-1.8283647,-7.1399364,-2.7743366,0.35201845,2.6244178,4.5444193,-0.0021843233,-0.9420805,-3.8681192,15.56558,9.723603,18.84175,1.467497,12.250434,6.8363543,9.620316,6.1209702,12.896536,-9.773982,-2.4400373,6.2964063,19.805086,7.403893,2.227531,7.379108,15.347045,-0.6156135,0.57345676,7.960054,2.7214901,3.2203782,-5.0144672,4.380722,0.70057887,1.5289719,-7.8141127,3.4527647,2.6436877
214,11.912426,7.2997313,17.018332,9.648538,10.055061,7.9239984,5.9538584,4.4041195,2.3619363,3.9090068,7.7546573,4.65196,13.504353,3.4563792,2.5318148,15.547434,9.739541,2.8463106,13.06304,13.320046,6.6955795,3.2809896,9.479072,4.0037866,4.967252,4.591795,3.1845744,13.05227,-2.3062577,-7.9883084,2.9346745,-3.4421406,-14.576392,-4.989019,-1.0167443,0.15343632,0.8447981,1.5324047,1.5120782,8.821384,-0.8424783,1.7091646,6.470641,-1.8014237,-5.2441235,-1.6891658,2.1595201,-1.680161,-0.8570517,-0.13107617,4.6340127,3.1771443,0.22174744,-0.6927912,-0.9791096,0.34737387,2.5256073,7.8110228,1.6482228,-3.6402423,0.28155828,0.5387764,3.6478548,0.57934296,-2.2852347,8.675219,-1.3834559,-0.6877178,-2.1310687,0.9793209,1.0870898,-2.360668,-1.3057585,10.186029,6.6953144,5.509975,-0.20492576,1.6256707,5.3121266,7.6273527,8.42421,8.494561,5.0610113,0.27476102,1.3354073,0.27920356,-1.4095634,-5.763047,-0.26236272,-3.3182557,1.8431809,9.267413,0.5697687,2.5574424,-4.060666,-3.907483,1.5922431,-3.9263391,3.2407901,6.6515245,5.6007066,7.9077373,19.020031,10.008426,4.3834286,12.429699,14.078585,2.265747,12.399416,-2.385534,3.0345087,6.7164273,10.983015,5.45891,11.037947,-0.22941148,-1.3087908,5.838743,7.6500106,6.7061334,26.526585,4.0402193,2.1114562,5.9886928,5.6382318,4.636278,2.3231769,5.8602724,11.832464,5.818208,3.5853682,0.3652116,2.7071452,-1.3714117,-0.12937793,-1.0341059,8.709401,5.692667,7.8013296,7.1180115,5.237084,12.515787,1.6606617,1.6953349,2.2674248,7.8322835,5.5428686,2.7611072,2.663758,-3.979319,0.011975642,17.705627,1.4231856,-0.112682804,7.7873683,7.8058467,18.326471,13.328879,7.5551677,5.917986,0.16998018,0.18943104,6.006832,-10.162199,-0.51397395,-2.1334016,12.050926,7.693174,4.8617406,-0.5886278,6.7185097,0.916508,9.967806,5.1392093,8.3025055,1.3250834,1.3683807,13.9489565,-2.9940171,1.1946177,13.823323,8.917733,9.5053835,15.244055,7.418546,4.6057935,4.28302,1.1729176,3.5483897,1.359569,-1.0344155,5.610797,17.497124,-0.8723668,-6.496455,12.409343,1.6695043,8.8517065,-3.1365206,5.8155546,7.024449,4.99671,11.221336,4.8580046,5.2020717,7.2789526,1.757307,6.480958,-4.518575,-10.85064,1.8113877,-3.2254772,-17.636566,-5.1005235,-1.1594077,0.4355522,2.537597,1.1439823,3.5825827,14.798943,9.6353035,-2.5519328,-2.1554527,0.30977058,-2.9090328,-2.7868931,-3.6155567,-3.912794,-2.5289073,-4.164093,3.006188,-0.025979567,1.14158,0.9187688,1.9573779,0.8793503,9.391773,3.3474202,7.255885,1.7287879,11.972608,0.40140077,3.6146474,2.2318497,-5.197159,5.486421,0.4106996,-0.46417677,1.7530621,2.4729066,1.0119231,-1.5258701,2.684224,7.053989,6.4681587,6.002296,2.4886272,8.132783,4.659187,0.77957964,8.5518055,5.978551,-0.49062416,1.802853,1.6039484,1.8898904,3.3905282,-5.7218227,-1.6087025,-3.0192173,4.541971,3.7621508,-4.242522,3.4510295,2.7139013,-3.847804,0.033658754,0.15696867,6.832465,5.3685927,-3.75505,11.203681,17.003977,11.4746685,11.119919,5.882192,4.5438347,4.932969,-0.27639583,16.983246,-2.6868646,-0.7253766,5.5474896,1.8792833,3.9540823,-4.040229,-5.568852,7.0377884,1.649312,6.2892857,29.365774,5.9009943,4.8494825,5.7021213,2.921704,8.282754,2.4380593,5.7828603,-1.0306622,-2.0489721,3.3748171,-1.6329621,-0.74784315,1.2273937,6.9713125,4.5533104,4.831794,3.1375248,8.751779,11.474965,3.7257774,13.836476,-0.5721537,-4.6304297,-3.2160022,1.0825222,2.314934,4.8772125,-1.352853,-0.9908006,-4.336849,15.99872,5.895483,15.736981,-2.892585,10.806788,6.783514,8.961714,6.9450545,6.85888,-6.643409,-1.6469015,4.5961413,14.023915,8.570545,1.818758,10.96887,11.078343,-1.2856075,-2.3470757,7.996117,0.6713535,6.712692,0.3700129,6.5480328,-1.7375412,0.8757555,-8.489574,-0.9629387,0.036569353
215,7.949756,-4.8759556,12.1955595,5.3488827,6.0440497,6.346368,-2.5514197,0.52107835,0.9164895,0.80452543,5.016029,1.7461201,13.406038,5.7830315,6.786941,11.88062,5.078773,-0.7220583,7.5302043,10.34638,2.772858,-1.6676762,6.7232,8.966617,3.3969595,4.5279446,-1.4460614,7.929885,-3.1689904,-5.4098167,3.8835082,0.7976748,-10.539119,0.42525232,4.4983644,-1.0871483,0.6500196,0.33446494,-0.014644149,5.829765,0.20151128,0.84275174,4.547041,-0.8042909,-7.691622,-3.5256035,0.2615427,-1.244727,-2.5720427,-1.7059351,2.6244314,1.3878871,-1.0170454,-1.5924103,0.2814805,-2.536283,2.3725355,5.151799,0.79562986,-3.4999752,3.3758852,0.8097524,4.2930856,-0.42676267,-0.23035206,7.4826407,-2.1942217,0.65737015,-1.5340257,0.058686353,1.6011616,-3.0859094,-3.5054011,8.405417,6.5762296,4.246846,-1.6602196,0.9147215,4.058539,2.4821703,9.415396,10.04318,3.643663,-0.3685498,-0.31271183,-2.3333118,-0.9804057,-5.7575407,-1.4934455,-3.9814384,-0.08812747,8.362382,0.41940123,2.7804847,-2.9655323,-5.647681,-0.8519701,-1.4400185,5.187094,5.8288393,8.414279,6.5873804,14.388982,9.468819,1.8647813,11.939328,14.072869,2.1400754,11.408665,-3.3859913,1.9766741,4.5213547,8.835161,5.3754253,10.907297,-1.5942665,0.09802943,2.7672791,5.851539,4.977212,14.70809,2.036538,-0.19040328,7.6733584,3.6408446,3.191172,-2.4858983,3.8298235,8.148352,6.740694,2.0602062,-1.0292658,1.9177794,-2.9746768,-1.1053959,-0.5289407,4.903337,2.1173239,4.434099,4.487879,2.615253,9.854934,-0.35705698,3.5448315,2.6476402,4.347139,2.6905782,1.8032742,2.5275574,-1.287911,0.39657196,8.934819,-5.7168207,-6.758256,7.8859124,6.154657,8.785638,13.343141,3.8112664,-10.094015,3.426194,6.0044894,-0.13813215,-12.543389,-3.0885968,-3.5363238,14.818532,3.912092,4.856963,-2.5776153,7.324927,-1.2534506,16.492828,6.52073,9.070316,4.353724,-2.9880822,13.067152,-1.2834045,1.3433453,9.2665205,2.8091347,5.7150984,8.612882,3.971605,1.2337619,-2.3417802,-0.57171637,1.472182,1.068538,-0.47838402,3.3767107,15.927359,-0.33459926,-1.6832744,9.529223,2.761181,2.9666834,-4.1036453,4.3388553,4.762176,2.6116064,6.385517,7.044412,3.222705,5.388054,-0.32280305,4.4503884,-2.3334603,-6.615491,3.026949,2.1442118,-12.535784,-0.6669411,2.818101,-0.83352363,1.8880136,1.8765237,1.663754,14.38837,10.741117,-3.125809,-4.2865443,1.162599,-3.1498082,-2.7692003,-3.1889367,-1.4463549,-3.9277523,-5.9574285,1.3645853,-1.5093787,2.4198267,-0.5487119,2.3164608,-2.695228,8.765995,3.494539,2.870369,0.7161855,10.661765,-1.9175004,1.0513877,2.2441099,-1.762555,6.0203624,1.2537766,0.50863636,-0.87849015,-1.4645784,0.48565206,-5.4400883,1.157901,3.4058251,2.2465937,4.631113,2.5631077,5.8008037,2.4566245,-2.3842752,8.311166,3.4355223,-0.7949451,3.0618238,-1.3491518,0.15795569,1.1348621,-7.446186,-1.5724415,-3.3306983,6.4275727,3.2442336,-4.8778515,0.6978215,6.0363445,-0.80351245,0.32807815,0.67151034,4.430983,7.04456,-2.8639336,10.898736,7.448322,15.2899475,10.146911,6.0209966,4.7754374,3.2193105,0.47159865,12.376179,-0.49636954,-0.18875858,2.5857449,1.9829162,4.844183,-4.912212,-1.3599501,4.5316973,4.4406786,3.3594415,15.171568,5.278591,2.9808462,5.3429623,1.2123469,7.8038116,0.024821388,3.8215828,-3.899039,-1.1594362,0.8719949,-3.5414565,-0.36217293,2.4581816,2.9604158,4.284552,3.2221591,1.2607846,5.1653776,6.6173625,2.7210362,13.493981,1.2904859,-0.043561276,-2.3846889,1.0975953,4.122774,3.4284735,-1.5743479,-1.1437179,-3.117887,10.006299,-0.29351705,7.140135,-4.2386475,4.2911277,3.2997417,4.830381,3.4826248,-2.1638975,1.2621022,3.2580993,-1.7641406,4.88138,8.7193985,0.70915526,10.756291,3.2266119,-2.9816725,-5.050354,6.7184463,-1.8352337,9.834227,7.1410074,6.485223,-3.4568734,0.33856288,2.357174,-3.4429495,0.26336545
216,0.98312634,-15.217498,4.8903894,-1.5882988,-0.75637597,1.3955868,-8.233331,-3.2628987,-0.9380079,-1.8277446,3.5198557,-0.3736545,8.1027565,8.605403,11.191296,1.577664,-0.96946174,-2.885758,-0.39307222,1.7409886,-2.2913299,-5.0143127,0.9816009,11.374922,0.17155524,4.5665274,-3.8829541,-0.16427428,-1.9204831,3.318016,5.647295,8.264663,-0.8060402,7.780255,8.786051,-1.8496557,0.9963241,3.0876477,-1.6995612,1.5702046,1.3512931,-0.5630625,1.7919437,0.53449523,-7.1801023,-4.9713297,-2.0553086,-0.15575115,-4.3739676,-2.7753022,0.3017519,0.43068185,-1.5568038,-1.7744219,1.1483953,-4.001831,2.5579011,-1.2577667,1.3161372,-2.5092275,5.987481,1.3362169,5.5317974,0.3635682,4.231083,4.4172873,-0.77314395,1.7480005,1.1444842,0.3370311,2.1041038,-2.2665076,-1.709303,5.5882874,5.984911,2.961046,-2.3297148,1.2307199,4.4474797,-3.6366227,10.199409,9.017293,3.981271,0.64337134,0.8321735,-3.3807993,2.6866505,-2.227245,0.3469835,-2.278194,-0.45284176,4.1141148,0.32874823,3.3420982,-0.6093105,-5.074296,-0.7723742,2.5884695,6.2295575,3.9024131,8.513253,3.1925235,4.6692896,6.1424694,-0.28722656,6.6490054,10.484615,2.1033273,7.182976,0.35161823,1.7353401,2.9956722,3.2101192,2.4952154,9.387943,-2.0418334,1.4543108,-1.4274867,4.439952,2.12914,-0.67505294,0.13276348,0.1335816,6.522629,1.9686024,2.1547387,-5.080581,2.8963864,6.0433626,8.238623,0.7568876,-0.7406836,2.043412,-2.1094482,-1.2688546,0.8159212,0.06459511,-2.3973956,-0.9653147,1.0378922,-1.1168244,4.833532,-2.4431157,6.010984,3.0218143,-1.9280843,-0.4712268,0.89015096,3.4347458,3.8936117,2.4210327,-1.050137,-9.855639,-8.963808,3.6431966,-0.7230337,-4.5625653,6.7295694,-2.4958503,-22.529488,8.011482,13.481016,-6.0419073,-7.816909,-3.5831978,-1.4691092,14.015843,0.17734091,3.0184855,-2.1874595,7.003687,-2.287256,16.04987,4.3699656,6.4176235,8.952239,-4.196986,8.016134,3.0764217,1.5465552,1.2005866,-3.4481971,0.41587707,-1.8290058,-1.3393247,-2.766815,-5.3498187,-1.7555515,-1.1088034,0.09587427,-0.7009365,-1.0152842,8.183826,5.532469,7.8963995,3.1039517,1.9090872,-2.511889,-5.37127,0.6200149,0.6963083,-0.3051772,-1.2178421,6.014751,1.496817,3.6869428,0.075478695,1.4887898,1.9149501,1.5252184,3.8289866,10.075933,-0.25373092,8.825929,4.3659368,-0.25624552,2.8590043,4.714417,-1.4353431,9.225342,6.1787906,-2.4660125,-3.2329419,2.5143092,-3.2280424,-2.3348057,-1.3620459,0.4826692,-4.087124,-5.0817256,-0.34583178,-3.1931684,2.5018845,-2.7909,1.6509503,-4.5984364,6.337304,5.409593,-0.86785084,0.7335533,5.6002655,-1.7598588,1.3222069,3.1146572,4.7112293,4.663317,2.1224,1.8300384,-0.695322,-4.609837,-0.22249955,-7.0029464,-0.6810767,-0.108335614,-0.69035614,2.625903,1.9651855,1.7432338,-0.663638,-4.879465,6.504255,0.6796775,0.032525603,3.289237,-2.225964,-1.1751356,-0.88247514,-5.7808123,-1.8664362,-3.3645427,5.5153055,1.6099828,-3.0876033,-0.41980708,9.159781,1.5747875,0.9168772,2.1721392,-0.35129875,4.7462897,0.8352443,6.872891,-5.773371,11.096826,5.1095433,5.113957,4.0562654,2.06171,3.0374773,5.2964287,2.5910447,1.1974801,-1.9986516,2.6602008,5.005551,-3.350846,3.2487164,-0.13155279,6.510842,0.08579313,-0.2114368,3.9218593,1.3183036,2.674721,0.6356257,4.5493793,-1.776747,2.3541608,-2.942517,1.5288439,-0.30810276,-2.7554579,1.3839089,2.8400147,-1.1348234,2.4929457,1.2271866,-0.9088271,0.47959176,-0.87411046,0.55365676,11.00484,1.9929407,4.5191483,0.77267003,0.40774953,5.8162646,1.718264,0.8600134,0.7037708,-0.10229337,1.1191678,-5.2307653,-2.1462882,-2.0429308,-3.4914079,-1.7436101,-0.8703149,-2.4206407,-9.373426,10.972651,11.1918545,-7.573045,-4.9966774,6.693062,-0.73388344,6.9824386,-3.3512836,-3.6433766,-5.6483417,4.066389,-3.775421,9.815221,11.571091,4.1288095,-1.2464205,0.7523868,15.041906,-0.9114106,3.3852994
217,-4.7815647,-17.656588,-0.021400781,-7.031178,-6.1050262,-3.7392142,-7.3041754,-4.5801334,-1.5652838,-1.8888528,4.1085505,0.37948844,1.0490334,10.607864,14.027799,-8.6522255,-4.9813275,-1.9204863,-4.910992,-7.105683,-4.277059,-4.691038,-4.2504306,10.863937,-2.132886,4.452546,-1.9576929,-6.102054,2.4488895,14.404122,7.598246,15.514581,8.779307,12.35696,9.274899,-1.4955698,1.157739,8.443572,-2.683163,-0.22245894,2.9175785,-1.3189644,1.0040438,2.117415,-3.7112615,-4.635825,-3.573949,0.39847162,-5.1796546,-3.2094226,-1.3487543,0.38880807,-0.45174187,-1.0657103,1.253152,-3.9252045,3.0837562,-6.863856,3.3471425,0.77419204,7.166469,2.18699,7.188874,2.4508493,8.623375,0.0936497,2.2210782,2.3132398,4.818463,1.4235317,3.0785882,-1.5320888,2.7291665,3.661361,5.6032314,3.222801,-1.5714108,1.8358821,6.2792015,-6.688299,10.5617,5.559431,6.0353217,3.2565064,4.0066805,-1.1625779,8.32134,1.2291019,3.791901,0.37557364,0.81371135,-0.94701743,-0.019785715,3.2559667,1.1858147,-1.811988,2.5358758,6.00478,5.4639935,2.1181939,6.19194,-0.14920327,-2.7494051,2.5146434,-0.41975182,-0.5227833,5.877211,2.4137526,2.7983315,6.098228,3.033541,2.9134476,-1.5385145,-0.5924357,7.2856784,-1.3624316,1.558697,-5.9348855,3.0551233,-2.1533563,-11.472189,-1.5010151,2.5951686,3.7721,2.5974302,1.4181174,-3.1454396,3.9624515,7.351963,12.048486,0.6366989,0.7727798,3.1913702,0.73186165,-0.10282759,1.6821561,-2.5816157,-5.186779,-4.3270717,-0.32579613,-3.4558282,0.9975696,-3.7605155,7.115374,3.7829611,-6.6705074,-2.87418,0.31486762,5.473541,9.787684,5.2544293,-6.6115637,-9.566988,-5.876973,-3.130139,-7.5895743,-13.24121,-1.791596,-8.237723,-24.654415,12.099966,17.488356,-7.811749,-0.4247151,-3.882194,1.763075,9.44039,-2.3947914,1.8286338,0.2786078,5.691068,-1.9768026,9.773331,0.4883985,2.487162,13.601572,-1.7429926,2.5774832,8.572217,2.9352458,-5.4935975,-5.818062,-2.5077412,-9.869044,-5.46114,-4.8937993,-3.1949987,-1.4647439,-2.0969071,-1.0727912,-0.725851,-4.33967,-1.5386549,14.52122,18.033972,-3.680383,0.04568392,-3.298232,-5.990988,-2.952117,-2.2977455,-1.6193417,-6.846452,4.263008,1.601307,3.3370547,3.6596355,0.275089,8.264436,11.791131,3.7173278,15.76269,12.483022,19.267704,4.416101,2.4728904,5.33318,9.01122,-3.8444903,4.1587677,-0.6297448,-1.2982368,2.402995,3.6621196,-2.4517083,-1.3022826,2.0994053,2.548228,-3.3754075,-1.929422,-1.0291142,-4.1521816,1.9643661,-3.9997153,0.25514862,-2.9476445,5.00269,8.475847,-0.66929376,2.514629,0.7444391,1.7933056,5.2709355,5.525204,10.725723,1.8570175,3.6817493,2.9669888,2.3007119,-5.265378,-1.332286,-4.9870257,-0.94837224,-0.47684845,0.051509,1.574873,1.4981076,-0.8001635,-1.0765641,-4.1513925,5.0440426,-0.38661236,1.7011722,3.364002,-0.3208958,-0.5228993,-1.6308346,-2.6140397,-1.0006808,-3.072993,2.6236384,-0.92184174,-0.38971117,0.1962182,11.157482,2.4620922,2.7289991,4.4539566,-3.4002762,0.19906224,4.775451,2.802304,-14.014676,2.2690449,-0.87977576,4.042009,3.2944226,4.488475,6.5242457,0.40699312,6.113012,2.5408838,-4.062551,5.956342,3.9728336,-0.20761982,7.1135926,-4.411503,5.468029,-1.6779745,-9.354613,2.0397084,1.4008626,-0.51739967,3.0836773,-0.40416875,-2.3408759,3.124065,2.5818613,5.465629,0.7155299,0.49652037,3.8952827,2.7151365,-2.9284112,1.2082365,0.7623611,-1.8003001,-1.40649,-5.3541536,-0.012280212,8.224122,1.2776982,8.034209,5.9821625,-0.26119527,5.873251,1.7054372,5.757228,5.6515822,3.822261,-5.212338,-6.456383,-7.7736616,1.7970902,-8.054913,-5.01502,-5.4118843,-6.646352,-11.721885,18.203373,18.403234,-7.852307,-12.365608,2.0730612,-1.3555331,2.8920407,-4.5398703,-1.091523,-3.8485854,1.1268897,-4.187571,6.2879443,11.729211,1.18633,5.3137755,2.1799946,21.208973,6.0406847,7.5193934
218,-6.3247414,-12.172533,-0.32899225,-7.8791194,-6.8724284,-5.595237,-1.4721371,-2.8442857,-0.28352374,0.53051305,5.6475286,3.6665518,-3.2690754,11.698986,14.633028,-11.926823,-5.0621877,1.6177905,-3.6746728,-10.739828,-1.7441499,-1.3838582,-5.954785,8.577261,-1.3394222,3.8067465,3.4028392,-7.0757008,8.964409,22.740992,9.36322,18.743399,12.864589,12.038014,5.894699,0.26709983,1.6155483,12.986751,-2.281986,2.2894409,4.6703067,-0.8446385,3.011748,4.024224,0.91467184,-1.9218119,-3.336879,-0.16009788,-3.8275752,-2.3781593,-1.7765173,0.75198,2.0437374,0.2735366,0.99819285,-2.9390836,3.939879,-6.783084,5.8006864,5.6527348,7.0897326,3.1661973,8.743531,4.5608597,11.067439,-3.01687,5.3900366,2.7987766,7.7830267,2.4845996,4.4515224,-1.7320343,6.78936,3.4692793,5.3111672,4.983571,0.38748685,2.0826185,8.370089,-5.1137238,10.086756,2.0538697,8.037834,6.3971624,7.118821,3.528427,12.919866,1.979309,6.7022867,2.3245661,2.6464643,-3.3198938,-0.21654421,1.8795846,1.1123247,2.6426377,7.3926144,7.808697,3.97367,1.7260591,3.1400445,-2.1636348,-4.171787,1.0444618,1.8482664,-5.0939927,3.4355233,2.6523721,0.56993705,10.068454,4.674471,3.181712,-1.8163176,-0.57771295,5.4229703,0.31270248,0.5476175,-7.896377,2.5445318,-5.852044,-13.123186,-2.1692765,5.296407,1.8197805,5.575742,1.1112578,3.1123738,6.155599,10.382517,17.300657,1.8797477,2.1192935,4.971808,3.9056807,2.1140475,1.7411401,-1.2032465,-4.341483,-3.5677495,1.4736998,-3.5215428,0.7711387,-3.201228,5.862595,4.8693137,-6.6337943,-3.5084271,0.9181671,7.7972126,13.758173,7.3580956,-5.5132494,-6.646622,-0.8571092,-7.53881,-9.383044,-13.050954,-6.4630356,-10.095823,-16.191654,13.586998,15.9904175,-4.8645954,3.5357862,-4.309383,2.8658564,3.5609324,-3.4587178,2.7125409,3.2768316,4.164924,-0.7765074,2.2607007,-2.6724155,0.44365865,16.34491,2.3523593,-0.19650038,11.823646,5.5503025,-7.257846,-3.193252,-1.403498,-11.456137,-6.3786945,-4.0135956,1.3300483,0.11087283,-0.7799729,-1.5810194,0.11761634,-4.465766,-8.019871,22.603596,24.175735,-7.37932,-1.2204474,0.98354197,-5.5502186,-4.172449,-2.4558647,-0.81746453,-7.7252274,4.4439497,3.3948922,3.8827481,8.935472,1.7634324,15.440785,21.028553,3.4589272,15.525438,19.239614,25.3573,5.2872906,6.580686,8.55074,12.398092,-3.9096403,3.786546,-4.011861,-0.17538722,9.986071,4.350447,-0.031955034,0.72334737,6.2111397,5.637917,-1.9354527,1.8547621,-0.29836166,-3.4547412,1.3204172,-2.923156,-0.59265316,1.2303786,6.673596,11.775054,3.7183006,5.396895,-0.21463613,7.3299823,10.59585,8.771841,13.465826,0.25252226,6.2300334,4.3840146,6.490108,-3.2739344,-1.930128,-0.22692959,1.3779343,2.6141865,3.7391698,2.2262068,2.3770423,0.43530682,2.2405307,0.29715255,5.057296,1.0737375,3.504975,4.383439,3.3082144,2.4946957,-0.886244,-0.08403765,2.2392182,-2.5892458,0.28265256,-3.1318312,1.4922453,1.3659958,11.522467,2.4497023,5.7437086,7.5263934,-1.5849011,-2.9237664,6.539745,2.2175462,-11.968183,-4.3087773,-4.2198205,4.114093,3.4970036,10.096539,8.70973,1.3361582,8.803761,3.217799,-0.85551196,11.428662,2.639335,2.8710198,9.654822,-5.3629584,2.892861,-0.5091794,-10.259095,0.7248988,3.551425,-2.3959732,7.739787,-4.846094,-0.7591993,5.853904,9.500981,9.394376,3.3836708,4.368621,6.3769255,3.0755835,-1.3896775,2.9203455,2.6872904,-0.39954212,0.9976981,-4.0082035,2.7597318,7.0902805,0.9502995,10.632537,11.45609,-0.20348397,4.8495927,3.8876746,10.898145,12.525123,7.4026155,-6.1345315,-4.4865336,-8.796003,4.9694414,-7.7426853,-4.505894,-7.0849648,-6.1860614,-9.81095,20.4028,21.260132,-2.1141696,-13.345413,-2.4423552,-0.20314546,1.7384875,-0.23544236,4.8334446,-0.8331167,-0.3291314,-2.7838933,1.3159513,8.427006,-0.32109475,12.930679,3.850997,19.057148,13.3622055,10.045458
219,-4.174442,-4.1274843,1.9968833,-4.5799937,-3.5061154,-3.312124,3.6452188,0.18542513,1.6946459,3.285522,6.0669293,6.6859727,-3.2794483,12.405043,13.701185,-6.8951936,-2.298189,5.191975,0.57341427,-7.8745484,2.9336326,2.2410316,-3.933838,5.0301085,2.252878,2.4703531,9.202628,-4.6393533,15.811456,25.689198,10.786037,16.001358,11.2493925,8.598399,0.86078626,2.878328,3.4287732,13.689708,-0.6429121,6.9505134,5.004587,0.32154736,5.795249,5.813938,4.5167847,1.9595993,-1.545346,-1.2951365,-0.43273455,0.058249146,-1.2036358,0.97628486,4.087628,1.5603254,0.7197012,-1.9737259,4.425597,-0.6674294,7.057856,9.307092,6.5587645,3.7157443,9.054485,6.068673,11.529485,-2.7212925,7.298629,3.8157883,8.8670845,3.0410964,5.5373144,-2.2768989,8.208499,4.110178,4.4311256,6.3690143,2.4884322,1.5484126,9.483123,-0.4222716,8.489452,1.0124229,8.003028,8.515908,8.088647,7.8579974,14.116994,0.6295365,7.9853806,2.9262831,3.618953,-1.8120912,0.3043574,-0.38814834,-0.71892035,5.8136077,10.79478,8.580611,3.2245278,2.6578572,0.706532,-3.0993922,-1.912039,1.9802564,4.8428984,-4.9548106,4.219899,1.8633896,0.476612,10.0732,4.571248,2.4684575,2.0978813,2.9556937,3.480275,2.2919586,-0.4458485,-4.842462,3.8404858,-6.4218535,-7.626466,-0.92411464,6.3788342,1.5499188,8.84337,1.5601515,10.784466,7.8251987,11.606035,20.646397,3.6683662,2.1568952,6.5966,5.804022,4.3414054,1.5721228,2.9844134,-0.55448747,-0.2953639,5.005519,-2.365352,3.5775702,-0.41639376,2.649857,5.7134924,-2.320983,-2.2437632,2.5800216,9.2163315,14.412551,7.780751,-0.4604895,-4.2809324,1.8658574,-5.4927754,-5.4269905,-6.7990785,-5.4093843,-7.190466,-3.5168617,11.693761,11.303308,-0.10036503,1.3701985,-3.0176995,0.6684121,-1.0215107,-3.323171,4.5662174,5.0351257,3.2570114,0.689762,-2.760911,-3.8277912,1.3376602,16.470037,5.308025,-0.5828296,10.363235,7.8994155,-4.679337,1.8905002,1.8281094,-7.6462493,-4.5242667,-1.3668151,3.6247709,1.6366549,1.4015217,-1.0214494,1.2555497,-2.1323652,-8.893234,26.710808,24.613321,-7.083684,-1.1041738,6.541314,-4.635513,-2.6464107,-0.40269202,0.8666194,-4.902555,6.651185,5.1693573,3.624428,13.284607,4.501389,21.29748,26.122612,4.0390234,9.303298,18.296621,24.244411,7.679196,10.319095,11.382927,12.020966,-1.527702,7.8302064,-1.2543453,0.77601063,14.482377,4.727228,3.8797739,3.8906019,9.04864,9.078586,0.13028805,4.5786157,1.0959325,-1.2651353,0.3787918,-0.13152224,0.04071781,4.6076593,9.415837,13.358548,8.894774,7.4957533,3.2164974,11.558744,13.478502,10.9010515,12.590513,2.0214388,8.994222,6.643106,9.682061,-0.11668061,-0.8274525,4.852513,5.2304444,6.3602633,6.9946966,3.8084688,4.784947,4.4036517,6.5795164,6.076051,5.807109,4.055514,4.764812,6.4189982,6.6837907,6.5410624,0.6050914,0.877504,7.502435,-2.3492475,0.3764039,-3.7951353,1.9884964,1.6775877,9.800942,2.5192463,8.571415,10.971552,3.9945807,-2.3315353,5.273059,4.8929424,-2.2128263,-4.9212976,-3.4839792,5.3594007,4.3834424,14.751888,7.733447,6.7223253,9.304702,3.25816,5.971739,15.478765,2.2451208,4.540199,10.364726,-1.8459252,1.8316119,3.213608,-6.644065,1.3056672,6.5895762,-2.5155113,11.4980955,-6.5621386,3.3053033,8.393108,12.763403,11.704109,6.058705,6.8422484,8.077786,4.175294,2.1988611,7.730951,5.8768783,2.6931386,5.1883163,1.1681638,7.7532587,7.758439,3.022899,12.253042,14.796063,0.67967,4.1144567,6.5195284,13.301081,18.3306,9.628126,-3.4427361,-2.0139573,-7.377763,6.725619,-4.715067,-1.3310771,-6.123367,-1.665657,-6.5816884,18.113794,18.778889,5.1603956,-6.031337,-2.4392784,2.3598723,3.6351645,5.576703,11.330543,1.8772188,0.45914042,-0.25022212,-2.529602,3.827125,0.11006951,16.703262,4.722868,11.389172,16.248854,8.998639
220,-1.6231167,0.91957194,2.9139054,-0.60810006,0.53996545,0.71716046,3.3987157,1.9003303,2.1882107,4.026158,4.126154,6.41814,-1.3954216,12.5428,12.353042,1.4208331,0.38221765,6.2047014,3.0622523,-2.021968,5.9279876,3.711672,-0.6220435,-0.5331392,5.7845116,0.6553014,12.705051,-2.7102196,21.56976,24.40663,11.691898,8.471475,8.590782,5.4269795,-3.0604389,5.0189877,6.5622983,10.10314,1.1580064,9.201242,2.276685,1.1156323,6.225567,6.3464766,6.1304884,4.654955,0.45373428,-1.9496396,3.1447868,3.2259285,-0.44252294,0.87230957,3.5974722,2.028662,0.10306102,-1.7190813,3.3035984,6.2735677,6.011678,9.084625,6.0327244,3.1654532,6.7099695,7.3535485,11.085975,0.3491769,6.9953814,5.3825727,8.088682,3.085275,5.640812,-2.1012347,6.7126503,3.727197,2.4998856,5.2810535,3.44179,-0.041298207,8.89066,4.4098015,5.793841,2.6113098,5.2620277,8.334222,5.904479,9.018103,11.850113,-0.09622824,7.803845,2.5344183,2.8571346,1.2213372,1.4145795,-2.3163369,-2.9742968,6.024599,10.511772,9.25813,3.0830643,3.3069327,-1.0540925,-3.7577927,-0.5061569,3.0621274,5.807394,-2.1772475,6.0396786,-0.56530297,0.79548264,6.8226595,1.6381178,0.8051332,6.260884,6.4937916,0.38633084,3.5294373,-0.57735926,2.2979822,6.442533,-3.5145032,-1.2476331,2.2982576,5.1993613,1.3793062,9.8131075,2.7691326,15.769668,8.002631,8.822959,18.878908,4.6540422,0.9248367,7.102245,5.8471227,5.4146504,1.6059564,6.540268,3.105633,1.9123254,7.7289696,-1.3982179,6.572315,3.54952,-1.3783797,5.630744,2.5543137,-0.22353373,3.5373356,8.894927,12.685899,6.729885,3.3713703,-4.1665497,0.949733,2.506294,0.4974437,-0.9393363,-1.7897723,-1.8821083,5.2261777,7.8029313,7.354042,2.727143,-4.303003,1.5252293,-2.9341424,-3.8698008,-2.647099,4.7912626,4.6578774,2.8569722,1.9318666,-5.285973,-3.4125514,2.9981341,14.928003,5.647553,-1.0338787,5.0354023,8.077593,-1.5808121,5.5016727,3.6472797,-3.1040456,-2.1195593,0.5449451,1.1975741,1.6738592,2.1283076,0.16090998,1.2708734,-0.019182518,-5.983557,25.885406,20.972157,-4.880083,-0.18942046,8.706654,-4.169732,0.116795525,1.6726152,1.8040966,-1.6817752,8.3245535,5.1318455,1.2231073,14.605859,6.0635505,23.89375,25.595179,5.4724336,0.48224062,12.808095,17.061184,9.534559,11.692864,12.601781,6.8670025,1.6530948,11.118218,4.7849607,1.476678,12.47635,4.7967787,7.769688,7.5091143,8.920072,10.504624,2.1786878,5.482675,1.8537891,0.9605777,-1.1894797,2.2954051,1.560019,4.325813,8.540205,10.717921,10.351624,6.887425,7.8400764,11.411991,11.292621,9.992695,9.774429,6.054652,10.381999,8.979478,10.211305,1.9962137,1.8894954,7.695927,7.9040694,7.0587645,6.532987,4.5240183,7.0871377,7.2454143,7.862413,9.512388,5.4066296,6.25909,5.0232925,8.053944,8.019936,9.284541,1.592106,0.6041295,12.636934,-2.926068,2.3316116,-2.9781344,1.7895147,0.62091583,5.726041,2.8336267,9.42673,13.262196,8.360681,0.85875577,1.7595205,6.8974814,6.9720254,-2.1018019,-0.41384432,5.958796,4.3005714,13.851385,3.643534,10.616758,7.067603,2.9334846,11.062215,14.024454,2.8296804,4.408148,8.630225,4.163994,3.043928,7.285514,-3.8429675,3.9569368,8.572271,-1.9774547,11.414133,-4.5620384,8.506715,8.447154,9.474269,11.093364,7.047215,7.1036468,8.317899,4.863079,5.0922,12.558355,7.90921,5.4562373,6.756429,5.5286574,11.702816,8.2850895,7.2976956,11.761933,14.459273,1.9682878,3.771753,6.877469,11.2613,20.287369,10.014906,-1.4568189,-1.3086336,-5.976054,8.022008,-2.611913,1.2602756,-4.082237,3.2764595,-4.235786,13.939799,12.852572,8.316869,6.238411,3.7778404,4.5889807,5.4593153,8.081991,14.137458,3.4355476,2.0538232,2.1203074,-4.203626,-0.3853281,1.0893224,13.857153,4.204873,1.0864222,12.503756,4.2123914
221,-1.5369698,1.8170084,0.10838771,0.6538463,1.8755299,3.0370746,-2.0085936,1.0673712,0.1330752,2.1166224,0.40326262,2.2540565,-1.3188233,11.078123,11.081461,6.2914953,0.8752109,4.055177,1.5810893,1.8683548,5.435646,2.53776,1.3509551,-8.193118,6.1223187,-1.112197,13.12052,-3.6871157,25.528202,22.116972,11.957402,-0.018402813,9.80148,4.4710546,-4.142077,5.4719424,9.175471,4.551155,1.7899557,6.198953,-2.8934374,0.9779184,2.9192169,4.606891,6.382502,4.5472426,1.1859536,-1.6595695,4.4545226,5.1886044,-0.29447395,0.50667924,0.25047803,1.3005477,-1.3874507,-2.2786083,-0.0002611836,7.6829023,2.8749766,5.0530925,5.370759,1.3560041,1.308719,8.923963,10.531751,2.6739922,4.383255,6.808969,6.49951,2.6965046,4.765965,-0.97123545,3.4860559,1.2024815,-0.1465356,1.4998752,2.5663667,-2.693732,6.5957913,7.23522,2.4161963,4.4036465,0.8476592,5.4867563,1.0235974,6.31348,8.094631,1.635179,6.5950017,1.6350359,0.5198883,2.0663252,2.2320325,-2.7671576,-4.1210904,3.5805194,6.6447835,9.858979,1.8378129,1.8924581,-2.7128024,-4.0880013,-1.3923156,1.6827329,3.1514416,-0.84495974,5.3635817,-3.9517431,0.16924533,3.0223043,-3.0383933,-0.4762521,6.491177,5.575416,-4.0859256,3.3024065,-0.18079813,9.152529,8.459415,0.3090806,0.9022864,5.977308,2.4965742,-0.79018396,7.471121,4.0604024,15.190103,6.9473224,2.9763365,11.812543,3.9293447,-0.40660015,5.805176,4.655647,4.854089,1.4471041,6.520564,3.577999,0.91485304,8.154726,-0.8306155,7.278481,6.7219415,-5.1757326,4.3013473,4.3072996,0.8273044,1.6888062,6.760069,10.994825,5.0839934,2.7174978,-5.2899113,-1.2835237,11.418798,3.9577272,0.43973798,-0.32427475,2.1292615,6.178272,4.80754,6.129486,2.1355987,-8.31939,8.034582,-4.9742146,-6.2884808,-2.021463,1.9487765,2.5993488,1.8979563,2.6066716,-7.708153,-2.6332598,2.24928,13.260229,3.87571,-2.836915,-0.29209566,5.6525025,-1.32472,5.56762,2.1109989,-1.7212601,-1.1497118,0.24141288,-4.382002,-0.06806642,0.35721514,1.0151017,-0.6118468,-0.16774769,-3.2256048,20.891146,16.171488,-3.6159346,0.32503825,5.8900604,-4.4823337,2.1068199,2.0705247,1.4099889,-0.43100372,6.891432,2.8847718,-2.8904176,12.46719,5.186624,22.687777,20.55354,6.9042025,-6.5585337,7.4463377,7.719264,8.237311,9.588701,11.455916,-0.7265922,3.4094942,8.539071,8.316078,1.5551322,5.025737,4.1319404,9.608107,10.092647,5.53304,7.773778,2.996521,4.815446,1.2467349,1.5537785,-2.9072587,2.5072515,2.227794,0.44874159,1.1169205,2.9260983,6.1957927,3.1793616,9.425682,6.49341,4.4653196,5.8467007,7.0047703,8.199777,9.198813,9.320064,7.808124,1.5984235,4.4678116,7.25199,7.1062603,3.1160145,1.8592347,2.948696,6.8268476,5.4926095,4.390731,8.473576,2.7095962,5.7307873,4.0838647,7.3787885,6.4793215,8.968066,1.237204,-0.101977885,14.944905,-4.5773983,3.7101238,-2.1292489,1.8416529,-1.0605417,0.06894196,2.5954142,7.671294,12.435793,6.8377156,3.3474896,-2.328117,4.5461993,8.574934,-1.111822,1.6982936,3.753869,1.7154502,6.363953,-1.5066105,7.7414737,2.8627913,2.3134649,9.632056,6.3170314,2.908908,2.9277985,4.3153977,8.593648,4.324848,9.224718,-4.249482,7.046503,8.06681,-2.220219,7.0771093,0.29043832,12.123835,5.4919343,1.3851305,7.4441576,5.7375627,5.830873,6.672059,3.5312967,5.20447,13.552609,6.914369,5.9152417,3.4031448,5.829978,11.918708,6.48398,10.994381,7.853863,10.739921,3.2191465,2.3521702,3.5955758,5.6386256,17.86497,8.661853,-2.9040492,-2.3060126,-4.9828587,9.907546,-3.148702,0.8516894,-2.3919423,5.1323266,-2.404252,10.464512,6.4172215,5.2825794,15.354159,12.435978,4.613093,3.9880078,5.400264,10.690269,3.8600605,1.708269,3.2525086,-4.69001,-3.4692724,0.8039104,6.08436,2.5044239,-10.372076,4.18903,-2.2078617
222,-3.7974503,1.5916167,-4.9115515,-1.2479236,-0.067419425,2.1132972,-7.9659357,-1.2593362,-3.1941285,-0.98554474,-3.283316,-3.3645196,-4.3606725,7.5473228,9.641554,5.015653,-0.41377133,0.60539156,-1.8391739,1.5852311,3.0366955,0.3016937,1.4340171,-15.242738,2.6301546,-2.180124,11.5020895,-6.4548135,27.266253,21.216002,11.714127,-5.178303,15.654978,5.3475037,-2.1738846,4.08745,8.9513,0.19948897,0.6670037,-0.36373562,-7.2105184,0.2997483,-2.4126081,0.854156,6.4327726,2.0896385,0.22000252,-1.0402478,2.41385,4.3347273,-0.98210037,-0.12949863,-3.8914561,-0.3776843,-3.5412118,-3.1782103,-4.3647065,2.0610085,-0.765478,0.30662668,4.5184984,-0.88797647,-5.346678,10.47926,9.944377,0.8080936,0.42560092,7.367472,5.4245977,1.8591081,3.7131224,0.31668466,-0.049545746,-2.6769044,-2.482196,-2.7227056,0.29895312,-5.82615,3.4150329,7.9294477,-0.8537118,3.6148639,-3.3673973,0.8026365,-4.8171363,1.6773986,5.1853476,4.994349,4.397752,0.34328574,-2.3712199,-0.73286223,1.9865005,-1.5775975,-3.4316595,0.38626406,1.4751964,9.584876,-1.7235224,-1.778795,-4.198325,-3.0370765,-1.8174994,-2.4196193,-2.0078132,-2.9621408,0.78621835,-6.3204737,-0.98279345,1.0774313,-6.761035,-0.25486925,1.9710214,-0.7800616,-8.39935,1.7906663,-0.37949598,11.368994,8.258885,1.716507,-1.4340641,7.7716227,-0.34938195,-4.8250146,3.2275977,4.3220344,9.177683,5.4395137,-2.8039181,2.7860148,1.8050971,-0.5279516,2.810593,3.389749,3.1964333,0.37891972,2.773313,0.34916243,-2.1483345,6.84999,0.20051269,5.651135,7.4678054,-8.084388,1.9874353,2.282978,-0.044954386,-3.2085903,3.5091617,11.207111,3.5294578,-1.271406,-5.4012156,-1.504316,15.695153,3.7345915,-1.3422635,-2.771359,2.7892675,1.9693757,5.1768427,6.6812835,-0.12634972,-7.665478,12.977461,-4.2501483,-8.870931,-1.6265935,-2.5138474,0.2122899,-0.4834066,2.507959,-11.107708,-2.1172092,-1.7097032,12.213503,1.5178995,-4.4462967,-1.6794549,2.4900622,-3.901667,3.3236551,-1.613834,-3.4658096,-1.8107253,-1.4376066,-8.964642,-2.4292228,-2.7013278,0.819675,-3.4287663,-2.2582693,-3.2557256,13.565546,12.118402,-4.2364044,-0.21564576,0.7248901,-5.100122,2.4009128,0.94497526,0.3989708,-0.8432624,2.4555268,-0.34539703,-6.6433673,8.149643,2.6875427,18.937086,14.203267,7.769013,-9.196372,4.966576,0.3865419,3.8701108,4.609656,8.342577,-6.1956506,2.579822,0.2285604,6.001477,0.61036116,-3.2014751,2.2717717,8.410986,10.250226,0.23324025,1.1649078,1.6981168,3.203569,-0.2761195,0.057425164,-3.5269809,0.5087545,0.88751364,-4.127408,-10.450847,-7.4695463,-1.1305692,-1.7471309,6.4645047,-0.21387312,-3.7399983,0.6348757,5.378795,4.81545,5.7881575,6.1626124,3.9195778,-0.94262576,4.924948,4.654497,2.947183,-3.66912,-4.3448777,-0.7352109,2.8813684,-0.7925076,-1.4895188,3.9796784,-1.4049207,2.3615298,2.0917492,3.7354972,2.4648142,5.6881866,-0.13610528,-0.5860785,13.148669,-6.808383,2.6570349,-2.6532035,2.3282087,-2.0678735,-4.920889,1.0607945,4.4417872,7.9476705,-0.577963,2.8551676,-5.2539473,-1.5835295,2.3415143,-3.8299184,0.8605418,-1.4559369,-3.110399,-3.9721317,-5.086695,-1.1263043,-1.4716787,1.4346716,1.7544427,-3.727631,0.9262716,0.8641534,-1.4932913,8.172978,3.30005,8.081009,-6.206601,8.138362,5.084662,-3.6130517,0.9133049,5.6464744,12.047045,1.2528067,-6.484303,2.2622468,3.068399,4.3492026,3.3730052,-0.14745075,2.718197,9.504551,3.0618892,3.6885796,-2.8317375,2.5704398,8.527783,2.278587,11.040703,0.9091282,5.5044813,4.230296,-1.3352022,-2.00698,-0.681412,13.101733,6.2039614,-6.6672835,-3.109288,-3.0522888,11.94241,-4.797148,-1.9730966,-1.4022847,3.2987137,0.7995024,8.879429,1.4865907,-0.85352284,14.127576,16.788834,2.0055199,-0.8448645,-0.33945903,2.4286015,3.605921,-2.123284,2.932559,-5.8110375,-4.923628,-1.1352967,-1.6143533,0.38444358,-20.969019,-3.7004805,-6.652861
223,-5.745159,3.1503282,-8.22755,-3.8274229,-2.9913905,-0.6159583,-9.619217,-2.9038076,-5.132911,-3.0749347,-5.403287,-6.9136643,-8.355468,3.388473,7.775364,0.54939735,-1.370791,-1.3811675,-3.441263,-1.0396031,1.8128353,-0.8389817,1.1411465,-17.13424,-2.1275778,-2.0715783,9.309359,-7.9140325,26.337862,21.61117,11.215654,-4.909296,22.457556,6.769721,1.8853515,1.9421681,5.332811,-1.3657492,-1.5205743,-5.554433,-7.324829,-0.06936458,-6.3832517,-3.1333907,6.639994,-0.6809489,-1.53468,-1.1066355,-1.6613761,0.82541555,-2.0433493,-1.1734909,-6.0072155,-2.3144193,-5.1015487,-3.7069783,-7.436444,-5.4462643,-2.8160813,-1.5018687,4.1353493,-2.074854,-9.718832,10.995467,9.2997465,-5.275339,-3.1075912,7.019841,5.570594,0.7267833,3.3917224,0.8990054,-2.9069777,-5.6805263,-3.495992,-4.3820367,-2.0513473,-8.196299,0.74930024,7.794765,-3.158335,-0.17656772,-5.9392786,-3.9759705,-9.286479,-1.754655,4.224669,7.5044646,1.2716137,-1.2281555,-4.5648065,-4.818194,0.8499319,0.28221047,-1.2868804,-1.5982792,-2.2541268,8.025807,-6.495742,-5.899613,-4.533249,0.049368598,1.2177864,-6.615869,-6.594437,-6.452962,-5.2196326,-5.6861725,-1.0436877,1.2851208,-7.145809,1.1020437,-4.137655,-8.4891205,-10.276254,-0.043397434,-1.8443596,8.321811,5.9598956,-0.42988583,-4.6490135,6.2838945,-2.2721164,-7.966207,-0.24142708,2.752338,0.7450926,3.7581518,-5.8193884,-3.7474816,-0.32595733,0.8704757,-0.85907525,2.8041108,1.5546958,-1.5540471,-2.1514554,-4.1265407,-4.1738844,5.514036,2.1622243,3.7374773,5.5713215,-9.626501,-0.59090155,-0.9779627,-2.2313886,-8.758561,0.2763936,13.109143,2.1795473,-4.4750295,-3.5225666,1.2575575,13.588523,2.2113054,-1.9341477,-6.668015,1.1098543,-1.543443,8.930811,6.955936,-0.9765187,-3.7477663,13.788583,-2.2292788,-10.032403,-1.223955,-5.248911,-1.2923365,-3.7606027,1.7118014,-13.38092,-1.4638752,-6.228939,11.334278,-0.30439,-3.3655846,1.7406342,1.4202509,-6.4351263,1.8005621,-4.6726437,-5.1583123,-2.6902244,-2.261602,-9.219162,-3.7630072,-4.712142,-0.43254787,-5.017993,-4.226709,-5.6274424,6.459948,9.041421,-5.249164,-1.47278,-2.4841592,-5.290727,1.5973656,-0.16389859,-0.15274417,-0.97395957,-2.1948907,-2.8068821,-7.9714084,3.6496434,0.5036434,14.750567,9.889927,8.508579,-7.7059536,5.3058667,-2.5749724,-0.13592477,-1.0823284,4.8323984,-6.1558695,-0.14079963,-8.179675,-0.10082716,-1.1533695,-7.677747,-0.6088795,5.1336336,7.738426,-4.8314013,-6.3324375,-1.2244705,1.0759192,-1.5613387,-2.3461277,-2.2421842,-1.8279743,-1.7215412,-6.173837,-19.60597,-15.2551365,-6.700022,-4.7346907,1.6654352,-4.364769,-9.3281145,-2.4112453,5.069994,-3.5485213,1.9483073,0.504049,1.014303,-3.604867,2.9486706,2.2987137,-1.9560106,-9.531179,-8.406507,-4.7240257,-3.2046037,-7.8508425,-5.391877,-0.79503375,-4.612757,-2.0111327,-0.38065636,-1.3537779,-2.5032454,1.352687,-1.1587979,-0.4455176,8.506054,-8.406347,-0.2387771,-4.3541484,2.5862043,-1.7244669,-6.649227,-1.3891875,1.7013518,1.800485,-8.83651,0.14433338,-5.867595,-6.7515445,-5.869218,-6.6990647,-2.0497708,-7.157473,-7.911494,-11.39108,-5.6550255,-9.172586,-3.9967222,0.7713933,-7.2593384,-10.233332,-2.9108028,-1.1350163,-6.583332,2.9887352,0.21484673,4.920137,-6.682137,5.949067,1.0417498,-5.1336017,-3.7375202,8.927053,8.652687,-1.6939218,-9.92044,-2.011327,0.84025383,3.4798453,-0.50586706,-4.4866924,-0.24027991,2.888947,-1.5714053,0.25297529,-7.2679257,-1.0699394,4.164419,-1.8641042,6.917222,-6.340913,0.8895888,4.8549757,-6.3502746,-6.856062,-4.818803,8.877827,3.5946183,-9.23423,-2.2033412,0.5653237,12.321985,-4.6070285,-4.321227,-0.59220225,0.108757414,6.116504,8.911261,-1.3915927,-4.6819825,2.8604596,13.039753,-1.7263163,-5.8146334,-5.2552333,-5.905898,3.1252477,-7.968266,1.7685809,-8.491108,-4.1561356,-3.3126848,-4.762655,-1.4135076,-26.896358,-6.711166,-6.1021967
224,-5.0105987,5.7201695,-7.0360966,-4.2680182,-4.167039,-2.4105654,-5.9032393,-2.596641,-3.9832995,-2.9877455,-5.769401,-6.6239486,-9.979179,1.3795115,5.754954,-2.0271878,-0.51387084,-0.51201886,-1.5679785,-2.4828246,3.2098916,0.06468147,2.0046985,-11.468677,-4.549916,-0.8469502,7.1005125,-6.165547,22.499672,21.232138,10.435978,-0.5971594,25.565334,8.090359,6.4017706,0.46719876,0.39338088,-1.0150986,-3.22829,-5.5290403,-3.187386,0.31989944,-6.8053355,-5.1949134,6.295463,-1.9511513,-2.6415985,-2.106201,-4.9688787,-3.2978523,-2.7295134,-2.5257552,-5.01649,-3.788526,-4.7066126,-3.3766055,-7.4354477,-7.5437703,-2.049123,0.7276601,5.125667,-1.1379541,-8.972241,9.695699,8.942547,-11.771494,-4.543198,6.3926687,6.5122623,-0.16411003,3.9393556,0.73978204,-4.473793,-5.933581,-2.9225712,-2.390021,-3.1940877,-8.461208,-0.2119406,7.9956684,-4.1677427,-4.593136,-6.574848,-7.0251427,-10.537427,-1.9165994,4.6711993,7.5201635,-1.9560457,-2.4388263,-5.2610917,-6.088382,-0.22149497,1.376585,1.255333,-1.7252737,-3.2687228,5.917938,-9.609964,-8.100018,-2.9156978,4.0167575,6.729777,-7.6954308,-8.062817,-7.2362666,-8.191674,-1.7177573,0.9295189,1.9570557,-3.9303312,2.0326698,-7.4681697,-11.49361,-8.79295,-1.2240635,-3.95214,3.3625581,3.2615047,-4.066136,-5.355932,2.2463534,-3.0180001,-7.4569564,-1.1887693,-0.4335219,-6.2451587,1.5076892,-5.698351,-5.448438,-1.0645484,2.7572808,-3.7666128,2.7311256,0.7541247,-3.1958642,-5.263746,-6.5132003,-3.1025765,5.1551414,4.185632,3.4703386,2.2975101,-9.382682,-2.551562,-2.3035862,-4.123565,-11.624363,-1.9007953,14.562758,0.8685418,-3.7179327,-0.872291,4.721507,7.8750715,2.3635433,1.08941,-8.154926,-0.14764228,-0.77279794,13.10874,5.976869,1.0746052,-0.38899043,11.26951,-1.2937318,-7.454681,-0.50121,-3.946036,-1.7088118,-6.136995,0.6966575,-11.318389,-0.001367479,-7.6223545,9.731636,-1.4482261,0.55779064,7.145634,3.6785252,-6.272562,2.8664064,-5.2287498,-4.00465,-2.2908366,-0.8386653,-5.025065,-3.3001733,-4.336092,-2.1288395,-3.8882904,-4.3861933,-7.8067536,2.1759293,6.409538,-4.615676,-2.616859,-1.5526873,-4.5913787,0.907647,0.011615535,0.13019544,0.4120368,-4.2262273,-3.5941172,-6.562959,0.33254585,-0.08482124,11.368622,8.844891,9.93346,-4.34036,7.0044813,-1.3497188,-0.007900776,-4.9713464,2.6525247,-1.340777,-2.82647,-10.597249,-4.752533,-2.6977441,-7.289804,-3.5479918,1.9681276,3.7238843,-7.9294353,-11.060758,-3.8891346,-1.3358254,-1.8153636,-3.8322618,0.22921027,-2.393351,-3.5023565,-4.733655,-20.813547,-16.152678,-7.010708,-3.685644,-0.4221571,-3.6145654,-10.142032,-1.5456426,5.7816033,-12.014804,-0.44377443,-4.3727055,0.89715517,-4.1949034,0.26100886,1.8788666,-4.5067058,-11.56413,-8.496006,-6.8996625,-8.146536,-11.286807,-4.7354693,-3.1840072,-5.1062145,-5.0259933,-2.4794664,-5.048276,-6.388416,-1.711647,-0.49794462,0.449906,4.0062428,-8.150738,-2.521664,-5.433345,1.9352077,-0.6375182,-4.370003,-3.2719204,0.5799565,-2.6248953,-12.023604,-2.0038655,-4.116373,-6.4768095,-9.707325,-4.9015927,-4.3195915,-9.885436,-9.944025,-12.378287,-3.6844456,-9.525014,-3.8487043,1.1593325,-10.957621,-9.929517,-6.3895345,-2.6437242,-8.818786,-3.4780953,-2.372476,1.6891301,-4.600023,1.5119495,-2.2051635,-5.335561,-5.0731254,8.812199,4.5307593,-2.019687,-8.655626,-3.6510503,0.25808427,3.0082097,-3.5084674,-6.966572,-1.5504787,-2.462519,-4.6234384,-2.3090925,-6.677932,-2.2556643,1.506447,-3.0434282,1.2856051,-10.451573,-1.9821463,4.775306,-9.977176,-8.526684,-5.844642,6.59559,1.6612961,-8.119193,-0.04593647,4.4087424,9.621885,-1.2331606,-3.8321924,0.5311185,-1.5917803,11.67771,9.452069,-2.4104304,-3.081527,-9.807389,3.969295,-4.217762,-7.4743857,-6.9796696,-9.677844,2.7165065,-12.148107,0.57117313,-11.830752,-1.2536466,-3.9234724,-2.723261,-2.592234,-24.768297,-4.0480094,-0.40459943
225,-1.8326777,5.8091354,-2.0665069,-2.016689,-2.8576574,-1.8343709,0.017679498,-0.9455312,-0.5395176,-1.3277682,-5.2480564,-3.700161,-7.9188423,3.3430648,4.075606,-0.4443437,1.5089507,2.194267,2.0556,-0.9552115,5.7016525,2.09178,3.7547503,-1.1560777,-3.1859167,0.7111639,4.4415812,-2.135982,16.157957,17.877815,9.037166,4.047787,23.177137,9.258651,9.565829,0.2964163,-2.716346,-0.76490444,-3.172369,-0.87255174,1.4409937,1.1399249,-4.3924026,-4.42401,4.6073737,-1.5128609,-2.3092358,-3.1122563,-5.3585987,-5.5800266,-2.558063,-3.53366,-2.5375016,-4.3634305,-2.2783844,-2.216926,-4.6558394,-1.6047269,0.9129039,4.6315274,7.365833,1.5807282,-3.5604227,6.822309,9.1384,-14.139716,-3.4179206,6.017657,6.9200635,-0.24235107,4.4923706,0.4697334,-4.3832994,-3.518948,-1.4399773,1.256522,-2.7439194,-6.129017,0.5102225,8.505543,-4.47896,-6.6600485,-5.9508567,-7.4246902,-8.265858,0.77566755,5.0903087,5.6215606,-3.848196,-2.3850327,-4.451458,-2.4924006,-0.483418,0.8044345,3.1468508,-0.7951267,-2.410572,4.488903,-8.954287,-7.415882,0.1128287,6.256304,10.165369,-4.885676,-6.349309,-3.3462613,-5.7025647,3.6896267,3.9998837,1.2562777,0.7620421,1.3077049,-6.0231495,-6.9663105,-5.3986487,-1.4823196,-5.1710415,0.40873927,1.9238756,-5.7482715,-3.3434634,-1.9969465,-2.9904504,-3.5114107,-0.13406684,-3.8930647,-9.53779,-1.5539051,-4.1343303,-3.3832185,-0.16930936,3.5453656,-4.9038606,2.365902,0.74922764,-3.204369,-5.4593406,-5.3087573,0.29117644,5.1651692,4.8625345,4.8328767,-0.5299536,-7.2711596,-3.1618729,-0.6617219,-4.5298643,-10.291272,-2.5867624,13.166572,-0.3750173,0.44199127,0.64189434,5.629382,2.6875246,4.6444793,5.7568083,-5.726869,0.8448146,2.8843114,13.54642,4.203741,4.6119676,0.17065665,8.532453,-2.2534795,-1.0528904,0.5715071,0.4571696,-1.856295,-6.028656,0.14070381,-4.3861203,2.1381884,-4.7097597,7.0996056,-2.2326896,4.2079735,10.4245,7.468993,-3.4258718,5.569398,-3.7731977,-0.25773826,-0.3865945,2.042398,0.86482114,-1.6895691,-2.308934,-3.5220182,-0.70064753,-2.9205415,-7.5977454,2.0056849,4.001539,-1.9690124,-3.0833375,1.9732962,-2.8137245,0.9203997,1.2905384,0.7252941,2.6755342,-3.3208637,-3.1352766,-4.1231103,-1.8123087,0.59312296,8.175505,9.411942,11.985844,-1.4253019,8.905918,1.8502024,4.586025,-5.6704216,2.2998292,3.7573996,-3.7769368,-5.9518056,-4.557559,-2.7735374,-4.4407415,-5.432803,0.5421801,-0.002845341,-8.483683,-11.307741,-4.3491583,-3.6092522,-1.2258452,-3.4504275,2.0399418,-0.63571477,-2.9711854,-1.5836717,-14.020318,-10.303888,-2.6679733,0.5300814,2.2786517,0.523599,-7.1587715,1.8457986,6.881926,-15.239006,-0.909414,-5.4047165,3.1187754,-2.064741,-1.0143745,2.9799025,-3.5942984,-9.598163,-5.7562428,-6.4344144,-9.462032,-9.647807,-0.8952976,-2.9615438,-3.1515622,-5.551547,-3.5246572,-5.2533298,-7.667411,-2.4258118,1.8824694,1.7308738,2.1303556,-5.8028965,-2.2628875,-4.1918087,0.5460077,-0.22580644,-0.32789242,-3.1930978,0.56940866,-3.2913513,-8.3609,-1.6572107,-1.1990951,-1.0713596,-7.475979,1.8316879,-3.9384348,-8.029865,-7.950496,-7.887106,-0.8463381,-1.7508061,-1.8449897,2.9345512,-6.9000883,-4.604684,-7.118702,-3.399634,-7.564084,-6.9677334,-2.3365808,-0.3383024,-1.5857121,-2.559825,-3.5516086,-3.6361268,-3.8227115,6.0398107,2.1093817,-0.62856483,-5.8858757,-3.0051172,0.88615936,2.091266,-4.6890736,-6.338654,-0.8856451,-4.6816382,-5.1671176,-2.957849,-2.01292,-0.6404828,1.0678512,-0.6312469,-2.2546556,-9.929408,-3.2840865,3.6889036,-10.070842,-7.0152135,-5.094159,5.2697525,0.67223036,-3.9211833,1.5043586,5.7840114,4.424685,3.76276,-0.88649166,1.842745,-0.8839713,14.249293,9.187394,-1.7834761,2.4247072,-13.683403,-3.5197296,-3.997564,-5.3235044,-6.025292,-7.741179,2.5200064,-11.733692,-0.24961556,-13.60369,2.22087,-2.5146196,1.2736397,-3.2618208,-15.172994,1.0498008,7.15135
226,1.3460115,1.5294113,3.1566734,1.0282106,-0.53592813,0.18435638,3.9028702,0.39469907,2.632204,0.3083876,-4.6037216,-0.98100525,-3.7847996,8.228295,2.728833,3.0794215,2.6816921,4.337557,4.479232,2.3090017,6.4129977,3.3518672,4.594463,7.0468717,-0.054890666,1.4032693,0.8723791,1.6444905,8.465682,10.895959,6.9888344,5.843599,17.164192,9.788268,10.133621,0.86604553,-2.4081423,-1.6101519,-1.2991195,4.1096516,2.2764614,1.6738542,-1.8446273,-1.8364158,1.8146074,-0.4987871,-0.91136026,-2.8945003,-2.8769064,-4.982135,-1.6092931,-3.2965906,-1.2735261,-3.9445536,0.5700225,-0.73965514,-1.1994817,7.586058,3.8108513,6.5178194,9.126581,4.4473586,2.5676844,3.434489,9.357516,-10.884111,-0.87163955,5.6796327,5.5076303,0.44650385,3.910155,0.52288216,-2.7461643,-0.44569418,-0.19824971,3.0675235,-1.4035141,-2.148952,1.4477578,8.387564,-5.2198057,-5.474683,-4.9781613,-5.654757,-4.0268497,3.8892589,4.297654,3.7690067,-3.5193584,-0.8887983,-2.7599196,3.980468,-0.14000762,-1.1713215,3.8057122,-0.059496917,-1.5717756,4.12449,-5.156704,-4.9467936,2.8043664,4.8185096,8.124887,-0.61961895,-3.5248609,2.9314692,0.197832,7.6045475,6.037408,-0.9742122,3.9402337,-0.77764827,-1.4591246,2.0203373,-2.7708025,-1.2823126,-4.314616,0.3732426,2.452752,-3.5895073,-0.9000744,-4.258196,-2.736808,0.59178716,0.79169124,-5.8690925,-9.507032,-4.6925364,-3.0903997,-0.5198478,1.2325388,2.400403,-4.232944,1.1024971,0.7810552,-1.391122,-3.931469,-1.8299738,3.3199022,4.1261764,3.8995938,6.038618,-1.6908538,-3.9070728,-2.1425319,2.296268,-3.6096652,-6.3221793,-2.136316,8.12959,-1.2179744,4.4118905,0.5884856,2.9082732,-0.15900144,6.8038163,7.9503064,-1.2498282,3.4485648,5.242834,8.041876,2.3312228,6.696519,-0.7427072,7.6094074,-3.643186,5.823752,1.7357396,4.3831954,-2.7196531,-3.5269356,0.42536727,3.9408934,3.7695622,0.030575644,4.016785,-2.6798596,3.9205797,9.436067,9.214505,-0.120385334,7.208389,-2.0435228,3.3844163,1.9282675,4.2196517,5.1845136,-0.29702517,-0.5359841,-4.1779428,2.134708,-1.4612328,-4.7607827,4.7540693,2.0402794,1.0611744,-2.8167918,4.601838,0.13797438,1.1957707,2.3855016,0.8838084,4.2594385,-1.6025429,-2.5376873,-2.889723,-3.7474492,1.1689816,3.5371082,8.607119,13.4043865,0.0022033628,10.629509,4.1568174,9.87973,-3.6324792,2.570621,4.583208,-2.617491,1.1283541,-0.8689251,-0.9578098,-2.3476157,-5.845092,0.59528875,-2.1717749,-7.0019636,-8.256379,-2.199939,-4.9766955,-0.60690385,-1.8029429,1.8682865,2.0647335,-0.7367753,0.5955119,-4.3675632,-2.337688,2.3455923,4.394364,7.1463656,4.084256,-3.5956054,4.206159,7.335653,-11.859222,-0.58464575,-2.314911,5.0204926,1.3571552,-0.3437977,3.5498905,-0.84953415,-5.7972794,-2.979839,-4.3630304,-7.3774543,-5.3668833,2.266301,-1.9526671,-0.83386767,-4.2953553,-3.4782097,-2.2027833,-6.276858,-1.5829794,4.4241877,2.4775476,2.9829476,-2.5343537,0.13958682,-0.7869626,-0.5154079,-1.4436611,1.7189518,-1.1361423,0.2938819,-1.1886957,-1.4686966,0.46900606,1.0432786,4.269804,-2.4651139,8.183425,-1.236636,-3.1496167,-2.992894,-1.9556993,1.351351,7.4295197,0.03346428,5.141211,1.524559,0.65287787,-4.7612824,-3.3193448,-4.0922513,-5.5982885,0.06257137,-1.1473657,0.099448234,-4.102118,-3.234544,-0.7717518,-2.194477,2.8719275,1.4753412,0.32018876,-4.894822,-2.2232463,1.0317132,0.17507017,-4.1902475,-3.6746356,0.2458649,-4.936348,-4.1266522,-2.3116899,2.6452415,1.9609189,1.253821,3.0399446,-2.1644526,-6.421812,-3.7362063,1.763701,-7.0065017,-4.4029207,-4.669146,2.791558,0.3117974,0.62475646,1.1518583,3.4124968,-0.84784824,7.4154987,1.907116,2.8072782,0.8890332,11.971463,7.114528,0.15676317,7.3484097,-5.812002,-4.723242,-1.4659967,-2.0112603,-4.4570856,-2.9708636,2.4778378,-7.0314035,-0.76093173,-11.815722,3.8960052,-0.32746914,3.231167,-3.571318,-3.1883287,4.008626,11.926272
227,2.3716784,-4.535456,5.295479,2.612176,0.9523041,1.5985798,4.03518,0.32982036,3.444143,0.7538594,-3.7529387,-0.41657242,-0.23198548,12.501134,1.0108421,4.531414,1.7475404,4.2327485,4.4708447,4.6834025,3.9684896,2.638373,3.1618981,7.958432,1.1614746,0.40459403,-3.169369,3.4793847,0.9207812,1.7055142,5.1271377,4.4129167,10.830838,8.511772,8.211356,1.0809783,0.08828638,-2.58793,1.1487935,5.319895,-1.4384812,1.4987811,-1.351678,0.56398845,-0.7911636,0.052766982,0.4837855,-1.2441632,0.53377956,-2.5244203,-0.42441744,-1.530088,-2.3439128,-2.707493,1.7007707,0.37619194,0.7886926,11.888407,4.1956854,4.573184,8.248668,5.800602,4.834568,0.5376946,8.463815,-4.5672107,1.2083672,4.62886,2.1297596,1.099258,1.8694651,0.71128935,-0.39755008,1.0130599,-0.03356121,1.1311285,-0.30382556,1.4694649,0.77784693,6.9367695,-6.949782,-2.7950194,-4.156423,-3.1937659,-0.36267617,4.8962364,2.1344242,3.3559875,-1.5614991,0.92544734,-0.952581,8.899164,-0.008192522,-3.2992108,3.208082,-0.09947922,-1.8877629,3.9332523,-1.0600495,-2.6751947,3.5890775,0.29368043,2.1969724,1.7495726,-1.6700217,6.9683123,4.5266514,8.133558,5.607883,-3.0947683,3.880537,-2.7145178,2.7410297,8.779601,-2.6716342,-1.2098403,-1.5350422,0.93999016,3.9877725,1.2285012,0.028637772,-3.9728255,-2.5466037,1.5537335,-0.15183295,-5.414104,-8.056221,-6.455817,-3.2760642,0.8868608,1.6322198,-0.017215518,-2.5225656,-0.7902459,0.107497886,0.91636425,-2.6071682,1.2024626,3.844379,1.4628277,2.6364064,5.263476,-1.1725782,-0.51835364,0.06982125,4.063615,-2.4937875,-2.926818,-1.4045397,0.9963393,-1.3280597,4.8227596,0.3973793,-1.2390832,-1.8568788,6.4891825,5.770952,2.2691844,5.4138894,3.8772302,-1.4578443,0.3649023,5.5606084,-0.053680904,7.398295,-3.387388,8.602697,2.7288039,4.556432,-4.413946,-0.39429164,1.2746124,8.891857,3.5307806,2.7993398,1.381857,-2.4237611,-0.8296974,5.3315883,6.604479,1.6545811,5.972455,-1.0416175,4.619611,3.3131764,4.2285123,6.391892,0.0016640379,-0.21980233,-4.109508,2.5046208,-1.3968393,-0.7875501,7.1470246,0.5990429,2.534034,-1.9651133,4.131362,4.042518,0.918397,2.247109,0.36589113,4.423344,-1.1756688,-2.527897,-3.7169054,-6.147247,0.59604806,-3.116619,4.873975,12.753186,0.22392225,12.019437,3.7046702,11.301865,-0.61207235,1.6073446,0.388234,-0.28747115,4.826636,1.995299,1.841314,-2.3163123,-5.288903,0.35731828,-2.5994778,-4.526163,-4.645112,1.004692,-4.7480593,-0.52989507,-0.36174184,0.15266185,3.6814983,1.0039485,0.46404746,2.2932177,2.3105454,4.0263577,4.3937397,9.082922,4.1644554,-2.4400954,2.849694,6.103088,-5.4545145,-0.9759285,2.197032,3.845488,3.7304099,0.89645237,1.965846,0.9349161,-2.6643448,-2.1983812,-2.6439517,-4.376017,-2.3845727,2.0170407,-1.9365178,-0.2601264,-2.8626192,-2.982469,1.741945,-3.7101493,-0.98147446,5.0937095,1.8453255,4.4063377,-0.211539,2.4654853,2.7467902,-0.14921871,-3.7842655,-0.33779758,1.3454219,-0.97131485,0.79584545,3.0909276,1.9373102,1.3851715,4.1397247,0.9034998,8.325208,1.7523763,1.3571591,2.3262599,1.6411535,2.402224,10.098046,0.06503508,5.8937593,8.0459385,1.7514796,-1.469131,-2.6019723,-0.5952106,-1.023677,2.9200041,-1.3856486,-0.16651681,-2.9686425,-2.4521947,1.8573892,-1.9128205,1.4320238,0.619735,-0.5519952,-6.0994215,-3.3378146,-0.6449506,-2.346697,-2.963387,-1.3474518,0.10761955,-5.4864297,-3.1906598,-1.8094201,3.7404954,3.5751936,0.3612072,4.6518526,0.060023326,-3.2238913,-3.7236392,-0.25964582,-3.2727387,-2.881508,-5.501407,-1.813108,0.14469339,3.2248926,-0.62087476,-0.99511105,-3.8630679,8.006645,2.2959054,3.0830538,1.7976781,5.9635158,3.0849326,2.4695861,8.136812,6.9775825,-1.1933538,1.5930005,-0.6047778,-3.6444545,0.41548914,2.3404255,-1.3211617,-1.1091838,-6.323066,2.5640514,0.9887238,1.7276983,-3.4367595,5.377947,2.544769,11.362529
228,1.307121,-7.2725153,3.6144617,2.219372,1.1816239,1.2959157,2.108731,-0.8821626,1.9224753,0.098176464,-2.1711605,-1.6625677,1.4367299,12.633558,-1.8152697,2.093368,-0.49929953,2.189764,3.1559854,4.6672683,-0.21299082,0.46112993,0.039935146,2.366882,-1.5296811,-1.9981953,-6.404008,3.6245186,-5.1998363,-6.948651,4.645983,1.9680989,6.129035,4.6832857,5.299505,0.35980424,2.015569,-1.9587902,2.5284016,2.2324595,-6.202619,0.7970946,-2.895702,1.4734755,-1.9795294,0.22959352,1.0195012,0.62866676,2.7555707,-0.26938432,0.33136326,0.82665354,-4.201195,-1.0712126,0.2487255,0.6597654,0.66681814,7.035523,1.1685451,0.23484942,4.270747,5.263522,1.7539324,-1.534287,5.887732,0.6506835,1.6968483,2.4775662,-1.8474711,0.8825997,-0.6700552,0.7164364,1.4033636,0.13116181,-0.9362229,-3.1291418,-0.0776409,2.8684149,-1.9852674,4.4749026,-8.864336,-1.1548207,-3.4566908,-1.4676812,0.81370544,3.0389857,-0.47567973,4.129845,0.39850268,1.370707,0.50432485,9.026084,-0.501192,-4.2061534,1.7680745,-0.5103256,-2.7585227,2.7889588,0.7445423,-1.703771,2.2774155,-4.5292983,-2.4272993,1.0534521,-1.1843166,5.878021,3.588488,5.661584,3.2193837,-3.3673522,1.227902,-3.2337914,4.2781615,8.229334,-4.9321713,-1.387028,1.7585269,-0.42112607,5.012592,5.469335,-0.5187554,-2.229369,-2.4239967,-0.82373285,-2.7991793,-3.31213,-6.5348063,-5.955584,-4.1004767,0.5906148,0.45838684,-2.0454102,-0.7066127,-2.2701046,-1.3220965,1.9547312,-2.3259025,1.986762,1.8675131,-1.751949,2.631241,2.0894275,0.064307556,1.6595147,2.3044553,3.495108,-2.0805314,-2.2145023,-1.1434785,-5.2611537,-0.7304369,1.2403547,1.5340179,-3.2341614,-4.1599503,3.738614,1.4544529,3.4327528,5.056785,0.4769186,-9.710768,-2.0251067,2.1369307,3.5046227,5.171205,-1.0262288,5.24876,3.427376,0.6609281,-5.9011745,1.4216311,1.9280927,8.499962,1.0885736,1.9264535,-0.34966514,-1.3220366,-6.6073694,1.0431672,0.7253539,1.8191589,2.5922852,-0.33661452,3.5552778,3.2565324,2.5612013,5.1872344,-0.5849925,-0.89349574,-3.61855,0.43364033,-2.6349792,2.4414773,6.0085034,-0.80170846,2.0056098,-0.5958219,1.2932969,7.8514433,-0.17939374,1.0078642,-0.45319882,3.8032935,-1.9928643,-2.9434423,-5.4355454,-8.475402,-0.9941064,-9.955028,-0.38220677,9.705202,-0.08257982,12.660376,0.71053296,7.531529,1.6283604,-1.3852001,-5.279961,1.8543913,3.247597,1.1109113,3.9447193,-3.3536844,-4.598668,-1.6781698,-1.8913887,-2.1111557,-2.5405042,2.9752803,-2.9777932,-0.8553163,-0.15632705,-1.4356152,3.2388237,0.49535266,-1.2791102,3.727279,1.6314837,1.3941505,-0.02167497,5.3680224,1.3676344,-4.234671,-1.5366095,3.0696054,-1.1918572,-2.44901,4.816537,-0.65151006,3.6954854,1.0400215,-1.1821983,0.24184756,-1.3130405,-3.289391,-2.5309253,-2.8687906,-2.7643905,-0.895091,-2.9485517,-1.8728216,-2.2717125,-2.8501909,3.870448,-1.9831203,-1.8571346,3.0995927,0.0701056,3.9955025,0.09633516,2.8129468,4.2783875,1.7603382,-5.507779,-4.992518,2.2656436,-2.5627463,0.7595588,2.5757298,1.1043513,0.1766799,-2.02252,0.8565791,1.9022986,3.3211696,2.930101,5.471965,1.7518481,2.6097114,4.2024775,-1.903547,3.9031005,8.532456,-1.3755454,-0.010443724,-1.7368064,1.3470721,3.179849,4.7386837,-1.5438367,-1.2780627,-0.8735325,-2.3700624,3.2419968,-3.0450482,2.0321484,-2.128494,-2.6117547,-7.1751366,-6.3017745,-3.726403,-4.2635536,-1.9033698,-0.92058474,-1.6255659,-7.052164,-3.3089762,-2.3216085,1.0416998,3.6984658,-1.6323667,2.6113775,1.6671664,-2.4571111,-3.171489,-1.6325808,-1.2235229,-3.0146105,-6.6872826,-7.1969256,0.1108081,3.5776613,-2.2672534,-3.9648466,-4.3290906,6.281984,0.3948945,2.808141,1.1310668,-0.6280437,-1.8945066,3.67586,4.806622,14.4436035,1.3447243,3.3709528,-1.8210602,-3.3782156,0.30318847,1.8742092,1.8971769,-1.1633412,0.58548456,-0.5224833,0.8917089,-1.3954033,-2.6722653,8.450937,-1.7543086,6.9290895
229,-0.04333052,-4.060321,-0.12667458,1.171534,1.1505839,-0.0887941,1.0519099,-2.205711,-0.19896527,-0.6367869,0.08251087,-2.8617969,1.7705014,7.5717607,-5.7040153,-2.4399164,-2.0127566,-0.054148134,2.0995986,2.8070085,-3.2768426,-1.3821919,-2.7409983,-4.0006647,-6.547168,-4.4428163,-7.685433,3.3095276,-9.20623,-12.506278,5.620323,0.8548628,2.7243009,-0.92694783,3.1529484,-0.9319407,1.6294892,0.6678777,1.9587907,-2.2736123,-7.6950283,0.08479792,-4.7540426,1.1986499,-1.6845034,0.86646354,0.56790555,1.1387625,3.0340486,0.37320828,0.19513288,2.0589714,-4.2511024,0.32049313,-2.5906467,0.06868975,-0.73514843,-3.5661755,-3.8902678,-3.369032,-0.6275513,3.8624415,-3.828025,-3.0006382,2.4818974,2.3858032,1.0469891,-0.18533567,-4.3982553,-0.1526142,-2.1415808,0.74282354,1.7618107,-1.9071182,-2.1479976,-6.2236505,-0.4598309,1.5393711,-5.286637,2.049904,-9.311698,-1.5346674,-2.6981282,-0.95315075,-0.59744537,-0.2848013,-2.15655,4.7627625,1.1536765,-0.2432304,1.5235525,4.7112966,-1.0978543,-3.3621445,0.1505331,-0.49016154,-2.5392694,0.71378344,-0.09402737,-1.6102161,-0.11808099,-7.0516543,-2.2508764,-0.83425397,-1.1027669,0.91553867,-1.9781036,2.2545533,0.783903,-1.8306384,-1.7447352,-2.4559925,3.552727,0.5566787,-8.324648,-1.4800544,3.8851347,-3.6127956,4.0030785,6.3278704,-1.5232339,-0.6141302,-2.3304684,-3.6285865,-5.37717,-1.8195236,-4.6566334,-3.9411755,-4.7497673,-0.48122066,-1.4779781,-2.3803022,0.625769,-2.376654,-2.7985766,1.0640982,-2.4623134,0.78227735,-0.9639511,-3.6675932,3.7652938,-2.5426042,0.8522192,2.036389,3.1189356,1.4211545,-2.2635906,-3.6715176,-1.5290406,-8.143321,0.11650521,-3.9324708,3.5378501,-1.2128756,-6.836196,0.8548374,-0.9951243,2.9644039,2.6288333,-1.0808476,-11.875082,-4.714119,-0.88136905,7.786488,0.004905378,1.7584814,-1.9830836,3.6185803,-4.5895886,-5.8136854,1.3134431,1.750092,4.975554,-2.4365482,-0.93557864,-1.4218018,0.009352645,-9.026463,-1.4081122,-4.7601557,1.5382239,-0.49234015,0.81801075,2.057649,2.2641652,0.9662245,3.3816059,-1.2084985,-1.1956539,-3.0291765,-2.0025532,-3.8609881,3.7810657,0.57313234,-2.919453,0.68306476,1.1616373,-1.4389675,9.75295,-1.5489451,-0.31009403,-1.0459375,3.3570275,-2.3000686,-3.1033125,-6.029897,-9.347191,-2.5753107,-13.724867,-4.0128217,5.20577,-0.7076425,12.007422,-2.8751893,1.3757164,2.3380268,-5.3457956,-7.964922,2.9450986,-0.70590955,-2.5154314,4.108593,-3.9369326,-4.15257,-5.2029414,-0.8047673,-0.55045396,-2.166182,2.4963112,-0.6807604,-1.070978,-1.0408661,-1.7609355,1.4268359,-1.9741025,-3.0054603,1.7827879,-1.925471,-3.210424,-5.766873,-1.4304584,-1.0747498,-6.8507533,-5.3531737,-0.42433012,-1.3756055,-3.901908,4.275685,-5.5539327,1.8507234,-0.08137074,-3.3957057,-2.0626667,-1.2882651,-4.570853,-3.6585171,-3.2008965,-5.3245068,-3.2712135,-3.5123332,-4.337049,-2.3348148,-3.4046433,3.005354,-2.1594777,-3.9411721,-0.2984027,-1.2291787,1.2151623,-0.8424438,1.1588719,3.4127827,4.0795507,-5.0287395,-8.39851,0.74929667,-3.1777952,-0.52492696,-1.2303208,-1.3557962,-1.0015025,-9.3263035,-1.326296,-5.3615575,3.4127269,1.4800335,5.273572,-0.30513665,2.3359554,-4.9041214,-4.35664,-0.1569305,3.828662,-5.417636,-1.3388941,-1.289123,1.5623541,4.345774,5.197624,-1.8112724,-2.1912756,0.18498005,-3.2898867,3.308876,-4.39559,2.8260934,-6.028157,-3.9080598,-5.8101625,-8.850071,-6.2344823,-4.4001575,-1.2378519,-1.9417243,-3.7151022,-8.296052,-4.089841,-3.5005558,-2.7896476,3.2580032,-3.2202356,-1.9803573,1.2747,-3.5303557,-2.1509342,-2.3358457,-1.305016,-3.7020261,-6.601901,-10.659869,0.47892374,2.7317026,-2.85956,-3.2217014,-4.1612678,4.296127,-1.7869595,2.3395221,-0.29802886,-5.0892286,-6.1302176,2.624478,0.33057123,12.296216,-1.0306873,3.069929,-3.8855255,-2.8634965,-2.0879405,1.1430701,1.613664,-0.62034726,5.230141,-2.6941054,0.18801945,-3.2716348,-1.3910893,8.375069,-5.156246,2.7380328
230,-0.22936624,2.2642992,-3.7064743,0.9518986,1.8025392,-1.1469148,2.1790447,-2.908799,-1.3079352,-0.5150949,1.9357083,-2.611129,1.7354302,-0.77480507,-9.756649,-5.7142386,-1.5091325,-1.0552639,1.3701288,0.5612575,-3.4592602,-1.3344247,-3.6007063,-6.0784583,-10.000531,-5.46515,-6.970598,3.140237,-11.096392,-14.060434,6.1013265,1.1882102,-0.85067785,-6.463702,2.2321873,-1.9871229,-0.45850706,3.4059029,-0.13696928,-5.012335,-4.9831185,-0.28487125,-5.4065986,1.022778,-0.9928101,2.2923613,-0.44801384,-0.14959596,2.0978026,-0.45759666,-0.898752,1.0337783,-1.582577,0.8008926,-4.550641,-1.0289614,-2.3718145,-11.859335,-8.236593,-4.273476,-3.1783752,2.838734,-7.2506285,-4.1455197,-0.12297577,1.2292033,0.60253245,-2.1908653,-4.412194,-1.0295173,-1.6920422,1.3365139,0.7083323,-3.3139572,-2.8017163,-5.7994957,-0.7065043,-1.3820211,-6.7020226,0.43819916,-7.401908,-2.869373,-1.9992223,-1.1353179,-3.0664587,-2.8394887,-2.0737453,4.17466,0.8578506,-2.774143,2.127321,-0.85857475,-0.92881656,-1.4517573,-0.9844435,0.31752956,-0.28596178,-1.0086466,-1.9302869,-1.3487687,-2.5955644,-6.987169,0.92319286,-1.1954563,-0.7682348,-3.8971133,-8.048634,-0.15263583,-0.09862891,-0.49647897,-3.03672,-1.6645687,2.6733189,-9.500265,-11.980499,-1.2087138,3.9189088,-6.196974,-0.15488018,3.3663936,-2.8156464,-0.051336545,-2.3707526,-3.9016905,-6.226533,-3.0456386,-1.3996499,-2.4569383,-5.097662,-1.8209726,-2.8025491,-1.1548712,1.2444506,-1.1285293,-3.4236217,-0.7826996,-2.078065,-0.8647526,-3.0392451,-3.3733535,4.0744457,-7.3580036,0.5515363,0.85709727,1.6521906,-0.517412,-2.2961276,-5.104403,-2.1865582,-7.2266526,0.54657006,-7.822891,4.2424707,3.4134128,-7.8376055,0.0067390045,0.15047902,2.0359375,-0.19778672,1.2441403,-7.309707,-7.2001815,-1.4690343,9.187003,-5.611684,2.7667546,-8.471534,2.7579002,-7.864434,-3.757875,0.16027166,0.7285958,2.0813296,-5.214182,-2.8405344,-2.4174929,0.44737393,-6.6849174,-2.2976706,-6.7300053,1.3937987,-1.5184274,2.0935297,1.5243014,1.2345049,0.6436162,2.3602676,-1.2822387,-0.4352467,-2.4783292,-2.6148891,-3.814298,3.1264875,-7.0549574,-6.171926,0.030668255,2.8020775,-2.3689492,8.319289,-2.3737063,-0.85874456,-1.1784428,3.0863929,-1.0521094,-2.5749807,-4.513806,-7.9689956,-3.1961513,-12.486278,-4.1198072,0.4557277,-1.9784732,9.75938,-5.1034007,-3.2048829,1.8383548,-8.2732,-6.38003,2.8835816,-3.0055432,-5.4404464,2.38107,-3.7781177,-3.6742303,-8.217906,0.07013377,-0.23890224,-2.47914,0.24818312,0.748574,-0.96411157,-2.0719843,-1.3413023,-0.24332918,-4.3978076,-3.6833563,-0.60639393,-4.3306637,-6.475931,-8.538109,-5.5129423,-0.6241169,-7.458882,-5.3204274,-2.3622181,-3.9958465,-3.924,1.9054091,-7.0637426,0.005551134,-1.0840408,-2.5682313,-3.8224003,-1.6421052,-4.538833,-4.572835,-3.773935,-7.2146,-2.7453425,-2.3844779,-5.9537807,-2.3356426,-4.2468834,0.05379496,-3.6389816,-5.8587112,-2.7269642,-0.16153619,-2.2876112,-0.91717196,-1.0721672,1.6089696,5.1942086,-2.3354888,-7.855933,-2.2842534,-2.3157172,-0.8676397,-4.4879847,-3.2963562,-0.88355994,-11.854456,-3.665301,-7.1970286,3.1010113,-1.2108561,2.3045058,-2.5258071,1.5436625,-9.709838,-5.39838,-3.875005,-1.6429751,-6.99722,-3.8901496,-1.5715729,0.83810383,2.4041505,4.1100416,-2.4529455,-3.2031903,-0.5403121,-4.565932,2.6754398,-4.8243103,1.2582058,-8.435058,-3.1224577,-2.1888793,-8.482272,-6.368165,-2.5708404,-0.71182686,-2.6893914,-4.6770935,-7.7253904,-4.474141,-4.330319,-5.019655,3.3209968,-3.0926156,-6.6811504,-0.1970254,-4.1990924,-1.3570411,-3.1381223,-2.3492846,-3.608184,-4.6577477,-10.414633,1.2530453,1.4797281,-2.822519,0.39711532,-5.6731653,3.3206599,-2.6045008,1.8598226,-1.260636,-6.798212,-8.445547,-0.63046825,-2.2106323,5.6078324,-6.568477,0.96784556,-4.799176,-2.0895355,-3.9903314,0.50324005,-0.39231685,0.5450666,4.7924576,-2.5132165,-0.07147744,-2.7826037,-0.21024959,8.370825,-5.2208366,1.8963686
231,0.49366182,5.7546477,-6.1567774,1.7040739,2.8647125,-1.1780838,4.2731233,-2.98543,-1.2677852,0.5147795,2.0512962,-1.1799003,1.3904921,-9.09592,-12.949127,-5.8633356,0.3200154,-0.87804955,-0.14859757,-1.238257,-1.3629673,0.5630766,-2.705411,-4.135132,-8.954357,-4.682165,-5.3890934,2.7121465,-11.490664,-12.899726,3.2609305,0.86976963,-5.4978004,-10.628229,1.2686917,-2.400804,-2.3168633,3.415728,-2.4685895,-5.262099,-1.2784883,-0.3583991,-4.853688,1.7208152,-1.1019881,3.623262,-1.5475768,-2.0430079,1.046918,-1.6056257,-2.555055,-1.6835991,1.9424968,0.097353786,-4.198015,-2.0524187,-3.9376998,-12.095302,-9.690351,-3.1547272,-1.9561605,2.3554404,-6.1373034,-5.088209,-1.1884273,-0.81022346,1.0452354,-2.8760343,-2.7023704,-0.8671144,-0.014318925,2.465462,-1.0194751,-3.3525908,-2.6053507,-2.7928326,-0.3690804,-3.9457264,-5.091899,-0.47478986,-4.1685596,-3.632753,-1.842397,-1.2817559,-4.7873125,-3.4290342,-0.69430596,2.2728455,0.4612609,-4.123138,2.1675706,-4.515495,0.15470967,0.14571854,-1.3109844,1.4455705,3.0108569,-1.234401,-3.0264046,-0.5472754,-4.9636874,-6.094775,1.9624922,0.560809,-0.81181157,-5.3759103,-10.780302,-1.1510754,0.59676856,-1.5840902,-2.3955963,-1.9948206,3.2243395,-16.605158,-15.581703,-0.7573141,2.0422015,-6.225024,-7.504932,-1.3854249,-5.120015,-0.50480425,-2.6894557,-1.5708177,-5.2594604,-6.9840584,3.118182,-3.1762228,-5.589958,-3.806645,-2.8423488,0.21594986,1.0100182,0.3624522,-2.8406274,-1.956995,-1.1884404,-1.7383332,-3.8520126,-1.8010496,1.7847735,-11.411592,-0.6773136,-1.1132975,-1.6871177,-1.3519601,-1.7612041,-4.9070063,-2.6598752,-4.377475,0.029386157,-9.258466,2.1358314,7.1398106,-5.837028,1.162557,2.809212,0.79530454,-1.919141,5.596107,-0.27402553,-9.481932,0.06356136,6.156185,-7.836511,1.3718975,-10.973164,0.28735518,-7.8230653,-0.933659,-0.87356186,-0.5843603,1.3347225,-5.961588,-2.5350058,-3.715653,-0.7126023,-2.2348347,-3.2850752,-5.1920295,0.73106897,-0.9778167,2.1803074,1.6280782,0.7512151,1.2022712,2.2975457,-0.93298924,0.71270484,-1.8549647,-1.0663778,-2.2898562,1.2120643,-13.635449,-10.27068,0.4497967,3.5218353,-1.9123158,3.9702332,-2.2881315,-0.6655794,-0.93437177,2.0804834,0.48204982,-1.5901438,-1.7838537,-5.2730064,-2.699243,-7.6749516,-2.0293024,-4.027252,-4.11206,5.9664173,-5.7943506,-4.747413,0.811953,-9.021359,-3.329637,1.984462,-2.5885398,-5.384613,-0.061900865,-3.8292353,-2.7536967,-8.759354,0.22693917,-1.0584463,-2.5472362,-1.9868379,0.51712435,-0.8509421,-2.4581573,-1.5912513,-0.80105853,-4.9116864,-3.376361,-2.3167117,-3.8255231,-6.8266697,-6.385314,-3.2234135,2.0190067,-5.060068,-1.6096445,-1.7689894,-5.3227334,-2.3026612,-0.13997875,-3.9181066,-0.49977168,-0.70697576,0.8307786,-3.708249,-1.9561051,-3.080195,-4.132064,-2.9507225,-6.637262,-0.1318396,-0.0064051277,-6.186461,-2.1010342,-4.6496663,-3.0072012,-4.8251333,-6.4059696,-2.675875,3.618689,-4.4041147,1.4673046,-2.6826668,0.5901535,4.219307,0.8280169,-4.24936,-4.836375,-0.9477126,0.4997685,-5.0670485,-3.246246,0.13881667,-7.9017572,-5.4631596,-2.8709095,3.0816667,-3.3691146,-1.6011391,-3.7304401,0.021523306,-7.389281,-4.386936,-4.9493866,-3.8449826,-5.4535666,-5.174743,-2.448939,-0.125322,-0.6707808,0.5836791,-3.86266,-5.133542,-2.2680607,-5.229253,2.0409236,-4.201478,-3.663362,-7.443482,-0.92589563,1.1894181,-4.838066,-4.1849,0.11372262,-0.24761388,-1.9970073,-4.1600485,-5.6863356,-3.8972723,-4.18668,-5.1087127,3.9525895,-1.5328373,-9.733942,-0.95057887,-3.0236225,-1.747364,-4.751282,-3.234371,-2.5138009,-2.0126932,-7.151855,1.7200502,-0.24937461,-3.0131178,3.8233304,-9.388699,2.95996,-2.3582754,1.3348223,-1.2641844,-6.8177633,-9.153438,-4.8550806,-2.0089638,3.1199293,-9.76669,-2.1260245,-4.4108586,-1.9089873,-3.9310842,0.19040702,-1.6610925,1.8157995,-0.6260373,-1.3636055,0.26101923,-1.2779764,0.07402071,8.739691,-2.865661,3.8121588
232,0.88123393,2.9670012,-7.669714,2.3983858,3.24833,-0.6231892,5.059567,-2.7000206,-1.0890024,1.61954,0.06712215,0.010905721,0.26003623,-14.730742,-14.824679,-3.5915482,1.5099971,-0.7706948,-2.751946,-2.6448443,0.9857537,2.6249218,-1.4393965,-2.8859034,-3.8123603,-3.1103013,-4.350084,1.6061409,-11.382362,-11.594723,-3.898023,-2.0106936,-10.785093,-13.633494,-1.3756342,-2.4874244,-2.9094856,-0.61333555,-3.859334,-4.705107,-0.55307484,-0.4225398,-4.1964693,2.6680567,-2.3631818,3.386209,-2.4541113,-2.826864,0.25593418,-2.163906,-3.9970772,-4.078801,3.3834443,-1.3368694,-2.0603125,-2.4659157,-5.5758657,-5.4257956,-8.1117735,-2.2787156,1.0589867,1.4357282,-2.3467464,-5.916741,-1.7581861,-2.4651005,1.5504277,-2.7660015,-1.4330804,0.08122586,1.0979447,3.0629163,-2.6977918,-2.7826104,-2.0263495,-0.46364275,0.33061033,-4.728099,-1.7565339,-1.3158534,-1.8867146,-3.6214852,-2.6338367,-1.2644076,-5.0050073,-2.7689228,0.34018934,-0.27868307,0.3381155,-3.1131988,1.380823,-5.3575315,1.2504517,0.40838885,-1.0732623,1.9106305,4.880506,-0.38410372,-3.0415874,0.2069517,-7.353445,-5.844266,-2.0565486,2.2181878,-2.2942722,-3.5789225,-9.679235,-1.7256851,1.5345448,-5.3973665,-1.2202477,-3.321401,4.8841815,-18.360876,-18.268835,-0.6330042,-0.8128744,-4.3402934,-16.164425,-4.958915,-8.172959,-1.4124571,-3.1701264,0.72171587,-3.8048875,-10.89535,6.8493695,-5.841633,-6.411418,-6.6764197,-2.1121655,0.31718403,-0.19894752,0.747974,-1.5409335,-1.6975433,-0.7938222,-1.8126584,-3.6890848,-0.93279546,-2.4438426,-13.876436,-2.1549077,-3.0317512,-5.3324943,-1.1952506,-1.0304517,-3.40697,-2.8705761,-2.3977723,-1.5276634,-8.917018,-1.6235843,7.134076,-2.1660113,2.402022,3.507999,-1.1648291,-2.244206,8.03241,3.3142688,-12.357094,1.58531,0.7816481,-5.181579,-0.9388256,-9.735577,-3.5142407,-5.676832,0.61885893,-1.5215305,-1.5845319,0.93478495,-4.659035,-1.3742898,-5.226563,-2.9815528,0.28541827,-5.4202113,-2.9934669,-1.08312,-0.9159626,0.33792064,1.2124453,0.85435206,1.3161707,2.4017458,-0.6737799,1.0278554,-0.9210153,0.9593733,-0.08607615,-0.684735,-17.056305,-14.30359,1.2897468,2.8136396,-1.716757,-0.7774791,-1.5598767,-0.37793678,-0.46212745,-0.16696274,-0.1428811,-0.7821034,0.28342688,-3.4398596,-1.6726571,-3.3865685,-1.2289968,-8.225319,-6.5599446,0.931457,-6.632313,-4.9858217,-0.3980336,-8.301136,-2.704252,0.5565943,-1.785222,-3.1843417,-1.883178,-4.8436728,-1.4685316,-6.672661,-0.78921354,-2.383827,-2.316596,-2.8936477,-0.99705666,-1.135087,-2.1253307,-3.0073125,-0.44732356,-3.3691888,-2.5912235,-4.0724993,-2.1161885,-5.2170773,-1.3448242,3.2661273,3.5954213,-1.3871996,2.1072853,0.20881349,-3.7119853,-0.40537667,-0.9768083,1.212438,0.19875595,0.66901475,3.891984,-2.3431423,-2.378149,-1.2446606,-2.470391,-0.74316055,-4.1418123,1.3536221,1.7276452,-5.9136977,-2.2353895,-4.1958895,-4.708347,-4.560701,-5.5481377,-0.7877657,8.105423,-4.6321187,5.685629,-3.7052531,0.7488438,1.6677027,2.286839,-1.108118,-5.346488,-0.7406785,1.6385084,-3.8956947,-1.6530607,0.30086902,-1.1605005,-7.001376,2.3299851,2.9376264,-4.490627,-4.3587637,-3.8241913,-2.0690913,-1.8295707,-2.4694717,-3.091327,-2.1165981,-2.822595,-4.02814,-3.4250264,-1.2923104,-2.7483654,-5.8881116,-5.956534,-7.4642982,-3.6461663,-4.7501774,1.7764566,-3.2683384,-10.089795,-3.9611998,0.55638117,1.9886848,-0.2407721,-1.5769254,1.9172397,-0.26509285,-0.31628215,-3.0632048,-4.1627192,-2.8174853,-3.352913,-4.4220586,4.2054434,-0.09285763,-10.83707,-0.40918583,-0.79139423,-3.6094387,-6.873265,-3.9108217,-1.3328866,-0.56846803,-3.5642514,0.82531357,-2.5204122,-3.383497,4.493294,-13.39637,2.12559,-2.6052275,0.7954514,-0.6902537,-6.2419305,-9.725777,-8.573141,-0.6066183,8.222487,-6.925887,-5.2646947,-4.196165,-2.813082,-2.9136424,-0.093240835,-1.3713464,2.427025,-7.7164664,-2.13321,0.44550046,-0.892162,-0.8468097,6.8068185,-1.2651713,4.9018793
233,0.43867403,-3.5818627,-8.3279295,2.2215917,2.4207923,-0.23098311,3.3544905,-2.0380318,-1.5193061,1.7657163,-2.9282057,-0.089794986,-1.281554,-16.689322,-15.4204,-0.77671033,0.6479757,-1.7773751,-4.8181114,-3.6606836,2.0829403,2.853671,-0.8160395,-6.0340376,2.1604798,-2.2346013,-4.464188,0.32461792,-11.621315,-12.034361,-12.744564,-6.7774687,-15.314561,-16.263578,-5.706292,-2.8140519,-3.1871462,-7.07924,-3.9537735,-5.104087,-3.5408819,-0.7000502,-4.179464,2.3667698,-4.3076468,0.86228347,-2.9925287,-1.9142165,-0.7065803,-2.2210727,-4.347846,-4.2515574,1.5624313,-2.4664133,-0.023106242,-1.9920254,-6.9600606,1.7135297,-5.2983513,-3.1914356,2.0175064,-0.784607,-0.011938752,-6.75006,-3.6047096,-3.6779056,0.5936821,-3.103471,-2.2766418,0.5905183,0.1818997,1.9025643,-4.0447536,-2.8003466,-1.822065,-1.1962119,0.83400315,-3.713838,0.5689684,-2.3188407,-1.9205185,-4.025967,-4.1276317,-1.6359817,-4.229292,-2.6613116,-0.6162205,-2.626314,-0.25880218,-0.5768849,-0.2320464,-4.6438026,1.2634482,-0.5464073,-0.96726817,0.90532416,3.257121,-0.24392739,-2.768422,0.26993218,-9.149345,-5.536489,-8.537697,1.0971957,-5.0178757,-1.0641716,-7.2673674,-2.9559436,1.275942,-9.832998,-1.1170292,-4.356094,5.9020586,-15.803729,-18.020735,-1.1226747,-3.567123,-2.8827055,-22.344555,-5.387259,-9.497549,-2.1740987,-3.2862983,0.5695766,-3.1065438,-11.003118,7.181712,-8.282764,-6.932564,-9.432921,-1.6061454,-0.97398853,-2.2112365,-0.41773358,-0.5096271,-0.7236905,-1.7329031,-1.7938124,-2.745846,-2.0422242,-5.561594,-13.746608,-3.2624495,-4.225535,-7.5506167,-0.5750831,-0.73892057,-2.1741054,-3.1343665,-3.0154471,-3.6166153,-7.872678,-3.8506308,3.2876573,0.117508516,2.0780118,1.1084759,-3.268727,-1.8406404,6.2645297,0.54218817,-16.320484,1.221091,-3.0581145,-0.10796667,-1.9596246,-7.339054,-7.024003,-3.5394652,-0.3483676,-2.3707817,-2.046568,-1.661088,-2.2315369,-1.4621294,-6.50863,-4.7992263,-0.88940793,-8.079538,-3.0010474,-3.1549582,-2.739004,-2.381158,0.040455874,1.2464612,0.23218882,1.7304149,-0.7711855,0.13021155,0.43483958,1.4728738,1.7863362,-1.1888636,-17.183159,-17.05971,1.8415484,1.0289959,-2.777511,-2.9449842,-0.67382044,-0.4953551,0.15688308,-2.718216,-3.725499,-0.5605722,0.58530635,-3.9832447,-0.8645126,-3.2183151,-4.091489,-11.721025,-8.022479,-4.716137,-9.257832,-6.2318697,-1.8706446,-7.979941,-5.5894237,-1.1702416,-3.1308916,-1.4076183,-2.5070515,-6.258494,-0.42062983,-3.8171916,-3.0469205,-3.364454,-2.2661602,-2.534618,-2.5728736,-1.7279738,-1.4831836,-4.3202324,-0.059603855,-1.2153538,-1.5125343,-6.334333,-2.0917737,-3.7043874,2.3445122,7.6111016,1.5024333,0.6493414,1.8971992,1.0983094,-0.88071185,-0.04625437,-1.355502,3.8630087,1.0012499,1.3602831,3.8025346,-1.4970691,-2.9335542,-0.08514175,-0.7155377,1.326486,-1.6063615,-0.81293416,1.1066561,-6.312183,-3.2750864,-3.0713236,-4.9558434,-3.0299034,-4.3261104,0.73052853,10.198817,-4.490395,8.967359,-4.7842445,1.1243553,-0.97246534,1.2084513,-1.2346808,-3.8035626,-2.5732148,-0.2538742,-3.0512846,-0.15566826,-1.7198235,2.999438,-8.049382,2.6134722,1.9090399,-5.0604086,-4.7664833,-3.2879233,-3.985815,0.63847834,-1.4929819,-0.2507791,0.99619883,-1.5391352,-1.3889024,-3.9343288,-2.9588394,-2.9820588,-13.474641,-7.6313834,-7.9035487,-3.9196272,-3.348785,1.886817,-2.7538037,-14.271749,-1.0530739,-0.30893093,0.25334665,2.184462,-0.5031699,1.7156501,-1.2538974,0.92111045,-2.4480484,-4.6272893,-2.199316,-2.6038156,-4.1474743,3.0643227,-0.02001195,-10.416897,0.19223563,0.36130515,-6.0599604,-8.178804,-4.793906,-0.97648656,-1.2304099,-2.2798338,-1.7791401,-4.4060645,-2.9144452,2.3544576,-14.78959,0.5530865,-4.085179,0.4923035,-0.11795467,-5.123308,-11.242068,-11.011146,-0.08181925,15.525339,0.23310767,-7.3586116,-5.262611,-3.9384077,-3.0450327,-1.022747,-0.72096586,2.014517,-11.9411125,-6.08806,-0.11696253,-2.4063485,-2.3843925,0.3815966,-2.7059848,2.0380344
234,0.08253564,-7.5370173,-7.447004,1.5057639,1.1178054,-0.10408536,-0.07222903,-0.8012142,-2.1642334,0.5154712,-5.203297,-1.1945624,-1.6321683,-15.422898,-14.659727,1.4394358,-1.945017,-3.682297,-4.177097,-3.598476,1.9517798,0.5689706,-0.60524243,-11.889538,5.5704417,-2.6196015,-5.1760087,-0.057554755,-12.305931,-13.8171015,-18.307508,-10.270692,-17.53587,-18.105097,-9.508385,-3.5015817,-4.9652224,-12.493652,-3.1653621,-6.3950152,-7.1623983,-1.203031,-4.324563,-0.12531881,-6.39906,-3.1597373,-2.9400864,-0.4057803,-2.2767222,-2.4730217,-3.0873234,-1.9790618,-1.7404952,-2.3293426,0.37793818,-0.7151982,-7.0937123,3.507784,-3.4419446,-5.3955474,-1.3261529,-3.8020737,-1.567202,-7.454758,-7.1558003,-4.3865023,-2.316886,-4.621336,-4.8540435,-0.19330215,-2.64979,-0.8843315,-4.9706354,-3.6528845,-2.3100457,-4.1225796,0.87926537,-2.118938,0.019353105,-2.9372706,-3.1721973,-5.826655,-5.303493,-2.8987474,-3.3490293,-4.2336645,-3.7489202,-3.9969285,-2.2034247,1.4269592,-2.0995228,-3.9572766,0.09135337,-1.587071,-1.6219064,-1.6037654,-1.7279667,-2.1771026,-2.7556038,-0.10519786,-8.826431,-2.9906068,-11.75335,-2.9359536,-7.039686,-0.1677369,-6.0773773,-4.885957,-0.6633003,-12.00081,-2.4435759,-3.802463,4.7312016,-11.328284,-12.924874,-1.9182054,-5.4078836,-3.1435344,-22.192123,-2.8201625,-6.016747,-2.3241868,-2.377521,-1.6469275,-3.0381446,-5.542754,3.3491306,-8.1169405,-6.064738,-10.194695,-1.6831218,-2.3425193,-4.3105993,-2.2590947,-0.48678872,-0.4045608,-3.6365185,-2.130198,-0.8805423,-4.5830297,-4.758656,-10.365431,-3.8827868,-4.2779465,-7.60747,0.24947923,-0.93081546,-2.2347758,-3.7389643,-5.663363,-5.231509,-6.3868384,-2.2382362,-1.9037203,-0.8462014,0.47445193,-2.029865,-3.6330767,-1.4118251,1.6858004,-6.2884946,-20.12286,-0.97042835,-3.1003704,3.1053326,-0.6478703,-5.835429,-8.00352,-2.4007776,-3.1406853,-3.7909906,-2.0897691,-6.4003086,0.34773958,-3.1729615,-7.0683827,-4.5460486,-4.0510406,-9.665468,-5.445604,-3.3808775,-5.7173295,-3.7676637,-0.73486614,1.5610455,-1.4809065,-0.04753274,-0.9902266,-1.0493413,1.979509,0.085177004,2.7863693,0.41063175,-14.974481,-17.417374,2.0103636,-0.7454323,-4.5147285,-1.4337803,0.13740313,-0.9528481,0.79054767,-3.73804,-7.9260626,-0.72491837,-0.25648716,-6.1248755,-0.64840424,-7.3249493,-9.429231,-13.410391,-7.2148824,-9.798264,-13.0792885,-8.506229,-3.654046,-9.364344,-9.289306,-2.843841,-6.292492,-1.459274,-2.299527,-6.609103,-0.15605208,-2.5034552,-5.8239956,-3.4044683,-2.6040847,-1.9278953,-3.088741,-2.0112894,-0.81896746,-3.6546557,-0.2359457,0.03320383,-0.013908788,-7.944369,-4.637417,-3.4269514,1.8856028,4.958192,-3.588629,-0.39435232,-2.8066843,-0.74467486,0.3039677,-1.8792487,-2.2512925,1.6760685,1.1759976,0.24124444,0.48892054,-2.2755644,-3.0927575,0.21022682,0.14600031,1.8687115,-0.28437126,-5.9850545,-1.8999529,-7.5446873,-4.7540054,-1.7910297,-4.68058,-1.3748392,-3.8608484,0.088957645,8.168479,-5.8877935,8.449658,-5.8826284,0.7918361,-2.3996985,-1.1938885,-4.1782084,-1.6139935,-5.7249613,-5.635763,-3.0962892,0.13215028,-5.1794977,2.380175,-7.511381,-2.4593346,0.1488842,-5.467938,-3.2210534,-2.768373,-4.810168,-2.7151582,-2.2546225,1.0686758,2.3372643,-2.2873113,0.9114741,-3.6291468,-5.02278,-1.8379176,-18.017939,-7.2500596,-4.348906,-3.3343349,-1.7114874,2.147589,-2.6823165,-13.204518,-1.1504408,-3.1176512,-1.7488122,1.1454995,-1.1682377,-0.129642,-3.0554748,0.8342525,-2.4767163,-6.358869,-2.5398006,-2.4015512,-3.8653026,0.40567523,-1.117568,-8.747285,-0.7973265,-0.89402527,-7.624991,-7.4302926,-5.5302496,-1.3429779,-3.0729382,-3.954218,-5.023937,-4.3590565,-0.9693637,-0.53403777,-11.953358,-0.84516585,-5.600302,0.64768606,0.2286792,-2.904936,-13.056245,-12.21211,-1.2147613,16.237383,6.2224092,-7.234939,-6.922422,-3.602706,-5.1973405,-2.8979523,-1.2895383,0.9981302,-10.541498,-11.071044,-1.0760772,-4.7419353,-3.3642218,-9.178043,-6.367719,-4.446447
235,0.9682407,-4.46137,-4.3846903,1.2096112,0.5813532,0.27972847,-3.3517642,0.83263195,-2.0131974,-1.62314,-5.721967,-2.0801468,0.56700927,-12.127499,-12.115888,3.0788898,-4.6443763,-5.2227683,-0.58921564,-1.7243364,1.5018462,-2.999608,0.005408677,-14.611663,5.407424,-3.3671112,-5.3542247,0.87851566,-12.590657,-14.454566,-17.066736,-9.5514145,-16.444576,-17.21423,-10.035914,-4.0349984,-8.756692,-14.058282,-2.0814824,-7.038695,-7.7702837,-1.7987868,-3.4887352,-4.1728044,-8.4868145,-6.888644,-2.1340625,0.016767109,-4.1745467,-3.2300375,-0.45552424,1.1177071,-3.4108863,-0.7396057,-0.7863039,0.9558838,-5.246997,-0.5498718,-3.4304702,-7.040482,-7.361904,-5.871868,-5.511769,-7.378748,-10.59594,-3.6209366,-5.7440014,-6.740931,-6.9293013,-1.6274912,-5.7118297,-3.3590794,-5.1188416,-4.340739,-3.0195115,-5.8812175,0.75605416,-1.3458792,-2.8887146,-2.4529343,-2.9066794,-8.349136,-4.9748006,-4.710265,-2.6616337,-6.7982593,-7.292379,-3.7662542,-5.050945,1.5132121,-3.257047,-3.658055,-1.146105,-1.5226225,-3.023886,-4.7146635,-7.566034,-5.5386815,-2.5095887,0.099427715,-5.2217846,2.7827475,-8.480961,-6.882675,-6.173605,-1.0773185,-6.171324,-6.5359583,-3.7132068,-10.496813,-4.0765877,-1.4947331,1.3290787,-6.545678,-3.476548,-2.3054914,-5.92986,-3.9242508,-14.677786,0.75605696,2.5765586,-1.5890523,-0.23145139,-3.230307,-2.3286617,3.3040013,-2.4431665,-4.715682,-3.2160063,-7.860907,-1.7141757,-2.1902008,-5.4647894,-3.2918577,-1.4082795,-1.3495039,-5.091957,-2.5878358,1.7889616,-6.6958785,-0.25575078,-4.4816666,-4.364844,-3.1427913,-6.1581697,1.2305737,-0.8938975,-3.0557053,-4.5210395,-7.992253,-5.3405933,-4.125493,2.3130648,-5.2579055,-3.8545115,-0.68007314,-2.5530503,-0.79752153,-1.1731471,-2.0779572,-11.74684,-20.928923,-3.168685,-0.4137749,2.1077905,2.213586,-5.1096916,-5.3327446,-1.6251818,-5.518441,-5.1456423,-1.8312193,-10.125613,2.6464512,-4.683437,-6.628449,-1.7052795,-6.0583453,-9.129175,-7.8736224,-0.5675172,-7.611932,-2.4858084,0.08259018,1.4930385,-2.6107783,-2.3551457,-0.9038123,-1.1818868,3.1663463,-1.69488,2.9389842,3.448816,-11.24863,-14.815041,2.005505,-1.5000608,-5.5300736,2.0381482,0.9205792,-1.3828667,1.1450509,-2.2162948,-8.925375,-0.6524109,-0.5916783,-7.1790495,-0.9047228,-12.293836,-13.289217,-12.420565,-3.826302,-12.750984,-15.131096,-9.515835,-5.3631215,-12.0256815,-10.076602,-3.905663,-8.3607,-2.296734,-2.0087843,-4.9491897,-0.58990955,-3.5483408,-7.7403007,-2.4995418,-2.9293232,-1.8955309,-2.2916481,-1.4214327,-0.029068222,-0.57109153,-0.8165704,0.12243004,1.74674,-7.1754103,-7.738265,-3.835763,-1.7935121,-3.5793903,-8.209579,-3.160101,-8.538786,-4.5710855,-1.0258385,-4.781011,-3.4698136,-3.4953187,1.0598217,-1.8953625,-3.1828659,-4.072875,-2.1675136,0.19370423,0.1174456,0.99561346,0.09104741,-10.72857,-5.5770397,-8.5114565,-5.323834,-0.70112044,-4.7813954,-0.5201245,-4.3825793,-2.4822443,3.1621225,-9.042246,3.6036355,-5.9638133,0.036205333,-2.4333193,-2.6673903,-6.893116,-0.39678508,-8.429332,-11.429223,-2.586731,-0.4712024,-7.55188,-0.6102652,-4.7922244,-7.6205015,-1.0850351,-5.4544964,-1.4553622,-2.9251564,-4.1142025,-8.938204,-3.7157595,-0.10841062,0.65716445,-3.8284972,1.9042256,-2.5079367,-6.7013865,-0.19892156,-16.038687,-4.0760717,2.5710976,-2.6503427,-0.4570898,2.2285786,-2.4709492,-6.985559,-3.859639,-5.718973,-1.7393559,-1.819795,-1.9353102,-2.0153031,-4.691258,-0.09494268,-2.4376976,-7.0992293,-3.381993,-2.5227518,-2.2382748,-2.811659,-2.1223056,-6.0334163,-3.6099918,-3.7853673,-7.4373884,-4.695203,-4.849842,-1.4481407,-4.165162,-7.004584,-6.9414363,-1.7530947,1.5329872,-2.105621,-5.8311195,-1.0641791,-5.115154,1.0810573,0.3998514,0.38458726,-13.141823,-12.40618,-3.1062884,6.8639255,6.771257,-4.229217,-7.3613377,-0.9607664,-8.036774,-5.013864,-3.2246625,0.27752233,-4.37122,-13.031641,-1.456091,-6.2734456,-2.8950331,-17.524912,-9.057138,-10.910071
236,2.8804007,4.1530027,0.17712533,1.6705874,1.1888337,1.2158588,-4.981177,2.1017482,-0.6767848,-3.4934392,-4.763799,-1.7944828,4.592646,-8.236594,-7.609311,4.3091965,-5.941121,-5.2475114,3.4687486,1.5323266,1.2554889,-5.6311674,1.149152,-9.892518,3.3098238,-2.9833465,-4.2839203,2.2708256,-11.286426,-11.512721,-10.029936,-4.712294,-12.092184,-12.02737,-6.5624375,-3.7553124,-12.774017,-11.57604,-0.9669072,-5.9021,-4.721791,-2.3267975,-1.1448497,-7.8363156,-10.416299,-8.755473,-0.7413206,-1.2143987,-5.50071,-3.8934996,2.5285392,2.9553905,-1.8563792,1.5535843,-2.0718496,2.4573946,-1.9937431,-6.0464582,-4.3414636,-6.676674,-11.784415,-5.5192027,-7.925466,-5.6853867,-11.285122,-0.35944396,-7.2995696,-7.9964395,-6.3193645,-2.0000176,-7.018553,-3.2400172,-3.9384367,-3.6530602,-3.0597923,-3.825754,0.93589765,-1.8848301,-5.846344,-0.9430395,0.5540392,-9.591628,-2.745028,-5.870843,-1.7653716,-8.339597,-8.691446,-1.7654203,-6.8886423,0.14391774,-2.9855943,-2.9642045,-1.1545663,-0.10888363,-4.3944497,-6.966617,-11.026616,-8.007777,-1.1179444,1.5552809,0.92090595,9.71425,-1.1528131,-7.161929,-2.0973866,-2.2610872,-5.5416102,-6.838476,-6.827676,-6.345809,-4.48693,1.4424757,-2.8076363,-1.8890747,6.6135178,-1.757644,-5.145395,-3.0075111,-3.1225958,2.9176712,12.253254,-0.08759607,2.5139356,-2.0311773,-0.048316244,10.523104,-6.4684224,0.24013773,1.0245984,-3.3954415,-0.84056807,-0.083131336,-5.0070825,-2.6742313,-2.452864,-2.7938728,-4.8516355,-2.6609864,4.357393,-6.8063736,4.55305,1.4912165,-5.0434055,-1.271844,-4.5332804,2.0550444,0.07999186,-3.183519,-4.8829184,-7.772488,-3.5806303,-1.2149028,6.329158,-5.0318136,-5.800256,-0.16783178,0.3829361,4.251729,-1.0537283,-2.4842098,-11.794591,-16.556242,-3.5085864,2.001418,-1.745535,4.919127,-3.7620258,-0.2817633,-0.15578437,-5.4191346,-5.233847,-1.2004714,-9.459612,4.6110477,-3.9007843,-5.279633,2.6728516,-5.2874265,-6.778073,-7.6052876,3.8851287,-6.761195,0.544582,2.1517856,0.8826396,-2.5517175,-4.0149183,-0.35745996,0.1282293,3.4707036,-1.9679877,2.540086,6.0089145,-6.4838305,-9.731877,1.6906867,-1.079653,-5.021561,4.394746,1.6602346,-1.6051066,0.92112094,0.8700208,-4.8676047,0.12581545,0.6355616,-4.8741326,-1.2529105,-13.973102,-12.386298,-9.278412,1.0691507,-12.479389,-12.524858,-7.3491087,-6.285756,-14.127235,-6.805406,-3.8537126,-6.967128,-1.8794006,-2.0538182,-1.7528245,-1.0393337,-5.6446714,-7.591335,-1.1450231,-2.609114,-2.3375273,-0.8101498,-0.05779218,1.0784497,3.1645062,-1.1994418,-0.007192713,3.0469158,-3.843519,-8.537931,-3.5962317,-5.06992,-11.79699,-9.143681,-4.6979723,-10.737042,-7.7838984,-2.9153,-6.7454123,-3.831995,-7.2634635,1.4538581,-3.006529,-3.954584,-5.1918697,-0.10947198,0.4021813,0.00016954617,0.06986948,0.53376883,-11.628783,-7.76623,-7.843565,-3.960893,0.22204673,-5.3169675,-0.39905193,-5.091976,-4.945126,-1.6769638,-11.986848,-3.0640345,-4.0977936,0.01821615,-1.959699,-1.7929112,-6.734347,-0.7076916,-9.213354,-13.333335,-0.04715712,-0.85071474,-6.641049,-1.8995827,-1.0834137,-7.2154284,-0.626645,-4.559828,-1.2420583,-4.113533,-2.288346,-12.704198,-3.9438143,-2.5819466,-2.8314867,-4.5052853,2.0216146,-0.8736452,-7.0058146,1.3398889,-8.193366,0.6513669,9.178027,-2.3870163,0.19112137,1.8263069,-1.6053094,1.024342,-6.458058,-6.0629144,0.5330363,-3.8366632,-1.0619559,-2.354812,-5.0383544,-0.66320837,-1.6910448,-5.358942,-3.7259,-2.392547,1.1092981,-5.183299,-2.0606456,-3.0560825,-6.6583605,-6.1412473,-5.899111,-1.4434261,-1.8713243,-0.47611716,-3.2524698,-9.010739,-6.1791954,2.0911798,2.6540809,-1.9541931,0.734977,-0.21236226,-1.9470079,1.2193607,0.36549842,3.5987723,-10.005514,-11.475614,-4.21023,-7.2864,2.2644017,0.9777334,-5.5650797,2.9191418,-9.225511,-5.94808,-5.044173,0.45989946,2.8648152,-9.613485,-0.7269223,-6.3505526,-1.0907573,-20.759825,-8.123031,-13.45332
237,4.1149774,12.218319,4.132333,2.1215796,2.0038905,2.1878138,-4.6165156,2.2195797,1.0632942,-4.0228734,-3.3482459,-0.45122787,7.6505156,-5.0655293,-2.0223038,4.612445,-5.4600773,-3.6862674,4.812234,4.3585987,0.8767106,-5.7767386,1.9377326,0.5896977,1.7029009,-0.8674723,-2.2332973,2.7467895,-7.947785,-5.032977,-2.1613111,0.9273604,-5.8632517,-3.6829119,-1.3342264,-2.5102081,-14.162233,-7.1776896,0.21059366,-3.4730835,-0.6730311,-2.6352768,1.9727473,-9.185163,-11.397144,-8.277117,0.67820036,-2.9435382,-5.483791,-3.4512174,4.5657673,2.6609037,1.6334531,3.404806,-2.0341494,3.3055456,0.95999044,-8.086724,-4.430385,-4.3497562,-11.22241,-2.9914718,-6.165716,-2.2495587,-8.250892,4.7412524,-5.699737,-7.308396,-2.8748853,-0.26383522,-5.7798457,-0.10539401,-1.3633662,-1.434979,-1.9096332,1.364619,1.4991277,-2.9834888,-6.763523,0.4946708,5.8253675,-8.03353,0.49668014,-5.211481,-0.2752519,-7.2107935,-6.6601686,1.2383988,-5.9230685,-1.0052696,-1.4028794,-1.2127794,0.2345815,1.7417214,-4.7119923,-7.109922,-10.374901,-7.6442556,1.5132008,3.7038972,6.847952,13.771406,4.5330505,-2.9148374,3.0759988,-2.3397145,-2.6710432,-5.502636,-9.014157,-1.9504398,-3.0748193,3.4622061,-5.687526,2.412992,12.558386,-0.39766455,-3.4494166,0.13532983,6.491025,2.412319,17.11408,1.500904,4.593901,1.3512313,3.1647558,11.8871,-6.3833613,4.0546746,5.0818744,0.7101064,0.97247106,2.7841666,-3.192781,-0.9047582,-2.6660972,-3.3298483,-2.896614,-2.1789382,5.521361,-4.8636208,5.9252825,4.796136,-5.746423,0.49519202,-3.5724323,2.0837746,1.8208716,-1.7231812,-4.262271,-4.7083983,-0.6914139,1.3192943,6.818348,-1.8214524,-4.6760983,1.4062495,4.182329,8.221998,-1.0730095,-0.09697899,-6.844027,-7.882678,-1.7086964,2.1112318,-5.04871,6.212654,-1.1414073,4.0788455,2.0604093,-2.6035156,-3.5218678,-0.14787832,-4.1464524,6.028967,-0.69174147,-3.49544,6.5261884,-2.671332,-3.7906075,-4.26859,6.7664657,-3.6148317,2.8849866,3.6430397,-0.15606497,-1.7879751,-4.018094,0.401576,1.9391476,2.8040743,-0.24129094,1.9026312,6.168667,-1.5209297,-3.7886364,0.60097057,-0.19690786,-3.3879342,3.8110664,2.0605202,-1.7417331,0.12994702,3.2053916,2.1952703,1.4697846,2.8847733,0.4094774,-1.3578048,-10.783151,-7.054098,-5.8767447,5.498679,-9.3451805,-5.4004087,-2.843512,-5.8977118,-13.836193,-1.8369435,-2.6545682,-2.7753148,0.44729134,-2.2547228,1.5434555,-0.83185184,-6.537182,-5.275153,0.09628016,-1.3727646,-2.5065334,0.48346922,1.3179069,2.332462,4.994064,-0.98813736,0.5807269,3.1119773,0.104864195,-6.0740747,-2.0305326,-4.9050713,-13.79007,-6.1237,-3.118702,-7.606825,-8.145346,-2.7542193,-6.453507,-2.6301394,-6.6167817,2.4824085,-1.8673207,-1.14276,-4.4149194,2.2014387,0.84108,0.4712773,0.2312029,1.4915252,-7.9756618,-7.3527474,-5.163616,-1.0817509,1.119356,-5.5396295,-0.2624234,-4.8847613,-5.2633405,-3.7514732,-12.179321,-7.7436743,-0.75027424,1.3439459,-1.9945904,0.87840223,-3.7648945,-1.7039346,-7.8386655,-9.605392,3.9745882,-0.37528214,-2.5971985,0.16251427,1.3152225,-0.7462252,1.2815443,-2.8495524,-2.90647,-5.850279,-0.25662532,-11.264235,-1.9268783,-4.2152247,-5.780001,-3.6964786,2.135333,0.8053551,-5.5098963,2.4650753,0.5515769,4.2687035,11.390634,-2.4701753,0.35584372,0.87085724,-0.19291781,6.455732,-6.4806924,-3.9058497,3.2770782,-3.219976,1.4674824,-0.8719142,-3.7635179,-0.24020536,-0.43346575,-1.9282287,-2.9029121,-1.6868116,4.688844,-5.7741776,-1.1426481,-1.1376665,-7.900106,-6.2523575,-4.1620398,0.64062345,2.56978,1.3644078,-0.75447124,-8.511765,-3.2082558,4.6908703,1.3186613,-1.1772441,4.9173203,0.5256678,2.2616832,0.6013942,-0.019106358,5.190215,-4.39749,-9.137705,-3.638252,-16.898638,-3.2484117,6.1969805,-2.3775606,5.744743,-7.4847283,-4.720075,-5.0825043,1.3097744,7.345369,-2.4106245,0.57629406,-5.509195,0.9888187,-18.209623,-3.799868,-11.020101
238,3.120864,14.260318,5.4356804,1.526899,1.7467083,2.2806418,-2.8808846,1.1684594,1.9676123,-2.9187772,-2.1763022,1.0282652,7.1287518,-3.3516712,2.7373874,3.262,-3.839043,-1.5171567,2.4453773,4.869219,-0.16721629,-3.6268585,1.4172574,10.348378,1.7062863,2.0029278,-0.1939199,1.7780641,-3.5295162,1.9591968,1.5428212,3.526523,-0.16515563,3.92076,2.13658,-0.82077396,-11.370172,-3.352597,1.3994713,-1.2223364,1.4104335,-2.5762053,4.4497313,-7.5756736,-10.168274,-6.012901,1.4949328,-3.36795,-4.1049504,-1.5069159,4.829637,1.0650553,4.214098,4.060383,-0.44430897,3.2918484,2.1802747,-5.381523,-2.6840742,-1.2580221,-6.0776258,-0.18988761,-1.2167348,1.741199,-3.2950766,8.968562,-1.9725635,-4.9249187,1.2666795,2.6531878,-2.9109116,3.8662198,1.6684202,1.1865343,0.06846562,6.1541376,1.9844046,-3.307345,-5.3081083,0.6280443,9.293089,-4.097273,3.0743592,-2.625911,1.520281,-3.5675197,-2.396031,3.5651479,-2.3202462,-0.75550777,0.54338604,1.1786114,1.8361944,2.7246404,-3.5077984,-4.8825283,-6.441432,-4.6990685,4.243856,5.088201,9.564545,12.241136,4.9223456,3.0739708,6.4244432,-1.3263396,1.576899,-3.0968645,-9.52224,0.81452864,-0.60046893,3.7028337,-6.0749946,5.6270847,12.08823,1.0664926,-1.4864663,3.4447138,9.559308,-0.07880822,14.087758,2.2117097,4.9209423,4.2391,5.4068265,7.1992445,-3.017186,5.0143995,7.3220015,2.4110563,2.7065213,4.512653,-1.0676363,0.6361639,-1.6907026,-2.2336373,-0.38131902,-1.4190042,4.634656,-2.2155828,2.9718885,4.3372116,-5.7910028,1.3967555,-3.0571685,0.94329584,3.2709188,0.85572046,-2.6320353,-0.6943478,1.7892733,2.3291836,3.807237,2.1123054,-1.3953558,2.2386966,5.3009696,8.123487,-1.3213077,2.3147993,-0.90727127,1.121678,0.79100895,0.40459752,-5.5342817,5.8919096,1.7684315,5.1355877,3.918251,1.1593372,-0.8355616,1.0333034,2.4920743,6.3486867,2.8742275,-1.9690679,7.9757004,-0.27332705,-1.1875029,-0.06600875,5.8049307,-0.32781374,2.7644541,2.9638102,-1.1935729,-1.2222048,-2.3008025,0.99429023,2.8529565,1.6427228,2.177635,1.2983894,3.5264492,2.1243713,0.90889966,-1.3142143,0.29953545,-1.6260408,1.1026639,1.7638096,-1.9044305,-0.8062061,3.0528097,7.803562,2.682902,4.537951,5.6360755,-1.1126503,-4.716615,-1.0134482,-4.0142345,7.6793313,-5.2552366,2.5304618,0.9638946,-4.2857203,-10.586702,1.4203087,-0.88659215,1.1997795,3.2081027,-2.1260602,3.7503319,0.11269099,-4.916857,-1.9616879,0.967754,0.46801215,-1.8454831,1.1371973,1.901898,3.1598084,3.8366275,-0.3192314,1.8125248,1.9115422,2.3319933,-1.9908273,0.29195002,-1.3622797,-8.871534,-1.7635018,0.74789095,-1.4616901,-5.6271124,-0.02204008,-4.1698675,-0.63818645,-2.4477475,3.2437992,0.60267246,2.744683,-2.0206568,3.572958,1.1516758,1.4062555,1.2922782,2.4481912,-2.092578,-4.7978587,-1.468182,1.6208712,1.8908197,-4.624897,0.38656816,-3.267754,-3.152412,-2.9468815,-8.735517,-8.101998,2.2666411,3.1574473,-2.7328982,3.370088,-0.28860182,-1.9664701,-5.1802225,-2.710365,7.0901155,0.5589141,2.0955625,3.5369835,1.202296,6.7593384,3.021909,-1.0065702,-4.926543,-6.7239885,1.1492146,-6.3042417,1.4304296,-3.8062012,-6.4672394,-1.9699825,2.390359,2.0686333,-2.7072284,2.842998,4.792444,4.6548448,8.053191,-2.4468791,0.2608628,-0.31668615,1.0999292,6.8906665,-3.842411,-0.8749637,4.4401765,-0.71515334,3.8369768,1.1634513,-1.6213024,0.6679734,0.5171063,0.9444039,-1.115524,-0.5928606,6.2652864,-4.6620946,-0.39334887,-1.0762234,-6.5731783,-4.113629,-2.9799259,1.0154566,6.185656,3.0118153,1.7358325,-5.825931,-0.05881515,4.415767,-1.4261382,-0.9388918,5.5567455,0.10585823,4.848284,-0.613702,-0.6971804,4.4362507,0.93341786,-5.5881267,-1.6948911,-16.778711,-5.918958,8.814994,0.36587045,5.8754005,-3.56836,-1.8085558,-3.0260868,1.9377372,7.656048,4.2686477,1.3610325,-4.476461,2.1496375,-12.149865,1.1025462,-5.887097
239,0.17984936,9.65551,3.8065581,-0.22155255,0.1364171,1.1442909,-0.75156605,-0.16948533,1.5228455,-0.8651399,-1.1808207,1.8023477,3.0202365,-2.8735657,4.905514,0.45543337,-1.9214379,0.0873968,-1.5838507,2.7582288,-1.7539482,-0.7973724,-0.30169994,13.688549,2.5939627,3.8682272,0.9068375,0.14940715,0.10057253,5.55887,-0.10394259,1.8683729,2.7063918,6.894341,1.95152,0.5574267,-5.5080767,-1.1625844,2.2477565,-0.04675251,1.1720356,-2.0636551,5.3385825,-3.9649992,-6.135082,-2.9598398,1.4670328,-1.7413177,-2.0528603,1.175754,3.4533682,-0.29078293,4.0881667,3.5543869,1.6578974,2.5465944,1.7561291,-0.56730646,0.3704514,1.3527635,-0.05673884,0.9164199,3.3756523,4.3168497,0.44318867,9.46666,1.3562679,-2.1939802,3.4215024,4.428337,-0.21205007,5.5781393,3.6200614,2.7934842,1.8630697,7.240457,1.8308736,-2.0490117,-2.7455878,-0.73556525,8.242974,0.17170858,3.7195215,0.69859856,2.7988384,0.6874322,1.2388313,3.5814502,1.6294919,0.5210184,1.7382439,2.9781032,2.207663,2.21678,-1.2727993,-1.2851104,-1.8038962,-1.4107976,5.584563,4.6196227,8.046294,6.150912,1.2949731,6.695137,6.5345798,-0.21040933,4.66561,-0.5085894,-7.9741044,1.6617373,1.5457861,2.4666553,-4.148112,6.9565997,7.2437835,1.8584095,0.114173755,4.225849,6.0220757,-2.5654516,5.540544,1.5156714,3.3816898,4.5543165,5.1066856,0.36697257,0.554002,3.4365742,7.017936,1.6671888,3.1539285,3.9980953,0.29959258,0.86654985,-0.041672036,-0.12579675,1.3861777,-0.7235325,2.3446634,-0.40064943,-1.7464447,1.5087879,-4.561528,1.2758869,-2.2035758,-0.9030492,3.4158392,3.2475877,-0.5808294,1.7059348,2.5198398,1.6689389,-0.0039062,4.403571,1.2970572,1.1277128,2.5716572,3.943387,-1.6594718,2.4160724,2.068796,6.186221,2.1488771,-1.1194541,-3.705046,4.4403086,3.390965,2.78925,4.296856,3.5159009,1.2587659,1.7333299,6.378067,5.145422,4.424727,-1.2809916,6.3979716,0.7532657,0.6695269,2.2908134,1.7377021,1.0944276,0.5829441,0.35545385,-1.7141541,-1.2051659,0.070552796,1.2334168,2.266819,0.7075385,3.451806,0.94095707,-0.36778718,3.1108842,2.9646661,-3.1996105,0.16346763,-0.38187134,-1.3107057,0.77972335,-1.9334733,-1.3564163,0.6512647,8.710547,3.0274699,4.386213,7.5172486,-0.6601833,0.5939266,1.7768216,-3.906771,6.997837,-2.4770513,6.680255,1.7034727,-2.0997202,-5.31581,1.6939938,0.5865619,2.5273414,4.328641,-1.3818246,4.647801,1.2653928,-1.406816,0.7267062,1.5254256,2.277962,-0.51482546,1.2750652,1.4895161,3.0459337,0.99577516,0.34176707,2.7556343,0.3353796,2.3066251,1.2116581,2.1796196,2.769691,-1.6544358,0.9474759,4.1711693,3.4817493,-2.2647204,3.2258017,-1.3278995,0.500181,1.5334305,2.6873543,2.1561825,4.2963285,0.5826221,3.4701107,1.1271312,2.0812907,2.0796692,2.6921725,2.703165,-1.5334411,1.6439105,2.567521,2.179613,-2.4420412,1.2625406,-0.7272115,-0.22969994,-1.3083842,-3.2506812,-4.8160634,3.2750278,3.8093421,-3.4374561,3.969242,1.5832471,-0.7494646,-2.3882124,2.7491868,7.2830734,1.1242671,4.6807737,4.8975344,-0.19145353,9.594876,3.0460489,0.28129745,-5.159799,-5.302656,1.6377529,-1.5835845,4.0544715,-1.9098084,-4.7027884,-0.20561695,2.1520412,2.6341567,0.31313792,2.1577947,3.1654782,1.9324355,1.8344576,-1.9479128,0.06583338,-1.1490268,1.6101857,3.2728174,-0.59582686,1.0413493,3.4529316,1.520712,4.1173787,1.9970974,0.17388573,1.0857302,0.6068836,1.7542478,0.7778075,0.4393965,4.873514,-2.7973304,-0.56882614,-2.1777806,-3.6921153,-1.0923687,-2.1126995,0.52473295,7.0488296,3.5158615,2.8604746,-2.4997702,1.2754086,1.819695,-3.2294745,-1.3812331,3.48921,-1.3210986,4.445744,-1.7106806,-1.2582115,1.9903758,3.3665333,-1.795697,0.5303145,-9.598537,-4.9649043,7.5429044,1.5877527,3.6274924,0.55058163,1.024363,-0.08594202,1.5753509,5.2118497,6.9469595,1.0554913,-3.3244162,1.9429663,-5.4300694,3.689713,-1.4523357
