Timepoint,1,2,3,4,5,6,7,8,9,10,11,12,13,14,15,16,17,18,19,20,21,22,23,24,25,26,27,28,29,30,31,32,33,34,35,36,37,38,39,40,41,42,43,44,45,46,47,48,49,50,51,52,53,54,55,56,57,58,59,60,61,62,63,64,65,66,67,68,69,70,71,72,73,74,75,76,77,78,79,80,81,82,83,84,85,86,87,88,89,90,91,92,93,94,95,96,97,98,99,100,101,102,103,104,105,106,107,108,109,110,111,112,113,114,115,116,117,118,119,120,121,122,123,124,125,126,127,128,129,130,131,132,133,134,135,136,137,138,139,140,141,142,143,144,145,146,147,148,149,150,151,152,153,154,155,156,157,158,159,160,161,162,163,164,165,166,167,168,169,170,171,172,173,174,175,176,177,178,179,180,181,182,183,184,185,186,187,188,189,190,191,192,193,194,195,196,197,198,199,200,201,202,203,204,205,206,207,208,209,210,211,212,213,214,215,216,217,218,219,220,221,222,223,224,225,226,227,228,229,230,231,232,233,234,235,236,237,238,239,240,241,242,243,244,245,246,247,248,249,250,251,252,253,254,255,256,257,258,259,260,261,262,263,264,265,266,267,268,269,270,271,272,273,274,275,276,277,278,279,280,281,282,283,284,285,286,287,288,289,290,291,292,293,294,295,296,297,298,299,300,301,302,303,304,305,306,307,308,309,310,311,312,313,314,315,316,317,318,319,320,321,322,323,324,325,326,327,328,329,330,331,332,333,334,335,336,337,338,339,340,341,342,343,344,345,346,347,348,349,350,351,352,353,354,355,356,357,358,359,360
0,-3.6044326,10.896114,11.021586,-1.6624036,4.717371,1.1942427,2.262789,0.77713805,2.6448038,4.334628,-1.382786,-0.37708053,2.589926,0.4033073,9.917227,-1.3233798,1.9290715,16.997238,-3.409871,3.8039598,-1.5960269,0.34912828,5.64551,4.527516,5.612704,0.067997105,6.494019,4.659226,-1.4081097,-0.90027803,-8.704583,3.6823525,-4.2387195,7.42848,-2.3798456,8.61104,9.773537,6.842323,4.7333703,4.202717,5.0285053,1.3752086,2.0468583,1.609792,-0.6594084,0.4000036,1.1842767,1.1790903,-0.31864432,3.3772912,-0.51765925,1.6269249,0.24574594,0.739592,2.2827742,-0.38247836,0.5251837,8.128181,5.215915,4.2560787,4.563581,-1.8369143,-4.819134,-10.549491,13.279605,3.0484946,1.264133,1.5851884,-3.5558822,0.3123104,7.811348,-0.44015947,3.2748766,2.4081905,2.253483,0.2474433,-0.33182105,3.828789,-0.6336934,-5.0241547,6.3003683,-2.744838,2.7207637,-3.1896362,-3.9050438,3.4865425,-1.0466303,2.0725405,-0.074978225,0.067500114,-0.80101615,-0.024304327,2.4155478,-0.5057018,10.062071,-7.101015,-2.4965718,5.3978543,9.988599,1.2647539,9.780132,1.5666602,-17.442734,-0.9091516,5.5563765,4.9661555,15.12091,1.9242326,3.9879432,16.159355,-1.4148614,3.0277348,7.040992,-5.647018,-5.0183487,-3.1514878,4.7770534,7.288024,21.697426,1.156239,-3.7517037,0.85793346,-3.4769843,5.4827523,7.4862866,7.0656114,-11.950153,7.9029937,21.22694,3.246471,1.1257317,-3.7149482,0.84787816,-2.4915652,-4.8236647,9.671831,3.288691,9.210015,8.53878,9.32249,-2.5631661,0.8073858,-1.0821713,8.317056,7.7011113,1.0358737,12.103769,11.12971,7.531366,2.7281716,-0.039163727,4.454969,4.7571197,10.315891,16.020918,-1.4170661,12.834497,-2.7851787,6.5555754,5.90387,5.13706,1.8027263,2.6663089,-1.3335845,-2.098662,1.3977294,-0.16545518,8.141861,6.5214057,-3.9522266,0.7300264,0.028365415,-4.526723,6.1534996,8.666864,-10.3722515,-0.3097828,7.217773,1.7056514,5.2830286,-3.9230072,1.3537685,3.5170743,-0.9696118,0.20037901,-0.49913603,3.4756963,3.0016053,0.78175473,2.4596772,-0.5728689,-1.1522268,3.591342,15.907901,8.05771,3.0065684,0.8693765,5.9262767,5.92314,5.2692013,-0.3314326,-7.044256,-0.7455301,3.9980621,5.77662,-0.9903823,7.577115,-0.20714712,6.06052,6.939333,8.75217,6.3787103,2.052821,7.085112,0.18696529,9.261673,0.9160762,5.1906796,1.7892504,9.51703,7.8593783,2.223427,5.2421427,1.288361,2.570559,4.380667,2.890359,5.174078,1.7100208,8.1681595,0.9397714,-1.5398159,-0.94518495,0.3236546,0.3107805,2.420498,4.602143,8.3633175,16.113752,2.4920576,0.9599227,5.1159945,0.09334727,16.033949,8.828328,5.021026,-0.49976343,-1.5248041,2.204098,-0.54774565,-2.5169277,6.1390924,-2.803226,-0.3194138,3.0338213,2.0406146,0.6264347,0.5389993,0.47356322,-4.8311553,4.1611514,-0.031185124,0.9481467,2.7472942,-1.1902978,4.5504274,0.82423323,1.8770604,3.450156,0.0,0.86105406,6.800885,4.522321,-1.5173434,10.193972,8.446247,-2.3361855,0.03400364,4.7442946,-0.48744422,1.6610107,-1.494268,9.498878,2.7972245,3.182183,0.7195979,4.3491874,6.478107,3.2319863,12.555462,5.253609,10.548914,10.326606,2.633265,1.5627143,-0.22403835,6.0213723,-6.8591905,17.057371,2.8205476,9.81477,4.024656,13.832093,1.8984311,3.9238803,6.959247,7.453427,0.9239682,5.960176,2.729183,4.819296,3.4407125,2.6783068,-0.9394388,-1.2255163,3.9303682,0.9684249,2.1437795,0.07823073,5.4913425,-0.010926655,4.5738873,4.707864,3.8300042,6.6003585,2.2990263,4.9041014,4.8749895,5.891911,5.022957,4.1273146,2.3146963,16.885363,8.991284,13.58463,3.7074065,0.69798774,1.9839828,-3.6823235,2.8559284,3.8238738,3.924272,14.795429,1.3253243,-5.0903134,8.0166235,-2.9082193,-0.19932522,2.4768524,6.6752,-1.3542235,1.4046487,1.9081846,-2.7309313,2.0493116,-0.86682254,2.3342466,14.773511,6.6349792,4.1981673
1,3.3200908,8.7066555,3.9882395,2.431302,4.229049,4.2317014,8.487252,7.021762,5.2386312,0.7144919,6.4953866,3.2126608,0.33726764,20.594582,9.207264,-1.4395144,11.138764,5.9964323,6.13885,5.207512,7.148256,5.4080076,2.994773,-2.6633866,16.721983,1.1953253,12.029985,15.25535,-5.001652,-2.430075,4.3540173,-1.930812,5.553898,2.59982,-10.935484,8.079653,5.325376,10.273344,8.410791,6.522198,3.707096,4.518186,5.0857525,3.2351084,1.7946285,3.7477615,4.2960033,-3.7784624,-0.48357448,2.1597016,3.619801,6.4958587,7.3015594,3.8015244,1.1493983,1.9859431,1.2770761,12.627013,2.9617114,4.0268364,13.075229,1.3780382,-0.6748292,-8.796062,26.685831,4.888584,2.4256177,0.73970926,-0.81443816,2.0524347,8.561827,5.412034,6.654673,5.516833,4.250913,0.27330253,0.11973219,10.733055,8.6531315,10.874561,8.802497,10.256587,10.364082,0.8526585,1.7430099,8.119492,0.6864384,8.124685,3.769131,0.05575193,-0.46321085,3.0620446,-0.6317656,-2.1066027,8.500703,-6.1442885,-0.8899107,1.657591,14.585942,5.854501,-2.3959181,11.037852,5.5255184,9.328728,8.463948,11.216246,20.593866,13.809161,13.408567,4.16286,5.3893,5.2450233,10.42802,10.770687,-4.864723,4.4379373,0.8767602,-1.1225463,10.892637,-2.232662,13.138528,3.5384557,-2.3651924,7.3564467,10.350481,-0.008882565,-9.171733,10.429664,15.918761,3.5817528,0.21799949,-4.0733633,1.9881424,-3.8619204,1.1916072,-3.3649728,5.0907817,6.092315,12.218189,9.3796625,5.2127113,2.9553916,6.6006474,3.8748488,2.450464,-0.79195464,8.704723,9.867468,6.893208,9.235773,-1.0529816,0.5584823,7.729989,7.414785,6.6038446,1.6775548,3.4157953,7.8144603,8.3052845,15.014036,3.6066163,5.280935,2.1853797,2.7403774,3.678242,2.204029,17.294321,8.849868,6.3431587,6.4740887,2.4269106,0.061427508,-0.52140117,0.36332592,12.24341,-9.1157,-0.797953,13.740394,9.200426,6.566525,3.4936311,7.163216,9.425942,6.8016114,1.1366414,4.8161907,6.833438,4.084312,4.7940173,-1.2439286,4.050905,-0.19575489,3.5527709,19.559414,9.848466,6.8248982,-1.1246499,8.502043,8.890099,1.6057892,4.5145655,0.68530935,-1.0274254,-0.17986634,3.3551636,-2.0344284,5.682994,5.2036147,9.173501,-2.307993,10.936558,7.292873,9.653641,4.868005,-3.798336,10.95324,10.672571,8.685242,8.82955,12.340474,2.9033003,8.600313,4.6979146,-0.19815427,2.7902596,4.167833,4.9667296,7.001496,-0.31250608,2.3097923,2.3991802,0.25789806,2.0378788,-1.2527393,3.026894,5.2263,7.2879863,17.354492,11.58965,8.426127,2.5700135,4.4901166,1.002586,33.856995,23.840403,4.9599547,1.5637624,-3.7065952,10.533622,-1.179931,-0.014662151,12.134393,3.8554733,0.87161833,5.1277165,2.8163247,6.9259205,4.8665023,3.998322,4.468638,11.448076,4.7900825,6.053329,2.6141,16.414999,5.6856227,3.457435,-1.0676144,7.48046,0.0,0.31994224,5.025206,-1.9130853,-0.8579292,3.657,-2.3142486,2.5097466,0.66123486,9.402663,-1.349204,5.684881,7.2712398,11.53427,4.706717,6.978266,7.7316933,19.411884,7.0765557,5.400048,-6.5859585,5.9724894,8.396725,18.602764,5.1535273,-1.1363692,-1.7209651,1.6360892,1.4444091,14.318928,3.2112455,10.05717,3.0602617,11.564351,5.9827747,10.287024,-2.476436,8.457143,7.2744617,0.77358973,2.5870175,-1.3923416,5.723131,1.9839593,0.28835243,2.6802714,0.49009022,5.977648,6.7763743,2.5057802,4.9090276,3.8016682,7.2567186,5.868214,11.577455,4.4570646,1.8370895,4.8142896,3.222774,2.500313,6.3916793,2.05059,3.7336228,9.225799,10.416541,2.880078,5.7777624,5.1997952,4.475977,1.2324753,12.615295,1.1673461,6.280464,7.3618937,5.185193,-5.9969893,4.5010686,4.6142154,6.6153297,12.138144,4.8750763,8.380944,-1.2784607,18.675476,-3.0827131,7.824634,4.3803163,1.8379208,21.726324,6.835258,8.114171
2,2.5513856,-0.8476711,1.810033,4.774858,4.87441,-0.27841398,0.98367655,5.7518115,5.21238,5.5542326,8.717898,6.6048064,-1.7484653,9.389135,1.3670335,-1.5386833,9.023781,-1.7411186,-3.185697,-4.4386883,1.6930535,4.9789233,8.146484,2.812348,12.886693,1.4485604,-1.4020041,11.096366,-9.609864,-6.5277157,10.68449,4.854439,-10.18023,-6.0110793,-5.3565617,3.3037355,7.327399,8.243677,5.6156483,0.77624005,4.478288,1.1797087,4.875794,3.049193,-0.7167253,0.24172415,-0.5419065,-0.61700994,2.0615013,-0.60589063,5.8056426,3.5713766,6.4148226,5.6180525,2.0776777,3.7144558,5.8162975,7.6604404,11.8646965,7.598418,16.675608,7.0762053,-1.0944836,-2.602127,24.213137,3.3847811,3.550661,1.826936,2.3609908,1.3070879,2.721841,8.867534,3.5726707,4.8586173,9.979581,0.45148286,0.6950316,9.7487545,9.574695,6.7106056,9.162483,10.728214,7.444609,0.028349807,5.3708625,1.0952803,6.5249043,3.2815573,1.9887252,0.003589137,0.38191542,-0.5324947,3.456164,9.865027,11.07381,0.73850554,4.596982,2.8010933,8.183252,7.45006,0.34080195,7.471797,-4.0885916,1.7909044,8.688633,16.307531,9.333323,15.430277,12.581121,4.511142,2.8221004,2.99042,15.936691,7.736115,10.375046,1.8777593,3.8665938,-1.33401,-3.0420978,-7.1669173,14.220522,-0.20282282,-3.918877,6.36657,3.2090228,-3.378448,4.2905617,-5.049168,9.921303,-1.2022728,0.36645755,-2.9963126,0.42909953,-6.890776,-1.4555956,-3.7481353,5.9750395,6.049455,4.835804,6.442156,-0.2185995,-1.7733907,3.4640465,1.152085,1.8139265,2.890161,4.005701,3.4302003,3.4613671,7.6385317,1.0760221,-3.3140175,-13.431881,-1.4956366,-10.686093,-2.6827023,-3.6852095,2.7659423,1.406109,-13.273974,-6.694691,-1.018982,-0.9456542,0.9241086,3.9416358,1.7418698,2.2470338,12.628092,11.243976,6.8683476,4.872571,-0.11646003,9.7337055,1.5272639,4.503674,3.6840315,-1.9733083,-2.3030212,5.835141,4.324658,2.2748635,-4.0207534,0.14753067,1.3572631,0.07379611,4.8493543,1.5438509,0.33267272,2.8542318,5.9692774,6.4533772,3.7237535,-1.224658,11.52305,-1.1049622,-0.08007695,-4.888149,5.486911,5.7052836,0.8129866,0.5023594,9.700774,2.0747352,-2.077278,-3.4591894,0.95904547,-0.63765407,1.6649226,-1.5959699,-4.616796,7.829004,8.326657,-3.1873243,-4.2050834,-9.232949,10.708655,11.601567,15.138481,7.82296,5.6216245,17.944437,9.314962,7.221226,3.1362436,2.5267649,1.6037853,0.5783972,-2.1372821,3.8465261,1.1305239,2.4319081,1.0444576,5.7208977,2.5432572,3.964265,2.1677592,11.295194,6.9410334,10.393784,6.350918,6.8705444,3.5215354,2.5124724,12.217298,16.28378,11.862125,0.89940864,0.18522224,5.659437,0.34362695,1.5321598,6.3104067,3.261102,6.4059544,5.9537663,3.7622797,5.837579,3.3294647,2.9174745,5.3731723,4.0736127,5.2113075,4.9838295,3.9555986,13.484092,1.8848604,3.1417727,-1.3508086,6.3016953,0.0,0.5757438,1.1599964,0.8432452,3.6189008,5.195607,4.175355,1.2422452,2.95796,10.990044,2.1963487,0.07972515,2.5240445,4.585864,13.7104435,0.82027346,5.650417,18.595972,17.341112,12.598353,-0.46799064,9.411491,5.325936,24.202972,-1.8439736,1.5830851,2.7083287,-0.38123617,1.3233194,4.7881308,3.8608673,13.417671,-4.2400446,13.558085,-0.37476304,8.211312,-2.987809,1.9044743,5.520867,7.484057,9.201201,2.070249,3.7292192,4.9936085,3.445248,5.4216056,0.87346387,6.1286674,7.00604,6.488343,-1.3738552,6.9692454,5.0519967,-0.3856562,13.715641,4.994222,0.46840227,0.9771428,1.8393708,-2.135113,2.0974824,-3.4638739,-0.09864327,-3.0134368,1.9662955,-0.06752314,-6.224546,0.8168892,0.8305423,1.7963924,4.9261894,-9.00332,1.0233893,2.5869493,0.2191183,-5.0103703,5.5961227,3.5243142,0.27112725,24.73587,3.7038565,12.687993,-0.18884386,11.325102,0.7278124,4.956562,-3.120448,2.607282,9.246187,4.573356,2.8335614
3,-6.2652783,-3.2556179,5.6327386,-1.8149948,-1.3058023,0.0791531,0.39820224,2.506789,4.623221,3.5159998,4.5109186,1.9188833,-6.709055,8.146192,-3.3669739,-0.7143546,0.54400295,-2.9109707,2.2386732,-3.861163,1.7805743,6.241058,4.8519444,4.445143,4.107527,3.2713594,-4.017991,-2.217218,-3.7880385,-1.9090292,6.5190206,1.2384766,-6.792152,2.791156,10.442463,4.317755,1.8368167,3.482001,2.4620488,0.3028243,-0.7460565,3.567597,2.5022728,2.9195108,0.06702028,-1.4990982,2.0017376,1.7760623,2.0778775,-3.002649,2.4490528,-1.1970465,7.589807,2.743455,2.9063623,1.3235441,5.695367,-1.802284,8.584723,1.9574598,15.435216,2.6637151,-1.1984977,-5.508883,13.04172,1.4418299,-0.5917484,2.5198853,1.958585,2.7791653,-2.376851,8.14357,2.6814752,-0.75191367,4.8450656,1.2202771,0.2911812,-0.002709673,10.429549,11.948004,9.360495,5.0156064,-1.0512127,-3.34419,5.888037,-2.0786402,3.980439,4.444752,-0.6177581,0.0009215562,0.17254221,-0.88697237,2.4837105,3.2963006,7.2992992,1.8164455,3.2268217,2.0319602,2.2394288,2.7865667,8.943483,2.8302462,-3.2614703,0.7190556,7.5852575,1.3284181,-0.49197963,3.7603238,2.3157988,9.976259,-0.2804452,-4.871521,5.466991,4.2187643,8.07873,-0.6761109,2.4227076,-4.376254,6.483355,-11.563575,-1.5365442,-1.5551102,0.17424206,-4.5702367,-1.3166949,3.1609106,9.03808,-3.168848,-3.5233672,-9.951456,-0.13174823,-3.0678787,0.46857715,-6.7458863,-0.48015496,-2.0965364,2.3993921,6.1733136,-6.791886,0.20357272,8.642858,-0.2097046,5.208678,1.8153023,1.0783358,-0.55650467,8.871709,4.5040483,-0.33565366,3.6249573,0.08771578,-3.0361795,-10.694721,-3.2021177,8.484794,-1.2234367,-1.1150931,-0.21376713,-4.422936,-9.480632,-6.4079847,-4.7208724,1.7481393,-3.3199666,9.642327,-0.72467726,5.085043,13.026433,-0.41977432,1.9499365,1.5225278,-0.07522677,-7.5855093,1.0110838,0.548768,-0.9174778,-0.11860125,1.3564502,3.1145122,2.876576,-3.4616694,-5.7654734,-4.4365582,-2.8146389,-3.8199198,0.5263212,0.31333622,1.036694,2.101289,1.5666672,1.9580864,-2.144811,-4.3164225,3.6442392,-1.5810943,-1.5576938,-2.5740535,4.1081305,-3.1431177,-0.784243,1.1354649,9.882373,-2.735337,-0.34386435,0.5077874,0.12594418,0.7967472,2.2151003,-3.5543509,-0.035025466,-1.8694493,2.1946769,-4.520585,2.258381,-2.6176364,4.6224265,6.085079,2.5728104,1.6178513,4.4541526,9.651556,9.492119,2.189175,3.570354,1.1155072,1.2331522,-1.5042099,-0.15060446,2.1820467,-3.0494194,0.7287965,-0.90792936,6.37878,-0.9347012,1.9298679,6.742552,11.421212,10.546176,7.780859,2.8673172,4.7355433,-1.0141802,-1.6825868,7.3206844,13.243928,10.538764,0.9298783,-3.7188022,2.2993684,0.9682009,-0.75426775,3.141507,-0.5204716,3.750504,1.753005,3.272867,3.2608247,0.7873441,2.885779,2.164939,-1.5924859,5.3411756,-0.51779824,-1.2197555,10.791004,0.65879416,2.1570685,-0.33069202,5.0693326,0.0,0.04507312,3.7274623,-0.8147909,2.4522622,6.0772614,-0.26835078,0.8159686,4.198987,5.983551,5.707101,-1.6148003,7.4530053,1.0111885,1.1474141,1.1068852,1.6972796,1.0840054,7.6651306,-1.2173817,14.772073,0.9344902,1.0446692,4.849895,3.9111733,7.685253,4.12409,-1.5121782,-1.080546,7.5465736,7.8182726,-2.2236443,-2.5775075,4.097376,0.48742256,1.0271993,0.058822673,3.105578,3.8817074,1.0012511,3.4184566,1.4108578,0.9924145,2.821899,0.3679726,0.74132204,-0.26930514,6.112105,6.40277,1.3138965,-2.8433719,1.1146243,-1.2553625,1.3668514,4.866412,2.5193846,-1.5792648,2.0117328,3.6518502,-2.8890567,-0.13669701,-1.086394,-2.1925077,-13.044542,2.3188245,11.474159,-10.119955,4.8424444,-0.7966907,-1.8694645,3.585241,-3.515838,1.1769387,3.599624,-12.425489,-1.5525932,-2.6722586,6.5753565,4.967672,5.5124373,4.52243,10.18106,-1.3094041,3.1313906,-4.1074395,3.0288045,-1.7071983,0.6942293,18.446543,1.9328599,5.189369
4,-6.606449,-4.3034477,4.2211847,-4.249248,-1.9631474,0.26146612,-3.311501,2.9837961,0.7323312,4.1544075,1.9405056,1.4432946,-3.7813118,7.7519717,-7.546475,-4.5239234,3.2942736,3.133858,-2.801491,-2.742996,-5.9575586,0.28580776,1.2239393,9.15819,7.2603235,-0.5280677,0.671559,-2.064248,-11.966491,-6.139482,4.56102,3.6819694,-13.0461235,5.7921023,-0.28821793,2.3403938,7.4568877,4.447966,3.0782368,2.9361396,3.652887,1.654373,4.2034698,3.9188075,1.8643553,-1.4552202,1.8102607,-2.7245026,-2.0681486,1.5380682,2.5252662,0.6086554,6.1569004,4.566797,6.0633707,-0.7804654,4.867476,2.267847,8.614479,1.7946067,7.8121123,3.1256306,-1.1325325,-2.1349514,18.369505,4.0955176,3.2023466,7.9957366,-1.9492099,0.07790053,-0.7036813,11.956317,5.0009303,-3.527937,0.6083488,4.1408772,0.3342725,-2.2619236,2.6837866,2.0752833,1.2126182,4.9437227,-0.7124278,2.5590844,5.894717,-0.9172607,6.9261146,5.147579,-1.5599476,0.060377594,-0.09558695,3.0068653,4.2788286,6.74938,2.686862,3.2941432,3.9795263,5.0526943,5.7408075,5.569027,7.9738526,9.49595,-0.48045662,8.430682,8.699424,6.5636396,-0.28360996,1.5375391,-2.1278596,13.032554,-2.0575805,-1.9025646,-0.22477253,4.18214,7.1482096,-3.7476854,2.4249408,7.907539,5.448176,4.8085313,4.479009,-0.18063867,0.50710726,0.75397927,-0.20503743,1.3821656,2.9551196,3.806742,0.29035315,-3.72918,0.83210725,-2.2963881,4.498743,-4.3345575,-1.1949615,-0.549451,3.2162695,4.3930726,-0.10302558,3.6167023,3.1733088,0.73611295,-0.19543828,3.5834947,1.2291801,-3.3782463,7.9630084,1.825698,-3.581788,-2.7736375,2.4969432,0.6498352,-5.8726926,-5.6420555,7.895468,0.4714841,3.0208516,-7.1877875,-2.4053774,-2.9573662,-12.229412,-1.8478175,8.310602,-8.404303,6.991884,4.155958,2.1521418,3.4034665,4.5149426,3.3798654,3.1083276,-0.08163954,1.5731511,2.660519,1.3066411,0.25755495,-0.20311718,-4.8417416,4.1672163,-1.5648515,-3.7687008,-7.1759167,-8.294652,-3.635884,-3.4204197,0.06298461,2.185174,3.7009387,2.9672155,6.7939653,2.2673151,3.1921902,-6.005329,-4.675249,-5.2536755,-4.24166,5.529079,4.407655,-4.5652347,-0.47879007,-5.0475836,2.2409508,3.2057323,0.6500585,4.4169674,-0.7143354,-2.7052577,6.050239,-2.9771726,-2.746678,1.8635916,3.8651946,-6.9200473,1.8397601,-3.8800507,6.5871067,3.2530084,3.1330962,0.3641199,7.541822,10.610222,3.4243674,4.79349,3.1588485,0.6453241,-0.01583753,-2.4482372,-1.4951441,3.9030461,1.029558,2.141803,0.7354358,5.737477,1.116787,0.64644516,1.5519745,7.0954943,3.9105835,8.652103,5.890534,7.6116066,-1.5721571,-0.051236168,9.41386,11.076932,19.250456,-0.3346139,0.70668566,-1.1492927,-2.2039223,1.2502018,6.5681963,0.026105903,-0.6644996,3.151975,5.1971564,3.162812,1.5000085,4.9083824,2.9927838,-6.886072,6.838478,-1.7577518,-0.377885,5.804692,2.951257,-0.18738985,1.0486262,6.162678,0.0,0.5723798,5.9288764,0.7568353,4.660779,9.602569,8.440887,2.3561978,2.731564,4.909811,2.6302068,0.5210612,3.9591231,12.063832,4.442785,6.599474,-0.7872921,-1.3807089,1.6545506,5.8948956,9.602438,3.8644233,1.6160218,2.288864,-0.10258587,0.57507455,3.5912337,3.1978416,14.102488,4.8185186,9.971141,-7.4992037,-0.008521984,9.083501,6.952234,-3.3671045,1.6219528,19.72418,4.996724,-2.7381246,4.3927765,3.8215065,1.910757,3.5245674,1.6046503,5.089264,7.2887,4.456257,7.456119,1.86937,-3.5163326,0.30925632,-0.8581913,0.5121115,3.056416,3.9280064,-4.710212,1.1511123,2.287343,2.2150588,3.3668067,4.7448344,2.0802228,-3.9192696,6.359931,4.528962,-3.3736079,7.5253534,-0.6723331,-1.434888,4.967712,-11.5146475,5.8271933,5.8285255,-4.3195696,7.483749,3.8030598,1.7870538,4.932275,11.63089,5.3150463,5.180781,1.0208509,7.4566092,-1.9651878,4.2707667,-5.113756,3.6394794,25.187555,4.545039,2.543346
5,1.0980114,-4.5938964,13.435094,-0.02957063,2.5599494,5.613688,-2.2468445,5.028573,2.1280558,0.4037831,-7.5820117,1.3813721,-0.008597363,5.2572117,-0.27708977,3.5300543,5.1805606,13.207866,3.287676,3.3994231,7.168772,5.1599407,1.1329072,1.831482,12.953201,1.3091962,4.2348485,4.5015798,-4.070928,8.036017,16.560568,9.449783,9.460735,9.470263,3.2509243,4.3103013,3.7703004,5.1836452,2.8296225,3.5251513,3.730663,1.7429982,1.372845,-0.8570764,6.0618243,2.4259484,4.169833,5.138843,2.8789916,2.646926,2.0622797,4.659862,1.7293965,2.5805385,1.1836016,-4.0748134,-0.5595789,4.1252103,4.239434,-1.1324255,16.766808,1.2580826,-3.0831208,-2.5344296,17.812057,6.769847,0.48511454,5.3214374,-2.1253014,-0.99714774,1.4234154,5.8945756,3.525035,-3.7519746,0.67881393,1.0007726,0.11959095,-3.4516344,-0.48114473,7.2607536,-4.9143662,-1.3210768,1.694051,1.0600573,0.1908624,0.24720985,9.359074,5.28302,0.046135005,0.03653522,-0.21009135,2.6036146,1.5988424,2.0714104,0.7682262,1.91896,1.8197273,1.6896098,10.185278,9.207114,10.340866,6.697934,4.689115,12.119681,11.783742,-0.19391693,6.1604624,0.9732867,-0.021901367,2.960458,-0.7488789,1.7879605,-5.474114,4.0309515,9.526814,1.1963744,4.4296165,18.7643,20.92557,8.163543,13.309887,3.5101273,-2.683758,8.238121,4.269671,7.5545177,4.090678,1.3060585,-3.3384035,-3.2360764,1.3626081,-2.5693874,6.1561904,-3.621594,2.2277792,2.1253405,4.3038406,5.664993,1.4352213,6.3257394,7.2189145,4.3717,4.785695,-1.572174,3.5071673,1.1373149,6.644312,5.5345464,0.9661172,-4.4846525,6.9631658,7.749916,16.082174,1.6815957,7.0605106,-1.6754873,-1.8373169,-1.8784255,3.597852,11.064525,4.255087,4.809906,8.140725,-0.16945536,3.2644682,5.31023,0.6363093,12.794853,7.3267813,-1.0205369,4.274087,-0.35667625,3.261426,6.437298,8.599565,-15.87587,1.7116003,-1.2605355,-0.98379344,-1.469096,-0.37484682,5.0785046,-1.885227,4.2809033,3.2270236,1.357124,2.0427113,4.8798227,2.3030894,3.0770597,-0.43082622,2.6070778,2.9984212,8.300174,1.1867802,2.0453725,10.778883,12.211419,5.6184053,2.9373915,-0.5955967,-1.5084296,4.2549715,-1.8195122,-1.5507003,-2.0952227,4.555647,5.8008227,1.0102451,6.574892,13.864163,7.604893,9.04162,7.8376164,10.360956,10.030155,6.3600764,3.6187031,2.9848146,10.042947,5.0182285,4.1375346,1.8675269,0.49347433,4.3617463,4.3758416,0.75776666,1.2365241,0.8296929,11.473198,1.6440511,-1.181876,4.566918,0.43774822,2.9600506,-0.59566605,11.130711,19.447924,2.5963075,-5.26633,6.6250987,-2.6110587,3.3662298,11.857024,9.187693,17.42849,0.28683108,-2.068128,-3.0023081,-0.9698119,2.0109818,6.3189535,-3.2366974,-0.48161456,4.040532,0.89611113,3.1960328,-1.4183532,0.7915914,-5.995983,-4.952402,6.3887672,-0.123115614,-2.3595839,6.2967873,3.4571254,3.581084,1.498371,0.21340585,0.0,0.38178906,3.303427,-0.067490526,4.496513,-3.5002031,-2.282623,2.4079256,3.0514836,6.5877466,5.3544145,-0.94976836,2.4126084,3.6128554,6.6286626,1.4607368,5.583016,2.0871813,-0.059963502,1.9081544,-7.251494,1.3952512,0.441398,9.597028,-0.805597,1.355903,-3.0358748,1.7104964,7.502413,13.491312,7.3202343,10.800721,7.325493,9.448681,7.23073,-1.9133351,8.736147,5.998506,-2.1758955,1.7774389,1.2052916,2.9088871,-1.4959487,6.44559,2.8015342,4.7582664,3.969121,4.979845,11.070985,5.0972877,1.4881357,0.30924496,5.336729,6.660439,5.114105,7.208719,0.9610662,4.9331307,4.8428574,6.139738,0.5919961,7.486789,-1.0966125,7.4584513,-5.6373973,7.298055,0.6231236,8.266289,2.443638,0.2231476,9.130318,8.794517,8.797542,13.308043,2.927772,0.67184734,4.7013445,-1.382013,5.635079,9.195414,4.398971,8.987664,3.073418,9.582484,-0.64729285,4.5239735,1.1091775,3.1047604,15.716895,1.7596657,-3.529403
6,5.0259914,-9.513786,-6.302378,5.3405433,3.8923388,7.2058473,4.981358,8.342019,4.7053084,-0.6858757,-3.445902,5.36145,4.0687733,13.117827,-3.7205899,-0.0034574524,1.8665801,2.1681495,7.4459085,7.212929,9.9418,12.335972,2.6772382,2.7156422,4.592542,2.5589292,-1.8473554,2.9631147,-9.250109,3.2356937,14.84075,4.7274094,17.835606,3.6555789,-4.95709,10.624555,0.62070787,-1.665386,5.5653276,2.4156,3.735875,1.9850866,0.029499426,1.901113,3.5844288,-7.4909253,4.2445793,9.413188,3.176436,-1.2116152,4.5922546,7.479517,-2.6321414,1.396529,-0.634987,-0.041890915,3.2213793,6.5513625,4.45363,2.2432413,9.190109,3.3227773,1.3930609,-7.0096188,24.933659,6.945435,3.0351028,2.9837825,4.68861,2.6692772,6.1670146,15.31969,0.33120325,-2.7336967,-2.5511754,1.9350221,0.46291542,-3.6018963,6.1124563,6.3194704,2.3150148,12.450923,4.0298114,0.5581406,2.504239,1.5737685,8.341417,5.1383557,3.7790418,-0.009047368,-0.2522748,2.543876,1.1782926,5.9539337,3.0565088,0.2206812,1.1900992,2.108105,10.183209,5.2982593,-7.5558267,-0.69586635,2.1769073,21.695477,3.7603602,7.2116423,14.242715,0.08543497,5.59879,6.4993076,2.942255,4.4473395,-2.191645,7.6408305,-0.72445357,0.09490629,-1.0611778,7.94973,24.29772,-10.470239,11.974505,-0.84746635,-1.8887632,9.386106,4.3025136,3.1862879,-11.00553,-5.5061374,-1.6628006,-0.33544025,0.23930886,-4.805103,2.8712432,-4.438523,3.794449,-3.2910995,0.9846992,5.7598166,2.5795481,2.1598878,7.7871847,1.0704494,4.604237,-5.4873624,-1.0872688,2.529974,2.396676,2.5255911,1.6646489,-4.374958,5.295158,-0.61722785,8.761453,11.370186,4.61958,1.9309325,-1.430077,7.603185,8.427824,3.3618135,-8.732186,5.088963,8.664798,-9.509301,8.458769,-0.109288566,8.959241,-8.147818,-3.133367,7.905457,5.123296,0.057153974,8.530302,-3.0445738,9.005368,-14.717856,-0.716387,1.7101231,1.8707654,2.8954697,3.49774,9.615514,2.5812352,9.287171,0.9270785,6.011444,-1.7253889,6.0490103,4.869473,-0.80369395,-0.3024267,-3.961488,7.0917215,14.18629,-0.82322425,1.8837984,-3.418629,8.589331,6.793754,1.0400914,8.818496,9.357258,2.1388023,-11.81874,2.387759,-4.345479,-2.152609,2.4261303,-2.6578584,-1.5751357,10.376951,13.376517,29.406683,7.2380857,2.6394162,8.546022,4.582475,0.37672782,7.44632,8.887148,6.15578,8.009312,-2.6440582,-1.0789443,0.24180676,0.9949883,-0.41506234,6.1200805,0.43104407,1.6218548,0.23816717,0.25906116,1.8464756,-1.6613616,4.835443,-1.4165971,8.475238,0.3367241,6.426685,-6.258022,10.879748,1.2907907,2.564067,24.017794,18.004206,6.1836696,2.073449,-1.1949978,5.4676766,-0.08422918,-0.60324955,9.35191,-2.475898,2.0481806,3.3535771,8.571463,6.1321716,-5.140868,-7.0328307,-7.564088,2.2597723,5.519813,2.4112425,4.0760646,10.548211,8.505818,6.6066136,0.5511706,4.2928286,0.0,0.5800853,7.0703373,2.5018146,0.952695,-8.526285,-5.6303353,-3.6384125,-0.44860205,6.83897,5.6679225,5.5664144,-0.7036237,1.9325728,-12.037786,3.3401976,7.7730207,5.5220423,-14.420571,-2.923335,-0.08844725,-7.2716002,1.0609843,-5.3896894,9.331957,-3.2913313,0.24672143,-4.1681085,6.273704,17.101778,16.058048,11.32731,0.084269345,3.6529887,9.2371,5.2251616,-5.0094533,7.7353444,-1.9367543,1.5395246,2.0026462,0.18668558,3.7821896,5.85531,5.6788898,6.2120757,-6.6339602,5.761938,1.5355251,1.0797135,3.0662627,3.307886,3.3973753,4.1836343,-2.8631985,-3.8560874,0.26821318,1.8045545,1.2884837,-1.5716885,-1.2695477,1.5757378,-0.5511306,6.799994,9.047417,18.892792,4.2311254,2.0485919,7.785384,5.0042605,3.0929413,3.510713,1.4851071,5.448676,-0.8737482,2.2100189,2.286102,5.3213024,14.658275,-6.0780554,2.1207142,8.110659,0.6705047,8.841392,2.4779475,7.504743,-0.48174945,3.7121024,6.501114,2.6956878,5.9705806
7,-0.5530041,-8.758903,-1.7394482,2.5255582,1.257165,2.2608876,4.5103917,3.8429306,2.6957462,5.375179,-4.3462267,3.5147386,0.7877224,-1.2238194,-1.3817383,2.0223944,3.2105927,0.4672386,3.3552887,1.4353491,-1.5216962,7.734899,4.217925,6.022396,-0.8354135,1.59381,-5.7386026,-4.0578556,-9.161617,2.087164,-3.0055692,14.395184,-1.3497398,4.5659757,-0.29350203,4.5302844,3.8239117,1.265793,2.3958244,2.8800035,-2.5911398,-0.09349367,2.7417717,2.8258955,1.7887212,0.8708329,2.8596048,2.6143503,2.207294,-0.085514575,5.660816,3.8579853,5.380392,5.8293023,4.80452,1.5483679,-3.833325,5.3329315,5.734865,4.1850023,20.432877,7.613601,1.2346398,2.4432952,23.869858,5.102478,1.02796,-0.08956619,5.674486,3.8052626,5.6485558,14.324883,1.8892578,1.2342091,-0.057188828,2.9532247,0.25280756,-1.1708957,-4.3392773,-1.2624518,4.471931,6.9281983,4.3388014,2.9668374,7.416922,1.1778976,14.530897,4.2622437,2.3957753,0.05688841,-0.17525265,-0.47251472,2.3989875,2.6325507,7.585108,-1.837326,1.456051,2.0083134,3.093978,8.959398,4.069143,11.417395,-6.8720613,8.192274,6.7092676,8.154863,7.2370687,7.453751,8.191708,2.2044442,8.595983,7.8942184,6.355177,8.959536,10.831607,0.34809664,-0.7470466,-1.3882804,9.293389,2.8105545,3.713461,-0.91519827,-0.5047546,5.925591,0.028858816,3.2096584,2.6284454,4.1222787,3.899033,-6.1036954,1.2464905,-1.2324313,-0.78472096,-3.0352275,-1.4840753,-2.0406654,4.5526676,6.436226,1.7330755,0.29579243,-5.716554,-0.47487995,-1.8309773,-0.039458502,-2.395049,1.3142077,4.3729167,5.2005897,1.3180691,-2.980706,4.771,0.058421757,0.20168898,-0.96809757,1.477275,4.9039264,3.829778,3.3139334,4.325188,-2.7345138,-4.169664,-9.160087,2.5600739,-2.8951743,7.628568,3.443248,4.114626,11.979602,0.35795233,6.9206867,4.0043983,0.21352915,14.46979,9.1835,7.403646,-3.2069776,-0.2929272,-0.9954107,4.5212326,7.6287165,0.31061456,6.3469353,-3.256562,2.636974,1.0381356,4.3094277,5.642354,1.3185333,2.1831255,-4.7209315,-2.52951,-1.6688533,-1.0502056,3.7501197,-3.6356146,0.9979067,1.4674788,1.4949938,2.9954093,1.6492459,4.058394,8.633611,1.5024548,-0.048976794,1.0722164,1.0452868,-1.9419771,0.538641,-5.8308673,0.6458039,-0.63206714,10.209368,8.28761,3.8007,3.7935364,7.7569532,9.129185,4.5491786,8.323325,1.6231023,7.3661585,7.6012096,1.9824942,0.4121852,2.6062963,3.6472037,-1.9912562,0.34152862,4.4441643,2.0189192,3.4096518,-0.318908,7.6009564,3.8955104,2.2384028,0.62003946,8.948301,12.151834,3.1939056,-0.32447687,17.208784,5.262029,-0.6020118,11.137618,21.196318,7.523599,-0.115485445,-1.3996432,10.079733,1.0966332,-0.9289829,7.74552,1.3272197,3.1605766,5.1594777,4.919011,5.029479,-1.0561274,-2.8654587,-7.2587028,-1.0824057,0.3248767,1.6409558,2.7542357,10.142405,0.67090267,3.0273187,1.3957136,0.9051693,0.0,0.60849106,2.512749,0.7984164,6.523038,5.3334413,1.1238918,0.447704,5.705333,12.050121,6.05136,2.3087282,4.7435913,-6.465001,1.8136489,8.7299185,8.757429,3.6834288,-1.7676971,4.927463,6.1082783,-4.582149,3.3591142,10.290454,3.557247,10.513993,3.7315137,-0.563263,3.906751,10.165608,-2.5469668,-2.469349,-2.1755528,11.4271145,3.466559,2.5832293,3.5282907,3.1116736,6.555125,1.1502453,0.9353579,5.028069,2.4542947,2.744904,2.9382977,1.0534449,-3.645666,3.2343116,-3.2298343,2.3464782,-1.5747358,-1.6226891,1.1813046,-2.106732,3.6641853,-0.7461361,2.0551562,4.737809,2.4012194,-4.0492363,-1.5897849,-2.2350943,2.1063306,-1.8149999,0.811617,3.995734,-0.8548453,0.31318298,-0.04823827,3.389635,0.44470933,2.4290311,-2.5200648,3.9207237,-7.0451865,4.2231317,1.9009699,13.333028,0.79581594,1.9329325,2.7830029,10.404956,2.1245918,8.066835,7.799005,5.706762,2.9556375,4.288658,12.474402,3.6664,10.54348
8,0.50985056,-2.035114,6.306068,-0.16799012,1.3649459,1.8791884,-4.9759483,2.5252597,2.583671,3.1550188,-4.2638583,1.642242,-1.510546,23.52017,4.466439,-2.846477,-0.2848389,4.1034336,-1.2997721,-0.83602667,1.5172361,3.016243,-2.6301126,6.351764,1.8752823,1.8546079,2.932058,-5.8097305,2.8930755,4.326049,-0.95625573,12.837049,4.210074,5.0946965,7.247802,3.9381614,3.9286792,10.320589,2.9882786,5.4779086,7.3850474,1.7493458,2.8437443,5.1780863,5.445893,2.2032712,5.6069274,2.9431996,3.012283,4.2220297,2.7796066,7.2424617,0.40180773,2.5097442,2.9341269,0.3398569,3.5854256,1.5780716,3.726388,1.5887201,16.095575,4.8854876,2.5392618,-2.9126897,22.031178,6.030277,3.4683454,4.2866993,2.7317834,0.49994346,-0.076397985,8.4030485,1.3674164,0.70460427,3.6893208,2.5878305,0.46388623,0.7168552,2.2337878,-5.4367924,1.4126949,3.2528634,0.659336,3.6042807,4.2128015,4.2211413,10.357442,4.7624874,2.0089855,-0.011778624,-0.19330843,2.7676876,4.641684,8.847137,5.726305,3.9394069,1.5185415,1.6404623,4.4779124,5.017763,7.2104616,12.403535,17.709429,4.8803363,10.709178,11.309061,7.7895856,7.855326,-1.3486387,25.303207,-5.7342105,8.523115,0.049551427,6.8197737,14.469167,0.24150397,3.2082393,8.707481,4.078019,6.634465,11.014005,2.0938897,2.5318983,2.627885,2.1435347,0.04667054,-7.1146145,9.364953,9.624378,9.998864,1.4110789,0.38516825,1.3798928,-1.9824828,-2.6206686,1.5912439,2.2635012,4.48108,4.286242,3.451673,4.0420203,-0.5893605,-0.25630644,-1.6384108,2.127714,-3.5106447,9.420355,8.28576,5.4104514,-2.6366665,5.90538,7.0241313,1.4969752,7.30801,7.1914415,4.520182,9.86513,3.9455154,-1.1506399,10.208282,7.330412,9.000693,7.5434766,10.9229965,0.67388755,8.661639,10.748334,10.624344,9.207338,3.5877886,3.5103757,0.18600151,0.12471577,7.6742034,5.6864285,7.9746685,2.4717236,13.577915,6.99461,10.423678,1.1324439,-2.696864,2.374795,2.557893,0.35603938,2.428115,1.5706819,3.5400949,2.0064898,-0.30678886,-4.8317556,-0.14139082,0.5334007,0.39695078,-0.6342983,-2.1194868,5.606654,5.271796,-5.536637,1.3770386,-4.3120136,2.0788326,3.6379092,3.5246477,4.6830363,2.5006177,3.5852313,3.8003397,-7.6193886,4.6513805,-6.0508375,17.454182,1.401231,2.3366272,9.490432,5.3868127,4.70419,8.8105,-1.5798668,11.913091,11.739111,5.431682,3.5339527,0.30273822,3.1352777,6.499804,2.073907,-0.021670906,1.7243543,3.2282703,0.37321508,2.6935644,2.0720193,0.55729854,2.718369,1.0672646,9.787696,11.95113,8.457593,3.0707092,11.84866,10.903026,-6.2806487,11.012815,12.097927,14.725456,-0.8683669,0.24590059,14.21777,0.3849056,-1.8937144,5.319616,-3.4080815,4.457162,4.9547105,4.727723,3.5492759,0.019968327,-3.2806618,-5.9790597,-9.889406,0.9555356,-3.2941232,0.40719065,4.7534213,-0.31384343,-1.2862138,2.5160966,3.9391317,0.0,0.33257812,3.7251651,5.463135,7.568532,-3.0067635,-1.9386077,-2.705365,-2.9064136,3.9716802,5.8732905,3.2822049,9.073247,12.784172,1.5879538,2.6809952,5.1408224,7.969401,5.071211,2.3127108,19.035765,5.1128316,11.430856,12.16585,5.4864526,10.807389,0.93535596,1.4102969,8.540065,8.823042,3.171958,8.905126,-2.8252866,16.542297,7.563287,3.043078,5.9541306,4.7861032,7.6384873,9.722365,3.8380384,7.080435,2.8914566,2.1561735,2.9440022,4.468848,2.2690825,0.20213138,0.084371746,5.421731,3.83935,-0.8169323,0.9307553,0.32817113,3.1242156,1.0467079,1.3717365,0.30108908,4.7388673,0.87573814,-0.24978887,-1.3841698,4.8525786,-2.7465034,6.1163244,7.6985235,13.042643,4.549852,2.5186262,0.34468213,12.794672,6.717096,9.27014,4.279208,5.413735,11.53051,5.8198366,1.5153521,5.423498,5.262246,2.0429137,0.9547492,2.281607,11.433791,-0.16218436,4.7293534,0.23990558,4.930081,30.61589,4.602232,9.4802685
9,9.420609,3.5731335,18.092209,8.044384,11.140685,5.8389482,12.562864,5.7616677,2.3823867,4.6514864,4.6993055,4.5258694,2.9210901,16.587152,18.13416,2.5502954,8.713299,20.532701,4.4324474,5.7411036,4.45648,2.791592,8.095383,10.12038,3.462215,3.4136884,6.1889744,5.299762,-0.25558263,16.49571,9.533217,13.894843,10.064813,3.4425426,7.723582,5.670603,12.200476,9.22091,2.532213,11.061015,7.6783977,0.9419815,5.0346107,3.610347,7.085671,7.914771,3.635663,4.65694,3.099512,7.085165,4.8782907,3.6854978,5.537301,4.157424,4.8631063,2.40159,9.094867,0.22104704,4.4397664,5.2988424,14.62882,5.178882,4.5593834,2.9675343,12.626149,5.2107153,2.3475826,8.014107,4.1541905,1.6488744,5.863312,6.627494,4.6564336,3.3889735,1.136071,0.30656394,0.46797755,1.2634671,4.502953,4.8128457,-4.0702047,0.29774952,0.8860186,2.6166844,-0.76304036,6.6872687,8.314156,6.371729,1.6236769,0.041501008,-0.13011144,4.906772,1.3696105,5.933362,8.355138,0.94945693,5.118034,5.465382,8.932793,10.066303,16.194843,14.98942,19.458467,7.5551076,7.6631436,8.282317,14.831941,8.969546,11.109741,31.044184,2.1796553,6.6153927,1.0950016,11.569718,12.065842,2.3423104,7.743396,9.405206,18.34161,5.497712,12.996471,7.2258177,2.6570432,9.23752,10.955931,18.451553,-0.12470267,16.207924,18.768085,17.40206,2.2716901,3.5299125,5.196506,6.018963,11.015787,7.3135133,2.8079824,13.587458,20.482378,1.7722023,5.842569,14.632842,5.0021358,8.611784,8.174775,-0.64689,17.741627,12.440441,8.915342,5.9190426,11.513202,10.611911,17.743885,18.9467,12.546969,8.404337,14.20191,4.0738215,2.9146042,10.04526,13.765059,9.581382,18.298613,-2.718865,10.740996,5.6758823,3.1551597,20.034384,4.424903,1.3745282,3.5388327,0.16537568,7.1530395,14.123106,9.095848,1.8560997,2.3733737,8.092644,12.858988,10.161783,5.3603444,14.963924,11.767345,7.5294123,8.528597,7.583575,10.441575,4.4239645,6.1386757,5.1894407,4.6669903,7.70715,3.2813559,14.490044,11.066909,4.1136236,3.5494952,13.950299,2.7761388,4.9558587,0.3609363,-2.220249,12.680436,15.711648,8.761364,3.9843488,4.525078,5.059696,3.9666615,12.817953,7.8016653,18.583069,8.166183,21.24295,6.576661,11.077548,11.348548,5.4663873,2.5396118,11.925421,14.088745,3.7713525,4.79441,-3.1583173,6.652143,5.5410876,1.4735025,9.269243,3.268712,8.2611,1.4211495,6.7415442,2.451967,2.2948565,2.9646244,-0.81515896,17.456285,16.743174,13.803516,11.334103,11.174137,10.961755,5.133948,27.699825,6.3099394,7.169311,1.4663426,0.13996682,14.961433,0.34193417,4.05658,4.031705,-0.52312386,8.075355,4.6687474,0.5193537,3.182166,8.364693,3.347448,5.9370975,-7.8578887,0.7786343,-1.3041742,-0.06660968,5.985905,7.058824,0.8241881,5.903788,2.3503678,0.0,0.35232398,10.281874,3.1459126,3.7241068,7.424337,-2.138902,-0.17098491,-0.504711,6.306182,4.799432,6.5725675,11.866969,3.2360406,13.544799,5.5405483,0.054020993,7.1854715,7.5187054,3.568482,16.63558,9.048801,17.372923,6.147949,10.794519,3.9139047,7.5438604,11.046025,12.153349,6.926264,15.6142845,19.92173,8.173863,21.942028,10.562951,5.8998756,1.4117019,14.30744,8.700695,14.050248,5.7039685,7.5554285,7.3591022,1.6052022,2.1922548,4.652286,9.39979,-0.47318062,3.0521219,8.645707,2.1441848,2.243133,11.719859,5.3548317,1.580862,8.002689,2.6243353,6.713553,5.843766,9.8647175,6.150663,7.8871,2.4542284,19.997246,12.001462,19.890308,5.7018995,8.719291,4.0126176,3.1886945,28.137104,14.956741,6.1395216,18.094568,11.9826,6.786518,6.7042003,2.1927416,9.597435,1.8077464,0.7158639,-4.7075887,5.3985343,12.075607,7.6901674,4.816662,14.110376,4.0282865,11.825894,9.54717,14.515573
10,19.932425,17.122715,10.597146,20.542894,16.528574,10.142676,17.314342,12.697464,12.065844,7.6718574,17.204384,12.473217,7.1611557,13.379572,15.569213,5.0475206,10.558664,11.030167,12.791154,15.760028,13.311816,20.441109,14.387151,17.260065,8.522974,1.460574,10.778463,10.046749,1.0451907,12.280762,21.630032,10.959652,29.339966,3.5095098,-2.4403346,4.241179,11.675175,3.8339045,7.158705,12.044632,10.084902,1.4976145,8.454314,7.028788,3.4976025,8.375742,4.065797,-2.0306418,3.385482,3.4940448,7.9655547,7.913304,6.7913113,7.6556926,4.5399013,8.507617,6.5153756,13.268438,12.864688,19.237413,20.79077,10.378039,8.218886,4.6499715,30.71456,5.1650043,3.3903162,9.128033,12.23763,7.9920173,16.693197,14.52388,11.007716,12.260621,2.1652288,1.1149744,0.56541914,12.702369,3.42963,15.456214,6.3173923,11.8664255,16.761147,10.60724,2.8224866,14.190628,14.358913,4.0284395,6.810123,0.0778674,-0.34777778,-2.5782912,1.2175243,-1.0108061,16.759798,3.9687295,8.74403,8.610282,17.30744,15.018285,12.589719,17.759624,36.709644,17.494192,13.686521,15.383948,23.442263,17.987295,18.022121,18.947546,11.321349,21.870209,14.797537,2.9913318,12.276648,4.496608,1.0379376,5.196168,32.80394,-1.5320529,29.689955,3.4409306,3.6981204,9.356003,19.216742,3.4729922,24.127165,22.959183,25.307203,26.784824,1.2467461,-4.2863913,5.01402,-0.6847351,2.548006,3.3634884,5.4416833,15.246068,25.911705,9.035499,9.426279,17.314728,11.87249,3.7124536,8.453118,5.8061843,12.735736,10.733533,12.692714,15.202658,10.129779,1.0372708,20.33754,13.898803,4.147866,6.3985987,15.844418,16.740404,16.896149,19.13012,2.9494665,20.056595,13.308477,-9.528147,3.0798774,0.539541,12.571941,20.594446,5.2139163,10.857777,7.787246,0.18105549,5.995052,14.047591,17.202496,19.243683,4.541982,14.26425,15.345439,12.441137,14.642788,10.908419,17.42724,20.114761,15.518625,12.541702,9.874757,8.857498,10.479453,4.6336784,10.43699,7.992481,9.675431,33.69755,14.625336,12.728368,-5.662457,18.014315,12.459353,8.9266205,9.136864,20.615143,9.936554,7.37029,7.2833643,6.4724708,5.756086,6.206916,5.978473,13.645004,25.513912,24.704456,23.102108,16.98687,-1.8814518,16.202837,6.7829876,7.3545756,9.24832,15.858389,7.1578765,3.9177527,11.511673,2.510335,3.9566967,8.223667,4.6750536,6.835293,8.815706,5.526866,6.7680745,5.4370885,11.461314,-1.041486,2.9497695,3.8837802,23.732044,25.604898,25.679373,13.755674,19.447987,18.383085,14.344331,33.88404,28.429209,4.662912,2.312295,3.8691087,27.442207,-0.7991797,-0.084564514,11.570409,4.854069,5.800434,6.7050533,3.1468403,8.297285,10.173629,5.4230595,9.0971155,3.8922994,5.645174,6.131033,10.8392105,21.139524,15.413171,8.9904785,0.8091938,8.500926,0.0,0.3771127,5.083413,3.5798793,2.1533136,2.480042,3.9683788,5.1455564,1.5490612,16.513567,5.2891746,8.505935,13.644953,17.249632,20.032528,8.83318,5.9423237,15.120757,22.028736,14.34151,2.6221735,13.976054,20.55932,19.129948,8.147444,-7.130123,6.866992,-1.8235588,-3.7710593,21.393904,2.2869077,26.064241,-2.7849002,30.378195,10.944607,9.437495,2.7631416,8.902176,11.936939,20.84719,17.458536,2.4722314,14.542411,6.2108393,5.7338667,5.9721494,-3.2650623,3.2869349,5.6311507,13.400905,3.5977147,7.978908,13.88026,7.853119,-3.6588714,-2.0871968,10.275517,7.8218336,5.115298,11.6220045,7.8552938,7.72437,2.5149803,20.939981,17.173882,0.8551731,10.188261,7.3522115,4.886395,9.361447,12.834865,14.580035,11.164425,15.760036,0.1896156,-6.7078285,8.966686,4.7554297,7.985515,12.621328,9.498277,11.288364,3.2854443,29.033216,11.242292,4.8916306,18.113924,4.905211,28.411263,14.375775,22.989262
11,10.57751,4.4359355,1.3793737,14.664329,8.90254,9.000792,2.5389664,7.7887354,9.914055,5.8911467,17.033806,13.041359,4.319558,19.672815,8.178231,1.0721939,11.7589655,5.8821144,-3.99297,0.049432106,8.70538,14.850811,3.0581002,10.815658,-0.75076234,7.602672,0.7490488,2.6240418,-9.496163,9.160434,16.603218,7.4999075,16.895666,2.9508097,3.6446748,3.9187589,3.7901711,12.544718,8.034488,-0.014421189,0.18153365,0.7308329,4.202846,8.567852,-0.17155696,-3.3427405,4.802647,1.5119162,5.505767,-0.34968048,10.150784,8.757817,5.18127,7.239233,3.8872504,7.3085656,8.080238,6.408012,16.203436,10.711113,27.865675,10.829971,10.64594,8.249478,35.61946,3.716489,8.721702,12.234581,12.797084,10.131946,18.852964,23.823544,12.991133,15.274314,5.508318,2.0664825,1.2810264,14.886356,7.2733235,16.299109,12.506682,11.663729,15.856058,13.494529,15.079445,19.020498,23.34862,3.255945,5.351506,0.16266635,-0.40251547,2.7772667,6.246416,12.172943,7.7059646,7.040934,15.763309,14.973135,10.021457,13.107662,14.924836,17.573856,7.762422,5.5011697,18.960726,15.242246,16.209826,15.62024,18.33763,22.370224,4.4124484,18.724379,18.133974,-3.2969437,1.9565853,7.589862,2.480861,6.4529157,6.2656307,-0.1760146,29.231565,4.8680515,4.9718237,6.526167,9.254714,-9.086904,-2.7625563,14.167271,13.885785,29.341797,2.558214,5.9912214,8.318909,2.0233402,8.782707,1.8720036,7.4097953,4.82359,15.936017,8.021879,1.2975931,7.2130766,2.463281,8.906779,5.6791973,1.7692789,7.756607,3.0802584,7.9242363,17.225014,11.705414,2.7470593,-0.13256633,-3.7084625,-4.0154796,9.465804,0.45856342,-1.6401656,5.3711185,-4.8609366,-4.772814,-0.6173162,8.095049,2.4668899,16.516134,5.0732894,11.603245,17.574455,7.3721266,13.772007,9.624077,0.3776728,3.6207085,7.389474,9.17521,28.374424,4.323716,5.762217,14.821617,16.228888,10.05545,-2.8513055,9.514773,13.113863,7.2188907,9.521713,7.9385915,4.019226,8.582586,1.8598459,7.6682444,7.023197,2.8809972,29.97531,8.580445,3.9241104,-0.062488917,10.75435,-2.6552289,9.066078,12.502552,21.365726,0.02452686,6.307545,0.38548288,15.818547,-5.1208115,3.9599936,-11.409561,12.196942,17.414532,18.2509,8.080547,6.5881724,5.3029075,5.589982,4.667088,14.020399,5.6338525,7.322941,17.877743,9.087052,8.102252,1.4119216,0.7883077,3.8265886,3.8584204,-3.5247707,3.7945554,5.0011473,4.0461335,6.058672,8.402888,4.0363855,4.8960643,-0.9618482,15.533642,7.741065,16.317614,10.688545,26.3207,19.999992,12.456472,20.38156,28.918541,4.7664037,4.106889,1.1356219,23.953348,12.855742,7.8444037,12.156345,7.6716275,11.735294,8.090444,4.471257,8.455586,5.847525,6.8648853,5.12376,2.786292,6.179768,8.711058,11.890513,25.09647,19.920616,12.447914,0.20463663,11.99738,0.0,0.609398,0.31326625,5.206498,7.7643228,-4.7922544,3.7027109,5.5608974,4.2166963,13.062261,9.002082,7.59344,3.9607425,-3.0590978,7.8042965,1.5180261,5.5355024,14.222641,15.567661,7.2754717,2.5364058,12.228,17.431812,18.90035,11.242651,15.894074,6.1413345,-0.30056515,12.674948,8.141329,7.326433,13.499545,2.397467,24.829512,9.869752,16.08667,-7.2701626,12.08672,10.5701275,18.374329,15.859472,8.19242,20.202795,6.700089,4.679029,7.1510506,2.1887593,4.9676585,3.08562,5.834747,-0.9879181,3.7551897,3.3134358,-1.4922806,-0.18855438,1.8662465,0.9776364,2.708977,0.7168058,6.0590835,3.7386467,2.3158703,6.51024,-8.40543,14.548977,-16.51217,1.008065,-4.4185534,1.9364812,4.976237,-9.87824,14.704214,4.476586,7.1187024,9.816804,4.9411235,9.32787,8.540528,-0.09800115,7.498345,11.031123,9.843842,4.76904,23.799774,10.448912,7.2259035,6.9605503,9.726253,34.575535,19.390167,18.818377
12,3.9799855,6.6317506,5.868329,6.978946,6.7443085,1.3366221,-3.5330245,4.567056,4.5907874,5.9203796,4.478651,6.065018,3.035116,13.130437,8.206489,7.689566,-0.7626815,7.2546735,-17.336733,0.7080635,2.0275762,3.4830449,-1.0093032,5.636407,0.14523217,5.163409,5.8975844,2.334123,-0.56919765,14.3841095,9.454116,17.23374,17.588148,6.7653456,5.715928,6.103223,0.9795115,3.9914834,1.9669274,1.3956819,0.9334031,3.0307977,1.2586958,4.111183,-1.5128396,0.5321248,6.5437407,-0.5631677,8.215996,6.665651,6.686488,7.0342493,-0.5034268,3.2205503,6.206009,-1.1296154,1.0080945,-8.852835,6.6297398,5.6038218,12.708655,6.314664,3.7011428,6.8527665,22.19563,8.143374,6.4472866,8.176859,7.5985656,6.720251,10.428467,15.298936,7.281304,8.267788,2.7695856,2.7075114,0.48606494,0.7008587,-9.505851,-2.2577162,1.1073755,2.4012008,7.8139257,11.9496,6.2803016,13.408034,18.861311,5.14224,-2.4151661,0.07057251,0.57022625,1.2335153,5.89202,4.0075846,5.175612,0.110436805,7.970525,4.7324514,0.21415429,8.275825,13.550433,5.2220545,7.222896,1.9641845,5.886292,4.0905776,5.7753043,8.224675,9.781303,26.386503,3.1136603,13.837295,-1.6241153,-7.185245,8.415561,-0.011751217,3.2475128,4.1239753,12.712327,-1.4069072,6.456772,2.5756283,4.8706408,0.05941805,9.396974,-0.41253623,10.1024065,16.346378,9.756158,36.64142,1.8517194,3.398926,5.349534,5.231566,-2.5811834,4.065134,5.637853,4.462766,14.583702,3.4536881,2.6440225,3.598128,-1.4504122,0.1513124,10.102713,-4.960296,2.5378745,1.0031303,7.925411,10.99065,10.694236,9.949859,5.0898705,8.743483,10.453442,6.5483723,-0.34587082,-1.1273832,-1.342222,6.3542986,5.4504724,12.638675,8.667712,11.806005,-3.6882966,10.083053,4.0789714,3.71631,6.2153873,6.1623793,5.9124436,0.14336269,1.6374971,2.8283808,2.7126217,12.893156,1.0419571,11.793475,7.30117,14.264354,3.6398733,6.1630993,10.864547,6.9108377,4.0990276,4.3511524,7.7596383,2.7832835,4.94723,2.9085956,-2.4450395,7.094289,0.43193966,19.437057,10.437512,1.8091433,6.4523473,8.838035,-3.336169,1.5792183,-5.5583115,1.3132931,1.2837305,11.008619,1.7482984,10.319594,3.741056,2.760332,-8.716522,13.104955,0.4260995,24.000488,4.395362,17.211603,13.633902,5.407865,3.2443938,6.297092,2.9830816,7.7372866,6.7095137,3.195815,6.206951,-2.1997685,0.60157084,6.06295,2.179513,2.4959927,1.281292,1.572721,3.253599,5.778182,3.600871,3.226349,3.7883937,-1.8847786,2.3611462,1.3671925,11.557617,5.9663243,10.080486,12.283222,4.525393,15.208866,9.987814,9.326706,-0.19581552,-3.0711641,12.800916,3.9924984,1.0503409,1.4343945,-0.3547358,8.303747,5.8397665,2.6802955,2.128128,-1.757537,1.3604225,-7.841801,-5.6562586,0.67421246,3.3920634,4.707947,12.397403,8.29422,3.202282,2.1088164,5.4077597,0.0,0.50315344,2.4597468,4.652958,2.195421,-1.6082325,1.7276164,-0.117713355,0.8137087,2.380118,8.949651,2.3933496,6.919923,-3.10155,6.864082,3.5867052,3.1165237,5.260927,4.934851,5.6842484,9.997403,11.475831,19.551039,6.242766,7.777976,6.7355647,1.5779911,3.333551,-3.4345434,12.212385,-1.9493217,1.2227147,0.17056908,19.251514,6.8188295,8.429198,5.926956,3.1418219,5.2073407,13.113578,5.456839,7.8613453,8.100977,4.335881,2.3341608,3.1165776,4.896305,1.9821715,0.3688102,6.412222,0.37115264,-1.2341485,6.246339,-0.32775858,-2.6619482,4.6699634,1.8294502,-0.10549464,1.9346553,5.3617244,5.294889,5.378584,-1.267152,3.4739614,2.220983,-0.4832309,7.9753633,5.37918,-1.8703939,-2.1192615,5.2175207,20.796965,1.8410048,10.596954,5.3965755,11.663886,1.5395807,3.4255056,1.4031765,2.1116467,2.721771,-4.006416,2.3220017,8.7499075,4.3768926,6.1116395,12.53852,3.8010411,29.562897,13.85564,15.426864
13,7.141902,7.90454,8.596978,6.697144,8.21869,5.6490607,12.652297,5.4650564,5.4347363,3.968811,3.6793444,2.7226965,4.985179,11.650156,16.700441,5.9800425,4.87574,15.06173,11.373578,5.440884,1.0582328,3.239942,5.0014553,6.7162004,2.4748013,1.593268,6.10384,10.737111,1.4522047,9.546325,5.347805,6.0111694,21.718416,3.6994529,3.0221963,5.415402,1.719996,3.396226,2.0955954,1.0595607,0.75248,1.8959876,0.03168402,2.6621163,-2.9002328,2.8348026,2.3499482,1.8952826,3.3814633,5.0096765,7.401602,8.472279,3.2934346,6.7697597,0.8584412,0.34918997,5.5599833,6.867928,3.2468925,4.7915993,7.303269,0.81489784,1.2254595,0.92096233,19.437738,8.426209,2.7158005,2.6810367,5.8634324,2.9722426,10.475552,11.328582,0.5704672,5.1844583,-1.0721378,-0.7669784,-0.012263499,2.025769,-5.089779,-13.925159,1.8593503,2.380827,1.2121964,0.75898457,4.5013847,8.165088,11.151401,1.6552616,2.4128172,-0.08547364,-0.051426027,1.1098613,3.5286925,-3.3476548,6.652089,-3.690691,2.7196202,6.59868,4.3911586,0.9632137,10.81898,2.249162,-9.561092,8.6841135,6.148089,0.4586164,3.5219507,2.8119626,5.339575,19.816885,2.0514593,6.420609,0.42597166,-4.3141823,3.9045978,1.5888531,6.2876487,18.041283,28.42118,8.838351,6.890835,4.5261035,0.40248638,2.6867917,9.613556,5.789242,-10.177954,12.454976,14.731631,17.98566,1.9674765,2.4176283,4.490673,3.8125732,2.5856745,5.8512716,4.499831,11.455009,15.427499,7.0701118,4.208435,7.709295,-0.7730808,2.3172386,5.2433352,7.865871,7.345078,5.7891393,7.668448,11.905171,5.1098,8.186751,7.777271,9.505089,15.949139,1.6171365,9.227541,3.341862,-2.2476845,14.932009,3.9847734,8.981412,14.113703,4.5299945,3.269202,12.062148,0.16605112,5.2488713,-1.4233963,2.0603209,4.1393185,0.048570205,0.7937409,9.231863,4.5604076,2.7418528,2.0404778,1.5225518,1.768954,6.4296937,5.900023,5.779993,8.228589,10.287088,4.8116236,2.1712549,7.904483,4.027755,1.152376,2.5639305,-2.7755053,1.1664871,5.846157,18.194023,13.224121,6.523765,6.353043,10.254172,-3.8554466,1.8006898,2.0219111,-0.4670139,4.1164384,1.7501205,7.7246366,6.0051923,5.0088344,2.0503283,4.337926,16.029642,2.9857817,11.683177,11.536158,12.317921,7.5794263,4.22154,-2.2575135,2.661217,2.3679907,4.94877,6.2647552,-2.463208,3.1836064,-2.6290224,1.0230899,9.396239,6.592541,5.69411,0.8733006,3.0453112,2.090765,8.470966,2.587944,1.5400808,1.3551067,-1.842797,7.7789135,1.2537537,4.915765,2.1010654,2.179161,8.20483,4.9892306,12.255013,9.174502,8.687103,-0.06489048,-4.298865,10.03393,1.6527867,-2.105936,6.90981,-2.771878,0.3160918,1.7827945,8.222756,3.3064663,-3.284533,-6.596926,-8.492683,-4.9934955,-3.8223348,0.035302043,1.699037,10.342171,5.4206524,0.00902217,1.4550227,4.1618,0.0,0.63895035,9.523946,4.724176,4.820808,1.4937413,-0.28998372,-1.1106113,-0.8590721,0.99983853,2.8868423,5.70354,5.8301234,2.6429014,5.9116693,5.6950126,-3.8268774,-3.9136353,0.26740256,-0.37706032,9.791758,7.892981,15.951865,2.7833016,-4.4320874,-0.3218777,5.502864,1.881319,4.356658,12.329426,8.1716585,14.208368,7.0981274,19.78276,5.5934186,7.941694,-1.6218985,3.4758542,4.0165806,15.8431225,2.1170497,8.026323,5.0891523,2.2120326,2.6394334,2.4834416,6.68216,0.46456307,-0.88289565,5.5990067,3.9256752,2.8261914,9.471838,3.6906443,-3.417988,7.1342483,2.7787874,3.6516976,4.308029,3.950712,5.997766,4.5404954,-3.078498,5.499745,1.7645513,9.488561,6.346361,7.331623,3.6554105,-0.070095934,2.3209884,13.239857,0.9402566,13.342751,-4.7504053,6.6098847,5.0674567,-3.271035,6.2768965,5.1698847,3.830124,-4.3846,4.2931795,7.602692,2.9010327,5.9908857,6.6527953,3.0513,16.488867,3.4034934,5.665433
14,10.267059,9.393843,4.850554,11.25468,12.349585,5.4234405,20.729475,6.547617,6.054112,7.1860137,4.063962,5.764179,5.8584023,15.39392,15.273252,8.471478,5.6922355,13.540439,14.681131,5.21176,8.504817,4.820254,7.849565,10.317521,8.002328,1.5351449,9.8766165,16.25297,8.489767,14.125581,9.551955,2.1219404,20.4425,1.8849654,-6.775761,5.8984895,11.429319,9.883743,3.714011,3.718164,-1.4719526,6.54243,6.765025,6.903707,6.81428,7.584161,3.5294223,-0.3826941,5.959891,6.1265683,7.0876245,8.924306,11.284299,7.21158,2.8511078,4.618002,2.549127,8.485684,9.417987,10.899101,13.387549,4.420574,5.3380713,-0.567848,18.978357,2.1314464,6.791556,5.3853,5.6943884,2.6639965,13.948197,6.759739,7.504511,6.3027697,5.30525,-3.5061195,0.46228346,8.599733,0.585497,-0.05528642,7.4215627,4.3711143,5.9528475,-0.4581005,0.45001307,9.0211315,-0.7512498,2.9978173,4.97779,0.047362123,-0.45267996,1.7138594,-0.38338727,0.8177243,1.0324551,6.438948,3.1936011,3.584255,13.159625,11.324151,5.791515,13.256204,14.310803,11.311695,11.08855,5.4125624,15.977128,9.0499735,11.331283,-3.1645691,3.3170516,4.9716873,9.446995,7.4311943,6.257065,2.2031133,4.299066,15.047382,27.273426,-5.481855,19.387518,2.0638833,-0.18729036,13.3800955,12.643208,-4.743473,-7.725231,11.051149,19.352732,16.47635,1.1868522,-3.8675926,3.6186433,0.060985092,4.515683,-0.9345427,5.278288,7.4956555,13.701492,6.8405247,10.73311,12.148144,7.286879,5.4300284,5.843036,4.101631,8.425464,7.9413857,8.296629,10.999984,0.2112437,2.301896,11.0718975,8.463267,-1.360582,12.615399,17.624737,5.7545824,4.9050856,12.507547,12.102765,25.113638,15.505875,-6.683718,0.1769748,3.4851139,6.9279118,17.153866,5.31893,5.645465,5.246946,0.1892361,15.131663,7.7204194,11.347956,-3.9829168,-0.57014674,18.335169,9.421721,9.166032,9.6685295,9.581121,12.668977,13.228934,7.847193,7.201152,12.6049595,1.0714687,3.6999764,0.6429409,1.8958626,1.1616817,9.327398,35.241196,14.673332,12.267011,-1.7912637,14.133414,5.8021507,4.882848,4.405359,9.222426,5.0884275,1.4347523,5.27126,0.68954486,8.973256,5.3950524,8.403946,15.950371,12.156285,7.829028,15.128108,9.083935,1.428313,4.528568,7.7738914,-0.23521641,1.9759636,8.894376,3.2415679,1.0284941,6.2769694,1.8439568,2.742613,9.518558,8.471522,4.6309175,4.165878,3.098703,3.9650576,5.362734,-0.74768215,3.0546687,4.421913,6.0040193,10.096048,18.854017,11.268255,8.799112,2.0787954,5.1427627,8.720682,21.709257,11.938004,10.06439,2.6824038,-0.19856274,9.810923,0.8327108,0.07591922,10.0135355,1.1344786,3.164385,5.1585526,-0.744336,5.4584584,3.5791233,-2.348364,-0.99971414,5.7021556,-2.896623,4.274245,6.5699553,11.481268,3.137689,1.1467019,0.48387173,5.3720737,0.0,0.31592068,-1.957886,2.2301612,-2.1306822,11.251262,5.727459,2.0090961,-1.7763001,6.35121,5.2231784,4.8357716,4.6858215,-8.4799185,12.633046,7.7089334,1.7973937,3.6190875,10.9125805,2.15255,-8.436092,11.818749,16.619387,17.30196,2.9771042,3.4761605,3.2115445,2.7009497,3.0740244,18.338863,7.1183662,13.430445,2.724759,17.330513,9.2449,8.491688,4.681499,5.2599463,6.5140996,9.476945,2.3324623,1.4091644,6.7733445,2.7986503,3.5418458,2.7402472,1.4000139,4.9838266,9.53449,4.570062,1.8486061,2.4877634,12.895198,8.0089245,4.1009626,1.5994761,9.659599,10.210946,5.5495167,3.0920796,3.8451385,2.468736,0.75773805,8.166182,11.614669,-0.3502138,6.0394206,5.1512465,2.6355584,3.7293403,7.6950665,20.676537,12.710015,18.203104,5.635433,-4.1045876,1.3621012,-4.8129025,-0.14294021,10.698927,4.0334287,9.058411,0.6207518,11.887654,5.279916,6.652515,2.9527764,2.214569,14.514408,7.687504,13.678119
15,3.3006341,-12.657224,-4.560559,6.4838643,7.846384,4.2453156,0.56308544,3.4897125,0.24498211,2.8625588,6.7411375,5.209212,5.050745,17.566471,6.7918315,2.1517973,3.2143745,0.4954333,17.997137,1.5264724,6.0024004,10.70964,-4.2008376,17.245974,9.724483,2.4595833,5.349134,15.293,5.715992,4.181945,15.907027,-2.2868505,8.098189,-1.8553494,-6.1532764,1.7870365,3.3017662,6.154211,0.33342597,2.211733,-0.109639436,0.6198073,3.435974,7.649134,0.8047731,-2.7044969,0.6326141,3.4788916,5.387434,-1.1846241,4.617729,-0.77786726,7.270652,4.979031,0.76904976,6.718411,4.1748633,6.229461,12.55058,8.229117,23.485971,7.110007,3.8296137,2.5172253,19.881266,-3.5677018,5.036458,3.517581,3.3641868,2.2821603,11.027174,9.789266,6.603916,7.048515,6.949397,-1.5091499,0.7306568,10.760815,3.4942935,18.222647,6.5978284,7.1232486,7.516789,4.569319,4.503822,6.3413334,0.8852094,1.8532472,4.209917,0.053741693,0.016171897,-1.8573389,0.83604,1.3870047,2.7453647,5.4079227,7.1666646,-0.3940758,10.414604,14.032171,3.149996,13.377721,-2.354638,5.298146,12.345402,10.343298,15.710231,11.387958,15.307585,4.4532194,3.3560028,8.483469,13.193696,15.335317,14.789976,-1.6600436,4.3091025,-0.2851232,17.464233,0.21681054,10.849788,-2.003152,-3.0998814,8.823732,-0.37129313,-9.356828,2.847392,0.8364703,9.967387,8.578919,0.64844,-1.32402,-0.52723867,-2.2225564,3.6840172,-1.8275734,2.7842271,3.5122514,4.7888775,6.6505513,7.52588,6.5132113,8.960398,-2.9191382,-0.65507066,5.985811,0.5290648,1.5769271,3.6632137,8.417237,1.0575083,-3.895282,-8.774834,-4.6316724,-10.091282,3.6076505,-6.5482984,1.5537354,2.4309509,-5.7029185,1.540322,14.930922,5.365117,-6.358857,12.318471,2.1744065,8.341247,10.403867,5.1865244,10.2921,4.0348945,0.16392627,10.63555,6.691808,10.021484,10.327605,-0.59297025,12.721672,13.155142,12.914344,2.7675283,-4.7003207,4.6758084,7.4197073,3.5803971,4.738118,1.1754642,0.41569167,2.1044292,0.33232757,4.0776496,-1.2917601,1.4750752,27.378538,2.8107529,3.1465673,-11.028165,5.180228,7.2110934,6.758473,6.6410475,16.82821,1.7446004,8.89006,-1.9752308,-1.1772228,4.698596,2.5345824,8.784175,2.6825602,10.170743,4.163658,8.142626,-5.89575,-2.0328708,1.6803628,6.5800304,0.39716813,3.4191244,0.96905434,12.045561,1.5735878,5.2478027,-2.5860004,1.5339862,-2.6161528,2.1174743,-3.813347,0.1432864,-5.2877855,1.0080328,-1.9861081,4.7808733,0.14872524,2.5467784,-0.752006,2.0366707,6.9360743,15.05911,6.780422,9.817134,6.401466,1.691623,14.716823,20.092424,5.885044,1.7426351,4.283246,10.1217165,3.148792,-1.6223482,8.698758,4.230314,2.5191405,5.354456,0.6577517,6.3890543,-2.8985612,-1.0996183,1.0598192,2.4742596,2.1661453,4.6715374,3.8752728,12.146949,2.3542154,2.0689442,-0.98939943,9.978065,0.0,0.29094023,1.681464,-1.0850346,3.405177,-11.31731,-0.5800012,0.18601343,3.295555,7.6252227,4.667799,-0.046848092,1.2747251,-16.399017,4.3511615,0.6453197,5.7797713,18.266718,10.271958,8.227132,0.73707867,5.2703404,5.5709863,17.952501,-0.49597913,4.732847,2.8640132,-4.1303535,8.191055,9.340579,2.3276293,-4.7033286,-3.7008317,1.1955373,8.978519,6.3523116,-8.232153,1.208633,7.8955636,4.701548,0.8557267,1.1000196,5.951026,0.5585853,2.2959626,4.2904496,-1.9993654,3.5231779,0.30214086,-1.4265337,-0.6426168,3.298997,2.8150208,0.8590691,-5.922871,-8.712813,-2.6010656,2.7059793,-1.541419,-4.1193624,-0.23097223,-6.46089,-0.54563,-8.0018215,3.4796703,-8.73463,0.39471462,-0.4558838,4.5847545,6.586769,-8.049686,8.578898,6.158216,6.147803,-0.47233966,-7.474168,0.18050906,8.641993,0.8836109,7.568748,6.8873177,9.71578,-1.6607257,20.475752,10.634493,6.0198,-1.3896487,-0.2858123,8.542697,8.297127,9.007683
16,-5.3397675,-5.0709743,5.3862724,3.9569447,4.252318,1.3623846,5.474186,-0.87926865,-1.5130892,3.4661627,5.001155,-0.4368115,-1.4853463,4.873502,7.867547,-9.377596,2.8631535,0.8136503,-2.630506,-3.5482664,-1.3687233,2.0492134,2.586203,5.691246,4.4770694,-0.67428654,4.807715,2.9619029,14.581448,0.7691107,8.160359,1.3935609,5.1055775,7.8374314,8.194728,-0.6532397,-1.2742966,7.386801,-3.3233085,-2.1810136,1.9969974,0.44519588,-1.8637936,6.5786433,-3.2250319,1.4282297,-3.874848,-6.6027074,0.82185405,-2.438397,-0.9353996,-3.3328176,-2.5672526,-0.57764554,1.0282732,0.4110149,-0.538058,-7.734197,3.9834576,1.9906467,14.11639,1.9088863,-3.494617,0.57074326,20.985983,-1.6625445,4.157576,5.7220697,2.8867815,-0.18201776,-3.911061,8.257436,3.0059018,1.2995874,-4.04939,-1.5684718,0.12240442,-0.30208647,-4.476485,-6.1343427,-2.3708935,-1.3303894,-1.3086865,3.9418287,1.799943,4.0488467,3.6932147,3.7556708,2.125085,0.05159291,-0.13140872,2.0590057,1.5262846,-2.8533528,8.263002,2.668788,3.0070136,4.617753,-3.2244432,-0.97201556,4.444933,4.392907,-2.4360259,-1.7083914,6.9960556,1.965979,3.559187,4.3027124,5.7580357,10.079749,-0.3691351,-1.7373409,5.1702943,0.19472237,-0.13508445,-4.5126014,3.7961738,-5.970646,15.798219,4.668654,-1.6006021,-4.958984,1.6615026,1.9238783,-1.0651128,2.9841874,2.5749283,6.109962,5.8671947,-0.26037574,0.21151929,0.57401866,2.2067115,-5.031273,-8.605541,0.7380864,6.2991896,2.0745165,-2.7580917,3.8371866,-7.413654,0.3640181,0.32848266,7.4422393,5.447868,-11.322306,3.0580893,1.5849768,5.8427596,5.1374965,2.837826,-4.18049,-5.729557,-4.731873,-12.030012,6.792053,1.8399814,-7.158975,-2.869764,-10.345958,5.3790393,15.500148,0.8119493,3.1321976,4.766435,0.6053848,-4.359937,-0.3507914,-1.7660838,3.113965,-1.7464976,-0.05408275,-1.398513,-1.5212079,2.2558012,0.6066348,-2.2021122,2.3895638,3.3330233,10.247483,-7.779894,-8.302992,-0.994629,-0.77759874,-1.445492,0.86197335,8.156129,-3.2936206,-3.5285046,3.5576794,-5.7780447,-4.0652227,-4.0145893,-1.3914908,3.7970152,-3.0209415,-2.7643557,4.201591,-4.8868732,-2.8994722,-5.685611,4.01601,0.4647027,3.8724194,-1.1090006,-2.1548834,1.8059024,-2.9265087,9.143468,3.9266515,7.5454493,3.548222,0.24556617,1.8580997,-8.207195,2.1192985,4.8675356,11.104159,-1.3757257,2.5356057,0.11318888,-5.0651007,0.67952555,1.3980622,-1.047271,0.71470934,-1.3424286,-0.3101943,1.7024556,1.820906,0.6900945,-0.652789,-1.4702209,-1.8556489,-1.6758714,-3.6969712,-2.171576,7.847731,11.646479,-0.848842,12.386946,5.631651,-9.658883,7.0370507,7.0453806,4.3526607,-2.8880944,3.2458718,1.6903602,-4.2225766,-2.8734052,1.0707358,-1.8960098,-2.0446975,-3.11538,-0.8844519,2.3948016,-2.3493292,2.5101597,1.775813,-10.4664545,-0.9412356,-1.387138,-1.0631207,0.7795116,-6.189533,-4.1670146,1.1261615,3.3677545,0.0,0.3853536,5.103594,0.6102971,3.4671535,-5.351767,4.0347075,3.327363,1.4871036,-2.2683134,0.27045932,-2.8198066,-3.345104,-12.829949,5.8400917,2.0971603,-2.7914703,5.8802943,1.2367892,6.6499667,3.7087119,0.24775681,11.235279,13.90677,-0.5141273,2.8265746,2.205312,-8.52887,-4.3101406,5.2221327,-5.404686,-10.898168,-2.6747081,9.150594,1.2861782,0.68637025,10.8259325,6.3841863,1.0387155,-8.940252,-3.1189544,3.1726553,0.070302494,-1.1026078,-1.3051819,1.697045,2.0508842,-2.426067,-3.4685888,-5.7424235,-0.58167344,-3.7117155,-1.8944423,-2.278117,-5.7091923,-2.8049002,-4.718108,-0.13201681,-1.8330526,-0.4200587,-3.3522687,1.6028743,4.8151536,-4.7130957,-4.6896157,1.1756461,-1.9043508,-3.794685,0.24403441,-1.8634237,-2.1853452,-4.1085167,9.129883,2.7881424,-0.6167751,9.626585,-7.5984573,-2.315104,-5.3058543,9.319994,-0.6649038,4.2688794,1.9120061,4.9124827,-0.17460337,3.7547345,2.5444765,2.8622289,6.2638235,5.619125,6.859069
17,-4.358721,-6.6449795,3.074868,-0.98928916,-0.35497072,-1.1449467,5.62582,-1.2527341,-2.9246547,0.3593589,5.9299345,1.395931,-0.5541277,13.153403,5.5368137,-6.8826003,6.5002966,-0.37610316,-1.9677465,0.22970077,7.5959134,1.6282815,-3.7706425,5.2798586,2.5688126,-5.6926074,7.7706017,-3.2281048,17.44098,7.5461845,13.442984,-0.0059442106,2.340641,0.17421499,11.207319,0.88115066,-3.523399,0.22825505,1.6734501,-8.060534,-8.235715,3.8172653,-3.4407663,3.7847655,-1.3671875,-1.5246848,0.09564311,-0.54712933,1.5335103,3.0871975,-2.35379,0.77818036,5.7456846,-0.043881208,0.18763532,-7.805277,-1.0017539,-2.3404818,-3.4770553,-3.4321122,15.76531,1.175155,-4.253792,1.3869262,20.37935,0.7666248,1.8762852,4.628824,-1.9242533,-2.5421216,-4.7064776,2.1297662,-2.8861883,-4.8804092,-3.0553186,-4.8981752,0.027527796,-5.6355953,-5.803039,-6.5653825,-6.423421,-1.7505299,-9.428909,-4.9468093,3.2562687,-0.6997583,-1.5328078,3.8981342,0.0486411,-0.044110917,-0.101266384,-0.10782501,1.6392888,2.0313876,-1.4607881,1.536314,0.6026958,2.9313834,-2.9975843,-2.9501803,6.086368,3.2128527,-6.749303,-7.6450853,2.17217,-5.672428,-6.1257477,-6.7658978,-9.251418,5.222716,3.8508468,-3.5129545,-3.5804105,-5.216622,-0.14224547,-1.4510914,-2.1809373,-2.040512,19.817797,-3.8196099,7.3822274,-3.7015436,0.2555546,-7.1333222,-2.0768974,5.912464,0.2417289,7.8123,-3.3979456,-7.1693745,0.52461576,0.1928068,1.5714706,-3.042667,2.2474039,1.8938365,3.3110723,0.77442956,-2.7411096,2.26997,3.53241,0.16550069,1.2703084,-4.29727,-0.22987738,1.8834865,-1.8792577,-3.4135518,0.7682037,9.107348,5.913051,-0.90666366,-1.8825938,1.3933734,0.45961204,2.0273414,-5.778633,-4.153469,-3.0644252,-5.428408,7.2483544,14.103623,4.2556295,-1.0755154,-2.681038,0.8258681,3.6861014,5.3505497,0.5722551,5.877589,3.9648302,-0.12736465,-5.1522346,-1.3192161,-5.8251414,1.0345172,2.0012472,-2.793394,-1.6153122,-1.2504126,-4.519586,4.0757074,-2.1264558,-0.25261426,-1.4031345,0.50968647,-2.1772256,-1.6388724,-3.4804597,-3.2915335,-5.3389153,-3.9330902,-1.0592904,10.186716,6.807294,0.75772345,1.4673375,0.6922051,4.819418,-1.6608607,-1.4913768,3.6085248,2.533518,3.9342608,4.074188,-2.2930248,1.2893299,-4.5320272,4.2952657,13.739174,8.17067,-1.706992,-2.2015243,6.129331,4.4194646,1.9902805,-6.1083436,-0.07150282,-2.2609985,-6.170034,-1.7684076,-3.2552896,-1.6693653,0.8818585,-4.262128,-0.0071520205,-2.6485336,-7.423055,-1.4764813,0.5408101,-0.024768306,-0.23345378,-0.55347556,0.009855763,-0.5680826,-8.107974,-1.6890086,-4.08319,0.18152227,-7.1996636,1.5111558,-2.3908627,-5.131879,7.417038,9.92003,9.327555,-2.2609305,0.3069442,2.7716625,-4.446011,-2.655668,3.4113019,-3.4014468,-7.616511,-5.4637775,0.8444458,2.220176,-1.7830148,-0.5240513,-6.093177,-9.177354,-3.5516925,-8.635848,-6.373153,5.680966,-5.8869925,-6.303401,-1.0225148,4.3986144,0.0,0.5202586,3.2454154,-0.39077112,3.906615,-6.7708826,1.6329081,1.0078197,1.8069341,1.6889559,-3.6870728,-6.450251,-5.0269494,-15.188102,0.53673005,-0.7541635,-5.5200076,-2.9611557,-5.448569,0.1370988,4.9207487,4.646402,1.2875265,0.4370143,-14.377903,-8.579503,3.606768,-6.3280497,4.140336,8.44364,0.6577153,-11.104725,-1.3330996,4.8619256,-2.1769404,-1.9190199,10.928932,-2.5237627,4.340341,-1.3399138,-0.22214119,2.0777814,2.2916296,0.33539394,0.9118734,3.9045362,-1.014557,-2.318981,-3.1085453,-2.0976095,-3.17984,-1.1160299,0.37700227,4.315833,-7.0995317,-1.2029312,1.1083773,0.7477722,-2.4083097,1.1221751,-1.2330036,2.8686993,-0.80536103,2.9513545,0.71866333,8.640325,1.6237379,-1.448677,-0.058754098,0.41586426,9.764049,6.971531,2.0771434,0.86938995,-3.8758092,13.031947,-1.4808612,-0.99262726,-7.8781857,7.3993435,6.3070965,-3.2582054,2.3690617,-0.061468553,-8.024636,0.73107,6.146832,2.0125391,6.2695622,-4.625728,1.0267204
18,-3.5965548,-15.14585,2.291231,0.5299536,0.4725509,-0.88006073,1.0042875,-4.539539,-1.9818765,-1.7918518,-5.6631083,-4.4962516,3.1087456,7.5448713,2.3070035,-7.093795,-4.2764244,6.1200614,2.5916193,1.3041067,2.8932126,-4.6358953,-10.014981,-11.648655,3.162259,-6.1471076,-1.0168496,0.94678456,-4.880809,4.9021907,14.67765,-5.8186383,23.611166,0.9609624,2.7862616,-3.048069,1.9417466,-1.644918,-0.78189164,-3.6243613,-6.2721753,-2.723478,-4.4376674,-1.1201509,-2.6276398,-0.26464725,-0.96716017,-0.67952204,1.0517834,2.2057955,-3.9072232,0.012924866,4.232191,-0.9944451,0.32022834,-8.980629,-5.489439,-0.29894266,-9.867839,-9.123867,6.6583157,-5.0068207,-7.88186,-11.882288,13.967594,-1.5468278,1.1848865,2.9798534,-3.0983443,-2.4235673,-7.0769253,7.668817,-2.5457153,-6.0392036,-9.901104,-3.6699147,0.0044909692,-12.2592745,-11.428022,-11.284072,-11.357662,-3.7749634,-14.147872,-7.017887,2.2946408,-3.7736905,-0.7849294,4.0081296,3.3584163,0.008000661,-0.56479514,0.6081731,1.7258145,-2.6883526,4.5937996,0.8706051,-4.0542374,-2.4709535,-4.915114,0.49248883,2.3387065,-2.036887,-8.146092,11.293619,5.8032374,-4.8661265,-7.285316,-20.035128,-11.933427,1.2415981,-2.8463695,-7.915945,-12.724852,6.5189414,5.6058426,-6.7620773,4.7202644,9.582787,10.529244,-0.70075184,-3.2304676,1.0662671,-0.56670713,1.7367064,-2.4541743,5.1163425,-9.020336,3.378315,-7.1738396,-6.7263875,0.19130978,-0.70382583,-0.14565317,-0.56740564,-4.2465878,5.4150763,-3.6967688,0.57092655,-3.3311756,-4.792749,-1.1944909,-0.05366514,3.4284108,-1.8860717,2.55186,-3.9192173,0.18565983,-6.3984265,-2.330342,4.5420456,2.0831852,3.677511,1.9346824,5.5438213,5.3507943,0.49601692,-9.027515,0.2110319,0.14553265,0.03459188,3.4972389,-5.803834,5.8858624,-3.5221682,-0.12256367,2.078509,-20.665192,-11.210796,-6.5216165,0.22645445,-0.6387378,-0.046371102,-7.5332794,-1.3004018,-5.1309233,-9.156562,0.85132694,6.9775734,-10.299945,-6.8548913,-3.708483,-5.6861405,-0.8801947,-1.3114806,-3.618077,-3.8464608,1.7426456,0.86501396,-4.2936144,3.0361362,-6.9391055,-4.02608,2.6151447,14.272393,11.050922,-0.14722411,1.4689463,0.6568698,3.364701,-3.0264146,-8.3911705,-7.7651057,-1.1809058,-0.00063966925,4.6186233,-6.0975842,-0.1689768,-0.2291179,2.7733676,7.9871354,18.457497,-7.500892,20.41103,6.179138,-1.9608183,2.6489823,-0.34572044,2.8336952,-3.047776,-7.099152,-8.0644045,-2.4403589,-4.5418477,-4.7950697,-3.614253,-2.1120045,-0.3833981,0.4440694,-1.8080552,-2.7969017,-1.3383659,-0.6615175,-1.0548391,-0.055411898,-1.2028967,-3.793209,-9.11389,-19.297506,-9.145702,-9.926361,-3.5830007,-6.6059422,-2.9511456,16.980648,7.9262996,8.285311,-1.8442554,3.2222016,-5.559734,-6.6234274,-2.2467582,5.1452045,-5.198498,-2.130507,-0.92597836,-3.3531036,0.9146805,-2.0094645,0.63156706,-1.1909474,-14.497707,-6.1845326,-6.3331966,-4.535111,1.6417849,-5.9809155,-4.841755,2.3337655,-0.6380031,0.0,-0.12908185,2.3411186,4.076968,-0.78749686,5.572107,-3.7063308,-3.7102973,2.030765,1.9436326,-0.17743984,-4.044558,-9.12745,0.4837341,2.382189,2.1791208,-5.231553,-9.275182,-8.787161,-2.1616914,-4.7849555,-3.7885618,-5.9906683,-7.4885297,-13.493314,-4.7894125,-2.396494,-2.9810145,1.1937504,18.380375,0.9277276,-4.7694683,3.0701945,6.362223,-1.9517798,-2.7516344,3.4792666,8.123769,-2.0704896,-4.6689906,-4.8925104,2.9846845,-2.3795488,0.08838136,0.9104582,1.1503682,5.2786074,-3.9139855,0.0152765745,-0.33785892,-2.4290245,5.9831157,1.9702522,5.324085,-7.622024,-0.49142402,-0.29048422,-1.901104,-3.400871,0.8805591,2.3393416,3.9744413,2.8362777,2.8349783,-5.641442,17.872747,-6.680981,-1.4330779,-1.7022953,-3.6019301,3.948646,-0.070390485,3.4950817,3.1491983,14.166794,6.1666455,-0.739974,-12.595556,-5.162429,1.4579582,5.2661214,-0.13128495,2.2867358,-8.917293,-10.794596,1.2011682,-4.941623,1.550496,4.9991827,-4.2782593,-4.728636
19,-1.6950903,2.4711132,4.1132355,0.015585505,1.2026109,1.5334389,2.6115355,-0.3847724,-1.1114857,-1.4273417,-6.3621893,-3.2288496,3.1744075,-5.4531927,0.72671485,-1.9725994,-2.0913587,0.7600074,6.3698263,0.44956085,2.5911727,-1.7864105,1.4120564,-3.5747778,3.173038,-5.741341,-1.0629085,-4.011352,-7.907462,5.4708796,11.470594,-11.385163,9.117931,2.349261,-1.0198137,3.6761932,0.07924614,-9.712717,1.9029461,-1.537603,3.3873594,2.3698769,-0.8679794,-3.8759365,-7.503352,1.4168093,-2.639824,0.11449137,-0.32566023,-6.9880652,-5.111056,-2.9060855,2.5427184,-1.2759739,-1.4541255,-3.5660257,-8.017413,-0.49027708,-7.3068666,-6.9651275,2.5586374,0.1562317,-8.017608,-14.462511,15.8623495,5.9460454,-3.0926957,2.3950608,-2.2011943,-0.17188981,-5.025362,2.4186866,-5.5670652,-7.120876,-7.6243644,-4.57789,-0.14108683,-9.651418,-15.682931,-23.78625,-11.354294,-4.0379567,-11.508031,-4.994337,-3.8833156,-3.9744225,-3.721082,2.532102,1.9429469,0.12606722,-0.4051441,4.3073087,-0.58792466,-5.3451276,3.4280407,-8.531081,-5.1767864,0.9390506,-0.32960314,-3.458381,-7.271722,-3.1652231,12.324034,3.7858746,-7.0572968,-4.7703905,-4.070248,-13.328203,-7.6919045,2.7597117,-4.3086333,1.3158534,-7.6969295,-17.716951,-7.6790032,-6.848053,0.56694084,8.029012,26.776825,1.193178,13.911805,0.99256235,-0.520357,0.648164,0.033134464,-2.8754098,-10.103181,-1.8002616,-5.049779,-13.865994,-0.46783787,-4.8217115,-0.4838914,-2.9985611,0.15158607,1.8618325,0.47207138,-2.0969627,-3.424151,-3.1108878,-3.4425995,2.6640918,-2.6313927,-1.9165232,-3.0669203,-0.4435686,1.2648469,0.004668575,2.2284644,1.9027284,1.8574803,1.3141282,-1.4781519,6.285126,-7.217812,2.9453614,0.3695718,1.1503559,-0.8140326,5.505493,-3.0125918,-4.1076865,0.23855557,8.560339,5.9694037,7.332123,1.5000893,1.1928816,-4.353789,-0.17955601,-0.7540069,0.15611397,-8.125596,-7.4873037,-0.75345504,-15.217774,-2.1166103,7.7642093,-7.3825836,-9.12452,-2.3196578,-3.758076,-0.91781604,-0.56702816,-3.5691833,-2.4289172,0.7897399,-1.1726875,-3.8563986,-1.1924279,-6.4930687,-3.9565887,1.7562845,10.442386,5.261553,-0.5011132,-3.5817378,-2.3471324,3.9344614,-7.1853905,-6.4940233,-7.352901,-1.1879396,-1.0155412,-1.0829401,-8.224438,-5.8631926,-2.869001,0.04106518,9.372945,20.19934,-12.176545,25.708755,-5.025281,-1.2201228,4.2422376,8.066823,-1.1916837,0.2721737,-2.96931,-3.7153816,-3.7017548,-3.7754178,-3.0172489,-2.3970962,-3.5307233,-3.9134023,4.4094186,-3.186499,-0.4805637,-1.3920033,-2.9731886,-4.9338064,-5.524741,-2.3439913,-6.049147,-16.238821,-25.759054,-4.808909,-6.2262154,-1.1863261,-1.3994596,-8.433227,15.523841,20.788275,2.3209152,-6.3505816,3.023609,-2.2353547,-5.2278957,-2.6694772,5.9862485,-4.387972,-10.909657,-4.706309,-1.4051448,1.0804541,-8.206143,-4.3569965,-0.6538042,-7.688125,-2.9845202,-4.998633,-4.733159,-0.26939416,-3.966693,-1.7597146,1.2322768,2.8962393,0.0,0.9096549,7.593401,1.0811669,-0.4444787,-4.0042787,-3.1899934,1.060319,-0.40625393,-7.880675,-8.765672,-0.088591814,-9.161658,10.016782,5.7726626,4.109166,-3.7415855,2.216193,-10.680501,0.6482937,-7.2757564,-2.9542496,6.4615316,-7.646364,-10.170181,-8.061116,-4.821408,-4.6424646,0.59666,9.864125,9.361467,-8.967887,5.171769,7.112015,-5.918457,-4.1205907,12.72355,-3.2618356,-0.7343368,-2.7858253,-3.842972,-0.8340867,1.5480484,-2.3495314,-2.482286,-0.6712512,-2.3480804,-6.848062,-4.953498,-3.0456605,3.2747977,3.7213926,5.3612556,6.082262,-11.429386,-5.32204,1.0576327,2.0972607,-2.9533346,-1.5788993,1.1704298,4.644576,1.6095971,3.6414194,7.713371,4.72604,0.36251712,-5.7506027,-5.764842,-4.9053493,5.3678603,-1.9141642,-3.9756947,3.6365693,12.598805,7.97775,1.8777133,-2.989123,-12.351994,7.269598,-1.112604,-3.2523391,1.9053725,-4.164923,-7.0528903,-3.3353992,2.2775736,-2.2262056,-3.8106227,0.3517968,-0.71604717
20,1.6904831,-16.837711,-6.8972883,-0.2811769,0.34748325,-2.244836,0.3223729,0.5838882,-0.45512542,-2.3348837,-4.8336353,-3.46928,-2.8783214,-7.643094,-7.18683,-9.261746,-10.107417,-8.21185,5.2858615,5.6324406,-2.4067857,2.9272258,-4.830819,-6.503103,1.6441185,0.9818266,-4.726297,2.9621499,-12.572553,7.511849,1.8424363,-5.3190145,10.288372,-3.7791526,-9.174198,-0.8728457,3.9365096,-7.4677095,-1.506771,-0.18681662,-3.1959689,-5.640866,-1.0407898,-3.7070954,-5.7084813,-0.8053538,-1.1748731,3.7753386,-4.405556,-6.3592587,-2.1303835,-0.37316135,3.4099069,-3.1935754,-2.5798855,-0.30043444,-4.233489,-5.5070214,-4.7527394,-6.5044556,2.653527,-0.5864434,-1.4520918,-7.284494,15.8711405,0.7570717,-1.1258001,1.8740159,2.378747,2.1897771,-1.8503412,0.43432903,-5.8310523,-2.2499564,-5.5546737,-0.51518804,-0.004474606,-5.2664185,-7.880739,-14.227236,-5.305114,-0.05645314,-9.108198,-7.951131,-5.584022,-3.6770353,-3.3720963,4.4445047,1.9175166,0.007898163,-0.16544455,-3.8401082,0.096008435,-1.5215297,-8.686032,-3.9942105,-4.6221724,-0.37758476,3.6094437,-2.4706612,-12.926915,-2.0750544,-0.6480391,-3.7404182,-3.732561,6.4667244,2.1366353,-3.170142,0.8875151,7.178863,3.1351256,-1.8454068,0.32145336,1.997196,11.590816,-1.7995046,-3.3419452,8.1191025,8.1137085,-1.0498791,7.1273856,1.516185,-1.8726563,6.399893,-1.874052,1.4600644,-10.015228,-6.717629,-7.1911745,-8.159444,-0.4711618,-4.310897,-1.4578913,0.37536445,4.185367,-2.6427896,-5.9451222,-2.706417,-3.4746022,0.49742186,-2.2231321,-0.2747927,-2.5309691,-4.316406,-7.874053,-3.2699182,-4.916776,0.98969436,-4.6427674,-1.1648358,1.3597568,-5.464499,-4.7387085,-4.515407,-13.67581,-7.6640377,-7.1405497,7.7632847,-2.953936,-0.14608946,-5.0509076,-11.42863,-0.9728265,-0.5352226,6.7313404,-0.05865917,4.9014597,-10.358619,2.49833,4.3125,-4.141723,0.31802753,9.385938,2.3934288,1.1582425,-2.066643,0.8678229,1.951733,-6.6601624,-9.132266,-0.9683039,-8.813295,-8.42218,1.985532,-2.567751,-0.12490597,-4.499504,-1.0143584,-0.87969893,-3.3338115,-1.8780125,-4.486436,-2.6495564,5.4193535,-0.82771933,-0.9534859,-2.155159,-5.0456767,-11.532916,3.4773889,-0.42560795,2.6110191,-1.2086673,-11.498712,-0.14618587,-8.021315,-1.4056573,-3.37165,-5.001099,5.7937937,8.136418,-6.7399096,26.894964,-5.759172,-2.0486014,3.1086564,3.5266912,-8.069988,-0.22796482,-2.8166742,-6.7470975,-2.0206335,-3.699675,-4.2761374,-4.0029607,-3.581526,-1.8648152,1.0176165,-4.760793,-8.152034,-1.3198568,-6.03325,0.9540045,-4.97466,-1.5803404,-2.377434,-11.071233,-18.59312,-3.908527,-6.293569,-2.15247,1.8064846,-3.7530415,8.658741,23.866806,1.3770785,-1.2989532,-2.625138,3.568815,-4.2314477,0.17048036,6.756585,-3.729351,-2.2510414,-1.4233311,3.3145137,3.9666765,-6.6016855,-9.305469,-9.901928,-1.0120568,-5.4001594,-2.4020543,-2.2631059,2.243621,2.4910555,0.007990286,-1.4723217,2.549666,0.0,0.11858337,0.7643352,3.6331875,3.458755,-13.7122345,-7.704555,-5.331494,1.7556491,-2.7789273,-2.2952497,-4.745104,-0.535408,-6.5740967,-4.764588,-0.10208455,0.9006445,5.6916013,-7.590054,-2.8266346,-3.4510818,2.4366894,5.028979,-6.615783,-7.312889,-7.1201186,-6.220773,-6.2914486,-0.52698046,2.71262,3.9419894,1.5977933,-0.34902343,3.3072078,-0.9926153,0.6815328,-3.7336786,-0.0058312295,-0.6528502,-4.294057,-3.128849,-0.62351274,5.8122807,-2.5503955,3.4959683,4.9044433,-8.075659,-6.9282346,-6.5758104,-3.2601564,0.45538202,2.6603875,-9.7455635,-3.4177122,-12.227733,-10.2315,-3.7335975,1.5840372,-3.8349698,-7.7701473,-1.1834061,0.4294326,-9.563081,-2.9051545,4.975931,2.8047826,-3.6169837,-2.5156162,1.9523587,-0.2312581,-2.3770175,1.9329048,-1.743205,0.99846447,0.7017836,-2.7898915,-0.10382632,-5.5979495,-3.6515803,7.443923,2.307896,2.3542857,3.3832548,6.3193684,-4.228875,2.1428328,-2.802998,-0.76902634,-4.263766,-0.4788123,2.0113156
21,-4.292014,-13.457483,-15.502587,-5.1858683,-10.302029,-7.270784,-7.7250853,-0.90988743,-1.1075364,-1.3916309,0.36560333,-0.315788,-3.6715984,4.6419477,-11.616443,-9.6711035,-2.2864254,-15.198665,-2.521258,-0.7332037,-6.4064193,-3.0718887,-3.9563339,-3.4315517,0.32567123,-1.2270849,-5.1330495,-9.1863,-7.3377986,-2.8531208,2.4635615,-8.324759,11.284849,-14.512571,-1.024186,-1.2692316,-4.5342474,-2.7659705,-0.43761292,-9.377271,-1.4465868,-2.236784,-5.8157415,-0.54658383,-6.2907653,-7.2522016,-2.5727086,7.170717,1.0476081,-7.0130644,-0.86749214,-5.340083,0.46109304,-2.0214384,-1.9209609,1.730918,-4.508065,-7.324144,-0.82874936,-1.8203772,7.6013145,3.7255359,1.3660115,0.7131824,22.685902,-2.4602869,1.5780402,1.8328846,5.0805373,1.9891895,-2.813379,12.1109495,5.0418315,2.3774135,-1.8600227,2.1300738,0.36231166,-4.646347,-2.2232428,-0.039492294,0.5005477,2.2951448,-6.288635,2.7812803,6.6370196,-1.2376624,7.2283998,3.7236745,4.405116,0.0999949,0.016350219,-0.4309259,2.3745222,6.814844,-4.503435,1.0679018,2.5413508,1.0008432,-0.38807136,0.16710725,-12.132672,3.6702254,-21.838243,10.303875,-3.1149745,1.2332059,-3.0031853,-6.155318,-0.3305181,-4.423628,6.1136427,6.0940933,3.3692572,18.62035,12.619319,-0.45647827,-2.5904078,3.000727,-9.036476,-3.0051563,1.4390571,-5.7798886,3.9931452,1.6683091,-5.9447284,-6.528262,20.571974,-6.610868,-8.416224,-12.990344,-0.49751982,-2.4937935,-4.054356,-3.0866432,2.8197265,-3.0590742,-3.560768,-3.9896445,-9.58543,-6.15808,-5.5634193,-5.96614,-4.2094984,-0.859067,-4.068433,-8.005007,1.6245462,-1.6734948,-4.958386,-3.7910469,0.7825073,-5.1713104,-13.755718,-11.156191,-8.907739,-4.57002,-8.4214945,-9.743594,-1.9777323,-10.619037,-4.1513705,-9.882383,-6.332746,-0.20108995,15.307074,0.30826107,5.5955606,-14.416706,2.1957526,7.446809,-0.57442844,-0.24138734,-0.4982664,-3.641752,-1.566115,7.007375,-3.1956346,0.28426296,-1.0079793,-0.94241637,-3.9155297,-11.801835,-16.444584,-4.935218,-6.8440547,-5.207317,-12.181299,-2.9096203,-2.6348114,-6.3373284,-6.086851,-6.6502614,-5.7286696,7.734322,-7.13599,-9.490697,-6.538718,-7.8253508,-2.8973773,-0.66519606,1.1232747,4.082653,-11.280915,-3.9421182,-2.2687528,-3.5831027,-4.2975287,-2.9914062,-5.178994,-3.0561485,2.845589,-12.31579,25.17684,-5.4008403,-2.7460995,-6.941277,-0.2594226,-4.3878016,-3.2097719,-7.3490314,-1.595198,2.5954688,-3.9469426,-5.890036,-8.6515045,-12.251811,-6.7755685,-9.529388,-3.0154316,-4.626306,-3.142662,-5.5690527,-2.7466297,-5.2767897,-2.6970997,-1.5448358,-7.2046485,-5.4631705,-0.9622581,-3.6174185,4.957953,0.57997584,-4.2903175,7.8646297,22.077452,13.721136,0.06337144,1.7368423,3.5483077,5.566395,2.4442222,10.878406,-2.5214417,-2.5231857,1.9026707,1.8096892,6.958449,-6.0800395,2.22248,0.34725422,-3.682914,-3.3953955,0.7914477,-0.9649907,6.663784,-3.176573,1.1290861,-0.49479854,5.5138993,0.0,0.4951877,3.117728,-1.275979,6.6565723,-6.4625573,-4.093171,-4.6003547,2.6852915,-0.39957282,1.4952286,-0.7247744,-1.7805507,-13.287771,-12.045175,-1.1557609,4.8367677,-0.7268239,-13.1173935,-5.4889956,0.8258764,2.4308207,2.772559,-3.3872356,11.125732,13.18601,-3.7728336,-9.248795,1.6208855,-12.522763,-4.2244983,-3.4374819,-2.7185302,-0.31303164,3.6161969,-1.3751924,6.718169,2.549903,-3.9818974,-6.4497557,-4.7020345,2.0734868,6.6450267,-3.046218,2.4101021,3.0952597,-3.2270925,-3.139009,-3.8059483,-3.3826365,-0.074256085,-1.0691465,-12.885792,-5.3311286,-5.680981,-8.07479,-9.389154,-2.5495858,-3.8805332,-3.7540915,-6.389748,-1.6809708,-4.530005,-2.4473057,-1.2937472,-7.791421,-10.122862,-7.702501,-0.47725552,-6.6202273,-7.416118,-2.34341,-6.054792,-5.480875,3.7292469,8.186583,-0.023439163,5.0078793,1.0788102,-2.0112844,7.037198,4.637006,2.739051,2.7638185,-3.8720882,2.1363232,0.29173064,1.856552,-0.03824559,1.1530596,4.3074102
22,-7.206117,-0.40879682,-2.7856932,-3.6876924,-4.103324,-3.0816777,-6.8550324,-1.0210717,-2.4282587,3.343841,-4.765529,-2.9130626,-8.338255,-5.624108,-1.5860697,-7.333394,-5.814058,-1.1435632,-13.664458,-4.4968886,-6.8161564,0.58492315,-1.8824912,0.12213035,-1.8621049,0.11229405,-3.6617887,-10.904303,7.1886344,-1.5348731,4.612459,4.682936,-3.0610926,4.742289,8.136254,2.3827333,-2.7204485,6.9170575,-0.9594468,-1.2716614,-3.5894918,1.8411083,-4.1677938,-1.7396624,-4.0599146,-4.349722,0.76656926,-0.8130464,-2.4677157,-7.1013613,-4.3604226,-0.96353453,-2.726842,-4.4040017,0.445029,-0.798154,-1.837995,-2.3724508,-3.3095543,-1.0407516,3.4666135,0.98640203,-3.0007348,-1.3752106,7.7626295,-0.36350423,2.870732,2.7417867,3.0222814,1.1888165,-10.395511,5.9170437,3.463047,-0.47033307,-0.6907693,1.6373045,-0.54944223,-7.889042,-6.8945603,-6.7232533,-5.4925914,-10.644427,-5.846402,1.4359895,0.7959192,1.1879929,7.9483027,1.7681066,-1.7231257,0.023528473,-0.09689433,4.4824033,2.3276837,2.986066,7.119947,-3.551975,2.6249917,5.4241695,-1.4394401,-3.3556821,0.02584458,0.28133965,27.815233,-8.108719,0.50063574,-4.5369134,-0.46804282,-5.324039,-5.450804,16.042398,-0.15341857,3.1047118,2.2454965,10.710349,7.13914,-4.6166306,1.6537261,2.0147562,5.7298584,3.5867007,-8.331048,-1.5579743,2.0771108,-1.5708076,-4.8524075,7.280608,-3.3833518,0.67520285,-8.448279,-12.299029,0.031234128,1.7047077,0.82373405,-1.8351765,-5.6020336,4.505473,-2.65318,-5.229133,-8.397163,-1.4955012,-2.5847964,0.27272016,-2.610404,5.5463243,-3.5178604,-4.164502,-0.9809779,-2.1799693,1.3318653,-0.58412397,4.0021167,0.5700189,-2.6365507,-2.7944071,6.6640553,-8.534675,-9.085664,-5.310063,-6.808319,9.066033,-4.79609,-2.2433279,-0.28253153,7.1275935,-0.41054755,1.6941439,0.2902056,-1.9640876,0.42244232,-0.536473,-4.6587906,-0.22225764,-0.8594685,-0.5284798,-2.2638035,-0.64543575,0.41535124,3.5123873,-4.60436,-0.9786766,-5.606437,-6.597739,-9.377032,-4.9713106,-0.21727419,-3.3596857,-2.0145686,0.28801385,-2.4052367,-4.454987,-4.0394173,-0.6370294,-7.6640916,-13.438519,-2.05498,-6.7027264,0.045477334,2.393594,-7.675776,-3.6734245,-6.58969,-5.0995126,-2.4390235,3.216834,1.3018222,-2.5322206,-5.8162303,-3.567323,-2.7920425,1.665696,10.388295,0.066771634,6.394961,-6.9830613,0.43089095,-0.2782568,-3.526299,2.7505972,-6.632122,-0.11882827,2.9101079,-1.8070468,0.6851823,-3.3019936,-2.3364837,-5.0097504,-7.140167,-5.5455384,1.330316,-2.584177,-0.6394462,-4.033407,0.14929003,-3.8241901,-0.13882042,-2.4059074,-4.629363,-1.1326455,-8.383697,-1.4503822,6.0156703,2.3229697,-5.391221,-2.0049005,-0.197758,10.725322,-2.8279989,-2.4796019,-1.4275517,-0.8171407,-4.2966924,0.8219347,-3.846822,-2.9307811,-1.5269816,1.7937323,-0.26303992,-2.4082687,0.07351602,-4.4092846,-7.0991797,-3.4905643,0.510219,-4.302493,-0.20206612,-2.0920749,-0.78695023,0.76486295,0.6561441,0.0,0.45612124,5.177508,1.4498609,6.585428,2.853874,-1.3378161,-4.2239676,0.77450424,0.7466952,1.01809,-0.9427071,-4.7534895,6.7466483,-1.0527965,-2.728961,0.2862162,-10.5300255,-6.6587577,-1.2333716,3.9868052,2.389883,3.366568,5.423309,4.861776,7.3026023,0.47744235,-2.1889505,0.8140999,3.5225508,3.550689,-12.389158,2.7998514,-1.0039742,-3.1647906,-7.1187873,11.505385,0.28084302,1.2204188,-12.429495,0.019519813,4.9134107,0.6513033,-1.6154022,-0.88699645,2.4593806,5.3534226,-2.902259,-3.6077883,-5.528848,-7.4896135,-2.2047627,-5.272758,-1.289492,-12.167083,-2.3365846,-7.6842732,-0.24279702,-1.0087187,-1.5761058,-2.4273703,1.7830156,-0.61755717,-8.993444,0.096863516,11.097326,0.56397134,3.1638331,0.60505134,-5.452745,4.375043,-2.416784,-1.1572888,1.8553878,0.79213727,9.443198,1.4249486,3.0716395,-5.3598914,6.3157454,0.48029953,-2.881708,4.845929,-2.0312257,-6.9617486,-1.356834,-1.179328,3.5557714,9.042265,-3.265488,-0.17756267
23,-1.9453361,6.0316525,3.83596,-2.1601303,-1.0061735,-2.008256,5.6482944,0.29995328,0.79484075,1.561261,-3.4438484,-0.46124548,-1.5187204,1.8306779,4.404072,-2.536271,2.360097,5.141166,5.181785,1.363751,2.0335076,-7.920322,0.037330966,-0.5083435,1.5594896,-2.3509855,-0.7155914,-5.0218134,-1.235296,3.1644516,9.2633,-5.3359003,2.0848484,0.57129776,-1.429415,-1.5569093,-7.516879,-8.360183,-0.39283594,-3.5818582,-3.0616748,-0.7592356,-3.5389974,-5.178966,-6.0296555,-1.8279992,-0.71304643,-2.4862213,-1.0322831,-2.7977107,-3.2622278,0.6131046,-1.0366626,0.004062647,2.080547,-1.388975,-1.7833428,-2.0940168,0.9209165,1.5861768,-1.6281022,0.120891616,-1.7839067,-6.0780606,2.0945632,0.80755955,-0.6249568,1.3504336,-1.3119432,0.031960975,-3.2803357,5.815928,1.744311,-3.9078875,-5.8369236,0.6263087,-0.34336355,-6.3252892,-3.0797777,6.2644887,-7.2753634,-4.2418876,-4.351529,-3.4226387,-1.9336494,-0.46591982,1.7614274,3.8647723,-0.116995856,0.048204012,-0.13761383,0.63610405,4.5950503,0.6457403,3.2300518,-2.1194434,-2.1511104,2.3739595,1.7897351,2.2937899,2.8316555,6.7300167,-14.327807,6.29475,2.627844,1.3013637,5.4622817,-2.8318102,-4.281134,4.751207,-0.7820062,4.4939394,1.0852616,-2.3514633,-7.002384,-4.823253,-2.983575,8.23273,5.8712487,9.8943615,-4.6823497,2.6993237,0.20377636,0.74337924,1.8041254,12.381134,7.4465485,3.2450144,-4.794575,-6.7284217,0.24815385,-1.1596494,-0.86758095,-0.9584953,-4.4379992,4.28685,-3.082316,-3.5491776,-0.81907815,-2.8871555,-2.7709634,0.30227822,0.20034862,-0.20324422,0.65671355,-2.4130359,2.964188,-1.468596,0.18330678,0.8764188,3.4662232,0.38025314,6.746041,9.07864,6.9796624,3.8217332,0.5420985,0.17149152,0.582363,9.6787815,4.5453176,1.5739424,4.052006,7.036954,6.4374676,-1.8731002,-2.1879241,-0.5719415,-0.18144023,1.8904839,-1.3315282,-0.07916641,0.18513027,-6.014291,2.401398,2.044761,1.0108613,0.59110343,-1.0818455,-6.122152,-2.1773412,-4.0126705,0.65035653,0.6961775,0.35037228,-0.6762376,2.497836,1.3831164,1.328552,-1.3392465,-5.127747,-1.622653,0.9537837,9.393333,3.896127,-2.069961,6.184789,-2.3413699,-3.249138,-2.1916723,1.7544537,-7.6900325,-0.23601376,5.8317466,1.7015411,-0.88685757,3.5317929,-2.0154152,-0.44455257,3.5654755,2.4592967,-7.5518093,7.066861,-1.694974,6.168876,2.841571,-4.097338,0.8659406,-0.5953665,-3.7193036,-7.421045,-3.5802364,-1.5503943,-3.44382,-3.5576065,-3.2566128,-4.244163,1.352663,-3.6997752,-3.081446,-0.0016187872,-1.92496,0.560054,-3.567762,0.58633894,-1.5191991,-9.093311,-11.266161,-0.86458457,-3.2361867,-6.905023,-3.4693666,-4.9193225,9.065386,0.632363,-0.084870465,0.49955767,-3.248883,-0.9989105,0.049217965,-4.546108,1.7092242,-4.262217,-0.16966458,0.143482,1.4191749,2.5325358,-1.6207169,-2.3469868,-8.011573,0.47454205,-4.789233,-1.9412404,-0.6017251,-0.25691593,-2.933708,-1.5674798,2.4398103,0.74230117,0.0,0.57559437,0.24424942,0.4517333,1.9468195,-2.0593793,-3.4088633,-0.6845505,0.591718,0.059539564,-0.13306953,-0.3103356,1.285288,-11.594841,-1.2281969,-0.3021817,-5.3625436,-2.5423322,-6.540535,-4.374586,-0.27182654,-6.098442,1.8229592,4.270437,0.07530446,-6.0252485,-4.4470053,1.6778836,10.507873,6.6278367,2.616551,-0.9083095,3.7752085,6.836601,2.8628552,-1.5394236,-4.291393,2.9189427,2.8425717,-2.558686,-3.1363869,3.1697075,1.4571364,-0.32350087,0.2020547,3.2701871,0.021358063,-1.0243831,-0.7645936,-1.1276339,-5.006635,1.0326934,0.84659976,2.8743114,-4.9311414,-0.6678228,-1.7615322,1.157013,-0.37538472,-0.078772,-0.3031744,1.1243303,-5.702323,3.588667,0.8017681,14.268137,2.1588962,-4.1788282,-1.1835322,-1.531573,5.690282,3.041421,-4.2040224,3.096011,3.3435633,7.376322,-1.4983394,-6.810188,-1.3432713,0.7375669,0.5909208,-5.3581357,1.2900345,3.3049464,-5.775054,0.53157747,-0.66082245,3.4254856,2.5465534,-3.6222117,-6.329109
24,2.3009257,4.9466524,1.4712952,2.132367,4.461672,3.6520133,10.662919,4.5723667,1.7097946,3.3149464,-4.4507256,2.8982737,1.7026212,3.5810504,12.301486,4.2744493,1.5407126,10.808466,1.7104992,9.313108,7.5418234,-0.058953453,6.9046187,9.210059,6.3141294,-1.1708399,4.1707587,5.6249323,-10.182555,3.4518914,6.1388197,4.1292725,5.9150105,-9.463491,5.0327487,2.054101,9.16653,6.006735,-0.76548624,1.7755375,-5.2064033,-2.944043,-1.6283952,-0.70294493,-0.5822001,3.5022695,4.037989,5.1685615,-0.9681187,3.783446,-0.33923203,1.7356056,2.137896,1.9710418,3.059902,2.2575216,0.47392705,17.316015,-4.072047,-0.50140166,2.7052977,5.259239,4.8945365,3.0669742,8.498551,2.4175262,0.57080597,0.8952222,-2.8918898,2.6445456,-1.455279,7.5876255,6.491528,0.89540786,-1.8287092,0.077554,-0.24257702,0.14691582,3.602187,-5.3151407,-2.2343965,-3.5577073,0.9863261,7.4572263,0.42648813,7.6194797,6.054432,3.4931524,1.2819661,0.048662335,-0.0034428153,3.234925,2.1360898,-0.34501034,-2.4960558,1.0887742,2.0649147,0.45959544,1.8037314,7.298728,-5.5517225,-0.21168184,20.581825,10.642394,-0.8973779,7.0925303,6.4465704,2.2855406,1.1291558,-7.3348227,3.6730068,11.357388,-4.7190766,6.5303993,-2.045944,-1.3890005,1.0700428,12.748533,8.513963,1.1130624,0.39468846,7.899158,-0.63261455,9.782437,6.717981,1.7923787,1.095133,3.0142782,-4.2761135,4.0216293,1.0292882,-0.8930277,0.91668564,-0.5465399,-1.5565892,5.6889853,-3.0021212,2.0511239,1.7894477,0.32281825,4.5231047,6.368061,5.35777,-8.840355,1.4952003,6.280086,7.094515,5.2807307,4.4674263,0.019887809,5.172298,4.7318788,7.534863,11.91998,-0.42077106,4.0632644,3.1850119,0.45517397,4.7194705,13.640261,8.879947,9.234992,11.948079,-6.701336,6.447287,6.4314923,0.007620551,4.4048285,1.3451557,3.8236382,1.0653642,0.33258164,9.87816,9.010129,5.694675,-6.319551,1.9045168,1.2637765,3.8378155,-0.3986848,2.3879616,6.141161,8.739047,4.2401085,2.8926117,2.4087753,9.880367,3.045556,2.1276965,6.635989,-1.7518215,3.5871992,3.359179,9.360816,6.734603,4.146834,3.7939544,5.6368923,1.9238865,1.057791,-0.41525346,-7.234052,4.325106,5.720279,2.5552948,-0.7607924,4.7367206,2.9984338,2.1400857,3.5198443,2.186783,8.771526,6.95492,10.125833,0.9409139,5.0807624,1.2292107,-0.333152,-1.3035841,2.2982254,1.2529786,4.398004,1.8708771,-0.6934992,0.9506412,3.100022,4.037081,8.897388,-2.2200148,0.22425444,1.8565485,-1.0004447,1.5785851,0.9006289,-0.73262024,0.14740232,3.1497817,6.9850187,2.0438693,5.7947793,-1.537596,0.19097838,2.2952487,2.2359073,7.0794244,10.656013,-0.26594347,-1.6724448,-1.1076407,1.5053686,-3.085862,3.779835,-0.6091913,3.244698,-0.29947752,-2.319399,1.8903013,-0.20283218,3.413132,-0.09672587,5.0518985,-0.5724304,3.9238813,3.1128163,3.1882374,3.1989753,-1.3025763,1.2000264,4.1102157,0.0,0.5844041,2.576557,5.294692,-0.5200595,9.734475,-2.7758522,0.889902,0.21201557,3.189029,0.47695538,3.4014323,1.5706046,-5.0600004,4.338878,5.5791216,5.140165,-1.4011977,2.544157,4.142684,-13.655882,7.3658166,3.396914,0.12427141,0.30170548,0.87093025,-3.1028187,6.0113716,5.479009,3.1377301,2.698944,4.868018,8.271895,11.839443,8.743227,1.4217325,-0.9654218,9.761176,5.474274,0.47749302,-0.6808944,4.083936,3.323553,-1.777861,3.0267923,2.8988063,1.8962146,3.284395,-2.2877753,2.4051068,-0.51284724,-1.1885122,7.429069,2.4083326,-4.733714,-0.16665637,1.0259249,5.513437,3.7011015,0.17055629,1.6065311,1.3731538,-2.2370763,3.6761045,1.521832,0.5040718,5.2142034,3.3776836,0.69342726,0.43001425,6.4541173,-2.2620373,9.207349,12.328518,-2.5896432,-3.491148,0.015956607,-6.21145,1.5836159,4.1693897,2.563512,0.63372535,4.359231,4.147523,0.4469785,6.4179945,-1.5423186,1.9774094,13.299613,2.3081965,-1.7267698
25,8.049358,2.0572731,-1.5163865,8.386291,8.583691,3.9362965,16.232622,2.4033225,0.3817757,6.5849943,6.6581197,5.458862,4.394423,7.043359,7.865398,1.750566,-2.7300699,2.9343138,19.013195,7.204243,1.3383638,6.187786,8.970739,9.130373,10.287279,3.2481005,4.0459123,8.72187,1.4460399,-2.8390481,6.736941,1.8884007,6.655338,2.871161,1.2900616,7.593033,5.843759,1.4282212,2.341059,3.9684906,1.4887824,-3.1566763,0.112924,2.1897643,2.9637384,3.3657367,0.2114554,0.65166175,-3.1950417,1.4016778,0.30785817,-6.187371,-1.7113171,-1.987739,1.9575073,2.3026495,0.0784467,-1.8228519,5.1307187,3.7932768,13.3308735,2.9321632,3.450142,0.013708805,11.200285,2.9002972,2.1115906,2.1002333,-1.6022122,2.5186355,0.8619596,4.8704457,2.1972146,3.356501,0.22770496,3.603553,0.24306488,7.161575,7.875234,11.755329,1.9075739,5.899544,8.485629,4.5085835,1.4981922,8.3384,1.6131784,3.8018858,4.9942017,0.009389495,-0.058313977,3.0342782,0.43881443,-1.1360635,3.0506737,-0.9661007,1.8610616,0.17427039,7.816496,10.662224,5.823177,-1.5018181,1.7867973,12.029684,10.748761,2.2296264,10.279106,8.643089,8.762767,0.55085015,13.975949,3.6862779,7.718641,4.872765,-3.366593,-7.6902595,-0.02735571,9.747253,15.20037,4.9053893,13.747441,2.8959563,-1.3427175,13.849622,4.5892496,-1.2312208,0.80665576,4.025177,6.2173185,-2.4389439,0.79005533,-2.3009784,1.7304629,-2.469828,1.2364602,-3.754848,-0.03330548,2.747939,3.2852373,3.120739,4.333713,0.41679865,5.384052,5.4234557,2.7429154,5.335745,4.1867733,1.2674916,6.5147843,3.6518476,0.5316236,-3.7609189,8.12869,4.879956,6.000666,4.431499,-3.603649,-3.0804577,5.328467,11.079558,4.4484997,11.567136,2.9255133,-8.704813,2.7504926,4.5285907,0.77199346,1.864784,10.089563,9.139638,4.935497,0.13113604,7.285923,9.695754,9.739514,7.635376,-0.12911078,13.616616,9.1507845,2.4491804,9.890065,-0.92619896,14.39572,9.091087,7.0707636,5.177553,4.9628325,1.1841549,0.9453929,-2.867117,2.092693,-0.27661198,2.8496046,25.886744,6.457682,7.77467,-0.61088926,0.58430296,4.6650605,5.17793,7.224495,1.063986,7.893056,6.875187,-4.3563237,0.80765265,-1.6728119,3.9279304,6.342809,-4.3826056,10.591869,1.8856636,6.340078,1.1470703,-3.7802465,2.5869033,3.8100584,-3.186052,4.6974645,7.3701305,9.555586,3.1019428,-0.3330341,1.1211334,4.445674,1.3701301,2.945634,2.9529903,0.09691428,-4.8728375,2.4410288,-3.5778413,-3.2208326,-0.0071795303,-0.6335567,4.156446,-3.2566886,6.038389,3.301765,-1.9504519,-4.4233537,2.2098308,-0.6941843,14.051621,8.967367,6.398706,0.44368052,-1.5126138,-0.52001977,-0.7156138,-3.8991497,5.413866,-0.5760646,2.464226,7.457303,3.2180333,5.3695,-0.06837703,-2.7996776,-3.363604,7.749476,1.803314,5.060025,3.9022543,4.475248,5.5444965,-2.3755252,-0.41822127,5.3227463,0.0,0.56542283,1.7503009,1.349401,3.9855251,6.9963784,2.1625533,-1.863151,-2.230037,5.279532,4.3441353,-0.64483976,0.5470551,-1.0956199,6.6230464,6.2435784,4.0505238,11.504491,7.7570853,1.3730631,1.3449461,2.5754886,3.7438726,-4.3597994,2.9054255,-6.166399,-4.680517,2.1407454,0.1150091,8.169731,8.493203,7.5779133,-0.9595933,7.7071366,9.380371,5.5943856,-2.2868693,5.777696,1.793524,-0.87268376,-6.4645376,0.59965795,-0.6692821,0.73289245,0.48445937,2.240774,-2.0909889,1.5488926,3.378999,2.3866549,8.376589,5.6629868,12.398595,5.937581,0.6574862,1.0522705,-0.35536054,2.6651082,1.8121437,1.1446469,-5.4114776,-0.066622816,1.1361101,6.5732765,10.237795,0.90954816,1.0005498,2.4063797,7.0466933,8.253276,-0.7390774,-7.331462,0.75907665,4.4736795,-11.822912,-9.518748,-1.3683462,5.7449727,6.8871794,9.431795,2.435347,0.7381533,2.397559,17.012407,2.620992,5.7846,-0.6612485,2.522582,21.300022,0.26236698,-0.739858
26,4.5878215,5.4511724,0.53013647,3.6282926,0.9076954,2.6531072,1.0075114,0.8399939,1.4810492,4.024703,4.3232355,3.6497703,-3.38932,4.13394,-3.2546484,-1.5366399,0.82370675,-5.934317,-5.755458,-1.4370047,2.7595782,9.082971,6.2153277,14.815885,6.241962,5.6364474,3.804532,-3.5626667,6.224985,-10.110482,-3.0248582,3.258678,-22.261177,-0.9015301,3.2821088,0.81712496,1.2413853,6.901731,0.62334067,0.07863648,-8.296839,1.4610293,1.1167487,4.1447926,1.5153599,-1.0936689,-5.027974,-6.6199403,-6.785996,-4.982507,-2.0660715,-5.80452,6.6701074,-1.341002,0.29852462,2.1441748,-0.54112995,0.1944196,3.0310721,-3.2988029,11.259933,8.34645,7.6175823,0.6261209,18.464125,-0.4186903,6.029255,3.2875745,2.8726223,4.9529138,2.1683834,13.920043,7.305862,5.357599,4.4975243,5.064866,0.77361697,7.9239264,4.4308686,4.2222595,12.458548,8.1378765,10.921467,5.6939654,9.618453,7.1609044,8.097762,0.8826366,6.0616174,0.0012464736,-0.32555965,1.4734553,0.11896919,11.761252,0.9083628,2.0424075,8.387553,6.752788,4.4432197,5.8370047,3.9483404,13.046339,17.347675,-5.116823,7.257776,5.364073,5.397582,12.001721,7.504102,9.987289,10.977538,9.108377,8.799489,-1.4904827,-2.4976814,-0.21266729,0.52957773,-1.1093062,12.006363,2.5106225,-5.3665833,2.1042547,3.203398,-1.4654553,-0.34352437,3.5458884,0.68545634,1.7857115,-2.9784627,-0.60003793,0.8905334,-0.9166679,6.398655,-0.6955164,3.5893183,-1.5683742,6.862296,3.5280654,-2.363173,1.2052329,-3.8576324,1.5082729,2.6307728,-2.338335,-1.6079175,1.5024436,1.3457369,2.3392835,6.6036305,2.4479756,3.0879965,-4.978937,-8.256853,-2.192118,-3.9108896,0.39301166,-4.2591662,-6.7230873,3.3894665,-13.552633,0.9038862,9.251258,-5.931738,-2.290697,9.870079,6.6578493,-0.4902554,14.427883,8.339138,12.348566,7.1472406,0.24410635,1.3709683,4.5598817,4.053342,8.535433,1.5190178,-1.5962121,9.231797,4.9928994,5.816467,-5.6586895,1.7414905,4.068424,2.397895,1.9451723,-6.0846124,0.039591845,1.8699403,4.3355346,6.116868,3.5487697,0.6365453,-1.4836359,-3.699144,4.352146,2.764131,-0.77666014,2.4821477,3.6690984,1.9976481,8.30336,-9.663849,6.0368514,-3.7228327,1.3995972,-3.1226444,0.20243405,3.0596657,-13.295312,3.3905401,2.366474,-9.623622,-6.199392,-4.399685,-1.5194848,4.2093,3.6821404,2.3033676,6.5751987,5.5942907,4.525867,-1.0943875,4.525366,3.0571287,-5.682416,1.1364281,-6.917065,3.903794,-3.3664315,-0.74209815,-5.742907,1.1522125,2.1573405,-1.7484251,4.928194,6.513225,7.9579225,-3.959993,3.2137797,1.2460239,1.008158,2.7434177,11.600543,9.989337,2.9640076,0.6317075,-0.5471269,1.7732998,1.0590917,6.575444,8.287866,1.5122504,3.0132003,4.6869397,3.7071633,4.705268,2.402149,2.1947696,9.28952,9.646795,4.99194,2.5862153,6.48953,9.978404,3.3108664,0.99033105,0.009868365,3.5762823,0.0,0.060119834,6.6232305,0.91173553,7.2751403,-2.6015816,6.0062723,6.6993804,2.1582317,6.672993,2.4195457,-3.7132015,1.6844891,10.136766,-0.82476705,2.9926054,6.286563,2.361115,3.2174306,7.222582,12.265867,4.0296483,3.9742005,1.0492783,5.321803,-1.9019098,0.2507377,-1.1376057,-5.6199036,-9.869108,-4.99805,5.665013,-3.3172557,5.4833093,-0.52200305,1.3656696,-11.680193,-3.3493166,6.4223723,-2.681359,4.4902115,3.25781,6.0772676,2.4174454,4.0879755,5.431796,-1.3798374,3.651002,2.5957098,-2.830709,-1.0226811,-3.5044138,3.5584655,-1.2682084,3.3244436,2.9369195,2.5605903,-0.96877086,2.1288831,-1.0507581,1.9318061,-2.6964068,-1.8299819,-8.069911,-3.6179636,1.952101,4.939989,-3.6256375,-0.4244232,-0.11147107,-6.4724746,-14.23927,-3.996879,-5.630987,6.82886,7.2969832,-4.329098,-4.161738,1.6542102,8.306671,6.7575374,5.806069,1.3257334,3.1076846,5.113541,2.4539747,2.8488085,5.0247746,12.634591,4.053991,2.2627435
27,2.6887074,-9.452485,0.1863633,1.8406134,-2.5139148,0.4539729,-0.43671703,-1.1934283,-1.4361963,0.56972945,-0.12677298,3.841004,-6.1004252,5.630491,-10.3423,-0.6321226,-4.555768,-3.2803993,-9.893028,-1.0382972,5.1074033,3.496273,-5.8901186,5.4885187,2.8469338,1.9536048,-2.3479545,-4.863486,6.082366,-6.7564993,-7.7173624,0.52154917,-15.525356,-9.658348,2.668274,-2.4158678,0.4532158,10.073147,2.5994775,-1.9028927,0.08849009,-3.4502451,-0.33200037,1.8666781,7.834212,-1.4270438,-1.0141702,5.2932663,0.47254807,-1.9996685,-2.4969826,-3.1542346,-0.91829544,-0.9380235,0.8864767,-0.07861484,2.058539,7.1922636,0.5849657,-2.461695,7.0740805,1.3745805,8.310366,0.44112638,3.5373025,3.4517558,1.4647583,-0.97973037,-1.5486993,1.3473266,-5.5986586,5.373282,-0.20771913,-0.368582,4.874533,4.645029,0.41558716,3.762703,6.862723,3.2986565,7.8820505,1.5110584,5.7045155,5.932823,2.941042,7.104038,6.048144,-2.776532,-0.97199434,0.03516716,-0.16382226,1.8652264,-3.6422398,2.3630395,-2.7781477,1.3249122,2.629986,4.126417,-7.655363,-0.6333578,5.3503065,-0.7092613,12.518205,0.52287245,2.767676,5.2390494,0.67673284,10.3106575,1.0547199,6.165569,-0.44718787,0.19828193,1.716885,4.7950096,0.97623986,2.3839464,-0.9252282,5.4194913,11.523699,-1.1389602,14.9441595,-0.41374448,0.8780263,-7.283162,-1.6853421,-1.209193,15.074862,-1.2699047,-4.661271,-7.284889,0.2721436,-0.79089755,1.920043,-0.66447896,-1.0805837,1.243944,3.649524,-2.3926632,-7.122453,-0.5502185,7.7268467,-2.1493766,2.8470607,-2.6404352,1.7030432,-4.680316,-8.714127,1.810487,1.7289563,-2.3104765,0.13932599,-0.13911091,-8.605637,-5.0851674,1.7825621,-1.5146333,1.6622651,-6.8222036,-2.5985897,-14.321257,-4.343004,1.9856453,-5.777435,5.2602634,-4.842669,-2.1778762,2.1876276,-2.7887552,11.234443,2.5455766,2.3173873,-0.13435182,-5.165081,7.4764314,-3.352235,2.897767,3.8841949,14.37909,-6.2407894,2.4013722,2.9154465,-2.4593632,-1.874924,-1.2202965,1.4049655,-0.44728705,-9.648629,1.4804443,1.579008,0.783263,3.8158436,2.4494731,-3.0325344,-15.674031,-8.071555,-3.4450023,4.1178064,-4.879919,6.0770254,-2.4542835,-2.8025167,6.8978076,-3.004957,8.087781,0.7497258,2.4518127,3.6245828,2.4086387,2.9626038,-6.554871,-10.76935,-0.51375693,-13.287229,-4.144874,-3.6408315,-3.092992,4.509039,4.092583,0.01097354,-0.8179308,3.9246428,7.4212246,-3.0285354,0.25903434,7.3221383,0.27110308,2.2035804,0.38733357,0.3730589,4.9071884,-0.41418454,-2.8796494,3.6267354,0.3984022,3.4979796,4.2747493,8.056946,-0.60123926,3.9959412,0.99997234,-0.5946443,0.88594043,1.2333452,4.406279,3.272891,10.228517,2.3802974,-1.7205569,-3.6383111,1.1729198,-2.3716102,-2.9112685,0.18469243,5.8753967,3.7482162,-0.24418254,0.81021106,-2.258947,3.6593509,-3.9524965,10.069908,6.4301314,4.7571406,2.1197433,4.499896,-0.18456617,-0.44638765,-2.0020952,3.321754,0.0,0.75025076,7.10001,0.543967,1.7969784,6.0712314,1.9061229,3.5133574,1.53751,0.64717966,0.49173865,-0.4146838,5.3419523,13.865708,-7.4103355,0.42627954,8.040468,-0.111444466,-0.120323114,2.0243592,-2.1089754,2.2282243,3.0647006,-3.2804546,9.072598,0.9897737,-7.007235,-0.47276017,-3.277451,0.015892604,-1.1235036,2.8411837,0.8511317,-4.009302,5.3941913,3.1552854,-7.0863643,5.791078,-0.9931135,-0.8709879,1.7503262,1.8023773,-2.751712,1.5919372,0.0031615011,-1.4074718,-3.7753253,4.7175555,4.4815545,3.1355236,0.9799845,-3.5908217,-5.107551,-2.8129227,6.5531135,9.58116,-4.0674834,-5.692545,3.6601536,4.942426,3.552607,1.5398979,-1.762447,-9.394735,0.051255744,2.2196434,-8.675168,2.9472885,-0.39237666,-0.9132365,1.4786257,-7.951252,2.9376125,-4.7071605,-0.5350549,-3.1503785,-3.6364288,7.625659,6.2776036,3.53989,-4.100847,1.9853237,1.3796707,9.29355,1.298626,0.627773,-4.4405584,1.0237192,-40.741127,0.07221912,-3.4454877
28,-2.8334537,-11.53731,3.5258734,0.52998865,-0.68512416,2.5060887,4.506803,-0.5678563,-1.7595589,-3.2318237,-0.30717725,0.39009815,-2.8649452,-10.37251,-13.64147,0.7336938,-3.4131482,5.180812,-1.894917,-2.2903125,-1.4794811,-1.2165393,-0.48725757,-6.004892,3.1615694,1.2093265,-0.5355033,-3.1113966,-10.574138,-13.950571,-16.010426,-0.8194963,-17.100094,-2.874493,-2.1036966,5.171757,0.0037729922,2.6719704,-0.04047099,-0.9694278,-1.6732782,1.271649,-0.46592447,-1.4773154,4.03022,1.3882436,0.22261927,3.7716944,1.1368546,-0.38728485,-5.808097,-2.6163394,-2.3624938,-1.3157845,-0.0012465939,-2.5127237,-2.082798,8.965694,-4.624469,-6.6238317,1.0641125,-0.85911447,0.368263,0.448267,-5.713095,5.684673,-0.5520121,-4.441848,-5.1322165,-1.4171512,-10.070592,7.1593347,-2.3972597,-5.4889064,6.576821,2.265542,-0.19523792,-2.104985,-0.79997253,2.0789428,3.0107272,1.1833649,-2.074522,1.2096175,3.0916326,2.9064407,4.0936875,0.08235889,-0.20852341,-0.016054515,-0.010582397,4.8047395,0.017416235,1.783816,-1.2577957,1.4418713,-3.482503,-3.1095908,-4.2681584,1.0048486,5.8040495,2.1703486,12.802577,-0.58871496,-1.6366922,-4.536234,-3.9079213,-0.7271607,-1.8361756,-11.052083,4.212111,-1.9884094,-6.354204,3.765671,0.85751927,-3.8416448,2.6830826,-0.31389856,3.3949797,0.5274089,5.728935,0.87193936,1.809883,1.420335,-1.6181496,-0.3628789,-5.13402,-0.3660905,-8.081876,-4.0628777,0.257601,-0.22943158,-0.43074432,0.25799116,-0.8315454,1.6159306,-4.4169083,-0.20498994,-4.304894,0.18854547,7.939743,0.726187,1.044592,-9.25048,2.7617693,0.4504774,-0.7206314,3.5614681,3.8874454,-2.4238372,1.2374827,7.3906784,9.379852,10.070589,-0.8170678,3.005202,-1.075334,-3.8800128,-4.6184216,18.214043,1.0660605,-7.1448255,2.0610247,3.0320556,-1.5692315,-0.073728554,0.6622581,-1.5118874,0.4608579,0.6463466,-0.23981218,0.02272334,-13.530525,0.4104576,2.4749498,-6.0120997,2.5939684,-8.203466,-8.6652565,0.9797189,0.8169016,-1.31714,-7.739945,-3.9632566,-0.8670848,-0.8963927,-0.90380925,3.6026096,-0.8796978,4.300141,1.7865598,0.7121182,-1.5289681,-16.949022,-6.589961,-3.648045,5.918278,0.42106804,-0.57876825,-3.7141018,-6.8733478,-6.9362907,-2.4931574,-4.551683,0.030647239,0.07267204,-1.0432396,4.066988,-2.0169063,-9.1333,-12.080301,-8.846349,-12.978265,-3.6113222,1.995767,-0.49477515,1.7370616,3.6719422,2.087789,1.1891538,2.8246272,5.903992,-1.9666498,1.6726062,0.8312781,0.647139,1.5063217,1.6686331,0.22885664,-0.08646279,0.013249877,-2.7821274,-1.2941827,0.049280006,2.4699504,3.9886014,11.244726,5.4473867,5.5294776,-1.7721568,-17.826674,-2.4800391,6.77012,4.893716,0.8014199,17.993608,4.351465,-3.2814486,-9.60566,3.0555508,1.189648,3.1922805,0.44606572,4.671438,5.448819,5.9778605,0.1958982,-0.6740901,1.9605569,-4.3278136,8.020462,7.348896,1.40304,1.5914391,6.202859,2.882961,-0.31471518,-1.9232959,-0.36569396,0.0,0.22918591,2.0176544,0.8230782,3.3962388,-2.0947726,3.4055858,5.619404,3.077938,-1.0524566,2.800591,3.854635,2.417336,-2.2403622,1.0337986,1.9216505,-4.901447,-5.1119742,5.558511,-1.8930978,-8.232363,0.51721984,-1.4878297,0.78197074,-1.3714052,8.457867,-2.3236125,9.055901,2.223508,-7.195314,0.43596038,-9.050624,6.2232246,5.4863515,3.2897046,-2.1117082,-2.0324097,4.5507045,0.11747283,-2.0520825,-0.09152577,4.1153812,-2.5729315,4.315944,-2.2318528,-0.32127488,1.7694299,4.267701,2.814491,1.5259478,2.9255831,-1.9713165,-7.619596,-0.4588776,6.535827,11.453248,-1.4202831,-3.4616039,5.1328745,8.373913,8.903182,6.3951154,2.0229228,-10.488447,1.0642004,-8.191878,-2.5842292,0.87463427,0.4378575,-3.4589355,-2.2977931,-7.869817,2.0224025,1.1226795,-3.3894691,-2.7139704,1.5229741,3.0568995,2.408208,0.09550477,-0.44275263,0.43309864,1.5888325,4.847663,4.6679673,0.046538755,0.018567475,0.75658983,-19.652262,-1.4590768,-3.5877903
29,2.9082959,3.586049,2.362756,3.4297454,7.6142287,4.385225,-4.3688097,1.5329171,3.351457,1.9208546,-4.8880754,-2.391338,10.31722,-11.664191,3.331883,6.236232,8.631567,14.050295,11.23607,9.34065,7.2485027,-2.2708147,-0.1869825,-0.44859818,3.6476107,-2.717099,9.177352,3.5599484,7.8015404,-0.68922925,-15.914115,5.050022,-11.244241,1.8789728,5.16233,3.339492,2.8123922,6.5739007,0.15667884,1.1155633,-0.082660004,-4.0700827,-2.649327,-1.9790679,6.4827724,1.8573849,1.4941505,0.021406844,2.309855,6.239786,-4.019762,2.1112015,-1.637478,-1.2924819,-1.9597832,0.5395655,-6.129636,6.2681594,0.09235753,-0.76608694,-9.241335,-4.610256,-0.99226457,-7.934476,-1.6147485,10.141553,-1.0168009,-7.315384,-5.9020824,-4.2445583,-5.4101152,-7.41356,-2.028362,-5.0309577,1.7129151,2.471671,-0.004220403,0.01782309,0.8700758,-4.1097536,4.6116023,-0.31248057,-0.86388624,-1.5528032,-8.192985,3.84536,-10.299043,1.0829519,0.5377813,0.067539565,-0.62203264,6.9986978,1.5364099,1.6948518,-0.59552896,-1.8845667,-6.461743,-6.188764,-1.5904129,-5.0516586,4.73995,-9.550706,44.364307,3.626306,-0.120797016,-1.3121073,-0.10487941,-9.370119,-9.565081,-3.7386165,-1.8086343,-4.5562496,-9.913171,-2.335709,-6.9268303,5.636808,3.2310934,12.788201,17.434994,10.389016,6.817279,7.736855,1.7521912,6.938694,3.9051642,11.049178,2.0829153,-1.299067,-5.1986175,8.0105715,0.6392874,-0.38478506,2.5299394,5.945552,5.7760224,11.77791,1.8994633,4.964936,0.8310026,3.4344165,-1.7391999,1.1893548,-1.5556327,6.671878,4.102481,0.71576726,4.775403,5.894707,3.257781,-5.6582193,-1.7111012,13.239696,19.852486,11.598305,2.7062619,11.224986,1.307653,0.32593188,3.3857114,20.88079,1.4137744,6.798547,12.225274,16.334223,-7.6532397,5.663578,12.559716,-10.131449,5.905258,-2.7596982,-2.3188608,0.23655976,-1.6120932,10.704277,6.4280715,-6.6561065,2.3554125,-2.2050617,-0.23885567,-7.9196663,-1.1601048,12.6241665,1.2120028,2.5472944,4.815788,3.3664556,4.7904925,3.3449903,-0.1080784,-0.068730794,5.078317,3.0876799,8.212562,-11.805223,5.397274,1.3006926,13.306668,6.5496063,5.411107,3.2807248,-2.5285335,-11.412169,7.4519143,-1.9760431,4.2780094,-0.9808108,8.490266,-0.053492535,12.830732,-5.623499,-10.646973,-1.5809821,-10.184302,-6.0220065,6.304722,2.1045747,-0.47519377,-1.6449955,1.4931146,2.6579278,-6.5698905,4.308023,-3.0611253,2.326311,1.7562361,5.722215,8.508922,3.594821,1.2892392,8.477742,2.0229163,-0.86193,5.333925,-0.81548834,1.3260005,6.390636,6.065137,4.378352,2.2755475,-0.8697803,-15.408132,-3.7159898,7.9432297,6.3316083,-1.9241235,11.933803,2.2117653,-5.8947043,-9.0354,-1.0429174,1.1457403,3.7330701,0.7959483,-0.7759895,4.5066214,8.371941,3.0267272,0.044883654,2.1609175,5.545267,6.026879,8.453097,0.9509108,1.1991282,3.402908,8.785307,3.3320444,0.42306158,1.7263592,0.0,0.51291686,8.949684,3.842148,1.232568,6.0748415,0.057359256,3.334477,4.318949,-4.3675623,-3.3582182,0.93376774,-5.057836,14.230781,-0.9640438,0.10289793,-0.842112,1.0181911,-2.6276953,-1.6146209,10.113986,5.935978,1.737486,-5.673453,-1.5389284,-7.8058424,-5.393195,8.398182,14.184321,16.232288,5.350333,0.72150266,7.375208,10.271854,-5.91733,2.1963825,9.109973,8.989113,3.769075,2.8593652,-2.383499,5.8485293,1.002839,7.1922336,1.0474004,7.079934,16.350487,4.8421297,11.728799,0.6781283,2.2684133,-0.5420388,2.367614,4.239524,9.356225,17.018679,4.8250446,-2.6179354,5.276383,9.436413,6.2383914,10.735512,7.1202064,16.672148,4.2124057,8.124133,3.8068624,0.6747551,6.78953,2.3992229,11.954393,-7.3939366,8.23368,9.54199,13.602935,-0.10571464,6.6469727,-7.0385337,0.22931597,-0.7355292,-0.571177,0.09990104,1.9306757,-0.2779563,-2.1751993,-1.248841,4.913896,2.782042,19.76545,-0.29737848,-5.942641
30,11.744865,36.48525,14.1866045,8.44595,12.400859,5.3320827,-4.861937,10.560643,10.182706,0.75760126,4.6902094,6.7314525,10.11226,9.435268,12.995639,11.451881,8.44439,24.762436,5.439875,18.42651,-0.9564867,-0.25118843,2.5840318,3.3270557,10.7129135,2.0423331,5.926859,10.921472,4.6137223,12.9442835,5.207312,8.387404,-6.818614,21.792517,15.507159,7.3363633,7.1073503,17.340353,2.019777,6.4786353,9.58303,4.212733,4.798072,2.596531,5.3598356,5.5461826,5.8606524,0.09265266,2.8232136,3.1503897,5.1788173,7.022234,2.1351714,7.087925,8.585582,7.8496976,4.796208,9.152606,12.543552,16.610548,-0.3065192,-1.8914505,1.2063234,0.39290226,-12.050972,0.8629697,1.3680484,0.024483183,-1.1127007,1.2378474,8.207176,-18.91285,6.2564874,0.77029806,1.6730328,-3.8285048,-0.38059723,4.0464034,14.536824,12.359769,14.857969,-0.66046065,8.767756,-3.6974094,-11.979488,9.2698555,-13.83429,0.06346318,-0.38213676,0.011148091,-0.01704025,-2.1782908,1.0260049,0.82528394,11.800295,-1.0502797,-2.6801887,0.9451329,11.459337,5.8360944,3.5767374,-2.958576,8.433651,9.699354,5.319041,5.9834228,-3.4086404,6.150551,9.174786,9.98224,-10.306761,-13.073435,-0.29380518,6.8446054,2.5288801,10.274385,5.6242423,19.73132,23.906582,28.476711,8.651688,4.880597,-3.1254568,9.187293,6.871818,37.973846,4.0438538,2.4278355,17.028385,27.800322,-0.31142935,-0.46540594,11.555668,3.4518306,1.2069962,15.875277,-0.4105257,10.074662,13.606234,12.995169,5.1730075,17.370117,15.14542,9.476154,8.915242,7.7682757,10.44431,13.724683,8.470763,0.6705432,2.4653592,10.164686,40.370857,9.989194,15.094599,22.01302,10.801236,10.793762,11.022762,19.819204,9.526168,24.496506,17.40959,-2.9343016,9.220404,4.477481,8.889248,0.35818776,1.8337014,-8.179129,-4.940346,-0.14256407,9.831501,13.719906,16.016066,-11.405934,3.5730906,7.183836,12.523663,12.95693,11.030103,5.831085,9.8868475,2.4827614,3.5971813,-8.383383,16.929632,7.1178074,9.304951,5.818617,9.193567,9.85051,6.503892,13.848471,12.220011,11.000481,14.919581,13.623206,15.518698,-16.353172,-8.157955,-15.927369,9.276821,4.6584454,12.465406,3.6052742,6.587953,3.5895953,0.81779915,4.971529,12.476722,7.7712126,3.8575222,17.760551,11.085882,5.3956275,9.603133,2.3001168,6.050559,11.9512825,3.967265,-0.97466576,8.027515,6.525289,12.351951,11.397172,5.574922,9.946441,2.3500314,5.0200515,5.0817146,7.508874,10.511971,2.159379,1.5148556,9.446185,9.879709,19.743343,15.349966,11.360079,6.765462,5.601879,9.335197,6.0723395,-5.976426,-9.253693,5.559073,2.649106,-0.034289207,-0.72228867,8.712935,2.473016,4.401641,2.2678976,6.115068,2.228255,0.37174928,11.472081,4.808171,12.028884,16.646923,11.076486,2.9501438,11.220355,1.8520446,12.7726755,6.342631,1.1194285,-0.93421376,0.0,-0.23405191,5.540798,1.0923012,6.077761,18.213398,7.248906,4.4856167,4.285914,3.621266,-1.9940424,5.732514,6.0922375,-0.40447766,16.232449,0.6471411,1.8135338,10.885728,12.158747,7.5899825,14.647629,6.3288956,3.1859212,13.309165,-2.2542028,-10.485428,5.667309,12.463388,24.296434,16.518322,15.045004,39.62198,13.798511,8.836801,5.784247,6.6163425,23.46066,-3.6547112,6.640292,7.771088,6.188182,2.7429526,10.106015,9.592239,6.3937364,8.561656,17.92822,6.96079,9.522926,7.218673,10.951411,9.888337,12.610482,7.0079007,10.020995,12.5570965,10.539015,11.150347,9.229108,6.79664,10.786778,9.691354,6.587638,47.800262,14.368791,5.106978,5.4713116,7.3593388,-2.28874,-4.9513373,17.772707,-2.8896222,17.440523,15.371291,17.67651,-2.9235976,6.4301114,13.615405,-5.8488116,10.180335,4.16472,4.1650496,3.375097,13.586625,5.860645,5.1348224,-1.5460538,3.8614824,35.48167,3.3877203,10.234917
31,8.7279005,15.880795,3.6936913,10.894262,7.9594502,-1.2070183,25.6149,13.022379,15.427149,4.2102695,8.501736,6.312831,1.435978,4.242217,8.933574,8.715507,-2.3793309,15.127419,24.988003,4.825649,12.350933,0.33754563,6.733629,16.762758,11.135836,4.6675034,9.8603525,11.983053,8.222261,5.1053853,10.62568,3.3337684,5.96168,-5.7136874,-14.8377075,5.5102077,8.498657,6.040013,4.6865807,10.132147,16.238363,5.535464,10.37004,3.397338,9.942559,5.1935854,4.8693357,-3.6344981,4.44884,4.119014,9.006202,11.000149,0.7905913,8.7670145,7.9779963,7.9814987,11.37249,9.472821,7.5589094,14.893066,9.643901,3.1269605,3.388262,8.534257,5.029923,-2.358211,6.165818,5.9781547,1.125427,6.3319273,9.775068,-6.630078,4.1426773,2.2898417,2.7081268,-3.458104,-0.2742898,2.1324768,6.849315,15.148811,8.134748,1.5110303,12.263803,4.2380805,-14.200483,10.3218975,-2.277356,1.7840395,-1.773814,0.084711164,-0.05883136,-4.040999,-0.37613136,1.3755425,-7.1216125,1.013992,3.924276,4.953011,13.231143,7.635079,8.888901,2.977377,30.20061,14.727876,11.2184925,12.540833,8.7134,12.524967,18.97377,0.008559984,-6.8890367,-5.352386,9.358646,9.85182,14.527108,6.4662414,-1.3704544,16.09439,19.291311,5.570777,1.3420196,-1.3275083,-2.972175,16.827736,5.503166,17.898243,11.531902,-7.827508,5.965307,4.994929,-0.03692328,-8.41199,-1.1712188,-2.2399805,0.56835425,1.1926599,-4.96123,6.507281,4.123841,6.48669,14.729337,5.8972044,6.8822517,-3.7897422,0.0017110213,12.047353,6.311948,10.541022,6.5539265,1.596805,3.1550188,1.5783415,32.4805,15.887769,11.683525,-0.37136585,8.031669,13.874898,12.224973,15.351465,3.202765,15.448091,10.26799,-1.3455478,-2.744025,-3.2093892,18.760393,11.806462,1.4721278,-2.8433852,-0.6023315,-0.55207956,17.084593,14.060723,16.19513,-18.235508,2.4187546,-14.163455,10.664396,14.842386,9.083449,5.5981054,16.261198,9.116498,3.876021,-0.24398527,15.184475,9.3623085,10.6116905,2.2497313,8.475566,6.235774,12.549299,23.974998,9.680947,13.776925,-6.7219176,12.334837,12.989212,-2.2389793,5.2757883,0.062781565,6.7560263,7.075717,3.6511774,1.9023927,0.0706023,6.453716,8.472388,-2.558761,16.375103,2.429008,19.177849,6.423346,-5.727197,9.700024,7.2757087,3.7140186,10.379054,18.620335,8.735907,4.5233445,8.735357,6.580486,13.599246,5.189037,7.0548105,2.1928961,2.8967211,0.33240885,4.6001773,6.8771086,14.525747,7.074805,6.1904016,9.979289,12.817885,22.010406,17.152086,11.926333,7.647406,12.152267,10.93188,5.4548097,-1.10932,0.86951464,6.4332614,3.8794775,3.3517413,1.7039204,8.826332,-2.0105538,6.245198,3.6919317,8.299044,9.6291,1.9782842,6.839777,6.9151287,5.5921392,11.017362,7.24693,13.259374,11.217789,-2.795034,7.280554,9.513951,-0.6250555,2.488212,0.0,0.495252,4.6288495,-0.942083,4.381448,-1.651565,4.322819,1.91336,3.1056993,12.321118,4.5868683,11.444369,6.08745,-5.36335,18.051628,7.9538565,6.0810003,19.586159,16.207605,6.850579,-3.6645982,3.8089547,9.915898,14.253299,5.1385803,-2.1986387,4.9079847,4.207104,0.3919342,4.4145827,0.90386605,30.247658,5.1728888,5.849966,10.123847,9.850234,10.278093,5.2906175,7.190014,6.7463136,9.381877,-0.9671967,7.474796,4.264261,3.3613462,1.4270774,-3.0020905,6.6671576,8.414104,2.4776535,5.038898,13.728759,12.709276,8.139391,3.4607482,-5.564761,11.364764,6.81679,5.7274394,-1.9875369,2.8288572,-1.5764121,-5.0152755,16.68122,9.350801,0.24198543,-4.659838,5.818857,-0.24922948,1.3010257,-0.43055865,4.7051406,3.7669559,22.059097,14.851073,-2.1246643,0.60635585,11.819037,1.8821592,10.986182,0.3782335,2.0806808,-0.20341416,16.500658,15.641478,7.788639,6.3646026,1.1041749,7.2558327,5.8464293,3.800883
32,-1.0962461,0.5504928,-8.257526,-1.0256019,-1.2143302,-3.054096,-7.5533323,9.133206,12.152513,6.3166037,3.6637256,4.518943,-4.774681,-0.7007196,-4.1435003,6.9043326,3.4714227,-7.725587,11.71524,-2.95691,4.559399,3.0724888,-0.21942824,7.907985,1.1135715,5.925055,3.1873848,2.6254034,10.645541,-6.1454287,-5.409672,-0.6853838,-3.445467,-2.2715385,-9.174804,1.8939337,-0.35782087,5.795153,3.7166286,6.24975,6.03731,-0.5152731,11.558238,7.946497,11.587793,-2.241861,4.2372446,-2.7615035,2.5321693,-2.763779,7.3614683,2.559045,4.424255,4.924909,3.2724288,8.396485,8.731306,6.4342585,12.448907,14.780482,7.3093987,7.059364,10.806128,9.091615,10.102759,-5.4972806,8.08515,3.284063,3.4486506,4.744875,5.119089,2.2070272,1.9845468,2.5925927,7.5615177,3.8699825,0.4620805,10.404608,10.277868,16.276575,13.61048,7.117716,11.446949,6.9553213,6.540394,7.1686487,3.5731533,-1.0259434,2.6737514,0.07531954,0.14940096,-1.2131072,-2.1144195,1.6530827,-3.6202433,7.486694,5.2896976,2.7155042,13.592174,9.181729,2.12707,7.7061367,21.457582,14.874966,6.4389963,15.992221,9.587735,16.431759,18.651352,1.6883042,8.515737,5.5108643,20.982492,27.407494,16.709028,6.846151,-5.458693,-0.66051954,1.1096498,-13.278727,0.7574791,-3.1106775,-1.2157521,4.341398,-5.548008,7.165714,0.55142117,-4.4812036,5.2128425,-7.047894,-0.20290871,-2.8417575,-3.7915585,-1.4867435,1.7334799,-6.9122467,0.6391823,0.85413307,-9.299668,4.9867907,0.97364885,-4.7058516,6.983315,-3.9697156,-1.2390517,4.9314804,-0.42866954,10.02447,1.3300619,-3.432648,-3.9961462,-5.3202677,0.99618983,-12.102823,-7.2091813,2.1884773,-0.18067063,8.288923,4.5493875,-14.591561,-2.5007424,-1.4165095,-3.8409147,7.3246536,-0.75050473,-2.94016,4.139378,-10.194815,9.779883,5.9906135,5.6074553,0.119161956,9.64511,-1.6061125,5.217383,6.375332,-2.808621,5.4423275,7.17677,10.00239,-0.08592905,-3.8545775,1.0857079,0.06599834,-4.950128,-1.4295638,-12.534956,3.963571,5.5239587,11.448889,6.6186275,4.9247665,-5.0924287,7.0001426,1.1312299,-4.036506,-5.252339,-0.84647334,2.693338,0.004345841,1.3549025,12.6974945,-5.7985706,0.02115285,-3.8436673,4.837552,-4.9831824,-0.8125746,-3.3728838,-12.735089,-5.0518765,3.630427,-1.2250923,-3.943502,-9.838276,1.9263294,2.8049293,-1.4159411,1.3828324,8.649451,15.13083,3.0328019,6.540527,2.5952935,4.9841914,-0.87037426,-2.6179361,-6.6142025,0.64843535,0.8209607,1.3150502,-0.8944243,3.2416806,2.2758842,7.16536,8.504647,17.880947,15.87924,18.560133,4.190628,4.2919044,3.8596184,9.466915,10.53316,3.7820761,8.991798,5.0954742,1.3974364,1.6108108,10.39981,5.269261,0.55747086,8.717857,2.098426,8.685435,7.350158,2.8557265,2.769471,7.302688,6.6104355,14.769494,4.9550977,8.836395,5.9999466,9.585563,4.854726,4.514504,-0.71869457,6.1300116,0.0,-0.22316472,-1.1926768,0.21805894,-4.2715216,-7.2968817,7.6025596,0.22364275,5.708477,8.30256,0.7526515,0.5754145,7.4776244,21.157442,-2.2749457,-1.3139265,8.3908205,9.593413,8.87978,6.7835402,8.049681,3.3118212,-1.5142317,31.636194,15.127825,9.513584,0.7051553,3.0052416,0.62911516,2.0176768,6.979637,-2.7219257,-3.874657,-4.670305,0.35302764,1.8304672,-3.47797,0.6562946,-0.56029713,-1.3748473,-3.120919,-3.0176837,-0.15974173,0.0016614477,2.5753114,3.6830454,-3.1418958,2.188306,2.4306421,-4.686446,-3.8420942,-1.0126227,2.3095639,-3.3525445,8.119166,-0.80649525,-7.7455587,1.2969444,0.4757517,-4.1446037,-2.7904742,-5.602216,0.931971,1.6780535,-8.21293,-7.866311,6.2412786,-0.56087476,-3.5294077,-1.1822484,-4.39683,-7.5279446,0.7617698,-1.0172677,-8.323871,-8.810818,2.088875,10.438791,10.706411,9.425368,5.567549,3.849779,-1.1631275,16.004417,-0.9806238,1.0334662,-7.363858,-2.632336,-7.8201866,3.2680264,5.7411165
33,-8.057168,-4.037924,-6.6818466,-4.717515,-8.54033,-7.202331,-0.4425273,4.0475507,5.533986,1.5946672,-0.9346777,-1.6765393,-8.817426,-7.1922216,-0.31369323,-4.3541794,-6.614214,0.9362476,-20.683813,-6.771367,-6.783884,-1.3318083,0.18676421,-1.086275,-1.798792,5.0316744,-0.6688265,-5.841993,7.575178,-6.107936,-4.88568,-6.921692,-18.702795,-9.704486,-10.380897,-3.5046833,-0.6668484,2.3450077,-0.9257247,4.310006,7.4371142,-0.40466744,5.5263867,6.9269414,5.794355,-3.0379958,0.8287955,-15.468622,-4.514433,4.719922,1.1984493,-3.114488,0.82005286,1.6668793,3.5921726,4.46518,4.485683,-1.8968947,5.581143,5.3011394,-0.7819508,2.2179818,4.212448,0.35101652,0.3682911,0.18494499,2.9421358,0.63693213,-3.5183098,-0.7335866,-1.346973,-3.461312,0.8976543,-0.5230496,8.445807,-1.1126319,0.19471447,0.6447093,2.4759612,5.086729,2.7015383,-1.0267662,4.4281087,3.4033926,3.8946385,2.8822427,2.6657898,-2.0349035,-0.08464906,-0.088259205,0.20294882,0.8116546,-2.8589828,-0.21074732,-3.6480489,7.763576,4.3274484,3.1958091,4.3328433,1.496323,3.8321548,-4.6379642,1.3739737,1.601536,-5.2670927,4.303078,3.7506356,12.65925,5.249642,-7.333006,-0.70685506,-5.2234225,12.550266,16.055576,11.262511,-0.86977863,1.7630459,1.231019,-5.8518653,-8.597723,2.5569005,-0.13254607,-0.5318929,-5.3061533,-9.112667,-3.4866161,-5.3935113,-6.347394,-3.1293583,-8.600661,-0.23274069,-0.562312,-2.0427997,-2.5700545,-7.788885,-1.9493463,1.8858867,-3.5671356,-5.4581404,2.905154,2.954442,-7.5897655,4.713989,6.6948223,2.5615563,-6.0853534,-0.26615822,1.7606262,-0.31450912,-6.123243,-4.5489674,-6.779418,-11.557441,-8.050194,7.365168,-9.459122,-0.8551388,-11.486703,-5.9858985,-10.343117,-8.826756,-2.8493202,-3.6029403,7.275938,-2.9901137,0.074414305,3.8674364,1.247709,6.359904,-2.0217795,2.919327,-0.06040336,-11.399962,16.655828,-6.695537,-3.083193,-1.0992606,-6.5181084,-1.021891,4.6096373,-4.7413845,-8.470924,-6.221706,-4.5862594,-6.139236,-4.3632636,-0.877142,0.66742027,3.3190386,7.7080436,2.689927,1.122295,-11.275254,-17.455275,-2.5198884,-9.912882,-3.1618035,-1.6525369,-8.184148,-3.4965,-4.0564027,5.59219,-4.7763357,6.510022,0.14578813,2.8770866,-1.1822997,-1.9249667,5.7657633,-6.5558987,-7.2553964,-4.3978105,-12.027188,-11.250352,-9.16191,-4.6796765,3.1461508,-0.06646794,-4.198235,-0.5463739,4.958299,-0.14216863,6.1936655,5.659495,-0.91809875,1.0129818,0.5563562,-4.5390115,2.1294715,-3.9733768,2.4242048,-1.4592957,2.974459,2.3234258,3.0551863,2.291389,15.177355,9.0027075,4.3830323,7.9972196,-4.9341927,-0.811936,3.5219953,-14.835076,-6.85161,4.618796,2.0021427,-0.5076849,-2.8826456,0.7938983,0.90498745,-4.1323843,4.884497,3.257074,-1.132928,-0.3854489,-1.6274726,5.4509172,8.375628,1.4002284,3.3724284,6.362075,1.5468253,-1.8275889,2.3706465,-0.6150524,-1.5519801,-1.8370672,4.096059,0.0,0.22023955,-1.0596114,1.585423,1.5964375,3.4325411,6.659588,4.849441,3.7415059,2.6576338,-1.1986415,0.0050929547,-0.4434957,27.876154,3.2744946,-4.3751273,1.2451982,5.780306,5.923589,5.9815226,-4.6927066,-1.4626101,-3.4713001,20.949055,9.000082,4.7959943,1.5319617,3.982588,-1.6329811,-2.0568163,1.386593,0.31098482,-3.6164615,-7.7392974,-3.2882805,-0.7933231,-4.4497952,2.9012237,4.20962,-2.2762294,-2.0396776,-0.014006541,-6.4049044,1.1919204,-2.1193113,-0.052670997,-3.052204,3.3715577,2.079685,-7.4203672,-6.7925477,-8.084931,-1.70895,-8.760402,7.996064,4.503542,-9.387409,-2.107582,1.0442152,0.040261548,-0.6352664,-3.2218654,-3.7941296,-11.147525,-2.5567582,-10.505973,-0.30604404,-1.9512328,-4.062871,-3.876806,3.8688612,-6.700125,-0.86300975,1.211948,-12.467609,-15.743664,4.219407,4.722496,7.484787,-1.3870834,-1.5199548,1.3710874,-1.365139,6.9008865,2.232901,-2.4983523,7.4516735,-2.701209,-12.169389,0.9689172,-0.48895544
34,-2.690539,4.9531093,-2.860659,-2.8806367,-4.3763,-1.7633122,-4.990316,-4.2498302,0.43989784,-0.61449456,1.4563894,-2.9688444,-3.5517294,-5.1382813,-0.74161917,-2.046412,3.1352336,-5.4874954,-1.8337418,-6.3831506,-0.6526618,-2.6098983,1.7032741,-1.7971839,4.614656,-2.25914,3.4662013,-3.1684353,14.859313,-10.158468,-10.950235,-3.078814,-18.29135,-6.8443174,-0.6081729,-5.2243505,2.547988,2.750225,-1.3541622,1.5234966,4.2442055,2.5100124,2.385652,-0.03923593,2.9427528,1.6212728,-0.7122989,-3.4508343,1.7587262,-2.711094,-2.3567472,-1.34776,1.570667,1.910958,-0.30010617,-3.6367438,1.2557023,-10.88018,-8.188902,-5.3083878,-10.50724,-12.428424,-4.5824966,-10.633932,-4.2361298,1.0108964,0.1385674,-6.23755,-12.280994,-4.728921,-7.3606005,-6.679613,-2.8964431,-6.2947097,3.426747,-0.45959166,0.13914134,-5.3829083,-4.576072,-7.594013,-1.3442158,0.36913136,-4.822968,0.22880822,0.78844637,-5.4399805,-12.696765,-1.3797458,-0.71060926,-0.0028111562,0.3416037,-1.3740224,0.74414957,-3.4536726,6.4610667,-3.0103166,-1.962615,-9.147918,-0.2828072,-0.77953666,11.634319,-1.3716033,-29.891783,-7.385247,1.5363765,-3.0173416,-6.526253,-0.37863702,-6.7706428,-22.824392,-4.2862725,-9.555606,-0.6357943,-4.6108036,-11.233836,3.2742856,1.6280979,-3.7906966,-5.418284,-2.1832814,-7.4544463,-3.4610982,-1.8588259,-9.363955,-5.719138,-8.263504,0.18122387,-10.045891,-0.9088653,-10.702184,-0.76834655,1.7687534,-1.6575471,-6.5391884,-3.8165956,-1.4988271,4.7970743,3.0438473,-4.0441113,-0.98231065,3.1725614,-3.7130818,2.111423,6.929364,4.0366516,-5.0446124,-6.5473633,-6.8230643,-1.1962079,-1.842582,-5.7430015,-4.1712666,-8.542924,-12.873816,-1.9154087,-1.0287176,7.194778,-2.549899,-0.78867185,-16.374044,-5.753992,-5.344851,-6.543338,7.0598526,-5.109176,-4.3800755,5.785981,-2.7151463,0.1956993,-2.243397,-0.0036825768,-0.1382385,-22.699593,-3.8681347,-7.565146,-4.605665,0.8679702,-14.314642,-15.656066,-15.392321,-4.62057,0.9892513,0.06849315,-4.127485,-3.5039537,-2.3628676,-8.0630045,-2.6815414,-2.3814769,-0.22691582,-1.3445306,1.4899846,-4.7233095,-3.3574939,6.4078856,-5.6251936,-3.4308445,-1.9106772,-1.2041726,-0.55528027,-1.3691351,0.27674147,1.9913477,-6.5121355,-6.1215186,-4.159509,2.0700223,-2.205612,6.337681,-4.990161,-3.868621,-0.13169006,-11.477724,-6.079497,-5.4060245,-2.107973,2.2239354,7.3514905,-2.4978213,-2.3535726,2.3495429,-6.1812544,1.888645,0.9358773,-1.960921,-2.1841328,0.5426179,-4.0281277,0.05337694,-1.5536138,-0.186094,3.0116262,-5.596498,4.0340476,0.9761308,0.53079075,9.189533,-5.4546137,-2.716693,-7.0356045,-13.1450815,-10.900802,-4.0474324,-7.6432447,1.5501206,6.825151,0.48625675,-1.5760162,-17.82107,-3.9317274,-3.214923,-3.2176993,2.4966607,-4.1871943,-0.9186647,-1.0124042,0.16365406,-1.701179,4.2862415,-4.0936646,-1.1838009,-0.47363037,3.0330367,-2.4794726,-3.360676,-6.2998867,-2.0092595,-0.371014,0.8004006,0.0,-0.0037484297,-1.4916393,-1.7347203,-3.875951,0.5270593,7.65674,-0.44452438,0.6014151,-7.608562,-2.7448432,-4.710901,-8.614657,-0.05748882,-9.306064,-4.2781305,-3.0368955,-8.478931,-8.955785,-7.919705,-18.376192,-5.053767,-7.985823,-5.869695,-1.3652972,0.28909189,0.397119,7.298606,1.3234558,1.528356,-10.367586,-4.5441957,-4.2396464,-10.987176,-10.669992,-2.181704,-11.151081,-0.21891433,-1.7321494,-3.451789,-3.2430384,-3.4436622,-6.79409,0.93011576,-3.5849922,-4.1333323,2.1132383,3.084856,5.467704,-2.141902,-5.372859,-2.9628508,-0.222169,-2.0279107,7.6970463,6.113,-5.039578,-8.672717,-1.3481086,1.62296,-1.3870943,-1.9657508,4.2157264,-17.579107,0.08635508,-10.122793,-3.969126,1.6259074,-1.1110598,-0.47369194,-3.563873,0.23665491,4.742021,-2.5941596,-11.507061,-4.4771395,1.1519134,-3.7610757,-2.3697326,-2.678225,-2.5370028,-0.61790365,-5.974065,-8.857623,-6.197223,-3.0844624,6.010839,-2.2492068,-26.043821,-8.738154,-16.252516
35,-5.7947927,6.559639,-2.2831988,-7.0842485,-5.7392716,-6.074362,-9.422019,-16.624329,-11.398994,-6.937031,-8.358002,-13.56019,-6.3323913,-14.910117,-5.0760593,-2.621346,-4.4392715,-12.956313,-2.2716844,-4.92469,-12.300826,-4.5555196,-9.086345,-21.37621,-10.080658,-6.2136545,-6.7100015,-17.094032,7.7238083,-15.14939,-8.697675,-10.779947,-16.886854,-3.8753126,0.9904886,-12.907733,-11.22453,-14.113069,-6.854628,-13.072579,-12.80318,0.7144325,-11.30453,-7.181271,-4.547682,-4.4578314,-6.9249682,-8.113781,0.42181075,-0.5357099,-8.323579,-10.623637,-2.5167327,-6.8001084,-7.0363364,-19.634533,-11.140367,-28.58524,-21.623442,-20.72015,-24.86803,-21.64234,-11.958782,-11.897119,-14.59501,6.188092,-10.014705,-13.781691,-19.44554,-11.348163,-15.361629,-8.209865,-13.817255,-10.768902,-2.852996,-5.149923,-0.043845993,-13.528836,-11.640457,-16.186113,-14.55102,-7.345013,-20.755169,-14.606577,-3.8469326,-18.467342,-24.288446,-0.24736151,-2.4811635,-0.022344314,0.33869448,1.0930068,1.7356358,-4.3660645,2.266887,-2.239456,-14.191725,-14.139503,-19.38958,-11.102085,-10.699578,-15.949146,-65.174355,-39.001377,-13.065504,-18.27069,-31.883827,-17.225992,-23.999409,-29.800552,-10.600789,-13.385235,-13.467094,-22.119253,-21.959482,-5.2398443,-0.012371988,-11.39137,-17.300547,-20.305426,-13.963319,-3.4335217,-0.46710622,-21.30979,-14.220623,-8.599053,-20.462399,-19.254997,-8.229773,-11.353462,-1.1865574,-0.53525454,-4.4989467,-4.328237,-8.722281,-2.3429518,-5.57987,-0.90815306,-12.495231,-3.5135303,-4.23362,-3.5175269,-2.334073,3.0382721,-0.590589,-3.1048214,-18.379368,-20.09238,-11.04749,-9.530512,-12.911784,-8.776596,-12.371712,-11.918819,-4.138574,-4.4692025,-7.531014,-6.688319,-3.4565413,-36.453873,-9.581876,-14.367559,-9.518649,-7.6766415,-7.408284,-1.8318689,-16.621466,-7.668799,-6.2095737,-6.6780047,-1.1568675,-0.1894743,-34.747337,-21.307812,-19.436958,-16.244993,-1.419177,-19.524584,-30.892006,-28.717695,-6.049123,7.6873074,-0.027423395,-6.4964814,-7.327991,-8.926657,-7.345257,-11.91677,-12.874203,-6.0768123,-3.8358922,-5.63166,-5.9027276,-11.084131,2.3305774,-3.927555,6.710503,-8.804334,-7.8174124,-6.856613,-6.2709885,-4.554281,2.3194582,-18.547373,-9.859707,-10.515399,-3.6167915,-8.783807,-3.819454,-5.746654,-2.9125514,-19.067596,-12.304333,-10.348493,-7.43362,-11.524305,-10.822873,-3.0036995,-7.307196,-19.196589,-13.752168,-10.154293,-16.08055,-0.52066725,-5.4610033,-1.9883538,-0.46003345,-4.780762,-4.255811,-4.5370483,-4.129418,0.68144506,-12.767785,-1.1341066,-5.651536,-8.293242,-10.046869,-26.841917,-17.889956,-14.29062,-31.942066,-30.519325,-14.542841,-22.999033,-6.2510424,8.5783415,-5.873324,-5.1057014,-27.344273,-7.2410097,-8.110691,-5.7416067,-2.026021,-9.926586,-7.1012573,-11.77894,-1.759099,-8.395232,-6.2291784,-4.175876,-15.305492,-4.5732102,-8.027596,-10.67809,-6.73901,-15.388732,-9.097177,-0.6220791,-1.0912648,0.0,0.06014735,2.2708752,-1.603536,-5.148492,-0.22833847,0.42479438,-0.1490633,-5.4284205,-24.917149,-12.8563385,-11.218709,-10.075456,-11.572759,-16.474655,-16.27999,-11.109132,-7.686735,-12.468982,-13.666719,-46.402782,-11.002447,-16.546812,-22.67393,-14.9011545,-9.576466,0.6313152,-3.426405,-6.292655,2.8737211,-10.323224,-11.09146,-1.3603947,-19.006357,-25.606764,-5.000819,-12.631643,-8.852751,-11.990686,-5.9728856,-7.257409,-6.137503,-16.008574,-1.6360495,-8.929593,-5.170462,-3.0355005,-0.7567716,-2.6203518,-5.947509,-5.0573225,1.5757102,-2.6739705,-2.574569,3.4462588,3.3488135,-3.3061333,-20.406673,-7.4470186,-4.683276,-2.6552384,-8.369885,0.13115403,-14.886924,-8.218247,-12.667306,0.11653372,-0.35063165,-9.697137,-3.4830146,-7.0269117,-7.9988317,-2.117427,-13.828821,-16.461412,-15.032138,-3.4945395,-9.819565,-11.090199,-8.702642,-0.3962016,-0.24648346,-3.1929886,-33.460766,-11.634138,-9.706818,-9.938344,-3.0104434,-57.119545,-19.870037,-35.90513
36,-12.932071,-15.139966,-17.072268,-17.659327,-13.952746,-10.954692,-23.42701,-22.95754,-20.39412,-16.058815,-17.54461,-25.272003,-7.021282,-38.82229,-11.439487,-15.871241,-11.970143,-19.92648,8.655101,-7.515923,-22.408592,-20.146873,-27.925068,-53.63415,-22.380095,-13.116248,-17.130114,-26.447704,1.5874369,-22.221525,-34.588802,-28.134262,-31.246157,-10.94243,-10.230903,-17.368841,-14.222764,-21.982798,-9.585576,-12.680112,-19.17501,-3.7734222,-21.59267,-15.312752,-14.604499,-2.7925432,-11.5679865,-6.533698,-10.067888,0.78625816,-18.021358,-17.382055,-0.38704532,-16.255674,-12.833214,-23.727512,-17.792974,-20.60066,-31.282927,-31.003244,-50.761864,-22.12471,-23.742332,-25.153759,-30.690376,3.0095627,-18.527016,-18.624132,-24.121525,-13.50283,-23.256231,-16.869194,-21.936563,-19.372839,-12.15082,-13.389843,-0.53137124,-26.738144,-22.428316,-29.61513,-23.781694,-11.658083,-29.280943,-21.836044,-7.0257998,-28.303755,-31.035917,-3.1868985,-0.2946549,0.034842357,-0.071775615,-1.9243802,-2.3138196,-12.265674,-10.014537,-7.826251,-20.719778,-20.490294,-37.929478,-39.211983,-39.650185,-34.653908,-94.27157,-46.734676,-37.88246,-37.6976,-49.454273,-34.888443,-34.274494,-42.261787,-9.809592,-17.289482,-25.667488,-43.182384,-36.27294,-12.779709,-4.496032,-19.488632,-22.126774,-19.59455,-25.043312,-2.9653528,-6.6590266,-26.826962,-23.004898,-8.378319,-17.154615,-33.181232,-25.778112,-31.882454,-3.0713043,-2.6667545,-8.392719,-6.197872,-13.639275,-2.0137067,-12.499032,-9.336476,-27.157005,-14.952441,-13.079543,-16.408026,-8.714556,2.2302427,-9.710294,-4.6669693,-31.9622,-28.59586,-20.182594,-21.290852,-16.131775,-10.329903,-27.751884,-23.394133,1.0929837,-5.1069565,-9.058204,-8.411218,-8.604002,-25.043999,-15.796628,-26.46992,-24.152758,-5.75879,-8.137394,-5.475438,-27.374912,-31.762722,-21.595829,-15.519851,-9.22659,-0.38987705,-51.938725,-34.7595,-36.743713,-37.538673,-2.48859,-27.039465,-31.525993,-43.401867,-14.565908,-0.110983476,-10.046967,-16.40184,-16.844385,-18.569157,-22.617014,-14.742645,-22.995584,-13.732885,-9.467158,-13.634905,-2.7522664,-22.757185,-8.885516,-12.69681,6.122522,-21.228704,-10.329466,-11.801778,-15.76,-21.563723,-3.61977,-39.94491,-18.398914,-16.255426,-18.352919,-18.256258,-2.0790868,-19.989635,-19.223846,-35.76441,-19.66411,-24.922886,-10.203167,-17.432943,-18.261644,-7.4285674,-8.645868,-29.603027,-24.804422,-15.5403185,-22.877974,-3.500031,-12.914303,-5.7624297,-5.7319455,-3.6724842,-7.374619,-9.277661,-9.691931,-10.0555,-16.774685,-12.141853,-11.294777,-14.859678,-19.404007,-47.313812,-34.77007,-31.103104,-60.200115,-35.98854,-23.518703,-26.031029,-15.018796,-6.935962,-12.303149,-14.376142,-37.719555,-12.032911,-14.030303,-11.696417,-10.343973,-18.49758,-8.333164,-19.582426,-3.227784,-14.054668,-3.336381,-8.814709,-21.442179,-16.585001,-18.560307,-19.630033,-14.898728,-25.966808,-18.221767,0.24464418,-6.9656696,0.0,0.08721652,-5.2012534,-3.6764526,-10.969662,-14.012833,-7.603015,-5.42174,-15.299869,-37.31764,-25.282595,-21.622087,-26.286993,-27.548904,-22.924627,-18.52396,-18.336294,-27.025103,-31.7083,-17.848896,-43.883553,-7.795743,-25.074236,-58.822746,-38.159912,-26.95347,-9.043185,-1.6769407,-10.627129,-7.8977222,-25.69552,-27.48963,-4.4714026,-35.35907,-43.71461,-16.914944,-0.367417,-14.738927,-15.244652,-19.370785,-22.925777,-8.287578,-21.211895,-9.817784,-12.037155,-7.6196575,-5.9669147,-6.0651426,-11.362482,-15.007283,-5.186506,-7.0092106,-13.72685,-6.446287,-1.0302523,0.9609544,-7.5969777,-30.775974,-15.21731,-10.748719,-7.62132,-10.973439,-4.400017,-21.245867,-26.024237,-22.845741,-1.8598782,2.9136295,-8.132378,-10.956309,-20.136826,-23.47627,-24.266651,-24.309864,-15.045877,-8.214839,-5.773131,-21.788412,-21.671556,-12.27756,-4.650693,-8.809184,-5.0377216,-76.899475,-34.39718,-21.342665,-15.672264,-9.107745,-62.82067,-29.280167,-40.50493
37,-18.927864,-14.310665,-21.43569,-24.444689,-19.909264,-14.371965,-17.250587,-22.809278,-19.876392,-15.125251,-17.91325,-19.619276,-16.482767,-34.91731,-11.258106,-18.1168,-14.187376,-26.320953,-10.7136135,-12.841529,-16.529146,-22.714233,-24.275848,-44.70172,-25.28426,-14.394524,-18.5256,-26.02088,1.4288787,-20.938498,-42.658188,-24.911335,-36.959248,-26.258795,-17.42839,-19.992289,-18.345171,-24.23051,-8.253507,-17.00831,-17.638273,-2.7144997,-19.575426,-14.914999,-16.663013,-1.0273085,-9.112167,-8.779078,-3.1249413,0.5920247,-17.622078,-13.467555,-3.7124212,-12.136716,-11.464424,-19.9441,-19.621529,-15.155518,-33.02128,-27.503258,-51.64048,-26.794607,-22.46947,-23.87566,-29.231579,1.7903596,-16.986444,-14.387751,-20.696953,-12.003896,-17.857208,-22.030334,-19.204832,-18.898874,-15.694553,-12.253114,-0.9274206,-27.732105,-17.95904,-28.628649,-21.219177,-11.769095,-27.09788,-20.928804,-10.163464,-24.488184,-34.01312,-2.3105383,1.3276886,-0.029662857,0.17751291,-1.0974358,-1.9916487,-13.308234,-10.159049,-8.268786,-21.370163,-14.126294,-41.857502,-44.66291,-53.844322,-36.455223,-66.79033,-53.967396,-48.12673,-23.785267,-39.165333,-43.1683,-34.73512,-46.00655,-9.965089,-16.634045,-27.598408,-44.53617,-43.36168,-7.130567,-10.476941,-17.576763,-33.182556,-13.197945,-24.167017,-9.724951,-8.286595,-35.904232,-20.943956,-14.87551,-25.602434,-26.461643,-27.12082,-37.95205,-4.61229,-6.039225,-11.8541765,-6.7572184,-10.698698,-7.8741584,-13.136874,-7.9805455,-21.828943,-18.19609,-8.021539,-18.824348,-6.9005423,-9.610747,-10.652976,-11.414361,-29.010939,-23.915365,-20.267519,-27.245506,-17.813293,-13.16913,-28.598455,-22.284988,-7.734256,-17.37423,-0.79881567,-7.7412286,-13.0951,-27.147535,-16.044975,-22.002075,-26.059141,1.5981228,-1.2637568,-7.5817227,-18.501436,-35.050694,-17.694586,-16.584696,-10.881169,-0.26693296,-52.38264,-20.111248,-43.346066,-23.44141,-3.2891178,-30.95178,-29.318214,-39.08124,-19.714457,-6.38789,-25.335861,-24.587952,-22.84809,-20.735071,-29.294271,-17.266596,-22.769085,-8.477563,-12.4673395,-15.41974,-10.216541,-42.958252,-15.432657,-17.382484,0.1657672,-28.022964,-8.993145,-17.724573,-15.7382345,-25.499996,-8.745618,-37.210316,-17.500183,-17.358526,-12.928098,-17.091412,-8.946532,-23.197762,-34.420998,-38.129307,-32.538708,-30.7327,-15.403155,-22.915073,-14.108012,-13.458604,-9.064962,-31.026188,-33.489506,-15.02448,-23.934778,-7.8890886,-10.9723835,-7.806654,-8.027281,-13.898782,-7.981879,-7.4043355,-11.933829,-9.996008,-20.095114,-10.242612,-12.337465,-13.659983,-33.100643,-43.159763,-35.087513,-30.813475,-59.524,-35.86316,-26.915854,-31.486217,-12.678554,-8.676408,-13.792065,-14.702418,-37.82209,-14.627957,-11.992144,-9.012044,-10.277743,-18.46564,-8.919794,-19.449734,-3.4287968,-17.91279,-13.909161,-16.006535,-17.182688,-19.596497,-17.9705,-16.66772,-18.086159,-26.923101,-16.609205,-1.9570729,-6.2735615,0.0,-0.002813272,-3.0552266,-0.7007408,-12.875245,-11.594194,-13.951328,-15.304843,-15.044717,-38.686825,-28.571991,-22.712849,-31.355421,-27.505095,-34.313374,-21.778776,-10.012159,-32.086487,-32.599632,-15.2710905,-35.985184,-9.021401,-21.183372,-71.83273,-36.942482,-21.674618,-10.922772,-10.493038,-11.939262,-25.444939,-17.884764,-31.054579,-3.79304,-39.439617,-40.585846,-14.140108,-2.7510178,-9.6325865,-16.375671,-16.616032,-15.479545,-9.519019,-18.016739,-15.129905,-9.255608,-9.338965,-9.3722515,-8.262368,-15.252167,-20.983871,-7.1566234,-5.547394,-27.978031,-9.358352,-12.824666,-6.153726,-13.774246,-24.735598,-15.702745,-11.936447,-12.013277,-12.938059,-12.300927,-19.010237,-29.5122,-12.339206,-3.2557466,-4.623356,-10.566143,-18.149458,-17.418253,-26.715647,-22.985224,-26.592081,-17.513977,-19.649113,-6.314266,-25.365528,-17.020927,-16.58505,-5.608578,-8.957318,-5.738898,-83.16728,-30.13657,-19.842155,-10.675748,-7.6863546,-47.49635,-26.734154,-40.86625
38,-17.630714,-1.4872774,-25.534498,-26.318495,-21.598202,-15.467176,-16.372473,-20.92589,-21.412622,-16.350662,-17.919107,-22.722416,-11.694667,-36.3763,-13.422176,-22.44992,-9.889855,-25.82941,-3.6602843,-12.061049,-14.774825,-24.497786,-18.69907,-55.071323,-31.01856,-12.652271,-20.21259,-18.802298,-1.4551898,-21.818464,-35.270786,-17.766891,-30.69301,-15.942896,-17.988728,-14.808911,-14.201187,-17.42717,-10.213655,-10.436254,-15.829847,-2.7355952,-16.190079,-11.092591,-15.254733,-4.016534,-8.692962,-7.265694,-6.0328674,-3.0807164,-14.451526,-11.2885895,-4.5076356,-10.635533,-14.269344,-15.200621,-13.914898,-9.761584,-25.55654,-17.294586,-46.989727,-17.749228,-21.118946,-21.566395,-31.988625,-8.32079,-13.402054,-14.812884,-13.584026,-8.415935,-8.432459,-22.62438,-18.177269,-11.465479,-11.480149,-11.040265,-1.070401,-21.81694,-16.389692,-21.444485,-13.367223,-13.4655485,-21.447914,-23.238697,-12.759634,-25.360182,-32.362423,-4.584209,0.11785138,0.044684395,-0.24571082,-4.4387274,-2.2649288,-14.043061,-2.638948,-10.3160515,-17.257116,-15.710406,-38.70862,-40.43848,-51.975956,-38.17425,-69.88876,-53.99266,-45.262875,-23.593504,-39.222775,-40.561333,-32.551075,-43.0993,-4.304531,-18.493763,-22.696598,-38.417564,-26.448914,-4.195393,-5.2627544,-20.411636,-42.638237,-13.651926,-31.914589,-9.572992,-10.90754,-29.429283,-23.482368,-17.504421,-23.66485,-30.219759,-21.670279,-34.05953,-4.3474092,-5.362856,-13.289057,-7.309244,-9.01913,-7.339965,-13.66966,-19.377146,-17.885872,-13.336126,-10.001649,-21.786118,-14.556699,-6.8134003,-10.208507,-9.895938,-30.21118,-23.02098,-17.103746,-21.60485,-18.483444,-13.193366,-30.938892,-16.907484,-14.770404,-8.404476,-6.275469,-0.5922541,-8.65311,-24.210516,-12.645812,-21.091375,-25.093779,-11.194145,-13.763461,-2.6268024,-20.309267,-31.91498,-15.140649,-15.464816,-11.081856,-0.18336971,-31.477144,-29.898573,-42.678535,-22.764301,-4.5096445,-25.524633,-25.699295,-31.830591,-20.438768,-5.812782,-26.175716,-24.54922,-19.825798,-20.86223,-28.943834,-16.747639,-21.03386,-13.03613,-12.552802,-11.867669,-9.708866,-38.174133,-14.001419,-13.654356,-6.9323854,-31.859982,0.47161505,-13.3361845,-18.961662,-26.74501,-5.3437986,-34.40657,-14.201709,-16.711813,-11.69788,-17.731901,-9.34093,-22.390537,-28.071468,-26.91273,-29.378052,-34.43987,-18.28779,-19.395418,-22.15385,-11.289459,-13.453172,-30.26672,-27.544666,-15.790316,-14.324298,-8.8042,-12.540928,-3.8397884,-5.1394343,-7.3786793,-11.280179,-10.532866,-9.7859125,-2.1621318,-20.951889,-9.517992,-11.099564,-15.868285,-23.019905,-33.178387,-21.838959,-17.353691,-55.123608,-22.471302,-27.163635,-19.909294,-3.9465654,-11.1337,-11.565925,-10.700576,-27.518366,-11.828693,-9.283699,-11.371133,-6.3381143,-20.136301,-9.789361,-16.124123,-1.4847081,-18.286406,-7.614287,-13.907805,-17.59703,-21.454504,-13.5996,-12.558835,-14.34727,-23.241116,-15.136745,-3.3074746,-3.3887694,0.0,-0.31505123,-5.5044003,-3.1748853,-8.732027,-2.8445458,-6.44263,-9.194348,-14.5370455,-36.66842,-24.801233,-21.117504,-26.224174,-15.73167,-22.081158,-23.16336,-16.135593,-25.145697,-28.653084,-14.006788,-34.26008,-7.683754,-20.768053,-49.252335,-30.649158,-21.297668,-6.084094,-9.534681,-11.222363,-24.613638,-10.278019,-32.375244,-4.7799487,-38.755062,-35.949528,-14.632149,-18.378382,-16.357193,-10.656239,-13.050411,-18.097248,-9.636882,-17.262802,-17.593693,-7.237986,-10.095036,-8.294012,-14.826948,-19.519718,-18.53502,-8.558794,-5.7629933,-26.237446,-13.132647,-13.301003,-13.872714,-14.288261,-22.31198,-14.460811,-14.941467,-17.514744,-13.440465,-7.2626977,-32.562027,-15.909108,-14.331525,-8.641217,-12.688603,-9.138637,-14.7152405,-19.286945,-37.272297,-25.770544,-30.08251,-22.273788,-12.585809,-5.3153872,-19.28965,-18.795223,-6.6973324,-5.6340356,-4.167045,-5.99776,-69.34803,-26.171227,-19.306688,-15.018973,-4.2471194,-50.602943,-18.247374,-27.796003
39,-17.572186,0.3296207,-23.541344,-26.308554,-20.061834,-10.865876,-12.512542,-19.467386,-19.041985,-13.726604,-11.142147,-16.896717,-11.794255,-32.786957,-14.053082,-20.932589,-12.242722,-24.8525,-8.590205,-9.686881,-12.745237,-24.446392,-12.240559,-36.49614,-18.366425,-8.087836,-15.340429,-15.14915,-8.1608,-20.52174,-21.538935,-17.173367,-8.275435,-16.284498,-11.059406,-10.75186,-10.645566,-16.606138,-6.907009,-8.663607,-19.79766,-0.2931903,-12.427291,-9.68828,-8.948509,-6.7354274,-6.256325,1.9836404,-2.1234086,-8.143031,-12.412042,-7.3251185,-6.1043115,-8.499704,-7.4605746,-12.860585,-13.674023,-14.458574,-15.845928,-7.586027,-32.65534,-10.470687,-10.912628,-6.9807773,-17.641832,-9.722049,-7.9572635,-9.797935,-6.21244,-7.9879413,-8.867652,-20.40935,-13.360397,-9.540023,-2.6397784,-9.1399355,-0.938518,-12.867971,-9.837231,-23.43889,-8.926862,-8.337736,-16.095222,-18.032671,-10.960825,-22.007235,-25.248178,-2.8160584,-1.6269625,-0.036770504,0.18600994,-2.621477,-3.8734,-7.8818774,-3.155585,-6.9716697,-10.974642,-10.6978655,-29.157928,-33.6971,-41.602333,-22.132135,-51.22566,-46.203396,-37.236046,-14.008816,-31.132572,-26.824322,-19.307549,-39.535778,-3.3630626,-12.672918,-13.740714,-28.541134,-18.103743,-5.7866683,-2.838051,-15.46157,-59.35839,-18.2345,-35.48834,-4.760694,-6.27368,-29.223928,-22.110788,-29.385286,-4.1433544,-24.818281,-18.164885,-37.509727,-3.8531,-5.805572,-11.640969,-7.539218,-13.714091,-6.711831,-10.359151,-11.882363,-21.497835,-12.301173,-3.6286998,-18.950941,-12.223239,-7.1178455,-9.377042,-0.73258424,-26.840492,-19.466162,-16.572906,-14.139274,-19.157728,-13.840698,-33.4846,-9.581585,-6.9624085,-0.07115831,-5.572285,-13.563475,-9.048993,-20.91478,-9.305691,-24.125896,-21.190836,-10.659189,-0.80925936,-6.3426614,-23.994534,-17.554176,-6.366662,-16.222198,-9.188146,-0.6227127,-28.65135,-30.398533,-36.516026,-12.113452,-6.8274884,-29.19563,-10.506075,-21.993244,-19.36359,-13.536535,-28.270092,-26.68966,-18.573374,-17.434431,-28.38757,-10.794205,-16.137688,-11.525482,-13.385494,-13.974475,-6.728873,-44.649197,-19.089762,-14.413052,-2.3376591,-26.888084,-9.438931,-12.670481,-11.005246,-21.790628,-9.973226,-24.559248,-17.045187,-10.67158,-18.30606,-17.325964,-6.16378,-16.53121,-24.95753,-20.533476,-27.719135,-40.109955,-15.02325,-14.800567,-7.741544,-10.449832,-10.944071,-19.288832,-22.864906,-13.516543,-12.559047,-6.1891694,-14.913558,-8.26717,-8.665195,-8.824795,-3.4671452,-15.223268,-7.7104106,-3.163783,-15.894757,-6.8296375,-7.2097735,-13.704403,-28.918703,-36.787376,-19.495512,-11.538162,-35.608624,-15.504621,-22.462618,-23.436796,-6.0373526,-15.535024,-8.751819,-7.7339973,-17.644516,-9.214351,-7.9234776,-9.884963,-7.37401,-8.394168,-8.936333,-14.246791,-3.8059223,-16.165464,-10.412986,-9.554916,-13.751962,-17.956532,-10.426818,-8.462378,-18.622799,-20.597446,-11.954328,-3.4832675,-0.77054095,0.0,-0.7052903,-4.2077665,-4.893043,-9.669257,-5.0681725,-7.720916,-9.683246,-14.924083,-28.242321,-19.308432,-10.534763,-21.224747,2.482366,-19.606554,-17.863571,-5.4573483,-27.812616,-25.736116,-10.591728,-32.936203,-10.052018,-11.654031,-49.41584,-24.519543,-12.777807,-4.187059,-8.482881,-1.9201509,-47.1034,-20.41696,-28.311731,-6.823279,-42.14998,-32.682037,-13.239139,-24.029528,-9.573085,-8.025628,-16.084066,-23.589245,-9.295972,-15.171552,-17.41194,-2.9406986,-10.516142,-12.71163,-14.096208,-21.23891,-21.215025,-5.1778283,-4.9225426,-22.924936,-12.644914,-15.994939,-11.72617,-13.915222,-22.39791,-11.393962,-16.01773,-13.866478,-17.285679,-10.28511,-25.619755,-19.757412,-29.333534,-9.972282,-12.154324,-3.7611961,-14.529709,-22.55843,-25.753109,-26.952452,-28.24801,-13.801432,-18.977423,-7.3026514,-13.249534,-11.036671,-2.6763868,-5.055829,-4.6414,-3.6709228,-59.63718,-21.465708,-17.21482,-9.966987,-10.591409,-48.243454,-13.070136,-21.215158
40,-19.870672,-5.712833,-17.357111,-21.833364,-18.253075,-10.622216,-15.058164,-17.039454,-15.0484295,-10.932764,-8.5843525,-13.293524,-11.585123,-31.600533,-14.061208,-18.435389,-9.653451,-20.54617,-1.9944824,-10.005093,-11.984915,-22.951073,-12.501178,-29.937927,-18.587818,-7.968885,-22.7721,-23.490738,-11.559169,-30.621367,-22.387177,-16.121685,-26.696236,-9.618407,-5.736051,-14.798942,-10.613846,-19.434973,-4.518928,-8.84436,-14.191757,-3.618717,-6.4654713,-9.864568,-11.742929,-2.7982345,-7.7354116,0.3685427,-3.7949297,-9.843425,-11.33612,-12.217844,1.2346528,-6.5589094,-5.394232,-11.696937,-15.637191,-9.567576,-10.181053,-12.561287,-26.822289,-12.633665,-8.658175,-4.2955465,-26.480968,-6.696529,-9.620607,-6.912724,-6.459629,-2.0924013,-1.6632991,-18.122831,-16.820648,-7.8779287,-10.620019,-6.52615,-0.75686926,-12.749977,-13.391871,-17.47593,-9.021455,-9.002394,-12.336463,-13.1288805,-9.910944,-18.780636,-17.960897,-3.9051108,-0.84566283,-0.12838665,0.18932931,-2.7201521,-1.8009927,-5.894193,-2.26983,-10.804878,-9.295619,-8.576276,-19.038963,-26.630285,-20.401289,-18.160238,-68.578926,-37.0306,-26.114017,-15.1192665,-31.744932,-8.1138315,-11.688766,-29.601395,-5.2617855,-11.339646,-9.701626,-16.997698,-10.929307,-9.825565,-4.2014513,-22.757713,-28.706774,-13.119755,-37.51722,-3.7881665,-3.1765199,-18.448606,-20.136585,-14.300582,-6.3847437,-19.865772,-18.727633,-27.56443,-3.2462323,-4.8456116,-13.035308,-9.193903,-13.87001,-7.839226,-11.902371,-15.023775,-20.930407,-11.932197,-13.902707,-17.44693,-14.136472,-8.953675,-12.17861,-11.683302,-17.843838,-19.322012,-12.876099,-15.977492,-16.471724,-12.906235,-21.976332,-7.4311285,-14.158615,-6.3731394,3.1011164,-3.9877274,-4.661467,-30.62869,-20.009195,-23.390026,-22.117836,-13.249007,-0.06902248,-4.386838,-9.052629,-9.440029,-11.324799,-12.4663725,-4.675146,-0.1363082,-41.009197,-29.155277,-30.839994,-14.795138,-1.2037518,-27.558247,-12.16458,-19.22129,-22.25837,-18.21269,-30.062021,-25.547705,-17.251469,-17.83594,-20.471146,-13.144226,-17.481062,-7.3298984,-11.100678,-9.38556,-8.732975,-53.856564,-22.31723,-14.12207,-11.032369,-23.882494,-5.6001067,-11.604672,-18.82036,-26.5313,-13.5552225,-19.873962,-9.069625,-9.9629135,-15.144826,-18.046764,-12.052164,-27.163534,-26.655489,-22.21071,-29.25655,-29.650887,-25.535429,-18.131325,-6.3100934,-11.120787,-12.505007,-17.606722,-22.13336,-18.570433,-9.625008,-6.0503936,-12.426051,-13.367631,-13.948914,-7.557725,-7.231268,-18.662186,-6.8713584,-6.1416473,-6.7851467,-7.333454,-9.731537,-15.7851305,-38.254013,-37.002518,-21.452673,-11.317323,-31.704004,-12.632003,-20.793827,-21.400099,-15.988189,-11.797788,-11.8136635,-12.816799,-12.595091,-8.872125,-7.922214,-10.081787,-5.158425,-8.260964,-6.2614865,-11.16346,-4.422083,-14.076496,-12.865491,-6.103499,-14.754774,-17.485514,-11.166899,-8.241977,-15.004171,-17.976927,-13.2501335,-1.7499683,-4.088574,0.0,0.14765826,-3.6483572,-1.0642997,-12.911325,-1.4309243,-7.2430754,-10.688074,-11.423744,-21.73302,-14.72154,-9.44405,-15.674914,-18.372095,-23.720715,-12.55991,-5.735258,-22.27983,-17.924671,-3.696353,-13.584861,-10.708008,-12.485827,-35.814407,-12.618496,1.3783674,-3.5499253,-8.616997,-8.402125,-22.808798,-8.520637,-34.580296,-4.166228,-29.782585,-27.563013,-15.2501955,-15.208219,-15.705799,-15.237128,-16.364792,-14.535614,-6.9690027,-15.686996,-18.430355,-5.833863,-12.533077,-8.984914,-17.082888,-24.584194,-21.060648,-6.6253295,-11.471504,-26.043968,-12.73701,-16.07455,-20.902899,-17.440983,-19.835968,-14.406853,-16.744513,-11.857408,-15.43482,-9.530754,-17.564938,-14.80483,-3.2137153,-10.235899,-9.915252,-9.418755,-14.342324,-4.042433,-35.585423,-18.878939,-19.464418,-16.29811,-3.5834036,-8.034645,-8.500984,-5.1031647,-4.5079737,-6.213799,-7.867654,-3.780491,-50.893517,-24.819876,-15.242369,-12.248368,-8.851234,-42.66092,-14.388435,-17.420527
41,-16.30571,-5.3252096,-5.8874664,-21.978916,-19.392195,-6.71334,-3.637984,-14.085756,-11.148437,-9.539635,-7.9498997,-14.605333,-7.0810027,-31.331196,-19.250578,-18.00045,-11.693567,-21.123938,-12.690683,-9.4899235,-12.347884,-17.732496,-15.928473,-31.416538,-17.582878,-7.5640607,-17.063498,-20.942793,-5.1646967,-30.858654,-34.339478,-14.979955,-28.689936,-16.47001,-14.352493,-11.018115,-10.254057,-10.58993,-4.355794,-8.175586,-11.063689,-1.541707,-9.618896,-8.986009,-14.252331,-5.8777833,-7.3970733,-3.5321386,-5.6012487,-15.14322,-12.539932,-8.2976465,-5.239235,-9.126912,-3.8111947,-12.895758,-13.950769,-9.101965,-13.270974,-10.422083,-25.720152,-13.460908,-12.319224,-14.931157,-24.291319,-7.301474,-7.982174,-8.010502,-11.293897,-4.7411766,-3.6890054,-16.714073,-8.776199,-6.9484625,-11.540203,-3.6512349,-0.7048162,-12.925279,-12.909111,-26.392338,-10.047457,-7.2770653,-12.989837,-14.317041,-7.04976,-17.36281,-18.605091,-4.73062,-0.8547632,-0.15034412,-0.36130223,-4.8355436,-1.855383,-9.108541,0.6027131,-12.703383,-11.873161,-9.964285,-21.47455,-25.479176,-22.73289,-22.872385,-94.93257,-39.755287,-25.297926,-18.27939,-31.330675,-15.739173,-11.580375,-35.01442,-3.5569232,-11.621813,-4.9889984,-26.610826,-17.228449,-7.607552,-6.0702405,-18.957144,-45.313004,-12.169458,-29.649645,-8.608546,-5.056727,-22.82985,-17.800087,-15.717095,-10.669698,-21.31647,-19.611677,-28.761297,-2.9857929,-4.866093,-13.677916,-8.184433,-14.234034,-3.9210854,-12.684146,-18.002247,-12.444587,-14.015148,-16.100763,-17.918922,-17.709166,2.3523202,-10.87495,-7.865732,-17.380577,-18.548029,-13.044222,-16.834225,-16.061663,-10.793312,-26.913143,-3.4648201,-27.761625,-0.7230519,-13.484336,-0.3623003,-6.98283,-26.421774,-15.749358,-26.064163,-16.98686,-6.1194277,-8.67167,-2.6056428,-13.7974,-14.789835,-10.577636,-12.193812,-4.589185,-0.35202873,-21.12732,-27.878721,-29.001144,-20.4819,-0.9693682,-24.071465,-16.101315,-25.964678,-20.56513,-14.877057,-21.130178,-25.9543,-14.10047,-15.119607,-15.569413,-12.530239,-15.395062,-4.6680584,-11.337622,-5.376463,-7.812578,-54.41744,-28.009865,-9.816749,-6.5204396,-22.14153,-7.941054,-16.15162,-10.456569,-24.555113,-7.869989,-24.921337,-7.579508,-9.670552,-10.067155,-20.72601,-11.704918,-26.748299,-32.069706,-14.772962,-38.096794,-30.20057,-15.928649,-5.894565,-16.217653,-7.752938,-12.55173,-19.251982,-18.959452,-19.716125,-4.3602357,-3.2557194,-17.009262,-12.558016,-11.8389635,-12.890339,-9.542937,-11.448753,-4.503673,-8.076047,-15.107749,-8.822772,-9.315355,-11.381945,-33.364594,-45.076607,-19.356148,-10.934147,-32.599182,-15.088062,-14.397917,-31.113966,-9.867554,-10.113659,-12.365928,-9.984908,-12.610751,-12.635284,-7.3587995,-9.602016,-6.1500835,-14.285462,-12.637465,-10.297949,-4.8123717,-12.431188,-11.147509,-5.2331614,-12.402554,-16.811718,-6.5756216,-8.50604,-19.380175,-20.357878,-13.263588,-1.6118904,-3.1249592,0.0,-0.007936087,-4.413824,-5.390841,-6.530742,-14.362514,-5.8053937,-6.1255407,-10.753821,-22.845425,-17.757284,-14.481019,-22.632816,-27.397692,-10.331284,-15.000104,-14.101309,-22.92919,-9.474415,-2.3326926,-17.209057,-11.8192835,-15.123236,-16.364206,-26.10158,-18.058884,-2.4282575,-6.446646,-6.5050983,-15.067741,-14.961914,-30.97535,-3.9555175,-27.825356,-33.78115,-16.344717,-19.569147,-14.858822,-11.01046,-13.826426,-11.266106,-6.985351,-14.274973,-14.485111,-4.4520993,-10.297652,-8.894476,-16.097399,-24.960796,-18.98278,-9.952858,-10.805632,-26.635805,-14.211352,-8.893823,-16.168821,-12.007828,-15.42686,-12.2262335,-14.415507,-13.379463,-14.693089,-4.0162325,-20.779974,-7.9821916,-15.990332,-7.724209,-8.38409,-10.855767,-15.271921,-10.165313,-36.59376,-14.620135,-21.56267,-27.262283,-13.35618,-18.245762,-6.842942,-14.317373,0.15082483,-5.5560074,-9.063507,-4.255735,-59.26563,-27.464468,-19.263569,-18.493673,-5.151488,-33.140255,-13.87847,-18.809244
42,-18.004965,-14.264457,2.4355876,-21.178936,-17.706478,-9.401619,-11.424748,-11.3216095,-7.6431656,-6.2566967,-17.482077,-13.571708,-4.62541,-31.153257,-13.350345,-21.786415,-9.105144,-17.277834,-11.224056,-8.8408,0.6111894,-20.491903,-9.39238,-27.658615,-10.847038,-7.184372,-12.1691065,-11.847467,-16.370148,-18.916447,-26.059076,-11.297134,-24.00596,-10.255758,-8.977739,-12.755244,-14.500002,-16.658453,-5.792332,-7.438679,-12.238303,-3.3651183,-7.04766,-9.809143,-11.210285,-5.6250343,-4.686311,1.9929836,-6.7652354,-11.045728,-10.8554535,-8.836772,-0.03922011,-5.312164,-7.276001,-11.6672535,-10.033871,-5.6369066,-9.23531,-5.334324,-29.140533,-15.247185,-11.578053,-4.5730214,-27.967234,-3.2346659,-5.710264,-7.7204804,-9.927051,-6.466262,-4.895153,-17.566637,-12.697613,-12.06487,-14.3278,-0.35294467,-0.18166505,-16.485075,-14.923423,-25.315212,-17.812727,-9.444972,-16.67621,-14.43648,-6.8170033,-19.788641,-21.500307,-2.7715786,-1.9468682,-0.09693848,-0.35216329,-3.564053,-6.215224,-9.880523,-1.5808481,-4.6023664,-13.971622,-9.833805,-20.980053,-19.804655,-12.872139,-10.515313,-38.480656,-22.404018,-14.781544,-17.784922,-20.966595,-14.660531,-12.165768,-30.09222,-7.9589844,-11.54189,-8.463543,0.86602384,-9.428842,-6.703945,-2.3174303,-9.922109,-32.855553,-0.9541055,-27.298006,-3.8147216,-9.330685,-12.531619,-14.840621,-15.084248,-11.886496,-20.236563,-20.488386,-21.566345,-2.604696,-2.6580515,-12.658476,-2.6798928,-7.876466,-4.9908953,-16.491537,-22.492567,-12.194788,-13.181885,-13.260054,-9.897842,-21.153467,-13.819371,-9.4808655,-11.290607,-12.713797,-18.273743,-15.655657,-20.987968,-12.647414,-0.023472685,-17.531248,-8.148629,-9.116873,-6.77144,-12.144013,-1.251982,-7.445207,-6.9397774,-12.973554,-24.679829,-13.878922,-18.43566,-5.800881,-6.0603056,-20.863111,-10.366506,-6.927981,-7.431727,-5.5732946,-0.31388304,-25.79629,-12.741593,-22.68203,-25.515123,-3.7218003,-24.398636,-12.278858,-21.643923,-18.218279,-10.895954,-13.629193,-19.98013,-12.333686,-12.778977,-14.443033,-7.981494,-12.967619,-2.8355951,-8.437429,-3.8752763,-4.280272,-45.187572,-17.749521,-8.19429,-2.9925122,-21.991917,-0.5405124,-10.2846985,-8.746908,-23.009161,-14.508496,-16.452507,-5.702601,-10.139966,-7.4355097,-16.44654,-5.9908586,-15.912235,-25.218956,-19.941292,-31.507757,-21.036766,-1.9519972,-15.41737,-13.35479,-9.611545,-13.193715,-19.159983,-22.465548,-12.430971,-6.308205,-5.974641,-9.565128,-10.226936,-8.89878,-2.7558668,-2.8375077,-6.577508,-5.168703,-10.01796,-14.140949,-7.2771835,-6.727225,-11.33113,-34.30282,-31.380878,-20.850636,-11.671492,-30.42669,-13.100944,-15.111083,-17.443193,-7.785985,-4.254898,-7.2623234,-3.087302,-10.435277,-5.7554884,-2.5501451,-7.8402057,-4.238992,-8.714682,-6.6496854,-9.255273,-2.8605635,-9.187853,-10.963449,-5.3436604,-12.781864,-16.545948,-8.938725,-8.219531,-16.493233,-18.12465,-9.856986,-0.18173675,-1.5162674,0.0,-0.39878806,-4.394237,0.1769602,-8.166978,-5.809995,-5.8078756,-10.979668,-6.60357,-22.779596,-9.825618,-3.761874,-14.680906,-10.851723,-14.117109,-12.49576,-6.7371063,-18.510788,-13.832273,-2.7134438,-15.352903,-14.228134,-12.539035,-26.218735,-7.9226985,-9.959049,-7.9422574,-3.1744487,-8.1206875,-27.898819,-7.715658,-19.613346,-1.474788,-25.654203,-21.725708,-12.711533,-13.446357,-14.711225,-6.668471,-6.8052273,-12.635723,-4.270027,-14.738825,-14.596351,-3.5399067,-6.2787995,-2.249742,-13.605446,-19.358759,-17.316713,-2.1666903,-7.142914,-18.351006,-8.56213,-13.33977,-12.287001,-10.396533,-11.168879,-9.373237,-11.537448,-12.754674,-11.002184,-3.6001396,-23.969355,-9.473491,-7.785501,-11.692258,-15.277787,-3.942768,-14.604184,-15.081383,-17.649101,-12.490986,-21.775482,-3.1632178,-1.3758401,-6.8739076,-16.4565,-9.05058,-9.719381,-4.7750573,-6.90443,-2.403963,-47.6265,-11.682872,-10.357197,-14.632158,-3.2269359,-12.363995,-16.728344,-18.17899
43,-6.7440214,-3.8258324,-6.1674314,-16.058619,-10.432811,-5.398255,-0.4975744,-5.5477657,-3.1914768,-4.5317454,-10.583723,-9.607809,-4.0346947,-20.499475,-23.16141,-9.899107,-8.149035,-17.83453,-6.484942,-5.357529,8.756939,-19.301653,-10.0056925,-16.888062,-4.8310404,-4.0575037,-9.830026,-5.9956136,-20.539429,-10.813714,-10.0013075,-8.546094,-11.647735,-18.933292,-18.269136,-3.4828825,-5.59115,-9.513028,-7.498124,-6.9258847,-11.382197,-2.496218,-3.2782817,-9.207573,-9.630982,-5.3149962,-4.43541,1.6131719,-6.643236,-10.182825,-7.1403775,-2.8183405,2.0007966,-3.4860022,-3.81733,-4.1852083,-12.036089,-7.4974394,-7.690618,-4.531215,-19.81457,-5.630954,-4.4291296,-2.7579234,-10.608598,-4.074617,-9.4460125,-6.163673,-4.727139,-7.781113,-1.4702235,-22.208054,-8.294057,-5.831199,-6.681145,-2.5819244,-0.36580354,-9.845711,-12.313925,-12.181996,-14.41883,-9.240833,-13.054405,-12.806351,-12.821075,-18.004652,-16.117495,-1.4839368,-1.4916576,0.020196877,0.1833538,-0.7609479,-0.45618537,-10.620257,-9.219103,0.9181816,-13.376741,-9.302095,-14.688364,-15.055003,-19.097862,-18.57817,-0.48292467,-1.7631462,-12.470508,-15.599842,-19.016157,-13.417942,-10.264991,-30.446117,3.1023626,-4.0029407,-13.99145,5.2415876,-6.7417564,-0.86801696,-6.7626634,-5.1691065,-43.699657,-4.3383737,-20.36659,-2.5158978,-3.5452015,-9.029963,-8.404455,-12.109718,-1.2412635,-15.702507,-7.9579816,-9.6102,-2.2628117,-3.1969361,-9.15728,-2.0013018,-2.8924603,-3.123492,-15.173257,-18.142218,-7.1237106,-8.066004,-8.449245,-9.83701,-12.150528,-2.8797626,-8.316026,-8.163989,-13.871751,-14.353407,-12.843796,-16.753897,-11.015858,1.0638053,-7.7585025,-9.44946,-0.63541955,7.313572,-10.441569,0.22441718,-3.6229377,-4.5262914,-9.1082735,-29.499067,-14.1064825,-13.127627,-2.6247485,-0.2605538,-10.726146,-24.16903,1.8137513,-8.21687,-3.8418567,-0.4111669,-15.826461,-12.146055,-16.275211,-12.9453745,-1.2696811,-18.43847,-7.4807706,-9.0202465,-8.99073,-0.113630064,-12.840084,-13.533462,-9.035231,-10.873248,-18.59746,-0.33463666,-2.9856918,-3.166534,-1.9461845,-3.6383772,0.84434617,-28.579887,-18.157598,-2.4844806,-6.358099,-18.21343,1.4696046,-9.599322,-5.033863,-20.568583,-6.820509,-16.414072,-3.7946374,-5.6691732,-7.8138275,-4.305627,-9.901672,-12.886371,-16.22802,-10.067209,-9.249798,-12.2868,-3.0101013,-8.189776,-7.2115226,-9.286215,-7.1827235,-8.087647,-17.573574,-7.398828,-4.378775,-5.436871,-8.369567,-8.256667,-9.606159,-1.5697384,-4.786734,-4.724174,-2.6586657,-7.0221586,-13.052509,-6.1779284,-2.961779,-0.6819741,-26.441233,-23.565147,-14.5425625,-8.420235,-18.518528,-5.4908338,-5.8268476,-8.530098,-0.90422,-3.2289362,-4.872229,-2.5347974,-2.5607736,-2.6911645,-0.7102024,-4.265738,-4.6587024,-1.0376785,-1.6334748,-7.5353074,-3.1712658,-2.1131635,-4.8634934,-3.5333085,-1.6582842,-2.4883025,-7.3711076,-1.5820593,-14.555772,-13.527777,-3.3715239,-0.53132176,-1.1089174,0.0,-0.023033377,-0.7009034,0.3892008,-8.685822,-3.765672,-4.634923,-4.091973,-1.6832359,-18.28207,-12.770206,-10.975104,-10.860857,-14.065748,-9.133804,-10.278185,-9.204475,-9.765274,-5.6841288,-4.1287985,-23.404987,-4.179437,-2.4280818,-12.974132,-10.819494,-9.544157,-4.2113895,-8.6870365,-5.2743554,-34.094887,-7.7467585,-13.2249775,1.7133044,-15.986873,-11.828073,-5.215721,-11.076026,-9.859914,-6.495563,-1.5035337,-2.956305,-4.6188245,-5.494743,-8.925665,-4.244626,-5.1425295,-5.405985,-10.756688,-12.763221,-0.7972408,-2.9244103,-3.1071582,-12.623978,-6.9788337,-5.329484,-14.907559,-3.5278788,-8.331181,-6.9918966,-9.797163,-10.610097,-8.45977,-6.522025,-12.003645,-14.515685,-16.25416,-7.0170817,-11.610671,-2.7137642,-11.091777,-15.361226,-11.593349,-12.150978,-18.530943,2.9250166,-10.040875,-8.558927,-14.909071,-6.3838315,-2.9872377,-3.538852,-8.37959,-4.2227716,-35.005108,-8.316349,-8.112399,-3.668218,-5.34813,-27.418882,-7.7495894,-5.2029085
44,-6.213303,-10.450019,-8.1480665,-12.3897915,-12.241736,-4.7590985,-8.907442,-3.4048874,-5.1307206,-5.2242336,-4.4903755,-0.36498567,0.8784309,-23.97093,-18.210224,-10.279482,-4.50458,-15.365903,-6.280414,-3.556305,-2.1756883,-16.479212,-4.1780005,-20.273766,-10.152084,-0.2329141,-14.502151,-5.388183,-13.862278,-10.691822,-8.6316,-5.425993,-10.642124,-0.79237765,-7.9318204,-7.3222704,-9.298518,-17.828196,-4.0458436,-5.0039854,-8.998422,-3.2864666,-3.254131,-6.5897636,-5.234934,-4.382151,-3.2951365,-2.9636185,-4.6145935,-12.596591,-5.3050675,-5.3184404,-5.079357,-2.5120335,-4.237249,-2.8946726,-9.335402,-4.4184923,-2.9999979,-4.2751036,-5.222482,-1.963133,-1.825266,3.3870525,-0.787359,-5.8463807,-8.238339,0.68554485,4.4536853,1.9296213,6.139186,-9.679066,-6.214349,1.7449901,-7.5756235,-0.4512924,-0.74938,-3.18513,-7.8515315,-3.0142815,-5.611885,-6.563662,-8.696008,-7.942385,-3.6372724,-12.182107,-8.741671,-2.4662678,0.5960256,0.022082813,0.010544381,-1.1951618,-0.3560203,-4.016798,-6.5127835,-4.1365223,-4.634317,-4.154382,-11.866697,-9.848188,-10.19972,-14.445714,-57.811584,-7.155246,-10.645914,-6.3988395,-9.71269,-9.459048,-1.2046086,-8.073636,0.4826353,5.347993,-4.0304465,0.08976119,-2.6066568,-3.054548,-6.3788867,-13.7605295,-30.729065,-10.144748,-14.232506,-4.48162,-2.6641433,-4.6014037,-9.866208,-17.057764,3.3913383,-5.44747,-6.437776,-9.725917,-1.3821683,-1.741908,-7.8592234,-3.548718,-8.844207,-5.3514247,-11.93698,-13.358615,-4.5268645,-9.123319,-10.435946,-6.031705,-14.719152,-8.254558,-9.785561,-7.882618,-11.310232,-12.948077,-12.358583,-14.630868,-8.64311,-3.0824237,-10.901841,-9.8368025,-12.513572,-6.899952,-8.203456,-0.85903907,-0.7327353,-6.1978307,-9.704894,-21.245207,-13.352586,1.9107018,3.9579175,1.4057096,-3.4233224,-13.54587,-5.191375,-6.0781684,-7.046874,-0.31379887,-2.5637572,-9.974253,-12.225291,-0.2469067,-1.546189,-7.4765606,-1.0240052,-1.3803644,-5.4738517,-8.953591,-14.508211,-14.191016,-8.360991,-9.095272,-10.713678,-3.699453,-3.309443,-8.242,1.020966,-4.2881985,-0.82567495,-18.210049,-19.03255,-3.388549,-4.3733444,-17.862207,0.79997295,-9.190031,-5.108315,-13.137249,-8.31373,-8.479623,-6.9865813,3.672056,-10.705179,-2.6594067,-14.108985,-18.097647,-9.070041,-10.5394535,1.5183399,-9.808427,-13.08128,-6.7031035,-7.47295,-12.10063,-3.9936628,-6.347494,-11.066581,-5.266,-1.732898,-5.2530355,-8.199974,-12.463072,-10.988089,-5.2640433,-2.1028976,-8.926187,-3.3746712,-6.376294,-4.6997137,-4.8945246,-2.9052858,-0.50277084,-18.42716,-7.314863,-10.340435,-2.7991822,0.52439636,3.0908198,1.0882837,-3.2080927,-3.7698534,-9.16082,-3.2059138,-2.1729238,7.2217445,2.5028846,0.27181628,-0.79046196,-2.0766647,2.6840944,3.6415827,0.3598415,-3.149711,2.6058238,-3.3680904,6.082712,1.5934454,1.5089796,-1.2774509,2.7621455,-4.473997,-6.1335406,-1.1094902,-2.0826213,-3.745153,0.0,-0.3841609,-1.1974032,-3.0264564,-1.0460958,-13.1892605,-8.097846,-1.5368489,0.5844136,-1.744682,-7.82372,-6.5538154,-10.607149,-18.423216,-13.351607,-2.935027,-1.4707538,-5.2338533,-5.4309525,-5.036704,0.75455797,-3.6543067,-3.2600367,-10.282675,2.9439821,-0.0930728,-4.9951334,-5.657665,-1.4459538,-26.210428,-4.0586367,-16.756554,-4.7608294,-10.590928,-10.660375,-1.6711903,2.175756,-10.632962,-3.65025,4.687413,4.7869143,-2.7754,-4.184656,-4.94255,-1.2981124,-3.255139,-5.0799537,-5.6511874,-11.983552,8.386351,-10.021208,-6.7581053,-18.192524,-6.8784504,-9.870253,-13.381777,-6.476743,-5.785942,-8.075472,-6.368518,-12.337567,-9.972642,-2.8582087,-14.483828,-13.422551,-11.74375,-6.4472027,-10.093925,-5.843635,-10.233025,-14.235314,-21.697453,-23.526594,-18.789362,2.4179215,2.5783722,-2.3441703,3.609154,-7.885563,-1.7802638,-1.6695608,1.4479643,-2.730778,-25.517164,-6.9220095,-3.7965884,-5.843955,-2.5058494,-6.815641,-2.4478412,-1.1034791
45,-7.9552436,-1.9269301,-4.0130877,-8.469889,-7.663773,-1.8183391,-8.609385,-0.90869653,-5.5633698,-1.7766646,-2.423809,-2.363336,-1.7822152,-20.772139,-17.216509,-13.162671,-5.386671,-13.614305,-11.1886425,-3.0562966,-2.6148849,-7.722729,2.7499433,4.427136,-7.8650837,-1.4777573,-9.32141,-6.904402,-4.417521,-11.200895,-17.26243,-3.8038425,-18.124807,-2.379006,2.1329021,-2.6738358,-3.2216861,-2.3567543,0.013893827,-5.4279966,-4.316393,1.6376045,-0.9159678,-4.398269,-3.9233146,0.7090831,-3.1824458,0.896464,-1.5716646,-5.45383,-1.9796479,-2.1278322,1.2754816,-1.9420161,-3.1219926,-1.7035108,-8.950249,-14.013859,-4.487922,0.084082626,-4.972246,0.4186916,-1.3629104,8.784735,-13.277025,-0.5731116,-3.3243575,-1.9658995,2.9290264,2.8268697,0.004313005,-7.300527,-4.9139724,1.8191178,-5.8544073,-1.0233885,-0.6292803,-6.201246,-7.7737365,-0.8442955,-7.2177415,-8.119881,-7.595921,-4.029921,-4.210366,-10.489171,-2.659683,-2.7490885,-1.5300493,-0.02952605,0.24420184,-4.429024,-2.4084861,-5.6310377,-2.5563965,-3.057163,-1.6848332,2.630825,-8.3704605,-8.206912,-8.760043,3.5314157,-22.7417,-10.916757,-8.667404,-4.0227385,-11.844021,-9.430643,-4.740262,3.0603194,-3.225017,-5.1927247,-0.9950358,-14.753051,-7.618983,2.4072125,-2.3723335,-14.209153,-15.640722,-2.5168056,-6.7978177,-8.437237,-1.8799258,-9.596426,-3.8701205,-4.417769,-0.71456224,-16.468988,-15.087279,5.3749104,-0.83251685,0.87445056,-3.618877,-0.64978796,-4.3873477,-1.3733659,-6.8017654,-8.831006,-2.0942047,-5.4691143,-2.4005997,-5.0392346,-14.457758,-2.1522856,-7.5709143,-8.571228,-7.657769,-7.537894,-9.503102,-9.075295,-5.2263064,0.6510863,-7.6010275,-1.810883,0.6311292,-2.6345596,3.9469903,-0.91280675,1.9978247,-4.4356117,-8.033792,-23.214361,-7.938618,2.941906,-0.57082504,3.608353,-9.306214,3.852566,-8.497405,-10.187094,-5.0773816,-0.19456,-12.411935,-5.847057,-9.323665,2.7059412,0.8338544,-8.701294,-3.1239643,-0.94592816,-4.539634,-7.134012,-13.030885,-8.757295,-5.0491023,-5.87196,-9.119049,-1.8580331,0.5468957,-1.1854408,-0.053059954,1.5581242,-5.081634,-37.813606,-19.634892,-3.8641253,-3.320333,-15.502322,4.652014,-3.4942286,-3.5165195,-12.762763,-6.8885236,-3.554173,1.8414468,3.5617182,-12.489879,-0.98151326,-10.313065,-12.362407,-14.546065,-3.8587556,-16.435465,-2.9540179,4.8464675,1.423648,-7.8129287,-3.2139404,-0.38725188,-5.327056,-5.484843,-4.0118837,-0.09653133,3.136438,-3.0196824,-3.9219167,-4.09446,-4.366544,-1.6429569,-8.524546,-0.26051864,-1.8523923,3.3739576,-1.1799095,-3.7902977,2.075797,-9.563864,-20.962603,-11.40126,-5.5154166,-3.5857108,1.9399962,4.048922,-7.851771,-10.701473,-5.949359,-3.5574753,-0.11772682,6.0924473,2.8037796,3.6284468,-3.4018931,-3.5597367,3.7726107,-0.105025195,-6.205309,-3.9633234,2.6857407,-0.44839737,3.3202443,-2.758974,-0.4029425,0.21146548,0.26616263,-7.184304,-6.7738132,0.49694398,-1.1763668,-5.738366,0.0,-0.74688756,-4.162193,-0.17910142,-3.868889,-6.1964064,-1.2482706,0.88708806,0.6274031,2.5362086,-7.2726235,-4.3139973,-1.6972839,-0.880794,2.7842028,-6.6346455,-3.9370434,-2.10847,3.683218,1.770655,4.2862444,-0.12924735,-0.9768735,2.2894287,-3.3938503,-7.7725744,0.22245798,-4.662532,3.8393273,-16.950665,-7.648579,-9.696618,-1.5450791,-7.265292,-13.419073,-4.1392627,-9.109454,-17.63389,0.5124711,0.7770809,3.8357809,0.29029086,-4.830523,-2.2182376,-2.5629575,-6.6647763,1.9860574,-7.4148855,-8.664548,4.960034,-5.9354634,-8.046766,-13.880349,-6.9815855,-8.5352545,-8.584911,-3.1787603,-5.5545473,-2.270177,-4.920961,-8.705736,-4.7424183,-1.1416019,-9.113513,-8.105334,-15.86219,-1.458914,-9.371107,-6.128643,-7.5813932,-9.089707,-8.647169,-15.947752,-17.606241,8.004676,4.1753902,-1.029054,-4.5651035,-7.123499,-3.743754,-1.4398932,0.22610545,-1.5847449,-18.77387,-3.9189534,-4.9005404,-4.1244903,2.1748724,20.13457,-0.033988774,4.074203
46,-5.3499765,-12.37768,1.3470953,-5.1530833,-6.585207,-0.8217734,-5.4698186,-0.85506004,-4.3165393,-1.7635038,-4.0290737,-0.081287324,-2.6631033,-12.987393,-9.568729,-10.146497,-3.279698,-6.299295,2.287695,2.4434414,1.292748,-8.537222,0.8362537,0.94184154,-7.875277,-1.9337443,-2.5908043,-0.56477636,2.2270544,-3.328123,-10.523699,-3.960778,-2.585087,-10.381102,-6.5254993,-0.45220974,-0.4193215,-3.1231103,-1.8712213,0.3833566,3.3089786,-0.26040792,-3.5396547,-4.722941,-4.2997456,-4.9271274,0.18453714,-3.253461,-0.86553776,-4.595619,-3.0881498,-0.17443596,-0.92199516,-2.6072443,0.30116877,-1.7223881,0.5311671,-2.2289293,-2.1135724,-3.6081364,-4.8636928,-5.7293754,4.4286675,1.8991746,-8.46994,4.4874487,-4.5464053,0.12595251,1.4337403,0.173252,-2.1221042,-3.9213572,-4.672878,3.2710724,-7.666567,-1.758133,-0.5665441,-5.5566607,-10.646558,-10.64578,-11.3196945,-8.425896,-8.494305,-6.6730433,-4.1924944,-7.6847744,-1.9970174,-1.5361085,-3.930617,-0.054646913,0.33805916,-0.63226587,-5.5168166,-5.7568955,3.0619214,-1.9402211,-1.7241825,-1.0141807,-12.380574,-2.425264,-0.76720524,-4.3105097,7.720154,-2.599541,-5.79253,-1.923169,-8.3722315,-12.559054,-5.89784,-1.403582,-2.0125966,-3.401221,-0.60500556,-13.8539095,-0.5530811,2.4050825,-0.88408244,-1.7022065,-24.34708,4.354185,3.8677747,-1.8128769,2.407965,-3.599084,-1.7132763,-8.602456,-9.438032,-5.530635,-3.16517,8.220343,-0.33954787,-0.49665016,-2.175937,-0.11464501,-3.6404562,1.8455039,-4.8698535,-10.559868,5.1530123,-3.4437935,0.20252545,-0.24216327,-12.674657,-0.7881972,-3.8122134,-5.0489182,-3.6840875,-3.6483266,-5.0306306,-6.566959,-0.01760292,4.0885663,0.7807853,1.2636994,-12.381932,-2.7963436,1.0342932,-5.9705324,-3.5210037,-0.20405719,-7.3638062,-19.983633,-3.6663153,9.671084,-5.594431,2.2340708,-6.702698,0.086891405,-9.507946,-7.871431,-5.978529,0.028124204,-17.284805,1.7717763,-6.430095,-7.7672353,0.8998057,-1.8809623,-7.0350895,0.88418704,-4.105341,-1.4996263,-2.5186145,-7.0892076,-1.2601914,-5.3018165,-5.7310524,0.38260627,2.0014124,-3.2084756,-0.13826872,-1.1287956,1.8001562,-27.546766,-16.983847,-1.6188958,1.2247944,-11.114949,6.5459857,-6.744338,-4.4205446,-10.428067,-4.9499645,3.1859162,2.301,4.0413775,-4.8218937,7.308684,-7.034055,-6.722724,-18.990822,4.4443007,-8.889383,-0.58391094,3.7057235,-6.2845798,-8.574427,2.594114,-1.870686,-1.3497875,-3.0043879,1.1210045,-0.88960713,-5.0445504,-3.8262084,-0.21945435,-2.025494,1.1622034,-7.761331,-1.0727944,-0.74480355,-0.4990464,-7.1851873,-0.3675786,-0.9209983,-1.3871003,-7.9507933,-22.359743,-16.381296,-5.272844,-7.222325,-1.5511569,1.7873242,-8.040873,-12.234388,-7.405951,0.4558631,-1.0614245,-0.022454998,2.789201,-2.949785,-4.770294,-3.761247,3.818783,-0.8079841,-2.628171,-4.1702776,1.0614362,1.4613968,3.440284,-7.098771,-2.8204079,-5.5348563,-3.7635028,-8.094641,-8.2168455,-4.326883,-0.27989697,-4.763802,0.0,-0.16424115,-0.2884061,0.23280571,-6.545854,-0.72583765,-5.526069,0.8215308,0.02288542,4.570232,-4.9728327,1.5840812,3.8884323,7.404018,-1.0863686,-6.236412,3.2584715,-5.5849676,-5.0230446,-7.507935,-3.212466,-4.901857,-1.2800748,-2.6435971,0.33887243,2.2205186,0.61892414,0.80074114,-9.238837,-20.331234,1.0757328,-7.6414957,1.9453194,-12.897699,-6.2939906,-1.3206272,5.8089647,-3.1317923,2.362329,8.18881,7.1658397,0.31806204,-1.6182444,-1.8240912,-4.4508443,-7.251949,1.7453738,-6.9270496,-6.4276443,10.42342,-2.3238564,-4.9843507,-9.50928,-5.736694,-7.6827097,-1.2541986,-0.1859152,-1.9541532,-0.9008831,-1.5914063,-2.2914374,-3.3719811,2.6023095,-0.7080189,0.22021264,-10.287671,1.0285147,0.09358014,-0.6060123,-2.642342,5.5663276,-1.6284748,-6.9511113,-14.666832,1.7864,3.7538087,-3.8811638,0.14901276,4.1697874,-9.197356,-6.1394253,-7.0942836,-0.30297253,-12.263997,1.5622698,-1.2392998,1.6235882,-1.3163998,-33.395927,-2.7197938,0.74807566
47,3.7376983,13.22593,5.0978556,-0.83315116,0.45304367,1.9305096,0.53664994,1.8279414,1.5085706,-0.7597738,-0.9121975,0.14208898,2.4968958,3.1510162,-1.0014282,5.2946067,0.18871695,7.751938,1.9317673,3.4226031,-1.2146052,-5.542606,4.986449,0.33687627,-4.112645,0.8387201,-4.55301,4.1235,-9.216086,1.5139033,1.2388431,5.212841,0.8995274,5.1885285,-0.102748856,0.5818614,2.547605,-5.468923,-1.8562986,7.377576,5.699819,1.0552707,2.4619114,-4.1456437,2.840603,1.3629328,1.2325835,4.726983,0.5630807,8.147698,2.1255925,5.9048076,-0.8304401,1.1494,-0.69471717,1.0122224,-3.3484144,5.4157715,0.63478094,-1.1790762,-6.5522156,3.8824284,2.2777874,6.4729533,-12.889207,3.4621446,-5.74808,0.8936181,4.7706637,-0.48414883,-0.40187046,-3.3723974,-3.0836396,4.851357,-7.253521,-1.6688741,-0.67469096,-3.2227921,-2.2609992,-9.161244,-3.3986495,-8.936058,-6.1106286,-5.351259,-6.2774677,-4.2819195,-2.6282964,-2.112383,-1.2305284,-0.096311025,-0.5426039,2.3429208,-1.5331109,-1.4615265,4.6976,-1.472713,-4.9223247,1.0382364,-4.836771,-0.82645917,6.5970616,-5.4362893,14.936383,4.9799385,-2.3398747,-8.105112,-1.8141618,-12.934453,0.4876466,4.200765,0.9508163,-2.9981372,-2.2810297,-14.226698,-4.683124,0.0686397,3.1913044,-3.5538251,-10.540738,5.566368,1.5860068,2.860423,1.8709503,-0.047258563,1.0428455,7.094587,-10.718794,2.1530643,8.023287,11.939551,0.1074481,-0.34911105,-0.6492779,3.7811816,1.9608803,1.6763482,-3.2676308,-2.3187413,11.376881,-2.6839151,-5.841881,2.2737656,-6.917463,-3.2631934,2.6421313,-1.4717741,7.9777327,4.6014113,-1.3821204,1.7263753,-0.31246054,4.426215,10.90895,8.449772,9.263879,-0.030577641,8.674038,4.352019,1.5984399,9.964451,8.494943,-11.398665,10.321301,16.57765,-1.25548,-1.141548,-8.187613,3.7388875,-10.824835,-9.201027,-6.8916726,0.06529293,1.1912135,5.2831683,-4.7229204,2.919501,1.0778284,-14.07341,-4.065647,2.3916698,4.0990562,10.8935795,-1.2179394,-1.370561,2.8102143,0.08472788,1.6453679,2.4899704,3.7627156,1.0191765,-2.384728,2.1351016,3.0388594,-9.300521,-5.0513206,3.113799,0.32879552,-1.4285014,1.9847819,-2.9892926,-2.855306,-10.779054,4.4511323,-0.2702474,2.0284839,3.7449412,1.1782974,1.1956255,-2.1938252,-0.7798913,-0.7176554,3.0847692,-4.6614604,3.6183262,3.507662,-0.30604646,-3.9732082,-2.998702,-0.062056072,4.376314,3.079635,-5.846214,1.5719775,-2.701954,-0.86577374,1.1126299,2.6237285,7.964285,0.19879925,7.488951,2.0424194,6.853517,-0.1090631,2.1970615,3.0277798,3.4924111,-3.5637505,-11.948542,-10.242487,-4.7893844,-9.409819,1.1522377,-2.2328372,-6.2292414,-4.34199,-5.1550593,-2.1109743,1.6551363,2.878277,-2.7285311,-1.9328829,-2.709595,-1.8209904,-0.9504649,-5.0082164,2.237306,-3.9787688,2.7762673,2.2240777,3.0678797,-1.5093954,-5.6382546,-7.76789,-2.657344,-13.209945,-9.735666,-1.5917084,-0.6704871,-6.905299,0.0,0.06948047,-1.6103334,-0.6286399,-1.0198928,-2.6919103,-5.520963,-2.494765,-2.9971788,-3.7762668,-2.715017,8.026653,3.0206134,5.257012,2.850531,1.0446644,-7.2328334,-2.5269105,-0.095498554,-0.8744751,-3.5518413,-2.252052,-0.96272045,-6.552061,0.107990175,-0.21329284,4.082909,0.26787198,3.266454,-10.4656,-1.8873899,7.876953,2.0913801,-2.1093214,-10.120757,-1.1367236,4.8790445,8.1283,-3.0464456,3.7212584,0.92332387,0.9797556,-0.3816244,-0.28440225,0.2339485,0.035075463,6.257341,-5.989223,-4.87636,15.723392,2.8259223,1.7861449,0.13195695,0.6662941,-4.0895214,3.6643498,2.3749042,0.49373865,3.0308938,1.7065078,1.1955099,2.1132648,4.4007525,6.2589293,4.386062,-0.43148115,3.5808442,-0.6827436,0.47430438,-0.51356626,7.4063067,-4.5723104,-5.4857492,-1.2722559,6.2553163,2.7862663,-1.5214562,-1.4432383,4.9117756,-7.3734612,-1.5771765,-10.196855,1.1961398,-11.18248,-0.6073921,-2.283918,10.742238,-3.837038,-22.416128,-0.8158056,1.1969272
48,13.9157505,12.320011,6.2654343,8.701686,8.345241,2.913205,13.720595,7.940086,3.8622193,3.6252992,8.63441,6.012716,4.8973403,13.05922,5.2132444,6.2459636,2.1859434,10.0653105,10.009092,5.440696,3.6458058,0.23973994,9.592004,15.655396,0.64756954,7.049562,6.714306,9.88312,5.0460544,10.51649,16.79684,5.6229596,19.804659,3.6345155,1.1921957,4.7579246,7.987089,3.8160882,1.2454679,8.366531,7.5696025,2.8219337,5.9008956,3.1654963,6.4543967,7.5082655,5.367957,2.9113789,3.3592129,8.582793,7.991023,10.645196,5.8219643,6.8700585,0.08425692,12.738522,4.405761,14.623935,13.20079,14.162998,7.4856644,8.415064,9.531165,13.121714,3.374847,-1.1079619,0.53672296,3.9007077,7.359419,2.8614764,8.104562,0.49338892,1.9825484,9.130422,2.228078,0.85831964,-0.50680715,7.213145,1.1466179,4.7037807,3.477193,-5.141155,3.617923,-4.8146567,-5.6759458,4.994334,-2.51287,-1.3399457,-1.8583558,0.033224273,0.36172625,0.9187188,-4.082226,-3.991986,9.243103,4.066137,0.5381294,3.982927,11.847893,7.2952347,4.128921,16.218382,24.866915,11.771908,10.896063,5.544017,14.523355,4.7105722,9.1745615,15.352649,1.5807056,-0.7020084,2.8316054,6.5074687,8.203365,6.82628,3.4878497,5.5721292,2.4355564,15.972511,17.608202,3.7545443,2.980508,5.5189056,6.5733976,3.8835921,6.9338436,10.143206,16.436777,9.224855,0.38902882,1.4150094,-0.63621247,3.6123056,6.402401,2.711097,0.60715836,-1.0576202,13.883641,3.5661087,6.995438,8.791667,1.9036764,7.668314,2.9755545,5.057271,11.768868,12.026302,3.3600526,10.315203,2.2552614,3.9168928,25.45623,7.425422,3.0214946,-2.4216707,15.358371,2.6137385,5.46973,16.958979,10.585402,6.1419563,8.963433,1.880199,-0.7651088,-2.4215517,6.7511306,8.810313,2.1576478,-3.911442,-3.4657395,0.2654917,15.404635,19.999323,5.4606447,5.3570023,-0.31456494,4.23824,7.7501965,14.306557,11.588646,8.906261,9.423233,9.616977,9.025852,4.821446,8.693661,5.444789,11.043807,3.6602724,3.2779427,2.7023406,7.4894066,18.469944,6.1859136,6.8927336,1.2485633,3.833117,15.509367,2.9173222,8.237279,1.3534902,9.718977,-0.8871802,4.186481,8.528311,11.569897,7.126811,6.6978164,17.079569,21.658518,14.994252,13.2279415,7.5986238,4.8650193,2.537246,7.5642457,1.8729405,0.28062612,10.343879,10.172842,2.5108347,11.688623,3.3344314,2.8509219,7.4299884,7.6247697,3.3415458,3.7815354,8.505156,5.0915236,11.7482815,9.77151,5.3567777,5.907318,7.485254,10.287799,8.596802,10.3471365,11.21942,6.933381,13.040026,7.061019,10.880417,-2.0728245,-10.385638,7.643189,10.631524,15.943018,5.1627526,-0.09884545,-0.2945788,2.613464,6.9064717,-1.9072509,-2.2959158,-3.3258576,8.198328,3.1588016,4.675638,10.4058075,-4.873291,3.479348,5.8874664,-1.061953,5.3932567,4.9198227,-0.957772,-2.4170907,0.0,-0.11520583,-4.8166494,-1.4522861,-1.0064123,2.7128124,4.586972,-0.68403625,3.6076643,10.193599,5.802228,14.403975,20.05587,15.660602,4.226777,1.2908843,5.225167,4.0531735,4.3197703,1.9684124,7.383177,0.10692077,3.076547,15.99567,6.565518,4.9272227,3.3907835,1.2809277,-1.6726515,4.1920643,9.545708,20.589062,1.9376433,0.78727233,4.3941436,5.1266146,7.6309648,12.7297,5.3911386,9.065415,3.0878816,-0.45072645,5.8284907,1.4313089,-0.7037288,-0.120971724,-1.3289307,0.90670866,4.239029,8.079683,2.0455446,6.6152678,7.0314193,4.742863,7.1425915,3.9742548,9.2027645,11.195833,6.682268,4.0830564,6.487594,2.5676856,1.2119617,14.000577,1.5751187,7.9878864,3.701368,7.4508348,1.818056,2.7395318,4.6707225,13.387863,8.119735,3.3622806,2.783425,-4.0179524,-3.8325467,12.179452,4.5051107,-6.2908735,1.7112513,-7.417294,0.07087371,2.2179477,15.379421,5.3172536,11.645463,1.0273844,-26.597599,6.800917,15.643065
49,16.878334,7.099006,3.141342,9.654595,5.0342364,3.7064803,0.1822247,5.803727,4.449399,5.459823,6.24032,6.9042053,2.6852221,21.43627,2.440613,5.2405415,8.199516,3.2556753,5.6001735,1.1086782,9.166219,5.6112576,11.157666,24.350636,4.1993017,5.8082256,6.488296,11.3212,-6.819278,10.105752,18.744062,2.0541167,17.760492,8.107477,0.32332858,1.0188105,0.04659671,4.2920113,-1.5633924,4.8251743,4.6605964,1.9485576,9.075697,4.7048388,11.0274105,5.7231646,7.823784,-0.3360324,7.2388296,3.4465575,7.733427,5.252989,2.714504,6.075832,1.4205829,14.202596,5.1987543,8.083485,6.880543,14.082014,15.78528,10.136957,4.6030774,11.511332,1.6848015,-1.7981011,5.236221,7.326374,9.949353,5.1399927,7.197079,4.4623613,6.6390615,13.98637,9.965771,1.1273813,-0.11031243,11.745917,4.8181734,3.4552107,5.9291325,3.7303085,6.7282586,3.5855575,3.3775322,3.2791028,6.745852,-0.77804637,0.3753107,-0.062320884,-0.18835996,-0.7563508,-2.3298583,5.917316,4.0075774,6.0432515,6.769661,7.1124215,15.499276,13.483893,4.3265166,11.54019,2.7820578,17.704058,7.339019,8.150694,11.657108,11.885427,11.043384,18.340092,7.0924835,0.52173525,10.4141,21.78178,20.88046,3.547348,5.851264,2.3902714,-13.164053,1.4223015,11.252858,1.7046536,5.1938233,8.921159,5.8654647,4.0773234,-3.9988596,10.681226,7.001218,4.03976,0.565389,1.9159003,0.5803299,2.6369143,1.9434046,-3.425433,5.9797425,4.716384,6.803291,7.5014763,2.4453814,7.27653,1.2313217,10.088277,0.80681026,3.9954102,8.920103,8.950347,4.7636094,12.845859,4.1666574,-4.083696,14.199465,0.52225196,4.4537134,4.8000574,1.4604359,7.437671,4.2822843,4.1804123,-3.297758,8.368619,7.3875737,2.6514266,6.6642838,0.5683202,8.905087,15.922096,13.121269,-0.4565369,-1.9395225,0.20860009,18.623526,15.752259,7.0085692,18.122763,-0.36490452,0.8419839,13.497304,17.03561,10.96625,4.9832344,8.0323715,13.109738,11.3894,8.415222,6.948738,4.885864,10.480879,5.4224524,6.2841005,4.6508307,2.403385,28.846725,3.078893,1.8301967,-0.21227933,9.576346,7.385851,11.057997,8.732195,12.543929,4.033599,13.112665,1.966927,6.9318686,1.2279277,4.4482594,3.5878892,9.225654,20.359234,4.6470428,19.691212,18.148636,1.0677818,4.203022,15.208265,2.3720732,2.2798345,6.684654,9.154453,4.7505684,8.545207,3.5853536,3.1879213,4.483849,7.950438,1.4499274,7.937431,5.288655,6.421414,9.629001,10.705999,9.14558,6.6680846,9.789672,7.7160945,10.591322,12.983787,13.199276,35.446514,16.284887,8.120179,8.270713,-4.6443796,-6.9038787,5.3571963,11.272391,21.967836,8.893476,5.014526,3.687744,1.9239553,9.753177,4.7212896,2.535076,-2.5034573,9.633317,6.561078,6.4833956,8.843171,2.7421277,11.010174,6.7850223,7.091698,9.261435,7.788034,0.5658653,-1.8303185,0.0,0.0634585,-4.7806187,2.4792843,2.2192297,2.1198864,7.929822,1.6747297,6.12566,12.336063,12.798681,14.155782,14.039377,6.1106324,7.8215575,9.720471,4.8966527,10.623703,11.366665,5.9418836,5.097755,4.9314737,6.1406956,20.466915,20.115326,17.712807,8.884313,-2.965246,-2.1217737,2.517094,-0.34035888,18.435629,-1.3240163,6.399523,5.263251,5.8223243,16.101637,1.021371,4.034399,6.5947323,-0.5993048,0.26088795,9.569048,3.9852245,6.6129766,3.3549259,-0.3813926,2.1871743,3.0163026,2.771748,-0.29562676,4.461833,9.495951,4.601982,-3.5911329,0.3682962,5.286715,9.490174,3.0455031,2.3793018,7.816171,3.7325728,4.057152,-3.0147915,9.086172,2.0013492,4.3090763,-2.0770032,3.115005,8.79144,-6.3571577,10.523302,6.094314,1.5372272,2.6042316,-1.7820797,0.36669084,9.640725,10.249964,5.48133,1.9253063,-0.6159855,0.6784267,15.4287615,8.17845,8.433518,9.0294695,1.1301861,-8.535703,15.939676,23.860622
50,9.818265,13.076156,1.654038,10.053676,7.104613,1.8223999,-4.6861863,3.987782,3.1110156,4.235231,4.805056,4.129904,-2.2571163,15.8550415,0.71427107,2.8862255,1.9960388,9.542913,-5.0425887,0.5062323,-6.677127,10.062967,7.618836,5.7354283,3.9589982,4.708779,0.0616301,-2.6411111,-7.035594,8.037091,18.492018,3.1639926,20.58334,11.71494,10.989595,4.67837,2.7118218,10.280235,-1.257954,8.267656,4.245387,1.8267729,3.4657645,3.9196296,5.6479506,9.124286,4.1715636,-3.6470504,5.554537,3.1181815,7.028418,9.21827,-6.0950737,6.3573256,5.029058,6.7808223,5.261319,6.5879316,6.205638,13.706114,17.828625,4.2562523,4.3773713,14.054739,-2.0415487,0.29002807,5.3513403,5.5785933,6.9430046,2.041614,2.7736526,3.5158992,5.9487143,9.535136,4.738319,2.6625438,-0.3255417,4.359497,1.0479342,-4.0534134,0.10711466,-3.3321247,1.526605,5.6227484,1.2854106,0.4521836,5.3614225,-0.29770115,-3.1162245,-0.011476258,0.076698534,1.3823949,0.9159621,5.551671,11.8693075,6.1679907,9.503417,7.1174507,12.474336,8.840846,14.370069,7.845573,5.5921073,0.23820864,6.19653,2.3301618,8.972496,6.079206,1.4829283,13.636205,3.774313,-1.1062207,6.506019,9.536429,5.5040293,3.9145184,9.118095,-2.4571168,3.5537205,12.465236,16.137302,2.3407507,3.727214,9.272742,3.9874704,3.3465638,0.36911428,9.5224,-2.7500691,0.84724605,1.2723054,6.306927,3.7643068,2.4861696,5.592531,1.9389578,1.6283782,3.0595438,2.4768786,4.2889028,-1.390096,9.148547,3.1955612,10.683725,3.7236748,3.1344166,7.3878655,7.943673,-0.52589476,7.8025994,3.807467,5.083078,1.0353562,-2.3196044,-0.28780094,8.393408,-3.5640128,-2.738017,1.9054235,3.0063376,5.00848,7.0977745,3.2888017,6.384638,-0.935133,-2.5684829,-5.1343975,4.467047,6.094149,-2.2978966,0.15679973,-0.06613914,9.358895,5.067483,6.17166,8.83082,0.87568223,6.231669,8.975057,13.366691,7.6005316,9.533468,3.2905803,9.665657,7.258511,5.030882,8.658986,4.249691,7.5863347,1.7861539,4.397636,6.101645,0.85396385,18.490057,1.4165341,3.19584,4.1947503,10.075532,-7.2519255,4.027575,-3.7601871,6.651343,4.1000147,12.22016,2.7701566,8.030438,-3.5255148,0.7467996,-0.62862635,10.635511,21.221283,14.123455,20.125605,16.693409,12.778756,-5.7741303,-2.4254043,6.569524,3.7079043,8.573531,12.762005,1.1551415,8.948462,4.201638,5.303074,7.8283033,9.050191,5.4382334,6.831168,7.358968,5.2851076,12.04601,9.288012,5.920078,3.2105474,2.6824026,10.19185,5.503338,12.236112,10.177049,32.442226,12.025279,12.853257,8.420374,-10.408245,10.537386,5.1466537,14.154355,15.496642,7.6833463,9.01778,-2.1459792,6.863405,5.6127157,1.4602903,5.7872934,-2.0900755,6.2883167,7.739038,7.1306434,-0.05180404,7.3597417,4.2321324,2.9422774,1.8410025,6.891182,9.893175,1.0273508,-2.0682955,0.0,-0.12804823,-0.10929559,0.8469181,6.0224967,-1.6307746,7.7849846,3.545682,9.961389,4.4243073,8.1978445,5.066779,-0.67738485,8.568675,11.329862,1.5874456,-0.03843089,0.30984914,13.851051,8.402844,2.6193323,6.1124644,3.408027,9.997691,10.973444,2.3646803,10.191513,-0.4469204,8.16072,-2.0106084,3.800731,14.369723,4.044817,17.847355,6.3243723,1.41856,-7.0519114,1.4324442,-2.8948567,-1.817402,-4.6348796,4.452305,6.8780813,3.7616165,5.06168,3.7689068,7.026865,-1.1494555,2.8431325,-3.2003984,-1.6688104,5.6782856,-0.57527006,3.451486,6.84358,1.2181933,4.2162256,2.6747644,1.9226768,3.3357625,1.1823251,5.112459,0.25921187,4.694745,10.469698,7.530822,-0.2310156,0.7565263,-0.9887429,3.815162,0.38621002,13.814434,0.37349114,3.0102053,12.848282,15.405662,7.6299357,-3.0116527,-0.08581276,0.632865,0.7940733,-1.3099577,5.5236106,10.086955,7.037393,1.2930954,-2.3000479,1.9036561,6.3779135,15.78452,15.2707205
51,10.153365,17.025805,3.7009895,7.154483,7.375401,2.8724449,4.9811697,4.1138525,2.0546532,-0.6253184,-5.437811,3.420037,-0.08914432,11.610098,2.8268268,4.936559,1.4969116,16.489374,3.2146142,5.170535,-3.549432,-2.4974906,4.491771,7.307625,1.2847542,2.1720033,4.3354754,1.3323005,-1.362424,16.351265,10.351603,0.22083032,24.843834,6.373684,6.2508116,4.38899,2.3286648,6.5860014,5.14913,5.6880865,12.802749,-1.2142222,6.297239,1.0061257,6.7411714,8.609194,4.2925634,8.807967,7.0381327,11.039774,5.59597,8.774553,-4.9642935,7.0278783,3.422752,4.0691123,4.461703,2.738141,2.6362624,-1.1043091,8.873705,3.2191458,2.6431239,8.924586,2.4597633,4.0023084,2.2048287,3.7487702,2.96335,-1.4489608,-3.7330716,4.8017197,3.5659766,0.62366086,-3.7531168,-2.392121,0.3008753,-4.30206,-1.2924365,1.9082723,-4.490895,-2.6460927,-2.4181585,4.919222,0.2477999,-0.9677531,4.7406635,-0.7882706,-1.3821756,0.018501371,0.09648112,2.302304,0.24570252,-0.7482162,1.8151481,2.9249368,1.7355982,1.8663638,12.692108,9.2979,10.132623,4.8556466,-4.2752557,8.869265,9.62548,-3.511907,6.181942,-3.1941497,1.9076163,2.5750434,5.311813,1.4543008,-0.70900095,6.4300437,5.9242015,2.6828794,4.650243,9.02096,7.9682455,7.7189426,5.170512,6.112753,0.47898006,16.12031,7.1014366,-3.6476457,-12.631545,7.6127944,-1.7002245,2.5534945,1.1297423,3.7658124,1.2685846,1.3086233,8.100408,3.1773555,-1.4584565,-2.2981603,3.1650028,2.915091,6.1041317,5.7410636,2.6077185,-8.286977,2.958183,1.7406218,11.927306,10.01544,1.7397513,-0.8403709,6.659293,7.86776,14.589449,15.059112,-1.9056284,0.5821866,4.3609347,5.2999334,0.8552691,6.031804,9.955125,1.0075092,8.925573,-1.1331644,7.696843,-1.765695,-9.903523,-0.6836956,-2.6397915,-2.8665571,1.2168219,0.37623703,11.57763,0.8853242,9.464309,-6.5319557,1.2770901,4.7201757,-1.5585092,2.8303905,8.698036,12.154444,7.1567335,8.623034,2.7369711,1.5707134,9.36029,5.129579,6.2182555,-0.94493866,-0.48645088,3.2789972,3.6111894,16.35664,4.1694293,5.287136,7.1093497,8.420951,2.407386,-0.6504693,-0.8017237,-2.8026178,4.1025243,4.7217665,1.8049046,1.8756838,-0.08328404,-1.0761038,5.5972233,17.97278,14.202447,16.727938,26.381123,14.654499,9.715122,5.386087,4.7733703,3.3386025,2.6025827,5.525397,6.653375,3.1076167,9.493287,2.490564,6.162701,10.886678,8.523718,5.401165,4.642575,8.52706,4.811992,11.6286125,2.8230538,5.0724125,4.6075015,1.3671165,3.5644982,-3.0936527,4.0337505,-1.0120977,26.809202,3.2564743,8.644697,12.5200615,0.63632524,-3.4950056,2.8519764,4.8624873,6.388402,3.7798374,3.117716,-0.11171725,-1.010188,-2.0189707,1.6479174,2.0942593,-1.4600536,1.4732406,1.141669,-0.63837725,-1.2371913,6.427611,3.2036684,1.6514089,-4.6667266,3.8738484,4.089338,5.9504414,-0.08633535,0.0,-0.05256139,-0.2923661,2.2533906,2.5251873,-4.738787,-1.6539168,-1.2831457,5.1678247,2.232621,4.5871325,4.595761,1.0161746,-27.212843,7.874437,2.4005382,-5.002155,-2.5633655,5.380317,1.8351816,0.82673186,2.951952,3.2431476,11.659362,6.041179,2.1832857,7.643857,3.3848743,-0.74052393,0.41233465,1.3988216,14.635718,4.1378016,10.220216,9.055602,0.12974817,12.696464,-2.7096634,-0.07976041,-0.35812375,-9.680993,1.971149,0.58459353,2.4935205,0.038917217,1.1900657,4.6526318,0.039260235,3.2340398,-1.942576,-1.0212922,6.4524097,7.811784,6.7286696,-4.1937356,6.899638,7.776313,2.751732,5.431566,4.3517494,0.06507742,8.655747,0.17341323,17.006279,2.3381581,3.8633437,3.338944,-2.724075,6.1424956,3.0318475,6.815098,22.390387,2.4771888,7.706931,14.84676,5.2646356,6.2687387,-11.76444,-1.9594787,-8.317326,-0.2688028,-1.0059699,3.8466234,13.884557,7.91096,1.9179684,-4.857932,0.47886664,9.216062,5.544133,6.961384
52,13.703703,19.242687,5.6086726,11.555423,6.3896217,3.064819,9.326784,6.3526745,4.588609,-1.3896801,4.829285,6.702378,2.1491065,11.223003,2.6377141,8.281647,7.6466312,9.749166,18.001167,2.1818266,-1.5463625,6.741556,16.944359,12.31471,3.0185382,1.051504,6.0010977,4.05272,-3.9261668,11.546333,5.2165055,4.659766,26.727978,11.710583,2.5390043,5.651754,6.883862,4.605236,5.7835555,10.249781,10.569861,2.1056545,9.037401,3.1326911,7.9939337,12.113326,1.5453677,0.68688387,5.716658,8.811365,6.0244675,11.805433,3.1097012,7.4640613,-1.5339292,8.574283,6.6759653,10.388431,3.5414264,9.725306,9.258277,5.0859995,2.642392,0.16492617,6.510623,3.8809104,2.9487226,5.720858,7.934187,1.9300514,2.7971206,8.078905,4.6777225,0.22479257,-1.97772,0.5439692,0.6180473,0.58232415,-3.6527457,2.8860614,-0.25585297,0.6839233,4.865814,7.312846,2.8468103,5.206746,11.20904,1.9503782,2.9949903,-0.052034054,-0.21429022,2.2444396,0.087221235,-1.1028414,6.5482516,1.3775495,1.924488,5.980279,11.08837,7.9489737,6.394206,5.8190827,31.85324,5.783926,13.449395,0.758335,15.401058,-1.1617202,3.9739573,10.354382,0.45677096,0.36768997,7.4855914,-1.7659805,11.863311,4.7517443,7.5371227,3.5636334,25.807737,3.185853,8.613228,2.5428169,1.6713678,10.184672,8.342397,-5.422377,-15.723925,6.2531986,-2.006224,4.9132175,0.8126269,2.3728142,1.9696507,5.9801426,7.909861,-2.3684518,-0.9447563,3.2648585,7.274798,0.35097206,-0.55549896,4.6636157,3.9511116,3.316194,2.6159546,10.659083,12.083518,12.865371,4.8219466,5.59668,5.427139,2.4766476,7.2815924,3.5973916,1.2504286,6.9114656,7.742479,10.311419,2.1045601,13.017355,2.6278815,9.00139,10.124708,-0.84589106,3.0675707,2.4227498,3.035255,8.738104,-5.1814475,4.389145,1.3683758,0.25607648,19.866652,0.9562647,10.938156,3.3441284,-1.9818546,2.9454331,8.579905,11.413148,9.944774,15.330151,7.404924,14.70536,7.5057793,8.553196,5.2923727,6.9954576,10.190339,1.4353455,2.873072,3.515073,6.4981275,23.15366,8.542586,2.9127898,4.414858,13.296799,9.484551,5.3299046,2.4155395,3.8803856,7.5945463,3.1323094,2.6096656,1.1901889,2.3193865,4.8216767,6.581043,18.24242,13.423883,10.542944,30.678616,15.134366,13.024013,2.8999403,5.972804,-1.0689069,3.7169414,15.350263,9.913844,3.4477656,12.457759,1.342593,7.794337,11.920676,10.934045,7.1944056,4.4466457,9.643976,5.8805184,14.025508,4.82514,6.736423,9.11201,3.7533853,6.904671,3.1814106,4.986725,4.597562,26.7712,6.5993843,12.674428,16.636574,2.4394574,-0.51585424,3.9991994,8.958104,12.796326,2.3082016,3.844977,5.4441404,3.8613462,0.6137947,2.9650676,2.9102764,-0.34581926,4.01097,-0.36200935,-0.6239887,0.24510466,10.021871,9.004296,2.0217915,5.0438724,14.643102,10.316087,3.7764342,-2.9915278,0.0,0.20001598,-1.7530227,-0.99734545,-0.31635952,1.8509967,3.8828049,-0.8544344,5.0271516,7.0921173,5.6397805,12.259521,12.216918,9.887232,7.175247,9.40146,-1.7088711,2.2676618,6.9838367,-0.86902297,1.9644748,4.471594,8.54618,5.381173,6.0567803,8.087748,9.25415,-4.7954383,3.3648605,9.326185,5.347083,16.902355,0.2293906,13.588362,3.7143757,1.4512832,9.466731,0.3034861,3.2318199,2.8115995,1.0726049,-0.8587506,9.12027,4.5261965,3.6584165,4.2848315,1.0216533,1.8993335,3.5434258,4.19258,2.8050447,3.601436,8.958322,11.700336,-1.4458151,4.7777925,8.367532,12.226063,4.6453986,4.542951,2.4434006,8.736308,4.460144,17.330603,4.6513577,6.044295,9.803825,5.9648256,1.1275764,5.3811984,0.8551067,14.127448,4.42597,10.401637,4.438923,4.215013,5.5665293,-0.73215616,1.1799396,-4.884928,2.7129397,3.7911446,1.6074725,12.504987,3.3858206,3.4826777,6.344912,1.185633,6.673273,4.442032,13.22059
53,15.011894,-2.100805,-6.7306967,13.06137,7.898212,7.0696864,13.17133,4.5713515,5.2455835,5.3634934,7.3788185,5.7723765,-2.375774,12.3287115,-5.4090095,7.015688,7.1411033,-0.36793363,-2.197003,6.285484,6.8317685,12.004217,6.932393,26.783232,4.2092533,6.3008738,-4.653327,0.3155705,-5.2868557,11.062691,12.282492,0.5272448,13.239373,0.553218,2.6592255,3.9761941,9.5192795,4.4084873,4.594059,6.2450476,10.523051,3.847495,6.975967,4.42054,5.5351973,2.1808085,5.5639067,3.5335467,3.8769352,3.537813,7.504978,4.744461,1.5662378,4.31094,0.5603677,9.493701,6.7202787,3.6802478,6.248901,8.629365,15.529072,7.9270086,4.2276726,7.597085,20.858078,2.9509993,6.4887333,6.4625626,6.529074,6.1717505,10.055684,11.18834,6.241244,5.702951,4.4045463,4.5758314,1.2044337,8.487408,5.677913,16.054913,6.936332,7.8298683,9.323112,5.180835,10.426807,7.0057626,12.33403,0.78773946,3.7307196,-0.042999715,-0.06135823,3.0851073,1.8107704,5.5216384,5.176465,8.7404995,7.819172,5.7428675,15.087669,9.078008,2.158167,6.6453815,8.328607,17.930904,11.3553505,0.23473707,10.081051,3.911088,14.037194,4.034568,9.2493515,10.522856,13.257,7.060215,17.455574,5.499449,3.6429584,1.4480474,-9.414117,-7.4421945,6.144872,3.8976169,7.5521517,14.4020195,7.269819,-10.778267,-0.8441972,1.6695503,-1.8413453,-0.053768955,0.69945824,2.8490057,2.8282635,4.4563875,9.730293,0.10824889,-1.0901871,3.1155782,6.386298,-0.29950655,7.987965,0.6448525,4.0869365,2.8976254,-0.68141955,3.8392932,8.090773,3.530061,-0.7077408,7.566383,4.2603335,-5.1284833,6.167525,2.3738036,-10.641838,1.4770292,5.5608134,2.5302188,1.7446374,-3.8905067,-4.314063,5.0203147,2.5041273,-1.9523503,8.154263,0.2990346,-5.3644524,8.805855,-2.3216448,10.153377,9.159958,0.39524722,26.33229,18.307898,14.603077,17.419027,-0.036284156,5.093972,9.402744,8.640138,11.260649,7.673879,4.7297654,13.077691,8.3091,11.845826,-1.9767151,5.4806824,11.626136,1.4625037,3.5992544,7.27096,-0.21200153,22.18385,0.9051211,4.969286,-3.310162,7.6121936,-4.17572,10.16571,9.791138,23.213186,-0.06933799,2.139846,0.88987565,6.9157753,4.144242,6.100645,5.0741024,10.455135,12.471795,2.8487399,29.885044,10.280823,6.7656536,-2.81071,8.831711,1.5283271,4.433486,11.061943,19.710962,2.3670468,8.339777,4.656174,7.4498334,7.373653,6.930825,0.82020634,6.6592426,5.080946,4.4114547,8.758086,9.624874,8.306087,7.112441,4.8188643,0.48916805,5.507608,5.8348036,2.4189773,23.137695,7.1713047,13.639549,27.555862,17.49295,2.8820026,6.223539,14.185737,17.88507,5.50994,10.734377,11.509009,3.5967846,2.8740244,2.851125,12.365544,1.5962065,7.3746443,0.85192525,7.126732,9.226499,13.137357,8.901468,6.991466,7.0443344,16.910933,12.036309,1.7114375,2.6941786,0.0,-0.18485218,6.8698325,3.6663005,1.4886404,-12.644753,2.0596948,2.5936356,8.979568,9.477602,7.5690947,3.8975563,7.013231,-3.1300192,4.235047,7.8549113,-2.4701881,6.65153,6.03137,4.645953,14.770024,5.1238956,1.5841928,25.002037,14.506944,1.5514656,10.452976,-1.3320882,6.8726034,-5.5395007,8.431658,15.923321,-3.2456295,5.9879856,10.031658,5.4943075,-7.5263805,1.0695039,1.2175856,8.708999,10.5930195,0.3304528,10.076233,8.588487,9.777967,7.633549,-1.7937676,3.6767104,3.6178625,10.636373,1.3294464,-1.0484796,3.79176,-0.12318656,-4.4566317,-0.7926598,4.5970025,10.866902,3.084724,3.3720326,-3.5320342,2.6875947,0.15741728,11.269613,13.512114,-6.2115073,4.350848,-4.343044,8.15792,11.339666,3.4586785,13.28417,6.03055,1.0684367,11.120228,12.401965,4.112487,-3.1142323,3.1212418,0.90624857,3.7189503,3.4360306,4.9914804,18.283485,10.591837,5.179596,1.8275843,8.23523,15.675448,8.406081,9.818348
54,3.1780374,-8.503833,-5.7786107,7.2242446,2.3398175,1.0220686,-4.765378,-0.7175095,1.356784,4.0885196,8.9783,-0.15580355,-1.3639351,11.523046,-0.18087514,3.9895344,5.1981025,7.8823814,-0.8367074,-1.3526124,-6.2777147,3.674112,-2.0207732,5.9766984,-4.436168,3.4941049,-5.507209,-2.4673502,-1.9389428,6.9761877,4.83421,0.23802856,9.368613,5.485194,9.562537,-0.45811188,4.2759743,2.7603655,1.5768502,2.5946023,1.1595551,-3.2063322,4.983695,5.417937,-2.9491343,-4.5672693,-1.2303847,-5.824822,-4.0035815,3.4038575,0.52586687,-2.4929347,-3.7898853,2.2665515,-0.12853612,4.159232,4.866993,-5.4522657,7.1581097,8.437155,16.980268,3.2017705,4.071738,9.624776,15.160201,2.7268257,5.1146073,11.07698,5.6460147,2.9755409,3.1755958,11.84426,10.519162,8.478819,4.633661,3.8347065,0.8948716,7.6567316,15.600142,10.769728,2.7220106,11.547521,4.6614313,10.679106,16.407726,5.8541336,9.669684,0.51058847,4.4088106,0.040275812,-0.29474476,1.1584527,4.9925823,12.207564,2.8660393,4.838636,11.546908,7.94159,10.031378,7.3775783,4.8333983,18.364664,-5.877876,5.477201,10.21354,1.008358,4.5766463,3.7581906,7.858417,14.687295,6.3815265,9.100363,5.275592,9.950355,11.902492,-3.1437614,-1.1041702,11.004727,-1.4487361,-3.4314473,1.9595996,6.296586,8.838578,5.450891,-1.5997268,-3.9028459,5.205032,9.745923,-1.4958571,5.6753936,2.0963435,9.169434,4.8244762,7.511569,5.3360257,4.0344105,1.8465557,7.462271,-5.2890954,-2.8238957,6.6759768,-1.2716645,2.743913,5.775497,2.5892632,2.9625025,10.069834,0.29160702,-2.5678217,5.175813,3.4757662,0.061967112,3.791465,4.4527984,-4.151591,-2.108179,-2.0641375,-5.1884093,-2.065456,-13.7499695,0.019274583,1.0586057,2.4254606,6.7343674,5.1330137,7.9441323,2.8508062,2.203464,6.752586,11.017698,8.508346,0.2921041,11.303883,-2.186458,3.082966,24.954533,2.8400426,6.4421663,8.402413,7.54866,6.1219425,-1.0687923,-0.1624702,3.5750527,3.8904166,5.970758,2.7210302,1.9557359,3.8375795,9.450345,8.862892,4.496235,-1.9950186,18.896414,-0.2503652,-1.6742618,4.3645988,5.2636976,6.4452906,7.1553073,5.5016456,13.354495,-3.893501,5.4798703,-0.12372042,5.974942,-7.0840063,3.7754579,-5.8723207,5.5718164,1.5318828,3.0931947,12.519127,12.330401,4.0074167,-1.0468515,1.0982867,6.836294,2.9150586,-0.51603484,9.567374,2.290714,6.8328934,3.9391298,0.36647364,-0.52317655,-0.5180647,-1.1811281,3.5490682,6.023056,1.6695147,1.1962757,5.0983987,2.7641456,7.051188,0.18067127,6.812679,2.5607712,9.143797,6.601314,21.643036,0.82369405,9.583759,2.6396763,0.107863024,10.315483,5.30027,3.493016,11.929534,8.99582,8.350133,7.656525,5.1012363,9.469734,4.4201913,3.3196182,1.3898745,3.8138382,5.4573936,5.7226377,3.9647934,8.924845,4.715105,3.6487956,13.613105,13.503297,7.910513,-0.34209985,2.5333152,0.0,0.6025543,2.5471885,3.9075346,2.3864558,-0.25502026,1.6715239,5.4179945,9.874423,10.855233,7.233392,5.7430115,7.234827,-16.778078,-2.4604726,6.7072406,5.64311,5.1368084,6.78296,1.6802999,2.9904604,2.6523805,2.9718466,16.863785,16.64284,19.730762,2.3705392,-1.7555166,0.82852024,1.2904797,0.537241,3.4107256,3.5305924,11.268485,13.609794,4.4528522,-5.3614445,-4.582186,2.7594206,3.1696575,5.7547293,4.4419236,8.123216,3.875913,3.2563462,6.711084,2.999439,3.5777786,3.965819,14.090718,-0.3492119,-2.557909,-4.1269474,-2.8598924,3.4599614,5.2174573,-0.3797491,4.6425734,3.0169542,0.5309812,-4.2040153,1.4311178,-1.9850466,6.5213356,3.8559642,-10.285628,-7.8892474,-2.9394817,3.7667594,4.450352,-7.523892,8.37092,4.880191,3.0849762,5.8986897,9.948726,15.107603,7.080275,5.552468,0.9559377,4.289865,7.4817905,5.831257,13.139753,2.7485852,5.887218,-3.0479426,6.5082293,0.19119485,8.354471,3.619739
55,3.9186373,7.435969,2.8256927,0.6012708,0.46537688,-3.4644907,1.700425,-2.6511543,-1.8253467,0.8475799,4.477598,1.144903,3.914666,8.76527,4.2011156,10.872324,5.207563,6.4339433,-0.5535358,-0.28884965,-10.720277,-6.5906153,-8.298792,8.896285,-0.7913739,-1.5798141,1.1886007,-2.5883422,7.561881,10.993979,8.698089,-2.528268,16.881874,11.288008,13.0266695,-0.6051793,-0.93679905,-0.9142993,3.100078,-0.63127625,1.5464407,-1.6483455,2.9984233,1.9406544,-4.2399592,3.129349,-0.6854654,5.1949463,-1.3752674,8.701616,-2.7016158,-3.8755038,0.6354333,-0.8984367,-0.9644855,1.0378578,2.6429906,-11.728857,2.478556,-0.5427896,4.140167,1.1001949,0.28932086,0.49352607,-9.005094,3.3931146,-0.6386751,3.2558043,-4.744814,-1.219221,-5.448061,7.6784177,-0.5152757,-4.32028,1.528729,0.2400848,0.29874608,-0.5946402,6.738872,7.5916014,-3.402571,6.6380215,3.1766908,6.638379,1.8390625,1.3417871,1.924201,0.5138907,-0.5956935,-0.04059133,-0.28221956,-2.6569433,0.19538052,5.232297,7.840743,1.4755015,4.3612165,-1.0139265,5.5781026,2.3881164,10.619576,9.399233,-2.4183517,3.2598205,3.898779,-0.8557415,-3.463229,7.452268,-0.18941979,1.4484721,-5.390151,-2.9474316,-1.8886019,10.99293,14.032514,-8.337106,3.1510286,5.7683787,27.021208,7.005245,-16.800089,3.0380466,-1.2984595,1.9302553,1.5554789,1.0804828,-6.770272,0.6621219,-6.961772,-5.520617,0.7299474,5.2149987,5.4246316,2.0940957,3.7826023,1.9507374,2.5936117,0.58451897,1.8382,-3.2871864,-3.082889,8.003167,4.603866,-2.7388065,7.332542,5.134009,8.28964,-1.8598963,-0.69950414,-0.26700142,7.991229,0.2752075,-5.4447184,-0.59278274,3.1698155,0.22882701,-2.3683977,-1.4729232,0.66363025,10.948657,6.1776977,14.725854,10.703065,-1.7674575,10.620547,-1.3322719,0.82271606,12.800695,-3.7239332,4.3237257,3.2045004,-0.01893951,19.294506,1.0823551,1.6339487,3.5127037,2.3943284,2.9420738,-0.69525045,-2.9648223,5.323047,-1.9499598,-3.0413857,5.077713,3.4354286,5.0274334,4.4830604,0.035925854,-1.2647477,0.9048271,3.9694052,0.2483625,0.06541593,5.094495,5.9881444,-1.7037587,0.85446894,5.4996657,-3.3027713,2.7162287,-1.1000346,4.205069,-5.2944717,9.625557,0.21794374,2.8141382,1.0767583,2.4024253,6.833277,7.2543645,3.4109128,-3.4941044,15.435087,-0.2137955,10.143524,-0.4248903,-7.1257925,-1.8182691,-3.670988,-1.5883288,-2.0989413,2.4361055,3.0242484,0.88076675,0.88148284,-0.32433376,-0.5243424,7.587281,1.7619549,4.577148,-0.6952071,-1.5236892,-2.0332866,1.5673646,1.3892043,-2.8059077,3.3617887,-7.7671547,1.4588996,-1.452023,12.499363,-8.834552,1.019677,-2.3027434,-5.20327,-6.521969,1.39869,4.2308497,-3.2318747,-4.2904186,0.75488436,-1.7988973,1.5205884,0.32834,-0.45865607,0.7357454,-2.6200547,1.4171551,1.6057702,0.87512976,-5.8462534,7.9557347,1.6684288,-0.81831115,0.33067155,1.7408334,3.1575444,2.1039534,-1.8862995,0.0,0.046692606,-1.9329017,-0.6668016,2.8459136,-0.062587135,5.558311,3.894672,3.4249284,8.921746,8.345853,3.634526,10.276688,-9.572709,-2.6680107,6.0227447,-2.77959,5.551118,-3.234457,-4.462705,8.223691,3.3143528,-5.0408196,8.61689,11.605163,15.810059,-1.327272,3.0501983,-3.102161,5.4858613,8.674896,2.604728,-0.6069629,5.961315,10.514114,0.98480654,15.27108,-0.074841745,1.098095,3.7953184,1.0654061,2.680776,-2.1550763,2.5798092,0.8032648,0.85680467,3.41198,-0.59054697,4.6317496,5.2618504,-0.0017419867,-2.5698736,3.47694,1.3558744,7.965386,7.963898,0.6502742,5.1085715,-1.1031072,5.6354795,-1.7858131,4.372419,-1.3654964,14.535891,-2.4104655,8.277399,-1.9732248,-3.9312265,2.247345,0.6942756,-1.4286901,0.62685984,-1.426252,5.827111,5.2056184,3.2505856,4.2785935,-1.6665599,0.76157314,-2.2978883,1.3956844,0.60491747,4.5932627,8.994619,8.743418,0.77968735,-2.5969594,-0.92954797,1.9394221,-4.110796,0.7401952
56,5.5864215,-5.9404044,2.6105678,1.040741,0.20225035,-1.0112487,3.3686867,-2.0291479,-0.9454465,-1.7044998,6.025821,3.4055443,4.061703,13.605604,3.6257627,9.451291,6.458487,-4.8038635,8.694831,-0.034590628,-8.693332,2.569356,-11.0672865,-0.2988369,-3.3861616,-1.2640502,-4.640186,-3.3258235,-0.37972742,2.509417,8.689901,-11.50127,8.693604,8.038948,2.7279978,-0.83404034,-0.5712862,-8.315823,0.7179634,-2.3784184,-3.4075477,-4.0270276,1.2780225,2.8798108,-3.5359364,7.069114,-3.0960903,-1.8544536,-5.139718,5.6864,-1.8758895,-7.172252,-1.9373356,-1.7449126,-2.5511684,2.3558416,-1.3901663,-5.69481,6.48901,-1.4913633,3.602207,2.4020908,-0.9512112,-6.1857,-10.621001,-8.086636,-0.18608084,4.4392657,-3.0089526,0.010449562,2.1922998,3.5541713,0.93358225,-4.985207,2.65562,-0.83860046,0.8130843,6.6114664,13.77213,14.643101,8.42209,12.503639,11.035178,4.0867057,8.746508,1.1111557,0.54265755,-1.3039994,4.0897655,-0.06747566,0.3858385,-1.1027527,-1.5209423,-2.258514,-2.7113845,-0.12682286,5.571342,1.9360071,0.16225956,5.80886,3.5544243,11.974389,-2.8732738,9.974731,3.8513327,-0.95150703,0.50063837,6.4096446,3.011916,-5.114029,1.1329322,-4.426608,-2.443473,6.2217073,9.153073,1.6440221,-4.380509,-0.27870798,0.5060535,-0.32573244,-6.5261493,0.031337127,-1.8445283,6.322077,-4.055563,3.3684585,-4.848212,-3.279891,-0.91085094,-9.269724,-0.33172774,-0.09195991,2.0906384,1.4275713,4.2007275,-3.0177631,7.7775607,-0.5061711,-3.4949346,-2.6745906,-0.08205298,2.654766,10.019634,7.8909874,5.369314,3.5988345,5.073365,-4.070752,0.07925142,5.6139197,4.738377,-2.5376217,-6.6285224,-9.240745,-5.070528,-7.716943,2.3738284,3.4901311,3.0892587,-0.8365844,0.47045094,14.341666,-0.51637036,-9.080749,-1.2969408,-6.3640394,6.678697,9.158471,3.4734595,11.036511,6.019854,0.22225283,19.618382,-5.712506,2.138592,2.1324334,0.016605308,-1.3628254,6.862631,-1.278289,5.758223,-9.242235,2.1543453,4.501491,2.4066021,7.0322094,-1.7337546,-2.2814372,-2.352998,1.7612385,13.295038,3.1639912,2.011105,12.767484,5.248721,2.2428644,-2.778161,0.35658646,-3.0966024,-2.2464762,-2.9247413,7.364007,-0.37198776,5.5884643,-0.70256096,-0.74123263,0.10820498,-5.8490763,9.348884,3.8913882,8.698197,-12.7234535,19.901302,5.615798,-5.7913623,1.4715612,-2.662345,-4.66664,-1.456723,-3.4114738,5.6747046,-3.3594656,1.0870364,2.0561793,0.7706786,-4.1123223,2.882438,3.579992,5.2380385,3.7345188,-1.3876235,-1.8577034,-0.91847944,-2.50366,-3.7122104,2.174723,-2.78699,1.8623424,2.1654055,2.020878,8.966092,-4.419934,3.678576,-0.4116467,1.7549888,-4.8372955,0.41430572,4.6809897,1.6568288,-1.68407,4.1862564,4.182177,5.2960415,-2.9245589,-1.7982401,5.610163,2.1822338,3.4546452,2.6572008,11.758139,4.8608046,6.3162513,3.6651986,1.0517597,5.045263,4.4698286,3.4741948,-0.07055184,-1.298763,0.0,-0.11208412,-0.6619494,-1.5775834,-1.88254,9.133552,3.116092,9.442243,-1.8086803,9.157996,1.4501666,2.230239,9.282891,-4.097166,6.4453964,4.476234,-2.0660076,-3.1745849,0.9597611,2.4060452,18.031635,-1.0433421,-7.526564,-1.4689133,-5.5911374,-1.1124521,-2.0522532,0.4793705,-0.639045,7.0664496,0.6040503,2.5618951,-3.475389,-3.0813193,2.897544,-3.1381972,0.870957,-0.86129177,-3.4674554,-5.6422596,-1.2905686,-1.9232304,1.4465095,2.481975,3.23522,0.96238035,-2.8912942,0.19091213,4.022482,-2.6534834,-0.9982424,6.0917625,3.534476,5.290734,5.4133058,5.2072124,5.0146756,2.1382456,-2.3098478,6.267311,-1.065554,1.9389687,2.1402307,9.7457075,6.2033973,-2.218181,-3.0108178,1.2127485,0.10066286,0.94102335,3.330242,-7.121362,-6.1498103,4.0579147,-1.7328227,-5.536554,-5.9544716,5.806559,2.2182245,3.8442166,2.310798,8.422617,0.017619135,10.052641,2.1142375,-1.3609043,-6.016148,2.1144807,11.821206,-2.7433093,-1.5258424
57,-2.5767505,-19.407187,-1.0740995,-3.9735093,-3.6553304,-5.1884623,2.9194384,-4.6945977,-2.9305496,-0.6300192,-1.1110724,-0.54221106,-1.64894,-11.911514,-2.1035323,2.9787858,1.4922268,-7.3293486,-2.4338562,-3.7044404,-6.6458697,4.1118093,-7.103663,8.049307,0.36113918,0.683282,0.5236133,-1.3077496,8.303379,-4.905949,-3.0696466,-5.901226,-2.9345827,2.6855454,6.376495,-0.6309664,1.3688624,0.6782361,-0.44852182,-4.3355074,-5.658987,-0.90174055,-3.5816972,5.5486703,-0.12078565,1.8950438,-1.0487423,3.4281733,-5.5409813,3.3381956,-2.9710906,-4.605973,-6.071798,-2.650725,-3.228886,-0.98822296,-1.4778452,-2.818246,3.5706868,-2.6203027,9.820687,4.166484,-0.74943113,-3.4235406,-0.92934406,-3.7075067,6.069974,6.162675,-0.91484904,1.0797081,3.2959654,4.266261,1.8845502,-0.2239719,1.4418192,0.90181947,0.19945183,7.4993954,7.1496854,8.67998,3.429075,14.278275,11.538146,9.953138,11.80745,4.249799,8.35077,-1.0105157,0.9459303,-0.008680679,-0.17690764,-1.6766397,-2.007329,0.96423906,1.6891841,0.7318748,7.3762136,5.4394355,-2.0734572,3.5235295,9.787794,4.6397295,-7.1843624,0.31044418,7.1741085,2.7917082,4.4707413,5.9838204,-0.24200444,-5.0075245,2.7628536,-1.0937321,6.627563,1.8224021,-3.2087703,-4.618851,0.3624617,-10.189875,-3.3382328,-4.0005045,-15.503708,-1.0425504,0.47448197,3.5643325,-4.982734,-3.037368,-10.115703,1.8101645,0.37609747,-5.969191,-0.044152237,4.3382306,3.1484683,1.0966358,-0.93178266,-0.95839965,6.8501773,3.7946236,-2.9896634,-3.5359163,-8.190887,-1.8911533,6.561003,1.3154155,0.8964867,3.270452,2.3104117,-3.7793026,2.9104214,3.6065261,6.81676,-6.10454,-0.058701877,0.2923105,-13.364516,0.5315891,-13.142631,-5.6814694,-4.3710804,-9.027166,0.5040746,7.331356,-2.6676204,-6.185886,8.757409,-2.8728883,3.0628388,1.0252849,0.0141597055,10.020329,4.5972633,-0.055892237,16.85637,2.493827,4.0580826,2.5127516,-2.0164468,1.3017111,9.752058,0.5120045,-3.0616703,-4.2982635,-4.836481,-2.2856464,-1.1913131,0.18735911,-2.1408107,-1.0564846,-3.2534013,2.2334826,1.2597939,3.0122995,-0.6928669,-13.952514,-5.793689,-2.0335577,2.523629,-0.76983416,-12.072005,-3.498862,2.1151867,3.1832378,-6.114262,12.398656,-2.1558807,2.6062796,3.0400321,-1.9831475,3.6014822,-3.9669418,-7.9569826,-1.3840353,-3.6166356,-4.651705,-1.228574,-3.2920887,-0.8215982,4.094419,-2.3550646,-4.714407,-2.1694772,-5.482184,0.31451643,-0.06373927,-0.89225405,-5.432787,-0.40018672,-4.3597293,-1.4624057,-3.386517,-2.0780213,-5.0438323,-2.1366515,-0.10623233,-2.1209388,0.09059474,2.629318,1.8209882,1.1951939,-0.22076485,9.486442,-6.0675354,3.7467449,-3.496511,-7.3901243,5.6745806,2.2375631,2.0077002,-1.5209575,-0.5470974,6.7575927,4.7732716,5.8659024,0.14744301,4.694846,4.098636,2.0959108,1.9152926,1.0798389,-0.65685695,2.079927,8.447116,3.7230048,1.9770575,8.156754,7.623157,7.1549296,-0.039780434,-0.80532724,0.0,0.2827502,0.41117117,-3.0661495,4.9389844,-3.8639169,2.2699218,3.8205526,-0.087801315,6.023941,4.194465,-0.7817176,1.5684448,-5.242918,11.392285,2.1565053,-6.4511123,-3.7730956,8.801547,0.921582,3.763038,7.8761625,-3.6149619,-2.1213064,2.798727,-4.2844567,-4.212197,-5.717358,2.6406972,-3.6850817,-4.6048,-9.025471,-0.9219308,1.9675761,7.2382793,-1.9156799,4.8224645,-3.2766628,-2.406655,-0.95586693,-2.1723669,1.8409358,0.40090767,0.21290313,-0.8249557,-2.2196715,-3.7237236,-1.7377031,-5.1591225,1.6745323,-5.0612135,-3.2163827,-4.632072,-3.3010926,5.2467895,1.0443473,0.98082185,-2.200697,-0.5201152,0.90027183,-1.9361254,-2.1458223,-2.7573602,0.6095747,-5.707817,-1.6039876,-10.566575,-4.882912,0.08640459,-2.235285,-1.7193326,-1.3072377,-8.5436325,-4.0416756,1.106226,-2.0633183,-3.0521967,-0.20152003,-3.500258,4.636581,0.8680227,12.961622,1.1484044,14.600115,4.3821115,0.348742,-3.8865838,3.8155322,8.41507,0.73785675,1.5508057
58,-7.3995934,-8.128596,-0.79270613,-2.5981224,-3.7029288,-3.8235147,-3.096417,-3.9209847,-1.2807288,3.75642,3.9770977,-3.494422,1.1534688,-0.12672755,0.40383312,4.878986,-4.4230742,-4.781054,-3.8237622,-0.84696764,1.6896929,-6.171628,-11.562859,7.951931,1.9216588,-0.62205416,1.9396853,0.41966626,1.7699946,3.551659,-10.135562,-1.5762904,-1.1818234,3.0903099,2.622349,-1.4089726,-3.2028408,-2.9922016,-3.7596505,-2.499955,-2.909312,-0.53403026,-0.6918129,4.568025,-3.658512,-4.315884,-0.32244423,-1.2278236,-0.37921062,-1.1932707,-3.5415883,-6.533014,-4.6766934,-3.4943097,0.5459363,-0.42013094,-1.7335461,-2.057573,2.4174912,0.07369288,-1.322917,6.308988,0.6952859,2.009221,-5.8240895,2.2089994,3.6742027,5.742279,-5.405019,-1.5136082,0.47198346,0.68618804,1.731293,-2.927721,-4.026234,1.6108869,-0.411153,0.95026064,4.5932164,8.101873,0.25778395,3.5730693,8.069015,5.4502535,3.9018605,1.6966273,6.0945253,2.2274258,-1.0616074,-0.09542901,0.31467032,1.3935087,0.069393165,1.7101761,-7.7614565,1.3389344,3.3796625,4.905392,-3.6548984,2.1198204,13.098467,-7.854235,-0.7919334,16.898829,5.4817066,-2.7547593,0.28157988,0.3235064,-7.0601916,1.5018691,-2.3053358,0.46743253,-3.86159,4.3401175,0.60459673,-3.2381804,-5.180631,0.24144766,-2.5431812,8.977217,-11.766113,-0.4787868,1.7661921,2.0552716,-3.9496436,1.178857,1.0186397,-0.66608053,-6.386434,2.7167952,0.66709125,6.4133625,5.8361897,2.7002792,-0.37061968,1.9230459,2.9647577,-3.189933,-5.142209,-2.954036,-5.686702,-6.9669714,0.008542065,-0.8459438,0.6096743,-3.0974138,-0.87227714,-3.9711213,2.0574555,-2.4435687,4.496478,0.48556286,-4.1700377,-0.6624984,-3.0304432,-6.032963,-11.546138,-9.102894,-8.348061,-5.02002,-1.1542778,9.799616,-4.9810476,6.680937,-0.13283719,3.962761,-3.224672,1.2578799,-2.249021,4.4441786,3.0781078,0.08603008,8.7212925,-9.181465,1.6466428,9.679678,3.1702063,8.486203,4.135268,-0.20076336,-6.5504665,-8.494625,-3.871801,-3.5998712,-2.9953318,-1.5905609,3.8338523,-0.78333527,-3.9493942,-0.76986206,-0.96994644,-0.03944746,-2.9013894,-12.900946,-1.9649652,-5.541562,0.9109249,-1.62942,-0.595521,-3.5853915,1.3177869,0.4122369,-10.175334,11.971619,1.3014735,1.234313,5.352406,2.7174401,-5.4689336,-2.3190324,-14.49971,-2.1978874,-6.8527436,5.0152206,6.3294373,-3.2368762,-5.0685477,0.2746753,-1.9101299,-7.46657,-9.399939,0.37925506,-4.9202247,-4.53073,-0.4844191,-7.371844,-3.3783836,-0.24046636,-4.179984,-2.750507,-1.9694397,-5.157213,-0.42533618,0.48720032,-2.5777156,-5.710328,-5.0735354,-0.77038544,0.22490053,1.9866656,5.4119534,-8.604967,1.375664,-14.09738,-9.963599,5.6136184,2.270985,2.3013768,-8.742505,2.301931,3.8533843,0.14056954,2.1841643,2.016624,0.5404727,4.2452807,0.55484873,2.822629,9.141434,-1.6217841,-1.0031973,4.949838,-0.15100983,-0.49036172,-5.2652283,6.364379,2.427763,1.4987409,-2.3861482,0.0,-0.53504217,2.396081,1.8906294,1.9923378,-0.3293657,-3.8551235,-0.30805746,5.7856483,5.268692,6.0841427,1.5553831,0.39548343,-16.275623,-9.368923,3.379487,1.4387197,-7.0373797,-5.6718435,-5.8631425,3.7028308,-7.5784006,-4.653199,-8.375265,12.630932,8.035957,-6.2267528,0.84601825,-5.0641036,7.8078237,3.759439,-12.756948,-0.6689674,-0.9831389,11.512828,0.2005092,-3.66287,-4.6067386,-1.1231046,-1.3019651,1.2641981,1.522601,-2.5003042,-1.5097337,0.7264145,-1.8385363,-2.9364593,-0.7008833,-0.98431563,4.420575,1.1105928,-6.7872977,-7.541041,-6.1517086,3.2877672,-1.6588755,-3.0657017,0.78467804,-1.0675808,1.4405084,-0.12664868,-0.9283967,-4.04942,0.33086854,-6.8047094,-1.5237485,-3.246688,-6.689812,4.2195225,-0.16667654,-2.5069356,-1.8492109,-1.79913,-2.3175342,-1.8975152,1.4689043,-0.9404213,-0.13584086,6.03388,-11.275015,-1.4212854,0.10470172,2.56448,8.72667,7.7867355,3.1636963,-0.045052677,1.5334606,11.554912,-0.12583682,-0.22867829
59,-4.1169143,-1.1673605,2.1710792,-2.660168,-2.0252578,-2.5127583,8.951156,-3.1527555,-2.8663578,1.5170736,8.759176,0.6195849,1.0596083,-9.656152,2.6336505,1.323654,-0.27352256,3.3344588,-9.19822,-0.76244044,-5.662044,-7.543954,-1.4891237,6.6741176,5.5028,0.06897148,-3.5696967,-0.7556994,-3.8882968,4.6943626,-2.4325714,-1.6211104,1.3378999,9.080433,12.189194,0.026603995,-0.8302327,-5.594103,-1.7161494,-1.5268443,-2.531675,-2.9858563,-5.6051307,2.3429031,-2.0776057,-2.4319284,-0.82917,5.178371,-8.310967,3.0877414,-2.3876011,-8.333011,0.5101683,-0.850322,-0.6404572,-1.4467587,-4.4134793,-2.7495353,-1.6922301,-4.9311805,-3.4918213,-3.2921438,-2.601879,-4.727763,-4.2769985,-0.6894675,1.1453959,3.2234123,-6.253578,-1.1095722,-3.7116973,1.5926712,-1.9422494,-4.9758844,0.37307346,0.9793031,0.46924496,2.0176136,4.7152524,3.0840192,2.0008092,2.8138928,0.4946225,2.8466022,-2.4397018,2.8123302,-0.46024647,2.41247,2.1751864,-0.009668186,0.17232452,-1.2951783,-0.36199114,3.1917012,-3.341833,0.079202466,4.5693126,3.6245687,-0.06604876,5.2777114,2.1340504,-1.2005514,14.958309,9.982868,3.6108458,-1.6172037,-4.2756753,0.010904253,-0.85606384,-6.9890895,-5.8260546,0.3185005,-7.05924,-6.154371,-7.6571865,0.22751282,-0.36684105,4.5481052,16.005783,4.291751,-11.449295,5.436533,0.8491095,4.1453567,-0.20599167,9.489296,17.032232,8.706419,-3.6250534,-0.74488515,0.21890527,2.453292,5.2319503,3.6847055,1.375128,-3.0276196,-0.64320713,-3.0815933,2.8662672,-0.470469,-6.069591,0.0013514266,0.9606319,8.831813,2.701279,-1.1572591,-1.5032578,-3.6672025,-1.0709153,2.3007488,0.6254088,-1.3560631,3.5417025,3.1637106,7.907247,5.4455624,-3.8327882,-4.836356,-2.7803228,-0.14823528,11.381106,7.7393184,-1.0105293,-1.2013625,3.5866838,3.3975782,-4.128995,0.7427227,0.5482078,3.895142,0.65248173,0.22336663,8.736888,3.9568994,4.686967,1.7095542,-0.76232475,8.760776,-0.4428355,-0.3609497,-3.086962,-4.494017,-1.1861573,-0.7951412,-0.08563099,-1.5542661,0.7822678,0.57528317,-2.7647536,-1.5571628,3.357454,0.27116632,0.74596167,-5.1621447,0.60211176,1.4483837,-3.0527608,-1.2231789,-1.7875818,-1.2777386,-3.1614616,-1.7012259,-1.5660703,9.488921,3.5355337,-0.7914536,5.2330523,3.9008691,2.487187,1.3241255,-7.5657845,-13.006723,-0.10502212,0.9930107,1.2394053,0.41183805,-5.1512637,-6.1625605,0.70523065,-8.21539,-6.248249,2.9949324,-0.8209141,-1.0380766,-2.7890313,-3.5337784,0.68958867,0.7482524,-3.4010246,-3.8289473,-2.050778,-3.329938,-3.8562849,-0.19544241,-2.9220326,-0.82790333,-2.9866416,-3.9015906,-3.38225,-2.1135786,0.6812793,-8.866808,-0.82301545,-4.297547,-5.329787,-3.5995948,2.1000817,0.8193728,-10.113328,-1.0249432,-2.5973322,0.13181634,-1.080285,-2.2134204,-2.643833,-2.4821703,0.85533947,-0.07677163,-0.9848436,-0.25619215,-0.5930726,-0.6237066,-0.09433755,-0.5993619,-0.263099,1.8085338,-2.6517987,0.25053066,-0.03640449,0.0,-0.4024548,-1.1056381,-0.754928,-1.0475175,-0.6147344,1.3804823,1.8044966,-0.019000271,2.6331167,1.4632525,-0.4859405,2.459352,-11.340566,3.1191044,6.1831145,-5.513614,-5.5688424,3.4073234,-1.2532803,2.914332,-6.3550763,-1.8443525,-3.8991463,4.3325133,0.46882242,-4.3217473,2.5451562,-0.15468933,-0.9967456,-5.9902167,-8.567558,3.3861895,-2.3915994,3.0407789,-1.8196431,5.0436044,1.1431141,-1.7498049,-1.0167843,-1.2984704,-1.0802212,0.1993855,0.15691374,2.1219344,-1.4154718,4.6961145,-2.000202,1.2211319,5.808672,0.19329569,-0.44856176,-0.47801822,-0.9765734,-0.23125236,0.65614206,-1.0228078,5.4060645,-1.6689006,2.1844335,-0.3925619,-1.1501865,-1.7450575,-4.8674726,2.842837,7.239942,-8.27419,-5.9330134,2.295848,1.4392123,-1.3165215,1.8835694,-3.5329943,0.58489764,-2.796394,5.2572274,7.496742,-0.28618297,2.909788,-3.2228768,-0.8855897,1.3791317,-0.50015783,9.9086685,4.344624,2.2393994,-4.368212,1.9549311,11.657626,-6.147784,-9.87019
60,-1.7688423,-3.0635145,-0.025485622,-1.7249871,-3.5965085,-0.93883103,4.6870255,-0.45863003,-1.155734,0.10571869,5.762082,1.4178475,0.26334214,1.6034803,2.4007452,3.216759,2.8903034,-3.601244,8.832237,-1.0435342,-4.863203,-0.95984006,-1.864069,-0.32872823,8.450347,0.7796217,1.6845524,7.658749,-4.3177624,-1.3781971,-3.1723325,0.556365,8.841344,-6.5029693,0.26653972,-1.9799148,-6.123796,-5.9712315,-1.2883531,-3.5023026,-2.698651,-5.083907,-1.9512097,1.3735029,-8.084092,-3.5822759,-4.0418553,7.5345807,-3.7398126,-0.079460576,-3.1478941,-8.256505,-0.7565324,-2.8136897,-1.4056842,5.0832505,-0.7772268,-4.376815,-1.1966972,0.5159452,1.1733586,1.5877318,0.18061136,0.7571374,-7.9112887,-3.151063,-0.32726157,-5.7033205,-2.4064116,-0.6378346,-0.45282394,-2.7236009,0.009285869,3.3346446,3.0631168,-1.3696349,0.48165756,9.031324,10.883081,8.599019,11.804829,6.7895827,6.7805314,-4.0037932,3.034765,1.1807232,-6.6941824,-2.8283322,2.1461327,-0.08361387,0.28620446,-3.8506792,-1.6546366,-0.8458733,0.39209732,-0.98256516,0.74114615,-1.8381547,-1.2456114,6.3267,-0.89977324,-0.70939016,-9.750954,5.973601,1.5835057,-0.63125944,-1.5484254,1.5213526,4.6980767,-4.748625,1.206994,-5.1985803,-2.2557013,6.932739,-3.7495162,0.09900659,-3.1614769,2.1329412,4.0537434,-3.3875399,-6.540482,-1.6582967,-0.13949285,3.7910218,-1.2233877,2.1939738,-3.684424,-0.42703834,6.053278,-5.0956435,-0.5544406,-2.3920233,0.32673463,-1.7116674,5.6056714,-3.8615987,-2.0525205,-4.1947703,1.1903671,-0.07974909,5.978981,1.7833551,3.127346,7.3805447,-1.0984467,-1.5060205,-1.9084246,-1.3297971,1.0298237,1.8696967,-4.634741,-1.4589477,-5.469432,-5.196103,-0.66554594,-8.363254,-4.0828032,-1.2180806,1.83888,-2.1067793,1.9118723,-2.8979993,-5.190604,-6.745818,11.136182,-6.4004364,8.1994,-1.315046,5.539308,8.496811,-0.39867163,-0.07205855,11.2095375,-5.985407,3.825981,-1.979493,0.1922844,-0.512244,3.79511,2.7065043,-0.4536821,-4.75024,-0.35572422,0.9285022,-0.27223587,1.8906101,-1.6344724,-2.4074514,-3.0006065,-1.8145229,0.7614936,-5.113822,-1.3420303,1.0135431,-2.4370801,0.36021325,-5.55111,-4.062269,2.520841,-2.6062753,2.2613366,0.47701642,-2.6228304,0.2988116,4.717522,-1.950957,4.206778,0.99693274,0.24474765,-5.964073,-3.590872,-10.581829,0.19311246,-6.1902146,-6.390185,-0.6828728,-1.665996,-10.29341,-0.11861854,1.0628808,-8.197084,2.1537874,-4.990809,1.7783498,-1.5839387,-8.30505,-2.0394516,-0.32831076,-3.5999842,-3.7284443,-0.18416066,-4.405721,3.256097,-0.43786192,-0.6041382,3.461685,-8.357476,3.9575808,1.0706273,-1.0388716,0.92278427,-4.517064,-6.81241,-5.0518923,-3.0073395,-11.148038,-0.49106905,-2.4843223,-9.791093,-2.5581381,-2.4588447,-1.5469052,0.59743094,-3.6848087,0.9735637,-3.4363923,2.0639331,2.5814366,-6.218734,0.62246084,7.506647,-3.2009454,-0.71804917,-1.0813518,0.113176756,-5.1595407,-2.9022484,-1.494111,2.5419958,0.0,-0.16322103,-5.5986023,-2.7267525,-4.3304467,-3.2603407,0.7401979,2.4233313,-3.9577925,2.9320288,-4.904216,3.052334,6.657672,-3.8518164,6.7532907,2.1369443,-0.9560214,-0.28901953,0.5325981,2.0256689,7.2423506,-2.0299222,-1.7710233,-1.1380635,-1.3554614,-3.91952,-5.6028433,-3.7698002,8.817724,-1.5346231,6.0511203,-5.2789245,-2.23846,-6.9252625,0.6537173,-1.5521526,-9.26647,-10.72504,3.20354,-4.6831856,-2.1579359,-2.5732782,0.14819457,0.0067725345,-1.7489752,3.301956,-6.964482,-0.074552394,-1.8789891,1.9074663,0.52902377,-0.01878728,2.3884716,0.58608246,6.994143,-4.7456284,-2.702821,4.05583,-1.5003567,-3.87374,-3.2969477,-6.4460483,3.4860635,1.013913,3.3319914,8.2825775,-2.324397,-3.8717277,1.003904,2.3571568,1.1561643,-11.308843,1.8648256,0.7794833,-4.0031843,-3.3291254,-4.600597,7.0126777,0.31098756,6.7936416,-0.20983283,7.8233566,-3.1294148,7.377745,-3.190345,0.025828859,-2.9882824,-0.8421817,11.949999,-7.469839,-5.222516
61,-6.935795,-10.877758,-4.671954,-7.3996453,-5.8352504,-4.5787096,-7.3925796,-4.876674,-4.4502115,3.8913152,1.7030913,-0.77048147,-2.8789623,-6.511782,1.8213154,-5.53777,-7.238981,-5.632376,1.4601622,-3.1799285,-11.475907,-2.2438607,-1.2631702,10.327599,6.265427,1.7366264,0.18833682,2.5390913,4.028437,-12.445609,-8.768028,-3.378142,-14.981801,-5.6450825,-0.14988519,-1.6095705,-2.135221,-0.5208223,-4.8701873,-3.828549,-7.822003,2.142273,-5.0846395,-1.5747802,-1.5191816,-1.08951,-6.048303,-3.5084636,-4.372624,-1.9357791,-3.3247752,-5.683776,-5.1519504,-4.1903434,-5.1891613,1.8073275,-4.9601912,-4.490177,0.0032191833,-0.83605117,3.7634234,-1.3836122,-2.4846768,5.1256266,-6.7968674,-6.3318934,-0.8676891,-3.7868645,-0.7427031,0.38596275,-0.41480803,0.5594274,2.627477,3.4490037,8.437275,0.52351725,-0.18538216,7.3056316,6.1789827,-4.1562057,9.119895,5.522202,6.589397,1.7568823,6.7978024,-1.4339293,3.785723,-1.2479984,-1.8078365,-0.020160714,-0.1807656,-0.16731331,-0.28468737,-2.0253644,0.15229525,-1.8550788,1.1233118,-6.009737,2.423034,3.5528207,3.3555079,-5.3105927,14.968492,4.6758285,-0.2746441,4.6123815,1.8770398,5.362,7.2639456,-0.5273399,-3.3090932,-1.0835947,3.5901225,2.3478098,6.2076855,-4.062866,0.9242627,-8.231082,-6.493593,-2.7220533,-4.600006,-1.2781589,-0.15544844,-1.1069514,-2.0682175,-9.11052,-13.41086,4.5794325,3.2177303,-7.2017665,0.33875275,2.2408693,0.87977666,-2.4292824,-2.5586264,-3.8947723,4.6924458,-1.5534831,-4.6857867,0.26914003,-8.216923,-5.7516913,-1.2194535,7.15935,1.3620868,0.783824,0.6915431,-1.2718627,0.618367,-1.347385,-7.899597,-6.580962,-11.865307,-15.226663,-1.6161627,-4.1942544,-4.199095,2.930301,-3.264297,-8.032578,-4.724683,-3.4883308,-8.458904,1.5318637,7.404831,-1.6808611,7.538877,-3.292646,1.408626,2.22978,0.56553864,-0.07962617,4.60386,4.814446,4.4096,-1.9220208,-1.3856132,3.2609317,2.4247775,-1.2087797,-8.605896,-7.5103664,-3.6870484,-6.5263834,-5.9720764,-5.0673795,0.34607548,-3.7802358,-5.0428658,2.8884532,-3.2906356,-0.9077044,-5.4128394,-9.508182,-2.385327,-2.867204,-4.3779116,-6.3528075,-6.39414,-8.833157,-6.5186706,-6.981167,-4.5664625,4.315008,1.8935623,0.5623043,-0.7433411,-2.4627743,-2.985538,-14.462153,-13.419761,-2.51919,-23.73846,-12.433066,-7.028995,-0.38240838,-6.4926734,0.7986902,-2.0062065,2.3342519,-3.4808824,-4.9881306,-5.225406,4.0263805,2.879315,-6.431628,-5.1186104,-5.632895,-4.68247,-6.357783,-1.6496251,-4.4807067,-11.518028,-1.2627666,-3.1276236,2.9250722,-1.8706782,7.0192776,-5.3163853,-2.4899504,3.1294873,-4.331681,-2.226247,-6.0141177,-7.648891,0.6075218,-2.5246344,0.42411214,-5.3715177,1.7051818,1.2862993,-6.2832093,-0.7238052,-0.4864696,1.7399582,1.7566218,-0.16918896,-1.4834164,7.302992,-3.3118205,4.962307,-1.3172591,-1.6419184,-2.2020895,-2.0172737,-7.369475,-2.0393002,-1.2188584,0.06999276,0.0,0.086749844,3.4793746,-1.4466639,-0.43157116,8.201476,-0.6750456,-1.2349784,-2.678458,2.4030304,-1.5518137,-0.9768642,-6.0919228,24.30944,0.69592154,1.6941787,5.86469,-0.8531863,1.589047,7.6823735,-1.8995593,0.9653588,-1.6640375,-2.0326982,-5.4123487,-3.1922424,-1.6978699,-1.8898456,1.11321,-3.2119079,-4.794458,-4.9283004,-1.6224877,-3.3461692,-3.141511,-1.4054219,5.228154,-10.262131,3.2619236,-10.553231,-8.202708,-0.16444023,-6.35791,-3.0521572,-1.9873272,-2.5483434,-1.567015,-1.7438146,-5.501713,-5.082664,-5.429026,0.26631808,-3.552533,-2.6791599,6.193245,-0.37306616,-0.8882189,-2.0079358,-2.1704302,-4.8438416,-2.7563171,-6.997347,-3.3658218,-6.8021946,-6.4753375,-3.3311427,-1.524368,-1.0518298,-3.8627546,-0.6852559,-11.400155,-11.975306,-4.3862724,-7.4530683,15.623579,-9.286456,-8.026234,7.6618457,-3.8128192,6.017755,-3.901977,-2.025819,-0.73163635,4.437677,1.493816,3.3211432,-8.659312,-0.56250983,11.036856,0.7536937,-7.3687215
62,-6.472995,8.4507675,4.2068768,-4.185825,-3.9091659,-4.1675143,-9.328881,-5.153148,-3.5260382,-5.989451,-3.4023514,-4.0603933,-1.6036648,1.175787,8.211543,-1.344355,-2.295027,0.45337787,-7.872334,-2.6270983,-4.186204,-5.6868625,-6.9680867,7.455055,3.9155939,-0.06960311,8.787352,4.3711553,9.691112,-5.3528,-1.283874,-3.1494656,-20.313633,4.6257663,11.777145,-2.3298402,-4.8381114,0.5124431,-4.183252,-10.551241,-3.5755963,-5.2059455,-4.5561647,-1.289203,-1.2778392,0.25952718,-3.891304,1.341436,-3.655385,2.442396,-7.535887,-6.8961678,-8.732409,-2.463814,-3.5717533,-2.686589,-8.106016,-3.4539618,-2.6957862,-10.371319,-4.6654735,-3.4130957,-5.1620207,6.6042233,-20.769543,-0.7312706,-3.977454,-4.715886,-6.970448,-5.0851817,-5.9845915,-9.563668,-0.73455095,0.66792446,7.073649,0.81505704,-0.19499776,3.670722,0.12530296,3.2570653,2.7229056,1.7162794,4.6407857,0.1829752,-5.7669973,-1.0796676,-6.816812,-3.239066,-2.1730158,-0.05743219,0.1451118,-0.028826779,-0.25524294,-2.8703992,-0.7006738,0.5943734,-1.9079068,-6.3457055,-6.370963,-5.5397067,-4.6137886,-4.513599,13.04618,-5.0268927,-6.975543,-3.6423132,0.20962663,4.768112,-3.5119002,2.4484909,-5.1646724,-3.5227423,-4.724205,-3.8218832,-9.005395,0.8352061,-0.81173575,-4.9797688,-3.2600589,16.542595,-6.9543834,2.9275851,2.006738,-3.1166646,0.11738326,8.415119,-6.9806232,-0.67282444,-4.137091,3.9297106,0.28345522,2.049155,-0.13489339,0.38091606,-5.1913204,-0.9505013,0.6310779,-1.0901027,-3.1671891,3.739981,9.389451,-1.0050921,-1.170461,-2.2130437,1.5413142,-1.4606304,-0.17610222,2.3882616,1.1653832,-5.1409054,-1.3888824,-1.722128,-0.6600826,4.758018,10.287153,-2.1963313,3.2293766,-2.935518,-1.8677828,7.9178667,10.472298,9.095256,-4.836215,6.2799926,-3.312553,4.6241736,-1.214795,0.6299099,3.3209434,-6.9024363,0.12472456,-0.20702642,-7.25848,1.7667413,3.966069,-14.288306,1.1332607,4.388944,-2.8926795,-1.6760426,-7.894322,-4.1737404,3.9665377,-7.1767735,-3.6188705,-3.3019955,1.2586943,-2.5569186,-6.082438,2.0126903,-1.67564,-2.5064588,-2.688794,-15.277823,2.4308076,-2.8462617,2.4084387,-5.9842434,1.4936357,-4.5294366,-5.761579,-9.453426,-0.13324988,3.2695131,2.619799,-5.1617975,1.3027344,3.3848214,-0.6929861,-5.176348,-3.0327082,-6.975579,-23.90032,-8.3609085,6.8530765,-3.8019814,-9.242782,-4.551055,-4.945788,-0.9706854,-7.3594427,-5.5386925,-5.4406013,-0.26922372,-2.3173604,1.5872355,-1.1410037,-2.1348205,-3.8992214,1.9093165,-2.2222416,-1.684791,-6.7612777,0.3534813,-4.749807,0.5558528,1.3678368,11.056855,-7.003374,-6.406171,-6.262014,-12.286514,-7.526021,-10.726744,-14.954122,-4.0290375,-3.08301,-3.187902,-9.337465,-4.4261885,-0.57381773,-9.523172,-3.0235953,-1.4685595,-3.808147,-4.276332,-2.921033,-0.69492626,-2.3463273,-1.7186307,1.7183154,-3.4540873,-2.2679913,-3.6639771,-13.74663,-10.000471,-4.296342,-1.3593669,-4.9267673,0.0,-0.4882399,-0.83771855,-2.273105,1.0974935,4.3637276,-1.917884,-0.4763626,-1.874509,-2.318243,-1.6388531,-6.4293294,-11.356075,10.739401,-0.40461573,2.3476834,-4.8163652,4.724393,-2.5415778,4.831392,6.3124604,-1.4382931,-2.7446022,-2.4392695,-8.544582,-1.634934,-5.520125,5.43869,-1.4830165,1.6113925,3.328231,-5.307504,0.01687185,-0.07554929,4.8303657,-3.33225,-3.2120545,-8.409577,0.12687932,-2.1320164,-0.663012,1.1448361,-7.4428134,-3.037747,-5.576323,-0.81318146,-1.7597779,-0.47549316,2.518243,-2.995561,-1.478229,-1.2861145,2.2585597,-3.326995,8.070694,5.0374007,-3.0539463,-1.9577396,1.2928923,-0.4787658,3.6141698,-1.3280869,-0.9449434,-0.44331685,6.3476863,10.322757,0.79889715,-0.19660117,-4.5323124,-3.2635372,3.2387512,2.964852,10.359107,-4.645588,-3.00453,3.856457,-0.4182949,-3.7971356,-8.289228,-4.9777317,-6.449091,-6.2515483,-0.45719847,-1.1192061,5.724442,-1.2783899,-3.9355872,-1.6017313,19.070307,-10.106617,-7.4907694
63,-1.5737118,-3.6543224,6.4502635,-3.746265,0.041002244,0.13441698,9.782581,-2.324108,-6.073111,-2.8711734,4.7067947,-0.25389034,2.6453462,8.07555,11.037748,3.347111,1.0237682,0.4974216,3.1924312,-1.5749398,-0.39209262,-4.3317823,0.03351131,-3.88464,5.341365,-0.06413838,2.6792066,5.5724072,12.045996,-0.16650641,-6.7197146,8.050743,-4.9475217,1.7917546,-0.6210465,-0.8357058,-1.7589177,-4.8679423,1.2330728,-1.9966563,-2.6635182,-0.85055494,-2.7219124,-1.0418024,-0.13108976,1.1985329,-0.9767476,-4.241265,-4.7176604,-5.971394,-3.7388148,-3.2161472,1.7910024,-1.5730098,-4.318353,3.7793517,-5.2975636,-1.9486533,-2.1560504,-3.5586765,-8.852544,-3.4225373,1.7634155,1.5615981,-8.705945,-2.1151373,-4.760331,-4.7842045,-3.3311694,-2.9008203,-6.141724,-8.3423605,2.5928354,-3.5308297,1.1536759,2.7442575,-0.012229465,5.513853,8.633648,5.68182,8.877637,7.5001645,7.425817,-1.6917611,-1.9216129,3.0685334,-4.596229,-1.3177376,-1.2488074,-0.03140585,-0.029991165,1.0712599,-0.23146005,5.4099846,-1.6494524,-3.468694,-1.7874095,-4.2134542,-1.7619913,-3.565484,-9.460639,-5.5989604,-6.7916765,6.5078087,-2.176342,-4.199247,2.2471986,4.454957,1.2132689,-2.083252,3.015055,3.118507,0.73684925,-9.769949,-12.737658,-4.6860642,3.2177992,6.294298,-5.446972,-4.481752,-8.875081,-1.884395,-2.5329993,2.2206645,3.1322978,-2.3200488,11.42992,-1.4278605,-0.18447728,-2.3074915,0.04478775,0.82157576,-1.5704954,-2.0580363,-5.135457,-0.22065644,-2.469284,0.28649434,0.5080337,3.6913435,7.9404902,1.8581743,0.49199447,2.0385866,1.010178,5.9217157,-3.5627759,1.8319687,6.494135,2.4664283,-2.167679,-1.3599945,-2.1365418,4.166159,1.3135037,-2.8525276,6.527602,-4.540817,-0.7864335,5.9424467,2.5205472,8.642979,-2.3237648,-10.995725,6.579743,-3.4168525,1.2875837,0.24901971,2.566597,-3.481921,0.8979403,0.10419791,-6.745673,-5.1464715,7.141054,-5.1612163,-0.38987112,11.891327,-0.09372364,-0.71113056,-3.563027,-2.8590808,7.4141107,-2.0066588,-0.11493036,1.977972,0.018827213,-0.5484101,-3.6793187,-0.65599674,3.1524456,-1.8238399,0.61991096,16.19324,7.112381,-2.5810602,-2.4570842,0.94025105,5.67408,-5.1325827,3.3323765,-3.6154327,1.5932581,-3.4970381,5.593343,-2.724351,4.9385977,-2.4369636,-1.4536743,2.6837168,-5.630397,-0.69422644,-11.957397,-4.50181,-5.42391,-2.5279264,-2.77625,-4.550029,-0.02661643,1.933927,-5.1184444,-6.5486197,-3.768334,1.4664605,-5.1238775,-1.7625067,-1.4310107,1.677031,-4.69011,0.3953966,-1.85448,-1.6943518,-3.465117,-0.5736462,-3.3905745,5.2664595,-2.6534283,11.234546,-3.626251,0.7210863,-5.844357,-0.58160377,-3.4445343,-3.0588503,-6.658564,-2.8216763,0.61686164,-2.7971647,-9.3978815,-5.045076,-0.27277976,-1.9820869,0.18068196,-4.2435045,-2.0772443,-1.5856653,0.24689242,0.0575425,4.9647684,4.5184665,9.555497,3.0043273,1.6016536,-2.0179834,-5.4497747,-1.4556713,-4.156838,0.0015296323,-1.4251069,0.0,0.15486063,-5.796682,-3.000252,-0.79886585,6.105866,-1.0661262,1.3983496,-0.13563518,-4.1627793,-0.7724515,-0.36590266,-1.7489746,-5.05089,-1.4788892,2.1903257,2.4821332,-3.3314235,-5.529801,-0.8696404,16.455492,-8.632231,1.9958112,-11.467533,0.15626639,-2.2104723,-2.6865163,4.609598,-4.1044474,-3.2350702,2.425063,-9.353359,-0.35235366,-6.359243,6.539941,-3.3339264,7.745094,1.3459389,5.017503,-2.3850522,-4.8617787,-1.4957393,0.469492,-1.1102076,-1.1784697,-1.4082397,-2.8035784,2.4428918,5.150806,-3.893285,2.2829456,0.10664551,6.1847367,4.597311,6.7597284,1.6426326,0.6490984,0.58932704,0.6152267,2.492805,4.5128555,1.4436163,-0.12366106,12.549731,0.96475995,2.9185867,4.9460845,2.3605347,-2.3966386,3.0252986,6.3308396,2.0082197,7.606545,-0.20056136,-13.051555,3.8683715,0.15965894,5.697678,3.6925578,-8.495708,-1.397288,-4.405509,-4.759938,3.1361163,6.358621,1.8804367,-0.5998838,-0.23864786,20.469145,-3.773125,-5.2391815
64,-0.056813248,-8.560351,9.854323,-0.9989958,0.95617,0.5149313,-0.97467524,1.970055,-2.0073502,2.3289661,10.740891,3.4164612,3.9636116,6.958243,11.20338,6.431938,1.7047224,7.044058,2.421491,-3.3370228,0.60132444,3.5314732,0.2484003,1.130871,5.424014,0.49115795,10.346252,4.9396057,5.513386,9.557266,12.161653,8.939394,7.4409018,8.261076,4.3752475,-1.9419074,-4.679645,-5.7795725,-1.013302,0.38532263,-1.1084826,0.54378384,1.1554796,2.1799479,1.7687901,-2.0417588,-0.41914564,-4.740208,-1.0070486,0.6633137,1.7366447,-0.4897804,7.1062584,0.44548723,-3.3975735,2.8182747,-1.9192846,-3.3846052,4.9916863,9.31203,7.87219,-0.27020058,5.029083,7.034861,-9.131892,0.068846,2.420603,4.7787714,7.031491,2.1469102,3.0224442,5.2692857,5.429963,7.391574,2.7514844,4.668209,-0.051786467,7.1690927,5.08212,4.0268073,4.338255,6.400572,-0.4486298,-0.049416594,6.7381606,4.768543,5.347095,-1.1770477,-1.6205338,-0.0909238,-0.31088015,-1.6611345,-0.19659393,1.5676007,-5.5212073,2.50466,5.2535105,3.606119,-0.18429297,5.4742866,3.4103312,6.8153977,12.034852,4.4257216,2.1416698,-1.2723218,1.1368062,7.1840825,3.1609623,14.853654,3.6054645,5.3907037,0.76406366,0.10015087,0.080763005,2.0793202,-1.9803857,-0.56794727,-3.5417993,0.39243546,-2.9688795,-1.9004849,1.9414073,0.35353383,5.1213813,-1.425736,10.926241,14.152825,15.765396,10.250633,0.5170913,2.5687952,-0.619001,2.3542078,1.8808602,1.9506776,1.416463,1.0251474,3.0568376,3.437434,7.733179,8.952436,7.5634713,-3.9140236,-0.067235164,7.4734707,-2.6677628,1.7318784,4.142025,11.170123,3.7396307,1.9493215,4.2420425,-5.021329,-10.229028,-3.4383357,2.6889198,0.12642379,0.63195753,-6.3699393,16.23666,7.1034226,5.816407,-3.8830595,6.6245685,-5.483643,2.0449836,1.6180865,7.0842347,4.637892,0.7642287,0.10555986,-2.2987661,-0.8984026,4.3108444,15.026888,-2.3306026,-4.3023143,3.2229142,3.9386325,2.2030814,-2.4497962,9.043669,1.0101584,3.0252173,1.9834422,8.207353,-0.5221024,2.3086162,1.344951,5.952882,7.445691,0.9296942,7.092511,11.106811,1.2048444,-2.993423,0.4005763,-7.9304347,-1.7405235,2.6403134,0.6092028,0.8225911,-1.1846387,3.3020139,5.4721065,4.755098,0.17128904,5.2486176,8.341454,11.547942,5.484795,-4.073715,7.6831803,-1.8127714,6.1838803,-4.517392,-0.80797607,1.4872909,-0.42510808,0.84167576,2.4583411,3.3156178,4.700542,1.3862319,1.5871476,0.20320718,0.051578436,-2.6569636,0.428306,1.1617851,0.3294848,1.6385351,2.3659866,-2.1243455,3.9926362,6.7337503,11.293314,5.8539395,10.231425,4.8102818,12.110978,-1.855522,-2.3958101,-0.42198172,1.0943193,5.7685905,3.382175,1.3540955,2.6964824,-1.0707256,0.264853,6.62991,4.328701,0.03567297,-0.4585095,0.013210855,8.360405,8.434492,12.6210575,4.276423,1.6855689,3.9759252,3.3043566,6.099767,4.22023,2.3901024,1.0750178,0.11480016,0.0,-0.19135985,4.114135,-0.6166397,-1.465209,11.603539,7.6861606,6.5733027,5.42742,7.9987445,1.2161597,0.8826881,1.6749129,11.498545,2.5998485,0.9130627,-0.22634162,-3.2159622,1.1569139,-2.0712576,10.486312,0.032948915,0.104017705,-0.97259676,2.0331142,-1.8394734,1.2874144,0.39367387,1.6826094,-1.2181184,3.5235903,-6.8423448,-0.5965768,-1.1179332,9.295403,2.7543955,-3.2374668,9.212272,3.3051226,-0.18493432,3.443842,-0.24561666,1.9943019,1.5849923,-1.6883157,0.35145122,4.773439,2.6104825,5.149718,-3.2816155,-0.57833105,4.215984,10.903898,3.0052595,7.9562407,2.2323716,-0.46909422,-1.1355811,0.50416154,5.1943417,3.4036977,2.5700185,5.3102064,4.202239,6.447273,8.387407,-2.9770927,2.1733932,-3.6462831,5.951841,14.33164,13.169608,9.3146,6.394634,-5.5515957,-0.706989,1.7888298,9.472185,1.8923742,4.7472596,1.7333527,4.0586247,-0.3791513,12.119887,7.1257505,2.183969,2.0516558,-2.9069843,6.6989827,3.0015764,5.996718
65,2.142137,0.7068119,10.591359,8.2651825,2.1621919,-0.2957714,5.423088,1.0375577,-2.9936233,-3.2588987,1.4697388,0.90846205,7.213146,20.06612,12.234148,8.408081,-4.2526164,12.759268,-0.59591305,-1.2506294,4.497262,-1.8934424,-1.3511846,0.14883754,1.226369,-0.6712576,9.731363,15.660076,13.453246,13.294505,18.090044,6.4305973,22.965,3.9728944,11.647337,1.7360845,-1.3149518,2.2295642,0.072194636,0.99362296,0.012622293,-0.8310377,-2.0049255,-0.66320175,9.469859,-0.14161983,1.2020522,5.901132,2.2036808,1.6081522,-0.70381224,0.012856872,-2.5257783,-0.74008983,-1.102055,-3.2918015,1.761305,-7.056606,-4.1428704,3.3522782,3.5345838,-1.9694041,-0.7365695,14.07498,-4.8650928,-0.7961216,0.48565894,0.5605263,5.7763486,0.665774,-0.4794044,2.1438344,1.0497607,2.457176,-0.5888126,-0.72286695,0.15196078,-3.2763953,-4.6777544,-6.097716,-3.3841624,-3.4044285,-7.3708653,1.9940494,-1.4058927,0.73268396,3.1333833,-1.3759699,-2.2956707,0.06477131,0.37241638,0.5789529,2.1498706,-1.3306845,2.8257327,2.250473,-1.0408734,0.20463206,-7.511652,3.295377,10.625864,7.149554,19.793858,9.988104,-0.09744901,-2.967596,2.466393,-4.3049784,0.27956596,11.152001,-6.0853844,-2.0399218,-5.3837304,7.0340257,0.5379875,-3.9810946,-2.1305075,3.946619,12.508442,2.829241,1.5909182,2.6660874,7.6302032,3.497995,8.771573,6.013199,24.032143,15.235413,20.034473,25.372149,1.2581424,4.8741684,0.10101166,1.9786624,1.7144201,5.869395,-0.15712003,4.0453377,11.019592,10.478548,9.551124,6.3052464,4.7995715,-4.045905,3.3122892,4.2223334,-3.561416,0.7858407,4.930787,11.297974,4.0157814,7.9375978,11.113194,10.168328,1.597912,8.544464,1.1253413,-1.1450146,-1.648521,1.5141013,26.071426,12.832679,6.3209686,9.026693,2.3710527,-0.61736435,-3.255283,2.8549368,-3.1088743,-2.8903606,-1.7136142,0.057698514,-8.076848,-7.2600603,2.1676931,11.698767,-0.29389527,12.8343725,-6.929456,8.211856,1.8460867,1.6845722,14.661156,4.734235,4.1523314,1.6648542,9.055612,-0.37237886,1.8587005,-1.288729,-4.3088055,1.6678967,-0.016302038,17.409477,16.359735,-0.98728824,4.954834,10.347325,-2.8245609,1.0566971,-0.19793278,-4.5167246,6.553072,8.99852,3.4935358,7.0058084,10.316323,0.84933025,2.309026,13.718725,15.770605,13.572171,5.4708214,10.423482,10.987712,4.1537123,4.555045,5.5839505,0.617652,3.938496,4.4174423,4.8519697,2.9512358,4.09264,2.9631255,7.2223296,3.8581946,0.104421474,2.688512,3.8148978,1.5201482,3.5991008,1.0391581,1.5401548,0.25267386,-0.6697584,8.177212,13.890117,2.56375,7.425441,5.2914295,4.517425,-4.5681844,-9.901336,-3.7629852,-1.5328074,2.7770376,6.339298,1.4496148,-0.953428,-4.0405774,-5.520515,3.1575184,1.7019577,-5.4283056,-2.9090598,-2.3730602,7.9553866,3.5229056,3.1249368,-2.5277834,-0.6479732,-1.763072,5.117665,-4.0659432,-2.0567374,2.228572,-0.050654355,-1.1168495,0.0,-0.33787808,2.5667922,1.8658623,5.8714395,5.054778,5.4712296,0.75752956,3.1430485,3.9297538,-2.496093,-2.9155037,0.9714496,-0.42123,4.7522235,-1.7224566,-6.4091406,-4.361283,3.9693232,2.156392,4.742629,-4.2750726,-1.3731238,1.739008,6.81088,-3.3241882,1.6655045,4.3565187,-0.33657813,14.729938,4.1082764,7.08028,3.2130456,6.6688156,4.1765294,4.1659927,13.812077,-0.472642,4.141954,4.0701303,1.9112817,4.272391,2.5614042,1.2521,-0.5531452,-0.65676594,8.547239,2.4873116,2.5624018,0.49153152,3.0025604,6.022908,18.395388,4.2941504,-6.954605,6.2817926,0.5372179,-0.5476194,4.1347203,6.1804085,4.402118,4.673026,5.081365,6.6621175,-3.9006503,8.386231,6.9349527,5.784075,-1.1501181,6.560638,3.6432152,26.001657,12.556041,2.974322,-0.07850803,15.488889,3.1747074,3.524024,-3.4382107,0.9187711,0.6614288,-4.442254,0.4022323,1.3662623,3.393026,-0.8583965,10.580067,0.23124853,12.399651,-0.26280156,6.119661
66,4.5553775,4.638282,5.6460733,8.7069645,4.6328363,0.92694736,7.822822,2.0904567,1.8432704,2.8518448,0.6491293,2.392825,11.555475,21.6331,10.033286,9.522073,2.46243,5.745258,2.3360376,2.1551428,-2.7892182,3.029508,1.6723161,0.7203722,-0.5806149,0.2988088,6.019445,6.4761624,7.9502654,18.151945,19.113255,-0.071659386,25.927168,6.9580946,8.468921,2.7728076,-2.4859834,-2.746596,3.9326947,-0.4351737,1.9670641,-2.9749045,-1.8906975,-4.1553464,0.39488393,-1.603642,-1.4585328,1.5560335,-4.118486,-3.129959,0.6802804,-3.0644093,2.9223762,-0.31720826,1.5135245,-2.8853734,-2.4230587,0.6540518,-10.065287,2.1325674,-1.8408711,-3.6583412,-1.1180131,5.6073685,0.30792883,-0.75196147,-4.359327,3.3591478,6.282006,1.5743796,0.9366529,2.5353234,-3.0208395,3.330676,1.011681,-4.920418,-0.13714007,0.2969207,-4.1058893,5.109261,-2.5337093,-0.9631807,-7.9200945,-6.0854793,1.3286452,0.196177,1.8766612,-0.35891914,0.47205713,-0.02015625,0.04453957,1.4043325,-0.59289634,-2.8118196,1.6028262,-3.355474,-2.011118,-1.3187168,-5.488007,1.0243331,8.11559,2.0301478,-2.8035548,-4.1855335,2.6426806,-3.8493342,0.83376926,-13.346752,-13.184326,5.606118,3.3301644,-6.760023,-9.303881,-21.403942,-10.660906,-1.1797836,-4.1241145,7.406532,4.7306743,7.137256,-6.4728117,2.6308112,1.6655483,-1.2833965,8.141002,-1.1070514,5.4193316,11.877622,15.734704,13.411625,0.59483874,0.88232523,-0.04123942,2.647928,2.154626,4.0585146,1.1316121,2.3357236,9.010752,1.3278896,11.687541,2.9304504,-0.34694195,0.94788444,-4.363465,4.3338966,-4.853305,-0.52631795,-1.788829,15.482406,1.1598785,0.286506,9.147584,2.7421308,-3.8550727,-2.336949,2.0248878,-2.5963612,0.5764579,10.87128,18.379305,7.6109676,6.072512,-0.030169928,4.2476635,-4.4283247,-1.5488057,6.32099,-3.1223986,-3.6736028,-1.2452585,0.13462652,-2.9218755,-1.4851049,2.0663033,9.543368,-1.0260427,4.3573613,-3.581398,-0.34527713,3.747949,7.1829247,16.17696,7.8323994,5.1750965,4.426003,2.9566536,2.34576,0.58003306,-6.4170046,-1.209662,0.24447325,4.422401,29.289057,16.25984,6.363036,4.286856,5.697717,-1.298089,3.7830632,3.678579,5.2448173,7.692689,-0.4985259,4.3081822,2.7128448,6.091145,-0.8489128,-0.37624604,20.351515,22.64894,5.7974944,10.116931,15.625206,2.2993608,2.7689695,-0.24941291,-4.6042075,4.1187615,1.0182717,-3.4238465,-0.08555443,-3.0993083,-1.9370143,-0.66232306,0.056815527,-0.57152647,-1.6514008,0.9305534,-0.850288,1.6010717,-0.22495165,2.65968,-2.2887785,-3.1004405,-0.808162,1.0812925,4.1888456,6.1201224,5.296878,0.09674644,4.148669,-5.9161983,7.690976,6.007683,-2.4146743,-0.30147332,4.7456994,4.525772,-1.0617462,-3.1499991,1.1628253,1.5654618,-1.3617356,-2.1699598,-6.005743,-1.332352,2.864348,0.33084887,-3.9785213,-1.338236,-1.4076432,-1.7481074,2.6498115,-4.763136,-2.0152054,1.8878846,0.5896727,1.0534527,0.0,0.40590924,-1.9699938,-1.4665003,-1.6460412,2.408755,0.33277726,-0.39278767,-0.63543427,2.43696,-3.0315,-1.3130903,-2.669563,-17.86604,4.428162,-0.5241357,-5.703436,-5.7198205,-4.67894,-2.619794,3.9613976,-4.046557,1.3265835,-1.6569967,-13.694897,-11.92032,-0.50740844,-5.8594,-1.2520503,9.200124,2.4125743,-8.669304,-1.9678745,0.34188405,-2.9510763,3.1197007,8.677331,-0.26370993,2.7094269,9.105727,1.3419733,0.25224826,2.0464375,-2.3011024,0.9999248,0.53174853,1.2233729,-1.2817343,0.7180312,1.2351367,3.2530649,5.854324,16.63683,8.846728,-0.23174438,-4.1781,5.8895383,0.5880036,-1.2168516,1.583905,6.748411,1.1458876,2.6761067,12.403889,6.3196106,15.041525,2.796533,3.4842813,0.16065939,7.082521,8.438829,23.632957,5.8318667,1.4222493,-9.904611,-0.16954783,0.58183813,-3.1027017,1.6471752,0.9862494,0.79564625,-2.9255712,-1.8737197,-2.6809075,-3.86158,-0.9027941,8.457722,-1.7117512,18.846506,0.49576542,7.1567826
67,4.8450255,-11.029477,5.171883,1.958579,0.12441975,0.7070298,0.52824354,2.1536632,2.702842,1.8049064,-0.4134008,5.547548,5.0333447,16.57766,5.747533,-1.7465862,-1.2142366,-0.9077261,1.6876723,-2.5861201,1.8356104,2.9320664,-0.22067976,-0.3384816,-3.1977475,0.9839436,2.6137416,1.7079152,3.7190068,17.905926,19.791622,-4.659141,22.626415,-1.4045808,1.9083195,1.2094171,-5.190975,-2.4164925,-1.1161903,1.0204135,-0.24662377,-0.3822087,1.0175133,-1.0521231,-5.299836,-3.5491467,-2.135095,-0.271028,0.21202481,-3.7150176,1.8532294,4.2405863,-4.4936557,-2.4524796,0.37390155,-0.12158525,1.789056,-7.9011745,-8.74345,0.4233259,3.6591733,-4.702672,1.6538608,8.869986,5.528534,-3.7306762,2.0320382,2.3649511,8.0637455,2.092732,0.52860534,11.960067,0.11555591,4.438172,-3.84886,-4.9157414,-0.011852423,0.7937187,2.5567293,5.59036,-1.7407968,3.3441806,-2.3321013,0.38369083,7.556933,0.8211032,12.3711,-1.4085879,0.970165,0.0021210914,0.08273631,0.22570969,-1.3700275,5.165407,-11.281943,0.7287522,3.5062933,3.6344898,1.6172245,5.0711966,8.589686,8.952885,14.889838,4.9615755,4.3022227,-2.6524265,-7.11173,-7.795273,-7.2156224,3.951576,-0.012744701,0.8724378,-2.8276482,-2.859293,1.7122996,4.2111998,-5.9495873,-5.8574295,-1.2890435,0.37647623,-2.536223,1.1731082,2.972484,3.803394,3.0747292,2.9734185,-4.862571,9.073309,8.047099,14.865149,-0.18346965,3.491135,1.5622715,4.6255975,4.645039,-1.7806574,2.6005673,0.8512885,1.9686167,0.37646112,-0.7877091,8.206605,-2.645833,-3.5249627,0.4518879,1.4153014,-2.4316676,-2.3245296,-3.6731641,11.159512,4.9083686,7.523732,6.3413877,-5.424194,-0.93246317,1.4747609,-10.901794,-1.2186583,-0.9115231,-10.432542,14.712039,-2.7399948,1.1433779,14.930485,6.064329,-6.2057633,-5.2671504,1.0564965,1.3500882,3.4770381,-2.1001794,0.037485987,2.7562766,-2.0809114,0.107121795,16.119854,-1.1414703,-3.6448455,-10.617254,2.618008,4.125157,1.1845948,9.602582,4.9156075,4.8223705,2.5983758,-2.2520108,-0.28048867,1.1517613,-2.3233838,-1.2019457,2.3089223,4.675026,33.924725,14.928707,1.4356694,0.02854482,-0.9604351,0.06344158,-0.8695149,4.2189302,7.9145966,2.0448215,-1.7359016,2.8744195,7.387274,1.6077707,-2.1202493,1.5710067,18.992603,21.535702,1.1217173,24.894753,14.05231,8.487164,-0.9431461,-6.633548,-4.4424186,2.5231464,2.6088538,-4.790856,-3.3662477,-0.1996001,-0.97132385,1.7786102,-0.29234838,0.74140716,0.9344646,-0.8030631,-5.712916,0.7933165,0.27058873,-1.5372678,-2.7464845,-2.2676358,-0.77983123,3.9145246,3.7115965,1.2080243,5.239668,13.975018,3.008982,-0.3128292,8.626771,6.964305,-6.88753,2.2829008,8.482414,8.431815,1.6401957,2.8110573,4.7947235,1.2826205,0.4930315,-3.6104069,-0.86757797,0.31591156,2.6741564,1.7906677,4.170522,-6.807546,1.6268604,-1.7370858,5.642938,0.26616552,2.398133,5.7660565,0.3050545,3.996166,0.0,-0.1053017,-5.0885606,-2.671053,-0.68277144,-4.835266,-0.5822475,2.6808012,0.617176,2.2394974,-1.9248534,1.6545844,1.1825207,-8.636338,2.9277606,1.3946295,-1.2737461,-12.006785,-3.0808578,-2.6025496,7.3453064,-2.4103348,2.4450634,-4.9255357,-2.6913486,-5.413097,-2.184601,-1.651714,3.2236545,-1.552174,6.4567018,4.8546667,-2.3196292,1.006341,-0.7615275,4.9112806,-3.526123,-3.4524748,3.2491043,3.5112712,0.6378812,0.13771088,10.020775,2.0116134,5.5606594,0.35004422,0.22627965,-4.659875,0.46765003,-0.22477627,-2.0978484,5.403026,7.247606,3.568178,1.4204775,-1.7825078,2.1885598,0.54187727,-2.9921563,4.0314426,0.27515122,3.2773263,5.9235153,4.1354113,-0.43012506,9.543816,2.6549582,0.9467535,-3.0242429,5.3077383,0.45921957,17.7768,5.135123,0.03236101,5.792237,7.738714,0.9572894,3.8600864,5.111627,3.6832802,3.2551477,1.1150199,1.1829023,-0.9141245,1.384474,0.029901132,5.8598714,-0.063561924,10.551441,1.0038866,4.950373
68,0.161906,-14.016487,1.0464941,2.2580192,-0.44995716,-4.219632,-5.3318877,-1.1600685,-0.075287014,-3.035876,-2.234709,-2.2844443,1.0514554,12.835511,6.47088,4.420479,-3.3084767,2.1705074,-9.587652,-2.6464832,-1.627199,-1.3610798,-1.7306597,0.45500472,-5.6102705,1.0270696,-3.4976537,1.0313609,3.0735202,19.126736,15.962311,-0.09482336,33.7523,14.392592,7.061218,-1.2702842,-3.4357092,-2.3990195,2.2887847,-4.0393834,-0.55649877,0.3496167,1.2360637,-5.113379,-5.8802676,-1.9689776,3.6152658,2.841485,4.539744,0.46828663,1.9769499,1.8138521,-1.9793217,0.8163594,-0.09816952,-4.928855,-3.739298,-16.025381,-4.357853,-7.167678,-3.692082,-0.027291385,-2.3214152,6.0021524,-6.520467,1.873264,-1.892587,0.35638198,1.8890349,-0.540889,-1.4386245,7.8949733,-1.493139,1.3407346,-3.9375572,-4.1372337,-0.4361127,-5.9930124,-3.1343772,-8.803353,-14.2359295,-1.5084414,-10.4505005,1.6600486,5.005567,-3.185073,6.682038,-1.1798384,-2.2859616,0.024267238,0.36226964,2.6350987,0.7195438,-4.560975,-6.622369,-4.611717,4.4931855,7.15787,-0.7844852,1.457616,5.6126714,0.37764788,15.227911,2.5170689,-0.34672627,-3.880125,-12.115268,-7.9835553,-6.4868317,-3.6525464,-6.4290886,1.3237654,-9.079271,-2.8717213,1.8722223,-0.1764761,-2.0128307,8.7203,16.30417,0.8805752,11.214706,0.023987481,-0.28803256,-1.6735977,1.5313247,6.3701134,3.708797,9.192413,-3.5982478,3.2569578,0.6348271,3.7433288,2.2372699,3.0129483,4.177783,1.8948252,4.4307823,2.3552291,0.42089856,-2.6716332,-6.368339,3.4984589,-0.60190856,-5.635188,-1.7544669,4.5793138,-1.4208497,-5.6985826,-5.0273566,11.578251,2.5967817,0.34284723,7.4473324,-2.393469,4.593515,-2.66473,-6.913246,-0.672795,-3.4524148,-2.190797,9.710122,2.960035,0.73693657,-2.481522,-0.20029572,1.1983566,-7.564452,-5.6209207,-8.289786,-4.707792,-1.32884,0.23025693,-6.1860194,3.8481765,0.75633204,10.080562,1.3000708,1.5577219,-8.825088,-5.8992195,4.4843726,-0.6758466,4.4685388,0.9211588,1.5605905,-2.1980028,2.562502,-0.9768461,-0.66627944,-3.7518196,-1.257345,0.68367577,-2.6378002,8.839531,9.4561615,2.5393815,-1.2395008,-1.3415351,-6.7765074,3.2743325,-2.0000622,-2.1602058,0.25526226,-0.66656196,2.80008,6.624929,-2.7921143,-3.8478477,-7.1758614,20.493685,15.018907,0.7056093,28.311977,15.380732,12.656825,-2.0660098,-8.207004,-1.4587536,3.3646038,-1.416329,0.7508717,1.0377955,-0.8307098,-1.101464,2.6373086,-4.3755946,2.5406682,2.4104738,1.089129,-0.63023365,0.715098,5.0649343,-3.2754273,0.6859771,-3.572419,-5.1510983,-3.6876354,-5.7809577,-6.019922,-2.7930453,6.92465,-5.404148,-2.177944,1.8140044,-10.17842,-11.843031,2.0209506,4.923696,-0.28053677,2.442615,5.302046,-1.0407523,-0.21881038,-0.84075004,-4.140944,-3.3720155,-3.619699,1.0913808,2.9591906,-0.25088206,-10.196765,2.5064514,-7.335105,-1.2633992,-3.130467,-3.8101132,-0.07118725,0.5098721,-2.4984577,0.0,-0.64993834,1.5402459,1.3983983,-0.10890088,1.6619724,-1.2846683,4.0003467,5.340247,1.7758083,-0.6498767,-4.573716,-5.3038135,5.3870854,5.314487,0.74127465,-8.277678,-9.101402,-2.9573214,-2.5296369,4.242456,-2.6331058,0.23383217,0.14612256,-7.64272,-3.4871807,1.1587185,0.26785287,3.464637,2.5458097,-2.6521192,8.011262,0.5510536,-0.5047891,0.9840956,3.6505587,2.8043373,-3.203358,0.35922518,6.8207483,-0.10684426,3.1951573,6.999012,2.092127,-0.468716,0.41526783,3.650086,-5.293539,-1.9301292,3.6104193,-4.704444,1.5529383,5.9772763,1.0172302,-2.6708941,-3.3300073,1.9510188,-1.0023435,-2.5532272,1.9755677,3.7099667,3.0364265,-0.13530274,-0.9094945,5.8902807,8.306784,0.8875322,-1.4220951,-1.1267192,4.7733526,-2.3876505,25.391886,3.655205,-1.6733187,10.950925,4.5558696,2.2635982,-6.270129,-2.7725756,-5.9384046,-4.325943,-8.040554,1.3366123,-1.152773,-0.8485136,-3.7944763,4.4188724,1.3766503,22.02631,-4.409453,-2.0658286
69,0.3995664,7.4883146,4.0935326,-0.3472968,1.5892369,-2.1575732,1.4470124,0.73167956,0.91988456,-4.628787,0.97479254,-1.3815942,3.21402,13.835212,6.440421,1.8573024,2.657241,-0.36766946,-8.677218,-2.7351968,-4.2897296,-0.7577646,2.5049126,12.4025,-5.7614074,-3.5052075,3.3409522,-2.3706691,-1.0902679,19.466007,10.709058,3.460349,20.31901,1.1146798,2.4050524,-2.6867461,-4.048676,-7.530774,-2.367848,-4.0568924,6.0925403,-2.6831017,-0.1987425,-1.1696684,-1.6649224,-3.0421789,-1.5417885,0.8811864,0.26180875,-2.6683855,0.53579116,2.6520576,-4.9684796,2.6877177,1.7173163,2.0860164,3.368225,0.77934635,-5.5102444,-1.8716184,-10.990573,1.4574229,-3.585317,-3.6725657,-3.4714997,2.0913227,-6.9755974,-3.3831093,3.583901,-3.968013,-2.5249333,0.56836194,-5.921924,-2.7102728,-7.2660675,-4.323396,-0.19827446,-5.241051,-5.314071,-4.0680017,-5.3877087,-1.1902503,-7.3249154,-0.73818314,-1.2598321,-2.6514528,0.6851005,-0.89706194,-0.35900155,0.07150785,0.05714196,-1.0476052,0.39977053,1.9928827,-6.6871734,-3.0761712,0.73729396,-4.124754,-4.185367,-3.585085,3.213077,1.7463406,5.127952,-6.0720897,-2.0483325,-6.1453457,-5.8040004,-20.363953,-9.322577,2.6507313,-5.0282235,1.9136384,-11.357663,-20.044422,-4.5485826,3.0957377,-3.4778109,-2.7235796,7.780562,3.6356347,6.7513394,-2.0899053,-1.0172156,-0.23767173,-0.035368133,6.11096,1.0617732,4.77746,-1.2526624,5.546294,-0.12349911,0.2203619,0.5802776,3.39393,5.358005,1.8673532,-2.8799665,-3.2702215,1.9672171,-1.7890563,1.4516113,2.754672,-3.350471,-4.741266,-4.5693274,1.6275686,-2.020192,0.6331128,-5.489095,5.988266,1.831855,3.4272425,10.811198,4.061972,3.7551963,3.4875839,0.8990675,-4.82301,-0.18108475,8.65006,14.340746,-0.40766248,-0.3276243,8.927474,-0.21559444,1.0629185,-1.8694534,5.8445525,-10.125248,-5.832497,-1.5297512,0.113132514,-6.190881,13.231074,-1.21973,6.2562847,-1.0450755,-1.6189424,-1.7670418,0.9143372,2.8615248,-0.111512505,6.428461,3.389862,3.1168022,2.133138,0.66239303,-1.3651556,-2.4876363,-6.4078975,-0.9924667,-2.6337688,3.0580034,10.134984,13.41922,0.824341,0.8326654,-0.33377466,6.944332,5.144267,2.6402957,0.19345723,-2.4574199,-11.369872,1.5195342,-0.8615168,-2.3620565,-1.795046,-1.6349354,17.375908,11.658035,1.0172691,25.553204,14.915908,12.129548,-2.7038436,-6.200791,-5.686811,1.7402498,-1.4318599,-0.74438787,0.6634327,-5.3209696,-4.407943,-1.7333009,-1.7942938,-0.1923748,-2.9080281,-2.8537242,6.4372244,0.14768563,-0.46007043,-1.6462113,-1.945754,-2.4218264,-1.3485954,-1.2444874,-6.644425,-5.9348865,1.4150803,5.6092234,0.9813599,-8.075119,-2.803682,-0.07801545,-4.3209352,-0.080692485,0.55771315,-1.4505222,-1.9320998,-2.8043332,-2.4702067,-2.0524507,-0.58971226,-6.4966826,-2.4088175,-1.3537225,-1.7820435,-2.8597343,-3.6616397,-5.2484555,1.6147057,-2.5798137,1.7403197,-3.7401395,0.47524318,3.8855321,1.7331161,-3.9867647,0.0,-0.7692288,-3.302665,-0.23626257,-4.7490106,-7.4089947,-9.1629925,-1.8331767,-0.24717867,-4.869879,-1.5331572,-2.5999546,-2.917546,-12.394628,-8.492164,-3.3161695,-2.9232264,-4.62203,-11.7474,-10.132296,12.870402,-4.105398,-0.846296,-23.122149,-8.521177,-2.68361,-5.5845566,-4.905235,-0.32672244,1.5775521,3.823533,6.712391,-5.7408447,-1.8175958,-1.7772607,3.2981198,8.817759,-1.2608086,-2.277809,5.7158866,-7.7554526,-0.7553045,4.9303274,0.9690165,0.91269827,-2.8961031,0.0662625,-3.4754376,1.2993516,0.7015662,-2.4271142,4.004176,9.055171,3.0880187,-13.037084,-1.5603338,0.044608183,3.609934,-0.41806954,2.4489214,5.5318503,4.267916,-1.0403615,6.2698627,2.2543414,6.049462,-0.08710751,1.1328379,0.3861133,1.1923535,-3.9668477,29.038694,3.9673543,3.746432,4.738771,-3.461308,-2.1445453,-8.389639,-8.777376,-9.729717,0.1498452,-5.075641,-1.6985911,-2.3645759,5.7624006,-1.9636383,7.589351,-1.3220795,13.508388,-1.65367,2.4873815
70,9.771274,-3.9860218,2.4378064,2.1561852,3.8644261,2.923972,6.328214,6.849531,11.862605,0.1256304,8.120857,2.3523757,1.7686975,21.679508,5.8603005,5.2123485,2.7426867,1.8115073,8.501166,-0.83175576,5.40801,11.013883,3.2819388,-2.4453714,-5.2664785,3.363412,2.7977948,12.082073,-6.402165,8.337458,9.430076,12.835383,18.251738,-2.5851216,8.202355,5.410086,-0.13826364,-1.4948076,3.4267862,5.103941,7.108543,-0.244786,6.7998223,4.234263,-0.23209782,-3.4126158,3.993626,1.9657505,3.5845988,-3.3750417,10.453725,12.205728,2.675605,5.9356523,6.2100086,8.661047,9.955755,11.845781,11.503488,14.299288,1.3396246,3.2319555,3.116491,7.5774827,17.65559,0.22448911,4.9269066,3.3442883,10.011924,3.5031424,9.138559,10.533195,2.8348055,8.483651,8.58162,0.8338263,0.13971081,13.559696,12.670061,7.8545966,9.35783,9.001695,2.9630237,2.7207217,8.981032,5.7965612,3.5253007,2.2188966,4.9123354,-0.017712403,0.058389924,1.0996569,-0.5898957,7.07531,3.9327502,3.6876585,6.4211397,2.5185971,7.4620533,-2.4437609,2.0180454,9.274549,0.588139,9.613867,6.8159223,4.458399,6.4962597,-0.24736683,4.1471543,13.002016,9.254117,1.755034,4.5869665,7.634548,10.778939,10.414565,0.75504786,-0.14582138,2.6880262,6.078984,2.7092621,2.2843847,6.357668,4.438504,5.3307533,-2.7301483,19.44661,14.752012,15.562227,12.473745,1.0369608,4.653107,2.253582,5.8907714,10.338912,-0.39089328,0.30572978,8.986596,2.2230983,2.9426618,2.5143247,5.3339515,-1.3877455,-2.5528126,0.09691404,4.697771,6.633384,7.6265764,-0.73644257,9.916288,2.9282184,2.1833298,5.5062985,0.32655057,3.7510478,-3.5120442,6.1589155,8.39993,6.0985007,0.7383514,9.047399,10.743103,9.915435,0.35782626,9.709928,0.7057396,4.302436,-0.9383058,-1.257627,4.2575893,2.9952338,0.45025873,15.792296,-4.25053,-4.550209,26.101017,-1.834012,17.447819,7.0734806,10.715098,9.720433,-2.8403525,9.257175,7.0716743,7.9018126,10.141947,2.5214293,3.052379,3.9961627,3.6822155,2.0803857,5.6030903,-0.27977517,34.618664,14.842948,1.5315087,-0.5418999,7.406442,-0.6888368,6.4008355,12.095257,12.890696,-0.97006124,1.2620139,0.76163054,7.7892284,1.8653858,-0.9008347,-7.291256,12.725471,15.534921,8.749964,21.739069,7.578201,4.457925,1.173388,0.30820894,-3.5509567,2.863704,6.319537,5.853677,3.260631,8.562841,0.17830831,-2.6010952,-1.3712337,0.30010068,-2.6998162,-0.23881839,2.6517015,1.8932543,3.8456528,-0.40492138,5.0857115,4.993206,3.2523286,3.4916217,8.3437195,7.86708,11.38227,15.480187,15.8604555,3.8842416,16.086552,11.231325,0.6547608,5.7303123,8.58415,16.199036,7.641781,7.265892,8.389492,7.4602275,3.7440896,-0.00408714,2.8531642,1.541081,5.807413,5.1814537,6.665153,3.6794374,6.7451396,4.4575973,4.971029,12.737341,8.541111,6.780652,1.260113,5.048727,0.0,0.35734165,3.4195213,4.554184,4.6072426,3.0737047,0.9702942,3.449888,5.299543,4.095358,2.2857533,3.6862473,2.0762615,-4.7157955,-4.454961,-0.2842611,0.58815247,-4.9437013,-2.8076901,-0.41549796,15.823272,1.8334079,8.598628,2.925995,15.649133,2.710929,8.106592,-4.694707,2.793916,-5.258295,8.5592575,12.144343,-6.547443,6.133089,-0.42981932,5.031755,-6.309023,9.14512,5.9541354,3.8323567,3.254705,0.93669295,16.141432,3.1640787,6.0778832,7.008868,0.17641395,-1.3047878,6.375267,3.6476114,-1.8080719,0.17256543,12.543634,2.792332,-1.0499642,3.5138674,-3.0130398,4.499847,2.339808,4.8146696,2.0977259,3.400021,1.3448201,15.834534,8.529512,9.145372,5.531706,1.0328884,-1.4341717,6.7038455,5.9056106,15.418574,8.397547,14.7750435,-1.8904788,7.501491,1.8208117,14.211047,9.227517,1.4892527,6.8487034,1.7386684,4.1854124,7.432757,10.042063,0.8484413,18.063526,4.1711545,6.547252,9.483123,12.946016
71,12.871202,8.857227,8.134196,14.439576,8.05754,7.9084687,9.352705,6.3677297,12.44064,5.3455524,-1.1647642,2.2907746,3.3288724,9.330571,5.7661376,20.389214,12.610266,12.347536,2.098866,2.8526545,4.55411,11.63917,5.8021603,8.362089,2.4765213,7.034372,10.302311,15.985544,10.020545,2.7993414,8.4871855,7.781534,-0.7087733,-0.57530177,9.952947,4.639218,4.3750668,21.455423,4.7505956,11.155416,11.243011,0.47488427,13.806576,7.1962395,7.781194,3.3644311,5.438729,-0.705988,5.6018,9.543546,14.257663,15.157925,3.0379994,11.4745,7.410508,5.4615064,14.384967,3.152263,15.900928,11.418509,11.284352,3.2517438,7.7503834,13.746508,4.952383,3.9276004,4.812311,-2.3105993,3.3256297,1.2986662,8.182979,2.6225529,9.600046,9.16745,8.820974,2.9719632,0.38217136,9.246227,2.1869175,6.491353,5.028705,6.2304363,4.305233,6.8896666,4.651709,5.5130334,1.2656554,-1.7999109,2.6954918,0.121772155,-0.24923728,2.9312365,2.8481517,7.4581122,7.9314857,9.773755,4.064103,-0.60539716,11.477943,6.0198154,15.743696,17.973051,21.12088,13.331982,15.744564,9.540796,12.583179,11.585885,9.903958,11.113271,7.5808744,8.577564,8.727896,18.157341,19.874477,10.0973015,5.9369183,24.25073,16.160646,6.7639384,20.76173,8.237574,5.4861455,3.3810334,5.412927,-3.19955,13.578762,11.76945,11.683939,15.064188,2.0174496,9.801798,3.6355846,4.081167,10.141159,8.328024,7.8203597,17.523323,6.3450203,7.2354794,6.8514385,4.884405,7.1018844,7.912694,8.524844,6.0392036,9.069848,13.175935,5.233009,10.480443,2.6591992,6.732656,1.3602114,-2.8663774,2.4924352,-0.81452096,11.726866,0.44934362,2.3820481,1.9226968,1.8663123,8.425417,8.477415,5.3941536,15.574417,4.639294,10.530198,0.19698423,7.402685,1.9013616,3.4913611,0.23449786,10.898576,10.8160305,2.7273662,9.870364,3.4308944,10.916067,5.4865046,10.507037,15.711789,5.4808307,11.380886,12.704929,14.959878,7.4582434,13.989493,5.4119716,7.8049655,3.1577017,3.7072244,4.4381914,2.193807,20.344831,9.537602,1.1350894,5.1610565,14.089408,-3.7553413,9.274629,7.9769745,12.204116,5.1815143,19.097555,5.2862377,8.475482,4.900609,6.0687666,1.7914296,11.677913,13.497305,9.161254,12.033057,16.07926,9.455673,2.5755677,3.765046,7.2122426,-0.71918553,9.776429,14.652555,6.9234757,11.08207,4.8354783,4.3356686,6.311313,3.4271393,-0.6103098,8.58114,9.539053,4.723975,8.1939,7.2781544,7.4771805,7.3210807,5.7082686,10.891632,20.015642,13.066038,11.1661215,17.492744,6.077653,3.343192,1.3276414,1.511244,2.9764402,5.6035304,5.791292,7.767945,6.4726996,2.9897182,2.066318,6.798568,7.451938,4.769382,0.8410421,-0.2936939,6.5948186,5.3013,7.6149344,2.778612,5.9242315,6.899053,3.1935053,7.7963777,8.386121,2.8909001,0.4578678,4.7779927,0.0,0.50273466,3.5932102,1.9034387,9.674319,5.9782734,5.252258,3.2986794,4.622385,6.689519,6.0987644,5.600157,10.502554,6.1186504,12.104945,2.825115,3.5780165,-1.1044164,13.529068,11.113087,1.3177923,15.994689,13.844499,27.674768,23.564978,10.964272,15.171635,6.229192,12.189755,10.441008,2.9870625,15.477114,3.9280884,13.621778,7.014011,6.9957533,-14.055652,2.2756426,6.0894027,6.313221,7.9924054,5.823385,4.349318,5.9188533,2.757206,12.072702,10.800458,2.558684,4.9854364,1.2779897,-1.5923393,-3.0960615,16.034515,1.4124734,10.532725,9.428755,3.816122,0.58339125,7.9246325,3.7405283,3.654476,1.5931617,4.3600206,3.2361524,13.279886,-4.4276805,1.3189772,2.043044,4.390742,10.479932,-1.082241,15.205244,7.752136,15.329526,11.807485,22.446531,1.2486827,15.407368,4.2553186,7.9535556,3.8166165,6.3478193,5.678308,16.947495,12.017434,4.699711,11.515867,7.005975,13.604014,12.693939,5.6347284
72,8.733857,5.637431,6.348922,10.273875,4.7659707,3.1208184,9.775272,3.8994324,7.876044,1.183205,-3.769885,-0.8969296,4.60279,12.178322,4.7190957,8.228505,0.97655165,3.795465,2.7931294,4.045289,-2.960343,4.2599573,7.32846,9.858122,6.067431,2.3949003,8.510407,9.534688,13.961153,2.3380446,6.2549233,1.4922359,5.041632,-1.4827881,3.9413753,1.0652694,6.273246,9.047784,4.746472,6.6821117,1.1744242,2.4507003,8.280804,5.006329,11.92675,6.1167865,3.7486925,-2.2540238,6.7151365,-3.6129122,7.879955,5.641546,-5.196529,3.4274116,5.1075263,-2.8482516,12.591215,-4.9583693,9.903369,3.0504906,-2.2476687,-1.4651729,2.2469304,4.386186,-10.72145,-0.6436772,1.6083076,-3.5142448,-3.919868,-1.8340814,3.7959433,-12.360343,-3.2544138,3.3998275,5.7679706,2.4745812,0.10587484,5.06415,-1.5941836,-4.7004113,3.1764252,1.519997,-0.95774645,-5.9900866,-1.4760678,0.77138567,-10.873532,-2.7625854,-4.176364,0.07480784,0.5406638,4.067409,-4.676296,-4.471856,-3.7402442,3.1324718,-0.60232705,-3.7028775,3.5084424,10.541597,19.270523,4.923716,27.667763,6.756857,10.218887,2.094846,9.572033,11.991067,5.9185762,1.8554636,0.60717297,0.4994978,5.1268325,21.623775,16.92725,4.0855627,1.4298934,5.9102407,21.208458,-2.0119276,11.835713,7.0118046,-0.79740894,3.6668053,-1.0892254,-3.0006351,-5.7364826,-5.6937203,1.2371321,2.174181,0.6884685,-0.41437384,-3.175472,3.0765283,2.4306357,-2.3097703,4.944145,5.388704,3.1167877,4.876526,11.82078,5.1777453,8.213361,0.8682162,0.20480733,6.9177437,7.2245336,9.123656,5.172305,6.087729,-2.5720265,-2.5301628,-0.20945175,2.0177946,-5.4850006,6.39774,6.915256,-1.2024354,1.3346235,2.663713,4.378435,4.3793707,1.3848894,1.896364,-17.17638,1.485972,7.6910415,7.960473,2.9938483,-3.3710394,2.9648418,0.16245686,5.3713603,3.0895877,5.194904,-5.40709,-1.8790716,-10.180402,1.2431244,3.8700495,10.158808,3.9219062,10.448775,6.4305387,4.7819815,3.5924058,-0.971154,0.052648462,2.143766,-0.49465418,0.78812635,-2.297811,5.39335,15.301553,0.7177397,2.3000324,1.9284556,3.2132812,7.4125905,-1.1193484,4.6252437,12.432307,2.1933618,12.201867,-0.8506936,-1.7819813,-1.0627134,2.782226,4.5224366,-2.8485284,1.6986779,3.6609492,-0.65701133,-3.3355234,3.399309,0.26462087,3.5865505,5.7911854,2.1961784,3.4754224,7.137325,8.322972,3.1293285,2.772066,12.4745035,3.140252,0.9165627,-2.866229,5.731831,-1.5957894,0.67004997,2.5508013,2.359523,4.1092615,6.2493625,-1.3256896,15.03216,0.62437403,5.686719,6.98248,1.6711125,-1.6929985,0.28372452,0.51808256,-12.040143,-0.3379537,1.7660733,-1.307343,-4.8690786,-2.7432532,-2.8371134,-5.8529234,-0.45367244,0.69688535,-2.779045,-3.097984,-0.98766786,-1.7219261,0.7393218,-6.518635,3.6787786,-6.1235967,2.6974578,0.6058113,-1.6988701,-1.0508891,-2.5885937,0.35907426,-1.1824462,0.0,0.16876723,-0.057480864,-2.2693048,-4.736684,2.0498145,2.0644855,-4.27418,-4.0325236,4.8537664,9.1979685,5.187038,6.762287,13.448025,3.498205,-0.4017561,1.9076917,6.9683046,1.9444064,0.764141,0.24675743,-0.01624763,-0.07696596,20.7986,8.195249,5.634239,4.8364067,-5.307535,-0.0015262213,5.88335,-2.1580205,2.238331,-0.03507996,-1.9976035,10.616729,1.9278742,1.5211957,13.862315,-5.1527085,0.47515592,-9.23745,0.31096664,-3.349609,0.79001904,0.49543184,3.3645349,-2.380134,5.386706,2.820765,-4.030315,8.890704,-1.1187667,12.35292,2.339181,7.271014,2.6487248,2.6494017,-0.4580983,6.8580217,-2.483265,3.401357,-4.5983386,4.2785215,-1.0440341,7.9638996,-2.2867076,2.4842029,6.4479995,1.9199919,5.1811347,-6.198575,0.9469395,7.6067014,5.9644356,-17.83932,-7.5180316,-6.068838,7.114921,5.42761,1.118323,-5.0318375,-7.454058,-2.3985229,6.6138244,11.164973,1.6320088,0.047663175,-0.2674719,-18.935925,2.8328466,-2.0231783
73,0.47419864,-12.378223,-0.3317191,-1.8045783,-4.0475254,-1.5813732,0.19719923,-2.3538358,-2.174607,-4.7238646,-9.58973,-2.2008529,0.3720201,-7.927165,-4.706862,2.6563687,-6.33502,-2.4067106,3.127015,0.6881103,1.8568579,3.996899,-4.3411007,2.299397,3.1903152,0.81305724,-2.9520922,1.420352,-5.3102145,-1.9954835,-10.763587,3.063129,-13.495107,-0.0658426,-10.280256,-5.7835197,-5.71727,-1.2999502,0.22155413,1.2836342,-0.29961333,-1.4064889,-0.7848279,1.1295428,7.1642923,1.5335445,2.7681322,0.71509314,-1.232939,-1.0377526,-0.50084937,-1.0766668,-3.6280987,1.7250922,-3.133629,-2.4634664,6.002634,5.6736064,-1.763195,5.3724475,-4.933725,4.243137,2.4027514,-0.3517738,-17.261642,2.4509475,-1.504765,-9.469275,-1.2919453,-0.37664714,-1.9367167,-5.2428894,-2.8105392,-2.9977496,-1.5531355,1.0378107,-0.0925936,-2.3450527,-6.772235,-2.4081206,-1.4777516,-1.62888,-1.0548618,-3.4733827,-6.496346,-4.5038776,-5.266754,-4.1119356,0.29757214,0.04775482,-0.0050481427,2.4428518,0.8746747,-4.2799783,-5.8304973,0.87066036,-7.9874706,-6.0877156,2.6063066,2.7463474,7.7033095,4.0879126,-4.0018907,10.980145,2.3842075,-2.683565,5.770246,11.54774,-5.640337,-5.975132,-4.8558645,-9.319987,2.7810745,14.652668,-3.264694,7.0022335,-5.269092,-2.4767299,-8.720824,0.13586015,-2.7984219,-5.752867,-5.1450305,1.1351038,-5.3036704,-2.104666,0.9287325,-10.480732,-12.89939,-8.777634,-0.380456,-3.7875142,-6.8781266,-4.1675386,-4.785443,0.486228,-6.9062343,-7.933584,-4.2891626,-0.090216964,-5.428433,-6.979644,1.5989225,-1.896481,-7.364856,-2.1122596,-1.5626938,3.5480058,-0.7714405,-4.040531,0.18809806,-1.5451332,-3.5675275,6.588922,2.0796514,-3.6755934,-11.633467,4.4032564,2.3401086,5.2959695,2.0295327,5.3891215,-0.88462836,0.94658476,-7.8631163,-1.3190707,4.52047,-4.472947,-1.8325487,-3.6821477,-2.352346,-0.18790092,-1.6560762,8.744395,-0.93297184,-12.200389,-2.7518702,8.204516,-3.5125284,-1.1616784,2.2817628,-2.582085,2.8982685,3.482315,-0.21361245,3.315533,-6.1526647,-1.9052715,-1.2200912,0.352043,-1.6867331,-2.1902995,1.9136132,-3.7292752,-8.490595,-3.7661803,-4.0003004,-0.39980915,3.135425,6.8241925,2.7088842,4.496122,1.5037701,12.831489,-2.0183263,-2.7697153,4.809729,-0.012033454,-0.38559765,-11.619697,-14.84358,3.5816367,-12.057916,-4.1714854,-0.32108593,-3.0911138,3.3728874,2.673081,0.5803337,-1.7224444,1.666378,-0.45248613,-2.3491788,3.4943397,2.787592,2.240651,1.0227958,-2.7866046,-1.3603313,-2.2626767,-2.2175152,-2.9453292,0.027640035,0.825032,0.3901956,-2.4941952,4.2868814,8.78117,4.283829,-2.0235956,-2.2930157,-1.0142869,-0.06483238,-22.573782,-12.930372,-5.317703,-1.6207545,-6.229565,-3.834055,-3.1381493,-1.5336493,-4.3229165,-1.0668457,-3.3346345,0.14402145,1.01576,-3.249298,-6.11073,-3.836834,-10.262862,4.983417,-3.8237877,-1.3854183,-2.38713,-5.4578123,-3.7742264,-3.0090704,-2.4663227,-3.3282294,0.0,-0.5541418,-6.0294256,-1.195413,-1.76983,2.1703732,-3.7502234,-5.8275137,-2.838092,-1.6500603,5.4303875,3.2661924,3.4645157,-5.6374483,0.6096378,-0.9592833,4.2172184,-3.1728983,-3.8240495,-0.6350502,-1.9133031,-5.0474052,-1.1231066,-3.33582,6.7039666,10.724491,-5.5656376,3.9729688,-11.550971,7.265727,2.7598267,-5.3572063,-5.1554694,-7.273568,5.638607,-6.2706423,15.416818,-8.539837,-6.619556,-5.9419475,-4.859298,-3.0027268,-9.829491,-3.1203027,-4.5408244,-2.6235816,-4.4822936,3.4403074,4.639175,-8.674988,3.6279564,-3.9291825,2.9059162,-1.3706704,-4.915425,-2.0456827,-2.1131132,-1.3780797,-1.375195,-5.7127705,0.8133832,-4.357065,0.23275454,-7.9972653,1.1027154,3.3521552,0.75578535,-2.6893318,1.0395938,3.8054292,-0.33958444,-2.9934368,5.861996,-2.7181783,-12.968704,-1.3052645,-4.5436244,-2.5139077,2.7526228,-4.1644683,-4.9109106,0.56430304,-5.5442076,7.3133855,4.9418793,-1.4564638,-3.7856529,-4.3602195,-11.249609,-1.0868598,-0.41637728
74,0.1978428,-0.13704616,-11.728291,-6.4155545,-4.182941,-2.0109563,-11.50323,-1.808167,2.0153358,-4.0560093,-2.332241,-3.4029186,-3.4377196,1.0702348,-13.542739,-0.45287493,-4.8316326,-6.280852,6.189097,-0.5133004,-0.36022735,4.1116085,-6.2253213,-5.669695,-4.433079,2.6543522,-11.792547,-1.8375564,-18.184624,-4.7396607,-8.080099,1.9674239,9.874163,7.595884,1.450952,-0.58839625,-4.122203,0.5599571,-1.8589187,-1.0513842,-1.1422282,2.8021686,-3.744864,-1.3857722,3.930909,-3.8493037,3.857431,6.4931645,2.3325746,-0.57232887,1.188808,3.9286835,0.9317633,-0.98702455,-2.4933708,-0.038289003,4.572814,6.633444,-0.72215295,2.3188982,-2.8605223,-2.8111305,-0.24821357,1.5062829,-10.150907,4.070715,2.1902773,-4.677269,-0.59186196,-2.9695632,3.2102692,-4.846878,-0.29147813,-5.57415,-1.1782798,6.384377,-0.07684401,-2.5697231,4.7706046,6.093101,4.93459,-8.110222,-3.7843218,1.4592376,-0.13280708,-5.117699,1.1435732,-2.458472,-7.059441,-0.05150682,0.20658077,-0.39807522,0.5421476,1.5053835,-6.2976184,1.5484905,-6.9184127,-4.4478054,-3.2203329,-0.5228339,-2.7241569,-6.1803107,-9.938947,3.0998354,4.8884053,-0.37417972,-16.30118,-6.6937838,-0.4066584,-3.6903582,-2.7930427,3.6705337,-0.38412154,13.656675,5.8967137,10.268266,-1.9560633,-10.902751,-27.21345,-20.393343,-7.9724193,2.9677694,-1.509923,6.1820087,-7.6740885,3.8170583,5.8518014,-10.712982,-11.137095,-7.60577,-0.83041954,1.5858014,-1.729887,-2.6485105,3.2235603,-0.8274509,-2.1390169,1.0634081,-9.603084,0.9167738,-2.788029,-5.3753924,-1.5426003,-1.6750184,-3.8723557,-1.6661874,0.5762739,0.42155236,-4.6547704,-12.199773,-1.7080728,-2.3609183,-10.689248,-3.673008,-7.7458234,-0.34884885,-7.3663397,4.158192,-3.7500162,-2.5534737,-8.146847,-6.4075327,-4.739181,7.8108835,-2.9327786,-4.0639668,-8.823653,-13.630959,3.9051561,-4.3868527,-1.8165419,-0.055846058,14.827627,13.927511,-1.8420093,-5.08646,-4.361125,-0.21697427,-0.6999564,-0.827278,2.9203498,6.8580003,-8.193962,-2.508237,-4.5832067,-2.353293,-5.8174176,-1.1916723,-2.0622265,-6.1571527,-4.4997044,-2.4287932,-2.6228645,-8.79843,-11.318416,-2.034957,-2.7940567,0.039403353,-7.9457374,-5.166716,0.831959,1.0206147,-4.997328,-0.38626528,-4.914536,-3.6907606,-6.281829,0.31041116,-8.538062,-14.542939,-11.669544,5.2043304,-5.1093097,-2.204264,0.8857908,-10.304343,6.023988,-2.3609962,-0.5863671,1.1286135,0.8726914,-0.76514244,-3.3240352,-4.8384404,2.0221424,0.7742253,-0.16212326,-2.1765864,-3.4911842,-0.49399436,-1.7108577,1.840788,1.7359583,-0.0067466334,0.008453102,-0.7375726,-5.0363784,-4.009138,1.0752486,3.2855198,-4.3220987,4.9386077,5.1249056,-8.929144,-10.867082,-2.5427794,-0.16754273,-1.2655982,-0.3623871,-0.4470044,-0.2722604,-5.102415,-1.3147008,0.33502713,2.2940981,5.0642886,-2.244825,-4.866464,-8.051161,2.8477829,4.205703,-5.260286,-1.7067015,-3.8398738,-2.6249237,-0.08279491,-1.2894553,1.1876099,-2.2752092,0.0,-0.2437685,-4.1884885,-2.4163144,-4.3657103,-9.817133,-5.475187,-6.2733927,1.4001833,-2.5366113,2.1832798,-1.07716,2.9111044,3.4770277,-6.0222545,-2.260571,5.4752374,-0.21767887,-5.9572906,-8.473823,-1.1686889,-3.4120097,-3.5512996,-8.836174,5.198007,9.079346,2.2372103,-0.8497414,3.133675,-9.2671585,0.5176436,5.6192403,0.31318042,-2.1400642,7.2597,-5.0325747,-17.971325,-1.2526355,-1.967445,-7.3274097,-3.4381979,-3.0380085,-5.2623734,-1.9351902,0.49513605,-1.9962163,-0.3438858,1.3792927,-0.723745,-2.2981536,-1.6360996,0.23251426,-10.515668,-2.883607,-6.495962,-6.0531373,-3.262856,1.8099251,0.14249827,-5.7861533,-1.4226407,-4.9235597,-5.0038314,1.6986929,-2.5358217,-12.920838,-2.9180787,-0.74713933,0.9501096,-3.5062132,-10.614893,-15.026979,-3.9056852,-6.3844643,4.905192,-7.5524664,0.9835921,-4.4271784,2.6344578,-1.7413467,-5.19701,-13.08096,-2.7776244,6.536891,2.88804,-0.38169214,4.5417166,-5.2550573,-2.1998944,2.3599544,-0.8901978
75,0.26503178,11.894177,-12.295874,-2.626076,-6.645495,-5.6347857,-1.2233328,-0.076511174,6.6482234,-1.8941672,-2.3088791,-3.2475362,-8.455575,-12.706326,-11.208671,-4.9996085,-1.7656934,-0.28813007,-7.8426504,-2.6849124,-4.0908017,-5.6113334,2.1519217,-5.290151,-7.7893286,-1.9803557,-7.6082635,-9.204757,-18.512135,-6.6436477,-6.9360085,-7.2860727,-7.7807565,6.4618382,-11.723202,1.3282522,-1.631895,-2.6010473,-1.6615454,4.6441026,0.86568147,3.5669081,3.3620226,-3.9363446,3.4099379,-6.330499,3.8935606,-1.8914986,0.14304028,-1.9855232,3.3169985,5.4828706,-7.115198,7.783221,3.8264382,-1.2599363,4.0898476,-2.634839,2.1943476,2.1721966,-1.5022215,4.092478,-0.12824117,2.5650253,-11.939149,3.2843733,-2.7495656,-3.5860894,-0.10029313,2.21312,-5.082903,-7.8290105,-3.5696697,-5.086839,2.2690911,0.42707357,-0.24805899,-5.7530775,-1.3471633,5.5173917,-6.857426,-7.3845434,-6.404797,0.68332356,-6.513937,-4.483934,4.099797,0.7808776,-4.287947,-0.049843106,0.4478156,-3.1179035,-0.29702,2.9254885,1.2723993,-0.06721479,0.27862936,-1.3761678,-5.702133,-4.119648,-0.5103815,-9.069178,-12.520813,-3.8590724,-2.0064723,-6.523015,-3.0392587,-5.304274,-10.605851,-6.8786893,-3.800436,-1.7812089,-5.4483423,-4.3896847,9.578276,0.9469201,-0.015084108,-2.7772307,-17.42582,6.7306104,-5.118773,3.3373737,-2.2126613,3.7823887,-1.9831321,-3.755561,-3.7533011,-0.14003415,-11.276247,-17.855156,-0.72519416,-0.37335753,-3.66776,2.1220655,2.9588733,-3.5225978,-4.2026453,-4.9307227,-10.306223,-2.069741,-5.960242,-4.496749,-7.195093,-5.2860727,-5.8332767,-5.5429606,-2.0752435,2.3113735,-8.493491,-10.6457405,-1.4423797,-3.2611344,-11.921047,0.8304748,-13.230411,1.4486705,4.6465974,-11.093362,-9.987983,-8.154884,-8.569549,-12.599524,-2.3429136,-5.6262712,-4.2355056,-5.504693,-7.6550713,-2.7488873,-0.9454466,-6.368066,-3.6449518,-0.037534535,14.040324,-2.5357788,-2.0312607,-2.091954,0.7135666,5.4562707,-1.6472437,-6.908147,-0.63963294,8.253685,-9.7207365,-3.3542726,-0.2730271,-3.1543477,-1.4612916,-1.7102263,-2.0102656,0.3806983,-1.3488755,0.4481315,-0.3867654,-4.4173336,-12.889337,-2.480267,-6.874964,-4.5556984,2.2501657,-2.7661831,-1.6435666,-7.2240267,1.649882,8.185616,-2.6193016,-3.679129,-5.1357713,-0.788783,-9.949999,-1.9853548,-2.7602484,-4.963815,0.5670729,-1.5345734,-9.176103,-5.4285054,-4.0374413,-6.353335,-3.79281,-0.631452,-6.974988,-3.1148388,3.1797667,0.87253875,-4.075366,-0.5975715,-1.1902566,-0.86968875,0.055930655,-7.030517,1.4408283,3.1138887,-6.126236,4.8634973,3.1518564,-1.0495756,-6.6542315,0.8721095,-1.7221463,-4.654561,-1.5152975,0.07886718,2.2139874,-11.9436035,-14.114695,-2.2109883,-2.9233875,0.28764057,-0.11066674,0.31378183,2.595921,-7.871578,-0.8038905,-2.5799782,-3.7561002,3.1948354,-3.5729146,-1.1588093,-1.912101,2.8426044,-1.0023446,-4.197725,2.9504416,-3.6445265,-11.851407,-1.3604289,-1.3585484,0.09757269,-4.5515537,0.0,-0.57495034,-3.7388968,-2.9706218,-0.7706855,-3.8541684,-2.3344104,-1.019481,3.7528071,-4.2303963,-2.0429678,1.5464941,-1.925088,-14.076816,6.8301797,1.6797935,-3.1176167,-1.6339271,-3.0517848,-1.9369695,-5.420693,-1.7563307,-7.463363,-1.5914229,-6.8644004,5.3119307,3.9573095,-6.904994,-4.0455723,-13.758452,-3.7708828,-3.187326,-1.1764714,-3.999641,4.4160957,-3.4619284,-2.9964952,-14.970852,-3.3636363,-5.647779,0.309907,-0.5869909,-6.5222244,-0.8003524,1.0095642,-3.3402016,-1.6323844,3.1089354,-1.0576662,0.5069696,1.2657372,-3.331815,-12.078916,-4.420153,-15.6172,-11.575075,-4.737858,3.5792196,0.7396569,-6.2162004,-3.136045,-1.3990692,-3.3465333,-2.6108396,-10.409438,-2.12928,0.90714806,-0.07371341,-1.1143947,-4.9309845,-8.873682,-13.315403,-5.128009,5.5285897,4.861608,-1.7332407,-5.6430407,-7.646543,-3.3437126,-1.2255917,-5.841593,-9.507554,-1.2144902,4.8215933,2.2616222,-5.174059,-10.006107,-4.011523,-11.79841,-3.3680887,-6.491216
76,2.1279266,8.387708,-9.93441,-0.37162986,-1.0543108,-1.1406664,4.6013317,4.2362046,7.829172,-1.7715566,-1.1964102,-0.5268203,-1.1047451,-5.9455166,-12.763713,-0.08023479,4.183557,-5.994249,-2.2970867,1.6177316,6.423233,4.443604,3.117712,-3.424766,-5.833037,-0.029058782,-11.873707,-7.5007153,-11.040044,-7.285597,-13.177635,4.517793,-4.317719,5.047815,0.18177468,0.89054173,-1.4184098,-1.031572,0.82652384,5.062319,2.7610333,-0.50159156,5.1913223,-1.584132,1.6505699,-0.19028229,3.6077952,7.2724533,6.6379385,1.3138342,9.248712,8.951185,-0.09473114,5.107381,1.3452842,7.7239413,9.8024,1.3354481,3.2647488,4.5144453,2.1331868,-0.825412,-0.8816073,-4.9793773,15.577512,-1.3046441,0.15897071,2.489857,2.3596728,1.6687007,3.556316,7.4296446,4.6778374,-2.6048472,0.72116697,4.1666336,0.66624606,0.9456647,10.5243,16.83985,1.9132047,7.554458,2.746042,9.2766905,6.845834,1.6495428,11.671165,1.5648261,3.2102053,-0.031287286,0.09137748,2.4617994,0.050414436,10.616262,0.7905146,-2.4230046,2.7317514,0.8249194,-0.41357324,-0.91885865,-3.2352877,0.3156356,-7.318335,-1.2367827,2.2603884,3.6550686,3.0538406,-5.1894083,8.465915,-9.656219,-1.274722,6.256081,-0.67684245,7.5468907,15.724769,4.6598105,-1.3197943,-5.2306514,-10.891513,-6.6061997,-9.234491,-3.336561,0.9565994,0.57706654,-6.9074426,-9.086347,16.088524,-7.463792,-2.5455143,-7.3671126,-0.29603046,0.7502517,1.2819635,-1.8839595,1.7198142,-3.8067744,3.4717653,3.8666437,-5.4100804,-5.4154797,-3.9271355,-7.2144756,-6.2717505,-3.7178457,-1.9110807,-3.179387,5.5422144,7.8956404,-6.184404,-7.31004,2.6169095,-0.87595206,-16.801304,-9.304643,6.6992717,-1.4966651,13.443078,-6.33035,0.43541563,-8.388736,-7.488438,-5.142978,-2.8891597,1.0651896,6.6658545,-3.72024,-1.2314354,2.2630842,-7.5076656,4.4543214,3.5158782,-0.05024453,18.423641,-5.153004,-6.7364078,6.4736614,0.34809852,-4.287198,2.79733,-1.1422012,5.199412,2.937756,-7.2073646,-0.4171312,3.3644855,1.539864,-2.3887227,1.4178125,2.7439854,-2.4754205,1.1128858,-0.17563088,-1.9513522,-1.6890868,-11.469088,-4.073117,-1.4834476,1.0427654,-1.859146,3.6710417,2.8703845,2.740409,3.931878,1.104021,-4.240052,-2.2038574,-7.5067563,-1.3235695,-12.502251,-13.16242,-3.5589774,-6.674251,-3.9364045,5.286549,-6.9356246,0.78692394,4.8079586,-2.7042928,-3.2550306,3.992576,5.678135,3.7393596,2.8972778,1.824122,-2.2841313,-2.253586,0.08904278,-3.6241312,0.72444916,-2.2453134,1.755342,4.8178077,0.41740125,1.5851302,6.4163895,2.2035005,-3.418564,3.9965458,-0.9948434,1.7865417,8.906676,2.185419,6.8868523,2.1568856,9.051001,3.6647334,-0.40849409,-1.3774264,2.540199,4.940222,2.1743279,6.908448,3.4551067,-0.53763884,-2.2435656,8.480499,1.3535128,-2.3903046,-2.8177073,6.600172,3.4043612,3.4878166,4.4558043,-0.74863833,1.4858482,2.8705597,3.5146165,-0.9932889,-0.13207185,0.0,0.21776803,0.29325685,-1.0010576,-3.1168957,-0.7551934,-9.339256,-2.3192463,1.7404168,-1.8909874,-0.7730151,3.774529,0.74493736,-3.4312222,0.21054251,0.52532536,-3.38263,-8.238013,-2.8162658,-1.74211,1.0695016,-8.432631,-3.1009622,-5.132785,4.797384,4.3538623,4.9432163,-1.8774376,-2.8144343,-10.635032,0.89413726,-2.6063304,-8.37644,-6.4240007,6.5094805,-7.182672,-0.51301306,-4.8304367,-2.011762,-4.015406,-1.1609342,-3.1063614,2.0509093,2.3536217,1.0262437,1.3020154,-5.538149,1.0108757,-0.29037228,4.019949,3.235327,-2.4890475,-16.530958,0.6470846,-8.381025,-5.6858096,-0.76603717,2.0155637,3.2230737,-2.88362,-8.132399,-1.8171601,0.19754583,-10.264847,-4.4852376,1.5832077,-1.7499418,-2.0131965,-1.6563233,1.9888164,-3.8502958,-12.383375,-6.8897185,7.500659,7.0439796,-3.2324762,-4.0595307,6.651593,-2.54833,-11.270593,4.396985,-0.89650726,-0.028291967,2.0573723,6.7214546,-3.6591399,-6.8007393,1.3518552,-2.9365213,2.8225675,2.3136652
77,0.34275442,11.186744,-5.825723,-0.990549,-1.830084,-1.710615,0.36846748,3.3497348,9.461611,5.133788,-2.0623264,-1.8219788,-2.2647905,-9.503997,-5.8138957,1.8752552,1.5191945,9.648693,2.2359343,1.9848709,1.6608857,5.1376977,7.561167,6.472834,-1.8630567,-1.7560073,-8.164982,-7.248084,1.1644834,-4.7558727,-8.257594,3.484197,-1.6799401,-1.310725,8.96689,-0.026615508,1.378477,4.338917,2.725478,8.974896,7.1138735,3.0697703,13.6000595,1.9178631,6.051265,4.090383,2.9305913,-6.928358,2.4472957,6.225475,11.557903,10.893368,-1.8609742,8.841615,6.819944,4.8704257,10.66944,-1.742226,7.126873,5.1558285,0.7090084,-2.732119,-1.5062824,-2.518313,0.9426984,5.0317516,5.7813563,2.3290837,-1.252021,1.9033629,-1.6265391,6.1638412,8.081536,0.15083453,3.2422116,3.0578802,0.04597098,-2.7040522,0.18254815,0.28782058,-2.2517703,0.24708581,-1.1036395,9.157407,8.267259,-1.4234372,9.350537,0.95907515,-2.0895252,0.028799552,-0.09207511,1.3505808,1.0934597,7.001955,7.122687,2.9254322,2.7442138,4.8355155,4.8175316,0.62312055,12.137516,11.258951,8.533158,-3.0697353,8.208361,6.4928594,0.7548608,6.7692237,0.8590866,6.4760346,-0.42235476,7.27936,8.660275,17.09871,27.648031,4.114212,7.2062435,6.0719233,-13.112328,6.405211,-0.39488932,-0.71098655,7.4828115,-1.4836615,-6.0131993,4.0322003,-1.4861653,-1.7622912,-4.6016097,-9.308743,0.44810414,5.7819247,4.6254673,-1.4937378,0.5129229,0.6263542,6.749173,8.071204,-3.427155,-1.55788,-6.6554766,-4.927242,-2.9410534,12.245537,1.6139462,-5.2754107,15.706277,10.333213,-4.291613,-7.5916977,1.8240954,0.77746505,-0.33693588,-0.9702637,3.8533938,-0.3267702,18.316584,0.23790535,-1.459799,0.59850675,-7.3210692,-3.4905386,3.2180574,4.7150884,-0.4042066,-2.576062,5.153821,10.634494,5.2524776,1.457675,0.6475896,-0.016460653,22.319887,0.6678542,-7.178983,-3.4300122,0.49294385,7.5340643,-2.8082056,2.1192076,3.7823725,10.998671,-8.864379,-0.63567984,3.5541441,1.7128806,3.365223,1.5302564,1.9601421,3.752594,-0.41753992,1.8147877,-4.967378,-17.234694,-8.149004,-4.3313932,5.232348,4.536456,-10.018578,-4.595547,1.1299502,-0.24666958,9.062088,8.832111,-1.3154366,0.6452934,-6.124034,-1.9592148,-4.313175,-1.4212004,-11.842056,2.470508,-0.5829879,6.540059,2.910692,1.2850885,-3.8496318,3.9693074,-0.31747705,7.7838216,14.655204,1.5958632,11.668312,2.7016604,-0.41047868,6.515347,3.8091033,0.41911075,8.056803,-3.0208871,1.8621924,7.3920226,6.886438,8.673945,6.006869,2.571315,9.295172,14.346481,1.3247322,3.667953,6.3598294,-2.155053,5.1310472,0.2976074,-6.861982,3.1243782,-0.603385,0.75488746,-4.852298,1.8520684,7.6498733,-0.020221809,1.3478919,0.34815532,-1.0802352,1.9931998,-0.75988334,-2.9584343,5.494811,-1.0169722,0.5730314,-1.0601666,5.5912423,-2.3605223,-0.7475852,-2.432065,-1.3610717,-0.062911615,-5.8209486,0.0,-0.3622058,-1.1024058,0.5621304,-5.5410976,1.7536869,-1.3113377,0.6737513,6.2738366,1.8349681,9.536317,6.7673426,8.608151,-3.030755,0.19322696,2.7478337,2.8548894,-1.5053972,-2.6679468,2.0790923,-1.7536399,3.7690713,1.3866769,-0.5680262,18.759089,14.143696,11.842921,1.9459476,-0.23130834,-9.111703,-6.3250256,-5.8422914,1.1413587,1.4398109,0.03758094,-2.9616456,4.2842135,-4.568252,0.51692003,-1.3079971,1.0679213,2.5542445,-4.8490376,-0.16050048,0.09836446,0.6023197,1.4930435,0.75394905,-1.5212489,2.1835651,4.3359003,-8.685349,-10.141901,-4.0649877,-0.17362928,6.3106747,-0.5803119,4.991035,6.198547,-3.6440454,-3.5057757,-2.8608978,1.08253,-0.04569871,-7.423023,-5.826515,0.93010896,2.8529248,0.3980885,2.9846535,3.4675741,-7.3120317,-5.4177117,11.889446,13.925507,2.0778904,-4.2596927,0.09272217,-0.27268645,10.457203,-4.2916594,0.32264146,3.83795,6.047535,10.586663,-0.9298404,-3.123098,4.1908727,12.8299055,0.9357862,-1.443037
78,3.6545084,1.8727301,-4.117998,-1.8429722,1.3819209,0.048893914,0.6952191,1.3010796,6.770243,-5.346763,-7.5525966,-2.6745098,0.8145423,-8.380154,0.8854333,7.6030583,-0.40586188,-1.0680616,11.030161,3.0141063,6.0916576,0.67561316,-0.9049752,3.8447156,-3.860348,-3.2670653,2.7772026,-3.6207726,11.08769,-1.8025076,-10.834704,-2.005774,-10.606101,-12.225056,-7.202009,-4.2652564,-3.978378,1.8343295,-1.6451708,3.3652115,2.664613,0.66241246,9.612116,2.0405073,6.8672285,2.989194,5.942806,5.2341094,5.90544,2.0087628,9.474442,10.941553,-4.323899,6.586418,-1.0419717,3.3633811,10.443262,2.1582634,0.63493377,6.119636,-8.860077,0.36839274,-1.6379645,-8.451796,-8.982095,2.087699,0.28237092,-6.6710734,-6.877067,-3.2033653,-6.7803626,-8.7157545,1.0868422,-10.382924,-2.254697,-0.18113178,-0.093789466,-3.7099273,-2.6669273,-11.77757,-3.579282,0.0072033587,-3.099115,0.32607406,-6.602825,-4.299411,-8.300631,-2.2071772,-3.1645963,-0.04609721,-0.042082142,4.2234564,-0.9504491,-5.5265203,-3.4896936,0.011606403,-6.095482,-8.33565,4.7952952,-7.85531,-2.8248415,-0.16685805,10.290742,-2.8284936,-3.7607484,1.4894432,3.1938767,7.706262,0.75452733,-12.786015,-0.23902653,-5.7094927,0.25531685,21.200592,14.684796,6.499141,0.036573198,-13.178793,9.614604,-4.043722,-3.551535,-2.6396453,-5.836201,3.434706,-10.475187,-1.2429962,-2.510641,-8.322612,-17.867205,-8.283699,-0.44002756,-2.910248,0.8662649,-2.5177755,-2.225961,-3.5596023,-0.47270188,8.35968,-11.521239,0.6664732,1.2478359,-4.3146086,-0.6210579,4.7838607,0.19457352,7.339021,4.6205387,9.984304,-0.23075187,-11.925595,-2.2947955,0.71905375,1.7064263,7.176536,2.9681535,9.737491,10.844909,-0.6255147,0.67134345,-0.10061105,-3.3550825,-4.9687057,-1.2898854,3.7181435,-11.037194,-5.011413,10.43231,-2.1382968,3.5212243,-0.5588361,0.41659924,0.095794864,16.488354,-9.951726,-3.7804127,-8.879983,0.49659505,-5.8679476,-0.34077817,-8.490743,4.3282557,15.2173,-1.2399068,1.648379,-0.27561334,1.4279147,2.7995539,-0.640469,-1.8072422,-5.4510784,-1.0895941,-3.5194914,-1.0363632,-14.32569,-2.2690184,-2.66032,-1.711191,0.17238763,-2.6996322,2.1946635,5.6135135,5.7340255,10.858725,0.18989342,1.103903,-5.3952384,2.6983461,1.2209035,1.5975268,-8.269584,-19.117311,-6.4110427,-11.27473,-10.836306,1.2919543,-0.59105986,-5.9708543,-7.571781,-4.696711,-3.0704062,4.235282,0.32910424,4.6177573,0.89448845,-2.8318927,4.195489,6.4804707,-4.6420393,0.7994046,6.267692,0.62710667,4.7068515,-4.768693,5.4598527,5.495468,-0.17052414,2.4290693,13.706456,1.9608936,2.243397,-7.2359643,-8.074965,-5.2729754,-5.3439646,-7.5161767,-1.6549575,-1.2639183,-1.7163211,-11.843615,-1.2284659,-2.6159303,-6.7072535,0.14816321,-3.9613822,-4.8317084,0.5346924,-0.993983,-5.1533074,-4.9559884,-2.6173782,-1.3447473,-1.9548548,4.4453397,-3.2484646,-1.4552064,-3.4563377,-10.4333935,-0.75431097,-3.0813868,0.0,-0.018663539,-6.157714,-5.2168984,-6.9208283,-7.2530866,-0.7622333,-2.7201712,-3.461715,-5.56667,1.6525875,-0.45547476,-4.1601825,-0.35737762,-8.809428,-4.9356904,-2.6058187,-1.4922874,-4.9666667,-5.356549,-1.5518457,-0.95126396,-5.1887894,2.2771406,5.3448987,15.23662,4.199853,-0.37517995,-3.7765346,8.226638,-10.304803,-2.7795417,-4.461431,-9.479587,-1.8756642,-4.556342,-12.206033,-7.2518506,-7.782184,-7.9340954,-3.9418142,-4.2319303,-8.327779,-0.37177387,-6.2879415,-5.290258,-5.4757566,2.7857375,1.2506775,-6.6926312,4.5550714,-1.249381,-6.6400514,-0.6494811,-0.24459456,3.2170954,1.4153308,2.3145037,2.4694812,-4.6783104,-4.4582267,-3.4461987,-3.1531925,-0.5983908,-0.37564978,-6.290133,0.84215796,4.512327,4.914198,2.2433648,-3.1672924,-9.1467,2.1628597,4.662077,-1.7678924,-3.119724,-6.1824446,-1.9549898,1.2867635,-9.383888,-6.7385173,-4.1395564,-3.9244957,3.088913,-4.6183486,-1.793417,2.8381243,-2.6541095,-9.519168,-2.9590514,-8.740364
79,-3.652151,5.328979,-9.336661,-5.7153983,-3.5693274,0.3924844,1.4685247,-3.3685696,-3.6057568,-9.142821,-3.303499,-1.051682,-4.5807605,-6.6609464,-1.78043,-0.7619973,1.1345636,-6.2292466,4.3187423,-0.23210922,1.2738559,0.86720985,3.1325705,-7.576651,-5.2260246,-0.95250493,1.4288224,-4.672242,11.882189,-6.2249484,-14.578716,-0.2584286,-7.1198473,-4.3410535,-8.58792,-3.1097803,-1.7191226,-6.583626,-2.475376,-3.127156,-4.9427943,-1.6229024,2.1699424,1.8958716,2.7385767,0.7674855,1.2890756,3.3181508,2.920073,0.83842736,4.9811454,1.1441214,-8.603055,2.518167,0.38085848,-0.26262105,1.2282695,6.544654,2.9444234,5.454196,-9.124201,2.6062608,-0.2523509,-6.7211795,-14.839932,-5.6641107,0.19286449,-6.06844,-0.20508032,-4.1967263,-0.20780751,-11.673027,1.0309838,-9.980274,1.5955467,0.490475,-0.15322484,-3.3893385,-3.6942647,-7.677135,3.9788568,-3.4340181,1.4151297,4.1941214,-0.7613749,2.0928812,-8.3927765,-4.783931,-1.6177707,-0.03846128,-0.10011167,1.0124104,-0.41314486,-7.3551927,-5.4292846,0.86782765,-2.728401,-4.774057,-6.5860257,-2.274697,-13.124335,-7.499672,17.241058,-9.8513155,-2.748936,-1.9224318,13.46114,7.9599514,-0.82371724,-4.3693438,-2.7024326,-0.5207229,1.8612056,23.503834,8.836575,5.2106047,-2.1625535,-6.564942,1.9459729,-13.629228,-12.432046,-3.5719318,-5.616504,-12.075506,-3.919199,5.2922277,18.206095,-7.647193,-4.860263,-10.923701,-1.116341,-3.2995434,-7.697515,-6.1334896,-5.5594864,-2.9654222,-0.23752348,0.8587759,-10.922821,-2.357966,7.8816423,-7.3147497,1.7965885,-2.8329997,-2.3847919,-6.043438,-2.7568343,1.577346,1.3121631,-9.227597,-3.7722814,-5.8321495,-0.09268627,-10.512806,-5.2841578,-5.3076005,-0.54151964,1.7933493,5.3467717,-3.8702495,-4.4986124,-4.3377357,-9.193009,5.3808823,4.647685,-1.1313027,5.1749053,-6.962432,10.581263,-0.6255357,-2.3545258,-0.28039825,-2.1470068,-18.420973,-5.9621806,2.9050298,-1.4666368,1.4522454,3.3765664,-4.7836843,-1.1367382,-0.4543212,-4.6128078,-1.6577001,-2.2702007,-3.5156868,-5.59435,-4.8213496,-4.073579,-1.6956695,-0.65536505,-4.632574,-3.4814513,-14.65838,-1.6192365,-3.5890229,-2.4063542,-5.3938546,1.9569714,2.050082,4.5787506,3.272343,5.2492766,-6.1309485,-1.6417462,-1.7057682,-3.4897268,-4.9574666,2.540872,-6.588849,-11.495477,-4.5970507,-23.333464,-17.43273,-7.5059414,-4.9493427,-5.134253,-8.054305,-2.373817,-7.0276065,-0.31627727,-3.4405503,-1.355173,1.8780783,0.21298799,-0.77340156,1.5784384,-1.626597,3.7870739,-2.2579653,-0.50304776,1.948611,-2.0175865,2.9828405,1.0598979,0.7111274,0.8448298,0.15929304,1.0680968,-0.76835406,-7.869799,2.9304862,-0.22932053,-15.669909,-9.104949,-11.177487,-3.6870763,-3.9370055,-7.0155644,-2.1422544,-8.175588,-8.7496605,0.9770706,-3.5210452,-0.032482166,-3.897185,0.18490909,-2.7237659,-4.778258,-2.5152256,1.8478831,-3.5010352,4.045775,1.9216279,-1.0552155,-0.34123105,-6.7767844,-1.3772883,-1.3883082,0.0,-0.21288292,-6.244134,-6.8394694,-5.8888497,-0.2585853,0.20984823,1.3016185,-3.1387827,-3.7183585,-4.031401,-4.2850432,-8.614759,4.313318,-15.321337,-5.0303683,-1.1689001,-3.9316273,-2.2541945,-6.817045,11.7633705,-1.2447808,-6.363951,-7.6680455,1.433631,5.724162,2.960828,-6.2524705,-11.103654,-8.51281,-5.7252736,-3.8032696,-6.935552,-12.932859,-4.7970467,-7.7158475,1.3320794,-8.048377,-1.7627517,-9.499816,-3.4622653,-6.5782933,-8.636813,-5.0424895,-3.2278516,-4.5309315,-9.548384,-0.6445616,-3.1549993,-12.516403,4.9577694,-4.900108,-1.036442,-4.3090234,-2.9502704,-4.8448033,-0.34409025,-3.893722,-3.2170646,-3.8850915,-4.970361,-4.9615774,-3.140762,0.43924606,-7.614668,-11.401533,0.82328117,-0.21906136,-3.6685112,0.08942318,-1.8140838,-8.349443,-10.07977,-2.8113973,-1.0906831,0.0028291037,-8.700445,-0.38768178,-1.7773852,-0.9770241,-5.6424956,-5.1541553,-3.7532372,-3.2989156,-5.4899225,-5.0876827,-8.287926,-4.0078616,3.0138245,-2.3838258,-0.5242063
80,-2.7477684,-0.41717768,0.5270775,-3.8682802,-6.580052,2.6721623,-7.776649,-6.079488,-5.797484,-2.3892055,-3.1603036,-3.614426,-8.084224,2.134363,-1.9649457,0.68654543,0.21261652,-11.212479,-13.562415,-2.0471444,-0.27213058,-3.3721154,-1.4844921,-5.6569285,-8.185441,-1.1556157,-0.70432174,-3.2612057,15.819927,-10.379083,-9.098295,-5.0357924,-13.717754,-10.513977,-6.851097,-7.648433,-8.364144,0.48951074,-5.6699424,1.2331214,-2.644191,1.1614285,0.3501004,2.7731168,3.5342214,0.22510424,0.41889024,-1.0060565,1.4593421,2.239332,1.5842267,4.5106707,-1.220714,0.5190993,-1.0548263,0.72518533,0.8161225,7.7741323,4.3644443,0.3843277,-5.8925,-3.4697144,3.6728055,2.3221245,-11.74411,-1.9649913,2.04263,-6.558604,-1.6168175,-2.9421642,0.6427751,-6.4245143,1.2556813,1.7559425,0.055648834,2.3324635,-0.41271338,-0.15045848,-5.592791,-6.2393994,-0.5465174,-2.4726005,2.8250504,8.112888,-0.9424344,2.0624702,-5.8914676,-2.941287,0.18095659,0.0070698773,-0.21074457,2.8214395,-4.8323007,-3.5293913,-6.4161534,-3.6073258,-0.7207186,-3.9714403,-3.7761276,-7.459192,-20.411558,-10.798936,-12.797229,-16.255857,-11.399067,1.0741682,0.47568047,8.329277,0.6901892,-5.026482,3.03964,-1.1932101,2.7602618,8.317271,0.4140171,3.3846245,1.1293217,-15.613418,-17.235184,-6.9508896,-8.515517,-4.164442,-2.2121284,-7.03175,-5.795497,6.9536576,0.7807825,-4.839081,3.0335329,-12.782057,-1.0027994,-0.9421367,-6.9221888,-5.000875,-4.0359454,-5.096076,-5.6774836,-3.096408,-12.25302,-0.38901174,-2.769521,-4.986037,-2.9236293,-1.2513213,-0.417768,-2.8823059,-5.8259544,2.1227,-1.814643,-4.40235,-8.698251,-0.5595095,-4.2481766,-9.319993,-2.2875612,-8.314117,5.09721,2.2778401,1.7581019,-5.4924173,-13.219846,-2.2700365,-6.9842367,5.87417,-8.644249,-6.35271,6.466126,-11.79834,6.28198,-1.8565179,-3.1871996,-0.3026095,-5.081848,-11.600019,-8.5709715,-4.808176,-1.1752303,4.9682183,-1.1510715,2.9634788,-2.655255,-0.88784266,-5.385089,-2.3999166,-2.7780535,0.049154576,-5.622563,-4.758641,-4.255534,-2.7442245,-5.110766,-5.418374,-6.462714,-23.908781,-4.4089885,-4.5461144,-3.9741979,-6.199134,1.1620542,2.6606166,3.0142283,1.1881094,1.6391348,-0.7722378,-3.9306326,-1.0717144,-2.3213189,-3.807192,3.823161,-4.5427203,-9.984492,-6.156336,-14.548769,-18.980444,-10.017951,-6.2955794,-8.716735,-2.070696,-7.665141,-7.012879,-3.2137117,-8.260713,-1.260054,-0.26513854,0.1996301,2.1452844,-2.3647642,-2.7080278,-0.54012674,0.99047756,-1.9533291,1.911722,-5.4646664,-0.6139802,-1.0323539,-2.483659,-0.49560255,3.2010584,-3.2000403,-2.5588717,-9.564983,0.5605938,-6.724376,-19.184454,-16.706297,-7.1129804,-1.555256,-2.667198,-1.6684945,-2.8572633,-5.334468,-7.851856,4.4554086,-0.17788655,-1.8815138,-1.631911,-1.8703004,-6.873653,-6.1460857,-7.993967,-6.565752,-6.3809843,6.494052,-0.84261507,0.26613548,-5.556091,-8.433302,-0.35849044,-2.7867754,0.0,-0.09532381,-1.7832375,-2.989867,-9.672986,-3.6899874,-0.5962126,-6.4144826,-4.8766117,-1.3930672,-2.6829832,-6.7172027,-6.173115,-3.7085235,-5.260053,-6.0134206,-1.2281971,-5.239474,-3.304096,-5.297786,-6.5884156,-5.797933,-1.0823834,3.0709593,4.5130234,7.4054704,-0.16790894,-0.73363626,-3.6122272,-11.5495615,-5.0251684,-13.660353,-2.2832208,-15.79125,-8.3094225,-1.8981161,-1.5437944,-3.0905962,-2.6056914,-7.260026,-8.627859,-5.2025228,-6.0921955,-8.851396,-5.404162,-4.746511,-6.996429,-3.403156,-5.544063,-5.6147666,1.1366597,-8.1036625,-4.4877486,-6.9170017,2.3100436,1.6952963,-1.0957606,-5.472364,-1.5229723,-5.973446,-2.6896994,-8.243491,-4.868226,-1.804471,-8.853469,-15.736665,-1.7695906,-1.9325342,1.0495994,0.5162516,-11.8537,-0.68707645,-2.356428,-4.3246818,-3.762435,-5.403222,-5.1024885,-0.900776,-4.0190163,1.8335092,-6.717784,-6.587726,-2.9736974,0.7896655,-8.821937,-2.4561121,-2.4315486,-6.3756022,-38.841125,-4.137401,-2.862864
81,-6.273721,8.629239,2.0768921,-3.3560872,-4.8699923,-0.9837949,-4.823577,-7.297254,-8.137901,-5.6447153,-12.28031,-6.792513,0.21914932,-2.732747,4.2299795,3.8537138,6.6324635,0.50627637,-1.7765456,-0.63586456,-0.7606004,-10.230953,2.7303276,-2.8726082,-4.718337,-3.7906992,-0.43234017,-5.1883607,13.644491,-11.431924,-9.330891,-9.268187,-22.49833,-7.2837515,-0.80982804,-3.256659,-2.3245134,-4.6510043,-3.1641264,2.237608,-5.4688416,2.9919448,-2.83783,0.91683334,4.199941,4.4464717,1.2508248,-0.1388539,1.4618435,6.5901136,0.2561934,0.38062733,1.5345156,-1.6110194,-0.2136311,-3.5128772,0.631017,-1.8905578,-8.945696,-3.8583512,-13.095103,-10.357044,-3.5445547,-5.8748507,-20.384092,2.0137174,0.70896137,-7.156933,-6.354355,-9.525768,-5.737951,-16.112251,-2.1913016,-3.6183515,2.5574377,1.1753671,-0.5000896,-3.1038532,-6.740265,-18.550968,-5.6154785,-6.1934485,-4.38293,0.34104437,-7.0582037,-1.1001303,-15.352161,-3.1934178,-3.7026217,-0.04390147,0.1638684,0.8359626,0.5553436,-6.798988,-1.8627236,2.3371556,-5.8746943,-6.272137,0.7407805,-5.922484,0.09927687,-14.749414,-17.603477,-9.713538,-9.965889,-3.3615906,-0.6123463,0.72170216,-3.851202,-5.7063007,-4.971845,-8.29602,-2.43798,4.178537,0.061150588,1.2495912,4.6841083,-7.385434,-1.9879729,0.86849076,5.488667,-1.376715,-4.280323,-3.2124426,-8.058555,1.6178364,-5.0050926,-8.02573,-6.9678416,-8.144451,-0.8211976,-0.39370808,-6.868776,-2.0100782,-4.769058,-0.3146771,-3.359892,-2.7540865,-3.6385057,0.2531181,-1.1333654,-3.571054,-1.797724,0.6794666,1.0060598,2.2035527,-3.5551503,3.548106,-1.1041,-10.560565,-7.2170167,0.775975,-7.2801847,-7.6654406,0.14899644,-1.7090659,9.026851,0.54448754,-5.2181487,-4.6785035,-11.009642,0.004683201,-5.2901835,-2.338658,-8.870482,-4.108983,0.35131985,-14.790966,0.053917687,-9.375673,-2.2221005,-0.037366472,-3.0605006,-11.166471,-3.660495,-15.474596,-1.5538183,-11.037358,-9.528821,-4.936583,-3.3204398,-2.145111,-2.913069,-2.5911517,-1.1461989,-1.6236897,2.964372,-5.5787096,-6.8220572,1.4295095,-5.6956353,-5.741274,-5.342409,-14.289692,-2.6247504,-5.2766576,-1.0109736,-4.3413973,-0.67785573,-0.29875776,-4.3271666,-5.480149,1.8736845,8.754147,0.22305632,-4.089427,-1.7894115,-4.60553,8.461509,-7.844186,-11.023834,-7.9909472,-24.043297,-13.817294,-11.784025,-0.80022824,-1.6120949,-2.786528,-0.23843817,-10.847199,-7.5949225,-5.2356625,2.2518365,-0.6730834,1.9296778,4.6167836,2.4284225,4.059336,-0.46276137,0.0049533965,-2.0661814,1.7243731,-3.8111405,0.7713233,-0.32918274,-6.956568,-4.7827177,6.2374067,-11.269022,-3.6102507,-22.498686,-12.322976,-13.225451,-27.89365,-20.586529,-2.4626875,-4.6073184,-7.3127456,-9.637874,-6.4368386,-8.08505,-11.800206,2.2463639,-5.304991,-5.813725,-7.888122,-4.540799,-8.473635,-3.0889394,-6.9017477,-7.1017494,-10.655277,1.860021,-6.682428,-15.238546,-10.607119,-12.057012,0.023689684,-5.29444,0.0,0.124519885,-5.842668,0.5246839,-1.1003623,9.386925,3.559714,-4.7049932,-11.143074,-6.056038,2.6744432,-2.6017296,-3.7557905,25.850481,-0.7936619,3.2859602,-4.3588285,-2.5076618,-6.3979683,-0.21549584,-7.355722,-13.28123,-4.5085044,1.4565363,4.4483004,11.258952,-0.38589227,10.160284,-0.8007466,-6.112266,-4.5623226,-11.105053,1.1813439,-10.922048,-0.9185247,-6.167651,-0.40050676,-1.8009812,-5.554773,-10.807704,-11.959644,-2.1610985,-11.434437,-9.399003,-4.5813093,-7.4454913,1.0462967,-3.570394,-5.5856395,-8.547927,0.7914368,-10.220275,1.9245411,-7.624016,6.74146,3.2431643,-2.0882149,-5.6221857,-1.2670517,-6.292204,-3.5216124,-4.6484704,2.3225965,-9.53755,-3.652557,-0.16649438,3.0597985,-0.0033149663,-5.0157576,2.4524705,-6.7027373,-9.494658,-13.345489,0.6836846,-24.793293,-6.3150406,-1.876587,-1.7713594,6.021965,-7.065392,-9.263564,-11.197508,-2.206721,-1.6863146,-2.9781117,-0.60538846,-6.0577483,-4.2166266,-18.561888,-9.711285,-11.29392
82,1.3478106,6.896342,4.847875,0.98443884,0.7260938,4.1495237,7.3895407,-3.4549296,-3.839453,-3.4615607,-4.7454863,-2.5404065,5.122162,-5.160178,4.366754,6.263443,-0.4452169,-1.0320437,5.1960177,6.8307667,5.8439355,2.3769777,1.1134142,-2.1659534,0.18284632,-1.890086,4.3172984,-0.0034636084,8.356045,-5.1271853,-8.571986,0.34324613,-19.79101,-8.433219,-3.0775962,0.8881405,1.5692114,5.0850296,-0.7180587,0.74141204,0.44774842,1.8383232,-1.8582778,-0.04989569,3.4979525,7.5765696,-0.20808944,1.9848512,-3.4110074,0.30253717,-2.5963721,-0.9176297,0.17079064,-3.1844711,-0.46255147,-1.6869643,-2.495445,5.8299394,-2.8549285,1.3530216,-12.657179,-6.1572247,-4.0089183,-10.138497,-17.618221,-0.35348347,-1.9808947,-5.3466177,-5.913741,-5.0266438,-3.025945,-18.739817,-3.688455,-3.2974973,-6.4181924,1.8043768,-0.5244217,-0.18830487,-0.6920539,-3.1125197,2.1845517,-0.04254013,0.49747628,-5.7972617,-8.010758,-5.535349,-16.54268,-3.1146286,-3.4699032,0.004019969,-0.026195193,-0.04188996,-2.2862284,-7.0158267,-2.4994743,-2.1943364,-6.9518595,-5.8405695,1.7853233,-1.9632438,-1.2577313,6.6382837,-6.7212415,-0.078136936,-2.264853,-3.1243906,-0.9572346,0.55800015,0.4743489,-8.72816,-0.16679025,-5.715851,-0.35898963,1.822576,-9.5327835,-1.4656601,-1.0236841,1.2405401,-5.301447,0.6112579,-4.6722183,-3.6062527,-3.002359,-3.555305,0.5320198,-1.1482358,9.4332285,-4.9633493,-3.664035,-6.813516,-1.014272,-2.1125963,-5.5344305,-2.887602,-2.2974038,2.682542,-5.4518723,-2.5733144,1.8613594,4.9919386,0.5344414,-4.7990894,0.29446813,6.691603,-0.7040392,-0.7569893,-8.2437935,2.872636,1.5960848,-7.381345,-6.155326,1.0919178,3.053158,9.96113,2.3660388,-1.5149903,7.29076,2.7949486,2.0518777,7.6304436,-5.250493,4.408466,-1.8144124,5.0042615,-12.8724985,-3.4050512,3.667742,4.4291625,1.4521356,-7.5708656,-3.8115275,-0.11255414,-8.207405,-9.628,2.8918643,-8.055154,-4.0823755,1.5573516,-5.481973,-10.413308,-1.1603853,-2.9871151,2.3389635,1.8642849,1.1714605,3.269235,-1.1756945,-1.7380494,-2.786901,-1.0836393,-1.9676504,-2.577997,2.1731753,-5.3788414,-0.40726557,4.6728287,-4.0570087,-4.4928913,0.0951225,4.7427855,0.80390584,-2.1639621,4.743664,-5.9624057,3.0413728,-6.554092,5.0557027,-4.6787205,5.9612494,-8.999116,-4.420817,-0.56310755,-28.53193,-11.8982935,-4.6741114,1.3594457,7.0348034,-0.34030107,-1.7497151,-6.580378,-5.1642036,-4.874359,0.6006745,4.3848386,3.30688,4.626624,-1.3564801,4.3474593,2.9314184,5.811933,0.42719114,-0.3779012,-4.6264453,0.58899933,-3.8581204,-1.198845,-3.821139,1.1029918,0.38322157,-0.9294236,-20.821804,-11.204255,-7.8822217,-22.089764,-12.0268345,-10.752159,-7.310758,-9.386339,-12.913346,-11.624133,-4.8135824,-5.6924276,-1.8662884,-6.65219,-10.590609,-2.9811563,-3.0848348,-2.212122,-8.539743,-1.8583087,3.7165756,-6.3069334,2.4625444,0.20673664,-14.861229,-6.995369,-7.493398,-2.9275212,-1.3832543,0.0,-0.14041309,-1.7834507,-3.4465463,-5.056148,-4.141114,4.1640005,-2.2219887,-10.224678,-8.401789,-1.492577,0.24906975,-1.8791567,24.915735,5.504717,-1.8851279,-1.0221093,-7.2788835,-0.018698284,4.021894,-5.302451,6.4121537,-13.7723255,1.4062513,-6.037432,-8.145382,-3.32811,3.063975,-9.640444,-17.962755,-0.9799259,-5.230814,-2.849188,-7.52547,-9.031809,-8.860408,0.8770975,-2.1954126,1.762465,-5.3107257,-1.4150388,-4.655599,-9.01602,-6.342158,-5.324628,-6.350812,-4.299123,-2.2250679,1.3596525,-6.951775,2.3461287,0.15803471,3.103906,0.27699995,4.1312056,-2.6544912,6.379298,-4.2387753,-1.1821059,-0.72830707,-4.4312873,-5.716657,0.1938177,-9.81106,4.9145064,-3.6974325,3.1212494,1.499478,1.2773229,3.88758,12.028003,-4.734516,-1.7457665,-1.7047303,-17.824623,-6.3438764,-7.487834,2.030158,-5.635095,-0.70132035,-1.785288,2.4001033,-6.78199,-9.020817,4.551494,-3.3598049,-12.8519125,-5.1732187,-12.10526,-8.805679,-11.010116
83,0.6641052,-6.7227254,1.9432502,-1.7540827,-1.0289133,0.9544554,2.9634366,-0.081458144,-5.328707,-0.013640129,-0.8129548,3.0024307,2.9880955,2.0576334,5.707868,-2.4328737,1.6531954,-4.2867346,-0.11933751,-1.9209713,7.603074,7.676913,2.897517,-13.259514,-0.9476222,2.3011415,5.598281,6.5957546,-1.6511322,-2.0078402,-4.834749,0.42313302,-5.2843,-2.667496,-4.528902,1.7193247,2.4758482,-3.2109709,-0.3002287,-0.17426394,-0.77741706,-3.1402035,3.4228027,0.64236534,5.261148,-1.9491352,-1.46473,0.36875117,-2.4408479,0.6331497,-2.0666852,-6.6880646,-0.27909112,-4.4364285,-1.7736757,1.8051113,3.7072275,3.7910905,-1.3968737,0.5173302,-8.827738,-2.9389646,-0.7566922,0.5247434,-11.020375,0.9553618,1.2597446,-1.5043055,0.30734953,1.1507739,3.0646327,-6.0094695,2.5783794,3.7711518,2.9726906,4.4979177,-0.01390338,8.323504,4.7604995,5.302748,8.811288,1.4763185,5.2758284,1.843825,1.5321561,2.5518582,-3.706865,-2.4010875,-2.5892615,0.041724626,-0.013910017,0.28554025,-0.83424884,1.2694418,-5.924681,-2.3463027,-1.9724145,-4.541691,3.0754058,1.5745277,-1.2298512,-2.8548973,3.6589103,-0.24105665,-0.47645777,1.1135215,6.533494,7.4677267,4.89157,2.9821968,2.6278355,-1.0415026,5.4553385,-4.4899426,-0.43737507,4.3731956,1.6553626,-10.942059,-27.509775,-3.2671635,2.2317445,-0.6446678,0.37594333,-2.4385312,-1.6425532,4.6811023,-1.493972,-4.517395,7.343466,2.1759737,-0.20044926,0.77041006,-4.184828,-3.3983564,1.3041074,-2.3600266,-3.9929395,-1.8627592,4.5087223,2.0110357,1.0658485,-0.18856408,-0.49956623,3.0654511,-0.6153115,4.347263,0.53826255,0.40179616,0.8403697,-3.0728593,-1.1448323,3.4863076,-0.42688724,5.9654365,-10.210183,-3.77787,-1.3815975,0.13957293,-0.47170523,4.49345,0.25271618,-7.786047,-2.631647,4.03679,-11.458481,-4.500818,3.347813,-7.6940575,8.662266,-0.0035763788,-1.9480568,-0.04821393,-5.1120396,3.5855336,-3.8577428,3.0272548,-3.6223576,1.4545465,4.0072002,3.4847453,2.8506756,-5.640141,12.272559,1.6777107,2.7142656,-1.8363054,-0.6668442,0.13734134,0.3404567,3.7610595,4.422259,-0.85077155,0.59445,-6.79113,2.942084,3.7931864,1.931012,-0.75113493,3.9885085,1.2838153,5.852595,3.6148813,-0.30779985,0.1480614,1.3056437,0.669196,2.5268517,-2.1372454,3.3144925,-3.273861,-6.9702215,-1.4328256,-13.831439,5.428049,-4.9306927,-3.776151,11.419669,-1.4919472,1.6122683,-2.226978,-10.208142,2.7164872,1.7041073,-0.83514124,2.4575052,-1.1113998,2.4144473,2.258574,2.7192245,-1.0197208,-1.171563,-4.18164,-2.3158207,1.120264,-0.9517695,2.3276215,3.3147533,11.380255,-1.1868477,-0.1730407,-9.158562,-4.4428244,-2.9541268,-6.273271,-9.694605,-2.4119494,0.35079885,-5.4296,-5.3243723,-0.86997825,-1.5265024,-4.3663034,2.4720678,-1.5655578,-0.8979328,2.6798017,-1.4031622,4.499561,0.9828752,-1.759158,11.453884,-2.3671172,6.231423,3.5845332,-1.2433174,-0.74126595,-1.2307552,-2.1186457,-1.5627602,0.0,-0.19011976,-3.0792165,-0.68750226,-8.883972,4.809443,4.850685,-1.6391762,-5.795385,-2.550221,-2.653419,-0.51683617,3.3269465,17.895851,3.3034995,-1.4179237,4.198921,11.938602,8.785959,1.6323023,-3.2969267,-0.29021108,0.94077617,4.063716,8.581505,1.6965551,-2.294363,7.453609,-12.152199,-3.7266412,-1.4950606,10.561022,-3.0709987,-11.766615,-2.8513958,-0.47361708,8.080652,-1.2773058,0.7722922,-3.0564263,-3.4077768,-4.9561734,-4.9256344,-5.2095404,-5.321228,-3.5190222,-6.43784,3.1395524,-1.5215918,-5.65624,1.5786345,-1.1888638,6.30565,-0.6082222,5.423418,-0.6319013,2.7512178,3.1495605,1.3237385,-2.9384024,-0.15807337,-7.0934854,-1.228632,-8.446727,1.0777218,1.0757965,-4.3279624,-1.4312326,1.8159207,3.1164217,1.0012966,-8.78455,-3.669763,-2.985124,-10.88106,-1.8520244,-2.8994179,3.9836848,0.8544457,5.426054,-4.572773,1.1415815,-4.978838,2.1393852,-4.477205,1.1574426,-6.94772,-3.3850522,-4.3873286,3.435947,0.014929623
84,0.67163646,-6.117608,1.8507612,3.6598136,0.63940877,-1.136121,-6.468792,-2.1153576,-3.0932443,3.1610336,1.3499503,1.8958157,2.6452577,9.644789,4.524132,3.6514452,-2.0100892,3.1882524,-6.0886035,-0.16762926,-2.1445646,-1.1173172,-1.1077653,-9.230328,3.006321,5.363847,10.76282,6.940816,-3.2794645,-3.9081771,0.5300918,5.043631,-12.341673,3.0365748,-3.0015209,3.3007126,6.029525,2.5880454,-3.3304403,-2.0292988,0.5451034,1.7839676,4.959963,0.2451445,0.44696167,-1.0625628,-0.8491694,-1.175885,-0.110020936,-1.0834382,-3.1362712,-4.623669,-5.8951774,-3.0890558,2.2363522,-0.88814855,0.84237176,8.354205,0.39939344,-3.3988545,-9.459273,-6.8267765,-0.24831226,-0.4199706,-14.795489,3.082646,-0.82217747,-4.479506,-4.090212,-2.1413908,2.1668541,-7.265736,0.6799718,1.4554448,1.874592,0.12339203,-0.25282308,5.865227,6.701911,3.2975752,7.6810765,-3.5856068,3.245383,-3.2628586,-2.2657819,-3.3623455,-4.203321,-2.6751215,-3.2555268,-0.023714466,0.23867276,-1.5429907,-0.16866218,-5.183206,-6.1688952,-3.4915369,-1.7313806,-5.398205,-2.7147808,-6.243456,-5.9055867,-12.023102,-1.2818338,5.924249,-2.874827,-3.9202683,2.7297575,4.939654,7.4256783,-12.721685,-4.315817,-1.0780872,-6.8224916,3.100403,-5.7430716,-2.3349593,1.0733187,-4.908491,-9.397198,0.59515566,7.694997,-1.6741725,0.15041822,0.71634847,-3.6055074,-7.022643,-9.925076,-7.527259,1.1447074,11.473335,-0.052912515,-0.3733732,1.4260155,-1.266584,-3.4583533,-1.9144037,0.9436386,-2.774434,-2.0541773,6.5721025,-2.5893426,2.3492396,1.9909922,4.7344036,6.5197687,0.41599584,-0.58608913,-0.3743354,2.701874,-2.5477846,-2.01928,1.9434519,-3.1221526,-10.014659,-2.1419914,6.7781024,-1.7841603,-8.262332,-2.0969198,-1.9469749,4.0899377,1.7765672,-2.9873068,2.3703065,-12.638668,1.4382123,-2.4377978,-3.4101422,3.5557399,-7.521448,-2.815689,-0.085262924,6.939677,2.8076847,-3.8487968,-5.5623317,-0.4918323,-5.6883864,-1.590355,1.5503179,2.8708434,0.31306428,5.9430017,1.8564411,3.5739596,0.069210336,3.4214683,-1.6761228,-2.233338,0.118935704,1.7500365,0.7759944,-0.5921968,-3.1412797,-0.16751237,0.5665892,1.4890244,-3.6197798,-3.9906251,3.070338,-3.8706684,-4.066204,-3.3456123,2.50482,2.0062683,1.256187,5.799928,6.4512796,2.9274273,-3.6819873,-8.845808,0.38896778,-26.089294,-5.160645,-0.74940455,-0.17078368,6.8698826,3.8818238,0.74837077,-0.5162603,-6.3233056,-0.6091615,3.7335296,2.5360098,5.6470623,-1.0702356,-2.1397781,-2.1982083,2.3380387,-2.3732188,-2.1794643,-4.3025393,4.233107,0.3576459,-4.015501,3.9725697,0.17891598,5.211771,5.970058,-2.7048554,-6.9609585,-7.4402313,-5.7712703,-15.802989,-16.034616,1.3658557,-1.7620085,-5.755071,-9.876317,-3.8042831,-0.63384897,-8.059022,1.922126,1.6468345,0.7776211,0.60937715,-2.3324716,-0.3124785,-2.9384885,0.76003826,2.6869066,-0.33875585,-1.7038481,-2.5949593,-5.9306307,-5.6819406,-3.1113734,0.85439533,-6.6631722,0.0,-0.09557165,-0.4911131,-1.7798227,-2.3265557,10.962286,3.6397219,2.5742347,-3.0136478,-2.8895779,-1.7387993,1.3916816,-1.8921828,11.478645,0.20983526,4.200931,2.8239815,9.692202,4.5725327,2.9357278,-19.800562,-0.082893185,-2.1546693,12.029802,10.116005,-2.5619757,-1.7910424,0.95051855,-2.864905,-2.0167425,-10.227089,-0.84424764,4.6959724,-4.319313,2.7104766,-0.456114,-11.764954,-9.565831,0.48461652,-1.4862485,0.13023934,-2.6414375,-10.015838,-2.6023505,-6.679817,-2.1382918,1.360597,-0.09353182,-0.40950593,0.57569987,3.7117124,-1.6889706,6.234735,-4.6522746,-3.969135,-1.7312632,0.26528206,1.9746637,1.637187,-2.8166618,-1.3976268,-5.7611237,0.9226887,1.6587536,-5.9552345,0.69456804,2.1755517,-2.1172054,0.9835074,2.6863835,-5.9836993,2.10739,2.6255004,-5.81598,-1.6238673,-8.267235,-0.047845278,-1.5481982,-2.6214476,-2.468254,-8.561448,1.8299695,-3.4304693,7.1166377,-2.1324694,0.15199573,-1.6207023,-5.780535,-9.184031,-4.4124627,-6.5595355
85,-2.6817389,-6.5771565,-4.9734187,-3.2393064,-2.1700585,-0.49980053,-5.7918878,-6.122203,-8.067368,-1.3159996,1.4127555,0.23953357,2.528523,-6.5267954,-0.56557786,-5.4368157,-5.08176,-9.836198,-5.3113766,-2.7462409,-1.7895151,-8.0253525,-5.8247194,9.382241,10.124015,3.1082046,4.546032,8.535378,-8.756723,-2.0889788,-8.344105,0.67610466,-9.952189,-10.214567,-6.1795635,-2.4445417,0.2599837,-1.5040476,-2.8482456,-4.830435,-1.2056863,-2.3635507,-3.6911225,-3.103836,-3.533991,0.19336583,-2.6611173,-2.0854218,-3.324659,-3.2875452,-4.627993,-7.190843,-0.28563583,-6.8089385,-4.255676,-1.2503176,-0.91412675,0.71677047,-2.4518163,-4.875261,-15.3630295,-1.2440526,0.49333143,-0.090412475,-17.66494,-6.2763157,-5.3017945,-4.894889,-6.213189,-4.980963,-6.17483,-9.694819,-2.323197,-1.237257,1.0596687,-0.5157649,-0.05156725,7.3344693,5.438654,0.99894,2.7415867,0.27610943,0.34453487,-6.4021072,-6.7128854,-3.8796299,-9.708088,-3.240841,-0.66593003,-0.020218283,-0.13056482,1.8334539,-0.7023185,-5.6606092,-9.2748995,-1.0974625,-5.6009717,-6.037107,3.5819554,-3.0236454,5.7074866,-8.946259,22.402962,7.2876296,7.6554956,-3.4324734,-0.9122576,4.9745173,4.1392,-15.494539,-3.45114,-5.3847203,-5.1941075,3.9866052,-6.451622,-0.42209324,-3.9459572,-9.269182,-19.634626,-12.153675,-3.4557562,-4.058899,-4.8002033,12.169877,2.6532688,-18.525387,-1.951542,-6.083829,5.3636827,-0.5232702,-0.6548431,-2.275235,-1.3056223,1.2532401,-0.31401354,-4.900267,-6.168714,-6.8307858,-1.324245,-0.39672577,1.5396777,-3.2592678,-2.7168634,-4.329179,-3.0410833,-1.1799037,-6.047953,-3.7549114,-1.0525991,-3.6476088,-8.496233,-6.7006116,-13.049186,-2.7135906,-10.418519,-1.8574725,-17.333982,-2.628229,-6.5841727,-6.835638,2.0109935,2.5821655,-8.854118,-12.274424,-6.0969315,-0.6906335,-3.80555,-3.8208857,2.2039273,-6.528629,-2.0076823,-0.07984122,9.967194,3.3543022,1.2432195,-6.178532,-1.9981441,-4.8563924,-9.412351,-9.6073065,-0.4503718,-2.1593423,5.3885574,-3.6077294,-4.405396,-1.9025984,-4.2595854,-2.6204853,-3.861415,-1.204123,-0.91839916,-5.46514,-1.6478466,-13.022858,-1.8569088,1.4155475,-6.64615,-4.85472,0.8131126,-0.33321097,-2.017959,3.1479666,-2.2409139,5.695603,-2.9538527,-1.7523967,4.403156,2.9037728,-1.0385443,-6.3200827,-16.323423,-7.9413037,-20.030638,-10.358736,-3.4816914,-7.3472757,1.3595834,-2.0636537,-1.5008396,-5.8351874,-7.523895,1.5732719,-5.702633,-3.0004792,-0.22318232,-2.3578832,-3.8634264,-2.8916287,-1.2218244,-3.0751526,-3.1131983,-7.169027,-7.7202263,-5.7997932,-3.9280055,-0.7332233,2.1265757,-5.7441497,-2.553611,-4.4674926,-18.242598,-2.3385174,-4.5743914,-6.057236,-6.7985315,-8.48915,-5.4077597,-5.4315085,-8.757342,-2.4080434,-5.401525,-7.9137907,-4.01877,0.9232512,-2.833698,-3.3155336,-2.588774,-1.2720815,-2.8310168,-3.916769,1.1807832,-5.483986,-2.811097,-4.873549,-9.042134,-8.978919,-7.1614966,-0.3670504,-1.4537444,0.0,-0.0035749788,-5.9435363,-2.2353156,-8.397022,0.6939112,-7.7665663,-8.299326,-10.735088,-6.021568,-0.65635854,-2.2646005,-2.0624797,-5.794963,-2.1699007,1.9149923,4.7075624,3.1025863,1.0315864,-1.9361479,-17.411612,-5.8761287,-3.6617754,2.5757065,-1.038421,-1.5644741,-9.235549,-2.6997108,-9.498669,-14.747551,-4.5947604,-11.763285,-2.032154,-9.364527,12.635205,-0.51722383,-13.005599,-6.2152233,-8.192383,-2.4962046,-3.6551893,-5.6970882,-8.8617525,-4.6128573,-1.833687,-5.1558213,-4.518158,-1.2216938,-0.13032024,1.2310221,3.176311,4.7292843,0.48448563,-0.05799178,0.14595626,-5.080789,-0.72265935,2.4620032,-0.97585756,-2.9654176,-1.5047909,-6.3556237,-4.3498006,-5.5291777,0.8942174,-11.20801,-3.901898,-1.75429,1.7202395,0.8943493,-5.211015,-6.334173,-2.304883,-10.244297,-9.936595,-28.622618,-10.295527,-2.2528138,2.4438782,-4.4174066,-7.261341,-4.3561196,-5.453016,3.6244655,-2.8000522,-1.4253981,-7.960789,-8.04252,-14.265799,-10.018578,-10.258268
86,-6.3805604,-11.85302,-1.1593636,-10.998386,-7.98155,-3.067995,-9.159757,-3.3471584,-4.1946363,-4.174533,-0.01033303,0.9308476,-2.360038,-8.800115,-4.413374,-7.031745,-3.0291882,-10.983248,2.5511346,-4.977419,1.9753264,-0.31821704,-4.40781,1.9084251,5.7288303,-0.6792791,-3.8848126,5.758053,-0.5199631,-6.662413,-11.084018,7.032072,-15.682437,-9.3415365,-3.422109,-2.4552581,2.8066902,-0.923781,-4.97455,-5.3285384,-5.562994,-4.570549,-3.07436,-0.24340416,-6.6610737,-6.429784,-1.4474697,7.481104,-2.418545,-9.589201,-6.9246807,-10.220367,-2.1832876,-6.053873,-1.9811164,-1.2699866,-0.74743986,-11.147525,3.0509264,-0.7295443,-11.582522,1.097726,3.6135035,-1.3078557,-16.650175,-3.807015,-3.0171902,-8.265131,1.4596108,-0.22421865,2.9139209,-6.655809,-0.8013789,2.567187,3.3040867,1.9858736,-0.12464313,3.364143,2.212384,1.2394894,5.2943115,5.259142,1.5235956,-1.7087456,4.3283978,-1.2801969,-0.99144906,-0.7057271,0.057275854,-0.12148737,-0.32032713,0.22981244,0.043476485,-0.45305565,-4.699267,-0.034708805,-1.427961,-5.5460396,3.3351564,-1.5139164,4.337926,-3.661815,-19.90416,2.688971,6.047882,-0.69524246,-0.44301587,4.642985,4.39275,0.6530469,4.1602116,0.16497959,4.0484476,0.6936214,-9.112252,-4.94195,0.3114516,-8.688845,-22.556074,-8.228226,-15.61033,-2.4635513,-0.446739,2.2039177,-2.4225364,-4.767461,4.847573,-3.6597745,-3.9632392,-1.0522429,-0.79702103,-0.8888095,-2.5232153,-0.9781251,-1.3580385,-5.0024166,-1.3048472,-9.193763,-3.0518181,-4.102108,0.4135109,-3.153718,-5.4135456,-8.836905,-6.9103417,-0.23662488,-4.5502744,-2.564544,-1.5574046,-5.0529995,-2.6104136,2.546174,-2.9672303,-5.873465,3.8706312,-5.187021,-12.482561,-5.301224,-5.0114326,-1.8722562,8.615058,-9.4402485,-8.916739,-15.099005,0.44098368,-2.3959153,-2.4967313,-5.3295803,1.1193206,-0.38475493,-1.0915301,-0.25008163,6.512603,2.7846642,5.096669,4.2034554,-0.2701194,0.62074673,-0.28820258,-1.1189082,-7.628598,-8.687832,-1.0727841,-9.343435,-7.2319155,-5.10316,-7.1560283,-0.53801244,-3.7748322,0.2986444,-2.888517,-3.2158098,-3.9887908,-12.423208,-5.725141,-3.0395415,-2.3517206,-8.743154,-5.928587,-1.8413987,1.3099159,-3.7177641,-8.752615,6.993207,-1.442998,-0.22768323,-1.9931698,1.0758435,-5.8570137,-9.832393,-19.174273,5.8493223,-14.95031,-8.164665,-0.9492735,2.0539196,-4.6104646,-1.0146956,-2.520322,-1.3039551,-4.202006,8.298105,-6.258579,-2.223541,-2.6759121,-7.987678,-8.326195,-3.6639442,-3.02246,-6.327605,-2.8699944,-8.467251,-3.4114037,-4.310348,-3.1324594,0.4632454,-5.254708,4.140658,-4.4538717,-1.2558974,-17.287466,5.303994,-2.997824,-8.171508,-4.179947,-6.4287815,-2.621398,-2.1734412,-0.4823922,-0.29243782,-3.0706656,-2.1183743,-2.7277982,1.6068239,0.13011606,-0.80884093,0.108481675,-1.5109456,-2.286543,-3.427511,4.2325163,-8.661236,-2.1081297,-0.39880112,-4.3317585,-5.885771,-2.330698,0.99872774,-3.0885413,0.0,-0.45015296,-0.091577835,-4.390597,-5.837598,-6.204938,-4.030636,-4.982845,-7.809426,-3.2239273,1.1699059,0.08393035,0.29617658,-5.3990993,-2.1271608,2.477127,-0.12748358,-3.493983,-1.6083509,-2.7281778,14.834361,-6.0265446,-0.3070508,-8.558195,-6.3831263,1.7720524,-12.924644,1.1782933,-6.207142,-16.308567,-3.4582942,-10.126712,-0.07398344,-10.253583,4.9469595,-3.119436,-12.325106,-4.1958575,-3.6316702,-2.4270172,0.0066480744,-3.4613075,-3.624397,-4.215867,-1.9637414,-4.511828,-6.9216156,-0.2988574,-1.6426923,-0.34960872,3.891061,1.6958187,-4.858251,-2.590553,-4.822188,-1.2271649,-6.605272,0.030429091,-0.2650435,-3.2647526,0.46656552,-4.3544507,-0.093461886,-7.328299,-5.944347,1.9592706,-10.301623,-2.5756323,-3.5758173,-0.7487863,-1.6678293,-1.1613398,-1.5112207,-6.6593666,-13.333165,-4.1044526,-2.6732693,6.169592,4.3078604,1.003788,-2.4550695,-1.7045217,-3.138072,4.6811237,-2.5558805,0.4913226,-3.0126114,-4.706744,0.62623566,-0.6144788,-1.5315367
87,-4.659049,-9.879884,1.2222912,-7.855425,-3.294878,-3.292061,-6.0262322,-1.3588328,-2.2331533,0.28118384,-4.954098,-0.35049504,-5.37046,-8.715118,-4.171321,-4.506347,-8.182512,-4.9696274,-12.614978,1.1978694,-5.9793563,-2.597209,-7.548025,1.0122474,1.593556,3.8697202,2.1534946,2.4443882,0.8384363,-8.592015,-2.9320765,6.2188225,-6.340536,1.2904216,-1.2872132,1.8820841,-2.9453263,4.95178,-3.3212821,-3.4436412,-2.9426367,-1.1609198,-3.9693854,-2.7103956,3.85058,-1.6452926,-2.565677,-2.71473,-5.9172096,-6.4969583,-4.7906766,-6.205732,-3.0946753,-3.2595387,0.024926616,-4.6213427,-2.8362598,-14.398042,-7.7376304,-2.952918,-10.268058,-0.3230318,3.4392438,4.897133,-14.576901,-2.7413316,-2.0384176,-2.5129504,-1.6021373,2.4097757,0.49068975,-4.494607,1.6931009,2.9173312,-1.9717616,3.5022535,-0.46312353,-2.2123785,-5.1731114,-15.661169,-5.6042595,-2.6595483,-0.7133591,0.9800396,-0.51352906,-0.70534754,2.2960327,-1.6429387,-4.414071,0.011430556,0.20571321,1.6770772,0.0578168,-4.332615,-1.6068277,-1.70524,-1.8425136,-0.95122075,0.593751,-3.1782136,4.9262,-3.7402077,17.322882,5.568695,-1.249354,-1.8879066,-3.1952736,4.963475,5.4009776,-11.435541,1.0520778,2.6679046,0.08455687,-0.83034945,-7.5982394,-2.475909,-2.7124596,-3.3224418,-12.525819,5.874233,-6.565011,-1.5249348,0.9923414,4.495023,-1.2046599,-0.95267695,-2.973426,0.9234139,0.074336186,9.336494,-0.53313965,2.6590183,-0.5495986,-0.87903315,-1.1740645,0.46201205,-4.40823,-6.6186457,3.0823238,-1.6991392,-10.6530285,-0.20358962,-4.736271,-13.223066,-2.6927228,-6.3783393,-4.3340774,-4.0798354,-0.52257967,-6.587584,0.9721469,2.0541885,-2.5163314,0.52771854,2.9927201,0.8919273,-3.703733,-1.29832,-5.0667152,-0.58748513,-3.0197935,-3.5336587,-3.8669615,-0.05365318,-2.2454305,-3.7368212,-2.1115887,-11.561498,3.6328876,-4.97104,-3.258664,-0.08574191,9.84139,-7.0751905,6.498193,0.8266849,2.4118235,-1.8120549,-4.247229,-2.1404233,-6.012314,3.1832974,0.9980865,-6.4956036,-3.5451949,-5.247143,1.2941335,0.23930894,-0.039942723,1.2560241,-8.268967,-0.16587345,-2.1741524,-18.999716,-6.56331,-4.222187,-2.1490884,-7.1549215,-0.9672468,-0.812826,0.35017803,-8.343817,-4.8616548,7.200595,2.057855,1.7726407,-4.943922,2.956193,-10.96262,-7.62083,-12.9777,-0.3620417,-18.184277,-6.436289,0.11106648,-0.28459746,0.787258,-0.9693432,-1.4743671,-2.6922083,-7.7571945,0.42268685,-4.0710998,-3.7539017,1.9988613,-3.1537714,-4.387551,-1.2010005,-1.4348149,-4.6089864,-2.7031267,-5.0662646,-0.2164861,-0.020703452,-0.5122081,-5.758098,-1.2922926,4.136256,-4.7755966,-2.208159,-11.20353,-0.2945691,-5.8829246,-11.111778,-12.183486,-3.2155743,-0.15441732,-0.1631466,-0.09508935,2.2361367,-1.521661,-5.922176,-3.4910796,4.534894,-0.6263338,5.7607226,-4.000867,-1.5592632,1.4688102,-10.105975,-6.0798225,-5.4990153,-5.633392,-1.2429523,-6.3222017,-8.192531,-1.8819795,0.38249934,-4.2683063,0.0,-0.05645271,-4.559868,1.117759,0.31058335,-5.36927,-4.4694753,-3.0531056,0.26830545,-1.7413944,0.8105016,-0.901145,-1.845134,3.3466244,-8.949687,-2.2163935,3.2899573,3.3816676,-12.794863,-3.4958644,-4.2213025,-5.2617693,-2.0345557,-15.338963,-0.18686964,-3.100214,-5.6763134,-5.0629296,-6.991075,-4.7809963,-6.086601,-0.09300883,0.1903992,-3.7246997,16.347313,1.3883058,8.786864,-2.8114278,-3.0383892,2.4208226,3.5120296,0.7055949,-4.5587826,-3.48724,-0.19208379,-0.97135216,1.2557142,-4.5259113,-3.0380628,-0.49044728,-1.8271582,-5.2525187,-2.3381128,-2.1891055,-7.648461,-6.1277432,-1.7138959,1.8543838,-0.5623396,-2.449023,2.6940584,-0.45252076,-3.4937167,-1.061937,-3.8250546,-5.1004095,-1.7692456,-4.26408,-0.15940157,-1.1970398,-1.5010074,-3.311853,-1.1597121,-9.355739,-3.958502,1.1414949,-0.83813536,-0.41121334,3.8290412,-8.183808,-4.5664754,-11.039723,-1.8579592,8.060498,1.404725,1.9299793,-6.378304,-3.4449859,5.2011676,-2.3596926,0.9058797
88,-5.4011006,-5.902057,1.8146887,-4.239508,-1.8935772,-2.0846786,-1.4409847,-1.9163423,-3.5983725,-5.139574,-3.7482648,0.5351308,-0.4715091,-10.481029,-6.339658,-1.7879828,-2.3845785,-7.150134,-5.5832915,-2.3382459,3.5173068,-5.111642,-3.0957177,5.8201756,-3.0594656,-1.7355747,-1.7552954,-7.0286345,-0.71036994,1.1751293,-5.2684975,2.2426484,-5.252193,-1.8346415,-9.074583,-2.4802556,-2.0547225,-5.6349235,-1.5075572,-6.74518,-2.8839538,-4.3680916,-7.2408395,-5.62719,-0.15575272,-10.460579,0.13356832,-2.436898,-5.8405595,-8.120077,-4.646592,-8.510551,-5.9366875,-8.002719,-2.8180022,-4.2903447,-2.3577409,-8.844646,-2.910146,-10.946444,-10.826839,2.1738174,0.36801282,-5.0849123,-8.563749,-3.4464443,-4.101096,-1.5608028,-1.483994,-0.30815247,-5.5020385,-7.127111,-7.1427207,-5.0254626,-1.2305936,0.20879063,-0.30737454,-5.6998053,-1.6855338,-4.438694,-8.3132515,-4.606129,-2.8507311,-4.0292687,-5.060442,-1.5761628,-4.595017,-2.6003122,-2.0321634,0.0077223894,-0.061790675,0.00046605116,-1.2262086,-2.3579457,-5.7947164,-4.684656,-2.8622565,0.16778652,-3.2301648,0.45605093,2.3036933,-2.5465171,12.970029,4.759145,-2.728239,-7.299509,-6.408151,-7.792514,-11.629563,-14.092348,-5.299344,-5.527955,-4.564799,-3.5740752,-8.252247,1.3423567,-9.024121,-6.5679183,-14.703976,4.453772,-0.64629596,-0.4650526,-4.2942657,-3.4436598,1.0091331,4.4660077,9.426834,-3.5041044,-7.3278103,0.40657943,-1.1739043,-3.0111928,0.14324741,-1.487326,-1.8104429,-1.2520015,-4.4290504,-6.846601,-3.4582293,-4.937433,-0.7615779,-1.7736421,-6.5858073,-7.514951,-4.319272,-3.4144306,-4.8269277,-5.230102,-0.26179186,-1.9663035,2.008159,4.2378507,-0.8480324,0.62522167,10.11659,0.29775056,-13.246573,-1.5131066,1.4824523,0.18567729,-4.6241508,-3.6181948,-8.176757,-8.871385,-3.7573724,-0.7626229,-8.945283,-4.692051,1.2325828,-3.854359,-3.3552995,-0.14586708,-18.9791,0.053753354,6.5121922,1.4123418,-0.16664018,-0.52349687,-4.669912,-3.291181,-3.193055,-4.617631,-0.71166974,-3.8100579,-0.8042785,-1.7221158,-5.056373,-0.791459,-0.1818835,-6.2975774,-1.4186392,-3.933733,0.8562284,-7.930972,-5.5885425,-1.7778182,-4.04588,-6.9747195,-1.2988411,-1.7950912,-0.37201145,-4.772818,-3.5160282,-3.452192,-0.7910942,-2.255463,-0.16992854,0.08288653,-3.2543314,-5.9604893,-8.387239,-0.056511633,-9.102802,-8.859046,-2.3910482,4.876062,4.2745047,-2.2964764,-0.8301137,1.8097491,-5.5147843,6.4236193,-10.688471,-5.190973,-2.3533156,-3.5089111,-3.602555,3.5223932,-3.1826518,-1.5389413,-2.0698378,-4.972016,-4.188616,-3.5617778,-2.7145197,-2.4276452,-5.9640427,-8.884442,-10.477944,-7.2576704,-19.606224,-1.3343189,-3.8478048,-15.64943,-7.0140357,-10.368917,-3.3855789,-3.6382327,-2.5712123,0.7414192,-2.8443344,-6.2557917,-5.90807,-1.0191512,-2.0742989,1.4764767,-1.8408514,-5.674509,-5.6627965,-6.06944,-3.420744,-5.926408,-6.4617705,-3.9680758,-8.476674,-5.506333,-4.6432357,-0.9119627,-4.6411147,0.0,-0.50821614,0.9282146,0.32857597,3.0531065,-5.766706,-7.601628,-2.875684,-0.25056568,-3.4021866,0.12663332,-1.0325698,0.16382581,5.174357,-7.3630333,-0.5005682,-4.2175064,-0.7856944,-5.4056,-8.9102125,11.342063,-9.538447,-2.6796725,-14.240205,-8.318249,1.575284,-7.157355,-2.640461,-4.149848,-6.9597216,-1.7004607,-11.56263,-3.7341275,-7.801606,3.864998,-2.2172058,3.888468,-0.7485504,-9.90338,-1.6396545,-0.3188856,-2.7399385,-1.4463612,-2.8773072,-0.01091206,-1.9915245,-3.3229027,-3.5940566,-4.1869054,1.9092311,-2.2324977,-0.17407078,-0.50016177,1.536556,-5.88888,-6.0881295,0.7554472,1.5197036,-4.0914526,-1.0328797,-1.6774032,1.6147588,-3.6936977,1.1796921,-4.9245534,0.38927445,-2.241462,-2.1098628,-3.4957118,-0.45678836,9.212113,2.888291,-3.6028562,-7.07818,-2.7221212,0.30589628,-11.855645,-5.914568,-2.3698707,-9.412043,-5.25996,-10.71302,-3.6983173,-3.1156104,2.5518117,2.032778,-0.4450827,-4.0012984,16.286924,-11.948905,-7.9007344
89,-3.7501702,-5.650704,-5.9150376,-7.1008825,-3.1991222,1.5512956,-8.291542,-0.87371874,-2.4986517,-1.27841,4.194782,1.4232372,-1.304403,-8.525129,-8.318877,-4.4884105,-8.541704,-10.071613,-0.5864622,-3.498547,6.126866,1.7332258,-5.8811936,0.13026509,-3.2199364,-2.2369273,-1.5409616,2.0339286,-2.2426078,1.9832795,-7.5798407,2.8494725,-2.738252,-8.035371,7.8931966,-3.3383434,-4.629878,-8.463254,-3.2885792,-5.1774235,-0.35144362,0.84917796,-4.661567,-0.51906073,-5.3720565,-1.0346956,-2.562857,1.639534,-4.5522985,-5.6657133,-4.4505444,-4.0671096,0.95733744,-2.5120962,-1.4184732,2.480592,-5.32994,6.1799126,-5.801999,-5.888446,-9.251314,6.113665,7.3376822,0.84163314,-10.022939,0.32123142,-2.171029,1.6471434,2.1800976,2.5701215,-2.8732076,-2.0995858,-1.3245615,0.004948336,-0.42739052,3.7788603,-0.24661781,3.4448273,2.933412,8.853454,-0.7662971,-2.050867,6.1558905,2.9738238,-1.9063256,3.6331532,2.4699273,-3.0011256,-2.273485,-0.05622669,0.27668884,-1.1888129,-0.6530216,0.80409676,-11.990254,-0.1311648,4.265527,0.05672013,-10.113913,-4.47354,-3.991492,-4.676364,11.330387,3.2761803,-4.720116,-4.394533,-2.6577778,-5.005922,-0.14754799,-2.8770454,1.1769797,-3.8799102,-4.7543836,-2.3225284,-12.2815,-0.30300748,-7.3294234,-9.058956,-9.359322,-2.304397,2.1425917,-2.7759745,-0.4069527,1.1992567,0.68380797,3.5833604,3.1804452,2.224053,-1.8118865,5.052739,-1.1913791,-2.4108047,-0.5938386,3.496447,-3.2126424,-3.8408403,-1.3008814,-7.768968,-4.6152716,-5.636597,0.840289,-1.0418375,-4.425347,-3.5734217,-4.1006403,-3.862078,-8.6864605,-4.993416,3.286118,2.9552498,4.484225,4.2171035,-1.9728684,2.4716406,0.62522143,-0.21093202,-9.736522,-0.3172869,-0.5131196,-12.441696,9.26859,10.538361,-3.762092,-3.1058877,-1.0991728,-2.4453301,-2.502592,-11.935557,-7.853654,-1.2781464,-3.0330126,-0.28727743,-3.7321675,-6.609237,3.024046,7.3398557,1.0967962,-1.4820646,2.2028735,2.80525,-2.7274303,-0.8420368,-2.1729078,-4.6504903,-1.5310395,-1.5310968,-10.2410145,1.2574873,3.061005,-3.5601268,-0.3151075,1.1436034,0.11181075,-14.391145,-9.041281,2.6761491,-2.734487,-6.177296,1.6618129,4.139185,7.313443,5.344445,-6.455421,-0.6919687,0.68569094,1.5740212,5.7862186,-0.63128805,-6.213568,-2.5221832,-7.6280627,5.4011445,2.7714958,-0.5030505,10.345937,0.14377284,-2.6359956,-0.42436343,2.3912523,-0.26944137,-8.21044,5.288484,-7.7582674,-2.6803026,-3.780812,-4.6274176,-0.39941308,-0.9280271,-5.3636656,2.9532797,-2.7547874,-6.078284,1.6840122,-3.1696916,-2.2829027,-2.4106464,-1.6163341,-4.7672586,-7.2029757,-5.4845443,-3.252933,5.3189745,0.16366768,-12.325673,-5.1589246,-4.6607237,2.5006583,-2.1270978,1.5246545,2.6639326,1.7867113,-2.76735,-1.6465431,0.18842544,-2.3042603,4.0989413,-1.9626908,1.1290258,1.7802347,-2.141787,8.247605,3.1724308,0.11023586,3.193945,0.08598148,-0.7128034,2.018923,-2.575099,-3.6916385,0.0,-0.17989624,-4.9482675,-1.1995982,-4.522001,-6.5192823,-6.7206683,-0.31888643,1.6972159,-3.4732392,-0.28883156,-5.837654,2.5206356,12.401981,-4.736268,-6.895832,-0.6500713,-0.54901665,-1.8153036,-4.9537587,6.5865903,-6.110756,-4.268523,-5.535961,-6.1129575,0.77920043,-4.329738,-0.98488694,-3.3758585,-5.403994,-3.126118,-14.375841,-5.7753034,-13.128422,-0.61472136,-3.0150557,-3.0299692,6.675588,-0.8763806,0.33453104,-0.5394648,-4.4813385,-1.529435,-1.7833955,-0.115402184,0.60708123,-3.7441697,-3.329322,-3.9785173,-2.4447806,-1.7702739,-3.318818,-7.8987646,-2.6554925,0.21959046,-0.18619722,2.736229,-0.061023388,-5.5369754,3.4404328,1.8236444,3.4877257,-2.589678,0.034562733,-7.675526,3.5500174,-2.7307348,-3.6881351,2.782923,-1.9070058,0.7559338,9.731682,0.06781917,-5.7519145,0.20878863,-2.018393,-2.5695772,-1.3060005,-3.544001,-4.6420975,-0.15032429,-2.426302,-4.241223,4.4767046,3.6313653,-0.6316419,-0.29872614,-2.8039572,-2.4566107,0.84337723,0.179423
90,-2.827471,-12.20045,0.84933287,-1.3918763,-2.2977548,-2.267554,-5.0570407,2.7217066,0.56077373,4.7267804,4.9103885,6.6311193,-0.75154567,-9.583977,-5.9615746,2.3902693,-0.7399178,-4.5242305,1.1257336,-4.746008,-1.5623004,0.10377865,-4.2702255,0.45971835,-4.798136,4.795373,-2.2697237,0.52832466,2.4534218,-1.3823028,8.1241455,-4.2239985,-2.088334,-12.063614,-1.7085193,0.16064982,-0.8752066,-0.8764952,-0.7504822,-3.7023764,-4.934221,0.22231753,-3.1472247,3.062023,-0.44821557,-5.6637387,-2.9927921,3.5248623,-2.3213115,0.43788725,-1.1423807,-0.46753,3.3839219,-0.55584365,-0.15417036,2.686978,4.224588,-2.1358712,-1.0945449,-6.5175295,-2.515727,3.7740953,9.604556,10.725171,-8.540489,0.5686191,3.5432765,-0.71027666,3.1519387,0.9040788,1.0324533,2.3332891,2.7363935,3.16464,1.3241463,1.6185335,-0.28621218,4.763356,2.5698876,4.146554,-2.4020572,-3.2104115,8.884547,6.2294765,2.7561772,9.260874,9.325925,0.02097059,-2.471666,0.056295376,0.15822509,4.9961996,0.06344669,1.067446,-1.2540225,4.317324,10.006983,7.653093,-5.864885,-0.2607144,-9.260773,3.817117,24.22348,-0.2499152,-8.064363,-2.4122353,-2.3770456,1.6368796,1.6377937,6.0332685,-4.124703,9.347236,-1.316518,5.9558163,-1.6765848,2.2019038,-5.0691333,2.2409275,-7.396668,4.6884894,6.4237366,-0.79028386,3.4965076,-0.61449856,6.4825835,6.4682803,-8.528341,1.5680794,1.2859495,9.972942,-0.2511866,0.54713017,3.169205,2.0395825,0.753403,3.6008492,-1.1457732,-6.5798006,-1.4906505,-2.066173,2.4507637,-0.9628388,-0.22760482,-2.538742,3.2753363,1.6405041,-6.780823,-5.37156,3.0741277,5.0644383,7.722433,4.6610312,-4.058412,-6.0766788,4.1534586,-2.112794,-11.492885,3.1853628,0.30693492,1.2115021,10.845099,0.023251325,-0.59832686,2.648623,-15.92028,0.9390265,-4.7781687,-13.462877,-4.1210537,2.2461178,-2.8947065,-0.3537482,-11.360482,6.6017656,1.3305997,10.239233,2.6386278,0.030492455,3.354184,8.904323,-0.2797233,-5.619698,-1.0364124,-2.0830379,-0.27777633,-0.74833465,-1.388246,2.4791286,3.554648,-0.5775925,2.8083022,4.702347,-1.3337684,-7.640148,-4.097924,-1.6380996,-3.9658878,-2.3698337,-4.1888933,-2.635831,1.2115602,2.8504577,-5.2494183,-0.35339415,-2.388376,4.3738317,3.9743955,1.6958716,7.8876243,-1.3223017,2.4840522,-1.8308303,0.43433648,0.24914473,-1.21049,4.175189,-1.6003786,0.97627956,-3.909894,1.7457638,-8.710456,4.288038,-4.589656,0.26396903,0.7143033,-5.180882,-0.70287424,2.0946465,-3.6857817,-1.6272662,-1.208747,-2.5838726,3.990851,-4.146661,-0.14415388,0.4229644,-1.7382308,-5.020736,-8.769913,-0.31871423,6.4890532,7.349135,8.98663,3.68353,-10.791228,4.997862,3.7327077,5.008463,5.8532834,7.0454807,5.6915116,-3.8944254,3.4815238,4.1244693,2.468104,1.6089767,-2.2322075,5.350534,6.8034,5.111497,7.0749445,9.054641,3.8743746,3.6033244,5.581538,10.039388,8.732727,0.99750954,-0.64473134,0.0,-0.50519854,-0.06461403,2.1834893,6.3607707,-1.4449658,-0.12644726,3.0860622,6.053848,1.7968472,4.143545,6.540609,4.2963758,13.372211,-6.3859897,1.6597342,4.0750318,5.684684,6.2615843,2.2493856,8.980789,8.670741,5.6624703,-3.9182646,4.7973742,-1.5962703,-2.1107512,2.705076,7.8169203,0.74059504,2.4373982,6.6644883,4.329532,-2.2509167,6.018502,1.7273523,-1.5170176,15.797754,0.58048385,3.156463,2.0114713,-0.2833713,3.6959984,-0.8292806,0.32105976,1.4944261,-2.1023452,-2.1170633,-0.17541106,-0.2970165,-5.5860233,-0.33260745,-2.1456177,-0.828585,7.368141,0.35811362,-0.79516274,-4.073013,-4.714968,6.257148,3.5470529,7.2094584,-2.83639,0.52318525,-0.1065857,-1.9789122,-1.1338854,-1.9764165,-0.096228346,-0.2952939,5.6083694,-0.59838843,4.296326,-3.5265212,-0.58159757,-3.432475,-3.0619912,0.45524263,1.0096682,-5.4159164,1.4872476,-0.5685449,-0.5932975,-2.720759,-1.8201116,0.9771516,11.234227,4.259783,3.2439697,5.0908875,8.805254
91,1.6104513,3.1928234,5.5565643,4.0408287,0.5995306,-0.5093808,3.2578638,2.8598542,1.3042295,-3.0721693,3.0276117,4.709622,4.984926,-3.3104537,-8.083303,5.5126033,-6.946697,3.007096,-2.5763528,1.1329039,2.182807,2.0545368,-6.0874805,4.6483197,-3.2134583,1.5429447,3.2688315,-0.12773912,3.4502585,1.6119667,10.175407,-1.042078,-8.184329,-8.008034,-2.5170038,2.8024406,-1.1418601,-3.6984017,-2.7627933,-1.5613769,7.821424,1.8925542,-0.4456939,0.0953048,-2.682825,-2.8576734,0.389671,4.100938,-1.1593916,1.3711036,-0.7114422,1.0800012,-4.78446,-1.1617105,3.3462477,-3.7438912,-0.72249186,-5.455288,-9.76786,-4.1377635,-2.5563521,3.9247184,3.1660469,3.8128588,-10.4960165,0.293591,2.7599556,-0.5224175,2.4524283,0.8243853,-1.1561459,-2.0519822,-1.8733063,-1.9573728,0.12608963,1.3052099,-0.53582925,-2.4874506,-5.2767606,5.4508824,-7.821534,-8.600643,1.5349725,6.034182,-7.986345,5.7449756,2.8084116,-2.0058322,-6.2276216,-0.005422565,-0.18418472,-0.53928155,-1.3493164,-2.602137,-8.650498,1.8318743,5.8233943,5.401235,-10.1797085,1.76715,6.825795,-1.4270853,-4.655201,1.2126992,-5.3491054,-5.8237896,-1.7249702,-1.6025835,-1.0712749,7.8047895,-3.4507036,4.1782236,-5.629053,-12.530896,-4.3277574,4.1551957,-3.344771,-0.5426917,5.4139156,0.392731,10.458021,0.3984015,0.2604051,-5.6487503,4.9895873,6.900141,5.2784157,1.2615163,-1.8056446,9.252829,0.21992129,1.2219591,0.6146272,2.99872,0.48172307,4.884511,0.5179333,-4.5570903,1.9157985,2.0414212,-0.5392356,-0.7297662,1.3717486,-6.5178204,-3.0209014,1.7553223,-5.4376035,-3.8189282,6.7736645,8.575559,7.384483,3.9153628,7.2738853,8.002182,8.552644,-0.20231679,-6.2446017,2.1986804,-0.9180367,2.7186024,4.4640336,19.524345,1.7605855,-1.482355,-13.133534,-1.2302314,0.31688684,-1.2395786,-3.268093,-1.013384,-2.5665786,0.007166051,-9.1988325,-6.1822567,2.8424559,5.925806,2.9707012,-5.5973673,1.7602459,-0.44485745,0.61070234,3.067674,-0.7091448,2.9323902,2.801527,1.0953839,-0.663218,3.0367825,3.3838904,-3.1206768,1.1405572,5.136006,-1.5862015,-2.8160567,-3.1186206,0.90452766,1.5701525,-0.37785238,-2.1321182,1.6690525,0.73988986,-0.9909529,-2.167651,4.6623206,1.3052794,5.4128327,2.8094816,-0.55521065,7.224152,0.4359814,4.1331,-4.0401354,-3.937609,-6.529636,-0.30590504,4.2263474,4.092313,-6.391839,4.291065,-0.679244,0.30549255,0.502485,-5.37696,-2.27735,-2.5532253,-1.9851145,-3.5991452,0.8764299,-1.8355913,-0.24681538,-0.25525835,0.2841499,0.03676375,-0.083560556,-2.5644474,-2.4768045,3.1290596,-4.184032,-7.77641,-3.498146,4.8017745,4.3214593,9.892791,-5.96159,-10.8243885,1.6552165,4.307876,3.7099786,2.3527431,3.6226225,2.0756216,-5.3665104,-1.8362325,4.2505207,0.8072988,2.092197,-2.5538805,1.9896742,3.3516912,-2.810395,3.9355986,7.193562,-0.87588465,0.7787247,-3.4675481,12.344425,4.3208785,-1.1165389,-3.5022984,0.0,-0.34716535,-5.079828,-0.19955155,-1.3929169,-5.443326,2.8044255,2.5962107,2.0881963,0.956475,4.0663505,5.64946,-1.9642198,16.403921,3.3924398,1.3251871,1.2996304,-1.011108,5.000078,-1.1779034,0.02249095,5.7497444,-3.7739651,-3.8636415,-9.307434,-0.2053193,-3.2443876,5.803822,-1.5886405,6.618575,0.349741,4.18691,1.8031749,4.7137985,4.484156,1.3286697,8.9715805,-0.062267996,-2.71077,1.9127059,-1.9511918,1.5236193,3.3683712,1.0098552,0.7224276,-4.1008677,3.87411,0.6012753,0.15404151,0.09294951,-3.547716,1.7042418,0.013848532,-0.0742254,2.263401,-0.736423,-0.12236924,-2.430925,-1.7856419,6.97821,5.888859,7.523994,2.9868495,-7.955511,0.8177272,2.194992,-2.936048,0.3875158,0.11186814,2.2043905,9.418648,1.2168719,1.4186677,-4.1860614,-5.7149873,4.7798433,6.657433,0.97378945,-1.0402632,-9.951404,-2.32243,-2.1431963,-0.8179788,1.4362919,0.49065396,4.648176,3.5690646,-1.3268744,-2.9497893,1.5506471,1.6202658
92,3.4625936,-0.09128637,-1.8546957,2.5331225,0.14086851,1.4588511,0.85247004,2.4285183,2.6194708,-1.4658127,7.9571347,5.7726994,1.5881697,-11.187045,-7.9847536,8.191347,-7.200497,-3.266336,-0.031784154,-3.9199035,6.9873385,12.891516,1.7886124,-1.1313971,-1.4009782,1.7634441,6.14257,5.072777,3.3438554,3.7459795,7.157781,-10.517404,4.641638,-5.0092573,-2.823286,-1.3661584,3.4926517,-1.279605,3.167879,1.6128731,0.5470576,-1.8072734,-1.7063156,1.0398958,-1.3981001,1.9998362,-2.4943094,0.051589526,-1.6509857,-3.5445175,0.19675139,-1.1062617,-1.7003598,-2.3611162,2.910862,1.0339906,-0.35219607,6.281849,-0.81959987,-1.3572719,-7.19263,4.8857675,4.680272,0.9874056,-8.62829,-4.430272,0.7579739,3.9945576,6.0551944,3.094953,2.8623412,1.318833,-0.26032078,3.49847,1.9240783,2.2761338,0.000259987,5.161506,0.7194778,12.968844,1.952768,-3.700334,6.039123,4.9021907,-2.4711938,8.392231,3.164181,-1.1795104,-1.5852042,-0.06226645,0.089374185,-1.9162451,-1.2088805,-1.2319925,5.9542794,0.023481987,6.7703247,3.7440925,-6.0967965,5.676056,2.6555197,2.4423592,4.152782,7.048545,-0.6858613,1.0219417,2.6962278,1.078,-2.8682728,13.154864,-1.8115985,3.5724714,2.9273744,-16.052374,-13.980932,2.6661115,-0.072421536,-11.235921,-16.607204,1.2578561,6.8749795,-2.7764242,0.48330522,-1.7590159,5.9483323,10.572696,11.79713,7.694602,4.512,12.721935,-0.5240854,-2.1502988,0.68673635,2.5093017,-0.004126285,3.110774,-0.8075414,-2.1761432,5.4711,1.4641228,3.5432222,0.053904124,-0.19890061,2.0983346,-0.37792662,2.0980792,-5.3912024,-5.2927823,6.383818,14.934397,4.524268,-6.2974052,4.4484606,1.6248273,8.959376,-7.7069306,-4.598405,2.916118,0.29829684,9.598697,3.4408536,-0.31852967,-1.8329378,-10.3211155,-1.2526263,-1.1090928,3.4795527,1.3228378,-0.15408966,2.2735083,-2.8128262,0.064013414,-5.324112,10.614308,-0.29862636,10.707973,0.12731338,0.3651476,5.0879645,6.0330725,2.9563856,-2.0818253,0.20525408,4.784918,2.4318726,2.1538284,-3.6948137,2.2575552,3.4205515,-0.9078677,4.5185776,7.1093326,2.14851,-6.524008,-2.3637412,3.4323518,-5.825809,-1.4268836,1.8760747,6.5560546,2.2862096,10.298716,-4.093161,3.6650267,-2.455063,2.5260427,0.2943859,-0.9383235,8.180921,2.1843805,9.757825,0.08352537,5.0365796,-2.092467,-2.9358773,4.5666866,11.082927,-1.57937,0.36513504,6.173556,2.6855624,2.2576072,-3.9619718,1.1659362,-1.3591037,-4.2731166,-2.2695696,4.080087,-0.39469954,0.57217574,1.8078281,-0.8666367,4.6627607,-1.8466996,-1.1040968,-0.9821318,-7.6037993,-3.3615103,-3.6045256,2.9876258,5.1705356,9.505292,10.265874,1.0277803,-6.708939,-12.573126,1.6526335,5.037733,6.647471,4.928498,-0.17194022,0.29079616,1.4295892,0.1476802,-0.08624342,6.225897,0.017516803,5.6481028,1.0774978,9.891713,8.964219,4.684719,0.5446491,0.4076638,7.337966,8.798182,8.684638,-1.2608467,-5.8447113,0.0,-0.3039885,-0.654176,-1.1532627,-1.309102,-2.599616,-0.025392681,3.9555333,0.38859037,-3.7755272,1.3897666,1.5535777,8.264792,12.827606,3.6237922,0.72773516,0.9791932,2.265477,13.757216,0.99135137,11.352904,2.7498772,2.694893,-2.0318956,-3.2881806,1.3747185,1.8889375,-5.634892,-7.2853956,-6.9475574,-5.255346,2.3937764,-5.4903693,0.961994,3.2844088,1.1309104,14.869376,1.7297342,0.9261777,5.1096864,3.272165,-3.743764,2.5502067,3.087094,0.89503384,1.0622182,-5.087736,-1.7521669,1.9874841,-1.0048858,-2.9045591,6.8862467,-2.3057563,5.3115573,-1.211096,-3.99651,5.9070363,-2.6396725,-5.196579,7.5609074,3.608987,7.3892717,0.60319024,-2.9261596,1.4926261,2.3079882,-1.7850305,-2.666926,-0.6412399,0.73262113,3.9086008,3.5421085,9.630507,-3.3713682,-0.5823624,3.1248972,-1.5597214,1.7551193,2.1900892,0.709541,0.86280805,8.465701,-2.6986394,5.575816,-1.0843034,2.0629997,1.016752,-1.0710123,7.3063984,7.105657,8.99026
93,0.42751336,-10.732907,-2.2543302,-0.76964104,-0.7077441,-2.643173,-16.564611,0.0062311618,0.62930125,0.9203234,6.4775977,6.803044,-1.3815237,-8.075927,-7.602769,1.0939823,0.3844218,2.0537765,-0.9143291,-1.6269946,-4.787813,8.614788,-5.3939805,6.088637,-1.0925391,3.8143516,5.7952194,4.71074,1.7480056,12.171006,11.805213,-0.113246515,-0.50325155,-10.138145,7.4320097,1.5104307,1.6736794,5.217149,-0.14317912,-6.7451386,-2.1628082,-2.7146242,1.2639738,4.6944647,-3.0472395,-2.5057983,-2.201397,2.7460797,-1.6091248,-2.2721903,1.7647349,3.7865138,-2.235438,-0.6801302,-0.11841981,-1.9992983,-2.496231,7.12266,-3.1573818,-1.5609614,-1.9118186,7.9575543,7.5921974,3.1811385,-3.5851107,-0.6453053,5.5958104,2.7852502,8.224644,3.576843,0.75100756,8.583459,4.3400803,3.55952,0.4156289,5.297736,0.123244345,4.631396,4.326646,7.9908986,-2.5411625,0.3242312,4.049863,11.204426,3.5133731,10.159891,15.648291,-1.8176527,-1.0492293,0.028910302,0.2806498,0.02088599,-0.3435215,0.78083587,-6.035946,3.9374495,7.491531,6.825701,-2.1260467,1.5051813,3.4569135,-6.0328045,2.3491826,5.6756473,2.9532523,-3.2866275,-6.519563,1.2053136,-0.8286815,4.780728,1.1104076,4.3749566,-3.7723284,-8.712536,-1.4686985,-1.3470733,-3.4741101,6.634487,-4.3953166,-0.95554835,-0.58187515,0.5112413,4.3575406,-3.7699506,5.678821,0.7583307,-0.719627,10.225142,5.490284,19.8478,0.33483762,3.6396968,1.2998667,6.871475,7.938989,6.118724,-0.13332161,-4.8218193,5.4455895,3.5684824,5.556028,1.0621792,4.804038,-4.0527225,1.8834447,0.36139596,-5.488768,-0.9278586,8.168063,10.729997,9.450843,1.0664225,-2.2566512,-0.87669593,3.7512946,-6.8750925,-2.4658806,1.4896677,-0.4019457,-7.3284554,9.309467,6.263186,-0.971268,-6.8632126,-11.281824,2.0630004,-6.525426,6.946579,-5.9692326,5.432455,-0.341938,0.2626286,6.686847,-2.5948882,-3.4246306,7.227274,0.84524775,6.7502112,0.5912948,2.9294784,-0.0052809827,-1.5809172,-9.317614,-1.4578823,-0.65263546,0.7197189,4.3468575,0.5377614,1.038571,0.32532358,-1.1222762,5.094934,-3.9665208,-26.223303,-8.925378,3.0119066,-3.7043898,3.8422616,-6.1901145,-1.346579,-0.8123819,6.4593425,-4.1031675,-2.5681264,0.493739,3.7017455,7.393648,-2.3545475,7.113966,7.078632,2.3674977,-6.3062,1.1562135,-2.2186823,5.7973304,1.2923235,7.524481,0.7251265,0.38370836,-1.6891268,-4.742106,4.40441,0.8475049,0.8945377,5.529788,2.7253187,-1.5119066,1.286326,-4.12442,2.0245333,0.18826737,-1.2127948,4.8671217,-1.7186182,-1.4842536,-3.4709737,-6.274866,-6.1951313,-4.8488536,-1.8998775,5.8741455,12.169503,14.683961,-0.10058939,-8.041333,1.3503165,3.3228774,4.964155,8.766554,7.7268577,3.8058534,-2.8038633,1.8659822,1.5851796,2.239173,4.682102,-1.230495,-1.0306131,8.493211,0.31192014,2.3057375,4.819277,-1.059228,3.0703104,7.9448833,11.061801,8.63208,-0.5333076,-2.9525928,0.0,-0.41406825,1.2060462,2.7476869,-0.119037524,-2.7833054,-5.8048024,2.6254272,0.23562154,-0.07675983,2.412008,-1.1490139,2.037741,2.1776073,4.426157,2.0756538,0.8071215,6.498821,16.637457,5.3179445,5.7711215,7.7614446,2.97703,1.461189,-7.3439317,0.78067553,-5.1265707,4.1633377,0.22830912,-1.453838,1.624653,4.4725876,0.47264254,7.7180176,10.6438465,3.9943035,0.02890689,7.402017,7.219934,0.4631435,0.10446359,2.9829829,4.5893626,2.3404102,0.264347,-0.4686225,5.8892584,-2.1140459,-1.1945903,-0.73985773,-2.8707294,3.8588321,-4.024739,1.5290929,1.933067,0.78154534,0.80675894,-2.2400253,-3.2240636,7.2880626,6.4187922,7.0736704,2.85363,-1.4714857,-2.8166118,-4.3584538,-3.1480474,-0.7890843,-1.2787393,-0.5295928,-5.7089367,10.332986,13.339965,-1.3156774,2.0645912,4.641645,5.4640675,-6.69648,0.6555689,5.9010596,3.3734388,2.8617864,1.9911354,2.392901,-0.10668105,1.0060464,13.650217,0.8195372,-0.8939795,8.807601,11.399007
94,-1.7978142,-5.292521,-3.2433553,3.1245646,3.2362936,-0.47507682,-2.932785,-2.9153202,-1.5392073,-0.9874386,9.252535,7.0023155,0.28010178,-10.563749,-7.308438,4.6310735,-0.79056257,7.805472,-0.19177365,0.29659677,-2.3757274,-3.283206,-0.19124956,11.860122,-0.11355215,0.9993807,7.9840956,9.314388,4.1280556,9.679393,8.380801,1.7693197,10.046099,2.173518,3.2434754,4.566336,3.4288821,-2.272736,0.015409127,1.3049587,9.042914,-1.884737,0.34201333,0.64956486,1.9780195,1.1806351,-0.6506574,-2.9370267,-0.7081336,4.902954,1.488816,-0.41335842,-5.5407057,0.2754705,3.4986572,-5.8069067,-5.131188,-5.482244,-2.039271,-3.167613,-6.5284047,2.1466615,2.2289054,2.2839437,-14.9805355,0.33753467,-0.7843506,4.867181,1.3532543,-0.51091754,2.9353263,-2.0178063,-3.6788652,0.41854712,-0.55213135,-0.3619113,-0.40052375,-1.812894,-0.004119906,-3.2236185,-5.2357917,-9.255824,-4.379816,0.92595327,-8.121044,4.8929634,2.5806353,-1.0567474,-2.326254,-0.003042462,0.25404125,2.7214181,-1.3363445,-0.03907563,-0.6725365,1.5637461,5.800209,3.8277857,-7.9483466,-0.8423357,9.893542,-3.693243,-10.094238,4.7909875,5.136865,-6.938937,-6.624536,-11.027971,-6.9523206,3.366378,-3.7227128,3.6480417,-8.183691,-11.797564,-0.9362121,0.2585835,0.17733224,-0.98634654,2.449287,8.856894,7.1991377,3.3647573,3.0856082,-0.7471155,8.842887,2.4433217,-3.5995789,15.155587,9.215457,22.054062,0.54438055,2.3717759,2.3293567,4.11394,3.016902,6.296882,1.9714926,-0.5928469,11.408523,1.1818799,7.666423,7.9565353,4.252207,-0.817777,3.5331528,-0.02751831,-4.049044,-7.96103,4.0589557,15.138909,3.913687,1.7708311,-0.5116248,6.2802534,6.2118487,-4.3636684,-9.118263,0.009591997,0.62355214,2.909428,12.217446,9.04824,1.1237178,-7.676778,-8.322284,-6.033511,-1.9063929,0.91202176,-16.52106,-5.8775573,-4.1347933,0.20481843,8.302829,-6.872157,0.37843657,10.369735,0.7231076,5.385342,-1.3664507,-1.7989824,0.2053757,0.8291188,-7.1203713,-0.84938556,1.6034048,3.2528644,6.160498,-0.2465967,1.9559793,-0.23705778,0.37737042,2.9653976,1.2279831,-6.474872,-3.4718025,-3.5644517,-1.6096554,2.3435805,5.639092,2.2859929,2.836235,-2.533893,-3.2275717,5.226498,-3.929882,3.6494696,4.9489226,-1.3342968,10.711806,6.3768063,-0.31498203,-6.0601377,0.51521957,-6.281669,0.21292941,0.19356748,0.87510777,0.17168792,1.5441595,2.5790398,4.703196,7.2841344,-7.354771,-3.1127057,0.36909267,-0.24305704,1.5828589,4.1935253,-0.22875573,2.5183153,1.1220509,-0.27525026,5.1341033,0.76603734,1.7107925,-4.38442,-5.5002704,-9.776921,-4.819735,2.338371,3.9899101,5.6382875,3.075104,-4.199432,-9.757286,-9.467537,4.2823257,3.032508,-0.90379333,4.792703,-6.557695,-8.723865,0.23379943,2.5272696,2.37829,-0.410374,-2.2289186,-0.74776363,3.0290632,1.6883087,-4.5756607,-0.3157863,-3.5453072,-0.8443567,-5.2274647,6.7349515,-1.3705428,1.1265775,-6.739196,0.0,-0.6509562,-2.2487216,0.54344887,-4.3611007,10.891118,0.49085,3.4784994,4.186737,-4.8587675,-0.18957543,2.2444344,-6.013084,-11.273013,-3.8433392,0.6978199,-1.9113058,2.5056016,-2.623345,-5.5192595,-3.8090253,-3.4093878,-1.1944798,-7.1080556,-4.217412,0.52085936,-0.73245984,3.6113932,-5.659558,-2.060334,-1.0674983,-8.595756,2.846041,2.5859537,5.078932,5.323426,14.455086,5.375227,1.1362036,1.4230677,1.0806444,0.009812045,5.625731,1.5199336,1.7904999,-3.4182572,1.5617987,-1.0688708,2.2264977,-5.5249352,-0.26515144,2.5474808,-4.8495116,4.0072956,-0.9568166,0.8773612,-0.4969634,-1.2252878,-3.023538,6.5172467,4.9463053,7.590973,-2.2577257,7.679523,5.690584,6.44227,-3.648836,-0.83216053,1.7989318,3.0034702,-4.25207,4.8770723,7.8511176,-3.989033,2.925541,-3.6949604,-2.8342795,-2.8857691,5.9177923,-11.695446,-5.299028,-2.5625176,1.6874104,3.2240872,3.5255315,1.7417747,10.34271,2.1722,4.4077063,-0.80029094,2.1792552
95,-5.691039,8.233196,3.597791,0.33623314,1.3390605,2.3147054,2.6978848,-1.1614336,-0.57354045,-2.9455986,10.281449,2.1167822,-1.0034394,-9.3294935,-6.569352,8.985873,1.5726295,1.8351685,0.6509599,-3.7978945,-3.5724008,1.3014129,-2.950219,-4.041091,2.2735565,-1.5789456,1.621184,4.9321404,4.239214,7.2776966,5.538914,-0.9150919,11.434063,-3.1450155,7.1635633,1.4453508,2.0927022,-2.0794039,4.066913,1.0465145,-1.1331083,1.9645501,-1.1496104,-0.37590998,-1.361893,1.1033095,-4.078876,-7.763772,-5.6981893,-3.8829157,-3.2616882,-7.018635,2.0767558,-1.7801539,0.20653512,-0.08276305,-5.5210276,-2.416779,-4.565474,-9.171285,-4.914241,0.80730575,-0.9896853,-5.1177764,-11.118631,-4.935468,-3.3905337,0.9631751,6.243578,5.8482223,3.3421216,1.385381,-5.121085,2.2682986,0.4306134,-0.47434,-0.17404033,2.4938667,1.0882578,3.6131322,4.2792006,-1.3520484,-0.45857862,-0.8727805,-2.7015004,5.1810017,4.8556433,-2.770116,-0.1588353,-0.17184208,0.05574337,-2.7069378,-2.3779838,-2.6334438,-4.646111,-0.46628636,5.1923733,4.4258556,-0.46122634,-2.8207157,9.502085,-0.94086194,-21.103586,-5.871234,2.2889974,-6.5979238,-2.9205854,-10.329548,-5.930363,7.955415,-4.3051014,-8.786287,-4.5640507,-30.524214,-9.934625,-0.9876061,-1.6101404,2.1087148,3.4187698,12.17302,-22.426992,-0.7699238,3.7065048,-5.571474,5.131466,-0.06119153,9.414501,7.7248116,9.293167,9.053316,-0.95647323,1.8932725,3.2843943,4.640231,0.16007207,0.498731,3.8649487,2.7758696,7.206602,-1.4306824,-0.36423796,-0.5496667,2.8290198,7.912043,3.8197227,2.254737,-2.2975342,-5.2424006,7.6396174,21.665226,4.9542203,-4.79926,-5.144474,4.396022,5.7578444,-4.0995264,4.6197343,4.730914,2.1347513,-1.0804107,6.7022786,14.678189,-4.879122,-9.865095,6.133777,-5.138251,2.5961378,1.6852086,-8.224985,-3.1072357,-4.417663,0.15105918,9.880431,-4.951852,-0.98952305,10.614068,1.8522621,0.27294734,1.403333,-2.8544803,-5.905835,-7.3687835,-8.338226,-3.1485674,-1.7647583,1.5557246,0.7533863,-1.8737483,1.3711314,1.2119625,0.24357946,0.41171774,-0.06103126,-8.733518,-4.783957,4.134297,-2.3147497,0.46079585,-8.747561,2.4898248,1.3936781,5.4464593,-0.9461995,5.325586,-2.3997498,-2.8521996,3.7338405,-3.470021,11.417841,9.371847,5.6267734,-6.7146544,4.484732,-3.9861655,-4.3135853,-0.47325784,2.755522,0.7672207,-1.0226505,-1.4318764,-0.63877404,-2.7947333,-1.776899,-0.061652564,-1.9132053,-4.3177752,-0.23822923,-0.17516278,-1.363855,-1.5239953,1.4448063,-1.103439,1.573276,-1.8187307,-5.2681937,-2.6238744,-8.17672,-4.6133347,-4.809127,1.1127412,1.0201346,-2.2360282,0.3337176,-9.012139,-3.7644584,-16.733738,-0.24171716,2.6781538,2.9214659,0.89728343,-1.6159378,-2.273334,-0.47432527,-6.448258,-1.6884779,-1.7957778,-0.24771437,-2.4485235,1.2621568,3.6644323,0.736471,-0.104448974,-4.1987205,-2.335849,-0.35686526,4.6236157,2.392548,-0.8592023,-4.69918,0.0,-0.74380887,-2.9882529,-6.8609834,-1.7206161,3.1050334,6.777189,6.3888493,0.26581657,-8.96509,-4.662223,0.0882754,-2.5264964,-6.6535616,12.261687,2.8855894,-7.7509084,-7.654343,7.801669,-3.439724,11.22618,-3.6236386,-6.3919797,-14.980426,-8.81442,-10.081135,-0.06219515,0.75801146,-6.0547514,-5.1422887,0.72467947,-14.268603,-2.3116276,-4.6951804,-4.295139,1.244131,3.3853295,-7.4722395,6.073156,-0.48197868,6.8270946,-1.3675729,9.534288,0.32684824,0.9644329,-3.727304,2.556803,-2.1309595,-4.1604614,-3.4664164,-1.6416745,5.383395,-6.672524,5.577268,-6.4236646,-3.6530888,4.2780943,1.6881515,-1.1036564,6.6269736,6.6095257,6.734722,6.1942935,4.6618137,-5.310236,14.755177,0.93705297,6.302706,-0.9285169,2.911802,12.067353,5.4915404,3.7676094,-2.4333656,-3.4688509,-2.1035695,-3.6778965,-1.1264263,-5.86001,-0.7649305,-1.5958364,6.2414775,-1.4522743,-7.2438335,5.829607,-2.1320238,6.948991,0.6211974,3.0836327,-4.5234284,4.4677615
96,-2.2229078,-6.4478574,-1.2993487,-3.6210787,-1.20943,0.96990895,-5.836503,0.82234526,1.1339849,1.1570541,7.5770974,4.1131697,-0.8066031,3.6743963,-7.584013,-0.77857053,-1.4840872,0.63256794,-3.9335198,-2.6149902,-2.0759137,1.3682053,0.19845024,15.884884,-2.8004022,3.2578163,1.7684392,2.7445195,9.103823,4.9994545,3.1060903,3.279721,14.206507,-7.305155,-1.1119272,0.15757802,2.74742,-0.08718558,0.015437704,-0.725213,-3.1982892,2.1512942,-2.0143256,1.7224368,3.6733372,-0.1951538,-3.2932756,-2.307768,-4.7199917,-6.6632905,-2.0823169,-2.3945835,-4.283425,-1.8701575,-1.041005,0.3060412,-0.4732679,-6.722476,-7.2298274,-0.7797807,-1.3764917,6.691601,2.5151439,6.3979387,-2.344316,0.97995675,3.125383,-0.022289382,6.945109,4.9406605,4.0419607,7.050482,-1.0757602,2.5916243,4.6834064,-0.7734313,-0.40403244,3.6015568,-0.37515986,4.926983,-0.7512383,0.48988193,-1.1194217,4.568844,4.813704,3.975658,11.423391,-0.17121695,0.07550585,-0.08015633,0.16473703,-0.027664207,-0.024575515,3.3794012,-9.9313,1.8444222,4.8536596,4.940885,-1.7130718,1.550211,1.5862153,8.154259,26.801537,-0.19202918,1.3879744,2.2971942,-2.4365664,-9.02642,-3.838414,9.675516,1.0889771,2.4006054,-1.1401343,-10.462971,1.1602314,0.58540374,-2.948449,-4.3761926,-3.443704,-0.88359416,-16.269827,-4.6753054,5.018518,-3.7315798,2.0781038,11.951462,13.668184,13.180851,7.4587994,15.521466,-0.061780382,4.1932726,5.627826,3.5935245,3.068657,3.756939,5.0672693,2.7953105,3.4492211,1.2151564,-1.2749267,-4.296531,0.9078006,2.1479466,1.0803933,-1.9930568,-3.3761673,0.9576119,5.0808263,17.12284,2.4860466,-2.6124272,-8.661111,-5.662973,2.0214355,0.17036015,-5.47787,0.8762071,1.5168982,4.1487203,-2.0962346,-0.8541626,0.064353675,8.554771,4.1927896,-4.054869,9.391681,10.082676,-1.0550128,3.4560263,-3.3130357,-0.023577455,11.432401,1.3223103,-2.5376337,14.638782,-0.7214181,1.5975958,-3.2988753,-0.8644571,-1.0001763,-1.5763646,-7.6691585,-4.9638557,-1.1783421,-1.0657487,2.8029077,-0.2906304,-0.3841265,4.140024,-0.41903576,0.6521658,0.13291204,-18.140083,-4.0765376,-2.1788356,-4.8055973,1.4824872,-7.8179398,-0.45017704,1.9584672,3.8718019,-1.4615796,1.5315951,2.061335,1.4944266,-3.3798392,-0.53292227,4.921468,7.313249,-4.554348,-1.6324909,13.262468,-3.9796522,-7.459859,1.7773733,-5.119783,-0.8107521,-0.7155286,-1.081027,-3.9805048,-2.240836,-4.314429,-1.0296208,0.5935669,-2.4243186,-0.62817377,-1.1324828,-1.9927485,-0.32598948,-0.81014854,-2.2707176,-2.3214474,-0.6844066,-1.752361,0.83329684,0.044762306,9.166291,-0.3752979,3.2627435,10.354832,7.002082,7.9112086,-2.5773773,-7.2586174,-2.7203681,3.5408,5.741626,3.1300845,6.550561,3.0596414,-0.69990623,-0.61598086,-2.049611,-1.296475,-0.109413415,-0.97048,3.379776,4.8120003,9.485266,-3.51969,-1.3173642,-4.776114,-0.011150154,3.4792929,6.223792,4.503504,-0.62228656,0.3116408,0.0,0.1577674,-0.41014338,-1.2618883,-1.6164098,-1.7569386,-0.99526435,2.9644735,3.680025,0.6222986,-1.0328889,-4.8181343,2.2863977,19.423098,-1.771537,-2.087429,-0.12643695,-2.084709,-1.5628483,2.5911763,9.954977,-2.6019294,-2.9738605,-13.733159,-5.204015,-8.62299,-2.9164343,-1.625783,2.525155,-0.7939483,-0.515957,-1.0901568,-0.3806307,2.9043124,4.3106494,4.159618,-3.4042184,7.00197,2.1495667,3.7175167,4.420115,-0.16279584,7.379993,3.4583366,2.878014,-0.585052,4.175501,-0.77017623,0.81008637,-0.57173,-0.107952625,10.196019,-8.61307,4.065975,3.5139172,-1.2816741,-0.26950607,2.4107218,-1.7146177,3.7658248,8.982402,4.448439,0.3284028,5.1838875,2.8486853,4.643825,-1.2944324,-1.4894222,0.85695136,3.5601656,-1.5245016,7.9694257,1.5543876,-0.8378119,3.4473586,7.2060604,-4.448668,-0.29142848,2.2990901,-2.090733,0.21779524,0.40259042,2.4785693,1.5151243,-0.09945577,1.1478109,5.953254,4.0043435,14.106399,2.1533995,2.5267773
97,-4.288505,16.099976,-0.19355898,2.3397877,4.2044473,2.4284744,-0.21362387,-1.7607301,-2.3216481,0.5958186,-1.3444432,-4.8224134,0.066241086,-17.658648,0.049932253,-3.8817055,4.0008874,7.1634583,-9.613929,2.987828,-6.96182,1.9739155,2.8224664,13.386948,-3.0660315,-2.900421,2.2613995,-4.6653686,2.1511872,1.3628893,-4.471889,-3.9433043,-5.590213,9.197396,2.5141425,2.7396853,2.539092,-2.5415826,-0.1743675,-3.918529,2.99965,-0.23661885,-3.457611,-5.564901,-7.6785016,0.6975504,-0.91052216,-1.617544,-5.223762,-3.9214318,-2.7780652,-6.9787693,-1.550874,-0.12905017,1.7252128,-3.92351,-0.9730385,-8.291566,-8.581687,-7.987629,-6.4515963,-1.5340098,-3.7294497,5.794008,-3.8660493,-5.4477663,-1.8292521,0.44460478,1.433717,1.5622443,-4.4109836,0.7318858,-3.8419263,-1.7965655,4.0269895,-1.491662,-0.45950982,-4.685441,-0.1367771,-1.3075073,-7.5955243,-4.2279906,-9.677621,0.52730423,-2.5056522,-2.755388,-0.08758413,-1.0227602,-3.63878,0.056922525,0.10540046,2.5975242,3.8250456,1.2635853,-3.6811366,-2.2433429,2.4830346,1.7893002,-3.600169,-2.3833277,9.77411,2.55028,20.949896,-5.749032,-2.0338857,-5.00371,-3.923753,-13.045049,-3.0024095,-0.33446103,-2.3348129,-2.152084,-3.3488362,-14.519526,-5.125226,-8.9312725,-1.7739493,3.3234117,26.120361,2.2163694,0.27679783,5.597327,1.9513941,-3.779712,4.5307007,12.821455,-2.6653662,13.5661,1.0155988,10.333613,0.009750785,3.2345464,3.5317266,4.8953905,4.72887,4.958296,7.219806,0.0031130936,-0.34111995,1.5301807,-3.2650445,-0.12168571,-4.9713664,1.4402863,2.640342,-0.44335404,-1.1918957,-1.9634091,-0.9997145,8.814022,2.4471285,-1.4467409,2.8857021,5.1211696,5.9448385,4.4149117,2.7858298,-2.4671874,0.3728566,-5.6160436,-6.4467516,-1.8098552,-2.8710108,6.675868,5.1289563,7.128485,-1.0393207,6.5719633,-7.290298,-6.3642964,-2.3660884,0.26044694,1.4851663,5.103472,2.8674417,7.9639735,-0.07177681,-4.5658536,-4.2800903,-4.6625037,-4.015913,-1.1048428,-4.9364333,-7.2609644,-1.0622019,-2.6088336,4.7934585,-1.3724016,-3.626037,4.2068715,-2.8860612,4.0483785,-1.8706765,-11.031927,-1.4576128,2.0374408,3.3141103,6.028898,4.159096,-0.1574529,-1.986335,-6.178808,1.4071611,4.83893,0.06773846,2.8115485,2.584196,-0.9640357,-5.70089,3.9196904,0.77215517,-5.437031,9.775379,-6.2877526,4.963587,-3.3031387,-9.946168,-3.4508355,-0.32197532,-2.7917795,5.6017056,-6.3784084,-3.1011305,4.0582447,-0.7917277,-4.2365193,-3.605729,-0.26195768,1.1849619,1.4862169,0.2159356,-0.33948734,-3.6666899,0.46092117,-3.3655488,-2.254193,-9.776337,-0.7630889,-1.3369559,1.3991666,6.386765,-0.12449458,3.7081108,-8.359902,-11.3624525,-2.3974893,-1.1123984,0.4048701,2.0501144,4.12149,2.8334682,-2.8188245,0.85274655,-1.6508031,-3.7979777,4.885661,-3.6427994,4.658667,3.7722528,7.5322104,-3.0380616,-2.9405525,-5.2207937,-1.7499243,-2.770936,-1.3407892,1.0174397,-0.26305383,-3.5149822,0.0,-0.15600994,0.85511315,-0.38946605,7.440087,10.937369,3.233485,7.5957565,4.466523,-3.3929672,-5.946551,-6.5915446,-2.6453376,24.533468,8.93015,-2.1884701,-7.144463,3.5528994,5.0538545,1.8525239,9.79641,2.5102766,-1.6782699,6.5751877,-9.928959,-8.699468,-1.0901668,1.0929,5.976906,6.8014603,4.6156406,-0.1189032,4.5433984,6.6652884,-5.3150196,0.8288156,6.856507,0.12870458,4.007685,1.6106743,5.832427,3.3120482,3.6079538,3.5193417,0.49983928,-2.555711,5.896838,-4.222556,-0.08290736,2.172649,-4.435168,-0.9362233,-1.8915418,0.18320253,-6.4625907,0.4506086,2.6685019,4.2221694,-1.9957395,2.6938782,4.81977,5.9551973,2.5677192,-1.7986035,-0.51839715,1.6569507,-2.0213754,-5.806587,-2.3589923,-0.9852507,3.3372223,7.7010174,-0.18408847,3.7586727,8.634455,14.493897,-3.1331913,-2.7073257,-3.8467896,-4.0079646,-2.637402,-3.2301967,1.2660464,1.015151,1.0195446,-5.511996,6.2571554,1.3791635,11.463068,0.2260033,-2.5747387
98,-2.6428535,-5.874836,-1.1195059,1.7497427,1.4638386,4.5966883,-0.50404614,-1.0837677,-0.970472,-2.285812,1.7683798,-0.26137134,-1.1223246,-1.7563639,-2.3740022,-0.3280138,-3.2188458,-3.2423604,1.1874883,4.9881225,7.5057774,5.0779715,0.81784743,3.108889,0.31818485,1.7250098,-3.173923,-2.762027,-1.4475858,0.53829086,-5.705435,1.909881,5.9120765,-4.8796377,-5.6028757,-4.2337036,0.483771,-2.1550527,-2.0292244,-2.4707937,15.18955,-2.325361,-1.0650771,-3.2647812,-0.26530406,0.8437218,-0.87045455,0.9761564,1.9836736,-6.8047814,-4.1294537,-6.7302194,1.4128112,-3.3239057,0.99807423,0.6851496,0.2722847,15.465043,1.7770343,-2.296196,-16.459593,-4.4010463,0.48786408,3.0331378,-13.942614,-0.8936835,-5.073733,-0.868473,0.7787604,0.24834001,-4.1694055,-2.8991446,-5.062557,-2.1530263,-0.51327753,0.8992143,-0.39211357,-2.8049061,-2.0464377,4.2991505,0.9564945,-1.9128352,-4.085008,-2.2348702,-7.155071,-0.31738105,-5.981053,-2.3926017,-1.3547636,-0.049131215,-0.15736903,-1.2645578,-2.740409,-2.436869,-5.3176975,1.7092272,-2.0859733,2.0582476,1.0628175,0.37045065,-9.644216,-3.541999,14.619346,3.483304,-2.1597095,-6.413162,0.37426886,-8.904749,-11.76024,-2.696833,-4.330731,-9.539553,-0.40482885,-12.410529,-14.53736,-0.40453348,-4.175083,0.96485806,1.0716969,-5.519415,1.0300027,-2.727054,1.3756844,-7.55042,4.965777,6.6113153,-3.6770992,2.3709848,1.0697197,10.851991,-0.3342254,0.1364176,1.9977084,5.179724,4.477303,-4.683038,-2.4883585,-3.8015342,0.19278067,-2.9382522,3.7040963,-1.9301862,-1.5398735,-6.616656,-2.5264654,2.618717,1.4089998,-1.277239,-0.89064705,8.099599,1.0762256,-0.049123634,0.9594876,-0.53618604,0.14999999,4.5782046,-4.266857,2.4774206,5.4020233,4.41059,1.3659542,-3.8353312,1.0264653,0.9929061,-3.161534,-2.4072046,0.2780744,3.5449808,-1.9947529,-3.6950753,-3.645822,-0.0037374862,1.0670575,2.2111018,0.40219998,15.628636,1.4934611,2.737061,-2.6953957,-5.1200705,-0.56165886,2.9736762,0.9851024,-2.2828434,-0.67913145,1.9364145,-4.4310913,0.4039604,2.553035,-3.2394369,0.6438034,-1.6529135,-0.6545978,-6.9508986,0.99016434,3.0819964,-1.4002887,-2.3506193,7.276054,0.52888846,4.998819,11.659384,-4.146771,3.762472,0.2824063,-1.6722066,0.7739125,0.13703066,0.5083187,2.457875,-3.2538617,-2.9220068,3.7537084,-1.9807662,6.010495,-4.892433,-7.8926587,-3.114423,2.7557898,-7.218498,-4.832371,-2.9346042,-3.1244602,-1.8064688,-0.9783059,-2.9574637,1.0156499,-4.5298257,-3.07284,3.4723048,-3.0872216,-3.1116107,3.7343693,-1.5725908,-3.1372566,-3.406101,-1.5958104,1.8697186,-7.815492,-2.1488147,1.3329182,1.0207441,0.47670364,1.9994982,-3.6991246,-15.25619,3.3209846,-0.36371443,0.17159358,2.2390394,1.5558614,-2.5442615,-0.59463,-0.01545291,-0.023046335,-4.112232,-2.12363,0.68695986,-2.915895,-1.3950415,5.334109,2.7499373,-3.9610865,2.3730478,0.78278714,4.9240794,2.586425,-1.0044465,-1.80645,0.0,-0.5121359,-5.62585,-0.5991247,-8.651541,-11.576354,-3.322078,-2.9940503,-0.50567234,-1.5739199,-3.658969,-4.0817285,-0.3446033,-11.6887455,-7.3233,-0.49137384,-0.14436576,3.6533976,-5.1554394,-6.0116067,1.6846257,-0.76304317,-4.2511315,-4.3055863,0.6797837,-7.315017,-1.5547184,4.327463,-0.7442638,5.2159777,-3.9488666,-5.1529117,-4.2585654,-3.6105156,-0.7477866,0.847807,-8.851158,-1.0144467,-1.5622091,5.896179,-1.1117753,-3.7144806,6.5253425,2.9414947,-0.7586246,-1.0723618,-2.8660712,2.0193021,0.80541253,-1.3753579,-1.5709254,1.7936084,-2.764287,3.004017,-3.6119208,-4.470555,3.6117485,3.1592467,0.44128472,4.3427124,3.2429285,6.0418653,3.0111444,-3.6590347,-5.39501,-0.61498874,1.14473,-1.364509,4.3120522,-0.570205,2.7419546,6.8586597,3.8226848,-1.4964684,11.734843,0.97100776,-7.242144,-2.6874602,1.1884904,-5.0909624,-0.80209476,-7.997711,-2.426709,-5.401067,7.9517307,0.54406166,11.033528,-3.385502,-4.3467937,-2.6458826,-1.7420601
99,-4.6420302,4.156308,-6.442789,-3.4194572,-5.190595,-1.4515349,3.9807703,-0.38326132,-3.415171,2.8663151,5.0921435,4.958373,-3.2278357,-7.901833,-2.92806,-8.315083,-4.901003,-2.4300063,-4.432974,-1.9574927,-6.0114703,4.0339513,2.0491307,-2.0380409,-2.0925615,2.0122218,-8.2175865,-7.352421,-2.2464778,-7.855809,-11.1050415,-8.945608,1.7848577,-4.4821477,-8.29491,-2.1482124,0.08932178,3.1079633,-3.3069355,5.255701,-0.7527376,-1.5948216,1.8940376,-1.2114773,-1.4250178,-2.0497863,-3.9707966,-10.023505,-0.8871718,-8.011276,-2.6306255,-2.1989534,0.74687785,-2.4182034,-0.057878133,2.2372818,-2.7965097,3.0596967,5.5257926,0.4596307,-3.5457578,2.3011067,5.944963,7.5520797,-12.410732,-3.519704,2.8817956,4.2228894,4.9157023,5.2865376,1.7773136,5.486879,1.0878706,8.232231,0.8534924,0.41752562,-0.547388,2.8436987,0.5971841,-2.7890558,1.3810945,-1.2072245,1.1859633,5.349923,4.2732253,4.460452,10.762383,-3.5787694,0.30067125,-0.009507619,-0.13466112,-1.8091921,-2.8879251,-1.507603,-7.588187,-1.3935359,1.9901589,5.0263557,2.553401,0.4338905,-7.305083,1.7933036,1.857356,4.5775485,3.8531005,1.8745631,3.004426,4.495437,5.2490234,8.329261,4.6222906,1.9856069,8.14531,10.052616,3.836036,0.7224181,-1.9212588,0.2238326,-17.457827,2.7690222,-10.018737,0.24020164,3.5319316,-3.8855627,3.4153702,-4.196499,7.195527,0.3343893,3.162824,6.8990946,-0.4536168,2.1622305,-0.4733466,-0.013953124,-0.18834318,-3.4871664,-1.7784227,-4.446962,-0.35388446,-5.608271,-3.7138913,-5.011378,-3.590408,-2.1909328,-2.5855145,-2.4095514,-0.29985628,-1.6442739,-1.8814156,0.31705147,0.021045052,-4.0453773,-6.942824,-14.123098,-5.06493,-8.424647,1.2395327,-1.439163,1.0891895,-17.276432,-6.1052313,-17.1809,-2.2902555,8.9204855,-3.355715,-6.9548078,3.9467251,-3.3140712,2.3481927,0.10158135,-5.541454,0.078604236,6.84777,6.715445,2.3420515,6.6825914,-0.23469119,4.5814385,-0.0026384394,2.29147,-1.1399323,-3.1544266,-3.2695463,-4.9368553,-4.4983993,-5.9086614,3.241382,-1.4900515,-1.2156333,-0.44100496,0.19411853,3.7879753,-2.9726338,-4.548423,-2.0737185,-3.4388914,-9.066712,-1.9531362,-1.3966808,-0.48004088,0.16201186,4.4684224,-4.18955,3.9893904,-1.4758852,1.331049,-7.7906337,-0.70869184,3.6482174,-4.3255877,-8.245972,-6.0982876,-3.28735,-7.6358933,-8.944456,-6.3144326,-6.8816943,-1.7641885,-2.4455492,-2.5283284,0.43003058,-2.875269,-1.6383363,-0.2791541,-5.3418546,-9.254964,-3.9343593,-3.4687543,1.3280469,-11.99941,-2.52982,-2.5171382,0.3897243,0.62747085,-3.3160336,-3.6304128,0.38603997,-4.6459317,-0.5386334,1.8670499,-1.0661858,9.021486,5.681806,-6.3835907,-12.241369,-9.73155,2.7102776,4.60358,8.133684,6.3304486,2.0130155,-2.6057103,2.6160536,3.547599,0.43276036,2.6797206,-1.5178403,3.952333,-1.23616,6.6150556,3.071174,4.281099,6.2270746,2.9583564,5.8521276,13.250976,5.2052217,-0.6482411,-4.3912497,0.0,-0.46392685,-4.641441,-1.8316329,-1.4778126,3.1515694,-1.7243092,4.2454143,6.114193,5.4404845,5.0368514,5.2137804,3.510947,25.08969,-4.161355,-1.2303158,3.2472596,10.946914,2.0548568,-1.3025928,10.222139,6.4802175,-2.0818746,-0.4168633,8.695206,6.763235,-3.6862743,-4.338258,0.8523313,-0.18522629,-8.692528,-3.4779088,0.2720692,-6.421601,4.148356,2.700612,11.737453,5.453504,-0.19274144,5.506235,-0.27535295,-1.5630485,6.0877614,-1.0452288,4.443392,-4.931654,0.69802463,-3.034739,-4.845128,2.6467443,-1.2738575,2.110986,-5.189194,-3.2335615,-8.654963,-9.770936,0.2603901,4.713404,-2.6798425,4.1078935,3.3625827,3.0030923,-0.6905868,-3.0884466,-6.258681,8.771866,-5.6403074,-0.30595207,-0.5963628,-2.622498,-3.7841892,-6.5214624,-7.146121,-2.8217232,-7.3863873,1.4614841,1.0453614,9.09514,3.718656,-0.16022016,-0.29377088,-0.42191327,-1.890114,7.020206,5.0286317,1.3651004,2.0015454,-0.8464509,-4.902813,3.8828135,7.4723606
100,-2.0255022,3.5776982,-4.292416,-2.6216211,-3.7501552,-1.3196762,-2.3960462,-1.5295897,-4.265135,-1.274101,1.445148,1.3999081,-3.40785,-7.907187,2.9321191,-6.7569747,-2.0669575,-6.6657767,3.2345462,-2.3787692,1.6410953,2.724975,0.36667073,8.688469,0.52000403,-0.9979383,-2.3836584,-2.901955,0.13605303,-4.2588634,-3.8800857,-0.991353,-10.717545,0.9732086,-4.495612,-2.6824667,0.97565204,-1.3930764,-2.6739762,3.0484765,4.974085,-2.502543,-2.4406142,-1.1042942,-0.1848293,-2.2563126,-2.924321,1.9039445,0.4420007,-0.5574252,-2.3465345,-2.03206,-3.1113698,-2.4487736,3.0886543,-2.7142227,2.555277,-1.2131838,-2.972836,-1.9762248,-5.0852613,0.45567513,3.5740492,-0.8810708,-9.721658,-3.4076633,1.6156428,-1.4179969,0.68425566,3.1706016,-0.9909648,1.9234459,0.37689126,4.817599,-0.9626559,-0.91783637,-0.44014433,-1.7147872,2.8049076,7.798612,1.7873523,-3.2630973,-0.43568188,4.23418,-2.6092784,3.9788969,7.3118043,-3.061656,-1.439255,0.0009767755,-0.19149809,-1.8383839,-1.8057077,0.807381,-6.6263833,-1.844265,3.346981,1.3666763,4.747973,1.9245411,12.803669,3.1945903,-11.261463,-4.2033744,-0.50584286,2.1822736,2.603404,0.8750526,-3.2815006,5.825538,-5.781197,1.7121804,3.4750447,-10.563151,-5.0825515,0.38671795,-2.005505,-1.3255996,-13.152251,-9.274533,-6.4892845,1.9850848,3.2973962,-0.17827076,5.810274,-4.491602,-2.7815957,0.7688511,2.6764984,13.04725,-0.110785194,1.6696233,2.5686562,-0.76825625,-0.9704685,0.1825272,3.0947084,3.8184547,-3.435126,-1.1982013,-10.832017,-6.5643096,-3.4630039,-0.6931782,1.5881766,-7.8657556,-1.2950537,1.2061952,1.6209302,9.98538,2.228837,-2.969925,-12.148116,-0.9430593,-9.204795,-0.33123633,0.6417518,-4.5149426,-1.7386656,1.7091433,0.8325399,-2.2326138,-1.9861825,-0.57617694,-5.5780644,3.0274808,-0.80160105,9.278842,-3.4441295,-2.110366,-4.33955,-0.42981422,1.0890045,-8.72715,4.208356,8.179735,-1.6271647,-1.2541599,-4.2903996,-3.4957228,0.17807803,-0.9679023,-5.4023833,-3.1064935,-1.8297981,-2.6456487,-2.3562894,-0.6531412,-1.2509019,1.3921363,-1.3116517,2.3547096,-3.0330174,-20.536709,-0.034622192,-3.0260298,-4.925592,-2.2118342,-3.7011929,2.1499453,-1.2337242,1.7022396,0.14781862,8.499839,5.3415394,1.3740767,-2.2481775,-1.3491359,2.0661573,-3.0276737,-8.663919,0.59750515,-15.996771,-8.676637,-1.8736935,-0.38667637,-5.128694,-2.5135443,-1.596987,-3.43704,-2.3375468,-5.024061,-6.3987794,-1.6251138,-6.6804123,-2.6526437,-2.398096,-4.094175,-1.4704779,-1.0833102,-1.7750807,1.965182,0.70215154,-0.1384731,-3.0271986,-5.0004272,-4.611855,-3.4118583,-10.7857,-2.13679,0.46788797,4.279308,3.355381,-7.727155,-13.121245,-4.4891376,1.384888,0.12846185,1.1671314,4.962075,0.15708028,-4.532358,0.3040911,0.9778442,-6.8051634,-2.9293292,-1.8021777,0.5572519,-0.49762294,1.7275102,4.7569456,2.3273933,1.8420016,0.10416712,-4.0619392,2.1501708,0.51224804,-0.9644308,-2.247734,0.0,-0.31134874,-5.575713,-2.5998836,-1.9698586,-9.9481535,-2.1517994,0.6557844,0.41646847,0.052472506,2.8159432,-0.3973489,-3.3955646,14.594196,7.926181,3.7946172,0.11986678,6.730323,7.6814094,3.7027893,-2.7290225,6.846805,-0.725167,3.750533,-7.2098227,-9.967965,1.2001616,1.1426146,-6.953489,-11.304942,-8.887032,2.335384,-0.5506223,1.63068,8.079077,1.0923477,7.8350897,5.207216,-0.6112811,3.0478237,2.4575353,-0.2982702,9.080725,0.2873804,1.9059122,-4.397571,-0.24105118,0.091223314,-2.058084,1.9662414,-1.7590656,-4.4859385,-5.9734454,-3.401048,0.16139221,-1.2618256,-0.29112098,1.929236,0.6481565,3.3939369,0.13332818,1.9563679,-1.5676441,-12.962686,-8.069546,-0.8895441,-1.838487,2.2879786,-2.1427586,-4.6805596,0.4702732,2.6287522,-0.89096093,-3.9294007,-11.792818,3.1358964,0.68839556,1.3720391,-1.7438895,-0.8413275,-3.265816,0.9096401,-1.6015537,-6.4318633,8.860019,0.27696705,3.584231,2.1732454,-17.565258,0.25059107,1.8496814
101,-4.9596744,-7.3910394,-5.9383636,-3.6264408,-1.6809874,-1.2176163,-11.980159,-3.4770708,-2.7528198,-0.24328922,0.63922185,-2.7621274,-0.37187412,3.59577,5.8277254,-0.14062186,-4.874922,-4.6248064,-1.9548285,-1.860189,-3.0739274,2.959941,2.568881,-8.0462475,-0.5781704,-1.2124093,-1.7808142,2.6900084,-5.1749587,-3.1392446,-10.503658,-3.7493494,0.18057899,1.2904811,3.6524203,-3.643224,1.2682616,1.6982912,-0.76060724,2.4833484,-2.0453699,-1.2326716,-3.0537724,-2.128632,-1.2381574,-2.4038715,-3.1977026,-6.306672,-0.7148248,4.46253,-2.2252936,-7.190142,1.7612187,-3.344201,-3.8985581,-5.1327205,3.4803274,7.0310245,-7.4970636,-6.9625225,-6.395798,-2.2147639,-1.8937361,0.62242085,-9.946091,-0.19779518,-2.8419816,-7.301509,-0.23030823,-2.6530488,-0.35479373,-1.5971407,-3.3993905,2.6608024,-1.391097,-0.6611754,-0.51265794,-1.6941594,1.8854595,-3.3265717,0.53663725,-4.9545655,-2.0443213,-2.0455422,0.7035346,-2.8388715,-2.725565,-0.6882229,-4.540834,-0.003377819,0.28437704,0.38473946,-2.8152854,-0.5974772,-4.479703,-4.206659,-2.668823,-1.5199814,1.9025289,0.7272782,2.3681345,-6.6806755,-15.1410675,1.1082335,-4.3355556,-0.26035208,0.9655962,-3.2820225,-4.013844,3.444478,-1.6943377,1.3526076,-2.2491138,5.809248,-0.45848846,-0.92993015,-1.2750857,-3.1460261,-19.016745,-8.306151,-6.1276774,-1.5066363,0.78996044,3.5809338,3.738061,-0.41350207,3.5922794,-1.2164553,2.632886,8.666597,-0.10373352,-1.0419528,0.2774073,3.1202161,-1.2755746,-2.6941638,-2.8521554,-3.5232904,2.5730147,-1.1334752,-3.340096,-2.2205791,-2.1047912,-2.3758376,-1.5231512,2.4945023,3.8568268,-1.7338389,-1.5985576,-1.2553473,-4.3915124,-6.5118947,-10.381178,-1.2995929,-4.0683656,-4.670758,-8.811794,3.3410623,-4.070382,-8.52985,-3.4012783,-5.227877,-5.42255,1.677303,1.4772199,-0.8963023,-3.5551453,-9.110779,1.2106103,-2.2232068,-2.6792643,0.08955248,2.382422,9.253153,0.036290634,1.6040313,0.33044145,-7.070775,-1.6079905,-1.5309422,-5.3015914,-10.572559,-1.9255527,-0.5992334,-2.9770489,-5.1106844,-5.691351,-0.92601514,-3.3329995,-1.7206206,-4.277427,-2.4954522,-0.93490064,-5.4153996,1.604697,-2.6226056,6.278751,-2.624445,-4.390297,3.5314953,-0.995845,-2.873323,-2.492295,5.0726027,0.7610802,-0.19077162,0.9742939,0.23444365,-2.4456797,-4.182735,-12.925881,-9.756257,-13.338359,0.68914926,-3.942301,-2.347499,6.727942,-3.3772943,-1.8669556,-0.5182038,-4.0538087,-0.9294101,-4.593094,-2.55312,0.671094,-2.5444815,-1.2539033,1.3882022,-2.0825002,2.081179,-3.0547013,-3.3573923,0.1438055,-0.59719545,-0.82041615,0.6137452,-10.075237,2.8606384,-3.6411886,-0.6041607,-4.3658442,2.7120438,-2.9470034,-8.030834,-15.356398,-0.96184564,-2.0016265,-0.6029527,2.1903846,2.4068484,-3.7712996,-6.243423,-3.76052,0.45224312,-0.9284895,-1.6119905,-1.9837208,-0.09887506,-3.4681768,-2.8619618,0.8815399,-4.479342,-2.6540942,-4.7043614,-0.81108177,-4.844995,-1.1463226,-1.2929156,-1.8815788,0.0,-0.16112785,0.5215986,-1.0441984,-3.6162312,2.582745,-1.1981373,-0.9282372,-0.41883987,1.7406421,2.5591075,2.5782864,0.25150758,14.060552,2.0166318,1.0525894,1.474594,7.3327756,7.252637,-1.398449,-2.633193,4.8721976,0.59695303,5.3923864,7.0466657,8.976729,0.39493337,-1.1066204,3.1783824,1.2712442,-9.862612,-7.5024285,-0.15783602,3.6213646,-3.0852952,3.9841037,-2.3113213,-2.5097935,0.82572585,-4.7316957,0.7946239,-2.8838115,-0.8181988,0.16790132,-0.7437602,-6.282719,0.32183683,0.52677894,-1.2246279,-0.86202776,-2.0117633,-1.447185,-3.0802338,-2.9084826,0.5294628,-1.472183,1.0335689,-0.7701303,0.50893104,-0.5794217,3.5511255,-0.97052306,-2.6915684,-7.0034595,0.10635408,-0.40854445,-1.6541575,-2.12365,-1.3863981,-5.1072893,1.1547906,-0.28691503,-3.076647,-3.9060447,6.202437,10.427958,-0.5065372,-3.3922057,-3.5004072,-3.128457,-6.6245146,-3.116747,-0.3349611,3.4180748,-2.9879878,-1.365818,-6.858102,-2.6462097,0.31623402,-3.187358,-0.51891565
102,-7.8603344,1.9894611,-1.4331492,-1.8168591,0.33556238,-0.23906302,1.6568329,-2.824895,-2.421412,-2.9335952,-3.4791477,-4.434159,-3.2961328,-9.745294,6.626674,-4.7461967,-5.907312,1.928672,-7.9284177,1.4965892,1.612536,-4.563615,0.5810354,1.3434265,2.663357,-1.0793499,-2.2213087,1.0862466,-11.115645,-3.0367796,-10.860287,-3.7058928,-9.631249,-0.38332042,0.14576237,-0.23819304,1.6556863,2.1440177,0.4077253,0.48561093,1.8095506,2.669737,0.20271014,-3.1282165,1.5548751,1.6662116,-5.8511157,-5.100836,-4.783971,-0.86148053,-4.8473763,-5.240409,-0.21875341,-6.553938,1.4554467,-0.54653203,-3.7751064,7.614066,1.7463886,1.9130358,-9.315911,-3.6572604,-0.5855038,1.1781046,-24.23976,0.6113636,-3.216906,-8.936942,-5.562341,-3.2646546,0.55826205,-13.886716,-7.878239,-0.8611631,-1.7501676,-2.4068356,-0.67723376,-3.1726842,-7.0588136,-5.11573,-2.9709783,-8.344015,-4.852612,-9.022666,-10.763009,-6.068216,-12.039904,-3.3465638,-2.0557961,-0.06588649,0.15759303,-3.049543,0.10713333,-1.4991283,-3.4453435,0.91171,-7.386901,-3.4098485,1.4439178,-4.421392,-0.36157888,-5.1672053,-5.892987,-2.6728866,-6.3429713,0.55573595,-4.2093616,-0.4834008,-0.32192796,-15.801727,-1.3667924,-7.0721054,0.33095637,-8.838848,-6.8012896,-8.883156,-3.2558985,-2.4437692,-15.834155,-9.724334,-23.5259,1.9755424,1.2097749,-2.0839431,2.5606198,-7.969621,1.3114302,2.834278,3.034076,-2.9088383,-0.1881178,1.7400017,-0.05938872,2.729017,1.3355005,1.1639744,-2.866132,-4.0702753,-0.88369393,-0.94383985,-6.678111,-3.2559373,-3.5831995,-2.3878505,-3.2351677,-5.2671094,-0.6825856,0.4314179,-2.9936392,-6.832855,-7.0225973,-2.9119337,-8.053984,3.9552722,-3.3873992,2.8874702,1.2797494,1.0821413,-1.8289235,11.357028,4.8920894,-2.2151916,-5.5079694,-0.7907574,-13.592356,-6.0747404,-0.24993415,6.148089,0.58848166,-9.059417,-4.806721,-0.11970803,-0.72573936,7.494018,-4.119854,-6.654327,-4.135856,11.682503,-3.6846857,-4.6714573,-5.92593,-0.8097073,-0.39329612,-3.8882887,-4.323834,-1.6156718,1.9772624,-2.588474,-2.8289573,2.2848887,-1.2324374,-2.8005166,-0.21228491,-19.20557,-1.2896755,3.0451365,-2.40466,-4.417948,-1.9041939,2.8781273,-2.0140548,-7.488062,-2.2598095,-9.124369,2.0045896,-1.3548659,3.436302,1.4958491,-3.6489725,-1.9560133,-11.486673,-0.82006574,-19.651058,-3.2064612,-8.094254,-0.013401662,6.312853,1.3991009,2.0609426,0.5785302,-7.433115,-3.1552866,-0.38816464,0.24551179,0.69794494,-0.46546733,-4.2606187,-1.2756733,-0.37034097,-5.2580976,-0.43861416,-3.0067267,-2.558256,-2.745297,-2.8264475,-1.3037295,-15.684937,1.9612654,-2.438096,2.1099117,-7.232855,-1.0837603,-1.4935913,-8.509281,-14.979523,-8.673279,-2.8017995,-1.0789667,-4.155159,-7.280294,-3.666302,-7.189806,-1.9276284,1.9344383,-4.1358757,-4.874466,-2.616589,1.4233549,-7.0787597,-8.255724,0.36355582,-10.537074,-6.4045753,-2.7796385,-16.909307,-10.666143,-8.330907,-1.1996704,-5.5498424,0.0,-0.23710118,-6.5682836,-4.570135,-1.87016,4.255666,1.9767256,-4.5607996,-9.530862,-3.8197615,-5.7120967,-0.9231791,-9.933624,-10.505939,4.0016365,-0.73352903,1.0495237,3.7600236,2.963089,2.9638891,-11.267828,-1.7744951,-4.9194865,5.2341366,-6.031914,-10.559644,-3.9858572,0.33910513,-0.31148708,-4.6030216,-4.823802,-11.514305,4.4727893,0.8386251,-4.590719,2.9131918,-9.500807,-13.223529,0.78291535,0.008790001,0.33646894,-1.2470924,-2.7304056,0.6436383,-3.8134668,-1.1209725,0.038537633,0.19579165,-0.045477167,2.1335158,0.11170638,-2.562417,0.1433407,-1.7223476,-3.7460704,-3.7008855,0.024299966,3.4870129,-0.87674713,-5.7375097,0.9913798,-2.3139331,-1.0649174,-2.6775875,-5.4657364,-12.601959,0.4215604,-1.3863035,-1.0315987,-1.8785145,-9.948637,-3.213072,4.2218437,-3.0915828,-3.3514104,1.9492615,0.4528529,-11.84819,-2.4389818,1.6637582,-11.477718,-10.780712,-1.7695594,-5.0011716,-2.5534263,-3.277668,1.5095512,-6.9460125,-10.1236925,-1.0831151,-3.0007625
103,-2.8366888,13.870832,-3.420765,-3.726536,-2.121497,-1.5202789,-0.49403793,-3.1395948,-1.8555502,-0.24099337,-3.260881,-2.1231027,1.475074,-11.796278,0.23553988,1.7573705,-3.783623,-5.3338733,-0.37336314,-2.3512745,3.135713,-2.371299,1.6041988,-1.1530827,5.198544,0.65487254,3.568089,0.9965881,-12.711802,0.9321787,-5.175531,1.6774958,-4.267003,0.5832515,-4.1040773,-2.3795857,-3.5118778,-1.1462677,-3.3916488,-3.695317,0.026002822,-0.76144147,-4.0124545,-5.4952683,1.7770061,-2.305664,0.14143111,2.1347547,-3.0875368,-0.55291104,-4.227713,-3.8011606,-1.4457886,-6.01624,0.12565733,1.1673445,-3.7910922,9.378983,-0.7245919,2.1125643,-8.980206,2.3194532,-1.7673389,-1.5608402,-9.518932,-2.8695562,-3.1450164,-5.3663177,0.1679086,-4.7199235,-1.8980296,-14.046696,-3.874944,-0.1290276,-2.6768222,-4.6354194,-0.44776914,0.8041256,3.0677934,-5.3746514,-2.7706475,-6.744036,-3.672343,-6.177383,-9.296656,-5.0236444,-9.50957,-1.9439803,-0.53835154,0.06623782,0.106478594,-0.48994148,-1.3868593,-0.34338877,-8.007122,-1.9168873,-6.965175,-2.825961,3.413708,-0.5179923,0.32500595,2.5905242,-15.371913,0.1259174,-1.1677105,7.3626757,-3.6893396,2.821995,4.156266,-14.494722,-0.9945218,-3.504963,1.1798456,-5.0638604,-3.1359549,-0.97456485,-4.7245793,-12.418214,-19.34537,6.248298,-11.854167,-2.996987,-3.5872724,5.613538,1.1393805,-10.964768,-3.8520823,-0.73640114,2.7958047,-5.1521225,-0.37399945,-1.8401846,-2.765197,3.8260913,0.46513715,-3.5875676,-8.845173,-5.6896186,1.589304,-0.8984686,0.27710932,-1.5898787,-2.0850425,-12.06112,-4.0398517,-0.3498775,-1.748132,-1.7059016,-7.5783215,-8.333321,-5.8520336,-3.5354648,1.4275856,-6.962917,-5.8202243,-7.6416445,-6.232287,-3.6677256,0.3566059,-2.221369,2.4114852,-5.000851,-0.5729792,-3.8160262,-6.936239,-0.48219374,0.36460048,0.25533015,3.81719,-5.5065327,-2.5989523,-0.11241523,6.126471,-9.350806,-0.9959968,-0.9511111,-3.2430112,12.309259,1.0466405,-8.296784,0.35947236,5.226393,-0.56606483,-4.8862615,-5.31281,-1.5549366,-4.109997,-2.2561607,-1.6417444,0.057637956,-3.4622498,-1.9764854,-2.3116496,-12.589679,-4.6300097,-1.7532756,-3.1288881,-2.369923,-9.600859,0.29205617,3.8915496,-5.2365394,1.1064771,1.9544423,-4.2343855,1.7488064,3.1494086,-1.6413553,-6.682166,-6.693237,-11.626463,0.08822466,-17.363531,2.239245,1.8462675,-4.1547613,0.41249472,-6.4874964,-2.9920034,-5.301794,-3.4409595,-1.5921186,-4.848714,-1.5476853,3.1572585,-2.388728,-1.6199617,0.96481353,0.6503354,-1.6166018,-2.8142574,-5.0667367,-6.08094,-0.39898217,-1.881398,-0.97004426,-4.3757463,-1.8824683,-0.2754371,-2.8894482,-12.204444,1.7264376,-7.5694895,-11.534163,-7.6375837,-1.70896,-2.2113466,-2.955677,1.963478,-0.061846573,1.4582763,-4.3587136,-2.6504633,5.0092854,0.71357816,-1.1066533,-4.5719004,-0.22428602,-1.5336936,-2.7411952,3.6103256,-6.3455005,-2.4419014,-0.6674958,-17.876448,-9.030251,-1.9198803,2.9409752,-1.6849778,0.0,-0.5893598,-7.0181813,-1.8434267,-8.870104,-0.9046633,-5.594097,-3.5083985,-1.8951919,0.15191393,-4.1622987,-1.7798383,-10.411269,-9.518391,-4.806733,0.21067885,0.6478102,-0.045275938,1.4592191,-2.5455685,-20.168085,0.14177364,-2.7054052,-0.5107422,-2.9690502,-0.6841162,-2.9465826,-4.1137524,-9.088296,-10.661172,-10.1439295,-0.6070288,1.2469201,2.1426876,-4.0607276,1.0693716,-3.892904,4.2177396,0.7245937,4.038766,1.125428,-1.027982,5.4671273,-1.1264514,2.6522985,-2.3337545,-3.1569123,0.39222354,5.335588,-0.53415626,2.144881,1.4967898,-0.5405769,-1.5067183,-3.0787497,-3.5161033,1.2503821,1.8188498,0.65967554,-4.0424924,-1.6050694,-4.0014105,-7.1061163,4.8049655,3.0353122,-5.8593516,-3.7421129,-0.52586293,-0.56554395,-0.56782687,-5.5037227,-0.66115505,-2.309388,-2.2694654,2.0604577,-2.891477,-4.5376368,-3.754832,-0.50027174,-3.1398442,-3.7893097,-10.255683,-0.6957739,0.9433523,-4.2091475,-2.374682,-5.7039704,-8.57776,4.6333737,-2.7543836,-1.5277127
104,-1.2562145,-3.971191,-0.5992299,1.4394405,1.890765,-0.7391614,4.933186,1.2981489,-1.085885,-2.2140248,-1.7872273,0.17467453,0.59552497,7.756255,6.022153,0.039564308,1.2964746,-3.6400154,5.7202616,1.1486646,8.710566,-1.0375152,0.100726,-5.1541796,1.2633452,2.840883,-5.0546904,1.514673,-7.03204,6.9865866,3.7671423,10.406343,6.9883666,3.1146877,2.6717958,2.1764674,-5.8694386,-5.6506352,-2.8686292,-2.323952,1.9444642,-4.4301395,-1.7211404,-2.1974578,-0.12074391,-2.3869576,-0.4215674,0.24012911,-2.1681259,-3.6429455,-1.1612628,-3.2546911,-2.0811172,-3.270905,0.41384193,2.0440602,-0.072464816,-7.230234,2.249537,2.4413538,2.7903152,9.688216,2.6695385,5.510195,-10.53399,-5.9018254,-1.9546999,1.0426947,5.225157,2.499235,-0.6434345,-2.6020432,0.36214867,-0.86370933,-1.4623132,-0.48927897,-0.48842767,0.28795686,2.2977602,3.3356206,0.89769286,-1.4657788,1.8535484,2.09664,-2.435178,0.6629758,1.137417,-1.2197548,-1.798263,-0.062358495,0.003822153,-0.25437543,-2.2147524,3.0808897,4.5104046,0.60835934,1.4365431,1.8963656,0.15072514,-0.37689787,-1.9937899,-2.1576955,23.07747,7.6392913,-1.0227522,-0.8487258,-9.038894,-0.42952502,4.700562,3.0597188,0.41554207,-4.0270295,-1.0509666,0.25478497,4.216797,-1.8903003,0.24490242,2.7265298,-6.6748166,-5.087908,-3.7652116,-2.0990436,-3.3064983,6.937148,1.4098215,6.710232,4.2654696,0.8760147,2.4302988,-8.822052,-0.062205512,2.1439447,-0.83129126,-1.2012935,-5.76825,-2.7124572,-2.0150912,-2.8301687,0.7941992,-2.3906908,-2.605969,-3.4694035,-4.220177,-10.524508,-3.9885662,0.39168385,0.2780727,1.5814149,-1.508889,-4.122341,-0.89952886,-2.7915413,5.732781,-1.189919,-3.3567824,-4.452921,-0.703548,2.852931,-1.2167908,0.71835464,0.4572832,2.866728,0.728198,-11.628934,2.4789011,-4.760471,3.205843,-3.0199044,-2.733272,-2.9155102,-4.1999154,0.063743524,6.975061,-0.23639356,-1.4753499,3.1931198,0.21757835,-6.011504,7.356911,9.6112385,3.6774418,-0.10041506,6.1704144,1.2539402,1.601448,0.5677395,3.0540657,-0.5062626,0.7759821,-2.3180068,-0.6105439,-2.5924299,1.7754306,15.924209,3.6859586,2.5403059,-2.3466277,-2.1201284,-7.9557004,5.7842956,3.6821022,-3.5969894,0.2568968,2.836054,1.9809006,1.9233198,-1.5024399,5.1003275,-9.143545,1.1213657,-1.4068623,15.318505,8.254775,11.8474,1.7816954,-5.0581727,-8.553783,-6.257188,-1.1319708,1.688381,-2.9897954,0.5522734,-3.3810933,-2.4645967,-4.632727,-3.9488406,-4.480297,-2.9319985,-3.0235193,0.79988503,-1.3693736,-2.0732586,0.17728043,-0.4724341,-0.06195358,-0.85160387,-1.4265941,13.296405,-0.6149213,-0.2951843,5.848071,11.135119,3.418619,-4.716793,-3.3785915,-5.2597284,0.7126069,1.9377619,9.876689,5.1163764,-0.42045227,-1.6375127,-0.8493399,0.1423625,-0.42910737,4.2562766,-1.2753562,0.9289657,-2.302352,-5.004418,3.118396,-0.19801581,0.4594673,2.6346252,-7.4570856,1.6760852,1.7552379,-1.9083953,-3.8615797,0.0,-0.57998616,-1.6309212,-2.4366846,0.82081676,-1.2060751,-7.401817,-3.559589,2.5192893,-0.20741645,-1.9499735,3.4292648,3.7310977,-11.726851,0.90844333,2.589004,2.1660564,2.4526544,-4.8527713,-2.1610186,13.039521,-5.285663,-6.2177973,-9.866784,-2.1558933,12.433796,-1.9459566,-0.69867706,-4.670696,-3.0689974,3.5761487,-2.6051984,-0.99829453,2.8726995,0.72159445,3.4637263,7.7664084,-4.7670417,1.0910796,4.221504,5.6766357,-0.89856595,4.449359,1.6187077,3.131201,-2.5951986,0.18001273,5.032187,6.7125998,0.83931524,4.662927,1.3142838,3.60457,0.9433469,-3.9217231,-4.233503,1.9230186,6.7183485,1.4131063,-0.14044154,1.2062083,0.9639959,-0.17305025,7.66333,-0.44732204,1.0925176,0.2738375,0.6279701,0.83878946,0.63542515,10.130293,1.7027768,2.5970669,1.3186314,6.662774,-3.7079604,-3.48222,10.677847,6.0457153,-8.563175,-3.5126703,-0.9599545,-1.5622032,9.525403,4.7714515,1.1123044,-2.920201,-2.1241655,8.5875,2.6133792,10.759189
105,4.370369,3.6499622,2.2877626,1.9062952,3.1405432,0.7863945,3.3913667,0.71984583,0.13611665,2.8382404,-3.5988975,3.9744678,1.9514707,8.184865,7.003867,0.6993229,-7.4246936,-0.5589332,-4.5040393,-1.8528597,5.199569,4.8830957,2.8816564,6.2287407,2.3428483,-0.6110424,-2.1350138,1.319507,6.7417893,6.2171135,2.1271837,11.03025,3.4135475,14.497432,3.1075656,1.879074,3.101242,2.5524383,-1.1371002,-2.9283307,3.4036887,1.0695175,3.05384,1.0289078,-3.847349,-2.911177,0.5731874,-6.6168675,-0.86219305,-0.4367544,0.9661831,0.25584847,-1.6259334,-0.62166446,0.6561921,1.44088,1.5439582,-5.5736766,1.8646195,4.7265787,13.020162,5.9398956,4.659168,4.4146514,1.0957055,-2.9503546,4.0472565,1.052366,4.873265,3.3035154,4.821988,0.3253157,4.410438,-1.6492205,-2.2961159,-0.68508786,-0.15025975,-0.8043729,-3.8529723,-6.85529,-2.492683,1.0787191,3.91371,3.7795851,2.518668,2.0212908,5.6676836,-0.5639187,-2.404621,0.050079934,0.21205568,2.0181317,-0.8449465,4.173566,-1.4266973,2.6292622,5.158728,7.0691767,2.0416481,4.5318737,4.165161,6.2725453,29.629778,2.3857977,-0.19532786,1.1619625,-1.5786045,4.123899,-0.22341958,10.216681,-0.40036345,4.734566,0.46493343,-8.033932,3.0021634,3.8238595,-2.2034097,-2.9342465,2.0942824,5.0041027,-2.7910485,1.5053918,-1.9810576,0.10080013,3.148406,3.881969,6.04971,0.37018988,1.7755458,2.1164005,0.577975,3.7492645,3.751917,3.590879,1.7894152,-0.099955976,1.7829267,-1.0658215,5.628377,-2.9573164,-5.405982,-4.754576,-5.3868456,2.8908792,2.898257,0.7376928,1.3985598,3.8119173,4.391587,0.76893777,4.0314913,5.2321944,-5.7274504,-1.2637887,-1.6723112,-5.3754163,2.492117,-1.2928934,0.018683102,4.214359,0.1219218,4.7838125,1.9057181,-5.033411,-5.6486487,-3.8618054,3.2109034,1.1917639,5.787994,4.088279,0.19437355,0.19965824,4.131431,3.081495,8.665677,3.0259938,1.3349736,4.6547275,9.509468,9.187869,5.023229,0.79600304,0.7530886,4.657796,3.1209621,1.2806442,5.759861,0.3488105,2.418455,0.36258325,1.6029721,2.6491733,2.1846552,3.5567844,3.4319828,0.8616281,2.0097818,-0.20321994,-5.7017045,1.7252878,2.7698963,3.6239016,0.87804693,3.5103734,2.2130835,0.6287288,4.290658,5.1934032,-0.6803634,5.800285,8.397664,8.653851,2.0696483,24.344736,8.803341,-0.09057844,-6.466182,1.9911675,-0.95545167,6.721608,0.13029239,-3.5356514,2.4305608,-1.2936296,-1.6820229,2.081617,0.25875792,3.2081838,2.3196929,2.3173454,-2.1966572,1.023463,1.9495411,2.207982,-1.8276473,0.860808,6.275932,2.906245,4.1649885,1.3827423,18.51456,8.877624,2.4905758,8.84754,-4.842683,-4.5621524,3.7992656,6.168792,10.43403,5.6129937,6.4655857,-0.58203167,0.7389768,4.221378,1.7363751,-1.7656124,-2.8678083,1.6430808,0.7015077,5.371119,0.20516214,0.48811573,1.2350383,0.8583554,-1.0666385,5.8983326,7.82328,0.8897436,-1.4819049,0.0,-0.38839054,-1.7977564,3.0257697,6.1299443,-4.767033,-0.89556,3.2295895,6.1768384,4.6142387,8.415593,2.0479476,9.711253,15.805226,2.206144,4.1231356,1.1181659,7.150858,2.6476269,3.2994306,10.3852415,-3.119188,1.4922975,2.69715,1.7496967,-2.5472348,1.510913,-3.8427129,-3.4034588,2.7353234,1.6922251,4.2814193,-3.8944385,-4.378067,4.82539,2.9497774,-3.263757,7.1554184,-0.6944194,-2.4918582,4.6560163,0.3031096,4.285564,3.3005989,1.7836565,-1.7332904,1.922267,2.133145,8.297296,8.727048,1.8604397,-0.3758514,-0.9499379,0.5354242,-1.2907865,-1.5199165,-0.18083833,5.7398534,1.4454519,0.40036777,-0.24433754,3.5181031,2.8678067,-4.769654,-0.4448828,7.457884,6.145054,3.0437295,-0.4983174,1.231725,-2.567499,7.4224606,4.8167076,2.2237258,11.020193,0.15102737,4.414462,3.9749491,1.4785297,0.8681009,-1.5616461,-1.5290946,0.85450405,1.2532201,2.7542658,2.9413564,7.355637,3.9890258,9.803598,9.77589,7.193538
106,2.978901,-3.5072877,2.8432674,7.3207927,3.066434,-1.4965018,-7.018442,-1.2744336,0.2859729,1.04665,-3.0432587,2.4967706,1.3778415,11.896972,8.872127,-3.133864,2.539786,0.11602652,-1.7530985,2.3347552,5.8729177,2.7729466,-2.92377,10.219501,2.015182,0.14209984,-1.0288324,-1.6455626,4.3006725,6.829787,6.2837954,7.8751893,7.782715,12.1347475,12.932233,1.2091175,8.402289,3.2002008,-0.49286616,-0.31418094,3.4605262,-1.0140967,2.8244958,0.44348752,5.394772,-3.5916386,0.5655573,1.7092927,0.7258659,6.6616244,1.9299453,2.533866,-0.25184354,2.8229349,-0.3106723,-1.0973742,-2.9348216,5.7809963,1.0102918,-2.7743237,10.110526,4.7159214,8.865186,3.788863,6.830955,4.3107057,0.97214466,1.4139726,1.8334154,-1.8163968,3.439708,0.6986975,-3.539245,-1.9389467,-0.7806593,2.0499415,-0.045262363,-1.7496567,4.467947,-4.469762,-2.4840145,-6.072673,-0.91720355,3.605501,-4.54698,0.79447186,0.18813933,1.1095219,-5.554227,0.079300284,0.11103894,-0.55051047,-1.1079595,3.0261664,-4.9451084,5.6595516,2.855665,1.3291302,-3.2631152,6.6574893,5.7974668,4.0786924,43.594986,14.334787,5.548623,-6.518872,-2.6289768,3.6290193,-2.8968084,8.014711,-2.8364713,-7.013327,3.172258,4.66958,-1.1377332,3.8192387,-2.057973,-2.2572608,18.41414,6.238815,8.883725,0.72722036,2.2004068,-3.274856,2.156952,11.108094,-10.082603,-0.9941541,-1.954174,16.045965,0.6337089,3.560736,3.7945173,7.1598315,0.92848724,1.5314858,2.13697,1.8578876,5.6368856,-3.583645,2.2714248,0.4571056,0.1778733,-0.6040126,-1.1274121,-1.2693254,3.3204336,2.1981235,2.887153,-1.8978873,6.460596,1.6772324,1.4661205,-4.3930335,-6.4279976,0.120459504,0.015708363,-3.1266077,-5.764489,9.9380245,1.6804703,10.177078,3.6794412,9.609647,-10.503448,-5.335774,-8.531406,-0.7576041,-0.40953827,0.7023524,1.3643728,0.17837502,0.18459484,14.503169,8.146224,5.6939597,0.9122319,-7.99501,7.8255963,12.054928,9.387789,10.45279,5.960364,2.704963,3.7728827,3.1676593,2.8500905,-1.1767105,2.1738815,0.072440594,0.22668685,1.8597213,3.3965552,9.233548,5.4223537,-0.14931658,4.7870274,3.9606667,9.906955,4.56281,-0.16837892,-1.1578308,0.70719105,5.5840425,1.2795516,3.7822201,8.665133,6.3012114,0.66838986,8.42117,5.461768,13.832836,8.075359,25.899511,12.347722,0.2467356,4.549225,6.934258,-2.7970085,0.61694163,-0.9694373,5.855584,1.8336368,-1.5197041,1.2882439,4.707085,3.3283777,4.1296716,3.3587215,1.4966943,-1.0439448,4.748562,1.5096823,3.9438725,2.1530418,-0.17857794,6.2932663,9.908462,-5.361942,1.6020759,15.1120825,2.9918857,5.1382594,-7.6281266,0.46045908,-2.351568,1.3695959,4.613964,4.9527946,2.2390318,3.9832797,-1.6887677,-2.4043512,3.4081752,1.0960194,1.5567932,-1.6560016,-0.14503326,-2.7374825,-4.6510253,-3.7602625,-4.4651537,-2.398872,-0.5680044,-3.498916,-1.9568943,0.573498,-1.492432,-3.2453675,0.0,-0.25268587,0.26796505,1.7741296,2.6651971,8.049658,2.460425,0.35337344,2.2029212,1.1383799,2.8438632,0.7813537,2.315117,4.452288,-6.6719546,-3.561701,-4.1384764,-0.40095988,-1.6354367,-1.763883,-4.3207135,-2.7606413,-6.016405,0.9461783,-1.0837655,3.5746431,-0.05889867,3.7486951,-0.80940664,14.194328,1.3556342,5.926194,1.1062021,0.067867175,1.5437747,6.0123024,-3.0433679,5.297668,-0.6219032,1.4366406,3.073241,0.56419533,-0.3928217,3.680533,-0.2624993,-2.2715971,5.267794,-1.6839151,4.090893,2.852768,5.779487,-1.699014,0.40419412,0.739416,-2.7287982,3.338067,3.1169722,2.6130257,3.2300594,4.862784,1.7436792,6.2092,8.000883,8.573379,4.0692997,-4.5069003,4.8050656,7.139432,2.7055318,1.5065489,5.302239,10.981168,9.298795,3.8079226,7.5939302,2.8568087,0.12693313,0.061630335,-2.7660816,-7.6001134,-4.269989,-0.63969743,-0.20185591,12.134864,6.44126,2.6694968,1.9921604,1.7186754,-21.451273,3.5173306,6.305358
107,6.0479617,4.7155514,0.25963846,5.5977144,2.215415,1.0291911,2.6870573,-0.8545681,-1.9661106,0.023949329,-0.94547576,0.5537683,-2.7510455,7.4477572,6.658013,4.7337418,-4.9992414,5.801353,6.102288,0.18878944,-4.6279545,0.14860658,-0.7446089,8.275391,2.7342806,1.4708472,4.646415,-3.87583,5.8008056,-0.19774888,2.1829517,0.35437095,12.019807,14.260954,-2.373088,0.43233836,-0.59550744,0.532272,0.7866185,1.7493049,3.3975663,0.9891686,-3.6303797,-1.3334639,-0.8064181,0.90277946,0.41112176,-1.7558485,-0.18628658,1.8380768,-0.9487798,0.3589704,1.3877302,-0.10281412,-2.2335443,0.5596559,0.7714041,5.270746,4.109567,-5.1135325,6.0134444,1.0021881,4.264591,0.3983516,3.2499769,4.400072,-3.3320413,-0.777053,-0.09863134,-1.026622,2.1681268,-5.244494,-2.1584308,-1.3611983,-5.366926,1.9717668,-0.22710986,-3.9822211,-6.913723,1.4466434,-3.3776069,-5.2069325,0.069408126,-6.006833,-4.6389737,-0.51930785,-3.2227972,0.14319944,-1.445353,-0.07754729,0.16428657,4.004064,-3.699226,-4.4417477,0.62702906,1.2542166,-1.8226612,0.27441826,-4.404491,4.9559383,4.6698737,-1.860736,35.523697,3.7862272,7.5822463,4.1458235,-3.258204,4.4748154,-3.1493416,7.790967,-3.49759,-4.2241707,1.1271236,-0.84128004,-7.026791,2.740515,8.255317,10.934404,8.209682,17.365433,2.1457644,-1.2576383,4.061359,1.1567237,-1.9430767,11.983027,-4.0784945,4.1879444,4.619562,2.5774388,0.5484038,0.8449827,-0.27527696,3.474107,3.9877741,-0.15351917,1.080202,-2.5760038,-0.05187679,-2.2102866,2.8642585,-0.05267128,0.56442297,9.698274,-0.12410394,0.42855963,0.6203801,0.5699618,-1.8351947,-4.296599,-2.253525,-1.786539,0.13119377,-4.210089,-11.741219,-3.2737448,-1.4063604,5.831346,-1.637576,-5.430639,-3.0047305,-1.8887972,3.29272,10.547012,-15.896385,-0.2264793,3.6736114,-5.16323,0.23662427,-0.10065478,-0.44132337,0.27201888,-3.3737123,-2.2917187,4.342924,3.2417438,1.2275436,-1.6155144,-0.60166734,5.886371,6.539106,4.3484864,6.6462016,2.7840977,2.0860164,0.40052179,-0.48685393,-0.42597497,1.3297998,1.1323651,-0.34684855,0.31951356,1.5813303,14.2172575,5.653538,-1.0936567,-1.7829269,2.8366182,4.1885223,1.1111073,-2.1422114,-0.28672886,2.8731694,7.254286,-3.0239902,1.7616976,3.924725,2.8459404,1.0247554,1.8886853,7.547941,5.203421,10.77785,13.533468,6.1360545,1.8472174,-10.796819,0.9018202,2.6534326,-0.30978954,-0.117238685,-1.8328041,-3.4409163,-0.004947816,2.335192,2.9506686,3.5654016,0.7901252,2.665411,-2.292382,-0.61317605,4.802537,0.2557392,2.7199864,3.186724,-1.6214477,1.8589512,-10.802352,2.1484957,1.0768971,6.698027,0.69743073,-0.0620005,-1.1720487,-3.5813901,-0.86869997,-2.7870572,1.3505685,1.7249594,1.3731871,0.59171695,-0.26836705,-4.3783274,2.2473106,1.3194748,0.61710495,-2.106763,-1.5347406,-5.8435397,-6.323966,-3.134234,-5.401917,-4.8774133,-2.5595083,-4.859014,-2.9645114,-2.8137202,-0.0065215444,-1.6422372,0.0,-0.017615344,-5.6990867,0.9459148,0.013022208,2.8966787,-0.83687246,2.128196,-0.9421816,-1.211675,2.8626955,3.1004572,3.6301796,6.4587955,-3.0242186,-0.054872535,-0.82249355,-3.0551784,1.1099539,1.0733869,5.294829,-4.7738695,-1.6816057,1.3650662,3.360859,1.8494288,-2.509979,4.889243,3.567134,12.728966,-10.19688,0.95412266,3.8239913,1.8757274,1.2491062,0.7716205,11.117275,10.505321,-3.0527399,5.608548,1.7051364,-0.77754754,3.457476,2.5771224,0.3296403,0.24817388,1.8877763,1.0412943,2.9315493,4.4245415,3.9559143,-1.4873809,5.9231014,3.5435615,3.9870489,1.6857457,3.180354,1.8142282,0.56689095,1.7104952,-0.46305478,1.0958736,2.050924,5.0442085,-9.259349,4.282529,2.7093616,6.8271585,0.89413756,-0.88448757,-1.1251252,3.6902685,-3.935087,-0.778346,-1.2010833,-7.865998,-2.932879,3.3638637,5.5288086,-2.610677,-2.0717077,-3.3166466,-0.073410496,4.973114,4.14424,-0.6968138,-2.2999175,1.5894984,-25.766895,-0.7752599,-2.9332585
108,2.1130285,-0.350178,0.4329822,1.6561192,-1.9602714,-1.0146587,8.255969,-1.4758431,-4.028123,0.7832449,-2.654088,-1.4751505,0.7102158,4.2712584,4.0323987,3.5697498,0.5911212,-1.4516132,4.4207215,-1.5170346,-0.7267651,-3.3768854,1.8342308,-6.15011,1.730779,-0.50066113,-8.251206,-4.690768,0.5841679,0.8465315,-5.2699933,-4.2493277,2.7652073,3.790573,-2.1558065,0.72234225,2.52098,-8.888038,-2.688987,-0.75437146,4.1334863,-3.584345,-4.4306765,-4.091087,0.5543625,-5.123211,0.7780848,-6.0229464,-4.1897936,-3.476888,-2.442467,-5.1325946,-4.155293,-3.1023939,-2.2567542,-0.455824,-4.7355714,-6.7238765,-3.8462157,-9.358163,0.42153862,-1.7332089,3.3058236,-0.14759429,0.77541053,-3.116325,-4.1273856,-4.5883574,0.20208006,-0.10100713,-2.1707458,-3.546427,-4.30337,-2.038808,-1.9779376,-0.778143,0.013757048,1.8039653,-1.5071756,6.7627196,3.992349,-2.777905,3.5804553,-6.221703,-6.853061,-2.2841687,-3.6807847,-0.4347235,0.26392686,0.009105831,0.37304217,-4.838956,0.78502977,1.444221,-7.1692023,-1.1959386,-3.8770952,-1.590556,1.7786841,1.0573618,2.1908865,-7.633293,38.861813,-2.8086681,0.4457173,-3.5522563,5.4986477,3.4240508,-1.221292,11.688953,1.8273689,-5.3184867,-4.5056615,8.923581,1.2023662,-5.700541,-1.7098311,-0.71692663,11.378425,5.725274,-1.474828,-3.341523,-0.33947456,-3.476788,-5.5489535,5.8976364,-3.5245183,-1.7505502,-4.026306,1.8797777,-0.062179018,0.97605085,0.71006507,2.1143858,-1.180771,-6.0039024,0.8073497,0.48390487,2.411873,-1.8544515,-3.351951,-3.6343977,2.0552576,-4.2232747,-4.1663246,0.38611552,-3.0179846,-1.1631006,-0.051651005,-6.9982414,-2.9471672,-5.5280704,-6.4365997,-0.25144026,4.6082687,-1.1287156,-4.5052686,5.0300055,-6.787132,-0.5563021,-4.1056795,-8.047459,-1.7184569,6.530923,-5.66983,6.0853133,8.746659,-8.358393,0.19990657,-2.1373308,-1.3752745,-0.10196118,-10.719772,6.943338,-2.1376114,-3.679835,-0.3481518,2.186555,-2.691794,-0.79543245,3.5316167,5.0069976,-0.30912936,-0.8616227,-0.18155327,0.8851631,-5.6723104,-3.4556112,-0.4378458,3.3416278,5.2798586,0.9903308,0.7604814,10.963982,0.011498055,1.613014,-0.90094966,-5.195682,-2.5945272,1.7883575,-0.6244722,0.13505219,2.4475985,5.478699,-0.3892513,-1.0010321,-4.0752354,0.81493235,5.468636,-4.2562904,-1.9949485,-11.30905,7.6243143,11.189823,-6.1968775,-1.8967111,-6.335281,-5.1782312,-3.8339434,-2.1463244,-4.61858,1.3731747,-5.4606385,0.22339606,1.588389,-2.3655524,0.48992166,1.6753653,-2.3684785,-4.7669187,-2.6224763,-1.9893372,-1.1500746,0.86787456,-1.0726675,2.7055364,1.3126619,0.5797116,-5.4748316,2.662675,1.7844381,-2.581431,-1.2791297,-2.6888773,-1.1562954,-0.21393748,-3.2333112,-3.3093235,1.4890574,0.4156031,0.6717219,-2.5395195,-0.6392028,1.145399,-3.6586013,-2.9407012,-2.2640622,4.021424,-2.7347775,4.7351947,4.803175,0.3873714,-1.3437114,-3.5103695,-6.4076486,-7.100984,-5.62891,-1.2702748,-1.9106731,0.0,-0.39883322,-4.1696587,-2.120325,2.779326,2.4772754,-2.9113183,-1.4823836,-1.4080895,-4.98322,-1.6711041,2.3838887,-0.27945694,6.8554206,3.1460183,4.208996,0.83144426,-2.2669528,-4.754657,-3.6159053,-0.026893998,0.6757863,0.522224,-3.9952674,-1.1092507,-2.2895064,-5.172479,1.2870945,-5.2969413,7.6494308,-0.2982317,-2.5849535,0.78547186,-6.8018823,3.0055728,1.4668256,-1.5589011,3.6161835,3.6342537,4.5147476,-2.5463488,-2.762782,2.8985999,0.008734955,0.41960242,-4.3496165,-2.087168,3.1452422,10.813591,5.3776193,1.017968,-2.814652,-2.2822814,0.3893496,1.8404759,-3.7287252,-0.13709047,-0.8977746,-0.2561084,-1.7217484,-1.435138,-0.8084128,-0.22064246,-2.8164232,-4.4364505,2.2189696,0.7799743,4.0545597,0.36071232,-4.17172,7.305843,-12.346962,-4.612009,-2.1779628,-9.147939,-5.399569,4.6522217,3.108709,4.010435,-5.4152565,-1.162423,-6.9020815,-1.7797234,-8.1339445,-2.502088,-1.839209,-2.84258,-0.73711073,-1.2601036,-2.9370198,-4.000823
109,2.4693065,-1.1781344,-0.958664,0.33629033,-1.2998174,1.4486855,5.7326593,0.6754166,-1.3876964,1.9964315,5.4083424,1.2956262,-4.5089436,-4.199079,-3.835691,-5.782263,0.5706957,0.16984439,-4.4158053,-7.017942,-3.5239575,-0.7268451,4.0785813,1.7222615,2.1459403,-0.7463148,-4.1748767,1.3842244,-3.350794,-7.71817,-3.608733,-7.4851704,-14.257899,1.2706823,-6.698334,0.6812895,-0.85110694,-3.446503,-1.5312431,3.0056026,1.7539942,3.4013927,-1.3647014,-1.1589378,-7.278566,0.9501094,-4.8452697,0.060291093,-3.4311965,-7.902848,-3.179432,-7.1892405,-6.847699,-2.5463157,-2.3571703,4.368112,1.1584437,10.707369,2.3654795,-1.3060608,6.017185,-2.4125447,-0.4211967,-5.1545453,10.210152,0.268172,1.3215626,-3.4940398,1.4597094,1.1569732,-2.6728957,1.0368075,2.9369955,4.6832657,7.60621,2.6550534,0.130303,8.863028,2.112685,11.945752,6.195926,1.342856,7.998881,4.1777997,5.1232185,1.9907686,8.341636,-2.5022562,-1.3812091,0.04363918,-0.21255061,-3.141763,-0.75886744,-0.18706538,0.6314938,-3.4375095,1.5318806,1.1004906,3.132284,2.8014164,0.81158805,-11.296151,0.5898732,-3.0424204,-4.8657055,6.343865,3.2675269,9.513622,-0.68006,12.288624,3.374023,1.4589243,7.6376266,0.057782054,-12.173833,-0.14197432,-4.2250876,-3.0271828,-26.379477,0.05014901,-3.691132,-1.3982909,-0.45860782,-5.0927563,0.84205824,-5.3626237,-4.324283,1.4982243,-1.138729,-14.020792,-0.34975356,-0.31994247,1.1309961,-3.285915,-1.6744925,-4.1242967,7.811925,0.12796684,1.1818475,-4.4742575,-3.117508,2.5859213,0.9259724,3.096364,1.1185738,-4.977851,-6.1213217,-1.7947283,1.5308051,-4.265362,-5.4788866,-8.028182,-11.32372,-5.8333006,3.7206485,1.7174854,-4.004836,-2.9470367,-6.1543794,-4.9289217,-7.5584993,-4.0309443,-7.170639,0.73707926,-1.0111645,-5.8488994,-1.982705,-0.16093549,3.4530368,3.1639166,0.18076521,0.05837997,-9.300552,-0.044403207,-2.057337,3.3936093,-0.5991593,4.322451,2.3235154,3.0084417,1.4232368,1.1715926,-6.430695,0.15189353,1.4239262,2.1958153,1.8276153,-1.960561,-1.0881059,2.393928,9.459312,4.8462195,-5.417536,-1.0859499,-4.7424493,-4.084119,-2.9335582,-3.7406597,-1.2329503,-2.7016835,-1.0357096,-0.8888121,4.586605,2.090245,1.9398842,0.08004793,-3.810205,3.8993387,-2.8676078,-6.1550736,-3.4332373,-9.385581,-2.9464247,0.31491044,-20.833931,0.652438,4.0069823,1.8244394,-1.2529036,-3.009851,-6.3001313,-5.0302825,-0.7372695,5.415446,-4.985189,-2.3743918,-2.6159332,-0.91387177,-2.607494,-7.80338,0.39331868,-1.2287579,1.2242951,-2.005226,-5.798429,8.683661,-0.5707779,5.382287,-0.1464709,7.6966047,3.5204947,2.499286,4.7284155,4.109175,-6.107379,-0.55971444,-0.96814126,-0.7440737,1.4056226,-1.5932353,1.0200733,-0.65214676,1.0188731,0.9493157,0.14152898,3.9790692,-1.045824,5.984858,5.6101036,11.719411,7.988437,-1.445097,-2.9181807,-0.97775847,0.8836667,0.6822247,-3.3479211,-1.8369054,-1.0235834,0.0,-0.16145451,-3.7628877,0.07347535,-1.7816378,4.106577,2.2516906,2.608538,-0.62844664,4.5606694,1.055687,0.09320786,-3.0406349,15.700361,9.840237,5.7590413,4.5690413,2.3265088,12.435079,8.818314,4.4241996,7.543248,-2.9665306,2.8130682,-9.8409195,-1.3617557,-0.71423745,2.9818225,-6.5424385,1.295328,2.984889,-1.8077214,-4.3020883,-2.33383,-4.572669,-5.7262073,3.2031474,3.5243936,0.8579896,-5.1689506,-0.34414935,-4.2485094,-1.5878854,1.0824625,1.271298,-1.2003213,-0.71073186,0.7185567,10.389401,4.5691385,-1.6423578,-4.8783183,-1.2411065,-2.1597524,3.3245387,-0.6729355,-2.1514015,3.5098412,0.568409,0.72044766,-0.2384061,-1.7665132,0.5912875,-2.9343483,-2.9351585,-5.240408,-4.4727855,3.9285855,-5.3745675,-3.6787124,2.4112391,-11.846983,-0.44558632,-0.032441713,-11.265739,-9.21677,-0.5731831,9.284619,-1.8630627,10.072837,-2.57657,-2.3730745,-3.7138186,0.97485155,-0.44463247,-1.6320535,-5.189305,-4.5632114,-1.8779144,1.569206,3.0168202
110,3.1378617,2.4240117,0.8562389,2.8429182,0.5675708,-2.965648,-4.1198244,0.71939284,-1.3912742,4.5683494,1.4705092,0.63958836,-4.501794,-12.651721,-0.53892535,-2.3253293,-2.7143753,0.06277224,-0.8737937,-3.2071474,-1.8244739,-0.1321388,4.710167,2.1345966,3.4357543,3.9641807,5.5413857,1.2152617,4.292633,-2.505603,-6.510601,2.7192624,-11.564232,11.475795,7.0749726,-0.7994457,-2.0005393,2.1507008,-0.84755397,0.57288325,0.5933785,0.94794077,2.9749687,0.56078285,-3.7174253,0.6695037,-1.275035,-1.4118321,-3.4183872,-0.6658151,-0.41316152,-2.4264944,0.7116833,0.23555602,3.7634492,1.9860698,-2.5023124,8.338584,-3.59993,-2.0680737,5.076093,-3.0880501,-0.22025938,2.2263741,-2.1566863,4.4453425,-0.053201277,-0.727875,0.22479133,0.6213064,-5.6185155,5.0922656,7.1108503,2.0196414,5.419064,3.2843666,-0.025966018,6.430519,10.154416,13.57414,8.673386,0.23156618,4.5473633,10.797516,5.464989,2.7886987,11.820154,0.9331646,-2.5595362,-0.03187575,0.29531732,2.6490932,0.29538244,4.535099,-1.2757035,4.0496707,3.4960003,2.1086648,1.9584113,-0.45364383,-0.42870784,-1.9378779,-2.1051176,-10.675893,-4.3773017,2.1652346,5.228583,7.939364,-5.631593,14.123191,-3.3072824,2.6391602,3.9669127,-8.919032,-5.2574244,-1.2716125,0.40550008,-0.34567964,-1.9357829,3.87967,5.4404926,-2.7806752,2.608822,-6.7181344,-0.7684712,1.3649784,4.97022,-2.1315422,3.7617276,-4.550006,0.5427119,0.93554336,6.390403,2.4172993,-0.42565766,2.3512635,9.229001,7.356625,-0.8252607,1.8489314,-7.2276664,-2.7642198,3.1270435,-1.1520196,-0.8299471,4.4302998,1.021708,4.4356,3.3477848,-3.015404,0.7108663,0.6831574,9.941175,7.3721924,-5.248385,-3.3706253,1.6312597,-10.215708,-5.4978776,-0.56775165,-7.631965,3.1765518,0.19645825,2.4599051,-2.8953843,1.7760129,-4.0817137,1.5800481,3.6060278,4.2769685,1.3797284,-0.12451138,-16.11799,2.930927,-2.2625685,2.2967732,0.6257641,-6.784833,0.6612913,2.5618057,1.7690345,0.28697667,-5.7485337,2.1865807,2.902929,1.67493,0.28480223,1.4123514,0.088834085,3.679967,5.7284837,6.063153,-5.617594,-8.864255,-0.2191776,-0.50337034,2.7909954,3.8491976,-7.137555,0.5573543,2.6083314,0.2943096,-0.06744931,8.7595005,1.3224164,2.1637788,-0.66257703,7.982134,1.1630667,0.6522509,-5.620945,-1.7404212,-12.619192,10.373412,10.376483,1.73328,3.7934134,-4.6935205,-0.61901903,2.7659757,-5.0005264,1.8202652,3.9515188,3.3787558,0.28551316,0.5220648,0.22079769,-2.582854,-5.541936,-0.33865377,-1.4161825,-5.2971153,-2.0719929,1.9533772,-0.6803568,7.271741,7.528101,3.336361,2.3128164,0.31986874,1.2849423,-2.21248,5.4068785,-13.205277,-9.192239,6.300508,2.121099,1.1522598,-0.06398117,0.34076893,0.3270975,-1.1851484,2.9822757,4.1586757,0.1986775,1.9203436,-1.2006373,7.8255205,10.239237,10.568051,7.2130656,6.506157,-1.6710235,-1.679765,0.4000009,-0.38814265,0.25168765,-1.5332978,-3.4567583,0.0,-0.023127235,0.08585273,0.046760038,3.6040967,3.0834045,-0.3171921,2.7622197,0.71386284,-2.2841876,4.7630196,1.108171,3.2876396,-1.9448483,5.528377,4.4147944,2.1954901,1.1671005,10.883073,4.0328517,-0.12222299,10.204929,1.8643619,-1.335428,-2.951802,-2.1745179,-3.8584006,5.5962877,-3.2018473,-2.8453367,-1.1387079,6.0818067,-0.53488564,7.1305532,4.9089236,-2.3816423,11.0999975,7.4915733,2.843793,-2.410213,-0.35519928,0.6863512,-1.4362477,3.3598492,-6.975675,-1.262577,4.871401,8.365353,7.29727,1.3028694,-0.5476124,-1.9067541,0.122458845,0.90259576,13.584126,7.599001,2.0648172,1.2326373,6.9355564,2.7539363,4.4255376,0.21548837,-3.300698,-3.1418056,2.19294,-2.9118664,-8.225193,3.4993446,1.3640326,-0.6776299,-7.2308297,4.304467,-1.4880749,2.7053113,-7.859142,-1.8351213,9.739534,3.1637099,-3.023894,5.8159504,-1.3131422,1.6404135,0.90818524,12.252872,-1.0759586,1.7284933,1.2281715,1.2205638,-6.1115675,1.5465535,-2.5367212
111,2.201192,8.065887,4.2482843,8.619826,5.8263235,2.044776,1.0631465,0.60965145,-1.592318,-3.2115555,3.1474876,-1.561357,1.5376972,6.020163,3.8133152,8.002356,-0.05490082,5.8616505,-7.065549,3.392221,-3.0452094,2.8844626,2.920385,-0.32762438,0.77566487,-0.33770624,5.0099463,-1.1697779,-0.82052654,-0.55202883,0.15813084,1.6217296,-2.8203487,15.40871,6.199826,1.4013172,3.3583922,-1.8460062,1.6532807,0.7900518,-1.0966667,0.048462078,-0.86117125,-3.2498426,-1.4724674,-2.4263287,1.2529613,-2.343854,-1.2046486,6.5271754,0.1501796,-1.647055,-5.26741,-1.9512084,1.5185261,-1.6341474,3.96178,-3.46742,-5.4007225,-4.2110987,-4.3724074,-5.8499293,0.6217008,-4.1219416,-7.5915184,2.2681365,-4.077884,-5.8148932,-5.602951,-1.9098047,-6.06378,2.5487657,-0.89500904,-3.62294,-0.6053605,6.328623,0.009905451,-4.715269,5.012359,8.005855,-2.2655537,-3.0502074,3.0765023,2.6593735,-0.6591349,1.8883958,4.4270253,-0.16060048,-3.1988196,0.021882204,0.31352636,1.1566628,-0.7529965,3.5207274,-7.759182,1.4969102,-3.130055,-0.14462712,4.4321623,-0.39208585,0.45261782,-8.866221,0.0754148,-7.5054016,1.5372969,-3.1125393,11.379013,6.8993726,-3.7708879,3.890187,-5.391881,5.015098,-4.486573,-6.3694873,-9.602493,0.060171876,-3.174785,2.907161,1.4882904,10.326853,7.755045,4.2669506,2.6810253,7.8170943,5.2662406,-1.3926301,-1.0670366,-0.22295308,-10.299407,5.79414,0.46203128,0.69547063,3.9985979,1.9807802,-1.4647208,1.4357458,2.4646456,-0.16939849,2.8120787,1.8452041,-6.4626,5.196301,1.1121553,-0.67627,-3.3731506,-1.4908557,4.281111,0.17044556,2.1526058,-11.037119,0.8303674,2.7200694,6.465488,13.038683,1.5219454,1.8050824,11.603342,-2.665721,-3.3825557,9.158908,-3.265005,-0.8324791,6.2199492,-9.969833,-17.219437,3.823067,-3.2380235,-9.660698,1.8022548,-1.5256224,1.919734,0.11747237,-0.7938336,13.7797985,7.643496,-1.5470537,0.60687566,6.137765,-3.3618894,-0.5662881,2.717694,2.4398553,1.6961031,6.858143,6.0734453,3.694147,5.5160165,-0.045237403,1.7717373,-1.0705091,4.626849,1.1424397,3.096483,8.110033,2.4068413,0.89499587,1.6922587,4.1388392,-2.774345,4.9553943,-0.06659606,-1.7308029,0.4312926,7.4403815,3.0610216,-0.8388019,5.4914217,9.303103,5.9809794,-4.0052586,-7.743591,1.1435354,-6.5655107,4.9171033,3.1243703,-0.20635194,5.881124,2.5048666,0.64027447,-1.2879936,-1.4429431,1.1680013,-3.2090929,0.9235808,1.278079,3.0920303,1.7332515,2.214209,1.3340335,-2.6398687,-1.2924383,-1.4937382,7.270103,-0.113040686,0.30680385,4.1867604,-1.578969,1.3153244,1.5269067,-2.5886319,-9.332478,-6.489626,4.304562,-4.479758,-5.3038354,5.2089486,1.4418887,0.7710121,-6.913694,1.7418716,-3.5876057,-4.5685225,0.083782315,1.397573,4.7604647,5.553406,-2.490512,1.7329944,6.0182123,7.231118,3.310456,2.4534822,-3.3491259,-3.6674345,-4.264646,-5.115502,-2.754243,1.4375504,-4.557515,0.0,-0.11493934,2.12129,0.6237131,3.2687454,12.5743685,-1.671516,0.13993971,2.0227015,1.4516888,6.415567,5.1246057,7.146622,13.94117,2.1522224,7.3754387,3.0769434,2.7051606,-3.8150434,-7.135869,-5.1601353,-8.1089735,0.2071568,-6.7098823,2.9378085,3.0303009,3.126136,0.9107393,-9.150599,2.410382,-0.5495949,-6.6300364,4.055024,5.915478,11.555589,5.2191367,5.3525023,9.1929655,-2.1889718,6.974697,5.293498,-1.4184289,-3.0367918,5.238648,-4.4402003,-0.12655954,5.7286854,10.707027,11.795592,5.505344,5.547971,-0.15347238,3.3485715,2.138171,8.561592,8.103896,1.3986721,0.56373984,4.0609674,4.3879023,10.431888,5.281514,2.7728138,1.0215883,-1.5430849,-4.298326,-1.2184306,0.26655984,6.3604407,3.6365643,3.1091285,-10.681909,7.8246617,0.5970757,-14.032332,-5.3221755,1.1957908,2.6132793,6.184576,-9.536305,-2.8296838,-0.4646807,0.35375866,15.402931,0.31129757,4.7121997,2.4666,2.0626545,-4.5367045,-5.029751,-5.4742517
112,2.8812566,1.9366748,-0.022663184,5.151242,4.273378,1.3463309,3.358626,1.0041597,0.77644503,-0.2517729,0.58557904,-0.66973585,3.190162,1.6124024,4.2352877,2.040492,1.3070573,-4.6318274,-9.420431,1.8608103,7.141053,12.388612,11.081434,2.9850616,1.8828875,-2.6535869,-4.089982,-6.212843,-5.097416,0.19142999,1.3573554,-2.58539,-4.6156487,3.3072128,2.4810026,-0.54723316,4.3623896,-0.60779464,1.0792897,4.2888007,-1.8509823,-2.820444,0.36948538,-2.523495,-2.6588063,4.098209,-2.876553,2.7763402,-5.508662,1.13354,-0.6148683,-2.6951134,-1.0071375,-0.74661344,-0.2390344,0.2949482,-7.4241743,10.192144,-7.5810194,-2.9984434,1.8761723,1.1228131,1.5625937,-6.3374577,-0.6437134,1.3200548,-1.5145324,-2.7912767,-0.65025383,0.7896287,-2.5502982,3.6751037,-0.24466738,-4.681269,-5.1867137,3.2337575,0.15369898,2.8324215,5.3690453,8.5175085,3.6869302,4.9784627,9.819825,2.0663755,2.818416,3.4382372,3.0093837,-1.9331136,0.44483992,-0.049785987,0.2131593,-2.6295228,-0.78789103,2.7653396,6.5052,-1.8936925,0.43917525,-2.468715,2.8803303,-2.869961,0.9681504,-0.4062711,3.2115135,-1.983533,1.3704507,-3.5251029,4.4656005,3.8727427,-5.498911,-4.10677,-0.74732465,1.9742601,-4.860463,-5.214204,-19.082102,-2.736307,0.24724627,-6.928996,-6.7628593,-5.3110137,0.67620254,-1.4909034,-1.5260293,-0.84544265,-0.59954906,-8.096247,-0.96438104,-7.8919516,-2.8024235,-5.155632,-0.3590267,-3.346685,0.9224998,2.1044257,-0.020329127,-7.386434,3.4455643,1.4826673,-0.20222157,-2.2293081,-10.436475,3.1192937,-0.09994574,7.491884,1.0401174,2.362279,-3.6461532,-1.2031763,0.073154494,-3.5227854,2.1587093,-2.2111526,-4.680573,0.7241216,0.94072294,2.646982,5.9078026,8.820523,-0.08431738,7.0946836,-2.5800214,0.24626464,-2.8922668,-6.804435,0.8745426,-4.923577,-0.65432346,0.9276263,-3.3935971,2.0742915,4.001116,-0.09948992,-3.3475585,6.940769,11.048338,-5.7724056,0.9666646,-10.448552,6.476541,-6.4305706,1.2443199,-4.8620954,1.9428128,6.5094047,4.6000237,5.6065946,-2.0377722,-0.90862375,0.27063918,1.0684493,7.122886,4.409312,4.8894253,8.938682,1.5678513,10.313595,-3.6975753,1.2388713,7.456407,4.8223433,6.2013764,3.7954292,4.736237,-2.0065496,-0.5514073,-0.7637663,3.42678,0.45689395,2.6499445,3.9266562,10.596643,-0.4467459,1.305291,2.0589073,3.4947424,3.142715,4.9001274,3.411107,0.10968371,-0.16593304,-7.3574586,-2.942066,-0.14045098,1.6195427,1.2261559,-0.85087544,-1.3991741,0.945092,-0.05937698,3.370429,0.19215007,-1.5825421,3.9189272,-0.36621487,-1.0176378,3.7564607,-7.5591707,-10.15249,0.15708156,2.320574,-15.864465,-0.8013964,6.6425295,-6.9118953,8.834302,-3.0425017,0.16372304,0.9749896,-0.3243472,-2.599488,-0.85540575,1.4784893,1.4706385,-2.9717937,0.04713843,7.0169973,-1.5422488,-0.12975849,1.1981084,6.5059485,5.787316,7.469864,0.101461925,1.2415638,4.562134,0.5454739,-0.094336875,-2.7485235,-0.41425046,0.0,-0.3078319,-0.5051529,-0.11405538,3.7093685,5.7962418,-0.43043393,5.0089426,-0.8278305,0.36362883,-0.21102566,1.1734594,2.190394,-2.383567,1.5588441,4.6403093,0.6730313,3.827195,5.317381,3.15256,7.855581,-1.5991918,-7.9123783,-10.238946,-10.8273945,-10.249871,-2.5058675,4.4064894,-0.7816326,-5.211885,-6.097702,-7.129078,-1.9401186,-2.8424156,-2.797779,-1.4783438,-3.7905762,-6.580238,-4.824204,1.7812017,8.911859,-6.512518,-0.29673985,6.451934,-2.7079077,-1.804054,-4.8261313,8.935893,9.676895,5.245877,6.309036,3.7375178,4.5859437,5.668365,8.331376,0.11594787,3.4364064,4.7861466,-0.09193939,3.9246702,-2.322442,3.9781358,5.150177,2.6403718,3.495533,5.2631736,7.408428,2.5465963,4.3813963,6.2727885,-1.6583341,-1.0050588,7.4375772,2.8551595,-5.3828473,-7.4028673,3.9547217,3.164701,-5.5664854,-1.7819679,0.18077001,4.5569663,-3.0648372,4.289717,2.5546124,-0.8236536,1.9700413,-2.2690468,2.8450875,0.9695305,-4.9651866
113,0.63147277,-9.105632,-2.952929,1.9385414,-1.1397276,-0.7136667,-6.3700533,1.7070141,0.81862754,2.0864353,-1.5760311,3.649335,2.196589,11.097135,0.63023555,1.0846494,3.463312,-1.2591665,-1.235121,-0.8560483,1.5427498,10.07441,2.4535415,8.372063,-1.3668535,2.6400616,-2.520798,1.354907,-9.730971,2.7855773,7.273226,9.223857,9.379489,1.8994298,2.7579267,0.9473405,0.3762349,0.56673545,0.7349227,1.829102,-1.9937406,-0.9432302,3.2613213,3.8149776,-4.4420953,-2.8340945,1.9177852,6.688565,1.4416999,2.305223,0.20817882,2.125921,-5.91636,-1.8766065,-1.8957498,2.5346122,-2.4273236,4.653795,-1.4218543,2.078843,2.0126767,8.932919,5.1974435,-0.5832851,18.662422,-0.30367875,2.730493,0.48507842,4.8604,0.62183344,4.4091773,9.354402,4.379381,-2.777801,3.47626,5.4631405,0.9873896,0.93603855,2.4781358,4.9699416,1.9347414,5.0809383,8.078445,10.519968,9.990518,6.930689,12.995646,1.1419177,2.2432241,-0.048369665,0.39192942,-1.0223303,0.012027109,6.3699117,-4.5882,2.7142665,0.60024357,3.1047387,3.0953217,-0.22092451,-2.5529022,-2.5344493,9.344552,2.8378634,3.0543797,5.507889,5.060584,8.370457,2.492672,-5.7052107,5.3517513,6.568142,3.942696,-8.583417,-10.2491255,-0.7108469,6.719762,1.4128213,-3.5390558,-2.9655526,11.467842,0.99141324,1.4063965,5.752002,3.2188675,-7.6906695,2.0272045,1.4435858,-10.0317745,-2.6217685,0.80457574,5.4908314,3.22919,0.8688545,4.757095,0.2740894,3.5758228,-0.8098321,-1.2874713,-0.600271,-1.2109499,-0.11788561,5.828267,0.42671123,2.7903414,-0.12990399,-0.6299841,-0.117132135,-1.4918967,-2.9587154,2.473152,2.981395,-1.0492752,-1.0930971,-4.4909825,-5.630461,-10.2239485,-0.64369017,-1.9853456,-5.464053,3.2936053,-2.3533545,1.5292243,-0.785125,-11.716637,1.3136804,-7.218345,-0.2071963,4.340694,9.152257,7.19278,-0.22417586,6.856162,-7.411828,2.5892808,1.7076969,0.019749785,3.8728435,8.238093,2.5595195,-0.6625471,1.6034274,-3.1622503,2.1551182,-0.9342988,2.3885021,2.073171,0.49511707,2.6485338,3.7899582,4.2484403,-1.0073123,-1.0023094,4.151492,2.0083842,4.752201,0.57060724,3.8122125,0.63691926,6.1508512,3.9631217,6.859492,-0.53990585,-4.493842,-3.4848993,1.5587558,5.413239,3.687429,-6.3601594,1.7481415,4.4285655,15.368592,15.894482,4.335733,5.9221888,0.99717724,5.5377254,1.3630353,1.5818787,0.35639784,-5.4052434,2.2848017,-0.4488174,-1.0724827,0.6021876,0.31987664,0.050405536,-0.7649909,-3.783475,7.0916743,1.6052014,-1.8510689,-3.953759,0.025681276,-2.8200483,-0.23538175,-4.428087,1.9139006,-5.2385464,4.0807843,1.2418724,7.1998143,6.956376,5.429408,9.794842,0.012700203,2.81973,2.10234,2.8007395,2.2837224,3.299882,8.138698,4.634739,4.181221,3.3265088,2.6677537,2.1089091,-0.6577751,2.7146366,3.3106441,3.6895816,3.9043777,1.1194776,0.42125666,8.345755,3.439997,5.9986973,0.3158294,0.8683633,0.0,0.13920854,4.2383027,1.7966412,0.15385191,-0.44186974,1.1382393,2.5934994,1.9441454,-0.93954647,4.087949,0.76141983,-1.61591,6.522229,-4.966,0.26994672,3.5696528,0.65939796,-1.920349,-1.217125,-0.21922658,1.4065579,3.056129,-0.6680618,1.5325584,4.000131,-1.0459766,-6.10994,7.614076,-4.258666,-0.046219688,-3.6289396,5.9672523,-1.1538441,8.571673,4.2255874,-8.900204,4.0376143,-0.0092046065,2.1943524,4.608187,2.2248251,2.3771513,2.7064903,-2.2660313,3.652174,0.20367196,7.8680544,4.1890507,1.0400338,-0.99469244,-0.009426623,-0.9654239,-0.3470864,5.14206,6.3212323,0.97580373,2.6044078,1.8746374,0.87166035,1.2421201,3.9540894,0.96485335,-1.0309894,-4.961753,2.1793673,-1.0156343,1.5726653,2.2704644,6.3322163,-9.0288,2.800782,5.0910397,0.41689095,1.0328761,15.2970915,3.772116,4.406949,3.061236,-2.9068947,5.962118,4.2813697,3.2284136,14.509473,3.492351,2.5205753,2.226925,1.1022863,0.4134391,8.326353,3.9423084
114,-2.2397766,13.708288,2.5128336,2.6038084,3.9025474,1.675821,2.019713,-0.6510816,0.09348839,0.1969475,-4.0402265,-0.114789546,1.915226,8.396132,4.337076,1.5558399,6.7199354,2.342339,-3.8591213,1.5464603,-4.6003747,3.880552,7.845081,11.686494,3.6790485,-2.0504937,-3.4237142,-1.2317014,-7.3330383,4.8462143,13.831478,4.242962,8.791981,5.7215366,11.546855,-0.51842135,3.8951273,4.6638203,-1.111593,-2.2998781,-2.236519,2.0677814,0.8426396,-0.47418082,-2.3577979,2.3007002,1.6947187,-7.050166,-1.0111321,3.835638,2.8934295,3.8353004,-4.5196433,-0.36842802,1.0733432,-1.3130505,-6.0557466,7.6647763,1.6659756,1.9892147,10.031734,0.19614722,3.4339652,1.0445172,-1.8557711,-5.1404266,2.3968844,2.981063,2.4018586,-1.2392548,2.6029012,-1.9992543,1.5768759,-3.564056,-2.6737273,0.9370517,0.23438352,-5.7080307,0.980457,-7.712186,0.43670762,-2.5926688,0.3267068,5.5435853,-3.9516852,1.0425934,5.3395724,-0.4279089,-1.7210162,0.017735321,0.7211512,-3.4291759,1.1320639,-0.8299848,2.2887518,2.8991663,5.0323176,3.9770088,3.7052763,2.5113416,1.1554058,-8.79527,-11.184283,10.368424,-3.5978398,1.7093426,1.0443006,1.2426487,0.4567251,-1.6206443,0.92397594,3.202756,1.3419615,3.0967162,4.6857476,2.555669,4.299627,11.452406,-6.2271295,6.588555,5.8555684,-0.66868085,1.7401769,7.9560604,-1.7534797,-7.83057,14.527087,-1.267577,-10.109254,2.7720523,0.62434965,3.580958,3.9799643,0.36151242,0.091251045,0.48739484,7.653769,0.060228914,-0.61411494,1.7617359,2.698755,10.094724,2.5005336,0.23565398,3.3175323,-2.9229443,3.310992,-0.607897,-1.6675922,-1.3052534,1.5533974,2.0486715,4.853256,7.084153,11.1307745,-1.5476177,5.720135,-1.8843843,-0.7629372,15.55441,-10.223533,-0.9650536,-2.0882854,-9.669535,-13.626244,-1.8513377,-7.5319986,6.395852,-7.224186,2.6405146,3.615702,-0.011698298,8.167667,3.9395735,4.2671065,1.4903688,-0.106521204,8.671026,3.2012463,2.8493652,-0.37864912,-0.3710029,-2.661225,0.8709572,-0.26451856,-0.21355,1.0892819,0.50551444,0.9634007,2.8843708,-0.40807518,2.4559429,-1.5221739,11.655944,2.1453612,5.6321406,1.960187,4.7610946,-1.8338891,3.231593,-3.3833482,-3.031336,0.59031034,8.239269,-3.5848577,-0.83281213,-4.100986,-0.053432368,1.7975992,6.739274,10.445413,3.2873929,8.692647,11.342625,2.241057,-2.3529675,5.930619,0.87898433,2.3877692,-1.3579663,1.1446075,1.8569399,-0.32557788,-1.795962,-0.50348514,3.8868299,2.637012,4.309609,4.3895807,2.9803023,1.758269,4.8264594,0.14985994,0.681134,-0.5777455,-1.8949794,-4.256745,0.19841532,3.3861687,1.8009323,7.677888,-0.33828062,4.5172505,-2.1805568,3.6124485,-2.1687407,-0.93893313,6.762178,1.9623978,1.6316117,1.6662446,0.022552973,-1.0138193,2.6466815,-1.9363164,-0.5734475,-1.8780003,2.032106,-0.51624227,3.4444704,-6.760955,-3.9358256,-2.5587428,-3.4507396,-4.234767,-0.917987,3.7419355,0.21721363,2.1522188,0.0,0.015287894,0.71068,1.714626,4.0317216,5.7852645,2.373421,4.655046,5.1157775,1.449269,4.8873954,0.8775997,-4.6575904,-4.49579,5.026237,0.6444277,-6.1394506,7.130342,-1.1675941,-1.6318727,-13.590921,-6.1827893,-1.5752635,2.049734,-3.198298,-5.6251674,8.20621,0.53705674,7.0557847,6.898081,-1.0371217,2.5537174,4.4192595,5.5421567,10.954401,1.0666264,-5.232698,-1.4500872,0.82587,1.658766,3.4293683,0.040358577,1.4974015,1.3716105,-0.70432764,-2.3127897,1.5587674,0.6051801,-0.16859119,-0.8661327,3.6684363,-2.3391871,2.41768,0.012095155,1.3553101,0.48761255,1.8524914,-0.22283784,0.19874837,1.0448956,0.82525516,3.7194462,5.8651295,-2.3824458,-1.368776,-4.146682,2.602522,0.39548934,-0.5940135,2.1278121,0.29133677,4.2852526,-0.06217338,1.9873441,4.7701445,-2.6700912,2.1983335,-8.339393,-2.6652153,-5.8443108,-5.581259,-2.0623147,0.7621148,7.592959,5.002777,1.541488,-3.397643,1.8161436,-3.119678,6.528547,3.8075957
115,1.75882,14.113102,2.5816326,6.557426,4.656282,1.2197529,1.7688918,1.7603444,-0.7021164,1.2953919,0.7835917,1.4774995,0.6161357,9.136196,8.066013,2.6770048,-4.8958015,7.0645027,2.6253872,0.8960066,3.1625488,7.7767854,1.6766417,11.827511,-2.923276,-1.0138538,4.585815,-7.452489,3.446343,10.0286255,9.177339,1.4424014,5.918024,-3.6718194,-0.34631714,3.5883043,-1.7414149,-2.5075173,0.412409,-2.943343,-3.1347866,5.104809,-2.9092503,-0.78901035,0.03778108,-3.211278,0.33765176,-4.3135996,1.4787645,5.9940367,2.0092926,2.8018396,-7.521103,0.74791926,0.77233076,1.8222389,-3.4350173,7.0972433,1.0670711,-0.6276661,7.104361,1.5629932,-0.56361717,0.93764406,6.3763113,-2.4302738,0.31929564,-2.1976998,2.7273116,0.9831301,3.7356534,-1.3783522,2.906193,-3.4152853,-7.3665895,1.1236954,0.43605962,-2.672569,6.33849,-3.0494418,0.95416903,-1.9435527,-0.7960392,1.5330596,-2.7318432,0.9938877,1.0437918,1.4125051,-2.7297602,-0.08701592,0.4859916,1.130386,-0.21964079,1.5851533,-3.2681339,0.90039766,0.44111854,1.0882759,1.1640427,1.6210551,2.2840493,3.2224185,21.05846,1.6711974,-0.5383201,7.931765,4.16925,-8.215755,3.7379725,11.119709,0.9285808,4.913216,0.61017406,-12.6933975,-7.929861,3.7704837,2.472791,15.377039,-2.6540573,7.5641384,8.400284,5.839882,2.1451123,3.4512768,3.3334615,1.9751949,-8.068811,3.4281266,-3.125755,4.2052727,0.3039362,1.2059273,2.544188,3.3309383,5.3114924,0.06032343,2.1059685,6.921681,-0.976506,0.41840547,-10.202058,6.0661535,0.41469806,2.6143067,-0.9301279,3.0684595,4.390363,5.3450813,-1.2564639,-2.3898575,0.06560408,1.4122521,10.449582,7.284782,7.4647713,-1.2909019,4.4376526,-2.4451303,2.276311,7.6934237,8.339461,1.9048086,4.9217687,-3.4411426,-20.610643,1.4877768,0.37828392,7.2286787,-8.539978,0.68060046,0.25860602,0.26847553,8.066926,15.1320915,2.6270263,1.8712575,-0.2207392,11.431459,6.53012,6.65792,-2.3433685,2.4305875,3.617362,5.7327113,2.0271938,5.2446213,5.5374327,2.0549555,1.9297779,-1.6611382,2.4552433,2.681464,1.9187055,15.194376,10.74154,6.111718,5.2399273,6.9700155,-4.0154223,5.954389,1.081476,1.0190307,2.834856,1.1818899,1.3411846,1.118237,3.9697258,-0.8211518,6.001158,12.094661,18.939842,8.945756,19.36632,14.413275,8.641369,2.9322147,-2.2320788,-1.364701,-0.7500082,2.8070629,-0.70645946,2.2676923,1.3120055,0.90289146,-1.1132345,5.690886,1.9188839,4.9783587,1.9562621,9.734583,-0.31426188,2.174741,-3.433017,0.18789975,0.06644991,5.1052184,-1.9754288,4.145861,5.4548645,4.2345247,18.299526,3.0431547,2.4669251,6.9624443,8.38929,-0.49433047,-1.4315073,6.8556046,8.471921,-1.9884806,2.9510577,3.5686407,-2.1439638,-2.2880177,-3.871981,4.1830087,-0.9285151,4.04792,1.6771177,5.824709,2.2459583,1.4490708,-3.7854416,-0.69922626,-7.2686744,1.7821776,3.3306186,1.3765304,-0.20028503,0.0,-0.70633584,-0.93887675,3.06704,1.0898247,0.03632186,2.662446,1.9644029,0.42287263,-1.0834862,1.7781061,2.5413399,2.7182567,7.478899,9.6173315,1.1852045,4.2012277,8.457182,3.1208777,2.7159584,-1.085522,-3.6540675,7.2015443,0.6270031,2.3370948,-10.23803,4.8715343,-2.176838,-0.95070004,5.815972,6.6187406,1.5431421,3.4694123,8.740514,1.751426,1.2992527,12.907391,11.761667,-3.9852905,4.981154,5.371902,0.47792277,5.0648284,2.0637193,1.1662513,2.7850983,0.3399494,3.7512012,9.047555,3.4438622,2.187769,-1.0819569,7.002406,1.5399183,-1.9560905,7.6927733,3.988894,5.6332765,2.681518,0.46131617,2.0608525,5.698209,0.7036663,2.801024,3.555587,11.790992,-0.70393854,1.7328514,0.95585495,5.0132513,10.566233,12.358433,10.696401,1.6268076,11.181261,1.8302675,-0.38704392,0.096705,-2.1249065,2.8413532,-2.8985875,1.0412669,2.0640867,2.4410603,11.288668,-1.3788623,7.398466,0.46630546,10.452425,6.467187,5.648294
116,7.0912995,9.626851,-1.5853125,11.442273,5.718725,3.6203635,12.826329,1.8928106,2.309347,1.3723592,5.740355,1.139717,8.925017,6.640803,7.9200664,2.380327,6.104574,6.0197935,2.14284,2.5657122,9.218231,5.528728,6.1038027,5.1596518,1.2800157,3.0979009,9.1008625,6.0508847,1.0853182,8.791928,9.287525,1.3627478,14.398933,6.3679934,1.0160602,-1.9499927,-1.7893863,-2.2419848,-0.09427797,2.6411831,2.5804622,-4.575388,-1.4469078,-3.4952662,5.0982256,2.4770536,0.2635343,-9.84046,3.7750921,8.000371,2.9244533,0.20255034,1.033481,-2.4376528,-3.7114418,2.7134378,7.568257,5.001534,-2.9742284,1.0095031,3.2567976,0.42442566,3.9291136,2.554018,12.580223,-1.4604653,-2.544227,-0.44443688,3.0223877,0.29146194,2.3534951,0.90893775,1.2086496,-2.8394353,-0.5862916,1.547511,0.14237082,1.501428,5.3838906,5.8467355,5.061511,-0.8050082,3.7050438,-1.151737,-6.6189795,2.5840096,-2.9023705,3.0081167,-0.2910373,0.0457683,0.26484606,-1.152444,0.24604374,5.669824,-5.1512647,2.8768373,-0.66942066,-4.015818,7.630771,3.6498327,-2.969218,-3.46894,-1.4853281,10.485468,5.0442348,3.9686975,8.749153,5.9847593,5.2414722,4.4221516,2.58246,4.001323,1.8211174,11.3321295,1.8017514,4.5927906,-0.8583967,-4.223691,4.7907887,1.3535312,4.487796,1.8776959,-0.12948896,9.053514,4.8093324,5.1531124,0.94281465,4.9943357,3.2198699,1.8427074,0.4811219,-1.7168698,1.6972841,3.3783376,6.8818436,1.4901752,0.3056426,11.604853,1.8420224,4.711105,7.233231,7.9218035,4.3437076,-1.6703913,2.4027371,3.5384467,6.958079,5.253992,0.104396105,4.032455,-0.9551941,0.8356826,8.385894,10.537051,14.404821,-2.9050372,11.115936,5.4953194,-1.8307528,11.287656,11.124827,8.754572,5.209845,6.956468,-18.311659,6.199418,8.182536,-2.8295074,3.206508,-0.0049289702,0.16126563,-0.055208933,12.731207,10.544453,-0.4540725,2.1473007,1.4749411,13.086029,2.3184223,7.3017983,6.5037284,6.542993,13.928588,11.301277,9.298915,8.801356,1.4305708,2.5290427,2.397122,-0.47568342,4.6815457,2.540682,4.2106676,29.716328,12.818606,1.8659376,-0.31828868,6.234937,3.1916158,15.3587675,11.419291,9.307968,6.562899,-1.0430467,4.8199935,2.5230613,5.1313434,4.3529277,0.18195109,8.515619,16.203407,5.5364895,22.002405,14.590017,6.978576,-1.9219885,0.6783249,-2.7826128,3.7823372,-0.48395532,0.39285165,-0.75183356,-1.1762581,-2.6990998,0.1080569,3.9178002,7.2823963,5.4634175,1.2979541,3.5411885,1.0765653,1.097612,2.851405,1.6216012,2.1330948,2.881308,10.843271,13.548563,6.839684,3.6470454,18.36198,5.9440513,5.425049,7.420879,9.205275,-7.1058626,4.150813,2.7845645,7.8795686,2.0043104,0.41434544,2.1585124,-2.5633311,1.6707562,-0.45546445,5.627589,-1.6378243,0.592627,1.1570163,0.0786986,8.585252,1.32781,-3.028406,2.5523436,-0.47569266,1.7170858,4.175747,1.09608,1.5857582,0.0,-0.34622395,1.1299083,-0.039439034,2.6825917,12.446477,2.7370977,-1.9052994,0.42160928,6.218316,3.8635013,4.626015,7.244174,-12.731059,-7.0928173,6.4482574,10.172664,8.772135,-3.202152,-1.926702,-5.9712925,-1.3692334,2.2608101,-2.3328338,4.562873,3.2540169,-0.80050766,2.794888,-4.8748364,8.343726,5.81742,11.330246,-0.83738035,4.3126044,7.4658566,7.4435763,7.4914765,9.371685,0.8120135,5.9352655,2.7576137,-0.7438115,6.666464,4.436343,0.66323256,2.5783794,-1.7623004,8.114684,12.143804,9.6368885,2.6932726,1.2359712,13.99526,4.8417444,7.9697995,5.851047,4.560319,7.3893437,3.4767513,2.7069337,2.5516083,2.2801955,4.3878546,9.286473,8.376676,2.1022213,4.2170515,8.262186,5.940318,8.983756,-1.3098934,17.954048,4.8866467,6.9099526,7.562626,-9.118207,2.9069972,0.7663121,6.7608285,-10.341115,-1.5805175,0.5088147,-0.48504302,14.730235,2.5811002,2.6812232,6.807603,-0.41005132,10.975208,4.1805305,9.825081
117,-0.4286511,-5.2626643,-1.2523842,2.648657,4.11969,2.5134232,6.7648435,0.75569916,1.2402147,0.29453114,6.238569,-0.5635846,3.1892729,7.558264,-1.0318469,8.831493,5.850702,4.9366856,-3.15156,3.2667568,0.48022395,3.1571398,2.0543303,-5.626174,-0.7682266,1.2143689,2.3364766,-1.2014313,-7.463867,-1.1400571,12.411055,-0.06336039,3.6242723,0.15521412,-4.499008,3.9262176,0.3613114,2.4696927,3.4045649,0.45402744,-0.5498187,-0.9058764,0.7350398,-1.3676507,-2.2570217,-2.2678614,2.0279644,6.018397,-4.4022937,-0.48172912,1.049724,1.0293826,6.890273,0.7698291,-2.334196,5.597678,7.8225307,6.187705,5.2946186,11.464457,12.061662,4.9739246,3.2777164,0.9146355,23.769192,-2.3289723,-0.33503288,2.49021,6.0765405,2.693768,0.5205183,12.566545,1.159099,7.9054575,10.537515,5.0675154,1.1837065,6.1244836,-1.6113857,3.742235,6.975509,12.387709,1.4796041,4.004513,11.530828,5.3764052,5.096029,4.0785403,5.2011094,0.0370036,-0.25555614,-0.8453654,0.95020825,6.409733,10.478818,-0.93177724,0.53084904,1.7075022,8.238505,4.6399264,-0.26598513,9.636493,-14.30075,1.6457503,6.3467703,14.41642,12.8129015,13.680848,15.395205,-0.19273566,9.906258,12.661747,12.208213,16.470512,9.760889,3.363415,-0.23374604,15.996487,-1.2264792,0.049730636,6.309991,-0.76612246,1.2904626,9.236441,0.8602824,-6.7565594,3.5695632,2.1287725,5.1429915,-11.325634,1.2845663,4.475504,0.36314833,-0.12221261,7.9604883,-1.9622806,4.135361,10.273098,0.026543662,5.414125,-1.5266852,-0.33365515,2.639428,4.6205015,2.11984,5.8295326,8.454758,2.7463052,-1.1501296,5.262569,-1.8941374,-1.9711591,-8.383326,-6.7601132,-5.389337,-4.3140674,3.9674947,5.8199983,5.2050595,0.3440331,-1.8712713,-2.9222658,0.46154577,0.44528455,7.8653965,3.7121873,7.6023893,4.2237177,7.2213516,13.522506,5.353054,0.43767992,21.558413,4.748025,4.837358,16.011143,-1.224671,2.7430966,5.590367,9.419898,2.2222092,3.5659955,7.3834505,3.5892937,0.71395254,4.162,1.4201767,-0.124753594,1.8172175,-1.0862683,0.16751333,1.13834,1.3435895,30.370771,2.179866,4.253866,-6.8338933,2.6465554,-1.889864,0.89739865,3.9321678,9.757757,1.1055042,4.4641232,-0.40287015,5.097651,-3.3582509,1.6034809,-0.2592557,1.0761406,7.2123647,4.4004,17.03372,1.9232692,-0.8428788,-2.5675075,2.2017097,4.283854,0.08446346,1.0371124,6.6572366,-1.0262165,0.5978601,2.9103863,-0.41426894,-2.4986248,0.73652506,-0.5717192,2.0332706,-5.940661,0.49510187,3.402889,2.123594,0.99021506,0.12600842,5.099732,4.552818,10.816362,9.735767,6.420726,3.586611,17.064064,4.8452945,18.538898,30.588036,3.9717424,3.3853683,6.105542,15.870376,4.3587337,4.8570757,11.901235,3.805102,2.9898689,4.8962693,3.219536,2.7037523,1.1289951,3.8360472,-2.0040238,5.096631,2.536958,3.1359744,5.4495735,10.0260315,9.716485,6.4154196,-0.31668165,10.558629,0.0,-0.15938626,-0.0032359792,1.5718836,7.3477883,3.3340657,4.0420246,4.3114004,2.0237582,12.182023,3.3893952,4.897759,3.8793247,0.2839997,0.68950963,2.9506314,6.9330125,5.0848136,10.5406275,4.2899184,-3.5168145,7.4643464,4.9997506,9.201527,5.7168784,5.817044,6.017074,-3.351441,-1.6180063,6.335914,5.261424,-0.32207644,-0.034120474,9.803577,6.3508806,-0.52610373,0.8839641,4.4026537,2.397871,-5.4011087,8.656947,1.9480312,7.611133,0.74760485,4.736639,5.0137734,0.76580364,5.203262,2.7048573,4.976866,1.5074548,2.868932,7.2305617,0.56988394,3.58647,-3.715726,0.54733866,4.3768563,1.8858198,-2.5573485,-2.152607,-1.988332,1.4448076,-8.787608,3.118398,-8.547372,-0.1032329,-1.1740458,-1.1958271,8.083101,-1.0626923,5.216932,3.352485,-0.49425983,4.159362,6.6188226,7.7726364,7.765588,5.136366,13.413952,12.717617,9.979442,1.2898812,13.456427,10.259446,-1.8100327,-3.1624262,1.0468621,11.905269,9.027353,9.753181
118,-3.608146,6.270402,1.461182,0.8093154,1.3972213,-0.97943664,-2.856343,-0.45146343,0.3407745,0.7672566,1.4377664,1.3266758,2.3187554,-5.692798,-3.0246232,5.627137,5.411048,2.2440634,-7.216895,-3.9213386,4.9287715,4.89736,5.10258,7.301383,-4.1532116,-1.6480992,-0.18514799,-7.0668883,2.8255217,-1.4479401,6.0519013,8.756185,-2.3985188,1.8827972,4.6350923,-2.7442267,-3.5296795,-0.14407197,-0.85703564,2.5440316,-0.14485797,1.3035299,-1.4923924,-0.95553607,-2.2201893,-4.6858664,1.5015345,-2.1158056,-1.8341463,-0.99879855,1.1696332,1.1596711,-8.215366,-1.3434359,0.06785752,-1.3110865,2.1049232,-4.821491,-0.7877797,-0.46790847,6.892824,0.38321128,1.3546925,4.915453,6.962803,-2.1802783,0.117039695,3.0209293,7.0818734,-1.1787908,-1.4325092,5.826188,-1.8147273,3.6798244,7.4425354,3.5484006,-0.031340033,-1.2601701,-0.32463792,-7.50596,2.3442605,-2.1404283,-6.4276576,3.3109987,2.0244021,2.1038423,3.9766948,0.69235736,-0.47841534,0.093418784,-0.22405688,-0.17154819,-1.0078986,3.708846,6.7629895,0.26698926,0.3394945,1.7367649,7.50358,2.0097785,12.467312,3.4751322,14.962685,0.5037933,2.3832598,6.897578,6.8698974,5.492972,5.3579116,11.002922,2.9143457,2.0932431,5.160813,11.062511,3.8766525,-3.931364,4.5671506,-3.4917223,1.3092825,-6.913837,-10.717482,-2.6606143,1.7490443,-3.2000365,1.8649882,12.669838,5.476283,2.000863,-5.3201294,-7.8336816,0.7921412,5.680721,-0.5303637,0.071438275,4.4781213,2.9836948,1.6228764,5.1902723,-5.4222994,1.5118779,-7.2198753,-5.8972573,0.417131,-0.023028595,-1.3041642,-1.8723105,2.3997507,1.4218547,-0.340316,-0.28298154,-1.7503017,2.1420736,-2.5705032,-5.0118184,8.53621,0.39060518,0.86961,-1.8291457,-1.3259951,7.6017613,-1.0801347,5.712004,0.19339466,0.3051425,1.7084684,-1.3424406,7.3095717,0.119986996,7.771751,2.742448,-0.41194177,0.054437656,11.399541,-9.285978,0.23977627,6.525982,0.14776482,7.322318,-0.5722408,2.9884439,-4.8983693,-1.1170435,1.3017995,-2.6833472,-1.5297047,1.6968583,3.539041,0.69044286,0.76087457,-3.3333087,-6.767786,-0.3172175,-1.9284341,7.887445,-0.9841425,-3.1979413,2.712404,2.0315497,-10.092755,3.7469935,1.7504531,5.9745417,2.493719,5.0129375,-0.9981956,2.7606452,-1.4072555,1.2502927,-6.478994,6.3505006,1.8457814,12.9772625,2.9972825,3.4256692,5.198811,3.2992182,-3.0973935,5.8707743,-2.5532818,1.8894032,6.0588613,-0.9740564,2.57884,-2.9375846,1.313053,3.8528693,0.22874197,-0.35210386,0.37512702,-2.4279256,0.92433226,-1.1699933,6.161816,-2.4368782,2.7775888,-0.36124033,6.8784447,15.984378,4.7660193,2.713604,15.789243,6.0465326,-0.80677027,6.304334,6.59621,-0.5903298,5.097576,9.977861,12.056232,3.7484396,4.5938067,3.0622196,-1.2805938,2.2764204,0.47779965,1.5168687,-0.96578985,0.14193554,2.1334264,-2.2980626,-6.348499,-0.59219927,-3.0728252,2.609192,2.22331,0.013776967,5.7562,0.9176422,3.4873822,0.0,-0.55150783,2.50226,3.782628,5.8043537,-6.815655,-1.8040417,-1.7055134,3.8014512,6.621735,5.3473573,-0.3319174,5.5921397,5.2967167,-3.912177,-2.688113,6.634949,-0.9825803,1.9342805,-2.5274346,4.819355,3.6953888,9.048517,0.9356774,4.4739776,4.460443,-0.16509816,-6.867872,-0.3027041,2.0627615,-3.737895,-2.7966697,4.023206,1.1603738,7.5516424,0.5331269,-4.7523313,2.685183,-1.3865259,-0.66737473,-0.7267471,4.2703104,4.47321,2.0499377,1.3225747,2.9743545,9.041119,2.1352203,-2.4923704,-2.4146686,3.55385,-3.1367474,-0.968928,-3.1698685,-9.381629,0.7404746,-1.5123475,-3.0533922,1.4399203,-2.2264845,-4.120468,1.4663169,-0.83975744,-12.526738,-4.7843633,4.4845805,1.4040934,-6.3673806,7.7486296,3.225549,5.652745,9.223266,1.6193246,-0.95850414,1.9914757,4.827084,-0.51463073,5.364493,7.417233,8.039133,2.3809183,-4.008454,1.8066523,9.885541,0.6433919,-0.07148128,2.462601,-0.6793556,13.599004,7.186821,5.6518307
119,0.017284028,-3.3560538,3.858864,3.3542783,3.950677,2.5759306,-4.707053,1.7165726,0.9188808,2.7619326,-5.5225124,1.6012254,7.4783,-4.1114225,-4.2646327,2.3184984,-1.1111137,1.3957921,-5.2254534,1.488004,6.4166183,2.8314974,4.6896305,-3.3209646,-2.2411864,-1.9039731,6.221855,-0.22676004,6.4967227,5.6824055,12.983161,3.0985866,12.820782,8.744123,2.3004866,-1.9950094,1.2445709,0.214679,2.6508965,3.246084,4.19977,0.37621915,-0.539843,0.03874137,3.6098404,2.6712306,1.4249964,4.3240404,0.2590859,-0.23419324,-1.3891267,-0.17992349,1.2168597,-0.27536693,1.818961,-2.5938814,-0.6936153,-11.319202,0.938987,-1.6575251,3.616101,0.692527,-0.0234322,0.24394457,5.86469,-2.85238,-1.0315853,-4.3016353,3.463653,-1.8505545,-7.071898,-1.3621951,-7.455265,-0.16401418,0.99582636,0.47046408,-0.641517,-3.1649,-1.097974,-8.737387,-0.7802861,-8.964173,-10.213388,-1.8438962,-5.416434,-2.371461,-2.7664165,1.5812906,-1.2249295,0.030940842,0.20951644,-3.7205257,1.2085983,-4.9890633,-5.6345744,-0.5553351,-2.8054647,0.57721895,4.7579727,-1.3562394,-1.6163055,-5.445326,32.598515,-10.415857,-6.2984743,1.7422323,-3.3707027,-2.8540347,-4.426463,6.798354,-4.998314,-2.7165954,-0.6581002,5.2696514,-4.244535,-3.3487897,-0.51170164,6.0729127,17.81976,1.4965189,5.844647,0.931856,0.88597274,-4.52841,-2.5056877,9.826686,8.029013,2.2185888,-4.8065176,6.8655267,0.6987463,2.2188828,-1.0251523,7.0545483,3.324187,0.95771885,-0.3825597,-3.737064,-2.0675642,0.3317754,3.5474105,8.227933,3.0174973,1.9351729,-0.13716124,2.7491505,-1.6615129,-2.2442129,1.4397284,4.5899773,-1.667064,5.6717744,1.0792989,0.70456266,-0.30735686,4.069439,-3.4918704,1.9855471,-2.4342654,-0.61036223,7.2150774,20.318192,3.33479,3.5447586,-6.7341113,-1.4002295,2.8076935,0.7930895,-3.88926,-4.396354,-3.9045832,0.028564023,-6.8081064,-4.120296,3.2774215,12.652117,-0.4047724,-2.5677686,-9.836314,-1.1603198,3.4860094,0.8925233,6.0228486,-1.8008794,1.6493837,1.3450731,1.4192544,0.43769684,2.3978472,0.44398254,-4.5265903,-2.7145572,2.6898901,-5.191704,-0.5905203,4.923991,4.3496127,0.32023215,-0.21153198,5.6114335,1.0264145,3.8105574,3.4070837,2.938882,2.0588665,-3.8300314,0.65408736,2.92402,-2.2289708,7.8846726,6.286601,4.470696,17.61779,-0.19446473,5.6014366,-2.318301,-6.8737116,1.7363485,2.4687004,-1.4423169,9.520981,-0.64298356,0.07583213,-2.1692255,0.4315651,2.7493806,-1.7524316,1.0436512,1.506839,1.6901056,1.0441909,0.021273594,3.6536124,1.1379224,1.3761417,-3.6870153,5.0812106,-1.4141998,-0.089320235,-1.7071216,11.532701,3.6537912,-3.8150837,3.08938,1.2379011,0.14921284,1.2279459,7.9654655,3.9702365,-2.7574468,0.2511627,-0.11960245,-2.0736017,-1.5551547,-0.9177756,-1.9382435,-1.9393549,-2.8297439,-6.15771,-1.4071603,-10.714997,-9.109385,-10.26082,-4.1738744,-7.8897767,0.26362872,-0.068399735,-0.5468258,-0.70060056,0.0,-0.08201076,-7.078222,-1.0657635,-3.540606,-1.1721882,1.6556405,-0.6079038,1.3875184,-2.1762197,0.97463894,-1.8925195,2.4319537,-7.247926,-6.6082754,-1.7099898,0.24687529,-2.8246186,-3.8060114,-5.586958,-3.3348515,-5.4866962,-2.9118936,-2.4852679,1.1388144,-2.5234537,3.0328696,2.8211956,-1.916722,9.010386,2.6357076,-8.236928,-1.5332575,-0.7800722,2.2050307,-3.5169988,-10.542495,5.830183,-2.5770948,-5.4497175,-3.3077376,-0.61794764,2.0579848,0.31419957,2.9815254,0.96764135,6.150984,-3.318647,-2.8626049,-1.9415147,1.7321546,0.33448708,2.3236241,2.0411043,-2.5911818,2.780274,4.908671,-1.105652,-2.0066888,-3.7314963,2.5038805,2.2305522,8.0417595,-7.646465,11.175377,6.967208,8.16017,0.66865623,-1.5242016,1.7739395,-1.9075239,6.0554066,1.8328565,1.010679,9.936614,1.3372175,2.470425,-3.7451124,-3.4874806,-9.647359,-1.9461247,-7.7416806,0.87676406,1.3113431,3.300043,-0.16016734,-1.6453468,-1.8691436,-24.391146,-4.110753,-1.0567383
120,1.5529355,-0.84008247,3.8551505,2.4381928,5.6430283,6.3700576,2.159925,0.6993909,-1.3377619,-2.8754742,-0.92598575,-0.90735435,4.7446136,-3.4492683,-10.134703,8.775893,2.061138,6.5393286,-3.6599638,6.3246636,6.504941,-1.727953,0.38067257,3.8869722,-0.2433436,-3.0060213,4.5130215,-0.28428707,4.4639707,6.0914493,2.187635,2.8272076,14.143778,5.0345454,-0.5829976,-3.4312043,-7.340892,-1.1055487,0.9796998,-2.6120749,2.4819965,0.79021364,-1.9243658,-3.2402833,1.7271731,0.23830576,-1.4592297,3.474836,2.0396626,-2.3975832,-1.7603393,-2.6419315,1.666642,-2.9215174,-0.58683217,-3.2839143,2.5438237,-6.6563015,-7.9667263,-6.802703,1.2150549,-1.480902,-2.466112,-1.477815,-3.9065828,-2.384224,-1.9411922,-2.690583,0.5354573,-0.9157256,-4.7943907,-4.854492,-6.127352,-2.6512215,-0.29760167,-3.6914907,-0.91491103,-4.260036,4.250897,0.11804947,-3.8341446,-11.75358,-4.6058125,-8.83923,-11.557568,-4.814496,-5.9546585,-1.6396966,-3.338114,0.0022999684,0.36302146,1.7731106,-2.0812497,-2.3941576,-11.555652,-3.068079,-4.4876847,-3.614348,-2.4113953,-1.4675269,3.611385,-2.508941,21.61944,-3.287715,-5.0230474,0.1686173,-12.819309,-15.041248,-9.736918,-10.159494,-12.550904,-9.040968,-14.304194,-1.7195461,-4.0984364,1.4799353,-2.5423613,5.706669,28.256037,13.224606,6.07752,-0.058218226,-4.63016,-2.6040459,2.498986,7.7479043,9.078828,4.8833027,5.474934,1.7294815,0.032526698,0.9073671,-0.48130238,3.6030707,1.3577402,5.9246845,1.5059379,0.14003994,-3.5730157,-0.9703307,3.1070137,0.72874933,4.689703,-5.243963,-2.5848832,-2.0241392,-2.9796154,-4.644182,-0.10182789,3.3705359,-3.889839,7.025478,4.6295524,8.922589,-7.301918,3.8461862,-2.7485282,2.4411778,2.0178535,16.129143,2.779275,9.830609,4.247297,1.6436087,-2.4186203,-0.55529803,6.599197,-1.1920587,-11.131682,-9.655487,-7.30911,0.023110894,4.0680733,11.559342,-6.9525986,-1.7793084,1.999419,-2.8208852,-4.8558426,-4.0697403,1.2803165,1.599857,1.3138119,1.0798941,1.5952096,2.1486712,2.770418,-0.60504717,0.15688439,-3.86469,-1.184079,-3.9937797,3.610404,-14.698174,-1.4574716,5.817727,4.9479346,3.5178974,6.3118615,5.292911,2.6490543,1.0848906,2.2926273,1.5835791,-0.33907261,-5.739028,2.8900657,-0.61126953,7.665386,6.823289,-2.4018037,2.6537814,12.19282,5.387451,5.2667556,-1.4564528,-6.325239,-2.7431195,0.91412205,-7.3285947,0.74607605,3.4916508,-5.1598167,-0.2773094,3.6556454,1.0444943,-1.4411186,-4.5721927,0.82632715,3.3649993,0.041226406,-0.17263867,-4.3712335,-1.0490475,-0.75104123,-3.387081,7.313579,1.3256621,-6.833759,-3.3886058,12.560157,-6.312834,-4.4001336,-7.454772,-5.0089035,-12.090272,0.13886161,2.7161195,-2.67182,0.5282443,-1.5337634,-2.7800567,-3.239766,-6.666534,-5.7918077,-3.0599704,-3.3847322,-2.6210723,-1.8145196,-4.3958335,-5.6636567,-9.116271,-3.3623412,-3.0844605,-12.335978,-4.096981,-0.60074425,0.19905743,-5.7672477,0.0,-0.14579327,-3.0878477,-4.0526767,-0.9362522,0.26322728,-3.7330852,-3.0692601,0.19831055,-7.28838,-2.55163,-1.2863207,-0.4109705,9.372598,0.8027422,-5.7799597,-3.6174514,-3.8753228,-10.205365,-9.535479,10.56377,-17.50251,-7.674339,-4.408626,-5.6458135,-3.0405831,1.638847,0.06782315,-0.21185099,2.776063,1.3906183,8.614798,1.2279787,-7.5678678,-9.163657,-3.28897,-2.1907616,-3.4096828,-1.2528921,-6.568537,-0.98181653,-1.3467332,2.5258133,-0.29772022,-1.8243243,-2.921799,1.6160126,-3.9182658,4.0406895,-0.8286266,0.5161604,-1.1466916,0.54166645,4.1269507,2.0359032,4.092234,7.2680035,-0.5748526,0.09751899,-3.1858153,-0.17104527,2.331691,2.3172433,-3.4384754,-2.2510223,7.5903373,4.501226,-0.5616354,2.973606,1.6329224,3.2937438,6.566968,-1.8163702,3.3876584,4.33554,-1.233864,-4.6959243,-3.0350556,0.050833225,-5.28331,-3.8475986,-12.721879,-0.37796366,4.11037,1.0861679,-2.3007095,-3.044304,-5.6481524,-8.391462,-6.4393826,-4.299763
121,4.328025,2.6310658,0.37630445,3.4539866,2.1208503,3.9895055,10.01531,3.8957105,1.9932674,-1.8636564,-2.364789,1.6531421,2.6964624,-13.041003,-13.486904,4.674846,-3.9375942,-0.5354155,0.6229696,2.5318704,8.703656,3.6467435,-2.703323,5.1763945,-2.5092645,-0.2771689,-3.6448967,-0.41749108,9.4920025,-5.5801945,0.31542853,-7.712602,4.951441,-12.269573,-6.018798,-0.4483566,-2.4941332,-9.109771,-2.6448011,4.708524,2.0910246,-0.9083843,-3.4791467,-1.1181637,2.7001936,-1.3902149,1.4845258,0.09694046,2.7680593,-0.43390852,2.0197706,1.9534448,1.9896526,-3.2707155,-0.79154944,3.6087396,-1.349507,10.68951,-1.33699,-3.3426597,2.0569952,5.711027,-1.4665782,0.8970461,11.690698,-3.0300798,-1.4455208,-3.1965404,3.3703709,1.7494344,-1.0811192,3.632912,-7.64405,-5.4333744,3.3221984,-1.4759934,-0.29506263,1.0114592,4.319338,11.163164,4.386659,-2.4634287,4.3930616,-5.893624,-7.268343,-3.4800146,-0.5796165,-2.0360758,-1.1390705,0.025130715,0.15868227,2.7828667,-4.620851,-3.3372693,-4.3827453,-0.45189798,-0.98842067,-0.5370062,2.704609,1.4908183,-4.6403055,13.591654,30.61977,7.086558,-0.69790804,-3.3783822,-1.2737163,-6.4906244,-3.1107082,-1.869411,-0.26061735,-1.0853964,1.8855904,-1.6252642,-6.362591,1.3923622,-4.8225274,-5.258588,22.040897,-3.051182,6.949436,-1.6898581,-2.6115859,1.8370672,-3.8813615,3.0049036,2.80263,3.171607,-3.0824761,-7.177738,-1.2173011,-2.7096853,-1.2434319,2.261504,-3.888177,-5.200933,5.46669,-1.8098761,-4.924491,-1.072841,5.3764687,0.6495024,5.506501,-3.8512878,-2.029904,1.0649981,-11.242884,-7.6669917,-2.029625,2.8935738,-1.0110294,-4.154954,3.9253364,-8.75882,1.258264,4.6837754,-4.9946766,8.495003,8.09878,18.77462,1.3037658,-0.39720854,0.5719005,8.46405,3.8464255,-5.313762,1.4772948,4.118947,-6.7029514,-3.475496,-4.187957,0.10430793,-3.6119742,4.5515757,-0.93543375,-7.720013,-1.7439749,3.669425,-0.77572066,-0.34925598,3.289263,3.7893918,-2.9909115,2.8197732,1.9174854,0.09606186,-3.8719978,-0.38987717,4.52938,-4.281791,1.7144276,-2.3446171,2.8898766,-12.890527,-2.655786,4.0882716,-4.5302825,0.064385265,2.8901765,0.39222264,3.7378314,3.033436,0.91934085,-0.31415343,-1.3255708,-4.298818,-4.7246127,2.2947538,7.0380116,-0.6515574,-6.173994,-7.281919,14.478606,-7.0490375,-5.358766,3.9061482,-6.600144,-8.806206,0.5352748,0.14160457,6.5498276,3.016746,-1.3623158,-0.31403434,0.18172805,-2.2283356,0.7500223,-3.0010087,-0.34346917,-6.383881,0.24807164,-1.5318198,0.12164784,-1.366612,1.5321434,0.7900205,7.516343,9.453491,-1.4277786,-2.3388658,8.782755,2.5036006,0.17302482,7.199457,1.5131465,-4.1616826,1.1903869,3.023107,1.0636944,-0.953108,-2.309945,0.09646107,-3.7422962,-4.0519323,-2.1847212,0.96151394,-1.6373799,-3.8675513,-6.9211817,-2.479075,3.8998325,-1.3212211,2.7736855,-4.683494,-6.3083687,5.830525,2.5893831,-2.2887633,-4.145513,0.0,0.16653687,-5.9554987,-0.84075004,-2.3540313,-1.0541943,-3.7129977,0.93111223,-2.2178621,2.0219915,-2.4841058,-1.1431396,9.174182,5.1604743,-2.7450593,-5.241405,1.3593631,-8.4280815,-10.05943,-4.693485,-1.463105,-7.7078886,-6.267604,2.7463546,-7.6129355,-6.770856,-1.6062311,3.1791205,-9.596568,5.741849,4.1349587,10.150836,-5.6025977,-8.644093,-7.6793613,-5.3892245,1.3453357,4.1349277,-5.4429536,-7.9436154,1.884173,-5.7275834,-0.14340849,-0.00063326204,1.0689888,-2.7565856,-9.636805,1.1666881,3.7365565,-0.530289,-2.8694413,-0.24427101,-0.09238743,2.7064884,0.77678317,-1.485042,0.3720296,-0.2646152,-2.0078871,-2.978503,0.3792914,0.02861341,-2.870539,5.996966,-4.03266,-0.73138756,5.0966215,3.573177,4.8777733,1.9835284,0.60603863,-0.24480267,0.81258553,2.6072981,6.4491878,-2.7867246,-4.4897213,2.2249541,4.8007445,-0.85821927,0.60208225,0.114784345,-3.18931,4.66878,-0.034955848,-1.951667,-9.583094,-5.9939833,-24.550539,-2.72412,1.0567304
122,-0.9379219,-15.383836,-5.453402,-4.023958,-5.623147,-2.9870336,-7.876286,0.23683164,-0.53669757,-1.6660533,-6.112896,-0.6199618,-1.5858889,-9.042862,-9.117661,-2.4337173,-5.056028,-3.311162,0.9071482,-3.3182058,-4.7967286,-2.8167903,-3.6231613,-7.891374,-9.789175,0.94608665,-2.8930066,-7.739892,9.913433,-10.171311,-8.119679,-1.5757233,-12.719093,3.6384096,4.638544,-1.4484643,-7.352181,-5.1350417,-0.7685819,-2.0856912,-3.276924,2.1226225,-0.82605094,2.6200173,-3.1322193,0.14708583,-1.9523368,6.290205,0.8109789,-0.38677335,1.4545891,-1.7891032,-4.255913,-1.4935192,-0.65266037,-0.61096716,-4.883924,1.8554184,-0.19542007,-0.15308543,4.301117,3.4060545,-0.30560896,-0.7967108,14.814981,1.2412558,1.7641995,4.99716,0.17566866,2.2063549,-2.952576,6.413883,-2.4963171,1.7903984,5.6075225,2.7019432,-0.19479209,1.8467525,0.9587153,8.108833,2.133232,1.6492181,1.7397878,-1.2895399,7.4978766,-2.1805985,6.101592,-0.9171407,-0.31273106,0.1265951,-0.25946793,3.1007597,-0.61526495,3.1645968,-5.347273,-1.8927766,0.13051912,1.1049905,0.5229264,2.2802207,-0.7042033,3.6565034,1.0192355,-6.18137,-3.6600218,1.7917837,-2.3494012,0.56274366,-0.22367448,-0.72385097,4.573344,7.1421847,-1.7816709,12.385976,1.911457,-4.8639913,2.428643,-2.4514954,-4.016102,-4.957463,4.2986712,3.354378,1.606236,-5.253691,-4.965321,-5.394965,6.091004,-1.6151835,-10.111982,-7.301391,0.13982771,2.4051156,0.6227525,-1.4411837,-0.09184299,2.151296,5.193176,2.1520703,-6.2333627,-2.7883928,-8.945363,-3.6553316,3.9223998,-0.48388457,-0.31160766,-3.7568612,-5.1023045,-7.3328876,-4.5473986,-2.4916022,-2.3567803,-0.5422346,-0.21197985,-13.480319,2.4331503,-3.622253,-6.1710153,2.0386646,-4.0490856,-16.38549,-9.507554,-12.008223,-0.927935,13.987519,10.582342,-4.0277247,2.2402163,1.8631003,0.84901315,2.4360104,-0.5873071,-0.18663794,-0.38625,-0.727513,-2.5780647,-0.9040367,-3.5062041,-6.7586875,-2.6057506,0.59020317,1.828211,2.6765466,-12.891034,-2.8129675,-2.1850636,-3.0075157,-6.1522164,-0.22031748,2.3743608,-4.281853,-1.5141071,-1.2980088,-4.5811954,-10.681373,-7.687198,-5.333436,3.6400073,-3.810551,-3.6804388,-4.2293506,0.11186053,6.8538365,0.48599195,2.4181008,-1.5861882,2.5664358,-6.57522,-3.6881614,8.277415,-3.530436,-12.343998,-1.555433,-7.323926,-6.7232804,-3.1896322,-3.9709592,-3.0617168,1.0157783,-0.9722703,-9.339215,3.5380309,1.3427705,-1.9386904,5.7561293,-0.19556902,-4.5731316,-2.705006,-4.5781393,-0.2840515,-2.261807,0.5642801,-2.383742,-2.3165119,-3.144132,1.9110848,-0.8443424,5.8620605,3.6535845,1.9170545,-3.8970509,10.289686,0.26024836,2.8831313,-1.278333,4.2673273,3.8627865,5.5892797,-1.1561921,0.3205255,2.9991388,1.7816559,4.6318007,-0.22080605,0.088413686,2.3226917,1.4719219,0.41516498,-1.7055635,1.6087048,1.3097003,-1.9230416,8.190583,3.9333646,-2.8230946,-0.87505996,2.494434,4.446586,0.29407197,-1.7786334,0.0,0.09003164,2.2782662,2.4107592,5.083419,-9.1842575,-1.3485436,3.846004,5.1756215,4.693816,2.6926632,4.0960693,12.254037,0.8370454,-6.3924236,-1.98294,1.7806052,3.2580588,-4.0340176,0.3953991,-0.18013483,2.348257,-1.6097376,-4.6556096,1.7115781,9.152693,-4.7276797,1.6635752,-5.145409,5.4177303,-0.83322203,1.0177467,4.433083,5.2372026,1.065223,-5.4904695,1.325377,2.6087015,-5.2806277,-2.668321,-1.8095587,2.3380294,-1.3018458,1.5400212,-0.06361066,3.183433,0.60262936,-0.2426009,-2.4976084,-1.7214394,-1.6704983,-4.1326566,-14.502155,-1.8178309,8.798893,2.9985874,-3.47678,-6.1383247,-0.8366638,-1.833675,-0.938617,1.3397105,-5.726954,-12.241607,-7.8040166,-8.141834,-1.107513,-0.97856647,-3.2680562,-3.2516966,0.6019089,-11.208888,-7.6306953,-4.161748,2.5291476,3.287037,10.168339,4.8432794,-0.44836533,4.0920324,4.27875,2.58553,1.1013663,-8.313464,-5.963967,-2.0936286,-7.043918,-0.5308031,-2.5172749,3.4750679,1.901969
123,-1.7851235,-1.4971799,-2.7987583,0.6150457,-2.2325835,-1.3837129,-12.450102,-0.5417683,-2.4169447,0.21152835,-7.0781126,-4.0518527,-1.4658427,-6.7130327,-8.47941,-2.647995,-1.7275089,-1.7482202,-4.932804,6.1918635,-4.0426598,-3.7702832,0.18471895,1.8208777,-8.923076,-1.0906392,-2.0161314,-8.591135,-1.0744898,-0.39920363,-11.983081,2.0106788,-1.1883558,4.6061773,5.115517,0.71359885,-2.636953,1.2930657,-1.6566519,-1.0722057,4.360678,0.44517204,0.36748976,-1.984466,-0.009085287,1.1083456,-3.2233553,0.69581455,1.9666845,1.492857,-0.22685173,-1.8833442,0.6330553,-0.50361496,3.5306213,-2.7618814,-3.800187,3.0916085,-4.148574,-4.6870885,-6.8147383,-2.47964,0.30757236,-6.9353776,-11.985198,-2.9217129,-0.09558193,-1.264956,-4.320566,-2.229442,-5.104803,-4.6102967,-6.882493,-8.388064,-2.8794782,-0.9857594,-0.8889659,-5.121791,1.0925297,-8.45403,-4.9712844,-9.882284,0.17952533,-1.0695976,-10.411091,-6.153469,-0.2842675,0.14525604,-4.351798,-0.073161885,0.019171042,-1.1420718,-0.56839776,3.0187993,3.9549816,0.5958346,-1.8695471,3.038768,-6.1912727,-2.2235641,-1.5971174,-6.1301403,-28.270264,-0.32795104,-10.120108,-0.2704997,-5.1046686,-7.373134,-10.263904,-3.2267804,-5.0329814,-1.8076303,-6.5049763,-1.7374542,-3.428368,-4.318126,3.3444228,-7.203564,-2.959118,-0.7718912,-5.3826475,1.5250051,4.059502,-0.9832422,-3.2081215,4.132636,-8.232,-4.4942265,-2.1133373,-0.4241746,-0.5190493,2.0879722,1.6362454,1.7812338,2.5753105,1.6829005,5.0194736,-1.0450393,-2.8073652,-4.0504994,-5.6999197,4.458089,3.8162968,1.4631753,2.0127194,-4.761607,-3.7293313,-6.0458746,-2.562914,-5.9266925,1.9936823,2.3507116,-3.1144242,3.9761283,6.745484,-1.8086922,6.444781,-8.280962,-4.123615,11.697887,-9.98575,-6.3163342,-5.277519,2.3544376,-6.4950533,2.113087,-11.771473,4.554122,-8.049595,-7.5025444,-3.0887148,0.00129432,1.1483849,-3.843786,-5.4421353,-6.8347306,2.122333,-0.22520347,-3.5830688,-3.690857,-0.9823107,2.4127312,-12.406677,-2.4049044,-0.46887702,-0.8123524,3.3693287,0.8324549,-0.3675554,-0.591229,-1.759757,0.35006687,-1.4081967,-21.78232,-4.0149126,-5.9990306,5.863601,1.5585474,-7.080403,1.2329663,-4.1537576,-1.5577548,-2.108623,0.090031706,2.4531443,-1.1881312,3.630818,4.0496716,6.786604,-0.22220014,-8.189406,2.2115881,-14.690087,-3.3431442,3.2877462,-3.890947,1.2095042,5.41229,2.5820484,-2.1643453,3.2950664,4.327423,-0.11296771,1.2436541,4.000154,2.3808808,0.34742427,-2.2677956,1.4436908,-0.0651984,0.36755586,-3.6193626,4.056482,-3.172726,1.7692823,-2.9316378,-2.1079767,4.420475,-2.9047563,-4.2539434,-1.1324406,-2.7377498,2.8916233,-12.156986,-10.451944,1.5779893,3.3327584,-1.7382587,-6.736639,2.6088033,-2.548052,-4.822947,0.61245817,-1.799503,-0.42001957,7.0297685,-3.6040857,-3.4105005,-6.4740357,-3.5926597,-5.1850615,-1.5428406,2.2740006,-5.7118034,-12.295517,1.2332393,-0.52369684,0.14362219,-7.0232725,0.0,-0.06559924,2.6066294,-0.24097675,0.9266734,3.280801,4.900894,3.2692327,0.6656635,-6.692092,1.29264,-0.99941707,0.014605959,-14.894982,0.8656969,-0.58747405,3.1306517,-5.891025,-6.1883764,-5.970277,-9.703912,-1.4429972,-9.310907,-8.345065,-0.2808509,1.2162685,-3.642384,2.2088652,4.5405807,4.8296976,-1.3749665,3.32589,4.6503625,-2.3793728,1.9342303,-2.7845979,-12.103009,-8.059216,-7.148091,-3.662428,3.1000903,0.17075281,-4.2633486,3.8729527,-2.3848917,-1.1565553,0.87245154,5.2207055,0.91608894,5.6008797,3.1149762,-2.9120414,-7.265128,-1.9993193,5.2412996,7.7938566,-4.068242,-4.3031,0.870448,4.0405183,6.286018,7.087732,0.45533928,-0.04096172,0.36010653,4.506549,2.939742,2.4485068,-0.378154,0.5134264,5.5840154,-2.9374204,-0.43295035,-0.47688514,4.174021,-4.734164,-3.2469685,-1.4773581,6.6562176,-6.1777177,-7.166561,-7.6756783,0.36631984,2.256267,-0.5505006,-3.0131524,-4.905521,2.712072,-5.3817754,-0.25305268,-4.890267
124,1.8135892,9.60514,-1.0336114,2.3881176,1.7311276,5.207617,8.72171,1.9966247,3.3761394,-1.6161253,-5.07724,-1.530811,2.0061939,-9.442737,-3.6439724,7.0411854,2.5150816,4.22667,-0.8757803,5.980432,6.0484495,2.654649,2.3222408,0.40079343,-2.3498702,-4.7757344,-5.3211427,-6.7285542,-4.343931,1.9031408,-6.6037364,-1.5186052,-1.2409213,-0.8190156,-0.26345986,3.4473064,-1.899079,-8.0801935,2.76025,3.0779567,4.166239,2.7651322,-4.0880046,-0.9298757,2.6201797,3.0271869,-5.0281897,-3.6274426,-4.703764,0.95078135,-1.5784855,-0.41724598,-2.3656447,-3.6928992,0.7881717,-0.33471859,-3.2376757,2.1299639,-5.7935658,-4.4772863,-9.22288,-2.7436824,-5.701867,-4.083614,-11.564528,3.3869894,0.19196376,-2.0133233,-2.593572,0.3280732,-4.2525806,-12.456343,-3.6674469,-6.693409,-4.2794366,-2.9420917,-0.7368204,-4.1232815,-2.0247514,1.1097971,-0.8870262,-7.632344,0.6538896,-6.166862,-12.726066,-2.2284365,-5.683062,-1.0641754,-3.5161543,-0.09743371,0.49287477,-1.4164231,-1.5786487,3.2462032,-7.7418613,-0.6030651,-3.099379,1.6310525,-5.844638,1.2239432,4.8073783,-3.9362793,-2.8869646,0.065122955,0.20917627,-1.9942884,-7.8913884,-3.582102,-6.503794,-8.078987,-3.0495481,-6.493712,-8.245317,-5.387234,-16.745216,3.9963043,2.4805694,-8.024725,-1.9134325,7.3270817,-2.6153438,1.4397866,-3.9216223,0.5884995,2.886128,-1.0871516,-3.6494951,-4.1988006,-3.2852414,-7.602837,-1.2334083,-2.7085595,-0.2133199,3.441797,3.5762942,-1.8967146,4.1217146,4.064863,-2.761528,-2.8689835,-6.6323986,0.40890664,2.3487585,5.876719,-0.8789444,2.1814148,-4.021189,-5.9503026,-1.1869863,-0.1911582,-2.265753,1.3899367,-10.699386,1.8748088,-7.7535243,2.765061,14.259449,8.701733,-0.32721993,8.502741,-5.3246813,3.5228167,1.7750272,-2.2426887,-10.662434,-6.7195926,1.5505558,3.5381234,-3.381996,-4.259447,-4.019977,-0.22770411,13.27903,-2.9249818,-0.3810775,-14.508187,0.5753747,6.3832474,-3.4035437,-6.5192585,0.42772886,4.482542,-1.1908022,-0.9261307,0.07641873,3.3073676,-2.5266438,0.56910443,2.4001226,0.24052414,4.56821,0.72507054,2.2313635,-11.235154,-2.462934,2.9937541,2.4514973,1.1535445,-5.389575,3.5752497,-0.35242873,0.5524882,3.5131385,3.619242,-4.548554,-3.4277885,2.5396256,-1.2959547,8.462014,3.041651,-3.0232358,-4.0181475,-8.569696,-3.5823293,-0.47036168,0.5712599,-3.3559942,-2.2653973,3.6662188,1.5889441,-3.8837914,-1.3664355,-1.3272488,3.9141037,3.02874,1.2923464,2.404462,0.8848655,1.1245722,-1.0363585,0.8152676,1.187777,1.2900455,-4.078044,-0.76466495,2.056813,3.2961497,2.1037717,-2.6246247,-0.81757516,-5.154494,-0.11187484,6.4506364,-4.63865,-5.820767,-5.6911335,-1.8771368,0.32708985,-2.5736434,-3.050748,2.1626918,-2.888584,-2.393563,-3.5305643,-0.85750955,-0.015004399,-2.536752,2.4841936,-3.1900468,2.2722628,0.12073832,-1.2470888,-1.1837425,-1.3750465,-7.3228517,2.1573093,2.9602659,-0.97723854,-7.1384635,0.0,-0.3138309,-4.650241,-3.9085567,-1.2403421,2.9365108,2.506207,1.6887898,2.7593362,2.8880873,-4.2072425,2.4825568,1.0807054,-13.689571,6.7300797,-1.9053892,-5.2479978,-2.3861914,3.6426191,-0.8357117,-7.8364015,-8.36487,-12.171467,-2.0926237,-8.5016775,-7.4599085,3.285778,6.432389,6.5999866,-7.953321,2.9516954,3.968888,3.4995592,-0.8385617,-7.7359056,-2.7693462,-15.540556,-0.3601715,-7.241594,-7.880902,6.672616,-4.517041,-1.8120109,3.6509902,-2.5734057,-0.8590843,3.254047,4.810881,6.477845,4.851116,1.5177304,2.8038144,-2.825569,6.001122,9.887279,2.656324,2.6923652,1.508955,0.6469522,4.910978,4.8955507,6.239932,4.437189,-0.6083667,6.479344,1.8537257,7.1274543,8.003068,-0.55601704,0.74717164,0.20567197,-8.933807,-4.579731,0.97217256,1.2597128,-1.550922,-2.0786464,-6.233947,0.6999447,-2.6083627,-3.7409034,1.3296558,-3.5507462,-3.7286084,-2.4176397,-3.6843657,-5.7540693,-0.31341314,0.93301874,-1.3782444,-8.289219
125,3.2935424,6.529724,-4.687471,1.2202401,1.1595268,3.5350423,6.6127496,1.7918025,2.032865,-0.4425529,5.157578,1.5860977,1.6173615,-7.5198708,-0.39284438,-2.3470714,3.269737,5.286718,3.1906574,0.7294272,0.9723993,4.9410367,5.818806,8.928791,-4.0083375,-3.1069164,-6.375651,0.579572,1.7275333,4.7360435,-2.8652174,3.087958,3.801748,0.05096268,-0.011377899,0.68622524,-1.702131,-7.105666,0.35661653,3.7830613,3.6758213,-0.9111535,0.5849009,-0.7192473,2.559689,1.7565936,-1.0237745,-2.0685914,3.6318493,-2.6291845,2.5183024,0.86279243,-2.2418745,-1.0145267,0.0038389245,1.570148,8.662157,2.7553377,-3.0582929,-5.3338604,-1.3287009,4.3199153,3.3413534,3.2381525,-0.13335438,-6.2534294,3.8132875,2.1170015,1.716154,3.1704626,-0.8024496,-2.2559,-0.8101832,-3.1177647,-1.8538777,-0.8367028,-0.29942507,-0.5188668,12.30632,13.123626,0.33689362,-3.2831109,6.577436,2.3297791,-6.2145324,3.6676,5.9669414,-0.20075709,-1.7392548,-0.0005584509,0.18564272,-2.6454575,-1.8695524,0.0074362974,-10.316407,0.9674705,2.3028808,2.2945306,-3.950944,6.19689,7.025269,-2.9063795,-2.6014426,-1.8222959,2.9446878,3.5453699,-2.9114912,-0.16943373,-5.8277597,-2.2634323,2.8043,2.1921368,0.94697213,-6.8299074,-9.478228,4.040309,-0.41114005,4.5180736,-9.247121,5.0295334,-9.078744,-1.2351182,-2.0301988,1.9978837,2.8381279,-1.7600604,-0.1494765,-3.3421464,1.7416015,-2.9672055,-0.5997846,-0.66276085,1.551349,2.342069,-0.99552935,-2.913171,3.5205078,1.6099429,0.9156952,-1.0809941,-3.8184044,1.7380462,5.030644,-0.042558827,0.024364125,1.823836,-0.68976825,-0.8406657,0.6684143,3.7839012,6.5260897,0.32574004,4.7418323,-0.6597939,4.0366564,0.56486166,2.5293124,4.180781,1.0751972,-2.3551674,-2.252482,-1.1148502,-1.1802722,-0.70315295,-3.160399,-7.117784,2.6379344,9.489714,-6.8819385,-0.76066047,-1.9025557,0.08113256,6.2599683,-6.8531637,-0.8442364,-7.083844,-0.08792972,-3.961903,5.067603,-3.0348532,1.6300495,3.452355,-2.8828976,2.3381515,0.9580148,1.7805728,5.4837723,0.081602365,3.0882268,-0.59857255,2.132378,1.5478009,0.43557954,-9.469444,-1.2876989,-0.5988315,0.2580935,4.2625046,-1.6563553,5.8482027,6.53764,4.2375665,5.15538,-0.73610085,-3.2972507,1.6010993,3.9561179,-0.9506088,4.7006335,4.3209977,-5.594095,5.021157,-1.8895653,5.0466185,6.2805967,-1.1998373,-3.5994675,0.9099925,-0.017381534,2.6855252,3.007662,0.5977001,1.0602967,3.6192703,3.0162308,-0.1328323,2.6614072,-4.291667,2.6412494,3.7804992,-0.31390944,3.6416118,-4.164152,-0.4673398,0.1880009,4.754451,5.6467166,3.0535073,3.022379,-6.9144745,-1.4337239,7.124575,7.4809866,-6.271822,-7.9557934,-2.2652736,5.297085,4.9368815,3.8927166,2.9937449,6.277014,3.4212577,-0.35636288,-0.5513705,-1.2388148,7.266535,0.837327,1.7054905,-0.86180866,-3.278068,3.5767636,2.1683536,3.786877,0.53021014,-3.939589,10.929882,6.166994,1.9716911,-1.9129571,0.0,-0.3909708,-7.960758,-2.234817,0.8909257,-5.6031594,-0.63903767,1.6988436,5.147436,5.14418,-0.43536767,0.5924195,1.315974,-19.255531,1.2920911,-4.710623,0.85973126,-1.4031644,1.8068033,1.6952772,0.22531188,5.920136,-6.0438294,-1.1979967,-9.264755,-0.7944742,2.1355164,-1.0769074,-5.035753,2.940936,3.7388432,7.985762,-1.5701816,0.3525168,0.31215203,-0.82205397,6.3231883,5.8656006,0.70775014,-1.9692805,9.915891,-1.7724953,-0.47582698,5.8381176,1.4851415,1.864083,-3.087979,8.126142,6.2306833,8.414724,-0.050978385,4.196634,-1.3214493,1.2826223,2.0936792,-0.45561117,0.8319028,0.34988984,1.8659434,0.7688185,-1.7826715,4.6764655,-1.5621215,11.681379,0.17447509,1.042474,2.1854842,6.347881,-1.1459187,2.651945,-8.665052,4.1861205,7.160196,4.8717303,9.231569,-0.029408587,-2.8426878,-1.7699778,-0.055087384,-5.2976937,-2.0561204,2.0493422,-1.039947,-0.25813597,3.2894986,2.2271552,-2.5399668,3.8574893,2.8135688,-1.0250925,-3.0988426
126,3.0292444,4.6523814,-8.23082,2.690585,2.4942904,-1.22469,2.1019235,2.4798627,0.11613708,-1.7842822,-2.0915165,-0.28614464,0.33520043,2.3000658,-1.2558097,4.2668424,3.9671812,-4.8727565,4.610112,-0.14210132,2.6529543,7.133369,-1.5714236,15.841237,-5.900189,1.1386188,-3.5448942,-0.11593816,5.4002166,1.6819737,-1.9817607,-4.8821054,4.601002,8.040915,1.9408346,-0.32512596,-4.7431126,-1.16112,2.395261,1.7568266,-1.7827307,2.5851324,-4.238091,2.2133298,-0.75463045,0.78772205,0.04314274,7.46804,1.780765,3.5558677,2.9092896,2.2089562,-1.5367459,-2.9491026,-2.4571102,2.8344204,1.6693735,-6.3087544,5.0276494,-1.9666318,10.739989,4.232422,2.4755082,-0.9811412,11.181268,-2.496577,4.621995,7.4889536,2.480538,5.010012,-3.8026671,6.4122777,5.904954,0.77774894,4.693182,-3.5648665,0.4704511,1.9333467,6.895762,14.026536,4.3977733,3.9610875,5.6003613,2.6549575,2.8173008,6.0810566,12.739982,1.0355828,2.044072,-0.031629194,-0.23297743,-2.8844206,2.943366,4.42122,4.8691015,-1.3394078,4.0266323,5.97173,-1.7036036,3.852011,3.4943647,1.5562631,21.180006,4.6557827,5.05119,5.341877,0.91499895,-2.7446966,0.8458138,-4.2858896,2.1679537,3.9849296,-1.9083012,-10.681949,-1.4038059,3.121637,3.7746582,-0.025127744,-3.8923633,-0.7003279,-1.839133,-2.8466601,1.2423102,5.4183187,0.027816277,-2.320812,25.547405,3.846,-0.5790827,-3.9166217,-0.5356342,-1.0728037,3.210762,0.8128711,3.6975708,-3.105624,7.4405837,4.0471044,1.047194,-2.3295703,-8.584815,-3.109556,0.28813472,5.596621,4.337176,3.5291622,-1.1511726,-1.3629116,1.0855129,-0.8445692,3.3296843,-3.2009153,-5.2337,-5.454374,-2.343329,-0.98808515,8.077337,-6.317874,1.0247864,-6.315975,-2.5414782,4.1952457,0.7288763,-2.5589101,-0.32241118,-0.15822056,3.3152716,6.519708,-4.082862,5.9345746,3.6557357,-0.1728576,13.945964,3.1399114,1.0249634,10.975496,2.3349168,-2.724376,4.7608495,5.947789,2.2462137,5.6141877,-7.2624516,0.57032716,0.95633274,3.287554,3.474621,0.17792548,3.3824227,1.1617848,2.0716736,0.57191426,-0.8190836,7.0213814,0.7578648,2.300612,-6.1872864,4.030922,-4.424136,2.7068753,2.2781289,4.41749,3.1292658,1.9218004,-0.041570954,2.5895534,-2.4769993,4.4493384,0.9326671,-0.04429662,1.5965197,1.2022328,12.159032,8.335907,-2.8785796,6.1362333,-0.11859687,-2.245405,2.357639,5.303393,4.418639,5.479488,1.251761,3.085384,2.3331919,-0.51722324,2.9382997,3.1050003,1.2378352,0.7861068,3.7274868,3.1093616,-4.8897676,0.9669947,-0.5173775,-1.447059,-1.3186668,6.7223425,-1.5568217,0.2640489,9.639521,4.536396,9.19389,7.1241136,9.685774,8.366912,1.8943336,5.3477254,2.6534271,3.16254,1.7707868,4.6484365,5.0314083,3.1088877,3.251227,11.607657,1.2831947,2.2243423,0.7209818,7.2079954,-0.67908293,6.0554976,2.155413,-0.5373458,4.0564685,3.50991,6.2618613,1.7301435,0.71227866,0.0,-0.00067496556,0.004716357,-0.032676816,3.819108,-0.6507034,-3.8185432,0.27522972,6.00019,7.1037054,1.477073,1.195694,0.54761124,-10.394383,3.4414194,-2.7881236,-0.89980733,-1.9636836,-1.1635934,2.8810081,-2.5169952,1.383192,-4.267562,-5.264579,0.8246223,-0.37752792,4.190632,-3.8032336,3.1809394,-7.9563518,-3.9276116,3.7120924,-2.329208,4.4791083,3.125963,-3.048473,-6.293694,1.0995013,2.6343267,0.5989382,8.034141,-1.5609375,-2.3554099,7.0765796,0.6718005,2.4503255,0.33732155,7.869248,2.1183486,8.727346,-2.7941532,3.7808647,0.32192954,2.325659,0.7603286,-4.553841,2.904767,2.1729035,-0.09967243,1.2928455,-5.362038,2.8134563,1.9913151,-0.74445146,-0.21950023,3.2254188,2.9395516,1.6510113,0.08948704,0.5623294,6.0425243,-3.8605273,1.5810647,0.37783712,11.344867,5.426137,-1.7054565,2.025359,5.355091,-2.4244277,1.9643623,11.878645,0.3694314,7.4989686,3.3053591,0.9314621,-2.3840897,4.994063,-0.6845998,2.5952084,2.7268922
127,-2.0905354,4.643637,0.94673926,-0.87094814,2.7512062,-1.1231756,-8.708949,3.1405761,2.8992386,0.5240869,1.6948928,-0.3493861,-1.1153592,1.3710203,1.41213,5.969642,2.97614,-2.9414492,-4.389045,0.18959342,-2.1826837,-0.10540877,5.192648,2.3535473,-3.4375317,-1.7664963,2.4111571,-2.6232371,7.2634444,6.4911847,-2.146387,11.7339325,4.376033,13.169248,3.293658,1.0568724,-3.201051,0.20992957,2.6430817,-0.6547259,2.2500403,-2.0821626,-1.1040355,1.1098528,1.560825,-2.066141,3.2388468,-2.9106007,2.3541172,-1.6339939,2.2053995,1.8442905,-0.007333229,0.40362996,1.7244025,-0.92752045,3.6185005,-9.679237,2.9202993,-0.59490985,11.485811,5.5213766,3.8413484,2.5214577,7.84947,-3.6400518,4.582403,4.275163,3.4878926,2.031521,-1.7594022,3.391409,4.6648707,-0.82934153,0.05281987,-4.1695743,0.36958823,-0.82447416,-3.2365656,-0.21138486,-5.7128944,0.19532344,2.3245518,1.1885887,6.913173,4.152155,12.949247,-0.3993006,-1.4746631,-0.0002859287,0.20216405,0.62970567,2.5273693,7.5475674,-2.6556256,0.16754451,5.6916666,7.0861106,-2.916429,1.676708,2.2693913,4.818447,6.78217,-2.7526267,1.3197057,1.4579765,0.8171367,3.945931,-1.9642408,5.898758,-2.2243142,0.82103664,3.2002428,-1.9399971,4.7944283,0.3775157,2.2069502,-1.8298522,3.5012777,0.29475978,5.5867977,1.0803652,0.547876,-7.360032,1.7900264,3.1721063,-1.437763,3.6129742,-5.3918147,0.5809329,0.35786057,3.6356637,5.6517973,1.8072237,-1.0213858,3.600329,3.5158052,1.8066541,2.0280843,0.3514184,-1.0481068,-0.7054999,3.1506343,-1.1755928,4.0192947,0.20597763,1.9726733,-1.3203684,3.8219907,2.9369965,7.3324428,0.6342819,-4.6909485,-2.9759753,4.0325933,3.631722,1.6398319,0.98038274,-1.1362579,-0.65520686,-3.0878768,7.603887,-2.142017,2.357914,4.305259,5.3246903,-3.861328,0.47986773,2.7816854,5.8359504,2.1341076,0.12191342,-6.741027,3.1277688,5.8724523,3.0991526,2.3701491,18.721727,3.1475153,4.00925,-0.8350879,0.9401844,-5.2547197,-0.9488309,-1.4416151,-2.3812726,0.1715505,3.0785744,2.4904969,2.9414687,0.5580537,0.70881677,-1.9775468,0.23006788,0.940829,2.3335986,6.7345986,2.0516036,-4.818304,-4.2600665,0.370405,2.2316868,-3.7198575,-1.0600834,2.1537113,-0.8838576,5.0261803,1.0577126,-3.9373102,7.5298257,0.8246159,5.209814,3.4353454,11.509513,4.9051065,5.492706,1.7324456,2.84891,2.6024868,4.0048423,2.3150308,4.4936705,-0.086268395,0.3963288,2.4690118,1.2434059,-3.780505,2.863603,2.6213155,5.963355,2.1329377,1.9475266,-2.181926,-3.3855796,-0.19678083,1.8208714,-0.15755022,2.2383082,0.35414127,2.9525363,14.914457,-0.9372946,8.832374,-3.1588578,-6.667462,2.8781147,4.49449,5.6023803,-1.5994772,2.5758612,1.1345532,1.4199487,1.7935623,0.814028,-2.6454408,5.128555,0.3138502,5.031159,-1.8242512,2.1369212,-4.7812357,5.879693,-0.09419085,-1.6349688,4.321208,6.0519395,3.9663544,1.647713,-1.8202385,0.0,-0.7244056,2.121466,1.8910533,5.7807283,-0.20714137,-2.2795086,4.083031,5.875657,0.5340709,4.3018475,-1.6476209,-1.668835,10.368786,3.9359424,-2.8868113,1.5353981,3.1272998,4.142936,-1.7508299,9.871584,6.666992,0.6662831,2.0598338,5.7067776,-4.4423,2.2874336,3.2008924,6.7913275,3.7023523,-6.037342,2.2725236,1.707176,2.2041748,-2.6321738,-3.340761,-2.1397648,-1.6975005,-2.4229455,-6.0521307,5.248832,1.7154168,-2.9045703,5.265334,1.0804526,0.44058287,3.974624,2.9084435,-2.826811,-1.2049984,-0.018477645,-5.1702747,-5.59979,0.74043477,3.9854999,-0.0044775843,4.5081244,-1.315946,2.291616,-0.74915075,1.8703783,4.7272315,-1.5858278,-3.2211363,2.3208203,4.723971,6.921411,0.033968702,-3.8639247,-5.86493,-1.088819,1.4702668,4.026917,0.53110075,7.9827194,7.2376113,3.6800082,0.919491,-2.2078114,7.8279543,1.9257601,7.5188904,2.6803868,-4.5736628,2.1207619,-1.9569204,-4.5256715,4.2291603,-1.6134175,2.1024199,1.2016987
128,-0.48755112,-7.822874,6.215501,2.427331,5.6779265,4.2184196,5.421043,2.2371092,3.3621707,-3.189842,-1.2690773,0.37971136,4.7485695,-0.42271197,6.188187,5.3114696,5.4965515,5.6058745,-4.966892,2.5578067,1.4111956,5.441179,4.040018,-2.4829032,-3.3996649,-5.1183834,0.5204585,-1.1418893,5.282543,13.47261,1.4206578,7.371803,10.759708,13.781836,6.861152,1.2518406,1.8294101,-1.8604068,-0.14655839,-1.696053,0.12546629,5.1779556,2.5513632,-2.0647047,0.79294205,1.3745624,2.8973987,-3.3171904,-1.8354727,1.5493103,3.588467,3.2441242,1.6788381,-0.0807885,-0.35071594,-1.9258391,1.7168732,-14.63704,-5.319874,-2.1253815,2.5652492,3.3489425,2.7013745,2.5131297,-2.045333,-3.5227869,2.4135907,2.2351315,-3.0258853,-1.5441402,-9.431721,-2.7842748,-1.5652008,-7.5330534,-7.530498,-4.90278,-0.3812104,-5.9634447,-9.603389,2.7244596,-11.46225,-5.297047,-1.4904197,-0.058065046,-5.9458995,0.8955202,0.21786207,-1.5732307,1.882738,-0.08788917,0.2274148,-5.6425757,2.0869396,1.9527729,-1.4490483,-1.0250074,4.1817384,4.8704205,-3.761192,2.852312,3.524812,-0.29301253,17.9037,6.840884,-0.19614854,-0.8321874,-6.59732,1.3758572,-10.651348,-13.7446165,-3.385117,-1.3704635,-8.518566,-4.280355,-2.9955847,-0.5134655,-2.2815115,5.3982825,21.647642,11.131891,0.7709328,1.9002196,-2.1640887,-6.858508,-0.22827467,13.262043,-15.246195,0.829595,-3.0311098,4.9067893,-0.3309276,0.42187276,2.8560457,2.8206246,-1.3997277,2.1592293,0.9180551,1.4731356,-2.5504475,-2.0874586,4.8260713,0.57617116,0.37137344,2.1003711,-0.081755765,2.1763186,2.2410548,-1.0408283,1.3836724,-0.027857883,4.7836695,3.1003895,2.2105508,-4.8586364,6.540018,3.4550378,3.0589125,-4.598106,0.9658199,3.7929976,3.5094213,4.6401176,2.8338208,4.145665,-9.603806,-1.327156,1.6319554,4.669597,-7.9206276,0.025615074,-0.18436646,0.017304478,-8.513295,-2.535113,3.845118,-2.5997472,1.9444362,-10.383561,3.1768854,0.4903921,0.16848925,2.1967793,4.3411922,-0.14579,3.9856424,0.40792167,4.137039,1.5764287,4.255204,-6.9079523,1.5964673,-1.9198865,2.0963757,-1.1993656,7.7812443,3.9947228,2.1269631,3.428166,7.135036,7.2924232,-1.8758019,-0.716514,0.48630735,-5.375813,0.40766072,-1.426354,-0.3686867,-0.3835705,2.88825,9.701972,-3.8378086,-0.5198186,4.759773,16.442095,8.18817,1.0353811,-7.7950096,-5.204681,1.8190467,-3.1068516,-1.7006567,4.930071,-6.7833557,-3.204915,2.079775,0.13418409,-0.10185975,0.92488647,-1.7524042,5.1526136,-0.1673769,5.146299,1.910281,1.712169,0.97093606,-0.37939167,3.4741833,-7.399114,-5.494107,-4.16177,8.452771,-0.6196868,7.869888,-1.2307587,-6.7499237,-1.4070245,3.5521643,4.0336227,-6.300436,3.5756547,3.4491026,-4.2283797,-0.14237905,-0.4552008,-0.9036135,1.4194307,-2.8104663,0.89677405,-1.7269409,-1.6262342,-7.5702453,2.7822733,0.65604395,-1.6983465,-0.82569116,6.4337335,4.3672347,0.6059282,-3.5574386,0.0,-0.40600395,-0.56879723,0.6569652,3.4613678,-3.796351,0.8692247,-0.27969038,6.1462984,-1.1624391,-1.3175452,-0.27143073,-0.25661647,3.2474382,-1.1948181,-1.5626125,-6.6939144,-7.0262303,-5.389645,-8.440973,12.142252,-1.5667424,-5.9831696,-9.907531,1.4006634,5.336157,0.124090545,0.3806343,5.8695154,3.5596797,-2.9011662,-3.0737488,-0.18416077,-6.367218,-1.9469479,-1.6580465,-3.3890438,-8.478935,-8.660837,-1.2193934,1.9215442,-1.7527642,-1.5779108,3.6620593,-1.2218817,-1.3341156,0.7948867,-0.8196501,0.7092954,-1.9037244,3.1312876,-2.3517814,5.8722973,-1.5600101,-3.0837154,0.12833494,2.0643008,1.3830545,-2.600685,2.40641,0.8059496,4.545578,4.316349,8.298971,-5.155297,3.9341176,6.479447,0.3796359,2.0808535,-0.63081527,-5.0163817,3.9691095,1.1762341,-2.053077,9.181186,0.43699783,-1.3222674,-6.31817,3.1229074,-9.636588,-5.1752553,-0.27000776,-0.8868855,1.421826,8.045025,1.5131407,3.276998,0.9629682,6.865228,-0.01440678,-1.5917747
129,1.6562122,7.1149383,8.026203,3.4391727,3.8788178,2.393171,1.8670956,1.8215264,2.4246366,-3.1547863,1.0239636,-0.73392135,2.2696059,5.058682,7.634485,0.87838596,4.6355906,-3.4690926,3.0347815,2.147837,2.0965085,-0.936912,0.95951337,1.1135558,-4.453564,-3.1920304,-0.80615705,-8.0321245,9.292453,9.01021,2.6471436,1.8992336,8.504295,13.405964,-4.1074014,-0.21707995,-6.31463,-5.052572,-0.06629052,0.3608657,1.5156697,2.9578407,-3.7522306,0.5357045,2.365911,-3.980028,-1.0785623,-0.5016556,1.9243127,3.9287293,1.945678,2.4041522,4.4676185,-0.97274995,-4.117554,-1.8077222,0.96190655,5.0230575,2.0136023,-3.4271767,-0.80341935,4.0828,2.9455426,1.9588675,-9.47282,-6.6547327,2.3397243,1.3269207,-2.7210584,-1.4161315,-1.4132451,0.29669005,-0.19838138,-6.036124,-4.605646,-7.7361474,0.044615854,-4.0612698,-2.8159957,-0.85290074,-5.281806,-4.1301203,2.9095676,1.3293688,-4.7693825,3.1831005,-3.3832028,-0.80357885,-0.15094869,-0.028589815,0.57058036,-3.0764306,-2.4632125,-1.3067421,-1.9715636,1.1723145,1.3780774,3.3288882,-6.9762664,-2.5134223,-7.7670727,-3.7676692,25.238066,-0.3544686,-4.965782,-0.58041936,-2.2530742,-1.2577183,-11.616707,-2.9134686,-0.4933038,-9.502116,1.9001509,-17.769028,-1.715611,2.1994624,-4.63859,-6.021567,15.765175,8.696318,6.962089,1.1349128,-2.9652815,-2.9104738,1.2961943,3.850327,1.9510103,0.5123408,-5.435946,4.6343975,-0.97047055,-0.51696265,2.7963328,-1.5563974,-1.0301499,-2.5451937,3.1747882,-2.6083252,-5.708281,-2.5856156,-3.4594626,2.0134184,-0.4860423,3.5448747,-2.4485862,1.6093953,-5.472041,-6.323803,2.6609693,2.0263295,1.6396319,1.812886,5.3413734,4.4646235,1.1012515,-2.5485277,-0.4691786,2.556522,7.094965,2.901348,-4.6213193,12.092993,-0.40502536,10.343871,-1.6856178,-7.4320946,-5.6398273,-0.1309262,-14.194362,1.8081623,1.325579,-0.11420352,-8.377075,0.30717167,0.97383404,0.7949963,5.408939,-3.2790456,7.9749455,-2.713368,1.833206,-0.69597787,10.707863,-1.3635207,2.1149156,-1.026467,0.44809967,-0.25625345,1.7495328,-5.226637,5.7359514,0.8803087,3.3115847,6.9114122,8.111284,3.8629863,0.39544684,4.3351603,7.793209,2.092025,0.3031486,5.3221035,-3.6441557,-0.40525183,-2.8181875,-2.59309,-1.3758825,0.67363155,0.15398662,7.243269,4.939697,-1.4643137,10.471838,18.432682,8.703225,-5.2439675,-6.4358196,-4.6431136,1.8880813,0.61278355,1.4979205,2.8277702,-6.068533,0.47154576,3.3930004,-1.161309,-0.8070237,1.9309366,-0.09270646,6.481417,-0.02205292,0.9992889,3.9621034,-1.0191653,-1.7689419,-3.5349798,4.1674542,6.235393,-7.7467403,2.782365,-1.4355283,-7.6029744,5.3246465,-4.9442806,-8.122664,-7.750438,2.6427796,5.378266,-5.782052,1.6862622,3.2398143,0.41652095,2.3814886,-3.1076627,-5.0040817,-1.8296778,-3.105953,-1.4201646,-4.594253,-1.0545316,-0.29507083,4.7647176,5.381256,1.1315886,1.6236063,8.139505,1.4425937,-1.8975292,-2.537548,0.0,-0.8193308,-3.669536,-1.5848962,-2.5551233,-5.0746274,3.0145178,0.35106483,2.8134265,-2.2747705,-4.7520537,-3.8935885,-3.1427495,-20.778795,-0.046363585,-7.2185373,-9.255275,-5.068775,2.5613232,-0.4610311,5.6773286,-3.4565275,-2.9858356,-6.5998764,-3.3665583,-13.3543825,1.3147062,-0.820106,-0.19712663,15.695424,-1.4378712,4.195788,-3.6710668,-4.8660836,-5.500015,-5.09411,-0.037909407,4.8989067,-1.9667193,-2.6045725,1.7413772,-1.9606353,-1.1089252,3.406571,-0.9334195,0.88543713,-2.5068529,-0.47803816,-2.8312225,1.0041813,0.74503404,2.679337,8.278851,3.434478,1.6412283,-1.4775854,5.505298,0.48528692,-1.8606167,4.6873307,-0.102995574,2.0089715,6.06872,4.8226395,-14.8806095,0.37565643,2.869392,4.5731177,0.20886019,1.3749354,-4.5554967,7.1001067,1.8305361,-0.61266994,10.497598,-4.7770886,-0.22132704,-9.920174,-7.3008685,-7.1163507,-2.1125891,2.2535253,-1.547543,-8.817458,-1.4042434,-0.6512278,-2.7976224,0.78320533,-13.108696,-0.38301507,-1.7252913
130,-1.4634999,2.1914904,2.8705416,0.69863135,-0.1441794,2.945714,6.9746695,3.4458537,1.0886061,-2.2479835,2.3024108,1.3458258,3.4695828,10.72879,-0.9783254,-0.043400034,-0.53437984,-11.059226,-3.4880996,-3.5489614,2.9425755,3.9049532,3.0978274,-8.516931,-8.727716,-2.0303774,-7.770261,-1.8674091,2.8248243,2.2441158,3.8617625,-5.732386,9.137768,7.861112,-1.7931182,-4.030496,-5.309478,-5.10679,-0.20566268,0.29284912,-1.4396766,-4.3390627,-7.1756935,2.295322,-2.6543229,-2.0370913,0.43078345,2.7557645,-3.9657834,-1.9653839,2.0138001,-0.7315189,1.6813803,-0.21974301,-4.002344,5.320755,1.6339576,-0.24225707,3.4974496,0.31924912,6.40056,8.200193,3.7352638,1.5497341,4.9972377,-5.1571946,4.7414203,4.4989195,-3.2876816,2.5366588,0.43932915,2.8000612,3.511438,-4.204338,-2.9770603,-4.722532,0.35025048,0.417568,-5.799552,3.0390818,-1.8476495,3.7199605,9.244438,1.8663934,0.89735425,6.179592,6.143788,-1.22169,1.7516701,0.12196319,-0.010535806,-1.0119659,-8.793769,0.70836157,-7.8168206,-1.2175633,4.0664864,1.5983295,-9.060241,-0.123208344,-9.342284,-2.5433831,-20.268291,-6.671685,-8.51812,-1.1137062,-8.094544,-1.9286702,-5.0899053,-2.9215393,3.6871734,1.8957033,-0.5849771,-4.0708137,-1.5868055,1.0648664,-0.49154454,1.2044802,11.823575,-2.4205208,5.714286,-1.0617069,-1.5180556,-9.107154,-0.41577882,6.077338,9.977132,-1.1965317,0.24720451,-11.725101,-1.0183166,-5.1265283,1.0474763,-0.9133571,0.011350031,-3.2760372,4.090516,-8.13442,-2.2256382,-4.832725,-6.236614,-1.6380786,-0.35059014,4.397269,1.3008468,0.52155566,-9.323915,-6.77016,2.4491973,0.87171155,1.0650637,-2.814918,-1.0536784,-9.72933,-1.2892493,3.0457249,-6.906317,6.3652716,0.45790556,-6.0170527,-6.7107854,-0.6988469,-6.3210244,-1.0937327,2.2536385,-2.474422,6.1108947,1.0570698,-9.547379,5.9445553,2.2106595,-0.2742579,-3.1837537,-1.9048613,-4.4409795,3.6810896,0.2272744,5.9452987,5.277447,4.058455,1.2826531,-7.6120305,2.8707144,-1.3707556,-0.9047261,-2.4716184,-0.05160316,-1.0009832,3.2463808,-3.8287458,0.74769926,1.6593945,0.8098307,9.364411,3.743099,1.9962054,-0.059427846,-4.3728743,9.396534,2.749462,3.0863,8.330145,-0.667873,3.3806868,-4.2228127,0.6528548,-5.2018905,-0.10662344,6.018502,1.6053238,2.4165716,-2.232861,11.870413,4.9538093,-1.6806809,-2.2311902,-8.5721655,-3.4545279,2.4450707,-5.724645,-7.72054,-3.770776,-4.4989038,-1.5847782,-4.2618155,-6.2452483,-2.0981297,-0.65099347,-7.180831,3.950423,1.267832,-0.87637275,-2.372266,-2.8583026,-5.333708,-1.5101928,-1.992422,-8.317831,-6.743725,0.3991569,6.9949064,2.6358669,7.8222895,-2.0283003,-3.7403219,-3.662914,2.6429625,-0.8009965,-0.42076203,5.1647954,6.70275,3.0094926,3.343785,-2.109465,-0.5220665,-3.562343,-1.8571328,-3.0558686,-4.885195,-1.3086604,-0.23265776,7.9587064,5.6590858,3.3701632,8.676162,11.115998,4.370544,0.5877456,1.5746826,0.0,-0.31713405,0.86888844,1.1185983,0.12532108,-4.426582,-3.5283852,0.96467483,0.4337325,-0.047170702,3.237851,-1.2636862,-0.16207804,-9.393472,-2.4951825,-5.3169947,-1.7641343,-4.6968646,-3.1030087,-2.8080342,-0.24920265,4.9057655,-2.2039287,-12.570883,7.626564,2.7429023,-1.8180752,-4.0807123,4.528663,-1.3625884,1.0778708,1.3724563,-1.096876,-5.516409,-10.666423,-2.5270214,-1.0829202,3.6296961,-1.9847906,-5.3041964,3.3642476,-1.9303112,1.2542379,0.009358787,-1.8072517,-2.63307,-8.14511,-3.2069502,-2.5074966,1.0597407,-0.14339982,-4.421632,3.5781863,-1.6654198,-3.5619912,-2.9935782,-1.6161572,-0.18829766,-4.1838093,1.1698895,-7.616868,-2.2589529,-0.7752607,-8.984513,1.66285,-2.2974832,2.7961683,-3.8735456,1.9811811,-1.2285488,0.3388079,-2.8035777,-5.7950473,-5.5867157,7.8033543,-8.675113,-2.398989,5.718017,-0.9556186,-5.7081685,3.536343,5.0042987,-1.0335379,-6.28021,-2.5349321,-0.8640574,-0.23111282,0.89411443,-27.317205,4.55369,6.318446
131,-2.9279861,-7.6976933,-0.17014945,-3.503693,-2.9125268,-1.3984135,-8.094158,5.8254776,2.8683207,3.9754813,0.22214468,7.356492,-1.7337372,-0.8475104,-3.0311701,0.5538581,-2.133484,-3.76886,-6.387631,-5.9072475,-8.484917,-0.58502066,1.3227206,-10.547469,-11.94814,0.18416874,-2.4753685,-4.332286,5.702099,2.6252172,-6.453649,-3.1934168,-6.648434,10.018964,2.9836044,-2.733067,-6.3677535,-3.050536,0.836385,-2.065689,-0.25123855,-4.54558,-1.7116977,5.702541,2.8673427,-7.6476607,-0.42554793,0.5482777,-2.4244053,0.19669694,3.6600635,-0.32336783,0.16000003,2.5772405,-0.19088644,3.443111,11.082012,-5.6412635,-0.23439555,-4.6072297,9.175047,10.347281,6.2250867,2.3477821,5.160329,0.00092942745,5.7874756,4.6057453,1.1585181,1.7333708,0.92999125,5.9262853,2.8076837,1.3841443,-8.323382,-3.9237115,0.43550605,-0.98643297,-9.013344,0.41616303,-0.68937176,3.615851,4.476123,5.698176,7.7879663,4.5911074,9.378789,-0.20314653,-1.154761,0.0678158,-0.1041473,0.3790825,-1.0747141,-2.5173812,-2.9450915,1.0531486,7.597021,6.7396502,-7.4530234,-0.31980318,-8.813686,6.7801914,-10.716526,-3.1245306,-9.476715,-2.9463212,-3.3124752,-0.9569402,0.9821231,2.1102514,-2.0606735,0.85422957,4.176732,-10.815282,9.748564,0.5550605,-3.5639808,-2.3827107,-8.564298,1.4138466,13.164411,-2.293416,4.2095346,-10.988803,-0.6837018,-8.174424,-0.6596878,3.4172866,-2.9782283,8.243962,0.017778724,0.76608425,5.040046,2.2317772,2.0116396,-0.81676537,4.8286386,-3.2935815,-4.2539215,-4.9229827,-6.024027,-1.2473539,-2.7665017,-5.134445,-3.2619238,-1.8238376,-2.506475,-4.286236,3.5759046,-1.6759984,4.225763,3.8300464,4.6470885,-13.05099,-7.4608006,-5.323362,-7.6702685,-5.313955,-0.0875557,-4.7650814,-2.5153277,-6.8786926,-10.997961,4.8978724,-11.937807,-2.5617533,-2.5657034,2.3785942,-6.2276144,9.050628,2.114265,-0.046942465,-15.764218,-12.443577,-5.232618,5.040501,-0.9679785,-7.4580145,6.551419,3.152736,-0.84954655,-10.785009,2.7896328,-4.04752,-2.612843,-3.0254037,-6.299613,4.783179,6.805899,0.6889081,1.8531157,0.56499606,1.3159871,-2.0318356,-0.38474703,1.9833747,-0.54939336,-4.4382057,-2.196271,-5.97492,0.56049687,2.262149,-6.6426716,-2.6948752,-3.1672444,2.92945,-5.512062,-6.1120057,-0.9894694,-3.1579542,-13.299766,-8.135914,-4.7330317,11.422233,7.0085077,1.4066035,-2.1043425,-1.6626607,-0.0033185813,-0.6770456,5.373545,-3.2285326,0.8652284,-3.3830771,-5.9769382,-3.8645394,-1.7799841,4.7102556,-0.63032025,3.8052614,1.7268356,-1.582389,0.6920307,0.20387338,1.5377749,-1.7595117,3.6501417,-7.436837,-6.1752644,3.719358,11.437269,2.1447444,9.899738,6.480676,-3.4279451,2.154586,1.021059,0.22822912,1.5578349,3.691465,4.9244533,-0.2260495,1.783262,1.2230604,-3.1904116,-1.2454258,0.3745932,-0.27950034,1.3173553,0.5078906,-6.3273873,5.6718907,-0.22696997,-2.7240026,7.96561,9.815712,2.7724736,0.17505041,0.34689993,0.0,-0.3985551,-1.1895832,4.0415616,1.7751449,-2.6054878,-1.4303492,-0.7054514,3.454888,-0.6172701,3.8501341,2.3909721,1.4747719,4.2414703,-0.6253189,-1.1483891,-2.9521613,-1.8323517,-3.3953483,-0.78396493,-1.494276,6.6087413,1.0037005,-1.8137444,-5.0878954,-1.5155154,0.7579085,1.8573781,7.3716927,-1.7387607,5.2012925,16.419048,-0.75704724,0.48099312,-0.27981997,-1.7469518,-14.129538,-0.11557494,0.61352175,-2.359232,-1.9214462,1.775153,-1.0061427,-3.2259989,-0.7262313,-1.7326076,-0.048267357,-5.0535917,-5.0065184,-5.229738,-3.0693245,-0.48550662,-2.935659,-5.068634,-2.9946384,-3.2261763,0.08272416,-1.77541,-3.6708052,0.040783525,-2.2966743,-2.6525142,2.6010618,1.372938,-4.2427926,-4.0849156,-3.8700838,-6.0323033,-2.509054,-6.438117,-4.475221,0.029916313,-16.213041,-4.6502013,-12.078584,-4.505567,3.9626374,-5.400209,1.4063518,-0.9919173,3.00412,8.187513,2.2710304,-9.153967,1.5322708,-4.053249,1.597835,2.667784,-8.902357,6.756679,6.0494847
132,-2.0702538,3.9246106,2.08555,2.9768927,-0.81386065,-1.0411925,-0.31521764,4.6752963,7.9754257,0.9405382,-2.203961,0.7985843,0.3552556,0.6530139,5.2714057,3.3040564,0.10878893,2.7084396,-8.939247,-1.6143827,-1.7357578,-3.9003255,-4.629858,-4.904561,-4.957736,-0.33945927,6.624538,-5.609265,6.981285,1.6175157,-0.6033312,2.660587,3.2983456,0.7646291,-4.9079633,4.566151,2.3332143,-0.75312567,0.67005575,2.9437194,3.9914615,0.9509986,-1.5152926,-0.3066849,5.253808,2.53572,2.4124312,-0.7973831,3.1298482,2.6058705,1.6516,-1.5086673,-0.30317008,1.2242712,1.2510345,-1.5449175,0.49362558,-7.195298,-1.4834858,-3.8748572,0.35780135,0.0013358404,-0.6258606,0.8414573,-13.307769,-6.949522,1.2609904,-3.427221,-7.6396546,-1.0904821,-4.0340123,-3.9157164,-5.7021184,-4.5405536,-5.380356,-4.422798,-0.21284294,-1.7349316,-2.821538,-8.804191,-2.104529,-5.22974,-0.45602813,-0.9097736,-4.2676682,-1.2158955,0.3883194,-1.8525676,-4.006967,-0.013756285,0.30703798,-1.6740663,-1.4812496,-4.857756,-6.9168477,-1.5562733,-0.61074483,-3.078803,-5.8585114,1.094395,-9.16969,-2.2093651,-10.667611,7.2548566,-3.9974933,0.6377763,1.0349472,-2.576755,-7.3211174,-2.7057714,-7.038289,-5.528058,-6.0674644,-4.1013927,1.7445749,-2.8393545,-1.6865244,8.976986,-2.8781874,2.0300257,2.7921808,-1.9164562,-1.2850677,1.7487835,2.7926877,-0.80714995,-12.89617,-0.6779195,1.9926409,-0.25668183,-0.20918322,1.5958756,0.7281633,2.8820157,-2.4378421,-1.5161365,1.4765074,-3.9774818,-3.030674,-3.376933,-6.050297,0.64348686,-4.1764407,-2.2483127,0.112313166,-2.449162,-2.5368025,1.0112067,-0.041357584,-3.9056156,-0.2605811,3.552734,9.866291,2.680284,-0.5847785,2.0924528,-3.4389431,-6.8735714,-3.4562988,-7.214924,0.81083626,-1.6346767,3.5504909,5.6931596,-0.06477923,0.7450265,-2.6909513,5.5551624,-7.6308465,-0.35667422,-0.4258556,-0.08368801,-15.579307,9.975638,-1.9016349,-6.068223,1.9218434,-6.255582,-5.551364,-2.6233597,1.382307,0.5426951,7.4551897,1.7443211,2.0745776,-0.9306644,1.4664155,3.5940208,5.5803394,-3.2492476,-6.245341,-0.084753156,1.187228,-9.666725,0.013459238,1.4013157,-2.9398272,1.1590166,6.840689,1.684693,1.533439,-4.1640725,2.1173458,-0.5917267,-1.5965774,-2.4137182,2.3489482,-1.3555307,5.8031745,-1.0556679,-9.686799,-9.103199,-8.069883,2.0049984,0.6607835,0.5781683,6.3525777,1.9459765,1.8221508,-5.805675,4.6749015,3.386313,-2.80908,-3.3372416,4.2052264,4.9175086,1.2965606,2.8047583,-3.1186483,1.3495895,0.44695985,0.22612701,4.9287653,1.033223,2.737051,-0.6934623,1.3275944,-9.1313505,-9.056516,-2.165283,7.2427807,-5.8995814,1.1505649,-10.834482,-8.573114,-11.621241,1.493716,-5.561521,-5.6111493,0.3417558,2.9306765,-3.6850433,0.9096401,-2.1112254,-2.47415,-3.0023344,-2.0390499,-5.221059,2.3237934,-2.547071,-3.9356415,-0.455646,0.76936966,-2.9935718,-6.6518583,-2.0942163,-2.5728607,0.6825656,-1.5641143,0.0,-0.36707768,-0.9103414,0.66722155,-6.2866945,6.5752997,0.16155411,-0.99955016,-3.9085984,-7.239608,4.622137,2.0861268,3.3742816,5.906062,-2.57874,-1.2911444,3.2825124,-1.7191007,-5.379239,-3.548336,-6.13869,0.029150981,-3.890709,-6.821196,-3.4389887,1.2552607,0.1489145,0.76650196,8.876305,1.226246,1.6369958,16.286076,-0.9099654,-4.745835,1.8816645,0.20209275,9.5425,-4.777183,1.1300836,0.7527679,-0.76944864,1.7373911,-2.3924525,-3.8105094,-2.6091933,-1.7703016,-0.6500437,-4.660542,-4.2830696,-1.403987,1.4596555,-6.6156754,3.2199895,-5.1241913,-6.7756186,-0.9182075,0.7161903,-1.8051673,-0.7443619,-3.1791468,-5.212914,-4.167533,1.971775,1.661871,-5.421007,-8.119251,-2.259345,0.9540766,1.3146489,-0.5483957,-1.9452964,3.277912,-6.295176,-1.473777,-4.0302486,-3.8241801,0.5158533,1.5049019,6.550664,-15.650897,-3.6648335,1.9067265,-0.03875797,-6.5782123,-0.58712894,1.2564819,-2.68493,0.7489769,-24.977476,0.25484648,-4.3759313
133,0.9258219,2.8304996,1.1806269,0.451208,0.078160234,0.15704769,-6.121144,6.3252444,5.271808,2.6589906,-2.9821942,1.2914517,3.4591346,4.879306,4.5638213,-0.4900001,2.2438524,-4.229408,8.969012,-2.0021653,0.029188467,-9.243236,1.7168285,-0.43423456,2.4922252,-2.2717552,2.3833377,-0.77100074,-0.09845667,-5.7577066,-10.592723,-0.261656,-5.784654,-1.5981871,2.4655871,0.047493618,2.95592,4.3485036,0.0056198686,-1.5400771,-1.090392,-2.1540098,-3.508204,-0.8302604,4.1328707,3.5360694,0.27318358,-3.5064373,1.9429169,4.6583652,2.7472682,0.8505928,0.81704265,1.6189501,1.3311235,0.6280573,-3.8689992,-6.567892,-6.1101813,-9.1992445,-6.251203,-4.3504286,-2.0749876,-3.6381264,-16.528265,-5.484661,-2.4720123,-2.9099596,-7.360536,-5.9025607,-4.7649236,-8.113816,-4.2387247,-1.3728998,-5.650538,-0.7925026,0.32080773,0.030219106,0.59873843,4.7967806,3.4878342,-6.8273726,1.9970748,-3.3122478,-7.0363445,-0.7188432,-7.959326,-3.4486816,1.284464,-0.060554486,0.097555175,-1.0293797,1.1549402,-0.81223744,-4.517563,-0.42262065,-3.5472496,-2.8256662,-3.048546,5.6717362,2.0609748,0.23001644,8.390266,-0.6847228,0.24697834,2.7345939,-1.896355,-2.9456296,-5.883497,6.383264,4.4507093,-3.8637295,-1.0734367,-4.8884735,-5.873583,-0.9614582,0.84614456,-1.9537301,-8.146717,6.3184032,1.1719123,-3.3789625,-3.2540877,-2.2740774,4.0195017,12.183848,2.0439935,-9.324919,0.46469745,-6.5603633,-0.64962655,-2.2774985,-2.2298462,-4.0684414,-1.7060167,-1.4881978,-0.08380341,-3.3924568,-1.3130692,-2.5386484,-1.4129413,1.7188202,-2.9831269,0.36419052,1.1908634,1.2351751,1.7448121,1.7942058,0.3171908,-4.3128633,-3.5727518,0.3586158,5.649411,1.8708905,-0.814939,-1.5517912,0.42657104,7.315973,-2.1779368,-0.17545962,1.5027883,-1.4551263,-1.8162787,0.22013226,-7.8067656,-0.32037127,2.535433,4.7531643,-3.6358795,-2.741153,-1.3097018,0.22080398,-6.101236,9.852894,2.1595063,-5.5837507,-2.5777652,2.7166593,-2.1980298,-1.8527089,2.2932804,4.351269,4.619363,6.0939054,4.2351494,0.075286366,-3.3594775,2.8874757,6.717344,-1.9171975,-1.2442331,-1.584511,6.8747473,-5.711539,0.605627,4.9202747,4.1325736,-2.1369731,0.3507156,-0.3633504,-1.7677846,-4.048956,3.3213813,-3.4544485,0.5378656,-8.265017,0.6816337,1.2971376,0.37628347,-11.292129,-7.359742,-8.556341,-13.509759,-14.157029,-7.24566,7.700348,7.8325963,0.23116323,3.8120377,5.286823,5.0530663,3.435384,-7.342918,0.053894255,0.857351,0.49244672,-0.45657545,2.5748227,0.15703958,2.096282,1.591975,3.8448832,3.155896,0.39891547,0.33821452,0.016647523,2.2850935,-1.5961287,-5.494143,-3.1262872,2.2336793,-3.7370226,-4.0462775,-17.151922,-14.155198,-7.0729165,-2.1973088,-6.6342654,-7.7111135,-4.2483044,-2.5541995,-6.146261,-0.50760484,-2.8500817,-3.1724584,-9.612827,-1.9265175,0.50879824,-5.0868554,-1.4199647,0.24085657,-8.90667,-6.444301,-2.4797668,-9.606117,-5.4569416,-4.627114,-1.2742783,-2.626326,0.0,-0.351497,-3.2485714,0.10244898,-6.383702,6.3192105,-2.0031185,-1.6844349,-7.834151,0.5362647,2.9875724,1.2883999,4.913941,1.1174424,0.40971383,-2.1302953,-1.2622315,-2.6126158,-5.8833766,-3.131957,1.3367025,-6.0439754,-5.9603777,-11.078115,-6.9872904,1.9819422,2.5063837,3.022904,-1.1940974,-9.607025,5.2586217,5.183497,-3.0797725,-1.1566778,-7.2010283,-1.6349535,13.798239,-3.3872333,-2.2477727,-5.21288,-4.4246798,-2.8758807,-3.86174,-3.6827025,-1.9413314,-3.2905416,-0.66262406,-0.5159051,0.861447,-0.6563242,4.887545,-0.29578736,5.2920003,-2.4634328,-0.4102465,-5.7298126,2.8501096,-0.09562247,0.54882604,-1.4446552,-5.722337,-6.9151587,6.2184715,0.70283455,-2.4628127,0.14781633,-1.8340403,-0.22621496,1.6044012,0.9802262,-4.435596,-11.170631,-1.4851773,-4.7290883,-2.9231226,-6.9377933,-5.5331297,-0.82131565,-1.0600238,-4.1351423,-5.0158315,-0.24987796,-2.785073,-5.583614,8.013347,3.383895,1.4135858,-2.0857563,-11.072441,-4.3893867,-5.6943636
134,0.6323714,7.948409,-0.18789516,-1.5192785,0.2927097,-1.5516727,-4.218282,12.652022,11.402675,1.0073739,4.993824,-1.9814539,3.8777041,-1.0205574,7.075671,0.38389,-2.6538608,-1.7463362,2.2043805,-1.7523141,0.14225236,-1.6038804,4.3709855,-2.214192,2.4180174,-0.60690504,3.009595,1.7943944,-8.243087,-6.1248713,-1.7907873,-2.6495075,-12.9959545,0.07605015,-3.983251,3.4558628,4.5330315,4.6935825,3.3533144,8.02591,4.2148643,2.2429624,-1.841192,-2.8136315,-0.076103635,0.8305235,1.131561,-6.0753016,-0.15203674,-0.1757374,5.7243447,2.5680578,5.425176,-1.365623,3.1821532,10.127189,3.6461077,10.795816,1.0270704,-0.6793725,-0.31254068,-0.72304547,-3.191089,5.9844856,-12.700698,-8.279946,-4.135851,-3.9169507,1.2048924,0.518543,-5.1025577,-1.7869104,1.4736829,4.752397,2.3253937,1.194669,-0.2382788,8.205229,5.419316,11.408895,7.055544,2.7134917,4.2875457,-1.8387948,0.4002198,1.2228097,-2.079799,-5.6635065,1.9829565,-0.032547023,-0.00567924,-4.4564576,-1.1555321,-4.143818,1.5657786,1.3723031,-4.668431,-5.6941757,2.8158765,6.6068726,0.6691631,8.563272,4.2526574,-6.08781,5.5271993,6.485066,0.257016,2.5069184,1.9083271,-3.0781336,5.6586227,3.7630339,-5.731519,-4.045396,-2.2972658,3.7210186,0.94311273,-5.0796547,-16.324646,6.2185774,-4.175593,-0.30653325,-1.6576596,-3.735313,3.7595425,-0.97484404,8.450893,4.0195,-0.20300369,1.7146187,-0.8078009,-3.8763006,-2.8030136,-3.1287997,-0.11070244,-3.7016697,-2.3959994,-3.0371425,1.3814752,2.7271428,2.613101,-2.378018,-2.1464074,2.9860733,0.8684974,0.3470502,3.7775207,5.5576344,-1.4730891,-0.5318755,-6.9829054,2.7241087,8.952241,4.7154255,-4.7936807,0.216249,-0.29398298,-5.325295,-0.9940643,-2.1589775,5.550412,1.5172269,-4.9036655,-5.3703303,-4.168005,1.6657585,-1.7200298,0.54690844,3.8189433,0.6162748,-0.7022839,-0.05457782,-8.03509,16.561613,-2.1722236,1.8793057,0.2928113,10.470887,2.0514078,-1.4677385,0.7063614,-5.0097995,8.739844,7.0300336,4.207905,3.5131795,-2.5555727,4.307395,8.924744,0.9292647,-6.284265,-3.1284387,9.703185,-8.065525,-3.218438,5.1437616,-2.0222185,-2.3006806,1.0761988,3.5396898,6.0367723,2.5412867,-2.4980092,-10.038718,-0.04559043,-3.298054,-0.024454817,-0.18898328,-10.345572,-7.466491,-2.7390769,-9.819568,-19.901037,-9.3202305,-4.924607,8.3676815,8.443508,4.93891,2.2139804,6.8601203,4.6103897,4.4287467,-2.050078,-0.13933715,-0.6273156,-1.1257383,-2.2994657,-2.5695531,-0.6170606,-0.44845116,3.9564712,2.967212,-0.11472311,-0.61186945,0.7414073,3.1876004,3.4136472,3.9316742,2.3267913,-1.5049616,-6.4174776,-2.905257,-7.181682,-13.150247,-6.11454,-9.811974,-6.3528676,-6.495208,-5.9037232,-0.81065947,-5.4732504,-5.281219,-5.985167,-1.6137458,-1.4662834,-12.117141,-0.48601413,-0.4591416,-1.4449543,-0.11143655,5.3323746,-6.782255,-0.27720368,-2.5853546,-4.5922313,-10.398695,-6.639363,-0.60004485,-1.2477549,0.0,0.0083847465,-7.640587,-2.1684606,-3.8274393,-1.8554152,-3.9349675,-4.3145356,-9.673722,-3.6278517,-3.5319297,2.5937095,1.8437729,-1.8708203,6.1671295,5.614697,2.4261966,5.2874413,4.5064106,1.3378584,-1.3291395,4.477824,-3.9006963,-7.159331,-1.4077364,-1.4374757,5.7723136,-0.14493796,-2.712128,-4.9274244,-5.5463176,-1.0149882,-1.8253002,-3.143745,-6.331128,-2.027195,0.5453024,-3.9342577,0.41632724,-3.281905,-3.9595575,-3.5186777,-5.9639955,-4.8614736,-1.0031397,-3.0193791,-4.6613026,-2.8855765,-6.278088,-2.8617437,-2.5913713,4.6313057,10.252121,-4.3919845,-1.8987474,-6.416679,1.47149,2.350003,0.48388666,-5.543932,-1.6892267,-5.544247,1.5128527,7.024341,1.2040112,0.12860046,4.3022814,-0.66768193,1.7738768,-1.2223895,2.5004005,-3.9051466,-8.0254,-3.5927856,2.0840528,4.2557607,4.959456,-2.2589047,-2.555239,7.263295,1.3628697,0.9067998,-1.3290385,-2.22134,-3.768852,-1.8669772,0.72657365,-1.6316093,-6.8667297,-7.455902,-3.9621325
135,5.151632,8.547453,6.257145,3.441395,4.821518,2.6499674,-11.384107,12.973629,14.399935,8.8420515,3.382719,8.316902,3.011283,8.913504,3.5218933,-0.36303195,5.4216585,5.869205,-8.166426,5.755698,-2.2257636,-1.3110174,6.9742384,6.754483,7.2867966,1.8701066,5.381307,7.8624463,-9.039128,-1.2513002,2.4776187,4.5762076,-9.511232,-9.437905,5.772101,8.5626335,5.9252105,12.235425,7.2627296,9.842582,5.028435,2.2118442,5.313764,1.8081751,6.14868,3.6181793,5.3938456,-0.5127885,2.6700127,2.4386358,10.360746,6.424973,5.229802,1.2216551,7.1285725,9.3680315,11.136738,16.241257,7.101061,7.7145615,3.3876948,1.659306,3.2214642,6.7942953,-7.4345884,-2.690607,1.3595548,-2.525375,4.7566113,-0.47876292,0.7967356,-4.0814543,6.7206364,9.863176,8.769066,4.227207,-0.048342414,12.668985,8.45216,3.017835,9.697637,1.9839612,3.7978437,2.9040618,5.208731,3.5278583,2.84921,-1.117948,-1.906798,-0.0271135,0.1011457,0.48848853,1.2908516,4.0109515,3.651079,-1.5060866,-1.4335036,-2.4875627,15.070461,8.451099,11.4024725,3.7579784,14.064774,9.003947,8.10337,9.32652,6.8712897,10.809666,12.752684,2.9399853,1.5205501,12.160826,4.9590664,6.3894267,-4.337897,1.1468681,3.1569173,6.178248,-0.92198235,2.8429172,-0.8930018,2.318837,0.22773363,6.1527567,7.4202886,-0.30712008,2.1641068,6.630437,12.764684,4.738715,0.46756452,4.1876464,-0.9474593,1.4233054,5.508396,6.0156918,3.0903392,-0.24029864,10.417722,5.352601,2.721541,8.173599,3.4094698,0.21422489,3.5816114,1.2752193,12.972241,10.070237,1.3898853,-1.795314,-5.853703,5.4441524,9.37661,6.0441318,2.6967814,-0.13681526,5.4731812,1.6374108,0.6034171,10.735301,8.346964,2.4542437,4.6001854,-3.6369498,-5.0313168,1.1131747,-0.48649177,1.7919387,4.027313,1.5228975,0.26781207,0.21958244,6.239633,3.0835602,3.625703,4.4590726,-3.3893545,8.494842,5.713653,11.307491,3.2787094,-3.646729,8.160765,8.625216,9.557863,8.388273,9.420459,7.926945,10.932185,3.320138,-3.6973503,-0.74235034,3.0938957,-0.7370519,-3.1750247,4.7350893,4.316844,4.6705613,1.3113818,4.4686193,-0.44472483,-2.9651098,2.6287398,-2.0129218,2.1002269,1.2811804,0.048230257,2.6668587,-9.070947,-2.8624399,0.7937965,-2.0672653,-23.123543,-7.893744,1.0286807,8.400419,11.9708605,6.231219,8.074996,14.258543,13.790136,10.156964,4.167462,2.1284025,6.322615,5.84087,3.304509,-0.4392988,5.1263256,-1.2179374,5.4932685,2.1793633,3.1623962,0.20702347,4.148915,6.6815834,4.1193624,15.298029,9.671694,9.452857,-3.4149086,0.940049,-2.1463346,-4.5386806,-3.7567966,0.25977954,-1.341325,2.5398366,-1.9766169,-2.7371953,-2.0443811,-4.696167,0.75239134,6.251619,2.173315,-4.387455,-0.5867075,3.3265517,1.3057578,2.116109,7.2401457,0.5440982,1.6404052,1.8763081,-6.3743196,-6.407422,-4.0895658,0.1546367,0.49294516,0.0,-0.28201115,-1.658245,-0.7746108,2.272434,5.3308535,2.2807562,-1.3657871,-3.4267495,4.576142,4.24956,7.960082,3.6091518,5.8341317,7.422449,9.154292,9.251093,4.3219447,4.0683956,8.471583,-5.6993356,0.32156926,-7.022616,12.283607,9.183928,-1.5389678,3.8552861,4.1378064,9.027746,2.367701,6.8705044,13.57982,3.3110332,6.5256567,5.3215747,4.41935,-6.753695,-9.969318,1.6844964,-2.4526002,-6.140944,0.9455341,-4.9777656,-1.9457055,-1.4936072,5.467564,2.5135002,0.1918343,-3.6257985,-3.9711914,2.766287,4.13276,11.208222,-3.379957,5.062253,0.3460277,5.066375,7.1527514,5.9132442,-4.765838,-0.57625824,-3.3030615,3.1060128,11.502749,6.5138106,-3.0587583,4.282836,-5.087055,3.9496114,1.4531189,-3.4276173,1.3770471,0.4716666,4.6351233,3.2012832,7.826776,2.1501346,-2.669509,1.4885811,1.3045427,-0.567908,-6.975515,1.3098664,14.821831,4.495978,2.9554448,3.1606731,-5.1802483,9.006265,1.4156883,-0.4980914
136,10.444077,10.342757,9.483722,13.921383,11.495068,6.985165,3.44585,10.767115,9.962806,6.5724764,2.8565447,4.139541,9.842677,10.43026,0.15335107,1.8516475,0.52569413,5.201223,-6.4271216,5.8134503,8.138537,5.3338556,9.678609,2.4802806,16.459732,2.2696466,9.330306,15.032396,-0.022432793,-4.113578,6.8219523,-0.46989754,-8.757782,-12.218072,-7.6423974,10.796911,11.325849,8.6297865,8.227726,6.6119056,7.0027657,5.0172663,9.762831,-0.31364226,8.558705,5.2898316,3.6894035,-5.704297,3.9429462,2.5332932,9.647802,5.449546,3.0112898,2.9264622,2.1486404,10.503152,11.487625,9.220362,10.3623,9.198508,3.0920076,-0.052615732,3.4950836,6.4169455,-9.680353,-2.5898516,-2.8793302,-2.8871093,-0.8262178,-0.71939296,2.4161997,-8.138264,2.0683715,4.9211736,6.1614943,3.0839934,0.14448188,10.672877,13.737769,5.8423085,6.0898232,-0.8037826,5.4205384,0.56563616,-5.078207,-1.164999,-5.0644627,-2.8244092,0.46616343,-0.0427629,0.035478055,-1.3751286,-0.24860583,-0.97814524,3.130033,3.484779,-4.186142,-4.8739505,11.549139,15.2907,20.264748,16.22343,7.093642,12.792113,14.586739,7.103936,16.857395,15.084863,13.053327,-5.8255897,6.9730115,5.6753197,11.320488,14.259615,0.64652854,5.197204,4.242784,9.579689,-3.4981039,2.1257672,11.2991905,3.7963662,-3.3569014,9.754873,7.9219136,-3.8412297,11.660768,-0.5862658,12.266717,1.9746298,0.6068006,-0.38735577,-1.852628,2.3817844,3.112899,-0.5660458,1.0580068,1.0821022,7.1348515,8.7503,3.1079764,7.5156617,2.1261318,0.2023297,3.503488,5.107095,9.792422,5.8353505,0.61337984,0.7525927,-6.39711,3.669836,19.730453,3.1885839,18.239256,2.845221,6.356422,7.88347,4.8232584,20.097605,-0.48737633,4.252896,10.206382,-7.9953737,-8.214653,-2.7481666,1.9333346,13.774762,1.7780412,-3.7846732,2.3355222,-0.11821898,10.452537,5.174274,19.772528,-12.829441,-4.1802735,1.0801243,4.9559655,4.8723702,11.317803,7.338052,13.06823,11.979916,13.246022,8.2687645,8.910543,6.571639,10.213242,4.7419806,2.0923514,-0.9551274,7.820853,-1.0063429,-5.8699794,10.45344,0.13426824,9.900699,2.1499093,7.24878,11.052226,7.1376705,3.2669916,4.557466,1.026634,0.25693098,5.097658,5.733215,-3.174415,-1.306176,4.6569605,1.32117,-2.3962052,-12.331565,0.09097576,10.55929,6.739132,4.7451625,9.301397,16.131922,12.246854,10.233689,9.101626,4.7749376,7.2303095,4.083039,5.3441086,0.6633747,6.4133344,3.7208812,5.7606845,5.106693,2.624462,1.2596159,2.0911832,10.337564,1.5950131,3.0791543,13.44541,11.02118,1.6437281,2.9618628,-2.3528447,-3.927469,-0.82955533,-8.172042,-1.4735243,-2.525315,-2.1683247,-5.832321,-0.44945735,-5.3459697,-0.45198354,2.1746867,1.4362886,-4.1074686,-3.1333764,3.956392,-0.039312582,1.8432242,9.594152,2.5537467,5.0606365,1.1082823,-11.802073,-6.167158,-3.27948,-0.26262403,-2.2885873,0.0,-0.4848376,-2.2257934,-1.7998511,-5.734912,8.983095,5.3400354,0.6835157,-0.9099421,5.178972,9.888418,2.7905648,7.636145,2.7710397,6.8221884,-0.86750335,6.0400515,5.3089857,4.3527856,1.9129097,-10.884692,-2.8392153,-12.110026,21.135918,10.830475,-0.43423036,2.42006,5.798717,-4.2222753,-7.6210394,-3.506874,27.699812,1.6037937,-1.2195514,9.9996,3.3758368,-7.1296997,-0.8075054,2.4475915,-3.737918,-1.6072822,-1.4631993,-3.0092955,-0.89887875,-2.2041705,-0.70655626,0.64404887,4.4787393,4.378691,-3.014159,5.777933,4.610675,8.863993,-0.9705246,12.356915,3.5410845,2.0576115,9.969059,4.7509694,-1.4206287,-1.177516,-3.7025301,-1.4620764,11.626499,-6.0029135,-11.165244,2.2496321,6.4994946,7.744325,11.125064,5.878772,2.450134,6.601224,6.457937,4.894503,1.8677528,-4.5800986,0.663176,-0.40309423,-2.0472243,-2.7373438,-4.7086077,-0.12668042,17.560946,1.7969211,3.9242253,-1.7717724,-3.0494204,3.498663,0.24645609,-4.4165287
137,6.670246,3.4241996,4.2158713,8.510516,7.928738,6.346952,-6.3471184,4.3247805,3.371338,8.134131,-1.3478878,6.5281286,8.555441,-1.8469572,-6.606964,6.0706787,0.01460998,5.512029,3.2660677,4.555844,3.0171986,-0.09471049,5.506373,-0.101198114,10.179201,2.6550364,5.065692,13.279397,-8.679261,-12.516327,-4.5255113,0.814971,-10.408408,1.7389432,5.162721,3.0567062,3.0044546,7.0953813,2.36314,-1.0921025,0.77459604,3.776871,9.122339,2.0869627,1.1258135,1.7323269,3.2046587,3.6442125,2.5865119,3.0652578,6.157218,2.5315478,5.732753,5.0380325,-0.034718607,7.1155286,7.348883,-0.49644497,9.098806,8.098618,5.7574944,1.1245458,4.0364127,9.165485,1.2126753,-1.5893576,0.89300156,-1.3373026,3.0781083,-0.5352014,6.694808,-1.176892,6.5108705,4.9065857,5.2791696,6.3665247,0.62375236,12.076805,12.247028,8.707575,8.36664,11.031969,8.281721,5.756622,9.061653,0.6032758,4.8189044,-1.0263283,3.1519127,-0.06846664,-0.35703534,-2.7480435,1.8518564,5.2092867,7.7432194,2.2336562,-2.2201724,-4.366935,13.421888,12.729193,2.468488,6.322126,4.483516,6.3748913,7.2382574,6.741076,6.8085465,19.066788,18.322239,-9.110157,10.949357,4.1152024,7.498528,18.231625,3.7854292,-0.941966,8.314324,-0.711328,-8.142601,-10.434741,10.059205,-0.68530935,-0.42712566,9.8521185,5.0262794,-9.889654,8.498332,1.7889096,0.8304452,-2.6548662,1.2439605,-2.300449,-0.7796008,-0.88572013,0.25314775,1.8305076,0.26419416,2.895694,4.903875,1.3420379,4.466709,4.826622,-1.2966899,1.2759808,1.1231955,9.041769,11.796174,3.9322395,0.5365712,-3.53479,-2.0878112,3.522507,8.616364,1.2831808,5.071785,8.605453,-3.3317945,10.143087,4.7339315,13.264438,-4.8345647,-1.9713438,6.714722,-4.9219213,-1.7952443,2.3610203,-0.6796037,-6.4122605,6.779657,5.2593994,4.5342727,0.15476766,9.887421,-1.2198071,13.176675,2.7782788,-0.7457321,8.848959,8.998193,8.617212,9.501348,8.671916,13.613509,6.0024357,5.7198696,5.5649056,12.637269,2.8336666,6.583965,2.8028986,3.948706,1.1229204,9.820665,6.004013,-3.376907,11.121739,6.7156343,1.6415136,2.1061637,4.2729487,8.4629135,5.6656456,-1.0971048,-4.017268,-0.8135498,7.100285,6.0732136,7.1371775,-5.4043837,-8.84534,0.9791944,3.1640732,-8.291304,3.521415,2.875496,2.3020856,0.6715651,2.7901056,2.7535818,1.5514073,7.7653866,5.6422253,9.899282,1.8433063,4.028681,1.89365,2.4943638,0.19644724,-0.30570084,5.309857,2.2863727,1.7484652,1.2470043,4.3514924,3.1891873,9.721027,3.2397249,5.405164,5.067667,8.708911,2.1869485,3.2070484,6.6843204,7.2341714,5.010289,3.0738852,2.5528283,-2.1969059,-0.33177832,4.412081,-1.1594743,3.2087946,5.742088,4.6637754,4.3251534,2.1984491,1.0946848,5.641606,8.098911,7.793707,15.404436,5.4085145,8.330203,3.6443782,1.0136999,-0.61119837,1.9128238,-0.92077285,3.6312592,0.0,-0.4930248,0.19605312,2.5590458,7.0153537,5.119236,7.7902675,2.6080317,-3.2211733,10.651049,8.000594,6.1301928,4.0898027,-12.020915,-2.8347392,2.1692793,7.039712,8.018059,10.330841,6.7356396,-5.289464,1.3734758,-3.8543403,14.007061,12.267416,11.084248,-1.0597869,4.763846,2.132795,-2.4534264,-4.156808,12.477739,3.689851,8.081538,7.0241137,3.753959,0.6566574,2.92157,-2.100016,4.193361,5.346941,0.78547853,-0.22819291,1.4350561,-0.6259366,0.2526845,2.665458,7.5540996,3.719371,0.99379355,7.206724,2.9171143,8.906758,2.2251441,17.75135,8.563007,7.4771338,5.0142236,5.552049,-0.04044051,0.5496103,-3.9630728,6.031415,3.07252,8.99943,4.423088,-6.323892,2.220463,0.61405987,3.2903562,-2.3409886,-2.6099694,-1.2979811,2.227366,9.715019,-2.7115989,6.9519124,3.9046216,6.5344186,0.8243208,4.6066866,6.651672,1.8859994,15.370048,2.0561335,3.7671351,1.9600756,0.13970919,15.028442,3.22646,2.6555634
138,-0.74050075,4.7985983,4.135674,8.825801,4.580689,1.50489,3.2434976,-1.810986,-0.50217044,2.979218,1.9505539,1.4428079,5.1937876,-15.442775,-10.505453,8.906543,1.984686,6.7623153,-9.10316,0.24217506,0.91395974,-6.020471,5.196392,3.872747,10.711162,1.7785473,-0.06726308,5.692161,-4.1434827,-18.99153,-7.891855,-6.7487803,-14.607999,-6.4292755,-5.607956,-0.45348987,3.1552386,7.8196826,-0.15958992,0.52527887,2.6803534,1.1940744,4.7863607,-1.4013051,-0.09711788,5.725098,1.8078105,-0.26233268,-3.0111766,3.3156264,1.6377795,-1.6698451,1.3203114,-0.8237674,-0.5217749,2.9917734,4.554773,-10.339141,-2.050228,2.8189087,-2.5434413,-10.465635,-0.59477466,3.057765,-21.750507,-1.1779561,-0.4562718,-1.3044499,-4.4790845,-2.009891,3.3291173,-10.558195,0.33292863,-1.3484429,2.8477097,4.7640452,-0.27356228,4.658951,4.1237526,-5.0796113,3.0062702,-0.83113873,1.8639641,2.2419636,-2.9676442,-2.5408866,-5.47903,-2.3064635,-0.98154926,0.054003946,-0.06665173,-0.7267789,1.1402084,-6.103908,10.648524,0.4347214,-4.8843927,-3.5675855,6.0323257,5.787144,13.698272,4.549701,22.84371,3.162391,5.596997,5.305073,9.933888,15.378107,9.600349,-6.817515,0.96143043,-0.900408,3.052988,-0.22703965,-3.917356,-8.186847,3.1809335,3.0046213,24.40194,6.313384,-0.5089599,-0.45192012,-2.6505387,3.033791,-0.99241495,-2.3494403,-17.453823,-2.78033,-2.050886,0.06997799,0.78917724,-1.1477991,-3.117451,-1.6955595,-1.3029189,0.09581327,1.5596658,-0.6080862,7.8350205,2.6133,-3.5348656,0.7055121,-1.3691024,4.056711,2.8495736,2.5986938,5.9648805,2.0405838,1.4297318,-4.714623,-9.00953,-0.19032286,-0.5247596,-3.8143249,1.1684561,-1.1418095,6.117923,2.5840907,2.8003535,-0.6546777,-2.943639,-15.137243,0.8241726,-2.906217,-1.9534028,3.126047,6.662944,7.1788754,0.37210405,-1.8655086,-0.9477404,-0.013556452,11.89681,-10.617142,10.077082,-6.9204817,-2.0093136,5.780767,1.9582006,3.544617,-4.272161,2.860446,5.6987762,3.9764097,4.5176024,2.8701806,17.864874,-1.4267238,-4.564541,4.077919,5.2102427,5.6501694,5.2521944,8.027201,-9.393237,5.5216236,1.9531021,2.0907023,-1.9799496,0.31254143,-2.59058,-5.6653333,1.3216637,3.8482134,6.081704,3.4555235,-3.1845677,6.7109094,1.9868411,-10.032958,-5.1617327,-1.6030284,-8.68891,-6.8599157,-15.163295,-2.1998227,3.3701017,3.7235162,-0.556866,-0.4813641,1.2545547,0.4203054,10.505526,4.4142485,3.2382226,1.5900567,5.87992,5.485389,3.28121,0.22667353,-1.1131091,1.0323712,1.3031601,4.0455246,-0.9042176,5.4293523,1.9330745,10.775648,7.5150976,2.6529138,1.0361304,-4.190246,2.7321022,-6.738873,-8.605571,-1.396431,-1.7480161,-1.6483446,-6.2453947,-4.0507927,0.91096544,-4.4140387,5.1915593,2.1493306,3.80226,-0.058136106,-2.5829263,1.8348789,2.869851,2.4711587,9.908945,4.260113,7.952518,0.43189597,-4.869304,-5.277952,-2.8659277,-1.5098431,-3.4305844,0.0,0.15310958,-7.7028356,-1.3131584,3.3213432,9.598395,8.239904,3.626707,-0.5302992,7.0250525,4.001985,6.032634,-0.9775522,-2.850081,5.4616756,6.1444087,-0.887459,4.007663,7.9810586,2.5789638,11.929362,-4.1068687,-6.3497024,17.01984,1.274995,-3.409828,2.1458,9.704108,-4.4695916,14.379551,0.5060746,-7.584932,-0.4134789,0.074652545,6.8986287,1.3551271,13.698567,-9.431641,-2.449018,-3.3188145,4.1316714,1.078101,-5.736934,0.8549005,1.1945055,-1.3718249,3.7390518,1.6549289,1.409756,-0.592995,7.1233163,0.33559504,1.4571514,-0.0395543,14.619869,3.7860692,2.2118826,4.6197557,2.9400623,2.7913804,2.550965,-0.7891773,3.3898668,2.8491437,9.44424,6.1402636,-0.16257279,2.4127755,-0.11230229,8.340979,3.0097632,-14.016279,-2.1373453,0.6029589,5.983276,1.6105493,-1.4560789,4.162418,7.081848,-2.7508798,-2.4307718,2.0169456,-0.20446669,5.5483885,8.590196,2.9951153,-5.2752504,-0.85014176,13.208595,-0.5942465,-2.603178
139,-2.632976,3.8630548,-3.7340655,-5.839301,-0.8119704,-0.52699625,0.35914794,-3.0315685,-3.1568005,3.2728062,1.4919772,-0.20104161,0.22315481,-23.26278,-9.820529,4.963111,-0.92129505,-8.331192,-1.5856334,-7.4798636,-1.9888749,0.90822387,-3.3443923,8.970055,9.260418,0.40069616,-5.128925,-1.0195676,-2.0787358,-20.096838,-15.139822,-8.126208,-20.58631,-11.570444,-12.784427,-0.8937496,0.621499,3.0649219,-0.78209525,-2.6528745,0.21815746,2.4634824,2.7792604,-1.5518315,-7.5220065,-0.72092366,-2.5520763,-2.4907713,-0.6137766,-3.2097335,-4.24383,-4.084815,-0.5131967,-1.9899983,0.54952264,6.329864,6.808607,-4.620418,7.4800453,13.014422,-1.6460129,-1.3843564,-2.328094,-4.8983397,-0.18902755,-6.004226,-0.40420437,0.50565225,0.2737034,0.8381359,2.1233146,-1.8585309,4.59243,3.7503376,2.713124,2.0573392,1.040888,9.83061,2.2182543,-2.1583622,9.058428,13.624153,7.363328,4.314537,8.308583,-1.1006181,-2.5062377,-1.2253748,4.195976,-0.08768269,0.13260832,-3.2777677,3.3495295,-3.3983903,7.909294,-0.28705832,-3.4858418,-7.9730263,7.3427405,2.7701836,6.6653066,9.264364,29.455378,-2.4306014,4.628335,4.7166843,6.4084573,15.692815,12.175089,-3.221836,6.962561,2.9733999,7.46997,4.348895,-9.8383665,-7.279424,2.203114,-10.802268,-0.5235911,-9.654121,-10.660925,-1.7758886,1.0027726,-2.701456,2.9274719,-5.3043423,7.0859966,-11.231857,2.8935287,-11.974925,0.18028629,-1.5803313,-5.1849914,-5.281841,1.8970761,-4.2966557,1.8082453,-0.5445739,0.09917077,1.3031595,-5.883616,-5.5391498,-2.6736538,4.7599835,-4.2414875,6.012382,2.720568,1.2922931,2.0853388,-5.5479946,-9.474225,-1.654836,-7.907734,-5.8144875,5.4139905,-5.9338403,-0.37381282,-0.0033895082,1.8288357,-1.6181935,-11.090461,-16.957418,-8.075427,5.4103208,11.138174,-2.2817569,5.6103787,3.0944932,3.5892398,6.269079,6.2852373,-0.09481568,3.957576,-9.323304,13.566499,1.0067749,-2.1187499,2.7684736,5.3992677,-1.0275085,-6.461053,-2.2413998,-0.693166,-3.992119,-4.8429413,1.2421229,-4.9033318,-1.4076023,-4.452404,6.7141247,6.5155478,3.9240675,3.7962892,-1.362901,-11.201731,9.162363,-6.3179374,-4.6060424,-2.0370421,-2.508229,-0.27475706,5.577271,-2.803368,1.3728818,4.928764,0.89398515,-3.9622695,2.9687748,-11.474813,-13.74509,-8.515834,-0.2497545,-11.459546,-10.499489,-8.720763,-6.719021,-2.861078,-2.1251519,-1.44004,0.47403407,-2.3290799,-10.123531,6.131484,7.2041984,-4.769023,-0.5862547,2.1443608,-0.5665232,2.102921,-3.0222926,-0.7322048,-0.89151937,-0.43305483,1.7939363,-2.2125235,11.107529,1.9656278,16.71161,4.239589,5.144214,1.3217511,-1.0522174,2.1156766,-3.2213535,15.134515,4.834039,-0.85183984,-2.6937509,1.8370337,-1.6007361,6.6212807,5.4353294,3.5305166,1.3169397,0.34464553,2.8473868,1.0510768,4.067976,1.6302673,1.7036839,13.776334,4.2624087,5.5152445,3.7637665,4.236746,-1.5751883,0.8135908,0.32686102,-0.49029765,0.0,0.31744248,-1.4303107,-0.74860096,5.380664,5.5441637,4.1052456,0.049271327,-6.0116,7.3010845,-1.652728,-4.299875,1.881181,16.210035,4.0467196,-2.051445,-1.8827233,3.9424026,8.81163,9.975265,13.965758,1.9918503,2.744247,15.820105,-2.8232594,-4.1571436,-4.8072176,-0.5783247,1.137156,-7.6072097,-4.4762745,-2.9166691,-4.3193555,2.6109135,3.8508768,-3.376359,-14.926289,-11.104273,1.093637,-5.3429103,0.9882569,-1.612233,-2.4957623,0.43512562,0.16642469,2.620805,-1.6997262,2.0074868,0.8705676,-1.3256474,-0.16195385,4.3397117,-3.6778762,1.900513,6.188436,2.438272,2.7662742,4.295888,2.3239539,-0.09413479,-1.8432986,-4.425418,-1.9401418,-8.780988,4.409111,-3.9530659,1.5559036,-3.3322494,-4.603056,-1.482366,-1.3188289,-14.544973,-2.0737255,-7.6994095,7.931445,4.595705,2.9008267,-0.6945123,0.7217546,7.9198575,5.341222,5.5411944,-1.9184946,-6.704651,0.3913735,2.305296,3.635126,1.2726771,19.550547,1.467319,-0.37483552
140,-6.686591,-3.0293617,0.59180635,-2.082063,-1.1433089,-1.5292646,-0.3838443,-5.9809194,-4.7102866,3.463824,-5.7997437,-3.8403056,-1.4952222,-16.62938,-10.9389305,-1.7660573,-0.7532129,3.194602,-8.8222475,-4.1862197,-6.1510544,-7.447636,3.569567,13.688351,4.987472,2.8857265,0.9014693,1.3085,6.596931,-13.755659,-15.8713255,2.2485452,-14.352371,2.2311037,6.199955,-4.635758,-1.2236232,4.735859,-2.3001215,-2.8033147,1.2393632,-0.41238892,4.138701,-0.72989047,1.4070007,3.6130924,1.2595124,8.300737,1.5278819,3.1066728,-3.248221,-3.8928216,-1.8777107,0.15728253,-1.3575144,-1.5628316,4.0442033,-4.430548,6.3720164,3.0599003,-3.1384623,-1.9066559,0.5265294,4.0324354,-6.672698,-0.57869035,-1.2164773,-1.9360785,-3.849845,-4.1176543,-1.9386643,-6.90464,0.9882342,4.873162,5.520224,1.0337821,0.23400636,4.7439294,2.0769644,4.734161,-1.0626509,-1.5322192,-0.72837746,6.8663297,4.5019593,-1.6037426,-2.155924,-2.5644226,-1.8269573,0.09599201,0.12503107,-2.4323204,2.424047,-2.4645195,2.9366362,3.3894372,-1.1141231,-2.3077269,7.623252,-1.0494149,4.0430164,9.170156,23.453928,-2.4898891,-2.1554778,2.6727915,1.3858137,16.92917,11.416865,-1.36985,3.342145,0.7212793,12.726313,10.687585,5.194919,0.25844815,1.6559297,2.1528928,-0.011492479,-4.6569786,-0.6978734,5.520364,-1.687954,-2.4001124,0.5097378,5.840038,11.51486,-0.14353712,-0.91193265,-3.7120016,1.2791187,4.2652893,0.7317057,2.5154238,2.318779,0.43102196,-0.90496165,-3.2787087,3.535826,-0.69417894,-3.456311,-4.958473,-4.9335313,1.7853329,-2.2202475,1.4766369,3.0889852,1.4477518,0.72231627,-8.9383955,-4.4831,3.7176242,2.5355918,-4.3959656,9.83874,2.0010273,-3.7130148,-4.876869,0.9025872,2.6712234,-5.0927634,-12.022779,-0.5259789,5.20593,5.0487437,3.240672,9.472233,6.0819197,10.436667,-0.0011285589,3.2264256,0.26843625,-1.7520494,1.8929834,9.748132,3.8973827,0.11157587,-5.4658995,-1.1604636,-2.7046247,-6.588317,-0.38700798,-5.3770638,-7.903258,-2.8952515,-1.718522,2.3061428,-1.3973402,-5.984019,7.7257695,1.8259696,1.9250885,-3.4930115,-7.920718,-9.758928,-0.6665585,2.7041976,3.0045154,-10.4195595,-4.608476,-1.5026859,-3.5549247,-1.5546671,-1.2525746,5.838051,7.3904557,-2.1153486,6.5614886,-0.5744687,-4.2337303,-12.45047,7.329792,-11.855121,-4.7281113,2.6697266,-3.5924602,-6.590385,4.51516,-4.3759594,-4.4937234,1.1496958,-4.3190985,8.784879,5.1876483,2.1144226,0.8019744,0.80649275,-0.29440543,-0.5083022,1.0634513,-3.0281098,0.625799,-0.5714109,4.457418,2.5042672,6.263685,9.497787,17.14009,8.169098,6.3840528,0.651119,-4.072507,4.5898314,-4.6342235,-6.812393,5.9164405,-2.1169565,-3.3989613,-0.7761124,1.8701051,2.522663,-1.7946284,3.2980433,7.801675,4.6016192,2.554016,-2.565168,7.930166,5.335882,9.293501,5.087112,6.270367,3.6372008,0.7885921,-0.044674788,-2.2552235,-3.080999,0.026269488,-0.01746785,0.0,-0.10997571,1.7492712,0.06351414,7.974742,8.02772,6.5753155,2.320501,-1.2489697,6.061602,-2.0147054,-1.9394281,-0.45291078,10.1704,1.9314638,4.050344,3.745159,9.155053,10.135004,6.9963555,11.105124,5.824899,-1.5438061,17.857481,17.684763,3.7218587,-1.0277694,8.322633,7.246901,-4.0626535,1.86957,-6.181972,4.248198,4.329341,8.769011,-0.26392227,-3.2379422,-7.634414,2.2065487,2.7245655,4.5927715,4.378869,-4.128708,2.0800333,-1.2765452,-0.39168766,4.413938,2.4133027,0.4659359,5.517769,-0.9713363,-6.2339168,-5.683071,-4.0591216,13.868068,4.4427915,0.9916958,1.303865,2.6773336,1.9455036,1.4405911,0.50705737,1.8466818,5.2971067,14.4030485,-0.84123814,-0.23710826,1.0700883,-1.0002239,-2.351278,-6.30284,-11.001752,-3.9499369,-1.8498894,14.423572,4.724461,3.7953022,5.5523114,0.5439724,6.710163,-1.0958998,-1.7440866,2.8829522,7.8602657,4.3351603,3.4919646,3.8214188,2.9459643,2.8794549,2.6612282,-3.8143895
141,-5.7694035,9.894405,-3.2338734,-4.477122,1.1833463,-1.375287,2.4058325,-6.2865777,-6.8975816,0.93425274,-2.3313222,-1.2605209,0.31295043,-18.416147,-7.5433125,5.9095716,10.058778,-4.137387,12.919677,2.281654,-4.7152777,0.93869287,6.9210515,4.0664973,1.6694838,-4.1079335,-8.91573,6.1110425,2.804628,-11.112614,-15.381169,-3.6229508,-11.350891,3.206781,-6.7312536,-4.749215,-0.6434443,-9.539425,-3.6565778,-0.58144826,-2.3090408,1.9124042,0.01920264,-8.068901,-5.4053416,3.327601,-2.462226,-4.3091,-3.2515826,-2.658532,-6.055742,-6.2666454,-6.0709004,-2.5721862,-4.6278014,-2.552132,-6.7604284,-4.015231,3.5668948,0.2490357,-6.993912,-4.2571263,-4.507124,-3.1496396,-7.5805283,-4.7416496,-3.230959,-2.1539216,-6.0150995,-1.6082292,0.35301715,-9.121867,-0.66620433,-1.5789369,3.82886,2.26776,0.05705803,3.2010622,-2.2831054,-0.7616776,-0.18300666,3.3591561,0.007516641,-1.5099746,-2.7191944,-6.4623694,-11.704345,-5.6502666,0.98097944,-0.040445916,-0.06286859,-7.706485,-0.96797705,-7.346556,-5.044645,-3.126242,-5.397154,-3.0738363,6.7528734,-1.1530902,-2.2271216,2.3668795,-14.147068,-7.3827715,2.2478886,-0.30105072,8.602446,8.937013,3.969286,-17.703688,1.9043009,-4.912421,9.3033085,6.729467,-3.7755063,-5.418389,-5.3737383,-6.5549445,3.0358992,-5.3612432,1.4118742,-0.8754692,-3.9560032,2.7876155,0.83633345,-3.7431264,3.3775947,-9.680536,3.4466293,-0.44406918,-0.06623642,-2.9522364,-4.4152036,-0.72478485,-6.2080193,-4.9002132,-2.0622861,-4.9212866,5.6142697,-0.30953538,-0.8671581,-1.8724754,-2.4112828,0.10120152,-2.0613425,5.5916705,2.9090528,-1.7998134,-0.45544317,-4.3227134,-3.8589194,-0.4818904,-2.097208,-0.16807982,-8.46301,-2.8127463,-4.695591,3.797965,4.976908,9.235948,0.6452937,-1.9358803,-4.0846677,0.08103312,-0.2031964,0.63463056,1.0014111,3.5769904,0.9481016,0.6210283,3.3947065,-0.15380055,-9.995809,6.1383467,14.12474,-9.347644,-1.4720633,7.4619265,5.0074477,-4.483377,-8.729138,-4.5991855,-2.5573134,-8.626463,-4.935693,-1.7937021,1.3104447,-3.7692733,-4.762537,3.899037,5.283839,3.3736043,-1.1764516,-14.855389,-9.505225,4.68961,-0.5801528,1.3202206,9.509352,-3.5334067,-5.1197567,1.6326644,0.93210936,1.8471274,8.475856,0.3241422,2.1799402,6.5830355,-3.6111007,-3.4315374,-2.6692994,-3.6165547,0.6529956,-2.08644,-6.095244,-6.9883337,-6.020282,-3.3963797,-5.490624,-4.359569,-10.390081,-5.7007923,5.0255804,5.1654,-0.11091433,-0.93978316,-0.99483883,2.5440042,1.622492,1.5616632,-2.2923691,-1.8749142,0.7729907,-2.0963938,-3.4031677,6.17201,3.3279772,6.5390115,1.038144,-1.3542848,-2.9884734,-10.740821,0.4821934,-9.24864,1.5263251,-14.075271,-4.3323655,-2.667687,-4.3929205,-4.0852065,2.519551,-1.2161943,0.7290158,3.2897928,4.46638,-2.120032,-1.8262217,6.6786175,5.4736934,8.679886,7.0123944,1.9866885,4.0657597,1.9602563,0.6536294,0.5182635,-0.037895422,-2.699818,-3.4342349,0.0,-0.38493374,-2.8114922,-6.10093,4.85999,6.755986,3.9919713,3.0357902,-6.125012,8.089498,-3.1038067,-5.190626,-6.708339,19.053967,8.410615,3.1286023,-1.5082896,7.5178604,15.015335,9.1621275,15.282633,5.726817,2.5439765,26.883032,4.1610928,-9.8895445,-1.4303893,-5.4179773,-3.3166645,6.0012918,-3.1488862,-11.014334,-3.220284,-1.4653699,-0.32452852,-0.98714256,-7.712729,-10.171129,0.27704388,2.8682399,7.20686,-3.1086164,-5.7223105,3.9090147,-0.34284902,-0.40103778,1.0903425,1.786766,0.0822388,10.768719,1.4158338,0.43397805,-5.472414,3.06508,2.610631,-3.5560036,3.6521707,4.6782746,0.34214678,1.4167049,-1.0105915,-0.37440652,4.005455,-0.27878058,-0.64257336,-9.820352,3.1280026,0.9183859,-5.4979167,-1.6587992,3.688018,-8.240041,-1.443644,-2.365882,10.741762,-2.1730285,-2.0094218,-0.2042775,-6.507713,-1.4787757,3.1402855,4.74047,-3.425954,1.0410043,2.6510632,1.5560484,0.36582103,-1.9639801,10.776276,-2.1241968,-4.311894
142,-9.9564705,1.4461862,-6.5642543,-8.152071,-0.81158656,2.3692703,0.49889782,-3.8529234,-2.0152242,-1.372286,2.7468998,0.41266474,-4.243992,-20.825085,-14.692099,-8.500357,-1.5760854,0.66036606,7.9946127,-3.0174851,-1.9287277,4.648882,-7.9314256,-1.3114892,-0.9191073,-0.039351206,-5.961554,5.9381332,-3.5975482,-4.9211683,-12.849755,1.042873,-11.221477,4.66705,1.855611,-7.162137,-0.3898799,-1.7766206,-2.1438663,-4.4007654,-1.9743593,-1.3543786,-1.962492,-1.1782484,-5.0288854,-3.4882853,1.4218194,-0.259108,0.99228364,-3.0366774,-4.530084,2.0647683,3.5671492,-0.7686066,-1.546477,4.1056104,3.8999255,11.269619,11.386653,3.7831318,-0.6456012,3.019681,2.7702527,7.4352417,2.598877,-2.53754,-1.3442868,3.6829624,2.949973,-2.0189996,1.1880032,-1.0809473,0.5917435,6.8928638,5.744608,2.3616955,0.4713351,8.062814,-2.260085,4.0405936,3.879469,7.365852,1.2716565,-0.78935736,6.58751,-4.967016,-4.5338717,-1.1158811,1.5161917,0.1427859,-0.2780245,-1.8963702,-0.23460849,-0.59186065,-0.4224148,0.16490366,1.8120226,-1.7308048,5.5585594,-1.9209749,-11.847286,2.8532033,25.64392,-3.567466,-3.887534,4.3771853,11.70409,9.681902,11.761508,3.584404,4.5167794,0.012224651,12.255132,-1.1125659,-5.2817636,-0.33691677,-1.666727,-3.938149,-7.0690384,-0.67966807,2.165985,1.3444326,1.616588,-2.2780755,0.57599133,4.907448,-1.5015801,5.640226,5.863582,5.5967145,0.44677565,-1.3441496,-0.33412215,2.5916388,2.340154,-1.1793959,-2.7143104,-3.0858228,9.389829,-0.9930161,-1.5405132,-4.325287,-4.219427,4.0082006,0.220534,0.052824285,-7.290153,-2.6315992,-1.8173177,-4.4830217,-0.33411276,2.900901,0.7535616,-1.7519875,-11.116409,1.1184752,-3.8764026,10.088686,-1.5102378,5.906908,-0.08128154,-5.8036504,0.9860006,6.723509,2.6443582,2.9706833,3.789347,-1.5225035,6.2453356,6.5517626,4.25507,0.1413658,-0.5028745,5.3924513,1.7746242,4.765079,-1.8592969,4.927339,3.7060184,3.5983639,-9.976844,-2.4917476,-5.152181,-11.7377405,-7.065437,-2.9860823,-1.4112717,-0.47356212,-5.226982,-2.2805908,4.902341,0.10662085,-6.344113,-18.50134,-11.1000395,-1.4514918,0.8325014,2.8193429,8.614082,-0.80336934,0.8948967,1.5709275,-2.488843,-4.72145,8.138842,7.8007326,4.9818234,9.705837,-0.6100421,-8.559216,-8.925369,-1.691268,-3.6377957,-5.10792,0.860725,-4.5036044,-2.895607,0.6602038,-4.815765,-4.9451766,-3.9017859,-2.0523913,3.708231,2.7938175,-0.07116294,-1.3830222,0.98394555,-1.2711415,-2.657022,1.8213199,-2.898008,-2.0159736,5.251114,0.030083288,-1.9891193,8.196613,9.695096,7.300871,0.24106944,2.431763,2.0166018,0.34758234,3.752662,-3.037195,9.300426,-4.933341,1.840763,-1.6161484,2.5040305,1.5603588,0.45170364,4.631183,3.1855388,8.395446,4.0317926,1.2877297,0.5654903,11.001289,4.4468126,3.4460764,13.389152,5.3664284,4.001687,4.8447485,6.059237,4.314548,1.8570135,-0.89592516,2.0318058,0.0,-0.18299586,-1.5047935,-3.0693612,1.9584535,-1.443489,-0.21391723,0.042866506,-0.31224793,9.448968,-4.5453787,-10.276032,-5.6481795,-1.9962535,-5.616008,-7.6005154,2.4609466,10.22985,16.784586,12.7409525,1.7380428,1.9371108,2.9983087,17.3518,3.7072318,-5.1597276,-1.1632694,2.4099216,3.2844536,-1.9512274,5.6547747,-15.687424,-1.6988871,0.41320437,0.81994045,5.2818394,-2.818458,-3.4189053,4.8054824,5.847364,8.590245,0.93277717,0.69596165,3.4539192,-0.051804837,3.192588,2.622163,5.692331,2.2421079,12.668502,-3.9764297,-3.928876,-9.942485,-5.4777155,7.7735953,2.6848886,0.1550981,-3.8452907,1.7887255,2.0883229,-2.6043854,-0.14834604,-2.884607,2.784319,-10.903907,-5.9616756,-0.87204516,2.4371161,-1.682183,-4.9855943,-2.4847887,-3.486154,3.8120422,-2.6321065,0.2546155,9.368891,2.2761726,2.0257936,-9.632424,12.010186,4.9360743,1.8189625,-0.77262026,3.2795494,12.801137,2.4843233,-3.4152873,0.33125126,-2.0145264,2.5321023,0.7569399
143,-2.7230823,-2.658699,-1.0449436,-5.1997175,-2.652877,0.9505029,1.2059118,-2.4459908,-1.856755,-1.9243162,5.347326,-0.45572257,2.0496716,-0.27991915,-12.254205,3.543413,1.5641474,1.3046721,4.6149645,-0.87445647,-0.9832854,0.47152424,-2.961037,-7.0752225,-1.9227768,4.7795444,-1.735066,11.93059,-3.0839767,-10.372222,-0.67045736,-3.5430667,1.075983,-8.352616,-2.5399761,-2.565668,-0.80894345,2.3757894,-2.5144787,-1.7244327,-5.0285287,0.24141896,3.5916085,-1.3624899,-3.4757557,-3.5663364,0.5727248,-0.054881796,1.8547416,0.8226141,1.1719385,2.7874112,1.763394,0.54587394,0.41698992,0.9368932,-2.0648496,-0.8342544,6.77171,1.9101164,1.3373688,-1.3827631,1.8441601,6.5252476,-5.1617684,-1.6793927,0.55031717,1.2389187,1.3176081,-1.3666751,-1.1481012,-0.83434904,1.2877493,6.000633,3.950933,-0.81320214,-0.010589367,3.6015105,-0.2366376,3.361042,3.7845297,1.6623694,1.0478319,-1.104646,0.5127673,-7.152764,-0.0022228293,-0.3537528,-1.6187992,-0.04215751,-0.22308198,-3.1976955,-4.1061335,-5.9038343,0.2457601,1.6136769,-2.9607136,-4.1536903,-1.0875083,-0.019569809,-8.350344,2.4772716,1.8087497,1.6866233,-4.5255365,4.744324,1.0131848,5.5627317,5.827614,0.39935678,7.106523,1.951311,-3.6111166,15.50402,6.520141,1.7042294,1.5725158,-5.6399674,4.9814997,0.90845275,-6.674853,-2.4141426,0.85223734,-8.091984,-3.0895083,2.4222763,1.5718642,5.7231035,17.622196,13.581698,0.6910133,1.2680687,1.3542719,0.34315044,-0.35399818,2.9994395,-0.021086808,1.2204905,10.610118,4.1319423,8.46389,-1.2628349,2.9228585,3.7817807,2.051132,4.4007726,-3.1685333,-3.8041098,-6.1350794,1.4858584,-2.7133167,3.4754748,5.385737,1.2766113,-2.410282,-3.2311747,0.124392636,-1.4193754,4.6701064,-1.4043375,3.9765663,-9.845799,1.7554216,6.129646,-6.720715,-2.5780056,3.2231524,-1.1664761,1.8913411,-0.94053674,-0.3346053,-0.08691239,-4.4153185,-12.474955,1.9911085,1.7723073,1.5681232,-2.1269367,-3.5405529,4.617959,-5.542817,3.022094,-3.9135492,-7.4325995,-4.275125,-0.59358495,8.468578,0.45588654,-2.5618544,1.4120408,1.7698847,3.5547729,-0.5794733,-7.591616,-5.479832,-2.8573813,-1.9023631,3.3754287,3.9926932,-3.2641792,1.0314134,0.29525986,0.17876029,5.6885257,7.708423,13.200093,-2.217862,14.20932,-3.3016984,-5.1063733,-2.724242,5.076952,1.5477549,0.22912584,-6.5490484,-7.163385,-2.1685057,3.9128,-4.9792113,-1.0528209,-5.404981,-2.0782456,6.046701,0.16021734,0.09611794,0.6666966,1.4677631,0.059640285,-1.2951094,0.71977514,-1.7470094,1.3090428,-0.8541241,4.4373055,0.32184848,6.5444307,12.749332,-6.8049808,-0.9544936,3.7548623,-1.3637353,0.6350968,3.8047442,2.4038496,-4.9033914,-13.528057,3.0204294,1.9874618,1.8541135,2.165454,-0.81066734,-1.4518243,3.7411294,11.989105,6.695644,-3.504873,-2.6139035,13.37949,1.4245799,5.0869308,3.7875836,6.253923,8.130486,6.8629003,4.1307044,2.4072263,3.868121,-1.4903785,-4.928701,0.0,-0.038500443,2.8513281,1.711312,-1.2016793,1.9518808,3.2805307,1.5563982,0.008016595,11.4390335,3.9712465,2.6984048,3.3254523,-1.1838506,-10.900779,-0.10097442,1.7887869,8.150623,9.441143,-6.0788455,-5.8232408,-6.257253,-1.8781581,25.906054,7.872521,10.943252,2.2832534,2.8105125,0.18182224,7.193533,4.2847147,-5.9486794,1.6048427,0.8990175,1.6297923,10.395858,-5.495699,4.338111,4.9150867,8.55777,8.734341,1.1864231,0.8217455,4.022181,1.960475,-2.0703752,5.2777643,3.8331366,2.5539162,20.0998,1.0535568,0.2314627,-4.965583,-0.8031514,8.143074,2.220299,-0.66329134,0.36852702,1.8876438,1.914714,4.5176926,-0.86061734,-1.8267051,6.131782,8.2754345,-1.4207202,4.5733175,5.2553144,-1.3974904,-1.3250887,-8.235232,1.3155417,0.2643305,2.1373951,-1.5190765,1.6786715,0.062014632,10.095573,-1.1325608,-2.6287487,-0.46529564,2.673364,-0.343074,7.1669254,0.058462705,1.4434068,8.558141,-2.8062413,-25.526297,-0.2555917,0.23490751
144,1.9621106,4.66378,4.4552026,4.6774974,4.1245856,1.4566681,4.0507264,1.2632997,2.0628445,1.6556574,-4.5779395,-3.1563807,3.7095747,-6.233515,-7.4207616,5.1624045,-2.0223641,2.9764493,-10.018515,1.9263967,-4.237948,5.534142,9.77443,-9.905851,2.3154864,4.584724,-1.7125707,8.37625,-2.701706,-7.1592174,4.998055,-3.8774107,2.5829206,-8.837497,-1.126031,-1.6499603,-0.15795274,0.6181751,1.8877573,-2.1067252,-0.34633648,-1.022826,-3.6186817,-0.4546281,-7.7911005,2.9077964,1.1925251,-2.4177086,-3.102512,-0.22106199,-0.1964208,1.6456348,-0.98535526,2.8984041,4.4013495,3.4054296,-3.2521982,3.25277,-4.122347,-3.5581932,-8.468853,-7.0050364,-7.0087876,0.23424757,-6.83609,2.962024,-3.1389387,-0.82266915,-1.600646,-1.5997058,-6.42718,-2.993301,0.7786076,7.2932405,3.789493,-3.9840481,-0.20374906,6.0165796,7.9492226,3.8012202,-0.8465135,-1.217858,0.0455617,-1.7819691,-2.8771653,-8.720429,-3.425255,-0.67013484,-2.1101294,0.063127436,0.090450004,-4.087655,-1.747713,-2.708394,-3.7179163,1.131434,-4.123171,-5.7446823,-1.216335,-2.899805,-6.2553344,-13.684942,-5.4612885,-18.780077,-7.88955,-2.7253492,-2.3704326,-3.2097266,-5.2997017,-3.5208287,-5.4600306,-4.0731034,0.30496293,-18.249617,0.46930873,-1.6998184,-1.8671643,-0.056422133,-5.316472,10.541262,14.789547,0.6742778,1.0591648,-5.0482254,-2.2314248,-4.168867,-0.8558262,-2.0029395,9.307002,6.5178003,-0.123463795,-1.1108091,0.6156105,0.21728724,0.38213453,0.637791,3.5711286,6.39373,12.179673,3.033843,-4.727146,-0.42189753,-2.2395897,-2.165557,2.9991653,3.1009386,-0.15664479,-1.9713622,-6.279344,0.75382084,-4.5616827,0.4701296,2.2425587,-4.3724008,2.780732,-2.45288,5.1141977,-2.866764,4.654183,-0.09898644,0.78258485,-16.9504,2.025772,6.911441,-5.7015643,1.115384,-1.0440243,-0.4386004,-0.6716771,-6.0202184,-2.3864794,0.18296812,-6.5443845,-2.497142,-0.46396148,5.1690025,1.4205459,-9.324024,-4.9279485,-6.48674,1.2317389,-0.22251785,3.4630187,-2.1819475,0.951584,1.094411,4.927726,3.3805768,-1.2900958,3.5107837,0.56656337,4.743113,1.7529888,-5.2559233,-6.707176,-1.428538,-2.2350957,5.1194205,0.8248146,0.33647916,1.7220451,-1.5792423,1.7233906,-3.959731,8.470856,8.6614275,1.8265643,9.849078,-3.3694942,-0.75804156,-3.1892242,0.8965732,-1.8928431,-6.5019064,2.4002166,-2.2931762,-5.5483894,-4.170929,-0.94477934,1.5271099,-10.1154585,-0.6136217,3.6827834,4.3853106,0.99784243,-4.179077,-0.060886163,6.5536113,0.72092366,-1.6231627,-1.8418236,0.47222814,-1.3153454,2.8458903,-1.2318112,6.217922,2.389562,0.7580217,-6.1558795,-2.3725643,-1.4262768,-1.3475741,0.4333013,-7.427257,1.5153576,-8.64921,-0.47815022,1.2482569,-3.6317198,3.1043966,-1.1199285,-3.533499,0.12993313,7.047987,-0.21280445,-4.959081,-2.0796175,13.583953,6.7466927,4.9386353,4.704603,4.693628,5.2908707,0.9826909,-2.6171963,0.70735663,-0.03691105,0.77089375,-1.5296686,0.0,-0.1174296,-2.71852,2.7605202,-3.6650884,7.3763456,4.151425,6.8765383,0.54075986,2.7045245,-2.3846881,-1.4759533,-6.0521955,13.037382,1.3558744,3.311304,-1.3651463,4.1228676,11.234647,2.9133985,-5.2432575,5.4311833,-2.2617676,25.798933,-0.17667058,-5.179844,1.8412858,8.373044,3.2265038,4.218675,0.5844591,3.6688154,3.0443416,7.803531,-6.429493,3.2184477,4.927077,-1.2363094,3.7018168,12.022129,13.174568,1.6922406,0.27222264,4.6976304,-1.0889195,0.71656555,2.465999,-1.7076409,-0.25917315,13.789529,-4.875215,3.1901102,3.212,-2.0822127,9.009527,0.05710967,-0.45043683,2.208661,0.821934,3.5264323,4.150423,1.9783511,0.24155049,-2.6131105,-7.0316405,0.39199358,3.5479493,-1.794267,-0.106194004,-2.4428706,-3.1077452,5.4833255,-2.4946935,-2.921521,-11.760157,3.7068088,3.844737,-5.83636,-1.7871423,0.052076742,1.0739666,-2.672463,0.6794113,-13.510091,-4.21909,-1.8798836,3.0322945,-0.8420928,-0.8494106,-4.5455594,-3.3616974
145,4.4144993,1.8727881,3.4843097,7.617543,3.6778877,0.55089414,-2.0541468,0.20691946,2.6577294,-1.1832722,2.8880544,1.3892368,2.5832162,-8.4716,-2.8644364,1.8732098,-7.1540747,-3.45147,-1.732364,6.0109563,5.949742,9.622935,-2.144985,-16.37478,6.714812,0.748625,6.350893,6.408074,-0.046763334,-6.170043,-0.38550082,-8.2515545,0.87060195,-8.266864,-5.3268127,-0.10340557,-0.7446772,4.67528,-1.4735312,-3.0893638,-3.390805,2.8994668,1.960181,0.18103892,0.3499267,1.3563039,0.10528077,9.766894,0.6709455,-0.49711594,-0.21768522,1.5927551,2.662345,3.4297843,0.5797038,1.8903482,5.5103745,0.028654825,2.8473294,2.5247645,-10.78903,-9.315906,-0.9976991,-4.31909,-11.229937,-1.7533361,0.9032707,-4.8029375,-4.7337747,-2.4060242,0.92916584,-8.566735,1.054311,2.053613,-0.8652146,-3.7495797,-0.07331258,3.854445,-3.3868864,-2.5617964,4.1062784,1.7993171,-0.8538479,-3.3247454,-5.6120944,-6.815153,-12.117478,-4.1511755,-0.41444215,-0.05514325,0.013199747,-2.8952374,-1.6454881,-3.009142,-3.9944925,-0.71241546,-4.303279,-5.0306363,-3.7223077,3.02442,-5.909549,-2.678537,-12.888867,3.234752,-3.7392077,-4.921562,0.28430524,-7.4881086,-3.2666893,-13.892944,-8.7245655,-5.140798,-3.4527066,-0.7500194,6.05933,3.1493738,-6.2323203,-5.4564443,11.548077,-1.8376358,13.061087,-5.894653,-3.2201662,-0.08362222,-4.752766,-3.4189975,-2.208262,-12.858754,-1.2298641,4.01144,-0.58428216,-2.8690097,-0.9814297,1.7643058,3.3844113,-0.0609947,-2.7601614,-1.5750589,3.091787,1.436741,-2.6132214,-3.4008374,-1.4566181,-0.13466494,-0.19120629,2.764302,-1.7618569,-0.2452548,-3.0896323,0.6813207,-3.3214095,3.7673326,5.5038724,17.57029,0.41215593,-2.8816845,-4.211763,0.2228728,-1.4158583,7.3514466,1.960038,-6.0959253,-0.18319087,8.423057,-0.88867843,4.5219,2.1750066,-2.8477905,-1.9680418,-3.036876,-2.9634993,-0.06774285,-17.698246,-12.524678,-2.7658021,-5.769908,-1.9828346,-12.329447,-5.745501,-8.709162,1.8818505,-0.6689389,4.8372273,1.9409678,4.112575,2.8381002,6.888442,0.8171078,-0.3358069,3.18309,5.263706,3.0617828,3.5219193,-11.712194,-2.6346037,3.4371798,-5.117264,2.9084861,-0.36602783,2.193189,6.346407,2.775843,3.7761142,0.77113336,2.3496451,4.1012216,2.923175,8.673365,2.2382746,-5.487138,-1.5211709,-8.788865,-3.4066112,-10.310671,2.4059193,0.0238873,4.8669667,1.61879,1.9806958,-3.4788287,-2.233579,-3.3421566,3.4047966,0.11302329,1.3845719,2.0111306,2.984853,-3.262893,-0.32896462,0.1608872,-0.5632056,0.7359396,2.8706484,1.9428993,0.7953172,6.6124334,2.346629,-3.3690746,0.2348646,1.6791786,1.2478982,-8.418558,2.5388489,-0.5511105,-5.508806,-8.502972,4.54917,-3.9668045,-5.9344115,-0.7578125,-0.058872942,-1.3681002,1.908922,3.5914862,0.12604804,-6.5690894,-1.4796246,8.149057,-1.0234753,2.5638173,7.197572,4.200207,4.506798,4.0727854,-4.855047,1.292202,-2.5072985,-1.1910156,-2.0304515,0.0,-0.15810058,-6.5433273,1.0643584,-0.3203625,-0.9016803,9.155063,5.1995697,-2.0948405,3.541888,1.411582,-5.3815966,-2.1432672,24.607601,0.06804182,-2.6463914,2.2614918,1.3079125,9.221635,2.8810122,7.701901,-3.1183333,-1.1690493,15.954541,0.9947383,-1.9402698,2.7686718,5.881775,4.778676,0.34321335,1.5216482,10.15396,0.033012003,-5.144451,-9.877602,3.3823118,3.842008,-1.5221301,0.8068152,6.201835,6.912343,-1.9889237,1.225033,3.769715,-0.9104001,-4.029677,-3.6344063,2.2005146,2.1183784,8.714071,1.5714076,3.115684,3.8779128,0.65302217,13.205937,7.211353,0.2930497,4.2057657,0.77997404,4.0080423,5.307773,-1.4308223,-2.7602274,7.9340215,2.672533,-14.120626,1.0768849,1.4621189,-1.9208304,2.7832503,-2.3691363,5.643017,7.0936556,-5.330586,-3.645256,-0.4472767,4.186017,4.724883,4.136295,1.2762678,-1.2890904,3.329556,-2.9996848,-3.936467,-0.2962243,-0.61028504,5.1711426,-0.7696669,-6.382838,-9.25224,-9.225111
146,-0.013032407,0.45222142,-6.6273003,2.9257774,-0.14619106,-0.039243747,-6.8128858,-5.669863,-4.788473,-0.83256775,-3.4108393,-1.666595,4.011785,-11.636176,-5.7342477,7.7858844,-0.1882715,-4.45169,-0.06849809,-3.1973312,-4.0808406,-2.6978533,0.49876574,-9.151878,1.7773091,-0.12219945,0.8437574,8.736211,-1.3710938,-12.565415,-4.3539944,-10.725224,-14.813125,-12.797429,-4.212944,-3.0984464,-0.26193988,0.5223497,-4.7820926,-5.969156,-10.277756,-2.2859566,1.4184735,-0.12350507,-1.3809553,1.1946532,-2.3625062,-1.8905514,3.4077675,-1.570059,-3.588034,-1.4258746,0.36427057,-2.4789734,-5.1252594,0.31184486,-0.3305264,-2.5179548,-0.069170184,-0.5251263,-16.049576,-5.0233955,-5.1756215,-3.6439452,-11.896942,0.19244331,-1.834631,-4.9061527,-6.63921,-1.6278356,-2.1928024,-2.6688042,1.3385354,-1.0728762,-1.9097881,0.24733953,0.18404348,1.2837058,-4.2356277,-7.0092216,-0.29623917,1.8694968,0.37655416,1.960916,4.075353,-6.3156705,-2.510637,-1.857719,-0.11018639,-0.058020838,-0.10395547,-2.471525,0.13472468,-6.3858037,0.91375196,-0.7635788,-0.3196492,-5.4684,0.6793851,-2.0594838,-12.562412,-18.97564,-6.3581233,4.1873045,-5.869775,-4.618752,1.2123402,1.083856,-2.9347348,-10.758578,1.330999,-2.3898003,-8.561101,3.917825,-0.7112667,-4.349978,-3.4457808,-14.392483,-4.224054,-2.1307616,7.0930057,-1.8902632,0.6688789,-0.8375354,-4.3197284,-1.3819797,3.2419965,-10.603453,-8.276052,-3.697268,-0.12933235,-3.1066701,-3.2120476,0.029617015,-8.246496,-4.7460556,-1.8366013,-2.4995234,-1.0603579,1.5421284,2.6215289,-4.4812474,-0.5364093,-3.50222,-3.148919,2.0716367,2.707576,2.3985367,-1.2304521,-5.606693,-5.4942613,2.4656284,1.0711726,-7.857437,3.5482688,2.1803927,-7.710618,0.4119263,0.8860346,2.406119,-7.497737,-13.771522,-0.46834087,2.4177713,4.0291247,1.2679951,-4.4711223,-13.806085,1.3188101,-5.2082095,-0.97200024,-0.061804757,-5.216777,0.9394223,-3.0866742,-9.538287,-0.1242469,8.149907,-7.0300555,-8.613907,-1.035458,-7.5807786,-1.1579331,1.8313745,-0.95016944,0.14531463,3.0815907,-2.6855495,-7.220166,5.6970487,4.9976635,3.5704625,2.4886665,-3.325507,-4.11788,0.7064819,-0.97728664,0.4889394,0.94751686,-3.4573112,-2.3696074,-2.9299064,3.669922,-5.330973,1.4446834,0.7942563,2.9128811,2.2776268,6.4725356,-11.084879,-13.871457,-14.596228,-10.180484,-19.569305,-14.635441,-4.4731426,3.298541,-0.95858747,0.18394995,-13.205148,-8.951577,-7.2529597,3.9589233,1.8298686,-1.629179,0.69687533,3.090449,3.2032337,-0.35945708,-5.076608,-0.4586514,-3.88665,-4.099227,2.8599057,-0.31024647,4.364384,-0.26750106,-7.2541027,0.48063162,-0.20350435,-10.09824,-9.88024,-1.9224575,-19.553253,-8.919084,2.7956972,-0.6072307,-5.867772,-11.313184,0.61681944,-3.512699,-2.631498,2.9371605,0.85720843,2.9008741,-0.9043603,-0.7581676,-0.13461265,3.0055845,2.0198255,5.0049925,5.48812,6.05686,-1.8363982,-2.0609167,-3.394919,-5.254028,-0.72664714,-2.7744763,0.0,-0.7496925,-0.67756534,0.057272065,-0.77883613,10.817641,8.075919,3.5145044,-5.1108446,0.5818679,-0.36098856,-2.115694,-3.4650023,15.519266,-2.082555,4.39727,-0.5474338,-4.8715158,7.9271746,3.6616437,-3.7640643,-0.4700766,-4.5395865,3.9952157,-0.26474917,5.067055,3.249255,10.195073,0.34357664,-1.0789583,0.7044512,-2.3424106,-1.727046,-1.746759,-5.505773,-3.3415384,12.074154,-4.290005,-2.4873695,-3.9586825,-0.66948414,-1.631236,-8.858789,-1.523022,-1.5109948,0.9869064,2.059376,-0.5495072,-4.478781,0.12257137,-3.9509635,3.9609349,-3.5524745,-0.9070999,11.460593,8.680466,-2.5750012,1.9409415,-0.9227153,-1.4703728,2.7228847,-3.2637894,2.550856,-1.8759574,-1.3082502,0.8243421,2.6283023,-4.551221,-0.11025843,1.202079,5.7496777,-9.840155,-14.096095,-3.5094376,-10.051247,1.2745675,0.85589874,-8.651899,-1.8226434,-0.07626224,0.29528624,3.2551403,-0.08684685,-2.8579307,-4.410393,-1.0378847,-4.047742,-1.8607482,-4.555337,-4.570296,-12.17409
147,-0.86894983,5.008279,-2.668766,0.12533183,0.80605453,-1.0846,-9.569711,-7.7847176,-7.4652166,0.910095,-5.5876484,-2.6644638,2.6077528,-10.321723,-2.9846306,2.1272311,-3.6817038,-1.2206894,-11.859192,-0.81811374,-11.011015,-3.5023777,5.5767226,-14.190116,4.09489,0.1848811,6.463604,-0.0005791748,-3.1177096,-8.50461,-8.356728,-6.3579893,-16.66422,-7.9634767,-1.4804413,-1.1114091,4.6689596,5.818428,-2.8935935,-4.288314,1.6955059,-1.3017793,4.2305274,-0.9069806,3.1167316,0.6134489,-1.7100122,-0.6850189,3.0261164,0.39642906,-5.7747755,-5.1609263,-4.5115614,-0.9679375,-1.9245064,-0.7199379,-2.0610716,-7.6583834,-1.50192,-4.0192065,-19.958895,-10.149559,-6.4003916,-5.2072206,-21.685219,1.3020296,-4.541528,-4.9509325,-7.374147,-6.376607,-5.191986,-15.632607,-0.54026085,-0.84107614,-0.25620744,1.1404891,-0.128649,0.085744224,-3.8770964,0.008691901,-4.6766934,-7.81324,-3.7708874,-1.7877653,-5.02868,-8.020119,-17.411343,-2.3725674,-3.6790829,0.056466103,0.34467497,1.2236385,-1.8882884,-1.3287284,-2.4564764,-3.1207905,-8.618108,-7.3837543,2.755064,-7.27974,-12.940423,-4.741965,3.7530031,-7.56525,-10.801603,0.09899069,-0.29374328,3.5899649,-6.043318,-11.548565,-5.4374695,-4.709092,-9.12013,5.1894765,4.611254,-5.287338,0.62751704,-2.7978208,7.261553,6.2419767,7.0635376,-0.7137148,0.122580074,-3.5014665,-4.7012315,-3.453024,-6.298091,-8.319414,-3.3577323,-0.32416505,-0.6459268,-0.37145483,-3.573541,3.7242968,-3.7933242,2.9494333,-0.93971455,-1.3533533,-3.3525715,2.310586,1.3540663,-0.41966757,-2.748638,-1.6682143,-1.4249909,4.451848,1.9186534,3.5385675,-2.0699325,-9.344258,-5.781831,0.95143944,-3.5227337,4.237197,1.8390108,10.768262,-7.4924994,-7.746,-1.4522734,1.4617579,-13.246061,-2.7767725,-0.8310625,-0.9380793,-11.646487,-0.43912515,2.8277562,-7.894858,5.979506,-8.779478,-6.007044,-0.14323555,-2.30023,1.1433861,0.38630575,-13.259998,-1.1154835,0.21425296,-6.579764,-6.094702,-1.5644861,3.1459875,-2.7338073,-0.09572091,-3.265129,-0.22329971,1.3748411,-1.962473,-5.5371265,6.634132,1.4594365,-0.43649787,0.6120933,-21.712425,-2.1686394,2.3002493,3.6495972,-2.8379521,-3.7112799,0.72777414,0.72866225,-3.9754894,0.25955963,-3.7630453,-2.7389808,-1.7347775,6.1902122,2.689367,4.579428,-5.529773,-3.5096202,-14.849697,-20.301464,-20.25494,3.204815,-6.7303867,-2.5919006,5.1019235,-0.8660945,-5.9929495,-0.9341967,-5.3814116,7.5952306,1.1683547,4.1780276,5.6626987,4.712948,1.1870195,-1.4662901,1.856958,-2.3614597,-2.3356605,5.0850406,0.23446237,-1.9047002,2.8035889,4.7138963,-9.628654,-4.364333,-1.596352,-19.427551,-13.427807,-9.120015,-15.763796,-8.06922,-5.0284834,-5.325386,-1.9898491,-15.61504,-7.1441703,-6.8681173,-9.958063,0.413463,-1.0522227,-2.7387671,-7.3338366,-2.5738847,2.611592,-0.25430587,-1.2960559,4.661441,-1.1998007,2.3899305,-0.59922045,-6.65466,-8.809171,-5.469217,-0.37476406,-2.721534,0.0,0.05867238,-1.8459918,-0.5851562,-0.92131263,5.2944083,6.036282,0.5801726,-4.537237,-3.541119,-2.9433513,-3.788761,-2.016659,-0.074748404,8.652232,3.0667467,1.8866129,-2.598974,3.0457757,2.8318422,-12.926817,-2.0945382,-5.2055874,3.7999477,-3.6053116,-3.1182396,-2.999115,5.266074,-6.2430444,5.08677,-5.7432513,-4.853035,4.2266607,0.18084228,-8.580439,-2.3501935,0.54143703,-11.753715,-5.772902,-5.5546556,-0.85423976,-3.5390143,-9.874306,-3.2326996,-4.880367,-1.8952659,-4.1398463,1.5537137,-0.9797622,-3.0974822,5.4130545,-0.21859539,-2.4665475,-2.5354443,5.059131,7.7710743,1.3813654,0.092939146,3.155906,-1.0484939,0.17529713,-3.2749567,1.6583978,3.5886228,-6.6623745,-2.5934181,1.0533763,-3.912464,-1.1671797,0.9141658,-10.442284,4.152065,-5.5948853,-3.602174,-8.432787,1.6113786,-2.0922656,-1.1134814,-8.4003935,-0.40171418,-7.4286575,-4.8912706,-1.9446182,-1.4092786,-3.4855163,-4.6280856,0.17877984,-2.3462164,-4.7527714,-12.219153,-13.823941
148,-3.6218655,0.2859565,-10.021836,-4.5630074,-4.309555,-1.9880825,-0.6440909,-4.599992,-6.559293,-3.924811,-2.2878413,-4.5223627,-1.2397573,-4.697899,0.78455955,5.6008687,-3.9338627,-2.7668128,-0.55413663,-1.0463631,-5.369446,-4.9952645,-0.5047953,-2.7510283,4.4048243,1.1343424,0.053014603,2.5237699,-8.751349,-6.481966,-7.58776,-8.474961,-10.210473,-6.1258683,-12.07354,-0.6509905,3.5901651,-1.1518091,-3.0614462,-4.2635026,-5.452779,0.26132032,1.6432549,-1.2289687,5.1344256,-0.17092897,-2.6744063,-2.31567,-0.55822897,-0.019462453,-6.7307734,-4.464682,-2.4902806,-2.0196812,-3.7409832,-0.8053778,-2.2995934,14.247646,2.2211654,-0.28404215,-22.081139,-5.745991,-2.5837429,-5.2574472,-18.855528,-4.667744,-2.2012732,-3.1988482,-6.069009,-6.95095,-1.2469298,-15.124442,1.1632138,-6.299848,-2.5922122,1.3463874,-0.22806178,-0.50686884,3.676312,0.25607634,5.04065,-3.160226,0.3186822,-5.163093,-7.3767924,-4.6225286,-14.227798,-1.1803486,-0.081594504,-0.12151233,0.35235828,-5.2786126,-3.471377,-9.521155,1.0569092,-2.4968252,-7.0251956,-8.094906,-0.119523555,-10.577425,-7.8513308,-18.852135,-10.319743,-0.994324,-2.246113,1.108906,-2.7581627,2.8327324,7.754005,-7.89839,-1.8895249,-3.1421492,2.9957287,-3.5416393,-3.4841905,-4.1959805,-2.0391786,-5.8208904,-10.294109,-1.6324855,-9.080259,-3.4370728,-3.9670517,-0.2598988,-7.0204334,-6.426968,-22.127535,-11.763155,-4.9415026,-10.282003,-1.262871,-4.2240863,-7.658622,-0.32438692,-2.4784505,-5.949554,-4.552347,-4.8629966,-2.070795,0.8205225,2.9816873,-2.1959093,-3.5887604,-1.2205632,-2.781361,-0.8747486,-3.0364342,-1.9361694,0.6310688,-10.262178,-5.3679485,-8.693134,-5.87057,5.8422155,3.3334706,-5.263113,-1.9991543,0.47180402,-2.413808,3.2118475,-2.4219635,-5.95837,-9.762269,-1.4129908,-19.631435,-11.187234,-7.951743,-13.1664715,-4.481377,-7.290143,-4.6808434,-0.058113694,6.2030735,-2.434334,-4.455678,-17.610662,-2.488038,11.759141,-2.1481688,-3.4566507,-5.381111,-4.9099317,-1.9409873,-2.7136781,-3.2469459,0.7871205,-4.4730453,-2.873332,-4.004612,1.9534917,1.9376467,-4.8869777,-5.0489097,-2.790476,0.03745939,-1.5744281,0.13146363,-2.3807774,-2.380936,0.66812575,1.1235096,-2.0829794,-0.4683401,-5.1751447,-0.2543977,-0.72295105,-0.33602643,0.4275804,3.2131433,-6.329556,-7.266083,-5.459446,-8.67993,-6.0719075,-6.491704,-3.895945,5.4014926,-3.655974,-1.2389446,-2.0565603,-4.364876,-1.297171,2.0812297,-0.6304514,1.7599195,-2.0445073,1.6289206,2.4576423,-2.2404132,-2.1051178,-4.7885184,-3.7333443,7.7289104,1.5167394,-0.8671491,3.5097685,-2.2838132,-0.46581474,1.6608377,-3.8154721,-18.25511,-2.976434,0.19991079,-9.12549,-8.679682,-9.865001,-0.22708833,-2.4008565,-7.563844,-5.0605955,-3.39409,-4.4584894,-0.17026564,-1.5347842,-3.537888,-3.3291101,-4.911155,-5.041079,-1.982067,-0.67757463,8.39268,-0.8829437,2.0272274,0.7964548,-7.292311,-5.706411,-1.4414556,-0.5223995,-1.9458075,0.0,0.06628195,-5.12879,-7.032285,-4.7161016,-6.0656385,1.5252489,-3.1763873,-6.2494607,0.09921174,-1.8980427,0.19733453,-6.1534414,-6.030759,-11.053447,4.7259655,5.803087,5.747926,2.2855952,-1.2169316,-13.011,-7.603111,-2.5873964,4.125459,8.027789,2.2460594,-5.81216,-0.68333596,-13.393017,1.0330399,-2.609952,-9.60723,-1.1049651,-8.923888,-0.64845955,-2.6200333,0.19383739,-6.910675,-3.5234613,-0.36600298,3.2895253,-5.1877937,-6.896183,-2.0365367,-3.3684242,-2.8025253,-5.5807214,1.964664,-1.0017232,-2.2287412,4.258715,0.58138216,-0.42892238,-4.188085,2.4672031,-0.5475225,-5.2339845,1.9226983,0.13815483,-0.39532682,5.1739335,-3.754898,-3.522805,-3.1431012,-6.9076476,-1.3908474,-2.2895699,-2.96844,-0.5135736,3.0725973,-0.69961345,-4.073914,-6.651116,-5.960821,-6.4710946,-5.9746284,-4.5715246,-4.169831,0.60998017,-4.275752,-3.196666,-7.0493846,-3.0574336,3.0644855,-7.8360457,-0.5591023,-0.088056564,-5.8488393,-4.0514207,-4.522194,-6.476783
149,-3.9434958,-2.266893,-12.13562,-9.187303,-3.5940802,-4.9143863,-9.202289,-5.911306,-4.0171185,0.3490158,2.2174044,-2.0426548,-4.3127947,-12.3904705,1.7630079,-1.0796591,0.68854225,-2.1023362,-1.6286738,-5.3520446,-5.970576,-5.7071495,1.494274,-2.7929637,1.41586,2.0825484,-5.66448,-5.675594,-8.686243,-3.02604,-10.479386,6.0246234,-13.793216,-7.086637,-4.611321,-5.5405498,9.0720415,4.2324433,-4.0573087,0.07355436,-2.2352011,0.76117516,-0.054252923,1.2198489,-1.9422909,-1.7683601,-4.9632983,-3.1142948,-3.9752083,-2.4260936,-6.7263174,-3.927475,-0.4693722,-3.2279754,-1.5198551,3.8125298,0.8594039,13.581132,7.9901695,6.3106303,0.47994334,-0.6533147,2.3729832,1.9549942,3.186578,0.3332498,3.2270014,-0.054708116,2.6764574,1.4757528,3.3391104,-1.9493397,7.7430925,3.6498423,3.3095155,5.0206037,0.43532375,9.320249,5.688051,15.478519,10.27269,8.764245,8.18586,3.1912746,7.058243,1.9341806,5.1562495,-1.5375302,4.547963,0.017302046,-0.17200321,0.8335457,1.6348878,-2.2952638,0.55883384,-3.0739772,2.598084,-1.4866297,7.280414,-8.605029,-4.4196844,2.6396644,-10.852449,-14.516942,-4.2743196,9.051255,6.5112133,12.041115,12.873522,0.36221924,8.095457,7.5457397,8.601654,4.995136,-0.42025125,-3.3541763,-6.296839,-4.7811356,-27.620941,-10.523747,-9.564748,-0.57882565,0.35295132,-2.3367188,-1.2087274,-15.389339,-9.536968,0.9108536,1.7300023,-8.527641,-0.096422754,-0.87028545,0.21500139,3.1026936,1.2924788,-1.738534,-0.023529623,0.88520074,-1.2716336,-3.647214,-13.065262,-8.033779,-1.4925215,-6.3249106,-2.048054,-5.99963,1.8410413,1.9114953,1.8212242,-4.3377495,-1.0152895,-3.7803555,-12.541713,-13.648754,-16.055668,-4.0453734,0.8444796,-5.98231,-2.8310468,-17.565083,-2.5362222,-11.265801,-8.705829,2.1624584,9.556701,2.3806245,5.5322194,9.298077,3.1491494,3.8939016,3.243278,0.007546594,3.004633,-10.419676,-9.538879,5.2775683,-3.321812,-3.3411767,2.6739335,0.69605756,-4.3946767,-2.5864775,-6.8842435,-6.692292,-4.9810286,-1.9280243,-4.441246,-4.2739944,-4.8003135,4.840843,2.3964338,2.510206,-6.845352,-7.3096437,1.8087128,-0.9898634,-0.090389036,-6.7001014,-4.4733434,3.6255481,0.114094146,1.9452199,-1.381336,-6.213445,-5.659591,1.7955981,-4.4532704,-5.943199,-8.448181,-9.266648,-4.771598,9.345904,-16.383127,-1.0411909,-3.323266,-5.8524704,7.213328,2.4264896,-4.795832,-0.417092,4.9858274,-9.693669,2.2014682,0.7104375,-2.5418513,-2.8943775,-3.0821066,-2.0622315,0.3269547,-0.9739465,-3.8542285,-2.1097076,-3.5203824,-0.38591728,-0.9792148,2.3596807,1.4190139,7.932491,5.071419,6.8226376,-7.331257,6.0381904,5.153179,3.5555606,7.9160953,5.8066545,-0.9056903,1.1593332,5.831409,0.2382431,4.608244,4.267473,5.958653,2.535344,1.7565504,0.8780635,0.34196797,1.1707059,6.2869062,12.074304,9.848687,7.1482573,4.9705944,6.163736,4.6247163,5.479622,2.0954459,0.6517503,4.5358934,0.0,0.01650026,-3.0943344,-1.429613,4.456205,5.7607455,4.490205,1.3732795,-1.6725981,2.1157317,-6.2291255,-7.396559,-4.546583,-8.12458,-6.9937634,-0.8211728,0.6437577,1.3952732,16.82832,10.604351,8.742606,9.964025,7.031435,8.484142,5.681548,-1.6753697,-0.3378877,-0.43889976,2.9536295,-15.095303,-4.312252,-3.3299932,-0.35974288,6.805793,-4.409941,-0.1884676,-19.042938,-3.36452,3.672262,0.8812333,2.4869163,1.9550521,2.7883124,0.8282436,2.661203,1.8959,-1.7931576,0.8078802,1.3290756,-4.0403194,-6.5609856,-0.17180872,-5.266159,-4.721994,0.06303213,1.1196275,-2.1940386,-0.61406463,-1.1614437,2.4691615,-2.4595776,-4.100366,-2.6029873,0.6000303,0.72365797,-14.536424,-5.5230784,-3.5150828,-0.72210896,-4.5602593,-8.870864,5.674921,0.014951129,-4.571849,2.3915462,5.939071,5.0090375,-4.3262153,-4.719156,10.47189,4.1075687,4.348588,0.14031717,-2.3707678,0.09181686,-3.50598,3.556715,0.22474414,2.0892026,7.049028,2.8688538
150,-9.721451,-13.509551,-4.149195,-9.081967,-6.7137513,-6.278608,-9.031468,-5.95388,-4.645313,0.31739306,-1.1837475,-3.108323,-6.2296324,-3.778978,6.331396,-1.9873916,-7.510135,-1.2364309,-7.385757,-1.182397,-11.127519,-15.318772,-8.118346,-9.702855,-1.6522051,3.440032,-4.2840014,1.6408179,-6.045746,1.9172114,-7.8765798,10.02661,-3.8284426,6.4879146,8.126891,-5.120037,-0.5895591,0.72442126,-4.7278633,-9.289843,-1.0918959,-4.1317616,2.7426639,0.24947345,-1.2828145,-0.5308495,0.081390515,6.660056,5.960675,0.06538867,-6.410498,-5.0591073,-3.9397357,-1.7132218,-1.2480782,-4.4150863,-1.4162843,-6.2871933,1.5130954,1.2272409,0.8262491,-4.9648185,4.872505,6.3845325,-2.6419485,2.1266015,2.9193757,1.0786219,3.23735,1.1980523,4.371681,1.9525963,7.6949263,3.859957,0.14254043,6.160841,0.33926967,3.1935167,8.763173,6.258244,4.8263516,4.670136,3.3587902,7.7936,6.529022,2.4749575,5.312375,0.99791116,-0.5522245,0.015075345,-0.048925206,-0.3213419,3.934076,5.6490154,-4.7345905,-2.6467652,1.2326233,2.6245499,1.1262646,-7.4047866,-2.0710993,-3.3040736,-16.549873,-14.56654,-9.562906,-6.1383967,1.539505,8.309242,13.302458,20.981676,3.7616305,7.988346,7.0696206,4.189613,1.0821804,-1.1369774,-0.7323898,-4.6458983,-11.074202,0.5046765,-19.181637,0.4962747,5.131777,-7.0538545,-5.185435,-7.8308344,-1.3720219,2.2729456,-0.8387268,5.3562846,1.3479713,5.2778697,1.7097831,2.4594321,-1.3399112,6.2769747,0.27910492,-1.3322991,2.290436,-0.9413671,4.9921684,-2.9218884,2.41485,-12.034481,-1.9338205,0.5283328,-0.1696092,-0.3932101,1.0568436,0.78606254,5.506217,-2.3735473,-12.180903,-13.624684,-12.976835,-7.5829415,-7.7195067,-3.0818114,-3.241666,-8.877829,-5.052469,0.48139337,-4.5409956,-0.5526768,6.62846,0.96628577,-1.7625077,-10.469643,-1.3813428,4.005726,4.060577,-0.026850695,0.9238953,-20.693754,-12.466756,8.797655,1.4387555,-8.615475,-4.9105206,2.417984,-4.3631177,-14.182547,-1.5139064,-9.147838,-6.860627,-6.998199,0.60692513,-0.71888036,-2.7030497,-2.0738642,4.7010818,1.7456163,-7.499941,-0.023210749,8.919532,-7.5743403,7.6764817,-3.655088,-7.889132,-4.639878,-5.2408576,-4.077488,-8.414877,-3.7733135,-5.2298656,4.792067,5.579718,0.5590161,-9.724424,-3.7462595,-12.774044,14.211619,-11.851502,14.189364,14.75928,-5.379595,-0.52184546,-0.4479281,-2.3332455,-11.694256,-5.567699,-0.03206095,0.26704043,-1.3095864,-2.7790494,-1.8086195,-2.2407706,-4.4570847,-5.222676,-1.4396052,-2.6542544,-5.0843606,-3.3716488,-0.27214742,-0.9094029,2.1299622,-1.380947,2.954186,-0.8819895,-5.6237807,-1.2561238,4.4307456,9.304087,13.882983,1.3280463,10.365895,1.910458,-2.3201137,5.3831635,6.281492,1.6329949,3.8113656,4.640817,1.6696066,2.1808672,1.569753,-0.1655687,6.96274,6.270217,7.547488,7.164605,8.931822,2.9088902,2.1206987,-0.9238846,6.5025277,1.6864152,0.25436512,3.182444,0.0,-0.14520286,2.543712,0.7957058,3.1836343,-0.841556,-2.413832,1.6424885,0.9648326,-1.3007993,-5.932819,-6.6288257,-3.1224074,-23.801493,-3.8676035,-5.886763,3.6642325,7.382807,10.035166,6.3152514,13.784908,5.980129,9.028672,8.453084,3.0485022,10.2390375,-1.3822162,3.7726789,12.538489,0.18778148,-0.99129754,-20.053524,1.2278111,14.161105,-1.6197606,2.6172826,-8.114985,-11.351713,4.502017,3.5113676,6.876171,5.255792,4.2648373,0.67680585,-0.026042799,-0.059911534,5.281854,3.6343484,1.2449437,2.7440584,-2.5836058,-6.167921,-1.4301646,-3.4863636,4.142414,7.1489897,-1.566809,-2.86054,-2.4897423,6.5229273,3.264012,0.8006889,-2.1371524,-5.1409106,-13.985362,-7.9352355,-7.2241726,-3.9415226,-5.1145954,-4.6821065,-16.126942,17.247423,2.4833124,-3.2340076,6.534976,3.720493,10.105377,5.126036,0.17782111,0.09707315,2.0659475,2.3132281,3.8675835,-8.414062,-9.271789,-3.9927757,5.9687943,3.999889,24.538351,4.834626,1.8851923
151,-9.618597,-10.414611,-2.7133775,-6.9345875,-3.9629083,-4.367707,-7.344822,-6.0839725,-5.065977,-2.5115352,-2.059086,-8.0646105,-6.462492,-2.4108555,6.106786,-3.3141415,-5.336559,-0.93155754,-0.006711467,-3.3898947,-10.477198,-8.072241,-6.4458594,-16.029705,-2.778417,2.303916,-5.592965,-1.9600778,-0.23723143,2.4248781,-19.722116,4.8721523,-5.0473576,4.399651,3.2107027,-4.1257334,-3.702028,-0.47002235,-4.921625,-3.045063,-1.4315761,-5.609053,-4.7730103,-1.3618805,1.0603222,-0.36216187,-3.0741935,-4.797408,2.2224526,-0.62470186,-7.7561364,-3.5088296,-4.456445,-5.3067956,-5.185723,-1.7321364,-4.5554075,-6.283544,-4.135249,-5.0067043,-4.033609,-6.080296,2.0741227,-1.6755074,-5.146487,0.0016668983,1.582308,-3.904831,-0.5489564,1.2097638,-1.2351481,-5.563876,0.00040906938,-4.995969,-0.0905676,1.6801994,0.09027574,-0.12064575,3.2980576,8.429767,3.6580312,0.81366783,5.227393,0.6735071,1.4638052,1.9975966,1.3986804,-2.0832994,-0.89274293,0.12138383,0.81735253,-2.8815606,0.9930887,-4.7306976,-8.130373,1.7038517,-0.15544996,-0.5258563,-6.4474206,-14.00097,-11.695652,-12.0361805,-20.09497,-14.74021,-10.002068,-4.7324214,-0.05973839,-1.2341502,0.20577082,2.5831823,-3.619718,2.940024,-4.1854777,-10.533996,-1.853192,-0.729772,-1.9611807,-10.511279,-7.9610457,0.86856973,-20.32968,0.19681023,-0.7605302,-6.5620894,-3.946234,-8.184073,-3.8389378,-5.7254314,0.9142199,7.909855,0.18356155,1.7681508,0.71975005,4.3659215,-2.1161742,3.6009886,1.1997476,-6.470052,-1.7063725,0.9204168,-2.0457232,-11.741603,-3.3731592,0.5189194,0.19488196,-4.448137,-5.967727,-2.1842918,3.7288294,-6.068321,2.3088503,-3.2799456,-13.0330515,-3.0866654,-10.232446,-1.9464444,-6.678809,-2.871793,-2.5549703,-2.016146,3.1503685,0.3192114,-2.8441515,-0.7084845,-8.629846,4.515674,-2.5167267,-13.578139,-1.1786045,-1.5929872,1.0128781,-0.0122110015,-0.23471366,-8.487021,-11.718663,-0.4367854,1.2405066,6.3053946,-6.623921,-0.98153484,-7.6358066,-8.089757,0.3302885,-10.239365,-7.8397555,-4.561337,6.488,-1.9267241,-4.165385,4.735869,2.7473142,2.8028955,-4.9244423,10.94912,7.9593368,-6.225206,7.599186,0.20117676,-7.1778483,-8.7810335,-12.402493,-5.955374,1.761592,-9.43302,0.43317574,-1.3377147,-6.8230915,-0.35919097,-2.323256,-5.6773796,-14.614996,5.844688,-8.544124,6.3048825,2.1553228,-9.13714,-7.146165,2.5802252,-5.665929,-10.209628,-10.694141,-6.4341226,-1.7115117,0.69568956,-3.4641461,-0.89206964,4.2262907,-2.9917161,-2.6550465,-4.273058,-4.442102,-2.9570978,1.5005598,-1.1294369,-3.202999,0.024107238,-9.0205,3.5281825,-5.5921254,-4.2754908,-0.978408,3.724889,7.875765,-11.584772,-5.2975907,-1.2005265,-0.11529265,-3.1856542,-0.53353244,0.8549526,2.1362696,0.7635192,0.97484666,-2.4271455,0.7183961,2.220901,0.37915218,1.5934112,-2.4935553,6.098952,2.7884305,5.1720595,1.1598616,-1.6968147,1.0059111,2.2146657,3.7527387,1.618445,-3.521425,0.0,-0.31814495,1.0043707,-0.26813805,0.71968675,2.1150994,1.3767165,2.1808543,2.6490338,-7.807788,-7.730867,-7.8910193,-11.670755,-8.33322,-3.611195,-5.63753,-3.925147,-1.3407977,6.50361,3.9065068,5.4658175,5.427227,6.4737473,-3.3795812,-12.116942,-9.132676,-1.9780074,-5.1759214,-6.4911675,-2.5640013,-4.9263554,-18.923775,-3.190131,7.387006,-11.838614,3.2723706,-1.1314273,-11.4596815,3.7651522,4.2533054,10.58186,2.2966163,1.1640667,2.9593425,1.1803478,-4.4680185,5.38237,2.1985857,-0.97488797,1.9037913,1.1180439,0.39159715,-5.2841663,0.2796046,-1.1606613,0.06251173,-4.07764,-1.7879694,-1.4728767,5.603842,4.950139,2.807107,-2.2676618,-0.7665137,-6.1296277,-0.8360138,4.9430003,-0.24901758,-6.265405,-5.0419164,-3.1822355,-2.748444,-0.44896722,-2.9575393,6.0615234,-6.8880777,1.3056902,1.4876184,-4.7272496,-9.738478,0.0147982715,4.9125204,0.12619612,-13.606853,-8.21279,-5.5363154,3.1473925,1.635483,10.032212,-2.5426188,1.8715861
152,-10.104114,-6.395695,-5.5180106,-10.490139,-4.3242025,-5.8236957,0.49048668,-6.653394,-4.600096,-2.196416,-2.8052802,-3.2816465,-4.8726354,-6.248389,-0.56610537,-8.686195,-3.3758907,-4.876059,7.3150363,-6.1159234,-14.394763,-6.8041706,-5.7131243,-7.509781,-0.56507635,-2.602171,-2.2118857,-0.71949536,2.2220664,2.350398,-15.94388,4.664317,-6.0534487,-9.949363,-8.404766,-5.6226993,-7.503197,-5.208944,-3.2771473,-7.314366,-6.640505,-1.4409422,-2.5662591,-2.1168337,-2.320221,-2.972423,-6.8065042,-5.9519277,-3.4980042,-3.7495735,-6.766924,-3.9989016,-10.340319,-4.6372914,-5.522011,-3.1995873,-10.026265,-6.5012712,-6.4845204,-5.5537786,-7.237269,1.3518257,1.4134032,0.8135014,-8.8235,-3.1736665,-0.23862168,-0.15769826,3.0181081,3.7668447,-2.248494,1.2971287,-3.2970161,0.716204,-0.2759138,0.36723575,0.0929182,-1.2091095,2.7752223,-7.0764084,2.5305321,2.905299,4.8810816,2.2287319,3.0900126,0.6989864,5.2471037,0.36721703,0.4669644,0.0043340623,0.0207077,-2.8865168,-1.033974,-6.7786984,-5.834808,-1.6262753,-1.8015249,-3.8858297,2.0112526,-7.2960176,-12.252949,-15.069258,13.941833,-3.3053772,-14.095985,-3.0088592,2.5370595,1.9920458,1.8597889,2.9529884,2.0381415,0.80247915,7.9606986,-4.772521,-3.1023757,-3.7671962,-5.1531405,-13.979872,-15.482913,-8.376194,-21.008423,-2.1503172,-2.7933023,-3.9326851,-4.5374265,-2.2044055,-1.042524,-1.2217126,-4.1956058,0.36031926,-0.930543,-0.5990451,-1.1127231,0.1280403,1.0158756,-2.8910718,-0.45192945,-5.3319526,-3.0047746,-2.876634,-0.07890495,-6.120648,1.0800472,-4.981379,-5.6608067,-2.4576747,-5.733987,-0.7162291,1.9850849,1.0748885,-1.0699502,-5.8356376,-5.2164598,-11.069658,-8.063205,-3.7849748,-5.513665,5.4339943,-2.7070978,3.6424932,4.3985186,0.5179938,-5.2423944,-0.402669,0.54641104,-1.180449,2.8695688,-6.536048,-1.7307495,0.9330698,3.2707493,-0.045351434,5.018793,-15.5360365,-10.9633465,-1.4558892,0.7569386,2.1884751,-0.94418764,-4.0397286,-5.873826,3.6223717,-2.8128166,-7.9002233,-8.013297,-3.648909,-1.5234525,-3.1661706,-6.4801617,3.260816,-1.1090175,0.92301875,-3.528784,6.317295,-1.730491,-2.6443248,-6.3188677,-7.1676254,-2.5571015,-5.6023726,-1.1002233,-1.6910757,-6.316926,-0.4674164,-5.6732035,-2.401781,2.1769462,-4.407517,-3.2237706,-2.1823971,-6.701111,1.522419,-9.031317,2.4896255,-2.0279102,-1.9732533,-7.3852854,-9.144757,-8.146825,-5.324353,-10.56412,-9.771765,-2.8723793,0.27212808,-1.9524472,-2.0959299,0.4439193,-4.462139,-4.4785304,-4.4218245,-3.4247355,-4.081255,-7.4295144,-2.3468366,-3.3011434,-0.43452632,-3.1094933,-9.505821,-8.329822,-8.126218,-4.4996266,3.7791011,7.696624,3.918694,-1.3718712,-14.68536,0.4716762,1.0671397,1.6128764,1.5052197,2.349835,1.050128,-0.7421286,-6.9560556,-0.5408817,2.804615,0.05892105,-6.496571,-2.3998873,-0.12830657,3.0246322,1.199245,-4.1118355,0.0136339925,2.58713,5.740021,2.7067747,0.67629206,-0.50162834,0.0,-0.6580238,-3.9067168,-4.3936653,-4.1175256,-5.243843,-4.0035286,0.9702581,-4.205859,-0.64524305,-6.3047023,-5.156804,-4.822866,-11.344142,-5.275408,-4.551968,4.0611644,-1.567362,-2.6700833,-0.9060829,14.267645,-5.4519386,1.0907722,-4.467274,-6.2801013,-5.037519,-7.3148146,-5.2694216,-11.152711,-13.122332,-7.615984,-10.022915,-6.304678,1.0667098,-10.411415,-0.38150325,-8.569303,-13.2209015,-6.2569523,2.792312,3.0051844,-1.5878239,3.892475,1.98064,1.4089388,-7.1743407,-4.8097835,2.1197524,-0.6792592,-1.8864527,1.6103536,3.5538738,-4.1678433,3.4326503,-7.0723476,-7.0281725,-0.6114269,-1.5045594,-2.3340755,1.2325491,-1.4314605,0.77989274,-1.7660922,-5.5310173,-11.417005,0.9609539,5.01518,-2.3762162,-2.9292974,-3.4785132,-5.410932,-3.590614,-3.5175781,-6.856952,7.960084,2.5901837,4.3862658,-3.9296384,-0.039376263,-5.5422983,1.4527841,2.6949902,-1.3172234,-20.658815,-12.867239,-2.666618,-3.0516765,1.2027025,-1.203271,-2.639889,2.6202705
153,-4.4736395,-3.7532537,1.8424246,-4.547437,-2.586289,-0.34280142,0.48451233,-2.8220034,-3.1237535,1.3113191,0.9016303,-2.2401123,-4.678755,-8.142882,-9.536388,-7.5823493,-3.6527665,-1.2606215,-14.620351,-2.3964834,0.36504954,1.1523585,-5.395497,0.13198458,-1.7466717,1.4036973,-3.6103632,-3.7539895,-3.0717652,1.2698476,-15.088952,8.103015,-4.968319,-1.0105829,-1.841372,-4.237994,-2.2622337,-2.430273,-1.9433688,-3.5747597,-3.1538339,-1.8556782,-3.0045877,-1.7045226,-1.4746463,-1.3520615,-4.20684,3.4063885,-2.1221235,-3.5527802,-5.9622536,-0.17478488,1.7329749,-2.6103585,-2.0391736,-3.438145,-2.2283494,1.7158289,0.5094471,1.3940523,-0.9512205,5.674283,0.69679296,5.8022466,-3.4996414,0.1377591,4.2228456,3.1341734,7.295811,4.551543,3.974283,7.511139,-1.8711905,7.253313,3.714137,1.8836153,0.29139265,3.4688165,-3.2387106,3.7369773,2.1212788,5.0521674,-0.34356934,1.60084,10.201833,2.4866025,11.320448,-0.46520853,1.1322875,-0.051674366,-0.18044466,-2.0463362,1.4396906,-1.6369901,-1.2749119,-2.686578,1.3300143,3.7642677,1.2420162,-2.7607613,-11.276033,-3.6266649,21.032469,-6.108938,-6.695652,2.6829884,0.18704271,-2.206417,2.3991137,13.242624,-1.733471,3.7988918,0.67845213,-0.99857825,1.3462667,-0.014285965,-1.8802421,-1.6472052,-7.137913,14.147788,-9.084194,2.185165,3.479636,-8.425339,1.1141194,-0.5331492,4.601304,-2.6457572,-7.879126,8.959283,0.87515306,-0.107396565,0.4610361,1.7495825,2.2085037,3.250936,-1.4641883,0.6577416,-6.8706656,0.18509834,0.041801043,-6.454187,-0.7166439,-3.0859146,-1.8145424,-5.2577734,-0.73646617,2.8992107,1.9484445,2.4890277,4.3435297,0.92648953,-3.5233207,-10.974241,0.28111953,-8.770541,-3.797326,-5.332785,-1.2815778,-5.36551,-2.5992625,-10.352041,-2.3538387,12.272759,7.0897336,2.323246,-6.0759616,-1.6719028,2.5598044,5.4696794,3.6567607,0.04205097,-0.74586725,-1.818945,-6.767812,14.301635,3.8042383,-4.7587013,2.695977,3.527322,-2.8175316,-6.741093,-5.199319,-8.013764,-4.3925033,-2.0214908,2.4267044,-2.7299654,-4.7471194,-0.8665811,-2.5875638,-1.3106053,-5.6868353,-3.2282577,-3.53711,-5.0185785,0.5572155,-0.29789767,2.5455253,-0.88984704,-0.5464081,3.3538768,-5.170676,-6.0013046,-2.5912077,1.8822968,-4.2484703,-4.032709,-10.857655,-2.6957872,-4.6782055,8.373364,-2.6013668,7.690231,3.7186368,-3.1574233,-9.855317,-0.050437998,-3.3221304,-4.9299994,-5.116209,-6.3026843,-5.2707243,-3.599356,-1.9972988,-1.4386293,-1.7336462,-3.5748994,-0.8734312,-5.337089,-1.0564079,-1.7528945,-2.2834494,-2.7171185,-3.380067,-5.1716547,2.081459,0.68792593,-1.1391057,-0.4040294,-1.1627076,7.6298146,0.910081,0.24499449,6.7167606,-3.2196357,0.7494408,0.95143044,7.3931227,5.1240005,3.430448,6.1805696,0.7203566,-0.58982646,3.3024476,1.4929019,1.8330994,-2.885624,-0.8972192,3.7352667,-3.5291152,-1.2355114,-5.992254,-1.6042873,3.8337011,5.0947,6.608058,-0.22068085,1.3157988,0.0,0.4194474,-0.6402016,2.0187917,2.8501856,-6.105657,-10.513924,0.8541724,0.6356212,0.32768157,-2.7601821,-5.076194,1.3360096,-11.449062,-8.040209,-4.898405,3.2106345,-0.9373215,-7.1555147,-5.3524737,7.9455295,1.4004126,4.9673862,-0.48068887,2.1066744,-2.3499818,0.735263,-5.6992354,-4.5608788,-15.15921,1.6984468,-16.419764,-0.11049891,0.60290533,-2.8323448,-0.76117384,-4.3990455,-0.9801758,-0.18305889,2.311536,2.6710646,3.0531049,3.5519733,2.7245731,2.3552012,3.332616,-0.0572547,-3.3312147,-5.636732,-5.392295,-3.5379968,-4.084454,-11.434792,-2.7268226,-9.43647,-8.676349,-3.6154776,-6.0464664,-0.20932117,-0.5229887,-2.7878368,-0.14737406,3.4178236,2.593049,-2.2037868,-4.0465465,-2.5827413,0.37226397,-3.2624507,-5.224452,3.39212,0.01934437,-0.17546695,-2.7921197,15.11684,7.072274,6.608069,2.1025467,-4.644714,-3.8151045,3.9905603,1.7388628,2.2559137,-7.275399,-1.1302732,-3.171866,1.6972214,3.9389253,-7.627844,3.9531765,3.222692
154,-1.3689948,0.45880592,11.804151,2.832208,1.8810096,-0.20393929,-2.687048,0.017266534,-2.0723572,0.3927593,-4.7470193,-1.6330079,-3.9465773,0.41850978,-5.5183434,-3.842604,-5.6924844,1.7268665,-7.1600595,0.6032653,4.817486,-2.0574915,3.8586872,-2.3588192,-1.0639474,-2.8573806,2.348486,0.48870856,2.070494,3.8264248,-3.531755,-0.18962604,11.316854,-1.4215643,2.358349,4.7692018,2.1954842,3.9572573,3.0451157,0.57128114,2.5492592,-2.4156344,0.12502268,-2.2120771,2.4520237,-0.46231276,0.3693813,3.7295225,2.8262932,-2.5004246,-1.9557158,2.9893646,-2.0329893,0.54894924,0.80390626,-0.45870793,-1.6709365,-6.563993,-2.2310948,-0.96605617,0.38450623,-1.7018468,-1.6375518,7.779292,5.840549,-2.1864688,-1.273482,0.19146824,4.4559746,0.7498018,4.691021,0.007475609,-2.1053338,0.5970947,-0.5663536,1.0106312,-0.079487644,-6.1876025,-2.7696016,1.4417058,-8.924504,-5.472666,-6.5893297,-5.988396,-0.55269146,-8.521201,4.6304116,0.08594689,0.24382801,0.027868215,0.40910184,-1.1970046,-1.6825858,-2.170973,5.110493,0.5162857,-1.3999287,-0.19394408,-3.5472634,-3.095857,2.394963,2.5197253,-3.5478106,-1.7290022,-2.7211702,-4.397604,-3.2284958,-5.279197,-9.300511,5.7675147,-5.6562696,-3.8257267,-0.21021886,4.2167244,-1.6125112,5.8436966,-0.7075943,3.1574328,-3.0135863,3.534966,-7.15271,-1.4424864,3.4302454,0.8385891,-1.1611459,7.543378,-5.5506597,-2.1277876,-6.659113,10.388547,0.18717721,0.10006527,-0.17617092,0.96921146,1.646033,1.4922724,-1.7944956,0.5101447,0.37730113,2.4555926,5.0069213,-2.1100879,0.35860467,2.4926798,-3.7330537,-1.2755466,0.6673231,0.0078051933,-5.148635,1.2701821,-1.551913,-0.5779709,3.417449,-1.7397867,7.784974,-6.564334,5.2049384,0.6776387,-2.3931983,3.1489167,-5.317526,-10.967099,-2.4046233,3.6816792,-3.1371837,-0.8043475,-0.8873161,0.00032115326,-4.5871553,-1.4718012,-0.56089795,0.078780554,3.6891897,3.830195,1.7160541,3.8314588,2.8365812,-8.013754,-5.4774055,3.8898158,1.6735111,9.752196,3.6238413,-2.8226733,1.7086387,-2.2273748,4.1987824,0.2536884,0.13734357,-0.34711477,-3.7785234,0.31298685,-0.6284279,-9.368745,-3.322692,1.8737817,1.5299569,0.40821195,8.6425,-3.1251972,0.44888887,-2.0870335,6.756507,2.9717107,1.8900349,2.2394085,1.5172652,-1.3881525,0.47298375,6.4271464,-2.220025,8.692673,2.6626623,3.939843,9.178635,0.71659476,-0.13120271,3.0932174,-0.40762165,1.2251688,-2.489353,0.8660904,-3.9502313,-4.225697,3.783337,1.7884781,0.3098785,2.7217984,5.6095653,1.7706422,0.33540684,5.7685647,2.4141958,0.5049603,-0.27799687,-4.4286757,-3.7008526,-21.437403,-14.1287775,-4.3168545,2.047269,0.33392558,-4.769564,-3.8548987,-1.5771518,-10.717215,1.6344254,5.3033624,6.830463,3.9010804,-0.34341174,-2.519244,-1.534661,-2.5193036,-3.200858,2.823626,-1.3736137,-2.590793,-2.649795,-0.64414173,-14.519605,-2.5220542,-7.6253166,-0.46278185,-0.757306,-0.5383482,-1.4845169,0.08760441,-0.11586455,0.0,-0.5314021,1.6064306,0.5889144,-0.46493262,1.0153319,-1.7983079,-2.8365676,3.102587,-2.0716283,0.5384132,-3.2994633,-0.49994776,7.7213893,3.2733412,-2.2672427,0.29588318,0.33634752,-3.2504535,-1.5922279,-3.011767,-4.2603087,2.6095302,1.0249699,-5.812113,5.417189,5.3650117,-2.7090664,-2.2395494,4.293756,6.8481054,10.220441,-0.86355597,-0.14955963,1.4649963,-3.2319586,-5.044224,6.1782956,-5.7089715,5.4191647,7.301191,0.8122765,4.6318893,1.5236105,2.3534803,0.80044717,3.2739673,-5.8448544,-3.5625265,1.7684306,0.6157602,-2.399367,-4.7829947,-0.5883417,-6.384602,-5.5579543,1.4408431,-4.422846,-3.1376343,0.23296317,-2.0904865,-0.91610384,-1.097683,-2.4452236,4.7534213,-5.182061,5.144859,3.2650018,-1.37729,1.1569102,2.973434,7.6162124,2.6200066,-1.0629972,13.133408,6.4303117,-2.2690578,4.0524035,-11.778295,-7.704485,-1.0511484,-0.796463,1.0160314,-1.140192,12.523549,-2.91268,-1.154978,2.0994554,-34.24297,-2.4816203,3.79281
155,4.5726957,1.8666985,7.568147,4.240474,1.6670334,-0.6148962,4.32983,4.5722065,4.4653163,0.16629411,-2.862181,-2.02536,3.1131039,-5.740642,-7.398774,0.49808368,-0.34270266,-7.4490557,-10.628152,0.10065524,-1.7329258,2.7471502,-0.30299202,-14.485364,-5.846618,-1.8900722,-8.205667,-10.139203,0.83209455,1.3272684,1.7716562,-0.92669594,8.874478,-2.2650895,-7.306707,-1.9195815,-3.4276636,-7.4723196,-0.45123062,5.099124,-1.7705023,2.9783494,-2.1094666,-3.5100281,1.1303644,1.3100256,1.481574,4.5600777,6.2373414,-6.369611,0.88160986,2.7035363,-4.6488967,1.5108242,1.9982675,1.5358275,-8.83567,-15.949242,-8.038791,-2.6752882,-2.0015824,-2.9051745,-0.49858183,-0.7846276,-1.0310112,-7.131303,-3.8238714,1.6702285,5.9250774,2.8315227,1.8112749,-1.2620087,-4.720526,1.5098498,-3.702893,-3.9942837,0.047460694,-4.512519,-2.0686245,-3.5161176,-4.596093,-0.14210953,-6.0926905,-4.896318,1.2873876,-2.8981853,-0.7741382,-0.47900605,2.3116446,-0.122865,0.01657575,-2.3565218,0.16117483,-1.3823665,4.000623,2.0067112,-4.520944,-3.0086756,-4.1549397,-3.9369066,-11.266653,-9.98849,-17.342436,-4.2990384,-8.639155,-7.2232676,-6.9692726,-15.876299,-10.599112,-3.2136524,-4.903328,-9.383068,-2.532446,-12.233519,-2.321403,6.917803,0.78137153,-6.628603,-8.099614,-3.3727386,13.259019,-8.018258,-0.40293032,-7.1288137,-1.3174798,-4.6584525,6.4780583,-2.1864998,-10.881541,-1.795926,-0.7804281,-3.338648,-4.0657597,0.39380565,1.3229767,-3.8966522,-6.153731,-2.0712178,-2.71034,-4.2802515,3.8559911,2.1825767,-4.0688596,-2.547094,-5.0795608,-0.84487796,-6.264649,-1.2711152,-8.383798,1.3851421,1.2882366,2.8733113,10.543679,8.265662,0.3806359,-7.4092345,2.9253712,0.9062787,7.6782036,8.877767,-2.4507818,-10.531798,-0.6684558,5.449915,0.24048914,0.2475779,-4.9875283,-6.631911,-7.8781857,0.074837476,-1.0083725,-0.09017862,-5.288425,-12.697036,-1.7658525,-2.0306826,1.8703501,-8.498274,-5.2424526,-3.088126,8.525296,-5.526056,11.124666,5.8394027,1.4875311,-1.324942,-6.208592,2.4804206,3.4975955,-7.515102,0.51127213,-0.7337815,6.983483,1.7294303,-5.3216753,4.594872,-1.5622933,-1.0677248,8.595634,1.005527,5.103091,4.564064,2.6126812,-9.92532,-0.54045135,-0.26843446,-9.344883,-1.4653288,-1.0005244,7.428311,1.0993254,-2.9663033,8.961944,-2.976027,0.9071199,4.092426,-4.2301855,-5.244651,1.1551055,1.7880993,-7.6788464,3.4114094,-4.6574974,-5.678316,-1.0636928,-2.4995165,-0.1495979,4.100894,-1.9335029,-2.2657208,-0.071765766,0.9364103,2.141153,-0.31095228,3.2019265,-3.0466335,-9.464944,-21.891285,-9.0325575,-6.586799,-2.769063,5.569308,-5.8082356,3.0610993,1.479946,-12.851192,0.69455403,0.18268058,8.261245,5.218295,-4.050705,0.92917556,-3.1148653,-6.055321,-6.3630223,-7.609938,-0.06113899,-2.5351403,-1.3791499,3.4304123,-7.6674876,-6.2307825,-10.168399,-0.31019917,-0.5633008,1.3346679,-4.165863,-1.5144902,-1.8461376,0.0,-0.18644896,-2.3574526,0.47451225,-0.9652896,-6.6633887,-8.522104,-4.1704454,-3.2944448,-5.0194254,-3.796091,-1.4158031,-4.7864532,5.5110774,-1.045236,-2.675944,-6.0353436,1.792828,-10.678716,-6.568215,-7.3688583,-5.0963917,-1.757101,-7.2378125,-9.515502,-3.7999687,-0.7862924,-4.8483047,-6.4506993,-2.293669,-1.7532997,23.890087,-8.663077,-12.740792,-6.828311,-3.933028,-2.043736,-10.415342,-0.42797524,2.4932184,-0.22013758,-2.5116217,2.421826,-2.9594119,-0.92020184,-2.6046178,-3.5345066,-6.426341,-0.35505763,-1.9835162,-0.4277592,-3.1782465,2.1846435,1.8896878,-11.2864485,-6.221963,4.07011,-0.7513957,-3.1566026,-3.181117,-7.253136,-2.9885807,-2.9702287,7.3253927,3.9244008,-1.8514427,3.3722026,-1.730178,-2.065571,0.8934185,4.2211466,4.4406853,-7.15696,-7.6660695,-11.198167,-10.728717,1.271474,-6.450017,-8.125788,-11.778977,0.30269668,-8.158831,-0.64900863,-11.377035,-2.0067916,-4.0441008,-0.91759515,-1.8955344,-16.664682,1.133537,4.3180013
156,11.942764,2.221318,16.000256,9.961713,7.5159054,1.6466388,-5.9235263,10.722302,7.167556,1.6012866,-4.9507136,3.6510146,8.108292,3.4862118,0.41480657,0.4462852,1.8633083,2.302139,7.0595837,5.360014,3.9597075,1.4282576,6.658074,-14.553658,-9.515341,-1.2572228,-1.7300801,-7.7892566,-0.7122807,0.6572096,14.637042,1.9339348,9.219684,3.915677,2.4798932,2.8048098,-2.5139978,-0.47623944,1.2401776,2.1696599,3.831707,2.849917,3.9860106,-2.6772692,-0.9507596,5.6913557,5.5283904,4.800589,4.33844,4.74197,3.9436748,7.517642,3.8895578,4.6891994,4.8608713,0.7527564,1.123831,-9.015918,-2.2600284,-1.8863235,-3.6186593,-5.405763,0.7130112,6.2360153,-6.459211,-2.7512114,-1.1853058,-1.8074257,7.3999043,1.0381715,1.6664789,2.1719525,-1.008107,3.3088105,-3.3371296,-2.956297,-0.38461196,-6.571761,-5.7185097,-4.41605,-5.7694573,-9.90302,-9.131866,0.26903188,1.886361,-2.6999989,3.283703,0.58850986,-3.642774,0.02970867,-0.14104903,-1.0141397,2.743207,4.279112,4.593155,3.4290676,-3.9014587,-0.5922846,-4.0848813,0.340133,-10.461341,-3.274744,-10.380192,-1.3632966,-9.559029,-7.759847,-4.6550193,-13.977783,-12.026113,4.3659754,-2.6455176,-8.924358,-7.8407154,-1.959912,3.3009164,6.21948,3.9808855,5.7299905,-16.874084,6.8192277,22.892334,-0.09773701,4.4135194,-5.4462867,-1.3746837,0.08288523,-3.4217207,5.854276,-7.000669,8.948577,-0.031714164,4.011976,0.5118764,4.3648047,-4.303307,1.8872043,-6.539792,4.4960938,-0.24701308,-3.2032168,-3.5892036,12.8604355,0.8435758,1.5414497,1.1054137,-0.21593808,1.5158461,2.5280063,-9.01703,-4.630988,-1.7442735,14.075935,25.699224,14.2259,-9.063045,7.659276,3.7680478,0.2373777,4.820608,4.0427427,-3.4693813,-9.890985,7.1976476,0.010655384,0.40587792,3.823806,-4.6980343,-12.636001,0.6302891,-3.0847113,-2.054065,-0.19991356,-20.541752,-8.595434,-2.5404196,3.4563067,-3.1337872,-9.48021,-7.250023,-0.7219931,13.732542,3.0562944,14.895316,12.341761,9.763796,4.6559153,10.517825,6.2590456,10.401623,-2.6400933,-3.058577,1.7023299,5.7815003,-2.4001198,-0.4784956,2.8670037,6.4061155,1.8037292,-1.0719266,3.8496523,4.5534415,-2.1544485,5.949665,-2.613313,-2.5604043,2.4999743,-5.990394,0.47913218,-13.133416,-0.17152923,-0.1256362,2.6316922,7.548159,10.416569,4.304479,6.827728,3.8343048,3.7030056,4.842463,4.880744,4.6921167,5.129063,1.0475273,-2.6194894,0.19145848,1.1297436,-2.6073978,4.6195164,-0.9238526,0.5446121,2.791038,5.3228555,2.7868493,2.5882912,2.4939458,-3.1493707,-0.5903707,-14.5287485,-9.190848,-2.5906274,9.420036,2.7498581,-4.884278,-9.195337,-5.783279,-6.895527,0.6772596,3.0135562,3.53496,1.9915724,-0.06466198,-0.4384021,-4.4236693,-0.432093,-4.6105437,-10.247824,-2.960488,-0.97459996,3.712722,-0.058784917,-11.089095,-5.949521,-7.9314275,0.40352827,-2.9557133,3.0319033,0.54163516,2.426872,1.8110883,0.0,-0.4714173,-0.13515596,3.4310517,1.8689033,-4.129614,-2.974661,-3.846174,-1.1479567,-2.3904064,4.3469653,7.152555,4.240957,6.581675,-2.1810887,3.109105,-3.1350987,-7.562009,-14.046082,-11.923998,-0.87206244,-1.8055463,2.7261734,-13.737311,-5.312625,0.13832891,7.127375,2.9863107,4.976318,-3.4830134,-3.0642083,43.72129,-0.96744657,-0.54061437,-0.39714748,0.14559427,7.624916,1.6909554,-0.66613,0.36582345,-5.445173,3.620774,2.6091793,-3.8397944,-0.66297495,-1.0952917,7.5411325,-5.3925977,-0.9660872,-1.4573085,-0.63657284,-3.5253732,5.7817388,-1.5929618,-10.102888,0.74477464,3.6744561,-2.4503276,-0.15575454,-2.9234285,-3.946851,-1.3870437,6.7591505,6.8011813,-1.1272254,-7.286023,8.689619,4.0580196,5.136026,5.2194524,-0.6370915,7.0235357,-5.639505,-1.2731855,-0.13211267,5.080296,5.0513554,3.252682,0.6592285,-8.081467,-0.49952614,-8.929488,2.265661,-19.763384,-0.036472138,0.26650122,2.5297623,-0.92196393,-14.755171,3.2214854,0.6221746
157,28.56744,13.754408,21.733974,24.706734,17.763067,6.599036,8.34277,13.321687,11.376445,4.4001536,-1.3853757,0.15167221,13.299879,1.0272052,2.0057049,11.732244,1.4698889,0.70941496,3.3900695,9.399649,12.5877285,5.0947595,10.240038,-3.4856496,-5.5748587,-1.7255992,3.8275955,-3.6561606,2.8778427,0.29100358,18.448538,-4.096861,1.7170303,-6.092933,-8.7579565,6.481804,5.3291564,4.144551,7.0470004,10.416323,14.898245,2.477621,2.1772501,-5.076227,3.4062805,10.89581,3.109117,-1.3873035,4.7313046,4.3488464,9.66356,5.05757,9.7550955,5.6192894,4.736402,6.245085,3.8857048,0.074033864,-6.7756352,-5.2293224,-10.6665325,-7.566105,-6.251456,4.027101,-11.795615,-2.7961082,-4.73408,-1.7759362,-1.4396095,-1.1080962,-5.3299785,-5.760805,-6.381446,1.5280981,-3.2738163,-2.7045832,-0.09637703,-2.913208,0.50568324,-1.7793888,-4.6626205,-8.241436,-6.6123805,-8.052203,-6.640319,-5.933651,-6.3043637,-2.7137313,-0.18804547,-0.011732072,0.1312243,-3.2022834,1.7867943,-2.8529735,1.1868747,-0.8273485,-3.5776646,-3.6247244,2.651785,7.45921,-0.012474789,9.958051,-9.374194,2.797568,0.76015526,-0.48362797,1.1288437,-13.989171,-9.069216,-3.2733984,-7.242617,-6.1239533,-9.770963,-11.06214,1.6202335,2.194561,0.3617021,-6.5718217,-11.2531,2.3352199,37.482704,-1.2629927,-0.9106421,-2.193206,5.019041,-2.3582273,5.6986985,-1.6589742,7.4674263,4.2423215,-0.5541001,-4.067095,-1.6741842,-0.3993995,-3.8171227,-0.5337587,-3.0460415,5.453675,11.290374,-3.7941253,2.1596587,21.602232,1.599502,2.4671807,-1.790171,0.23761684,6.546801,6.4210505,-7.0623865,-1.5875696,-3.3500295,11.087925,25.87755,23.952713,6.033638,8.994149,8.308697,1.1214281,8.5473385,17.163424,0.6248489,-14.40273,9.180608,-8.42737,3.0929909,-1.3982893,-1.8021291,10.468952,-6.0228686,-7.9460883,-2.7708583,0.18052553,-8.459084,4.6553307,2.8416247,1.7805759,0.29035074,-7.2780666,-10.007301,-8.141293,24.331158,2.6083252,23.394444,26.48636,20.31545,11.232442,4.931451,6.8819065,13.97953,1.3355454,-2.2614362,1.0326422,13.735883,3.652846,1.6745055,9.934804,-2.59299,3.6690247,-0.49879453,11.635808,11.114909,2.5927508,10.557499,-7.343646,-0.32241115,2.1819265,0.8442017,-0.74739176,0.018053122,3.3344414,17.085783,-3.9245331,9.28458,-2.747648,-3.6107013,11.015877,10.037443,5.164265,9.27552,10.867883,1.2401617,9.370279,0.59904957,-1.1225044,4.8975,6.918572,1.6001977,5.936507,4.8766184,2.8093057,6.812861,4.1610975,8.156813,2.2725234,5.9495196,-4.584061,-1.6755288,-15.657949,-2.7520823,0.63304496,-1.423523,-2.5642805,-7.2133145,-12.731353,-6.6520605,-12.526768,-4.213309,0.4232356,-0.26662427,-0.7584955,-1.3738152,-3.3569055,-2.0139215,-4.552079,-4.780426,-3.7966645,-3.564774,-1.9290408,1.487675,-3.666313,-7.1036954,-5.58135,-7.167226,-2.970134,-5.67325,-5.2655144,-1.1427169,-2.782049,0.011619555,0.0,0.43555623,-0.11077338,-1.4059253,-5.5368776,-3.4936845,-4.555452,-2.0603397,-3.9898655,-0.82349604,5.765162,5.9900947,5.8687854,0.36451447,3.9512124,5.731644,-2.0321085,-7.138738,-6.889141,-4.400597,-1.4305056,-4.461025,-5.1307764,-2.2152061,-4.5896893,-1.7839274,5.353192,2.11943,-5.7654967,-16.169727,5.3640957,57.154037,-4.3927846,-6.390295,-3.9708765,0.034890708,7.812926,-1.6519309,-0.2471666,4.5194807,-5.7858605,-3.9075491,2.3072433,-3.0540648,1.5095725,-1.1724044,-1.0339985,-3.449743,0.6418376,-2.8675163,1.1440085,1.126302,19.967833,2.7682106,-8.375795,-1.9477952,5.5526495,4.8635445,1.685386,-2.9808795,-4.09991,-2.0982366,3.2497401,16.755032,12.325066,0.94877464,7.891439,0.12741278,5.78749,11.386787,3.3583746,4.2591014,-12.340415,-0.29201436,0.6117473,2.8180346,-5.4275002,0.5525789,10.8708725,-5.4987984,-1.165566,-7.363658,-1.24779,-2.2248006,1.4342604,1.742208,6.47694,-3.9866571,-0.8242974,-7.194093,-0.41150466
158,30.130047,2.8963776,14.658124,23.874199,14.476733,13.439893,-0.7938483,8.353092,10.830237,5.8894024,-1.519516,2.2041392,15.195139,14.327958,5.116418,2.1135042,1.9528872,-0.2783487,8.963687,8.060802,22.256767,11.701113,4.588643,-1.0307541,-2.4015129,2.221992,8.983892,1.8422992,-9.244845,6.4494658,10.787131,1.0155869,-5.365934,0.3798803,-0.9282368,8.668485,-0.988016,9.920102,3.55644,5.802145,6.401757,-0.856295,3.9020004,0.37737736,4.349821,1.3914002,6.659413,-4.641135,4.9354525,1.1735358,7.510755,8.755353,6.8004093,4.446001,1.0833067,4.4733753,9.586769,9.908591,1.5528489,7.670151,-5.0666084,-0.5238212,-1.2577399,7.122076,1.0366093,3.580209,-0.979169,-5.907798,0.89952374,1.6227725,4.9886885,0.78255725,0.5205147,7.931664,5.1904745,2.1596518,0.0839982,5.1655283,8.576994,-0.14351192,4.2222624,4.227487,-1.5817034,-4.1283684,5.7209225,-0.6834943,-0.5654561,-0.48786804,1.0248319,0.04638591,0.24623974,-1.8854746,0.45658103,5.731856,-9.395957,1.6546162,-4.805338,-6.2398086,5.775963,11.15641,-6.2054024,11.606371,30.671259,3.503732,7.116476,1.743335,5.418917,-6.6791863,-0.3868712,-3.4655032,0.311811,4.678886,-1.7856283,14.620419,4.8593426,1.9565113,-2.388712,-5.9031878,-1.8517274,-2.7612154,42.30649,-0.5256838,3.4214487,-2.5935643,4.8106356,-9.374582,7.0425987,9.598342,5.0392485,6.845552,-0.2682452,-1.0525594,-2.4465983,3.0442388,0.51387227,2.1487992,-4.439915,1.2614173,1.2457621,-1.6084043,-2.6646373,16.238745,-3.5136995,-5.0734754,-3.263112,5.538281,12.051936,6.934018,-3.7453644,-3.9404576,1.289883,9.18768,40.526096,12.389216,-1.1290479,18.10278,-4.6133394,2.7713373,9.597086,9.647946,1.3284748,-9.83172,6.930755,-0.5667263,-2.49387,1.6459879,8.8559,-2.6229308,6.520992,-0.4791598,0.7032062,0.2401437,-0.8132514,7.91221,4.324239,7.6057715,-0.8315497,5.656656,0.12238225,7.9625826,25.342443,1.6796008,27.281656,27.223515,22.35919,18.248558,15.659153,5.95097,9.784584,0.7344191,-1.8162726,-1.2565949,14.644602,5.890361,6.7262635,7.293911,0.5919032,5.711598,2.1633074,8.443965,19.620054,16.767677,-2.574057,-7.80476,-3.7838864,1.2642097,6.2443757,-3.2633786,-8.256739,1.1102419,10.149456,-1.3628628,0.5184787,5.699839,6.8754845,7.55755,7.957596,-1.6300013,8.600634,8.648525,8.112621,8.175725,2.3648536,-1.0630764,5.464787,5.33636,-0.23608673,-0.33326918,2.5042803,1.5936992,3.4191349,-0.276055,5.6428647,3.7906148,2.350579,4.4759655,0.33995223,19.966803,2.398738,4.3966494,-2.64753,-2.2507296,-4.655767,-4.014875,-1.7847581,-1.7658627,1.5437351,-0.6812268,1.9507937,0.5417828,-0.7116947,2.707348,0.8577379,-1.8591728,-4.142036,-4.0219584,0.66221124,2.907888,3.0415106,3.79286,7.319096,1.4951104,-3.8241823,2.7657146,3.1540875,0.47947332,-0.4064837,-0.6235909,3.4235604,0.0,-0.084292464,-0.8503915,-4.4897757,0.8232249,-6.43743,-1.9056526,-2.5453415,-3.1357489,-3.2134595,6.8254232,7.0431457,13.137667,6.7172713,0.5302735,5.1334357,8.862118,-1.7746731,-6.232961,-4.0255785,0.85995203,1.2091264,-0.90939146,-8.294166,12.89631,9.014659,0.61576265,-2.2954915,-3.7257805,-3.1653996,3.8912446,53.081425,0.13277397,-3.4757257,6.5947742,2.0855646,-2.6811304,4.8271008,-1.2702405,3.0986779,-3.0669706,-0.25859615,4.0914583,-1.1772343,4.378932,1.7792501,-2.116053,-0.3169851,0.56558096,-3.565966,-3.897911,0.40672067,16.177397,0.44890165,1.3176848,4.682936,6.478003,4.0835056,2.7553165,-4.298929,-3.1457388,-4.446914,-1.8265622,10.603183,3.5812082,-5.820841,2.169197,2.087908,7.0390882,12.613731,-8.702365,6.228389,-3.2773438,2.6380053,0.5275035,4.6947236,2.2589123,9.102952,11.646334,-3.5122378,4.783703,-3.352001,1.3131697,8.322792,1.0263205,2.7947292,11.693347,-3.2800431,-0.06461693,-0.9833349,6.579432
159,24.026974,5.6218557,2.3919346,20.009169,17.36402,13.346898,-1.3134687,1.9835796,2.8948443,3.6926427,1.5804046,-0.77359676,15.409741,19.428007,3.9345345,-5.0336742,2.796346,4.872202,7.835425,11.765977,10.0674515,4.850599,5.3911047,2.3438861,2.2222216,1.5288938,7.2090316,5.6699686,-2.167429,0.37852925,17.17767,3.1446056,5.19956,21.822746,8.8668995,6.1186705,7.780896,14.468405,2.632304,3.5809302,2.563822,0.0111863725,5.3937907,2.491799,4.5971417,-1.7588558,6.4076796,0.8804026,2.3758948,3.5725307,3.8442786,6.9977684,1.1246217,2.6634028,2.8000815,-0.4570606,3.714675,6.545219,-1.025603,8.208365,-6.552653,1.6523521,3.4460337,7.2459555,-4.0430403,7.751791,3.996351,3.2189841,-0.71408445,-0.47738102,3.5113692,-0.5514158,3.9128375,3.4588008,5.253274,4.348945,0.19691457,3.4973266,1.048188,2.7983654,5.9270434,1.395837,3.051396,-3.5448806,2.838722,0.028533626,0.8645998,0.3579659,-0.26851866,0.017314333,-0.14583746,-2.3662255,1.0810878,4.8138394,3.7114167,5.311387,0.17286864,0.8320949,6.959947,8.539441,5.238552,-1.4311112,21.491447,15.140852,5.0145335,7.6685348,9.315844,6.798943,4.352276,-6.7269444,-1.7647474,9.658076,-0.2586788,21.129242,-3.3026686,-3.3359756,3.7641456,4.0045843,-1.8997785,-3.8063602,25.71858,2.1853397,4.646016,6.271059,5.264763,0.74136746,3.8888726,5.887825,4.7127967,4.6755695,0.8999254,3.939465,2.1474566,3.6843436,-0.13005228,-1.8441049,-0.54884994,8.520207,1.5848231,1.6747142,6.027806,12.460829,-1.371984,-1.6753861,2.8103306,-2.6209328,6.6978555,4.1444182,1.2336097,-5.2299066,-0.75018376,8.585901,15.256481,9.701891,-7.446649,8.462234,4.6943803,0.3475447,4.2174373,11.754973,-0.07418769,0.88067156,10.86236,1.2117877,-9.373403,-1.8117222,-4.1676435,-3.8896105,7.523443,0.9712071,2.4500275,-0.112973675,-1.8330253,12.97174,10.266373,9.174927,-1.078569,5.532739,9.008285,7.5376472,23.88666,7.955801,22.542831,26.879955,23.98716,15.0693655,27.436922,2.656663,2.898954,4.1518106,-2.0154917,-1.7914447,13.776277,11.244593,5.211312,7.9108253,3.207534,8.066402,0.2891934,9.3176985,9.858274,10.037122,3.2787292,-4.908345,0.14277726,0.019028347,1.9529697,1.5548757,-1.7006918,-1.5522048,15.110038,10.058084,-7.048219,10.420025,7.6102204,1.7126037,10.684453,5.0919595,7.3541126,8.789337,9.712312,6.654553,3.8516445,1.8601413,8.414047,6.814054,3.9206743,2.6269648,4.0229893,6.068919,3.6018105,4.6068907,-0.15547529,0.40910268,3.7747045,1.7734855,5.7860312,8.714129,8.051943,5.46438,6.9891386,-0.42651874,2.2374036,5.341702,-3.8018785,9.857732,1.9539311,2.8818152,-2.4674752,-0.60655177,4.8854675,0.9037543,1.8564742,2.4424922,-0.3499013,-0.5110635,0.5654885,-1.1014695,4.2714243,0.7461362,5.092685,0.47826728,1.6871123,0.4552475,-0.30077302,-0.23935491,2.5311754,-1.0945619,3.1135144,0.0,-0.15767127,-4.742156,1.700474,0.1515872,6.098226,5.998896,-3.4681456,4.6413903,4.0371566,7.300476,2.1208918,6.6782637,-2.479963,4.3495607,1.4871697,11.949533,1.8759468,-1.4882499,4.7484326,-6.4857826,-0.20552948,6.08743,17.505571,22.31549,5.717721,7.701685,5.6310706,8.773585,-2.235582,-1.5594987,32.146286,4.8407087,9.369147,13.7827215,2.2813513,-6.084881,-1.0038979,-0.35390934,0.16601807,3.000748,3.363579,0.93622714,-1.0941103,0.7316959,3.8272371,6.815775,3.2165675,1.204025,-0.9858337,8.7101965,-0.5956191,16.89867,-2.171049,4.066038,6.995224,3.1741965,1.9364331,2.2117894,1.1187725,2.9958806,0.82551885,8.754311,5.9186025,10.449371,3.7891562,10.828508,1.4214513,5.1695747,9.303145,7.776357,6.5872574,6.663935,2.5435324,6.6276293,7.9947476,-1.7687801,4.773431,8.870682,-8.535448,-1.043534,-3.7165363,2.0709138,16.041393,-0.26381683,3.7652335,-2.9197848,2.8058178,9.7696085,4.2875385,4.448916
160,9.8808775,13.222295,8.984606,13.893039,11.496249,5.0440693,2.234773,-4.636972,-2.6076868,3.0146763,0.26226372,-1.3001943,13.448023,10.993163,7.089863,7.034661,6.3857183,6.1735783,7.2577786,5.4312577,13.703241,0.19438256,2.1655922,4.4053783,3.5499957,-2.521462,2.7027833,-0.14968102,-4.606079,-1.8663886,14.721559,-0.3715147,4.5084286,9.518607,2.4003594,-0.5369612,2.118325,5.881266,1.4098372,2.8710504,1.2452203,4.539768,1.9087814,0.06384415,4.3985415,3.8084764,0.23595873,5.825655,1.5063658,4.316876,3.0561714,5.9275756,-4.709459,1.5795857,-2.2878501,-2.4477847,1.8435955,-0.6580896,5.514327,-1.9871182,4.1529064,-2.7070684,-2.2308016,3.0109894,-11.040646,-10.021789,0.50116324,5.959184,-4.476747,-2.553973,5.9040937,-4.38348,-1.8675662,-1.1153121,-0.9768448,-0.860594,0.47294652,-5.897275,1.1205103,-6.1256046,-5.5161176,0.45485368,0.36881563,-3.5425556,-1.0778582,-3.1644812,-3.3259563,-2.2884924,1.6729764,-0.014592025,0.09999669,-7.4319243,1.5649508,-4.5585833,2.2072275,1.6286031,1.7065319,4.5349417,2.7441337,5.481912,14.036495,2.047045,0.48396602,-4.802079,4.3024244,3.7667086,-0.75550324,6.626805,-0.8952758,-5.6232004,1.6653028,-6.312123,3.4379554,-1.373623,-4.7469707,-0.055535745,2.8340657,-5.256326,0.73544633,8.591565,-3.6037946,3.3738728,-0.6917969,4.638209,2.867045,-9.838232,14.216165,2.8234007,-1.1310225,-4.552448,1.341814,1.2932402,4.0071473,0.63927966,3.081718,1.5285405,2.6173544,1.8431884,0.79871887,0.63380384,3.771696,5.70692,5.3242383,-2.0749283,5.9444094,-2.0728269,0.5513758,0.007799728,-2.4860532,-2.183978,-1.2680119,0.4658377,14.591928,8.922522,4.9444423,10.916463,11.623799,2.3072264,6.457615,3.7815921,1.1114321,11.041564,9.45378,-1.0176747,7.995199,-0.5825853,-2.5229604,5.3513784,3.6036322,0.33848977,1.4074514,-0.32221654,0.29759154,4.9290996,13.162369,8.439108,2.96751,3.0767741,3.6191108,-3.0296745,15.411756,8.231154,20.846321,16.529175,15.487538,9.259651,18.37589,-2.4200177,-1.9336565,5.446767,-1.1576625,-2.675783,14.429362,18.960737,5.112229,13.932521,3.860448,7.1364627,4.781315,10.84926,9.6272335,2.2180889,5.700962,-9.716053,-5.249967,-3.1423905,4.221887,0.0040147305,3.7971523,4.707528,23.386902,1.7733295,8.781363,8.42433,0.36025733,-4.512407,-0.6153674,3.5533729,1.501519,0.36275256,5.4360676,7.5633807,-0.2432335,2.565171,6.83114,4.924181,0.6240714,3.6936274,4.9211755,-1.9863998,1.6643791,3.6587129,-0.46655792,-0.28862265,-1.9133332,-3.718145,-4.470626,6.2390375,7.3874187,-3.4030523,8.037988,-7.5984936,-1.7934409,0.04452909,-7.8407326,-2.353492,-0.41310927,1.1737928,-4.3225665,-0.74738514,1.7165586,-1.0126425,-0.82502806,-4.4006543,2.0356584,-2.726601,-0.39957172,-3.4952033,-3.855839,-0.66433644,-1.001591,1.7526215,1.81911,-3.0115614,-3.7293797,-2.1607647,0.49262753,1.930083,2.9588935,0.0,-0.5263606,-7.397364,-0.5949727,1.7324888,1.05088,3.2076747,2.2158048,6.300289,-3.007601,-0.5061295,-3.9647436,-2.13092,-1.2036029,6.2477126,-4.817592,3.225332,-4.673606,9.111972,2.9872546,-11.499272,-4.9646015,-7.7227545,9.899115,7.0778937,-5.9737215,2.9666958,-0.41456142,-1.3768984,-0.3309091,-4.1383586,11.65963,3.0146031,3.934446,0.24208923,-2.8677464,3.2708004,4.5908685,0.37183896,-3.9512753,3.8228278,1.3002608,-2.2003875,2.5360436,2.766487,0.8482645,1.0123948,2.89341,-1.1623073,-0.24857908,3.1289208,1.723237,15.923068,2.467671,0.71345735,1.620969,9.610271,0.84362924,1.6003706,-0.8546495,-2.4971168,3.3117828,9.287946,-2.8601623,3.175184,-4.8205748,3.1259644,3.0305703,3.609563,9.1015625,-11.636044,-5.4828,6.238118,4.705095,4.0638433,4.316113,-0.5823623,-3.4330919,-2.4766932,5.3294516,3.0560076,2.967018,1.8345827,6.6454124,-2.2021754,0.9515946,-5.9876494,1.7326509,-3.4535236,-2.1584191,-3.9743185
161,-0.30479994,10.029615,7.556748,7.35927,5.0428066,4.0621696,4.0621643,0.93204707,0.4363501,-0.96060216,-1.199321,-2.1358652,9.893463,1.1346239,8.740046,2.5362828,7.7950754,0.7746053,11.519903,0.5611822,8.9811125,0.70403713,8.870441,-10.899087,-1.9800282,-4.651572,-7.61475,-7.5086384,2.0391614,-0.92142206,4.4801164,-0.374238,-6.152226,6.8110356,-1.2454633,0.9891785,-2.5356739,-6.2167096,0.59009725,1.7992183,6.966999,-0.547773,-4.0511336,0.23978867,-6.1538396,6.2974424,-2.9479482,-6.658804,-1.7389773,3.517223,1.2572283,1.4904058,2.909703,0.9143996,-0.8563341,3.2238603,-1.7420062,-8.086044,0.29253703,-4.9040794,6.59037,-4.5426626,-7.664295,0.308045,-1.9859445,-4.1321235,-1.562551,3.698958,-3.8095317,0.45625293,6.4468813,-1.643447,-3.682601,-6.4258704,-0.3326725,-2.4721115,0.5421515,-4.6283464,-2.7224302,-3.888108,2.5843832,8.983223,0.5912945,-2.429161,2.1818209,-2.0641923,-5.642085,-0.36510113,3.9854796,-0.08876313,0.09711024,-3.6294856,-0.341967,-10.1679,-4.610852,-2.5952926,3.264544,2.5536022,-2.6799004,-5.19168,-2.8898647,1.8087614,-19.219273,-6.9692626,1.1721938,-7.4851885,-1.2224122,-7.784179,3.0075994,-1.1823958,-1.9339858,-5.161639,-5.9635158,-10.719276,-9.425451,-0.4933662,0.04379658,-4.6928215,11.457434,8.540101,-12.17708,1.3947712,-0.8936651,-1.1290637,-3.385571,2.6357338,16.667332,-6.0510607,-4.3966737,-11.582248,-0.51422155,-2.4958582,0.41071373,-3.965208,-3.0452838,-0.6412753,2.4436095,-0.25174162,-0.7698992,-1.6979911,1.4538723,4.253819,4.798729,1.2795339,2.9378097,-0.7587737,2.3704252,-1.2200437,-1.2457099,2.8095245,0.9145258,3.259182,11.085613,9.802502,1.8156594,4.8948927,9.49308,8.593946,9.780876,4.896133,-6.796914,0.026354352,4.5928164,-4.1368275,13.250461,-10.133348,1.8677133,8.816694,-4.7900257,3.1537201,3.254339,-0.18554729,-5.8366904,-9.726145,6.004297,-11.692629,1.1741751,1.2784302,-0.6896546,-0.016305054,5.60744,5.7528367,14.801472,7.9722567,9.347714,5.2553306,12.501075,-0.8263268,-1.1138992,4.93754,-2.8523097,-1.2965972,11.422038,11.11969,3.5854445,10.037249,0.017594393,3.6264713,10.990702,8.638337,-0.24447821,2.5976436,6.276546,-1.4024711,-2.0472646,-7.2766953,-8.889933,-4.431857,-0.19858341,-0.533753,17.252968,-8.3480835,2.3083265,1.0633758,-5.366738,0.5967343,-7.8993263,4.939094,1.6035417,1.5319666,7.8235574,-0.9512051,-3.0214124,3.3300598,-0.528424,0.0059408294,-0.602505,5.0597878,1.5362934,-6.2604885,2.5706444,3.8033288,-0.8897112,0.012575671,0.4305279,-5.3844304,-1.5768206,-5.4501905,-2.9690578,-0.14715967,1.4538485,-6.4580693,-5.3653774,-1.7539274,-0.52888733,-4.8579493,-1.1273805,1.1081244,-6.782782,-5.3296914,2.1853569,3.1772478,1.8880696,-9.3314085,-3.1614914,-1.4604361,2.7507293,-2.7822516,-5.7359962,-2.0186093,-4.4075437,4.487134,-1.061337,-2.7916875,2.2613432,5.7398434,2.6344497,1.3207517,-1.5783582,0.0,0.13477477,-0.23141892,-1.577629,1.5702732,-1.5320631,-0.09562691,4.795286,1.4310604,3.2340114,-0.16934605,3.1091776,-2.047555,-17.648157,-0.84886557,-0.14482288,-2.8285973,-5.774158,-3.1202295,0.731152,2.7003393,-3.26327,-6.3916316,0.12948263,-0.03944869,-5.9761205,5.4284983,-1.8600222,-2.748103,-10.168242,-7.0075374,-4.4935546,-2.0501127,-9.826657,3.430212,-5.484502,-0.81996834,-6.3311696,-4.794314,-4.326227,3.9673781,-1.923137,-3.0351994,1.6467929,-1.0313029,-1.84708,0.39819092,2.6207352,-0.61290115,-2.5647907,7.3358774,-1.0978245,3.4897227,5.550705,-1.4071473,-3.9230454,8.169451,0.85341036,0.36515197,-0.36810255,-2.927224,4.2388945,9.763811,5.290664,9.716617,8.328855,1.3466289,2.1226354,0.5150937,8.986816,6.8815312,-7.69596,-3.4554691,4.1508355,0.0033769528,-3.3631501,-1.9430574,3.262945,-0.86923337,-1.0884136,6.0544944,13.298672,-0.56398284,-4.2848144,-4.3826275,-4.418618,-3.535874,2.7118998,10.464662,-3.441791,-4.345729
162,0.36514717,12.2143955,13.14251,-1.2529945,0.23931962,2.5412557,-10.005073,9.253506,5.0384316,4.172673,-5.96962,-2.9986858,3.7557251,9.446879,8.028212,0.43632933,1.0299543,2.9812465,1.7398404,1.6926502,2.776294,7.2225685,6.5187206,0.0020467963,-5.7068906,-2.5115497,-2.3848455,-7.594056,5.7157154,9.833528,10.211859,11.81262,-6.0384088,7.04431,11.0288725,5.9134316,-0.2843084,8.860912,4.902987,2.9619217,6.3949957,2.0094595,-0.8401948,4.337372,1.8676443,-2.3311293,2.120326,0.24953662,-0.47914568,4.2067146,3.954467,7.9166756,-1.2234036,3.4886408,4.0565615,3.0445023,4.3870497,-5.582331,-0.11352226,-1.505743,8.854671,-2.7632995,-7.604952,5.928411,-3.7787192,1.6413406,3.045672,0.868206,-2.3114512,-0.0068832547,1.9026662,0.47667998,5.219395,-4.488608,-6.2307277,2.272777,0.49811795,-3.9405928,-8.183772,-6.833407,3.0861173,7.4810877,4.9838915,0.8607195,7.012259,-1.9704416,-1.8206755,1.0509286,1.7515135,0.017999137,-0.10685454,0.61834776,2.3113263,0.15904938,5.1764174,4.3807554,2.7373173,1.4049003,1.3349557,0.95298,0.6054069,10.971801,8.170279,-5.480398,-2.2080004,2.8709915,-5.242136,-5.1418552,-3.4829884,-5.150913,-3.6731782,-4.6052833,-1.9944173,-12.852329,-0.33160618,1.9162699,2.4856527,-6.5652347,-5.2520795,6.4213414,-1.7932831,0.5407138,1.5729825,-0.9388801,-2.540473,7.054147,0.0498752,-0.9155181,-2.5323176,-4.8693495,0.09537841,3.6216884,0.9838425,3.159002,-4.626896,0.7973547,0.04234199,3.229539,-2.0941389,-2.1015077,1.8474964,5.9785285,4.5088425,-0.17268836,0.76397175,6.374661,1.0618823,-1.3932348,1.2628634,-0.5368341,4.5365944,8.696965,10.240395,0.7639148,3.012958,11.312517,2.4080276,0.9888571,5.78023,-3.2722924,-3.0942056,12.268975,1.1775944,5.506868,3.5380456,-0.8538915,-1.3673807,2.0221016,-1.6737391,5.925007,3.8613348,-0.12491066,-7.2343187,4.0245442,9.420381,-1.0563147,-1.1017101,-3.8817105,1.4682766,-1.7482109,6.388401,-1.4741158,12.604828,4.2325525,5.995224,1.1203192,4.6127663,5.1643806,5.492823,2.0370932,-0.15053394,-1.9187865,6.2730017,12.343184,6.531917,2.611979,4.7557416,0.21001524,-2.4334075,-5.8901143,3.7007675,1.1818953,2.5537367,-4.6998277,-0.20730959,-2.6136227,-3.56032,-6.1007676,-7.8827095,3.4953754,16.448183,3.7061207,-0.57198834,8.366743,5.9651947,8.5733185,-0.0055718673,6.2134686,5.1699505,11.349792,9.291678,1.564495,1.7813264,0.78689784,3.0106797,-2.4075172e-05,-0.5231221,-0.61937654,2.429549,3.6369133,1.208111,2.6530182,1.2678869,-1.4800777,2.877361,-3.4191277,-0.29595906,7.796358,-5.3487372,2.789676,7.5409093,-9.037879,-2.204091,5.2291465,-0.55107224,1.9739511,-0.30306718,4.111657,-3.727479,-4.6288366,7.927547,3.2096114,2.704848,-8.364361,-4.3446994,3.4768445,3.1258245,-0.6933023,-0.18026334,3.1905696,-4.2721972,3.186572,-1.8346792,2.8877623,2.3731759,2.7017813,5.131288,1.820899,1.8311557,0.0,0.2878769,1.9944106,2.1010525,3.4494798,-2.6213763,3.3073971,0.19885796,2.680128,2.6484904,3.9550085,1.4618173,-2.8601098,-15.9756155,7.7729,0.04638708,0.6085889,-7.0099907,-6.3004193,-1.3557986,1.4703045,2.3620899,-3.219357,3.0042825,-2.5405295,-8.276824,1.4096458,-1.7640359,5.7543545,2.5097861,6.1506457,14.621688,-0.0921583,-4.1855116,0.46324858,-5.640872,-4.311561,-2.0784514,-1.4398111,-2.8919678,-1.2945201,1.0655137,-2.0114062,-0.6985445,-1.7515697,4.15007,4.799693,-0.7652397,-3.9833498,-3.3674488,1.4196566,-2.8012228,13.600413,1.3637507,-1.4338099,2.3883605,1.9679838,-0.938884,-0.94568783,-3.532273,-2.8732436,2.394933,4.7585564,12.921531,7.1151257,10.985968,7.249898,0.6491686,-1.88432,6.202006,6.629933,-4.059704,-0.59471685,-2.3015752,13.817473,10.098801,2.1769693,4.315445,-5.8565173,2.6937907,2.3025434,7.7512293,0.49785787,-5.2448826,2.8006444,0.45811296,-6.1927505,2.5491712,24.487679,-0.07544451,-3.4857428
163,8.690554,1.8214803,11.70185,5.5530114,2.2142625,-2.4180481,-10.322492,9.826136,9.430475,0.5959279,-2.8278797,4.4524784,3.1665795,7.0034785,11.230825,5.8426766,-2.0227413,4.6790185,12.138997,4.873163,0.59140575,-4.5959277,2.5959082,-5.805084,-4.2846146,-2.7671802,2.931617,-2.4687605,16.221643,7.6790686,14.384832,8.346293,-1.1544769,-4.3349085,-1.6916605,4.020946,-4.3025646,1.3489703,4.0676527,-3.0713077,7.966332,2.2395546,3.1845381,0.5027981,-0.78256834,-0.065631606,0.8003685,2.8247705,4.7314215,1.8973758,9.286544,9.219384,-4.115315,2.2139046,3.7530482,1.9953967,3.0322578,-16.776651,-1.8724595,-0.49008,-3.1764994,-1.02171,-4.336757,1.9550225,-11.976072,-4.0258784,-1.3531532,-0.16154289,-8.529597,-3.4003575,-0.44006193,-10.453887,0.9353204,-7.9621964,-7.099359,-2.6983457,0.24670437,-5.2983804,-1.9226164,-2.805846,-11.602371,-3.0181484,2.2994046,-2.8616242,-5.0294867,-1.1210688,-10.128984,-3.890274,-2.4787607,-0.09565699,0.26293272,0.15998015,-1.585544,-2.8266683,-7.4440546,2.625602,-0.93736976,-3.5792246,-3.0527673,6.3614945,-1.5828799,2.0217066,22.211424,9.010744,1.1229943,6.956501,0.95958847,1.3974104,-5.387222,-12.963835,-6.4030046,-2.5760212,-10.933462,9.322631,10.97731,5.0308523,-5.573405,-9.888273,2.8122225,-7.5944905,17.662153,1.315708,-3.123815,4.397659,1.0046848,9.210833,-11.48629,-6.9349217,-7.1611843,-1.1185101,-0.3906309,-0.6296401,-1.6463559,0.825761,-4.338157,0.034240995,-3.693371,0.2200245,-8.626439,0.98991024,3.4299397,8.426974,2.2812994,-3.4824708,0.6813997,6.7452245,0.6282767,-0.54294395,-1.8917651,-1.3994046,0.6359202,5.967162,25.94209,12.404571,5.3248944,2.3668823,-1.7837795,5.703044,0.02497511,12.784578,3.9054165,6.0120215,4.840228,1.2738402,10.181114,-1.6728162,-1.6373726,-11.390986,-2.7001598,3.0482664,0.58253527,-0.06610709,-0.754546,2.0020797,7.100351,-13.947104,1.525704,4.5218472,6.428482,-4.186881,10.70517,-1.4476377,18.6301,9.23999,3.889639,-2.8914974,4.5680046,6.0158606,7.45966,-1.9610541,1.4622247,-3.3607519,3.660517,14.02551,9.787882,-2.3551323,-1.2659212,0.7598708,-0.45581996,-6.0681086,-2.0204859,-5.840057,-2.2926426,-3.765725,-0.9640636,-2.244259,-3.854822,0.2823255,3.4379637,3.3947427,15.090448,-2.2606463,-4.8550406,-4.6608334,3.5946264,9.273423,-1.6701837,-0.40933385,6.0473723,8.980458,10.918288,7.826943,-0.099120684,-0.828967,4.986643,3.052805,-0.51347446,2.120463,-0.5387185,1.515615,3.1912668,0.7059718,3.511707,2.9033225,5.366759,-0.7021064,-0.062058304,-1.3949243,-6.3152623,-2.0552056,6.69955,-13.690373,-3.6314545,-2.472543,-12.130078,-14.275934,2.085126,-2.0674467,-11.365646,0.33806202,4.6655307,-4.990888,0.73312926,-3.212277,-1.2891057,-0.4699802,-1.3655684,-1.3684549,-0.85386246,2.5727158,-4.5955634,3.8788564,1.6168138,-0.42468488,-0.1386986,2.5377882,-1.7249458,0.39405164,3.835657,0.0,-1.0544125,-1.9534755,-1.4326166,-1.8804909,-3.720724,-2.5598917,-0.1262205,2.6876526,-1.5443844,5.0777745,2.870439,5.5005507,8.137305,-6.332847,-2.8195906,2.5115843,-4.658119,-15.716186,-8.832569,18.262983,-4.215977,-4.926374,-6.0837073,-2.1867929,2.4593585,-1.259251,-2.4488924,-4.981194,7.3414297,-1.3047838,26.945276,-1.1535715,-4.421984,8.331115,-4.509511,17.327082,-7.054679,-7.678426,-3.5724518,-3.7197962,-0.5597552,-8.147828,-3.307898,-0.80912095,-3.915876,-3.5108364,-4.54581,2.9931755,-1.3495638,3.7830954,4.9157286,15.683004,1.6708558,-1.4451593,0.26958236,1.9027832,-1.7033802,-1.8736664,-2.147685,0.6794961,-0.7255625,1.2138789,4.045141,9.607091,7.5084004,1.2552758,-0.917067,1.926884,4.10882,7.0295134,-1.3789496,2.0287292,1.6301305,5.112471,-2.659645,-3.6371632,-1.2580978,0.6195256,-12.679866,-1.484902,-0.8560314,-0.9826086,-3.3004146,-6.1828547,2.557941,-2.439459,2.055686,12.134005,-2.6068056,-0.7729338
164,13.096756,3.2882736,7.412291,6.058875,1.9304808,1.5397156,4.5805707,6.6131616,8.239419,-0.780991,2.1661246,1.0678612,3.0713441,4.539961,11.427821,4.6573215,6.01693,-2.3114467,5.0908775,-2.9143233,3.2834172,3.7292418,4.1981297,-6.734288,-2.3125565,-4.9074087,0.49575973,-0.60592484,8.600437,4.8717885,11.081898,3.3392742,-4.076083,-5.65474,0.012751915,5.978299,-1.9623656,5.0518217,3.2375388,0.7653163,0.6775307,1.8451872,0.73225266,3.017142,-0.18817721,-3.4829495,1.4070613,3.0721698,2.0908065,0.121222384,6.7647014,5.9775257,1.5578499,1.9447987,0.73803884,2.8478982,1.2912369,-0.52016044,0.03966611,-0.074035004,-12.231654,2.978152,-2.0405765,-6.6324162,-9.146099,-8.610524,-3.2809033,0.71535,-6.1944785,-5.60957,-2.150372,-5.8985734,2.6865084,-8.124425,-2.2787127,-4.1260996,0.09809131,-0.5227273,0.2963133,7.1286287,1.9260844,5.0426435,7.228709,-0.16738272,-2.3443832,4.6508875,-8.498702,-4.1155615,0.8121106,-0.11836639,-0.30089474,-4.0351343,-3.664498,-1.7214689,-0.53477204,0.10220355,-1.555053,-5.0644403,-1.7779734,7.114332,-5.7944694,9.6323185,9.062,7.216174,-0.71115875,4.347638,8.858065,-0.0853883,-3.8774881,-7.2550273,2.2017581,-0.6312068,-4.165501,1.173856,7.0244036,7.037859,-3.6487565,-1.3650042,4.0434737,4.0116835,28.95345,-3.704958,-4.9436517,-5.7143426,-0.31171995,5.320179,6.114921,-1.8253838,-0.08177227,-9.54033,-0.4228139,-2.8442888,-3.6115046,-1.5125668,1.5427911,-4.00239,-5.3939676,-0.53362894,-8.643687,-5.482918,5.1429873,8.707944,1.0627451,-4.7960906,1.2133584,3.427296,-2.4060943,-1.167674,-1.0811125,-5.114785,0.12256784,1.3289524,13.689737,4.432565,1.6010021,-5.3739133,-1.1285043,6.511214,8.871533,5.5127616,1.7021692,12.213291,5.146953,1.7977443,3.0364645,3.4492726,4.3095703,-1.2152017,-1.9193572,2.4837518,0.035250265,-0.10958286,-4.541886,2.8625653,5.402811,-8.409459,-0.6601585,4.009004,11.013591,-2.0866358,6.039249,3.44134,10.32827,9.111626,2.5222483,-2.049997,-2.9831853,3.91302,3.5034635,-4.2087,5.5454264,0.11051571,0.8549216,21.368908,13.220655,0.4075118,0.95520085,-0.76271397,-4.651555,-3.141804,0.5230469,4.3053617,0.08434841,-7.8462005,1.6332773,-2.6964915,0.9079406,-2.2156217,9.746868,0.32767266,17.67907,-1.2676485,-6.7577667,-1.2945783,-1.642163,13.410766,1.769635,-0.3191923,7.5176315,6.269546,3.6571083,7.982608,-1.5546564,-0.2412439,2.2124474,0.5977064,-1.2833672,-1.6373717,-0.97522324,6.5472236,2.5192091,0.62666845,10.421648,0.5400019,1.6695952,3.3037856,1.3956118,9.930597,0.9746259,1.2764325,0.2586601,-5.3467393,0.22496375,-4.5620227,-5.817176,-3.5136638,2.355849,-0.6738926,-9.204999,0.19933063,3.978197,-1.1986771,3.6664321,-1.2018406,-4.518839,-5.4798093,0.55709463,0.45769694,3.313194,5.445885,1.7698708,7.009508,4.089393,3.062479,5.0822234,8.399435,2.4777813,-2.049055,0.24006478,0.0,-0.14611845,3.7368138,-1.9880649,0.73115945,-0.826817,-1.8451834,2.8665123,-0.49250314,4.6527376,3.1590219,2.5432403,11.085395,0.4980863,5.3519607,0.13651584,-5.242205,2.5860388,-3.87096,-1.0918196,11.136705,-0.4978004,3.3966467,-6.945574,4.3457313,-1.6554946,0.9343538,4.463753,-1.2364043,4.442434,3.9910355,28.863367,-2.3139973,-10.917449,-0.945863,-6.663436,-0.30980045,-1.3839824,-3.0728507,-4.225465,1.8678714,-3.5362558,-6.365826,-0.575841,-0.8345906,-0.10135307,-2.4852777,-0.9772881,4.483553,-3.2693584,-4.345512,-0.20360807,12.0799055,2.161255,6.811837,2.3557618,-2.6802523,-0.26857024,-1.4409655,3.3127058,-2.3739696,2.9342272,1.0566599,5.342975,-0.43161058,7.707076,-4.7710314,4.0471106,-2.9839728,4.549017,-0.79649144,-3.710971,8.412184,5.2570596,-6.485676,-3.665134,-6.9612584,3.5999215,0.9848635,-4.9791746,2.0201962,11.421256,-4.3275294,-7.706233,-0.21967456,-0.37517115,2.6653578,0.32280007,7.034438,0.73197865,-2.049633
165,1.0493635,-2.7141304,4.4932113,-0.93029815,1.7146083,0.17546745,-0.683193,2.322422,3.2903936,4.5199213,4.5722566,-0.3144025,-5.830209,16.016457,12.481948,0.75580955,11.613169,4.406071,1.8024449,1.3023953,-1.1858351,-0.12874585,-0.6880416,-3.3791406,-2.5147934,1.3978264,1.6295059,0.005211731,4.847365,9.420872,14.179361,2.3104339,-7.325116,9.423319,17.901106,0.68524253,3.163469,6.0669017,-1.9610046,-0.632214,1.8049108,0.76614314,4.792718,5.8425765,1.4574305,3.0719428,1.584648,-3.2129729,0.11626263,7.8778,4.216092,4.6687055,0.44881886,1.6337003,-2.2349484,-0.7469394,2.9952006,19.215155,5.9017177,3.9853144,-1.3903513,4.7352977,2.534094,-1.7448324,1.2478654,1.170144,4.006752,1.7534513,-3.7575014,-1.7241066,1.8784313,0.74536157,9.897815,0.7370295,5.4039297,-2.5026171,0.24710225,2.3037152,3.246723,-1.2617131,7.744751,6.7175736,5.8960447,9.421389,6.4776187,10.023618,-1.0211009,-0.9175534,-0.3648973,-0.07812479,-0.32458642,-2.7815766,-0.14161718,8.500404,1.4373572,3.2241294,5.8837333,-1.1449387,2.3141305,7.547469,1.1701369,7.2676926,9.611176,-0.38821512,7.519852,8.627207,3.3300557,11.082333,8.44344,6.799635,3.419151,5.0892415,5.164424,9.618627,4.64561,-1.3935142,3.468176,2.7217536,7.030028,5.7888975,16.319,0.8840213,5.2150583,-1.3964111,-0.032078713,1.854565,-16.047209,4.7442417,-1.9956082,6.3415484,0.9462482,3.6717324,3.6426828,0.046056934,5.8342957,5.093484,3.465444,4.9308863,-4.0190496,1.09743,-1.7279942,5.6113653,5.5800667,0.031649005,6.723622,4.1749296,1.3967712,-1.8847703,1.6000537,2.595345,5.0141697,2.0797288,11.93005,-6.3205237,-7.9113817,-3.6647224,-0.16984935,3.6862276,3.827475,-10.635193,5.7355127,10.223009,10.967785,10.6123705,7.5670447,-1.0059713,1.7504555,4.5665436,-3.8962796,7.0393267,3.2254019,-0.053644292,11.05889,4.931493,0.74727786,11.135477,0.63417006,1.096518,13.1398945,5.976918,-5.1640086,8.609688,6.314839,-1.0811859,-0.22763608,-3.6168973,1.4663038,-0.48532468,-1.2635013,4.721657,5.2973757,2.4702463,-7.420976,24.062145,20.054485,-6.5784016,7.880399,8.048658,-3.551372,-5.6209173,-2.8154626,-1.8773905,-2.1959999,2.7539759,2.2451923,3.5761518,6.4876146,3.4828296,7.343145,7.0616117,10.516638,5.3618255,-1.1188357,12.406125,9.96451,-0.9934243,2.0662384,2.4095902,2.2586198,-1.4885622,1.2584478,1.0706446,5.401516,4.5748553,-2.2182071,5.435521,1.4520704,1.0057584,-0.27375406,15.11796,-0.23619933,-0.5849821,2.6909034,-0.008472007,-1.0374395,3.9062657,7.6005774,22.107037,3.376038,8.06011,2.4460275,-1.914444,5.088372,-0.5201323,-5.65314,1.9223286,5.35385,1.9723034,-5.2300696,-0.014883898,2.7422473,2.2485106,7.485651,6.8404684,3.4781914,-2.8112676,2.5677037,5.3241386,8.847371,5.185205,3.7425978,12.338295,7.1156244,3.6646283,10.5819435,13.673327,6.3918595,-1.2601076,5.450764,0.0,-0.014968875,1.5098317,1.2255764,2.992209,1.4159901,9.853509,7.721701,3.5338225,2.6836414,3.1441422,-2.4905188,10.431262,-0.85618174,-0.31795728,-2.3780282,7.284342,6.0297413,5.1213145,6.585749,5.2871566,14.06387,5.812732,4.866141,5.7585025,8.599795,1.4831854,8.946576,11.982621,9.533472,2.857854,-2.1748228,1.6151373,-2.5438008,3.484681,0.3150437,-0.97352195,9.838412,-1.8426454,0.9956033,-1.2072407,3.1208704,-4.2120385,4.4477215,-0.29865277,4.299999,5.1358986,3.7624161,7.463247,3.2830043,-0.80668944,3.269871,13.298842,3.9139154,11.69343,14.790736,-0.35658103,-3.8228374,0.6114065,8.628521,6.408504,6.7121587,3.6798902,2.7791069,-1.6873091,-3.6026638,1.764616,10.029369,-2.3699698,-0.6074072,12.651732,11.945707,12.568797,7.67939,7.613435,4.11521,15.363188,0.7272838,1.4361461,10.194693,7.7662416,6.8500643,1.5644217,6.049181,8.923537,0.97236973,3.3939846,1.1557544,-5.545994,6.4668565,4.046045
166,-5.813232,-3.5763435,0.99547625,0.2796441,-2.3877704,0.41950342,-3.6214433,-2.2997499,-2.0589073,-1.7937782,0.657321,3.0699122,-4.8352795,10.846133,15.860096,11.039311,2.2190263,4.639313,9.438699,1.8390957,-6.005846,0.3429111,-0.8742121,-0.6119014,-4.2764535,-2.0758853,9.452826,1.000467,16.507671,10.818173,12.891525,6.7637696,3.5530264,-7.3586273,4.844072,-2.6368234,-0.6638844,-0.28084677,-4.349846,-2.218905,0.6586815,0.004727417,4.464991,5.021207,4.031307,0.2232565,-1.8943638,5.9392242,3.5188107,3.5961804,0.91174096,0.6734404,-5.7673507,-1.4451866,-1.2946764,-3.6854198,4.4046435,4.105275,7.5421376,3.1626053,-2.9694946,1.5626258,0.02340286,1.0257995,-12.862398,-5.4508715,1.5563959,0.362827,-7.971884,-2.6502526,-1.2033094,-7.1481266,3.4928539,-5.235275,2.5379417,-5.2162743,0.08365783,0.5430236,-2.441802,-3.824743,-7.311407,-1.3474228,1.9244683,4.6589622,-4.7003756,5.002576,-7.207283,-2.6523998,-2.0726416,-0.030269157,0.122747675,-3.9369752,-2.8195598,-2.83567,0.44128665,2.9664793,2.4053934,-0.0064884345,-3.7268116,2.1788828,3.3985069,7.087411,19.72859,0.39120996,2.0277362,1.791301,-4.9956317,8.129695,-1.1606512,-6.8512926,-1.6375194,-0.6449562,3.363019,8.522699,1.973891,-1.4345497,0.24906822,11.522694,22.258572,9.498578,9.382162,4.85455,-3.7584877,0.84901327,1.0631421,6.452374,11.845898,-2.5574193,-2.834526,5.161169,0.49762216,0.8517237,0.9364786,3.808002,1.6675813,4.902877,0.076601535,-1.1347735,-3.7403412,1.4184407,1.277795,8.162944,8.734124,2.9846125,9.155593,3.053002,-2.8106356,-3.7989016,5.205949,5.5128336,3.2364209,1.4355001,16.444633,9.187082,10.408005,0.5457899,-2.2503812,2.3123434,1.6879512,19.148722,11.175897,15.523396,15.705993,2.1367648,-8.381983,2.7260406,-4.3549657,7.9912276,-8.215429,0.74656045,0.9210484,-0.2937661,0.23976916,4.1880965,2.6510642,-3.9370134,2.984779,-2.5137336,3.466779,3.7989352,-10.813082,8.819183,-3.740367,-8.747042,-4.725519,-3.1165254,3.597704,-2.749239,-4.583302,2.2736113,5.6082497,2.2569578,-5.6494436,19.818459,17.392258,-7.429518,10.773587,2.4480784,1.4637474,-5.21711,-6.6157994,-2.1302402,1.0429971,11.909068,1.6333606,3.4777868,9.516793,2.7737994,15.286994,13.338124,9.876203,4.456482,2.0009718,6.0103245,11.446984,-6.819863,7.2244754,5.856228,1.6861163,-4.081285,8.194805,-4.508955,8.709615,6.743518,1.5140506,9.21922,6.1384034,4.4659166,1.5949885,7.843231,-1.555763,-0.8241329,2.3476272,3.4146876,-1.8914666,2.5917926,10.892861,4.6768465,7.249898,8.751866,-4.9551206,-8.239942,0.7398101,-6.7527013,-10.740087,-5.212532,6.999141,0.5580917,-11.726478,-2.5632021,-1.7145516,-4.3456945,2.6100867,-0.059176307,-2.0455372,-9.002915,-0.79327554,7.643399,2.1542265,0.2589815,-3.5392148,7.4895034,5.2107716,3.4656603,2.9599748,7.3121333,2.3557699,-0.504107,1.2183251,0.0,-0.12652935,0.77525604,2.2151384,3.4998202,6.7134237,11.366299,6.182037,-0.82038224,-1.6112592,1.4401011,-1.2371913,7.859606,-16.893784,-7.857415,-7.5122495,-4.122718,3.419591,2.833686,4.714087,-3.4745047,-0.46607772,-5.025332,3.7818687,4.180391,3.7908285,1.153653,10.623315,3.357806,10.103343,1.9023091,-14.428728,3.1076198,-3.5470634,-1.4713837,0.65779525,0.20830518,4.7214756,-6.0795507,3.0335493,3.8643146,1.0729415,-5.5741262,3.4254298,-2.0365894,-0.8189642,4.155369,3.515229,7.2515755,2.9713416,-0.40388092,1.8878684,6.158317,8.0040865,10.259169,10.189517,5.345541,-3.2709062,-0.7811105,10.312082,7.853078,8.78575,0.8236788,3.0934958,-3.1760375,2.205487,2.0301363,9.545537,0.83447915,-1.3851539,6.413335,17.160131,18.08177,5.144509,2.6998239,-5.1204453,-1.1181047,1.9127578,5.519671,-8.505164,3.1872947,6.67508,1.5255077,3.614164,7.666705,-0.1509681,5.739409,-0.20635869,-30.076702,3.6555557,-6.347075
167,-7.500037,-10.18272,-4.4393024,-6.03039,-4.3344984,0.8011704,4.1610384,-3.6876326,-3.1444223,-2.2604666,0.9454399,-1.4406345,-5.425822,5.9442363,10.452815,7.7763324,-0.89260125,1.7943507,5.892368,1.8575245,-0.14911538,-1.2053276,-3.739984,-8.803885,-5.4940376,-2.8284006,7.8020124,5.7661805,18.150553,11.670596,9.589186,0.58150876,5.7927675,3.3081586,2.6708481,-5.2670774,-2.5682878,-0.38672733,-2.3290522,-4.3945885,-1.9790975,-3.1993232,-0.23162915,0.15120216,0.6623216,0.05668678,-0.11829063,4.041397,2.011566,4.4572296,-2.5344622,-1.7544309,-2.4903169,-3.3544157,-2.188866,-2.8859086,-4.313149,2.1981387,8.563789,-1.5786371,-5.5672636,3.0672388,2.0535817,-9.887057,-5.902226,-5.5095787,1.3884003,-3.0916855,-3.3963745,-2.138888,1.3242723,-7.3426313,4.1444297,-6.8882475,-0.96446013,-4.74218,0.02992923,-1.2401086,-10.350185,-10.060785,-6.542574,-2.2284348,4.4061217,5.4709177,-5.0694966,4.8533263,-7.1889963,-1.456553,0.7534129,-0.0197339,-0.03315303,-3.9270804,-3.1092665,-6.7713914,-7.9467115,2.1001377,1.2587765,-1.5772116,-2.3484166,3.9034986,6.837679,-2.4658542,7.251093,9.031185,-2.333401,3.2260914,-0.84657437,4.029416,-2.7269087,-8.704679,0.4615882,-5.3250823,-6.2911835,6.308401,1.7235531,-1.8224585,-5.0871,-6.184198,10.420981,-5.306445,-3.6002293,-1.6126746,-2.95029,1.8781666,-4.2761383,6.026911,4.247012,-2.6563494,4.7546616,-0.32094398,-0.4708074,-3.6501148,-1.6062965,-1.011078,3.913441,-0.31069323,0.18413563,-1.6127689,-1.3883076,-1.337259,3.7922564,0.18631361,5.303994,-4.971882,3.3562908,8.459275,-7.8874145,-2.697845,6.256952,4.8086095,6.4628325,2.9051175,11.589446,0.60741603,7.304467,3.1304874,-9.624096,-0.17189471,5.6758904,9.167472,11.2238655,11.710959,7.832233,0.55077416,-7.7870264,-2.0396068,2.1427917,-6.9724765,-4.51373,-0.5776557,-0.27583176,-0.05546176,3.7324626,11.912327,-3.872954,-11.390455,1.0812501,-1.0271578,10.005374,8.250285,-9.856713,-1.8087119,-1.2500725,-10.289434,-7.5243697,-2.3992631,-2.1172469,-1.2687918,-2.2583854,-1.7070515,0.312008,-1.5166137,-5.5982075,18.535362,16.928623,-4.662078,-1.8821836,0.73624974,7.7008247,-0.90607625,-2.0700238,2.6952856,0.019448757,-0.43028858,-1.4885355,1.5896677,7.417686,4.7227726,14.412647,14.444727,11.193639,10.181808,3.1276758,1.8621513,5.2088323,-1.3859494,-5.4917417,-8.118358,-0.95006734,-5.494827,-7.762052,2.7623458,-0.5718452,2.3256233,2.6382082,8.144107,-1.1105587,0.2003256,0.40037882,4.7827315,-2.5382724,-3.5645401,0.19506626,1.1335934,-1.876947,-1.1316708,12.264824,-3.6074774,4.7797184,0.9053585,-3.1087272,0.37585127,1.8452189,-8.601183,-2.031726,-7.224412,6.2194104,-1.6075339,-7.4983954,-4.873987,1.2997953,-3.3669498,0.9630791,-0.22406448,0.3017023,-8.555646,-0.5917552,2.1768856,0.36910042,-7.2588387,-2.258343,1.4515247,4.9766436,5.9236703,4.3960853,10.464692,1.7839035,0.39700055,2.293774,0.0,0.13549817,-3.3021183,-0.9254785,-5.5559754,-4.4991965,6.76369,2.0291963,0.37654173,-1.483733,-2.9754238,-2.107057,5.924793,10.352107,-9.412861,-3.066921,3.0398355,3.193445,1.6012508,-1.0798293,3.4667869,2.5795686,2.2488844,6.111027,0.54028666,3.3005815,-4.616284,1.2949392,-2.746461,7.7141433,0.10116778,-20.46233,-3.7185507,-9.148563,-4.242326,-2.2728631,6.979492,3.3966072,-1.1286935,-1.1124067,3.8483827,-3.8343236,-6.315502,0.88629997,-3.19046,-1.9268,-0.5249322,6.386391,6.598139,-0.08933639,3.6981964,5.838616,6.19169,7.5440216,8.15006,-0.0320205,2.946341,-2.2655118,-0.9322122,4.060495,6.247324,3.4655206,-1.5540253,-3.4086504,1.1477023,11.69125,-1.4612837,5.117706,2.3510559,-0.46420354,10.048936,9.644195,20.102535,-0.2037173,-5.234355,-8.1943035,-4.3044214,7.440238,1.423773,-11.360403,0.21064678,5.8133116,-2.2773445,-4.446869,0.41954994,-1.8376625,-2.5132084,-1.7837309,-36.09151,6.3265524,-1.3633902
168,-9.6463785,-10.155384,-10.001802,-5.2723546,-3.3044877,0.43747035,1.940147,-4.366631,-4.00055,-4.133993,-0.5013743,-2.6301973,-6.690952,2.3631363,9.758001,2.0179558,-1.6027787,1.8765125,-8.782715,-1.5857677,5.063955,2.493144,-3.9341676,-9.430773,-5.607366,1.7710664,2.933461,-2.7087862,16.675282,8.983308,6.031193,3.1433957,4.2266884,-2.5479014,4.9962583,-1.6574942,-6.632404,-4.7898703,-0.77084506,0.7010209,-5.733619,-3.226928,-4.2337346,5.406412,1.9368691,-1.8526938,1.2214239,3.6546686,-3.015522,-1.1831737,-4.9451904,-2.0133188,4.2025375,-3.568851,0.8722603,-0.82643956,-1.0205498,-5.349052,-3.3966746,-2.492697,3.428132,3.4936275,4.303632,0.8387842,1.451809,-4.261708,2.933732,4.1164722,-0.003790172,0.929592,1.4070531,-0.3151048,-0.51281923,2.571652,-0.19542433,-1.0500747,0.23554857,1.7337459,-8.1782255,5.776635,-0.40705612,0.30038732,6.0482616,5.457253,0.995617,5.4681096,-0.6095153,-1.5888468,1.5012692,0.05892571,-0.26908714,-1.8369864,-0.860344,-2.3731377,-8.998674,0.45244342,1.405329,1.4685383,-2.0808594,-0.2084891,-1.5400778,5.1386514,-11.951179,7.210888,-3.2915714,2.0840423,1.1090465,-0.42562398,1.5856082,-0.057064172,0.22238007,3.9025276,0.6380214,10.599323,8.030153,-0.35164824,-3.887301,7.8371663,-7.7295156,-0.04686064,-3.7905598,-1.4224597,2.3389933,-2.0972428,-0.94584626,-0.67150813,14.068873,-0.53232723,2.8912919,5.925073,-0.19829082,-0.043115385,-0.73106164,3.2744823,4.0676723,0.06442468,4.2772927,5.3349023,2.3330677,-2.3784297,5.225696,-5.278929,3.1210468,-2.4564376,-1.0835743,-1.6257393,-3.8244412,-1.3915689,5.8443265,6.8229127,3.1583133,-1.390331,0.791666,-0.14203875,-1.7781985,-2.1260355,-4.007217,1.5846233,-2.1246843,-0.4112266,2.293253,6.8694735,3.0474548,-4.8523054,0.25282082,0.22873254,0.76892287,-9.148591,0.9979142,6.628986,2.7436104,0.05009077,-1.7925986,-5.0717316,-6.965989,1.639629,0.3260437,-2.8470511,6.0634494,10.957622,-8.222517,0.03766933,-4.8424563,-8.08326,-6.108914,-1.7178239,-1.3997366,-1.532206,-4.2289724,-4.8144755,-3.81649,-3.0332935,-4.3436036,10.837685,12.868073,-3.142458,-3.3563955,0.99046177,1.6043205,2.8710613,1.8060102,5.0652504,2.7897224,1.7167836,-1.6569666,1.7605463,3.5613992,2.1883535,15.36669,9.48859,5.661238,5.7421155,10.013653,5.1517005,5.728886,-3.5797045,1.1695107,-0.66378736,1.799672,-9.692481,-5.715178,-2.089747,-3.8420181,-1.4100416,-0.02077075,0.6136033,-5.815804,2.6467328,-1.1905755,0.0138429385,-2.6858132,-1.1424694,-3.90005,-0.76958084,-1.0919051,-7.3172946,6.663103,-2.4441864,-0.3929673,-3.373963,5.0393662,3.2203815,-0.41233945,-4.108338,-4.9533715,-11.105249,1.900573,0.03817411,-1.7600805,-3.0082493,-0.65050304,-1.182021,-0.6712911,0.6932914,-4.553221,-1.8077092,0.644235,-2.030073,2.191504,-4.885081,-5.1175675,-0.7820186,5.5155435,0.20704085,4.6674,5.382725,-4.4259896,-0.30202502,3.6928012,0.0,-0.10986238,-0.05121715,0.58082837,2.7532144,-1.5343794,-1.3170296,-3.6484497,0.099270485,-2.4634721,1.903704,6.7478113,-1.9568417,8.146807,-9.254228,2.9842215,-4.2506866,3.8703666,-2.276124,-5.733388,-2.1214406,-3.9538977,7.9697742,-0.03526219,-3.3671694,2.6626272,-5.5331903,0.22580042,4.3537946,9.523315,0.4495065,-19.48986,1.3058488,-1.38676,-3.1727993,0.119517535,1.4146346,6.695623,1.2622834,0.8220301,-1.9127109,-0.29635507,-0.5373033,-2.5697021,1.4476231,0.9062227,2.9264734,2.2477522,1.4191283,-1.0235717,-1.7067146,0.90353566,1.531375,4.487497,-4.3191423,0.2686198,3.0609376,-1.2541567,-0.8466574,1.3417786,4.2270885,2.6352708,0.5670049,-15.391176,3.7537231,5.908517,-8.903164,-2.1498857,2.5980854,0.55982375,2.7488027,7.1247745,5.1461697,0.06176016,-11.240487,-11.771442,8.754716,-6.150843,-2.4372928,-5.177155,3.3214548,3.782634,0.7065125,-6.581195,-3.2971153,-3.7210333,0.49783024,0.3291122,-0.15630513,6.3842354,3.1152747
169,-9.72708,-8.388024,-7.607156,-9.011,-4.6586156,-1.6519501,-0.34882993,-4.720667,-5.701678,-1.9456303,-2.894534,0.78654647,-4.818786,10.153073,10.444867,-6.130697,0.33486226,2.8976798,-0.0046211323,-3.17586,-5.4175158,-6.240457,-0.6096991,1.2535709,-2.2872999,-0.3770036,2.536086,-0.8570917,8.558452,11.100822,13.2173815,8.098516,22.748892,-1.040036,2.8208482,-2.0822105,-2.4017677,2.9027653,-1.1379464,0.5215046,-0.2077217,4.3416796,-3.8003657,1.9882182,4.1911883,-0.45707494,0.35057512,6.145149,4.3818455,4.990783,-3.7622058,0.41588488,-1.6224618,-0.8523316,-0.98777854,-4.8366094,0.9624706,-0.35010013,3.3529387,-3.409648,5.991683,-0.29748982,1.4922209,3.2879972,-2.4899895,0.44976434,2.6153648,-1.5696579,-1.8261297,-2.3911805,2.668775,-3.8082964,-1.6949306,-1.4342072,-3.3797512,2.0137675,0.28622746,-3.4734652,-13.061204,-6.438293,-4.075665,-4.4178095,1.1662916,5.09359,-0.7857209,4.2997503,-4.956796,-0.5135781,1.3903093,-0.073623106,-0.05851694,-5.9389553,-0.4500668,-3.7290497,-1.6999764,1.0531967,0.8482284,2.9964237,-3.9543009,-1.9277266,11.235816,0.9759866,8.372019,6.58017,2.4066381,-0.33275634,-3.1550086,2.256003,0.48033255,3.383667,-5.892596,2.7167618,4.5868516,4.9736185,-0.55769676,4.595611,1.7599151,3.160719,10.328134,3.3610349,-10.718393,2.997607,1.8673108,-9.993757,0.88572687,1.5225183,2.8661416,0.88878894,1.8329853,10.832715,0.40900037,4.244515,2.8811178,5.2570066,4.854856,1.5014718,2.2187443,1.7843617,-0.73308915,1.3044548,12.336215,-5.8625402,3.240526,5.1290183,4.2705927,-0.014145269,1.3924702,-1.7543347,4.6825585,9.588777,6.490435,-0.56420773,-10.527704,1.3829263,13.791529,0.31808135,-4.1467733,8.442021,-3.9415634,-0.5530672,6.110237,9.211582,0.90467757,2.0217023,-3.7128618,-0.27492005,0.2971788,15.662708,-3.6489751,3.917101,1.6068281,0.22594412,-3.3888383,6.4032884,-7.050618,9.192675,3.081662,-14.907745,3.7423027,2.6981544,-12.23926,5.2276196,-8.071233,-8.1070795,-7.7579083,-5.282177,-0.32942814,-2.0598967,-5.6131268,-2.5975251,-4.869751,-6.8847213,-7.9072685,8.35417,9.302513,-7.0490413,3.2112517,-1.6790103,-2.8186898,-0.093171105,-2.8917546,0.7694627,0.90518457,-0.8527574,-2.5122976,-3.9251137,2.8320706,-5.429536,4.1335526,7.5102525,14.40829,3.7813213,7.903966,2.3502755,4.6892548,-3.0871754,4.5630245,0.2698193,-2.9615269,-3.331586,-0.66959834,-0.75597,-3.7525544,-0.63708395,0.84612036,0.6553763,-2.5147398,5.043092,-2.4455283,0.29319698,-3.3160188,-0.61938524,-5.1379514,-2.2556486,-1.3257113,-8.81165,2.6962676,-4.4830685,-1.0734584,-3.8850965,4.639873,-0.748747,-4.3752947,-2.2346005,-3.8032863,-2.8360615,-1.5218648,-0.20129141,-6.2728143,-7.080406,-0.36548305,-2.7206566,0.13471657,-6.5610614,-6.5865874,-4.1794233,0.040342458,-4.4715314,-3.266614,-0.10450034,-9.703488,-1.4608401,-4.161994,-0.37209648,-3.6810277,2.9197829,-5.753113,-0.39936507,0.7933027,0.0,0.26865742,-2.298293,0.07213859,-0.119834885,-2.3570127,2.7005632,-4.1777735,1.4447858,-5.323512,1.1030687,0.47920963,-4.070788,6.4335074,-3.869035,-4.0819464,2.2609723,-2.6292126,-1.4953909,2.5684378,-18.327059,-3.2126348,-2.063508,3.5297353,-1.7334536,-3.5562937,-2.9769335,1.3742423,-0.36851254,10.3425865,-2.286954,-22.075277,2.6883533,-1.7184907,-0.27612364,-4.125124,-2.4460416,5.0638194,-3.4293213,-2.8009927,-4.056307,0.40426922,-2.591116,-3.4837086,1.124839,4.2456117,5.490496,-3.91478,-2.3711655,-6.0225325,0.71282315,1.7030034,-1.7791252,2.643406,-6.7088466,-1.0063568,0.13450913,-3.7292423,-1.0813092,-0.9729509,0.5447217,0.23290749,0.7800978,-10.466072,-1.5628738,4.2442756,4.6200004,2.529441,-2.7835376,-2.3064969,1.8571877,4.683496,8.71221,-1.1806754,-9.340914,3.4734297,7.076673,0.9981865,-5.212582,-1.5822228,2.749143,-3.045687,0.5590528,-1.2904913,-4.6145897,-4.96858,-2.68861,0.47116923,-19.134901,-2.635442,-1.3091936
170,-10.33344,-12.882648,-7.6593046,-9.958142,-6.039728,-3.1593666,-3.0290833,-6.797303,-7.3883877,-4.6347046,-7.697111,-8.620317,-3.0224426,-3.7035398,6.6223063,0.47128364,-2.0100865,-2.740758,-1.1558164,-3.149388,-3.0739849,-3.5209396,-8.691631,-8.404343,-4.770053,0.099816486,-1.6742548,-2.9618685,15.29055,4.953863,3.324115,-3.988556,16.96039,-11.196696,-9.284623,-4.620152,-3.1736975,-9.993733,-3.8821845,-6.504105,-6.2074747,-3.047909,-5.1042876,-1.459956,-0.45828614,1.3032678,-2.5414789,2.611851,2.5029273,1.4313806,-4.5432124,-5.1357493,-2.9634583,-6.050783,-4.058143,-7.600158,-6.075643,-13.419438,-4.419671,-5.5139914,-9.615762,-7.2425823,-1.1770132,-1.1796331,-4.1654305,-10.8559885,-1.6714541,-1.8168873,-2.2009928,-2.959585,0.6669716,-6.7747903,-7.4736085,-4.7406473,-5.9841676,-5.0365644,0.25003242,-8.437729,-16.389782,-20.446318,-11.186253,-5.804819,-1.7136102,-2.3105514,-9.130589,0.1742229,-12.266705,-0.7910194,-1.7813799,0.018172229,0.32750857,-5.664178,-1.0629703,-9.283372,-4.479861,-0.34465173,-4.8120437,-4.0878267,-6.736984,-4.9834,7.285792,-11.176468,-17.063572,2.9763763,-1.433811,-3.0231366,-10.881771,-11.499434,-7.5842423,-0.8421704,-4.1548,-10.454551,-6.6491733,-5.4870634,-4.4350677,-2.212869,-6.9382877,-3.6731663,6.112107,1.7212489,-15.18998,-0.2514669,-5.363846,-6.2288985,-3.8689177,0.46155122,10.036068,-10.922398,-10.475572,-0.25116646,-0.65959126,-3.5438802,-3.4557476,-2.2447946,-0.6702274,-3.410033,-1.5175302,-4.814413,-5.848672,-4.412116,-0.54234785,-3.2059808,1.2950368,-8.719366,-1.2572085,0.6635315,-5.2159004,-9.996279,-0.13964124,2.094509,0.845666,-3.1278005,-1.8600638,-7.8043013,0.4457247,-7.7970686,-8.78397,1.2583101,-5.066122,0.9925637,0.85826606,8.969121,-2.2250266,1.3486248,6.9844346,-0.7767002,-5.171234,-7.191561,-7.6462693,-2.8673894,0.7082094,-0.12565705,-10.535306,-5.7594614,-12.255819,-10.062987,-1.486669,-13.258583,-3.7168198,-5.888352,-11.764931,-12.390956,-9.212245,-10.432717,-8.571197,-4.5994525,-0.7211616,-2.8567107,-5.1069813,-5.659228,-8.3396435,-7.5618834,-4.2110705,-0.41573733,8.941033,-6.3003936,2.7750528,-6.729985,1.4301916,-1.2439569,0.4068613,-3.3265648,-1.6375791,0.8364381,-2.6534607,-4.3422313,1.1540844,-0.5483134,9.939437,8.413553,2.2102854,-8.351964,13.590654,-2.1259305,-0.77232337,-10.162387,-1.0681638,-6.431133,-5.414623,-10.019869,-13.225704,-1.3217477,-10.618022,-4.328397,-2.524023,-3.6576955,-4.4705586,-1.4909123,-5.8790927,-0.7922215,-3.644626,-1.3980812,-0.07950502,-2.2730463,-3.2876878,-7.24847,-7.0886784,-14.951603,-7.71188,-9.193603,-1.9141859,-5.2165923,-6.5143685,-17.04517,-12.944441,-18.705482,-1.0384742,-1.8876989,-4.6655493,-3.7356784,-0.26666853,-5.655169,-3.4464474,-7.936713,-6.4013624,-12.474903,-1.8963718,-11.345294,-8.660348,-9.830566,-7.0641904,-4.2255177,3.4394848,-2.4177814,-11.135281,-0.43149948,-3.8699844,-1.0953988,1.4557729,0.0,0.061276045,-4.475365,-1.1705703,-0.99146795,-12.11146,-2.6798286,-7.7845287,-4.263331,-5.5596967,-0.87909466,-0.5479161,-2.93208,-4.0917325,-4.2177815,-4.418895,-0.33776408,-7.0808554,-17.767916,-11.445812,5.615252,-9.947187,-9.860593,-9.506845,-3.229353,0.8149267,-4.637684,-2.0502927,-10.2814,1.7891825,-0.9221636,-24.884956,-2.5362659,-22.165524,-5.386061,-4.69628,17.86214,7.9247375,-9.179935,-1.8700635,-9.698737,-2.368877,-5.0569816,-5.90477,-3.6191788,-1.7387074,-3.9538178,-3.1738992,-3.2958467,-4.671522,2.0292485,-0.110478185,-2.7639832,-2.4441764,-5.3938823,-3.8527956,-3.232156,-3.5164223,-4.672811,-4.6953425,-2.6449907,-2.6304078,-2.9748225,-5.616461,-8.34513,-0.2468513,1.2569749,2.1248083,0.30524048,-2.0246768,-4.534567,1.2729979,-3.2116723,-2.6777744,-12.907564,-2.2498293,-0.19506533,3.6038077,-0.07596312,-13.736086,0.2218326,-3.769568,-3.0222409,-12.138134,0.46308556,-2.460465,-8.403712,-3.5566075,-17.451185,-9.578873,-8.583625
171,-9.714329,-11.234925,-9.368322,-13.107287,-7.4501824,-2.6170404,2.1101575,-2.8683727,-6.660425,-1.5024303,-2.0920632,-5.7657185,-2.9229705,-3.6931584,2.225239,-6.881386,-1.0752082,-10.174382,7.1516204,-2.3703086,-6.856618,-4.3613105,-1.5515561,-12.865775,-6.847328,-3.739299,-7.3914866,-9.733094,4.41699,-1.6321782,-3.5764573,-1.8563846,-2.1451643,-2.3547845,-6.5637746,-8.66872,-8.454406,-9.124147,0.18700565,-3.8032675,-7.7734585,-1.4163657,-3.4153075,0.8894195,-7.348503,-0.053669803,-5.1652513,-10.873762,-2.7644987,-3.6349232,-6.7551107,-5.0250006,0.9460855,-1.3672069,-1.7594343,1.7132863,-4.02294,-5.3812037,-1.2738571,-7.1503158,-6.259268,-2.1923332,0.022883933,-0.32290772,3.2843163,-3.3185425,0.47759673,0.9940589,-0.18292026,-0.7030201,2.7730699,-2.8889885,-1.0556194,2.7451127,-3.2846014,-4.3995504,0.1603386,-0.7601195,-11.717157,-3.5421004,-0.9781335,0.48935214,2.501659,4.5601826,3.3126867,2.9569554,-4.4115324,1.1593294,-0.548386,0.018281119,-0.4137055,-1.9820212,-1.1096165,-5.22261,-0.07083916,-2.532442,4.3770046,0.4012644,-4.5999436,-6.462249,-6.341912,-4.297533,-21.352766,-9.243716,-8.822192,-4.2177396,-4.8434954,-10.161566,-8.334496,-1.6244687,5.057457,1.3549595,-1.7205057,-3.6487153,-10.2693815,-4.727387,-2.9015996,-7.783112,-15.3699665,-13.836458,-18.401917,-4.8236794,0.31890395,-10.02326,-7.0521226,-2.0105376,10.519129,-5.0741878,-2.1105702,-3.8542774,-1.1926831,-5.460789,-3.6426709,-4.553272,-1.6655914,-5.4759994,-0.25032946,-5.2754464,-4.9270997,-6.787377,-2.1489115,-9.636009,-2.675243,-0.6812762,-4.351521,-1.8321159,-7.7524304,-9.139958,0.30747706,-0.38760173,-2.3413296,-5.373441,-12.382293,4.210444,0.8249964,-3.1502512,-2.4026227,6.398149,-0.28744516,1.6537373,-4.415233,-9.894555,-7.383062,2.037096,8.34934,-2.3363132,-0.71513987,-8.313892,-6.4390297,7.6090937,-0.36841944,0.06707582,-19.219103,-12.157535,-14.784536,7.329109,-0.20987384,-7.39938,3.5312226,-3.7589445,-14.373803,-7.837237,-8.86782,-11.978533,-9.834221,-5.5869184,-8.089885,-4.164894,-4.48357,-3.9165027,-2.1073985,-3.9930646,-3.4785078,1.8496279,4.15431,-6.554257,-5.6746187,-8.018275,-2.4456973,-3.8569126,-3.8918273,-0.9641909,-5.685627,-11.331376,-5.0781727,-1.8088845,-11.279418,-7.950731,6.1396623,-3.3865929,3.978205,-9.329248,-7.6261168,-9.746955,-10.133194,-4.1022863,-1.017768,-1.4863572,-1.7094185,-7.35562,-7.6543493,-4.7267013,-3.7713552,-0.41667217,-7.807647,-2.4023077,-2.6126218,-4.148023,-3.312423,0.80162257,-2.6610692,-3.6899111,-2.2687507,-6.222145,-2.4304848,-6.7275767,-7.802904,-9.740458,-0.9317509,-1.5292081,-3.6785004,-3.8686652,-3.9725366,-6.320651,-0.5019277,0.52030736,-0.7323768,-1.3901533,-2.3238084,-2.8075984,1.3338364,3.144859,1.2303953,-5.8579984,-3.5145655,-8.931717,1.8390262,-6.8236165,-1.7721888,1.0347847,-4.6151314,3.9492202,-0.24607113,-0.31807947,2.291826,6.5434356,0.2727934,-1.9928876,5.4592514,0.0,-0.30224097,-0.7078738,0.69172585,-0.032084398,-12.6252775,-0.7837613,-0.105754055,1.2062544,-3.3141747,-4.288171,-8.4031315,-6.3915257,-0.50224656,-6.653369,-4.201595,-2.3528347,-6.681694,-13.68107,-10.09605,-1.9464033,0.11834883,-4.9346976,-7.5788946,-11.988941,-5.3788285,-3.1911607,-9.026439,-6.357744,2.44973,1.644744,-19.423088,-2.973136,-11.188321,-12.673463,-10.126129,2.9322324,-4.5324526,-2.6257634,-6.8292823,-8.964702,-4.837799,-6.380998,-7.3878374,0.62020874,0.24824288,-7.1536617,-5.5652847,-5.9081798,-4.5647054,-5.985408,2.2944014,-8.1598015,0.02302434,-5.835897,-3.650957,-6.455572,-5.2068534,-7.7239137,-4.76068,-11.207308,-4.5378904,-2.8468738,-17.085236,-2.0708485,0.7152279,-5.819989,-0.5947262,-2.37152,-6.3673353,4.4185977,-19.911346,-8.759761,-7.886925,-26.398275,-3.8829336,-2.205746,3.1758416,-5.6029086,-0.76640856,4.257391,0.9234547,-2.7487662,-19.585682,-9.808162,-6.2697277,-12.455694,3.6130257,-12.564699,-0.4281007,-1.8116266
172,-7.56243,-0.7587597,-5.8057227,-10.723607,-7.3155813,-9.541139,-11.449296,-2.7227218,-3.1830888,-1.9602768,-3.1863382,-6.019187,-2.8804193,-2.7946372,3.6273913,-5.906181,-4.5693398,-8.277362,0.39515793,-1.2065102,-12.711361,-4.7080584,-3.2870517,-22.190596,-11.1606655,0.13889171,-4.4173036,-9.48595,4.9455748,3.291879,-1.0975581,1.2255793,-10.533348,1.9615214,6.182108,-6.760543,-4.960713,-10.761921,-4.2360983,-9.72642,-7.688507,-3.219761,-6.8723183,2.4672883,-5.7681847,0.35606906,-1.2594582,1.0521349,0.26572326,2.2139487,-3.7183032,-3.2932618,2.0775068,-2.297099,-2.654421,-2.950321,-4.516503,-9.9777565,-7.613619,-4.02794,-0.97882676,4.673471,-3.6175702,1.8588321,-6.718921,4.3018494,-0.6820114,0.05501644,-1.0662394,1.3426838,-4.894311,-0.54957706,-1.4300177,4.1559606,-4.342566,-2.1477828,0.095124766,-5.919641,-8.947511,-10.068655,-5.038497,-4.4146166,0.98723894,5.867934,4.919978,1.7180067,0.23270166,-2.1817782,-0.51896423,0.029724404,-0.2668911,0.54447573,0.20163919,-3.01939,2.7593043,-0.041617494,1.7186722,0.87674683,-7.8268743,-11.386271,-17.053837,-5.5760665,-17.30433,-15.010783,-16.07085,-4.262739,-8.8179655,-10.404775,-9.42597,-9.852245,6.250302,3.013479,-2.8338776,-12.195464,-3.2229793,-3.1830204,1.5813926,-6.5657067,-12.537509,-9.869315,-10.9650135,2.93559,2.1629498,-9.498513,-3.1159503,-3.8086953,-10.152781,-4.08113,-3.4366357,-1.1089362,-0.27289227,2.5000017,0.12636992,1.502283,-2.4316528,2.1642456,-0.44790205,-7.2732444,-4.408849,-5.864012,-8.127754,-2.3302214,-2.5375102,-0.9457087,-0.39132854,-5.365776,-5.290504,-5.99121,-1.6674405,-5.6217923,3.061318,-1.2342178,3.2298408,3.14205,7.8684897,-0.13339193,-6.549362,-10.424187,-2.8049808,-6.8172193,-2.6561046,-6.4939623,-7.2939215,2.5813987,-5.2584968,6.2495327,-11.520596,-10.090239,3.6005452,1.24297,-1.9330238,0.09261955,-13.97788,-2.955366,-16.346512,4.8352566,0.90144753,6.271779,-2.1197903,-1.4097394,-10.435619,-8.207334,-9.236418,-9.577686,-8.126995,-7.9670305,-5.018572,0.22985378,-2.1454818,-7.1644554,-8.439394,-4.360292,-6.214756,-13.561847,2.9515996,-11.941023,-1.7174413,-5.4725037,-4.48935,-3.473961,-5.295558,-12.740587,-6.4400334,-4.123389,-0.67256176,-2.4089222,-4.293579,-5.7081375,0.82660055,1.1341937,-2.2184482,-6.49655,-15.954454,-14.067782,1.7376227,-0.95797294,-4.7110434,-4.532763,-3.0240731,-6.1201615,-9.668225,-2.0712476,-6.8285837,0.44919077,-8.821246,0.29835173,-3.895436,-5.254857,-1.1711508,-3.8278863,-1.1662629,-3.684144,-6.076832,-1.7825307,-1.738303,-7.38961,-6.7448363,-6.8813725,-8.498682,-2.5699005,-13.088938,-3.582222,-6.4527946,-14.797836,-8.196933,9.6135235,-1.813272,-4.172139,-8.101808,-4.2313695,-1.2131914,-3.7947264,-0.22498135,-1.3216575,-2.330112,-1.5604903,0.80202705,-3.5901766,-1.1256016,-6.2011275,-6.8748193,0.3833587,2.5123522,-2.6584857,0.039186962,1.4273404,-0.6016562,-0.45404854,-0.49199936,0.0,-0.6201976,1.1824024,0.40418264,1.3981167,-7.771861,-6.163373,-6.189391,-0.16542737,-8.148324,-6.023945,-2.4562905,-0.06815794,-8.410412,-2.3959484,-4.046591,-0.49344072,-4.9695206,-7.2426844,-2.3701737,-0.10154805,2.0611598,-1.1630138,-14.405066,-3.9745545,1.5551199,0.40313166,-2.5872922,5.96583,-9.51899,3.0320725,-7.241064,4.5277905,-4.3958297,-8.955374,-4.8312216,2.5536504,-8.343373,-4.363278,-4.186124,-10.256108,0.47437727,-9.833423,-8.709094,-2.6101859,1.5516565,-2.8434098,-7.564784,-9.625398,-7.9711304,-9.921935,-5.4172945,-9.260764,-6.3089867,-4.1002097,0.29548806,-6.1486306,-6.0271177,-4.3509636,-7.698911,-6.0251284,-2.700388,-0.15719691,-10.4987545,3.823917,1.9778118,-2.5085487,-4.589679,0.9524829,-8.955924,-8.036984,-7.3743463,-12.220057,-9.037725,-2.990551,6.300429,-0.36617008,2.2930894,-4.8382564,-1.7284716,4.2704487,6.5453334,1.2011769,-14.331157,-7.4660864,-5.3182526,-0.1615931,2.1472898,-16.884205,-3.6203606,-3.6548018
173,5.2085824,-2.0049791,0.47180024,-0.10765901,-0.70131224,-0.9692875,-2.970085,0.992885,1.4254973,-2.1438391,4.9355845,-0.7001408,3.110448,1.1527128,9.506618,-2.9172847,-0.6510368,-3.0026238,-0.34565732,3.198493,-0.14371991,-5.260691,0.56162417,-12.820211,-10.317662,-3.052541,3.186132,-3.995456,7.3186536,2.9206808,7.9771423,3.4968784,-2.157894,-0.32527354,6.554723,-1.1292322,-3.417768,-0.9243306,-1.5846791,-1.0062014,-1.2118164,-1.9388763,-3.8516998,0.30047083,-4.606239,0.63983124,-3.031231,-1.4620157,-0.9908362,-2.075109,-2.0200171,-0.48275885,0.78450716,-1.547046,-1.4508322,-0.5447283,-3.8290508,1.7044381,-2.6793137,-0.7627794,-8.687138,-1.8831161,-1.6581153,0.55353194,-13.495274,-2.1388059,-2.4434109,-2.2151577,-3.6912124,-2.7091525,-4.0279346,-8.398701,-4.042784,-1.6352358,-8.357426,-3.4835303,-0.7881465,-4.4277186,-0.43687847,5.2794623,-2.8193095,-9.943367,2.6552563,-3.2354836,-6.0408707,1.0166727,-6.1730733,-1.8012457,-1.2824628,-0.115970045,0.19134896,-1.2063367,-1.0055647,-3.872696,5.9364753,2.6608944,0.74684525,-1.4039594,-6.108818,-7.6699224,-17.635405,-13.561778,-10.501824,-15.415436,-14.903728,-2.2170353,-5.132247,-14.353315,-4.183393,0.51150924,-7.873248,-1.5722531,-8.205644,-10.192052,-8.1357,-2.8454814,3.1590154,-6.1773934,7.0588174,10.506758,2.829405,-2.5631855,0.6098665,0.07271189,0.12893417,6.0021772,-10.200806,0.06304478,0.39673683,2.5691638,-0.866393,-0.76610374,-0.75022477,-1.734354,0.032325678,0.77034163,3.3770251,-0.8637998,1.8249506,-2.445732,3.0063746,9.744272,-0.5291779,-3.3986945,-2.2622435,-6.161093,-4.086545,-2.401318,1.7641488,-5.1026177,0.16763029,-2.9975493,3.7803667,14.544074,4.7944984,0.750985,5.932406,-2.54386,-3.1903226,6.8643646,5.141168,7.9630623,-2.4822474,1.5763092,-7.948488,1.1705302,-4.14834,-9.332329,-5.118813,-4.7206845,-4.573813,-0.0633303,-0.08200787,1.615469,-6.328857,0.28027704,0.85090715,-5.1121855,2.2595692,-1.4538666,-0.39285144,-4.618117,-4.4824786,-0.6799944,-1.1897261,0.53016925,-5.8077016,-1.0564314,1.0308317,-2.787518,-8.2857685,-5.4157195,-1.1155416,2.6413515,1.39792,-2.7328997,-0.50943357,-4.8082185,0.8624981,-0.91218996,-3.954219,-7.6805468,1.0049757,-7.507824,1.5489855,-5.366606,1.9926417,-1.8518704,4.9233394,2.9281404,11.802833,-0.35123238,-8.84061,-0.9076206,0.7317237,-5.2958245,0.7073229,7.3272324,-2.2979827,-1.9463611,-7.306302,-4.273049,-4.6512227,-2.9338312,-3.0835204,-0.2940632,-0.05632381,-1.4482253,0.16841954,0.6677104,-2.5422716,0.16111445,-0.9763279,-2.7733104,1.4182734,-4.147893,-4.8109818,-1.350054,-2.262072,-6.6916976,-9.237173,-7.075809,-8.193566,-16.23924,-7.440789,-4.0717683,-5.8529778,-1.1537371,-13.329083,-5.4305363,-5.841203,-9.330577,-4.7952404,-5.7822766,-2.1093912,-12.515163,-0.324267,-7.0663333,-0.29470035,-7.384537,-5.2621307,-5.3301516,-2.5589125,-1.3546848,-10.015453,-6.0272565,-4.2650886,0.60538477,-3.8435688,0.0,0.058696225,-2.5216305,-0.8302141,-5.0080485,-0.17060272,-3.9212146,-3.1878674,-7.5381136,-7.311125,-1.6783139,1.4452447,-0.88315094,-6.962643,-4.4273424,-0.8921667,-1.1362317,-5.146417,-13.438244,-5.0542583,-5.610418,-6.1357646,-3.904091,-13.350379,0.15918243,-0.9726541,1.6538281,-1.8677615,-4.4900784,-10.754332,1.6351826,10.758019,1.2420937,-9.08453,-2.2446473,-3.2065315,7.996274,-1.6311646,0.0855301,-0.77847904,-2.9244044,-5.638938,-8.516114,-5.64833,-2.7769167,-1.996378,-6.2003136,-3.6073747,-2.2239258,-0.17768157,-2.1019819,-1.6667058,1.637234,-3.351726,-7.4071717,-1.7942135,-1.9195359,3.104957,-1.3135386,-5.439022,-3.062582,-2.0196385,0.9393002,-2.2256238,-0.93907857,3.2559218,0.33859673,-4.496689,4.388656,-2.3512847,0.123814456,1.6695814,2.596177,-1.991102,-9.360162,-0.43919984,-8.115065,-2.0680869,0.24379419,-7.467463,-2.6770427,0.6261058,-1.8880453,-5.7683125,-14.437155,-2.570407,-2.7214408,-3.1574335,3.035811,-4.1775723,-3.222261
174,4.916048,-10.552775,-4.604251,-2.21309,-5.046403,-1.8864429,-4.9368434,-2.1672232,-3.209133,-4.500351,1.054304,1.4998915,-1.9487288,4.541393,7.5035324,-2.5385098,-1.5872908,-4.712693,6.065517,-1.1188911,-5.2411394,0.500386,-1.0099068,-5.4790664,-5.016266,0.4781999,4.2342634,-3.2175107,1.9741116,11.832725,15.899428,3.8072805,-3.8797314,-5.5339622,4.1531224,-0.8309124,-6.544799,-5.059582,-0.8457468,-4.0868745,-1.4623342,-0.33583757,-2.4239018,3.0348697,-1.2264646,-2.4882567,-1.4137778,-1.1353762,-0.4706673,2.50989,-0.6550388,0.2681303,0.49422938,-5.476961,-2.2031212,-0.60487264,1.880819,6.980095,-2.6061585,-3.3489454,0.021422597,4.5582266,0.9223509,0.101241596,10.960323,-2.1773407,0.44002384,0.84371483,2.0863008,3.064646,0.1395556,3.8152997,0.39740217,1.1369733,-4.9713364,1.3170923,0.16462325,3.0769153,4.41677,3.9880795,0.7317276,-2.7203853,8.254727,0.33330423,0.94496924,6.6879373,4.7694798,-1.6278273,3.0414667,0.039131224,-0.45545742,-2.190377,-1.4784279,1.0167061,-1.5014571,-0.16863984,3.4558814,2.1133614,1.8229816,-6.5726156,-9.980786,4.82678,-2.7942889,-5.2465067,2.0313895,3.7327046,0.2410912,-4.993165,-0.643932,5.517741,-6.202786,3.467015,0.07118029,-2.222188,-2.6632571,0.7790795,-3.809575,-1.2726256,7.2773275,-1.3221034,2.144025,1.6179638,1.9120419,-2.142181,2.9838853,4.073664,6.58698,2.2934995,-1.1002378,1.4618948,-0.2671383,1.1695971,1.5474591,4.3756704,-2.2307892,1.6769578,1.6076642,-7.078607,-1.5861353,0.12748799,2.9236479,9.652245,2.1410224,-7.6898055,-1.120509,0.047979437,0.25235406,0.5209173,4.45455,7.413244,8.391313,0.30158907,8.6319065,-5.3193183,6.662796,-3.0873086,-5.756423,-1.7131271,-1.7968817,4.1558733,12.123465,4.167466,-2.5723133,-6.5553284,4.2758327,2.9271173,-4.100926,-4.2277217,-0.926496,-0.22051424,-0.21597813,0.20652062,4.259714,-2.03011,-4.7418075,3.3080306,1.9901273,3.8921168,1.875973,3.480042,-0.5879632,-0.31951958,-7.228013,5.027237,-1.0099628,-0.62436426,-10.56827,0.19970447,-0.45709231,-5.3626695,-10.9838705,-8.21183,1.999328,1.1947143,0.87666065,-1.5729847,-2.5096736,-2.4521196,1.8397218,0.70425534,4.0884166,2.249002,-4.0961165,-5.0896845,-3.2096102,-4.835885,4.84002,-1.4581355,5.2065907,7.144058,13.280122,-3.0393956,7.0342326,-2.869133,4.3255816,2.4066226,-1.2378547,-4.1008043,-1.1794952,-5.5660477,-2.0122373,0.435964,-4.5345273,1.2173407,0.094660126,-0.21242514,-0.90941143,-4.353807,-3.1322267,-3.4839537,-3.7024066,-3.5879312,0.17888533,-3.8540711,-0.36859158,-0.39306113,-6.2717075,2.2946796,-3.5007167,-6.211321,-5.213825,-5.4584227,-6.512603,-4.698561,4.909549,-11.00294,-0.6921846,-3.1855035,-8.21791,-4.2884345,-4.3595886,-3.945359,-3.6866407,-4.688348,-2.7155426,-5.4260607,0.5556987,-5.9658585,-4.0764546,-13.365155,-0.08864211,-4.8466926,-5.7307596,0.08359313,-2.251602,-2.0256243,-1.8853921,-2.0953686,0.8048532,0.0,-0.02749773,-5.9177585,-1.3377885,-2.9972878,-13.24989,-10.286202,-3.3886375,-8.162995,-3.5057008,1.5287931,-1.412601,-4.5268774,-3.96477,-6.161556,-0.06269179,3.5355937,-1.6248615,-11.467388,-0.9799899,2.0026941,-11.069796,-3.741717,-13.83022,8.195329,-2.0398848,-4.962009,-5.644199,-1.1990585,-6.8397236,5.9848084,-2.0816412,-3.037468,-16.905188,1.6018075,-0.46327725,0.5892556,-3.6866345,-1.1472665,2.4258633,-5.2080708,-3.4736896,-1.7788379,-3.3583248,0.88511723,0.96600264,-7.884782,0.041918334,-2.7513614,-5.1829815,6.8380127,0.80060244,2.4808662,-0.5396397,-9.6413355,-1.3584338,0.22006485,5.7537436,1.0587226,-3.4176915,-1.1047585,2.4554183,-8.040583,7.50504,-5.9664063,1.1830076,-7.2768884,2.0734327,4.801756,0.34726825,-8.354439,10.509757,1.4324265,-6.6682215,2.0452302,4.7446675,1.5959855,3.9424324,5.3963747,-5.608202,1.8389401,-1.0449512,-0.8480531,0.07287668,0.56618613,1.6539106,-0.6670485,-4.0974846,4.968569,-4.7858276,0.43028948
175,-2.8418653,-22.416206,-11.399939,-4.6045675,-6.0033937,-2.2261505,-6.345874,-3.9969277,-4.318837,-1.7133647,5.2829,5.2864523,-4.068975,17.22155,4.926676,-3.4475315,-1.6027985,2.4247062,3.4996183,-4.7027426,-0.73547226,-6.242876,-8.231535,-7.548087,-3.5409956,2.6924818,9.942791,6.5081153,4.517967,15.6267805,24.611238,-0.2658309,17.601496,-2.163466,8.179708,-1.2930394,1.8093064,3.2133193,-3.5750656,-5.495872,-2.5898952,-6.4745836,-1.5887069,5.3584104,5.559702,-0.9811558,1.0048335,1.3561212,2.205399,7.997834,-0.95677966,1.0687168,-0.5795744,-3.9742105,-3.4411898,0.14572154,4.7191076,8.112186,2.817842,6.5478115,6.3199472,7.0522532,3.4610233,4.9371843,9.917055,2.2352479,3.4143388,5.5276423,3.149438,0.9438235,-0.64442986,8.588047,5.3287544,-0.7836856,-0.7361277,1.9095553,-0.109440535,2.355589,3.8876367,1.8349589,6.6974745,-1.4895186,5.756897,6.246009,3.0671494,8.577354,8.638144,-0.37762833,-0.17243284,0.13897407,-0.24868841,3.2728984,0.28524786,6.1937647,-0.258808,8.579253,6.4399014,1.5584325,-0.24219851,-5.883258,-13.826665,-17.519999,6.0466003,12.639752,-6.4485598,9.522693,4.0224013,-2.6953032,2.140627,4.3470216,-0.21676378,5.236749,-6.8938646,13.384262,-2.201048,4.4623027,0.26000333,7.060271,-1.9352367,-1.3209479,2.4125977,1.9896396,3.497387,5.1807184,6.627339,-1.2739588,12.877628,9.333009,-1.8942573,10.056598,0.586211,2.1029243,3.6351678,3.551177,4.872264,3.3756626,0.62379,-3.5480592,-4.046849,0.62735474,13.296599,-0.9991506,8.019064,0.48742777,7.434422,-0.38327643,-0.14066362,3.4747229,7.256504,5.9047,8.36663,-1.331607,2.249973,-11.7868185,7.2557817,-7.5596943,-10.727426,-0.20935194,-2.6293588,-1.3825098,10.036296,20.59138,0.014883397,-10.232596,2.4331539,2.0821178,0.6758684,-21.185501,-2.6394885,1.1574287,0.03135355,0.039748777,11.92252,-7.0362678,0.31039783,2.8476999,0.15287055,10.080349,5.2698264,9.674901,-5.8197126,3.0531242,-14.172466,2.2594538,-1.5756805,-0.83441377,0.8128752,-2.0643153,-2.7426727,-5.2784214,-1.4154229,-4.301463,-6.715538,5.754476,6.853018,-5.8373885,-0.1712635,-0.05759061,-7.969116,-2.5458026,3.7131002,5.4086943,-4.4929037,-5.4155746,-3.0555563,-3.4044576,6.7230053,3.4948804,5.4054527,9.178708,6.5167303,-1.2661211,7.5815606,4.019347,6.793671,-6.074575,-1.3460518,7.2382717,1.1174008,-2.8295043,3.25527,0.2549873,-1.4603348,-7.146709,-0.67451626,-0.7232685,2.8795462,-2.2503922,-3.197001,3.987267,-0.5940207,-2.8331945,-5.9334435,-1.4844358,1.6166214,1.1584146,-2.0088153,10.64113,-3.5114946,-2.1620576,-3.2105255,0.7436081,-6.778887,3.2597053,0.93119884,-2.5334423,2.3217351,-0.55849373,-5.792378,-0.62664723,0.53266597,0.045156665,0.29969898,1.3191843,0.81721836,-5.718245,0.12790209,-3.2362554,1.8711592,-2.8089511,-1.823071,-2.1016815,-7.1525393,-0.7705188,-3.6214902,-0.61238813,-1.0895935,1.7718897,-0.4837591,0.0,0.124888204,1.704767,-0.078220956,1.3707575,4.27489,-2.9184284,-2.996513,-3.923776,-0.565983,1.5275555,-0.4626166,-5.9497685,-23.563261,-16.13649,0.19573861,5.6646934,4.5545554,-19.334703,-4.093375,5.0985456,-3.5862827,-5.582974,-9.001696,8.235927,0.24773434,0.40438464,3.9692736,6.0734386,-0.99635655,1.31362,-4.5762157,5.277482,-3.2768326,8.296302,1.333369,-13.186056,3.1227531,1.7270951,-4.5727944,-4.348174,1.2581482,3.550903,-2.4786515,1.0250754,4.663319,2.4634738,1.2165186,1.3646337,-5.18536,0.90956557,4.13836,1.6505191,-1.6239482,3.2113116,7.3117566,-3.1917217,2.388086,3.528204,0.98544824,3.3093767,3.6672971,-6.434411,2.6091015,-1.0527328,-6.931366,-0.92064583,-2.063559,3.7477365,-0.302124,-4.927134,13.10456,11.125365,-1.0576186,0.39369303,-2.476701,4.511575,2.5827541,7.0538025,-16.258747,-1.0338036,-4.2304163,1.1702936,4.4777303,1.0411911,4.4423947,6.6764235,-2.6667252,7.3957744,-1.3433938,-1.3726047
176,-0.6817219,-8.708481,-5.7183905,-0.5353846,-0.35490388,-1.3812326,-6.06125,-3.5800827,-3.6925588,0.39653292,0.7660117,4.4259624,-1.6291106,28.115011,9.150325,2.7589307,2.63932,9.091395,3.103733,-0.33414128,-5.7894893,-1.8894862,-3.0296147,-4.668344,-3.8759227,-3.951489,11.539291,2.7785199,11.2639,14.225186,19.88571,-2.2493517,16.962614,13.894989,14.738107,-3.867914,-0.4409021,5.552451,-1.3144709,-0.044219643,-4.534297,-1.0736836,-3.430317,2.3216562,7.539365,4.6668916,-0.88613945,0.21809435,1.8792746,3.0919642,0.064706326,2.2398024,-1.7963105,-0.0448886,-2.4884672,-0.7412369,0.092885114,-1.1310277,-2.593752,4.813071,4.71917,-2.0856998,-1.0470613,4.370888,1.2839719,-1.6445408,0.30307335,3.4242513,4.1331453,-0.8551357,-4.7602777,6.2100754,2.312582,-1.7212255,-1.3402078,-4.0619173,0.07239417,-0.08799877,6.5731125,1.6627926,-3.225837,-3.3472285,-1.7123715,1.6406178,-0.23101847,8.757826,3.021659,1.127822,-1.0052888,0.03801577,0.24690205,-4.238079,2.7556891,2.4250126,7.142163,0.7366719,5.8182154,4.2590322,-2.6955316,-4.858007,-7.8204217,-9.257391,15.10495,-0.2513765,0.82764983,-0.5805907,3.965593,-4.5735335,4.1173234,9.225245,-0.8157158,4.628215,5.2676606,4.1099515,-2.710815,-0.040854063,5.4600987,-2.9022691,13.174124,6.618395,-0.22463316,4.265614,0.6967157,-3.3557005,6.1777,-0.6788815,-12.366121,15.514805,3.1739395,7.391581,0.99021995,5.272089,5.591543,5.566837,2.5386565,5.9780383,5.625671,5.831966,-0.45505267,6.4099727,4.936534,5.143184,7.376689,-0.34593186,6.3076286,1.1344638,0.83409363,2.203556,4.9645863,15.812321,7.639482,1.3801869,-6.8135896,2.3307102,-3.997824,2.8287795,12.467867,-1.504329,-0.5588676,-6.3392196,18.469637,16.894218,5.8384194,-5.5806384,-1.7765303,4.3016176,-4.4151516,-7.0333447,-3.6178777,-1.0471525,0.4778719,0.1420199,18.51993,-9.531615,1.3507309,5.4743123,4.3872705,10.002712,4.535728,6.1547213,-4.594841,0.59315926,-5.2284555,-1.61503,-1.271468,-1.3205001,9.014452,-2.778955,-2.2268977,2.3591368,-2.7179863,1.1300385,-3.5638993,7.5845776,6.5890026,-2.4785767,7.7867036,4.3947563,-2.8841434,-2.4910605,-4.8050513,-6.2927136,3.6485033,-0.47201633,-3.6266248,-5.603554,6.188266,-0.10661916,13.167467,8.516847,12.902499,1.7478402,13.272522,7.9833794,2.9771154,1.6068591,-0.34901872,3.5668714,-1.9832633,-2.7931583,1.0606194,-2.4511092,3.3319993,-1.0343535,3.1756563,2.644788,1.8544489,0.5061745,3.61192,9.149634,0.39489165,4.1779637,-2.1343014,-1.1300699,3.442506,0.03549006,-2.64207,-1.0113369,0.43615544,1.8153439,4.2638593,-0.19743855,-6.908969,-4.412747,1.8251023,2.5038078,-0.72079545,0.9790866,-7.3936243,-1.5320561,-2.8495426,-5.4824443,-2.6296058,-7.1550865,-5.2753587,-3.9777772,-2.2525315,2.0111616,2.009632,6.036803,-7.588792,-0.6822739,-2.0823758,-2.416092,-3.052836,-5.8603096,-1.9207531,-1.267779,-4.025037,0.0,0.2714978,0.9297771,0.08939734,2.8332138,5.0240183,5.007087,3.4592636,2.0182707,-4.004606,-2.8104715,-2.7760744,-2.8149393,-1.3919629,1.265237,-3.7299533,0.67341596,3.629738,-0.8434855,-0.51272136,1.1168901,-3.1865444,5.4728518,7.28889,-0.785665,0.5785057,1.7592989,2.9619167,0.069778636,5.8595424,-1.0713565,-4.8650756,1.415992,3.738402,-2.99738,1.2885331,24.385908,1.3735819,0.94819033,-1.7216778,7.8575172,-0.012072063,0.6889422,3.0445204,1.2814486,2.5251446,8.589209,3.8520083,2.4829035,-0.58541083,5.4495955,5.0570874,2.1007824,6.1948,6.7826157,7.5590634,-0.7776136,-2.5420685,2.8352804,6.0357656,7.6940875,9.808744,0.21628939,6.888184,3.9260786,1.5914313,3.293394,4.1553726,-3.4930193,0.16725081,3.5309741,13.8662815,1.5013264,-1.5471758,2.8276386,15.152784,7.917889,0.65899783,-0.749697,-3.3760066,-1.0277377,-8.891288,2.5377715,-0.9107233,-1.8554304,-2.9395766,5.7909155,-2.9333613,10.091317,-3.0269828,-1.384624
177,2.5825198,4.199979,6.2256393,4.849112,2.0509064,2.0996847,13.274698,0.8599829,0.15409756,2.3684504,12.826388,6.9041514,3.5843804,16.469284,13.428445,14.846877,11.617736,10.1102085,-2.8219924,4.9812446,7.706757,7.543457,5.95146,-4.9494762,-5.2607207,3.4614673,11.314052,0.427956,20.508984,20.441378,21.02027,-1.1438464,17.811054,13.917831,2.3689487,1.5117679,5.4152217,-3.6574152,1.0668318,-2.4163594,5.7942142,-0.26912224,0.042320255,3.8400145,0.78460014,3.0098405,3.550187,10.906247,4.333986,10.40094,2.8842082,3.0829988,5.651707,1.3785425,-0.28060275,5.5285497,-1.0118115,-5.0600834,3.6963243,-1.1470774,12.561187,3.966646,0.1120039,4.216533,7.014898,-7.189879,0.16333622,6.8024144,6.9650636,2.0096068,-3.0407054,9.031033,3.422746,0.4529981,0.4867508,-4.6487007,0.028901543,0.94071716,2.19273,12.346063,-3.0160203,-0.13929865,3.2218363,3.3644,1.7811414,7.7231793,4.0178523,0.75196034,2.0274591,-0.09228224,-0.23601843,-1.8903083,-2.0287232,0.043551624,3.786081,0.67796224,7.1717525,1.0709646,-5.657351,-3.9928246,-3.0214183,-11.572986,-11.352144,2.4933069,-0.279371,-5.123242,7.592502,-6.2951026,-6.63336,15.900704,-2.509771,0.8331279,-7.4724364,-9.030134,-1.1342226,4.85574,4.5852075,-0.85729146,11.610223,8.219048,-9.689524,-0.25543192,1.5974118,-0.042240538,14.991453,8.357417,10.107321,8.460387,0.19201536,8.17295,0.21606636,-1.8717223,5.1228695,0.4095926,-1.7586387,4.0664773,6.909001,3.8774223,0.7600209,4.427384,13.377149,10.295455,8.513447,2.0302112,8.584189,8.522815,4.769082,2.4701922,6.0281672,19.671947,9.116766,6.4492283,8.344374,3.8871238,9.490622,-3.188744,-0.38380387,8.523385,0.19538735,5.328791,21.897312,27.010374,7.246353,-8.740961,1.198705,4.9183245,-1.8954657,-5.54716,-0.33803216,0.60678464,0.8815031,-0.072763704,7.370716,5.9411755,-1.070238,1.3400881,2.558733,0.61854285,1.0822049,9.436813,1.9703983,9.100696,4.8973517,5.0868692,4.4035563,5.4575925,2.1977181,1.399335,2.1931264,0.34922323,3.9761286,-0.6118892,3.1224272,19.277554,13.400129,4.7853785,3.4525237,3.6433692,10.912309,5.4524903,2.892947,5.12576,1.6958528,5.3847613,0.4135635,-4.0625286,8.197247,-0.047720768,16.079628,25.77994,16.821646,-4.335471,19.31579,13.52953,11.222325,1.6145388,12.696218,-2.4144495,0.7083746,6.534537,-1.1363251,-0.28679347,1.2290779,0.6657083,-0.9427236,-1.6410187,4.76239,3.529291,3.418845,2.8160133,2.063629,5.5266843,4.605556,3.7129006,1.872216,3.126757,2.5811477,-5.6814175,0.73202455,-0.56887144,10.771405,4.8116465,1.3521472,3.5398831,5.252983,-3.1946132,1.9613056,2.3561814,3.2140458,-0.35993344,-3.2995195,-0.63110346,1.1781679,-6.0930824,-3.5767758,-1.5084698,-0.65753144,-0.86880696,-0.17826912,0.46441042,-2.407493,1.7226416,-3.4598715,-1.3044851,2.6873395,1.8245578,0.40371412,-0.92405146,-1.8222036,0.0,-0.094718225,2.455909,-0.63215005,4.184726,3.0817332,4.352791,1.6375753,1.8330952,0.9708217,-1.0343403,2.6946995,7.766462,-1.317992,9.396202,-0.5750673,-1.2648628,-4.439003,-0.7922905,-1.4033779,15.679525,-5.1049953,1.3058846,1.9588659,-1.836733,-3.7172713,4.2161527,-2.4128916,-4.9513774,-0.37578002,7.16366,0.1891154,-3.106279,-0.78163064,-6.476404,-4.1229324,6.742423,9.440868,1.3506184,-0.9634624,-1.879144,-1.3806889,6.966308,4.890455,3.6854994,0.5535852,-2.5229173,3.3740435,5.174443,-1.366074,1.7586782,9.03554,6.3165445,9.066683,7.4509864,10.871747,5.599447,6.645065,2.3627708,8.988833,7.2024055,11.003331,-2.5214,0.036843278,4.4084306,3.9047575,2.7229817,1.6090765,1.0766599,5.055235,3.8110187,15.985046,12.816719,9.61829,3.0846095,3.3025978,6.7709084,5.442229,-1.6235749,-8.236858,3.5712252,-3.7457275,-0.24830332,-3.0327635,-2.4178667,-1.1847256,-0.9933524,1.1872205,3.3432033,0.54904073,11.668851
178,4.1084194,-4.574089,1.8194062,3.9771733,4.1648645,8.994975,3.5516696,6.561895,2.696365,3.4082508,10.869382,6.3649106,1.6529595,30.307716,1.755031,12.544888,9.521947,8.410685,-2.5323265,3.7745645,4.788349,14.369576,0.5246695,13.998427,1.0798212,5.941834,9.813182,8.845302,5.417386,19.18746,17.234674,-1.7681562,27.759037,6.743898,8.178121,1.0151799,-1.796278,7.27534,2.6390734,-0.1902445,-2.3371747,1.2546409,4.301991,6.0334544,2.9369714,-3.4269476,4.4742174,0.007534562,-2.168092,7.6491327,2.8788004,7.8092413,7.1212053,4.0332785,2.4685404,5.536174,6.514222,10.602345,2.8439322,8.381401,17.245958,8.465343,4.7981725,9.338352,24.55899,3.1754313,5.189441,9.04993,9.967911,4.582647,4.781368,22.63997,5.952837,12.225424,6.67912,-0.7260415,0.72061765,7.9628973,1.0345033,16.785423,3.6569715,11.085231,3.4359295,5.822717,15.7621975,7.788366,10.376695,0.27264184,3.2848046,0.07767338,-0.25404313,1.2297477,2.859559,14.142622,9.6764765,8.155059,10.278639,7.303542,9.508919,5.864287,6.1316996,5.3501124,-2.5484953,17.000097,9.064695,2.7468302,5.6574087,-2.5732028,1.0806379,23.906115,2.9449043,3.6486013,0.9311099,5.9186883,10.422907,7.289453,2.6929386,16.64743,9.994218,2.4892323,11.999946,8.072283,6.654236,8.749588,9.4475155,8.853363,-2.9753506,14.942989,5.2576227,16.388426,1.9502838,5.6373496,10.883084,4.8517976,7.9219904,7.2157297,13.211899,7.1185484,6.2279754,3.2534838,4.1613927,1.7358801,8.523318,1.109296,5.9376206,6.639046,6.832997,3.394214,6.2975163,21.586758,10.836527,0.8649194,2.9959724,3.7226868,-4.192896,4.441228,-7.5106854,0.34322742,4.136857,-12.761034,10.959698,14.077504,1.6798482,2.2423675,12.61274,7.403862,3.5038881,-0.4489326,3.4122164,10.859632,6.327383,0.2876432,2.6671033,14.688891,3.3728323,26.124338,4.285447,0.47000992,2.7289832,12.095407,0.5944649,3.935873,3.6448877,3.810054,4.6451993,2.366967,3.4741042,4.059672,4.912229,2.845148,3.0244405,3.1102982,-0.96301657,33.598385,8.431458,-1.2345705,2.7854815,8.645456,-0.15263021,5.208149,9.494555,14.283349,1.7085991,8.350398,0.3413616,3.7281394,5.7625346,4.260039,3.387442,14.858625,5.603788,7.5042586,17.575079,18.206064,15.006087,4.257934,6.1821485,0.7265635,2.5578377,5.428244,5.560745,5.366052,2.735984,0.24587871,-0.48832116,0.23915617,4.5682626,1.35432,2.5425012,9.651614,3.6327534,5.3959255,5.013877,1.4882344,5.70416,1.8336673,6.612379,-0.15304261,1.2618955,1.5930755,21.8834,11.535662,5.554745,14.208317,7.9100504,11.377246,4.8171554,6.0623846,11.692376,4.3681164,3.9481838,9.263295,1.5011516,2.9468896,-0.8784494,-0.27032796,1.6429654,3.6052547,5.260596,-0.7938753,1.6191764,4.497668,-4.3580184,2.9854577,10.219603,6.585088,6.654877,1.3939977,5.5922894,0.0,0.46829265,1.2599245,3.8542583,7.4580774,-5.8615136,4.935955,2.0580652,2.4788337,8.724123,7.665485,7.7666135,10.026273,-0.8954754,2.6761405,5.1928945,6.6862583,2.427857,1.3355289,0.9681927,0.44819602,11.572507,11.675686,8.444173,0.8267619,7.685893,7.096874,-0.88736445,4.4069223,4.630707,6.076221,-2.440768,8.149758,10.224706,8.2971945,2.5332015,5.4399023,8.848114,3.7795424,3.390623,2.87772,5.551962,10.902162,5.2952523,7.519806,10.1249,9.496313,3.3412445,-1.1107438,1.3673506,0.0666041,12.061336,2.8697536,7.958747,5.4868994,6.166419,4.4773035,4.068015,2.9635115,7.559567,9.754348,6.8508186,2.1852753,7.850617,8.810496,11.727688,1.0487626,0.59743327,5.1223316,5.3972487,6.4728317,23.364906,14.426329,3.750819,12.01462,14.13834,5.120074,3.7708466,10.724851,2.1076581,8.05471,3.3740737,4.5773463,5.1659527,6.674714,4.978667,7.369528,9.218365,8.008807,8.241921,15.5385475
179,-0.52615774,5.7678857,-0.4287567,3.8215928,-0.19675204,1.330287,-6.9723763,6.2968936,2.8790283,-0.5321484,2.3621392,1.3547302,7.4939857,6.4506297,-2.0489511,8.093335,-0.07885131,-0.07782915,4.5170274,1.2104619,-0.70029753,3.548912,-0.9556332,-2.274109,-1.3987617,0.59048647,5.8550196,1.2714723,-2.572295,15.397761,13.786458,-2.9953017,19.751156,8.810397,8.284633,-2.0637486,1.4223515,-1.2219993,1.4537802,0.10345658,-1.7052813,-1.7953118,0.359391,2.7393112,-1.9715236,1.1309053,0.81597227,3.5171902,0.44558993,1.0267518,4.1597576,2.9848745,-3.4134064,2.2872689,0.8017403,0.896677,1.1946633,-0.8126605,-3.8216598,-7.9197907,7.1750336,3.9209387,-2.7307062,9.026456,2.5038354,-1.4782864,-1.7426707,3.6567636,7.003206,0.99530786,-2.8252466,10.58309,-1.6162212,3.8297305,-3.3446982,-1.2265742,0.109790966,-1.885745,-4.356147,1.7713282,-4.9592075,1.0663573,-2.4422305,-0.6794683,4.054423,4.177825,5.159818,0.984835,-1.1974685,-0.059538756,0.26743045,0.64636713,0.20398644,2.8821883,5.409748,1.0612845,4.3284974,4.169544,0.9472365,1.0415226,4.2241716,1.2053086,5.371801,6.859342,6.530941,-3.9209938,-3.3216987,-6.932659,0.86175334,7.6223803,-6.8421288,0.18808071,1.0358074,7.6100993,1.9878465,-3.6037478,3.1183095,-2.8072283,22.178291,-8.03504,0.910368,-1.7688655,3.5212362,1.3325615,3.769552,5.9611406,-7.940555,11.477405,-3.2672498,8.136508,0.60043013,1.8467364,4.375705,3.7222965,-2.4427207,2.7041237,0.19004717,1.2061795,0.04820656,-0.47230667,10.321079,7.673197,4.257782,-1.9293082,3.2767777,-1.5576806,1.2804236,-1.5053618,-0.20064583,12.786525,5.43893,3.548926,5.420142,7.459595,-0.094458155,1.8308653,4.646994,-6.3684373,-0.4837283,4.832273,2.7733235,10.288249,-0.7205912,9.77676,4.4308724,1.5026114,-4.899269,-1.5545404,-7.780299,1.3937553,2.5230515,-0.15828274,6.2674704,6.746442,2.5908833,10.173179,1.5054106,2.1923556,-6.536933,1.982295,-2.0115852,1.9776757,-1.6639347,6.15899,-0.7600363,0.8272816,-1.4293834,1.7721117,3.9797442,-0.17507996,-3.9497907,-3.591539,4.3797083,1.8646138,-2.4632237,-1.1558641,-3.1130912,3.6628487,1.0176188,3.8427382,0.60651666,0.6597559,2.779336,0.07692097,-0.02523813,1.4247526,-1.4053463,-0.47542712,-0.9501904,1.7441244,4.084748,1.327892,15.454037,4.234432,7.1081944,0.9138878,-9.406705,5.6499777,4.031713,-3.1971533,-3.9114707,1.8391261,-4.498244,-4.529897,-1.132275,-0.874437,1.8502586,1.1985277,1.8409487,4.269981,0.87459445,0.7487837,5.4669533,0.31375885,1.2886667,0.6354183,6.796333,-2.6793122,-0.23512706,-6.577,20.312086,5.9989586,0.7406037,-1.3413391,3.6331182,-0.83518475,2.5878856,1.2857611,7.6174035,8.228484,-0.13121033,1.0638895,-2.3026366,4.7845697,-2.2074876,-4.733385,-0.2529879,-0.7673716,-6.500883,-8.496134,-4.79037,-2.8977592,-8.728358,-1.6517582,1.9034834,1.3882728,5.272198,-0.3869587,-0.36731064,0.0,-0.3115717,-0.035548475,-0.33982876,1.6340755,-1.0697072,-2.4389725,-1.4659238,2.7428637,1.6648834,6.8243694,6.108762,5.569704,8.498342,-5.2488933,3.8996515,1.4957364,12.015294,-4.835895,-8.862756,-2.498518,-6.7434287,8.152493,-3.398368,1.2288805,15.416581,4.749813,-1.8835691,-3.9649084,12.999788,-0.21696967,4.634652,3.7109463,4.6316733,4.5913177,4.4548264,3.3082201,0.7918314,-4.814126,4.1096816,2.6204302,0.8683706,5.9572577,3.0255616,2.514767,-2.4842196,0.8606573,0.59797484,-0.68725544,-3.8989902,1.1991743,3.8390684,1.0582225,1.6911663,-7.8488107,-1.2077037,-1.7725528,3.761494,-0.16950734,1.145188,5.69333,4.0006757,-1.5638214,8.687912,-3.3751626,4.1390457,2.0808046,-7.7645698,2.3474214,0.22968735,5.269467,12.228592,-4.579666,0.8831321,11.021025,12.498539,-5.290987,-2.3369975,3.9678707,-8.249906,-2.562795,-6.1698246,2.4721706,11.865094,0.21977393,-0.64552635,1.1974674,1.2615228,10.895234,-0.15871243,12.627371
180,10.090107,3.768252,8.4282675,8.63979,8.28417,4.6421413,-1.2857809,13.272494,13.270181,4.0680275,7.2240324,6.99477,2.95312,2.3310068,-6.9928827,-0.7670053,2.7800188,0.737085,5.839801,-0.038435794,1.0199704,7.6067247,0.6617764,-4.0271206,-1.687397,-0.13669673,-0.3879302,-3.8525658,-7.6095476,5.3764753,5.981252,-3.7967434,7.816164,-0.95826817,-0.6765368,4.6049995,0.49486044,0.5317998,5.0251865,0.6020447,4.719909,-0.031819437,-0.4547663,2.7008796,-3.909523,-2.012523,2.1235638,-4.7985415,-2.793791,0.71185505,6.8349113,6.3871627,9.328394,3.1303506,3.4290025,6.430767,6.289221,5.678373,2.5480754,6.2518,8.050567,4.2536707,-2.9865513,-2.3945398,8.260848,3.297184,-1.1079941,2.6649864,7.5796447,3.5238314,-0.57684416,14.916953,-0.9159341,3.3647015,-0.1889096,0.8362224,0.33990568,1.6528752,1.7194283,5.5871243,2.2947013,8.641858,-1.916729,-0.96674716,11.618409,2.1263452,12.904939,3.0768507,3.356442,-0.031337965,-0.383836,4.435218,1.5297046,4.924905,-1.6549026,3.3707602,4.7833657,6.644755,7.056865,-0.14963895,-12.244953,10.617339,2.2492936,1.3342003,-2.869395,0.22562665,-0.97930014,-10.631234,-2.2650511,6.396804,-4.2779965,2.1054668,-2.2730525,6.0591025,-4.448076,3.730114,-2.387087,2.4125454,-1.7048709,-6.5269265,11.273609,-0.7176859,7.155607,7.26001,3.8459527,-5.510867,8.733388,14.531086,10.642455,0.9837276,0.1853461,1.853487,3.213105,3.9220474,1.9664267,-3.449201,3.523533,0.48434433,2.456018,0.68926954,1.0452038,1.64563,-1.9621934,-5.926669,-0.32353514,0.6716561,3.5674462,2.3290884,0.4949752,8.158196,6.0740547,1.068054,7.924191,-0.55228657,-3.0546112,-6.041808,3.857162,7.3813767,2.3373487,7.504783,5.155083,2.3943827,-4.159428,-5.334361,12.571164,5.869883,-4.487263,-5.5842032,0.7750132,4.056022,4.532309,0.007846562,-2.1317625,12.7635355,-1.6395925,10.021327,1.7635844,3.7739775,-0.12141137,5.4582076,7.1930957,-3.1148388,0.68212026,8.629955,7.0791073,7.813171,-3.241912,4.5548472,9.467372,2.5487697,-2.757247,2.632264,3.3225477,14.454518,-8.546239,3.3579066,-6.478663,2.8852186,6.1459217,1.7637894,2.7094898,9.166609,0.24978283,-6.829351,-0.06758965,0.47905484,-3.3184268,-2.8332675,-1.7221304,1.4302984,3.6400878,-0.21248211,10.101106,4.9069424,4.068751,4.9249268,-1.3668373,2.9371288,8.219171,10.090055,7.446949,5.247266,-1.1902817,3.5162091,-2.4302118,0.6652201,2.0585744,5.2597623,3.818478,-7.639537,4.5850186,0.50372463,9.913454,2.3797843,4.313303,4.5267696,5.510393,-0.33183977,-0.28090972,-3.5907733,3.425724,7.6220894,-1.4733621,5.9411054,9.01894,4.248537,-1.4251462,2.16342,10.395374,2.9476914,-0.9385783,3.2702792,-1.3762125,-2.997802,0.40529525,4.5066504,0.9815763,-1.7640897,-0.4553925,-1.38563,0.24507397,-3.0424073,-6.2849627,0.1552774,3.8146412,1.6007147,3.6332002,0.6743695,1.6255522,0.0,0.49415785,3.028598,-0.14511308,2.1349554,5.5012674,-3.7054827,2.2677329,0.13406508,-1.00447,1.3750012,-0.01097267,7.7694283,3.4094229,2.6011977,6.3396573,-3.4885268,0.6480141,-4.42618,0.05326948,4.8187943,4.224197,2.0872834,-5.335002,3.813895,-1.5305158,2.226497,0.0642165,6.973988,-2.2122798,10.906446,25.718777,-0.9543096,11.912185,-6.613612,-0.34092373,-2.979571,4.2711015,2.6790595,2.9721143,-1.9326656,2.785808,4.178981,1.6268774,5.5757217,3.3208914,1.8459741,-2.2065077,0.0090814205,-0.9114096,-2.6336448,2.4005642,-2.4979434,-0.3955358,-12.413854,-4.320281,-0.2311548,3.053092,-1.227784,0.7757297,3.1757333,3.4607897,2.2225058,8.398765,10.484436,9.576942,5.3173194,-1.5552686,1.6900014,3.2066267,14.701824,6.567553,0.14406383,6.5371785,-0.57582957,3.2290814,6.282004,-2.0256643,2.907032,2.1619873,-0.2105292,4.371297,2.816252,3.919898,-4.660008,-3.9402592,2.7147112,3.7073987,13.939432,0.62491673,10.731021
181,15.842111,-6.2831345,9.451809,14.733904,8.6138115,8.974289,-9.268648,12.544287,11.83337,4.6481295,0.056884047,6.707197,8.874044,7.184938,-0.61600375,-2.0941238,1.5876951,5.1725664,-4.3715043,3.9713228,5.1481595,2.446834,4.7045026,13.372058,-1.2571431,-0.04151945,2.3220816,7.385432,-7.1054163,4.1123915,10.297271,3.5148242,8.540727,7.585259,3.3614159,11.09448,9.27353,10.534468,4.9949846,10.400802,5.680714,0.49900746,4.5027437,2.7737432,5.226887,-0.8575135,4.7612185,0.62359166,-0.13244048,3.4542837,9.788092,8.9434,3.4631548,3.4255044,8.043051,4.849597,6.2985077,11.388327,1.7520022,5.2761087,9.97683,0.039570633,-1.3123823,5.2637916,3.0382729,6.5196824,2.1786814,3.3290746,2.3308508,-0.9928854,-3.0118885,9.035663,1.6012818,2.3903768,1.9598172,0.18032907,-0.21538793,4.892906,3.3690274,-3.3254235,1.8012044,1.0479419,-8.857037,-0.76020825,3.76229,-0.089488365,0.8884119,1.7370468,-1.7383946,0.05825853,-0.31977662,8.891839,3.345863,8.624766,5.821535,4.0476975,2.8729389,5.7604694,7.9171333,11.895943,3.1395555,12.128337,10.861902,9.243046,4.9896526,0.7634976,2.850359,0.12347638,2.9222667,5.228796,0.7408376,1.9043847,-6.2513537,2.3191342,6.305633,5.603749,2.0799973,19.934258,9.204383,11.002367,31.64466,4.8729177,6.7092357,8.995115,7.1010003,1.1847657,-0.5978924,10.13751,4.1261625,7.241691,1.2215209,7.1188107,3.4528615,4.0241284,7.2778387,3.7492325,2.056621,3.9498577,2.5068114,2.145328,2.3841999,12.72293,1.5366198,-0.103171304,1.9951615,-2.6076891,7.0275674,6.9792147,-1.4227024,5.40282,-0.84884936,6.5010734,16.828436,-1.7731527,-1.6057395,4.5311995,-0.49145877,3.3786385,3.6976128,-0.7105411,4.040189,7.244678,7.2316837,-5.2651224,2.887275,2.3322122,-1.5640539,6.5110016,9.561378,-1.3175575,1.0495228,0.13467541,6.748334,13.878074,1.530768,16.647173,0.08306816,5.2191167,0.44655058,3.3019662,14.906397,2.6390717,3.1610377,15.907687,11.147247,9.492583,3.0083659,8.637367,13.729575,3.6869211,-1.209617,-0.6971547,4.138752,7.192422,-6.702558,5.461919,6.3853836,4.89273,-9.042018,4.1770954,3.1916249,10.581548,5.75374,-8.112874,2.7342627,2.3925412,8.437586,-0.7592241,-7.754235,1.7753983,5.238077,6.5931163,11.6671295,7.2046313,9.3245735,12.272151,6.9537687,6.957539,8.576213,15.284432,20.332924,10.711849,3.3000848,0.70197606,8.096673,-0.5488235,4.4031553,5.1024313,4.12652,-0.9810239,6.370211,6.201283,8.187987,4.117025,6.1505837,1.3282862,13.624211,2.6740677,4.110335,2.0843697,7.3776145,5.1278853,1.9173875,9.399634,3.8052328,8.068619,-1.2030971,7.007143,5.0533476,-0.837014,4.7783947,0.56719476,-2.8120203,4.3132963,-1.0340792,8.573044,0.33149832,-0.8096826,0.08518458,-4.6920104,-6.9378586,-6.957607,-8.133673,-1.4421921,0.78957653,-5.564101,-2.0058792,2.6376066,-1.2775916,0.0,0.43665284,1.457618,-0.2929,7.510687,5.339139,-0.110288516,-0.98750985,4.387204,0.38009605,4.3532944,4.689577,5.12551,4.6978903,16.8248,2.3508432,3.4234977,0.6585157,5.144194,5.0253344,8.409731,-5.141272,1.9024893,9.95691,6.347223,0.73007554,7.1398253,-1.0641149,9.070866,7.1226726,6.7521358,35.094334,5.3117557,16.069029,0.21474285,3.97476,-1.0602762,3.9913547,4.2604246,0.82435715,0.95014584,4.5561166,5.7195287,2.65078,1.4758319,9.73603,5.8008146,0.8525525,-1.9279819,3.4932432,3.2065709,-1.0485636,4.6969786,-0.98128444,-1.0896349,0.39617842,0.18580565,3.3024526,3.235961,-2.6035187,1.7993004,1.0743122,4.649446,20.473736,1.3365599,3.8566206,5.0056863,-0.2563504,2.9498613,8.213217,-1.072624,4.5582805,0.6082842,1.138923,4.8383474,6.6172066,2.8126187,-2.5068386,3.311716,-4.498585,-1.077969,-0.660811,5.9939632,7.158009,-4.9892216,-1.1974747,5.59473,2.2255208,8.771649,6.0936894,5.6030273
182,15.06271,3.466616,-1.7874602,11.2857065,6.646819,5.4816256,13.384994,8.402492,10.285487,3.034271,-2.771361,5.238997,7.4378057,0.6772515,-0.23944093,2.6781027,-3.3046987,6.607096,4.069793,5.1317916,6.113556,1.30308,1.276766,12.084921,8.662252,-0.5450855,8.343615,3.275197,-7.5728164,1.6892052,11.039717,-2.3281953,8.760307,-9.126781,-3.0364254,9.800673,11.612176,13.110939,4.9571166,10.772668,10.000429,0.6383635,5.9394684,-1.194817,9.674694,3.4426994,1.0208977,2.740218,2.6846454,-1.4035449,7.9709816,4.324232,1.229945,4.4380827,4.605489,2.67756,5.5829473,17.529205,-0.04501395,5.486523,-1.9129034,-1.4808685,2.0246978,-0.53412616,-4.42119,-0.13844363,-4.5732765,-1.2129425,-0.9271697,-1.3325552,-3.388387,-4.7572727,-1.4270537,0.16062689,1.0196427,-2.0341632,0.08611918,3.0294886,2.7627985,0.03068855,-0.6736177,-3.938226,-5.927578,-11.510613,-8.607534,-3.723727,-8.346333,2.353791,1.3581498,0.0743774,0.1308574,0.15237267,1.6001993,0.2461478,3.8374233,0.39315808,-4.8570547,-7.771902,9.033324,14.855789,15.053042,8.168283,4.3108325,2.880191,16.897562,5.556381,6.2011237,0.31547293,9.704626,-9.96907,-2.9763436,0.028550923,0.69451094,0.29697418,5.1145816,5.119048,1.054642,0.47724745,-0.38974607,6.379942,23.452606,0.74989295,-0.93701804,11.799674,9.267529,-6.560085,7.0893,6.3360877,9.37055,0.98151755,0.73078847,-2.2228074,-2.472339,2.5476434,3.8792124,0.72199696,-2.610012,2.5185208,0.82710344,4.788025,4.9269304,10.777466,3.5439456,3.5939267,-0.30381674,-1.0513524,5.7884827,3.9674418,-0.8531669,1.5279229,-7.71065,-5.228217,15.380652,12.3285265,-7.096095,11.548843,6.601927,-0.22356845,-1.1786104,10.175391,4.266413,2.4748821,6.7087994,-7.0809216,-5.579868,0.26911587,6.903022,9.217289,2.2580314,-7.0482483,-0.16624345,0.12118833,10.205614,2.2858279,9.445888,3.8351874,-2.3031445,2.789762,1.7301582,-1.0816785,14.644996,5.2425623,8.427569,13.952015,9.325355,4.163233,-0.44823757,5.1169167,8.348292,4.6278577,-2.6858463,-4.7615004,10.580447,0.8331888,-6.0506697,8.466025,1.7080775,0.93227386,4.525347,9.469215,7.7600603,5.4264417,4.4332104,1.1828045,2.4212315,-0.5685959,3.4722745,5.2442274,-1.57961,0.006108582,1.2567894,5.6624928,2.484381,0.05154872,1.2819806,6.0537705,8.3470955,6.4419665,7.6529384,9.057,4.463553,7.1441565,4.195568,0.42938557,11.201814,3.5736756,1.7198217,2.339372,5.5043464,5.8585906,4.229329,2.3236897,8.477144,3.2262566,6.9050865,1.5475473,3.5823102,4.165217,6.9006114,1.892905,0.21083976,3.429286,-0.16248669,-0.101791926,0.08509103,-5.864949,-2.8307343,-3.232451,-1.191214,-1.9843874,-1.9386485,-4.849383,-5.9029627,1.6111461,2.3616676,0.5110357,-1.8193474,-5.231662,-3.4349444,-0.39251316,-2.106325,-7.799099,-5.178473,-0.84367657,-6.496117,-9.379874,-7.474307,1.5893048,-3.4897335,0.0,0.95119894,-1.8678352,-2.9332898,-1.8054097,6.832599,0.85013086,-4.199319,-1.6406814,2.1202056,6.151058,3.7831564,6.994289,1.5176717,4.916318,3.4684393,0.8439145,6.55853,1.795161,2.6970274,-7.493431,0.10187382,0.84399164,13.308282,-0.82513666,-2.3066318,2.052126,0.4298627,3.0594568,-0.6785719,-1.046429,24.051088,-1.339,1.2176638,9.115364,0.49042135,0.32516095,4.97995,-3.385774,4.557636,1.094076,1.422784,-2.0273936,1.1865057,-0.7559019,-0.639079,-3.8435845,5.143786,0.05019429,-0.51183087,11.773862,3.2093801,11.985952,0.37242836,-2.6999447,-0.9130329,5.143684,4.641192,3.9316893,-2.8462715,0.95871836,-3.4532511,1.1486168,11.058379,-1.6004115,3.4042587,3.51113,-1.221499,7.3024817,6.099898,1.1079059,13.490474,6.062874,4.3781,5.3404927,0.7054563,-0.025337122,-1.6631713,6.935423,-7.043451,-6.39477,-9.267541,-0.5201224,12.9978695,2.4187717,1.7449083,-3.4517753,-2.804229,6.196689,-2.264911,-3.9275994
183,6.022226,9.028167,-4.4199014,1.1131011,1.5062172,3.9746866,3.999242,2.0121765,6.012015,2.284663,2.3941789,4.3783407,0.6972378,8.469333,3.769836,-4.154736,-2.4126797,-0.5305752,2.667646,2.890782,-0.9291017,0.1375805,-2.3318532,7.0458674,11.402688,1.6990259,7.9220304,6.5730205,-5.1935105,-2.4109652,-5.3655143,5.8496504,-3.2319312,-3.4185889,-3.3450701,6.313083,5.6781154,12.005787,4.3194847,8.796824,4.6839604,1.8738964,5.742261,-2.5326607,9.743355,2.6781745,-2.450208,-0.13182706,3.6995816,-4.141001,6.557853,2.3281496,5.5035706,3.7492142,-0.25786886,-0.9487746,13.719519,8.654106,8.714404,12.109059,3.6138802,2.5660923,6.8514247,1.8619212,-0.9003438,-3.0501778,-0.98621184,-2.2842662,2.9539762,2.4216285,2.8518927,-1.2726449,-2.1474261,3.6315691,3.0977015,1.5678093,-0.08806137,9.060973,9.788793,5.2117143,10.419244,1.4275397,0.562561,-5.4686894,-2.173453,3.8510528,0.27534512,-2.128242,1.3332691,-0.08377388,0.07801001,0.9772416,1.2665268,1.227573,-5.2349405,-0.4549061,-0.70118517,-4.1320887,9.435461,11.639443,11.783313,11.029981,6.400771,11.374202,15.349341,10.387295,8.876381,9.640717,10.493763,6.651666,4.6484594,5.6477075,7.189941,2.7750282,8.35414,6.8735037,-1.2815831,8.322868,-7.498805,-9.253248,7.109,-0.420881,-1.550556,7.5046372,8.327275,0.21084063,9.083256,5.986302,7.95237,0.7038903,0.8794006,1.5008702,-3.6734576,3.4257648,4.0474977,1.8660969,-5.5713077,0.0026183098,3.4290104,3.3350549,7.878691,-2.0650036,-0.2030502,1.5727181,-1.3030266,0.8873294,5.157709,4.7834144,3.0212302,3.199397,-3.510414,-7.030199,5.4462724,-4.45162,-2.506869,-0.385513,3.7122202,3.5818233,-2.1760547,-4.193955,-2.5125623,2.8328226,-3.2285311,-2.6766112,5.3879085,3.095158,7.4035497,9.156118,4.6695004,-5.0327034,-1.1047294,0.23576382,21.987717,5.8160276,9.056936,2.208913,-1.4557866,0.62882584,8.346011,10.33395,7.270077,7.896617,4.2080665,5.7496376,2.7758243,3.2366588,-2.2147627,0.038349353,2.6569026,2.5866873,-3.0061128,-1.0679902,4.2906423,2.8735185,2.2728848,3.1078336,-4.1848583,5.125839,-5.390622,0.27599257,4.588725,4.583432,2.6094291,10.121235,-1.497574,3.5321972,5.2769403,-1.3914694,-6.1275992,-3.214086,-4.3476157,7.348904,-8.724177,-1.6119766,-10.934249,3.1318972,2.7244954,6.074489,6.8165135,7.8253427,11.601706,8.1569,6.955454,-3.0564587,7.2100735,1.9951845,0.8666604,-4.1494617,4.66792,-3.612471,2.7593138,0.7942527,-4.629532,1.8785441,4.6447124,0.05584647,10.832131,16.131046,12.857216,8.720432,4.6098423,7.525023,4.470766,0.34006533,-2.6718025,2.6138856,-1.7508532,-3.8742683,2.8803587,1.7590501,-1.2458531,-1.4026891,-2.1223543,2.2459238,3.3928277,2.5502186,-1.1497222,-0.77680844,-4.357209,-2.332729,4.137799,-6.1497145,2.5109138,1.2763611,0.85429066,-0.6491132,-3.4865148,-0.3015152,-1.3656154,0.0,0.0024307645,2.8949907,-0.9597897,3.3941326,-0.2648902,-0.456235,-6.351151,-5.6156116,6.710045,0.50145704,-0.14952281,3.7001493,-15.618598,3.6207917,0.20043503,3.1490948,8.525109,11.573568,3.3797715,4.999,5.84717,8.014134,11.623437,3.2688491,0.17804483,2.8787832,-2.067416,3.9919617,-2.2720642,-2.186209,10.7695675,1.0721912,3.753557,7.6872625,0.99895304,-6.1990337,5.8434105,2.983819,-1.0009623,-3.874124,0.9570629,-1.3243878,-0.13962065,1.00119,3.522749,1.1526214,0.79717857,1.32098,-3.946769,-1.4097569,4.954701,1.5763505,4.9619517,-2.3815951,1.4558264,5.320745,1.3343905,4.041426,-2.6320877,-1.636042,-0.95357877,-3.732485,5.365917,0.2157794,-8.990595,-4.2209334,1.6263813,5.0302515,3.323067,-3.6977065,-1.9800748,10.23038,8.586201,2.1540954,-5.9078274,-1.4848533,-2.5204825,4.3136444,5.278689,1.5309045,-0.46291354,-1.6041077,26.73389,1.0231245,1.1292194,-4.3313966,-1.296775,10.508585,5.8208585,8.711256
184,-6.942914,2.0078003,-4.951738,-5.3534474,-4.827148,0.6153881,-2.246032,-6.3098817,-3.0037937,2.2798512,2.1950784,1.8913825,-5.533599,-1.2077285,0.1905213,-0.8747063,0.9698058,2.8215902,-6.297191,-7.7482805,-5.608216,-4.0077605,-3.4789119,16.977585,11.072287,3.6485834,0.9612927,10.368778,-3.0072417,-5.1940494,-11.475228,0.52375317,-12.825387,4.3934546,-1.8704026,0.47903398,8.749666,4.257098,0.05944526,4.3550572,-1.947693,1.6438544,5.67381,1.0112765,4.5339203,0.12836036,0.53408295,-3.3757806,1.319302,-2.1374,0.25359392,-1.3684983,-1.7383221,3.3171597,1.5090078,-1.4614185,8.759267,-1.8016669,7.222129,0.7721375,9.120902,-0.6543019,5.299014,5.991002,-5.7327375,-1.3048289,1.0673229,-0.67347634,1.8638413,0.959666,1.7862321,3.151234,2.039932,8.1696615,6.450517,6.045863,0.26748413,8.677198,8.025264,-2.2813904,8.206147,-0.021606978,-0.9998474,0.44105655,2.1966052,4.854192,4.6361384,2.25312,2.2506003,-0.0161427,0.047366325,1.0873286,3.2803853,6.27185,10.466939,-5.301577,-0.58853525,1.4246336,4.2620993,5.2803674,17.492466,3.7914233,16.9918,3.52586,10.808996,8.451788,5.137924,13.03558,14.204754,20.504509,4.5125213,0.31523922,8.658149,10.229934,4.7946672,-4.256762,5.966079,12.60374,12.764889,-2.2619483,-9.89742,-1.495763,3.0123694,10.203937,3.993679,1.9287515,9.87402,4.569435,15.430595,8.673573,1.5190431,1.2067722,-1.6807578,0.12681213,1.0004897,-0.11588237,-1.795863,3.87446,6.5142183,5.3753715,8.503206,-3.8104997,0.87556595,4.083044,-1.2452929,-0.3448345,5.8452544,7.0393753,0.87447935,4.1347275,-7.6158714,-11.197291,-9.986424,-13.319673,4.847393,-4.868503,-1.7951139,-3.7666614,-3.8475761,-2.6320016,-2.3086038,-1.666201,-3.0581636,-10.196918,4.7455654,1.1003007,11.656401,5.080243,5.548277,0.014804146,1.7543126,0.23746127,13.608579,7.14364,7.670503,-3.9049737,-0.27624512,1.3757129,-0.9734267,7.226278,-0.37905467,-9.138299,-4.621236,-4.800949,-3.0631225,-2.4678164,3.2781298,-3.184627,-4.7614417,2.2269185,0.16419269,-0.83749,-7.9229765,2.4882855,-2.8914342,-1.8626757,-0.32907584,3.6810365,-4.7163815,-0.110386,-2.4203336,-0.7158402,-1.9009185,11.941563,0.8721866,4.322099,2.443399,4.0244126,-5.300431,-5.358796,-4.967389,0.8671354,-9.065233,-4.885139,-9.9128895,-7.5077963,6.223844,1.6504468,-3.4883835,5.3632464,5.938807,0.24116339,3.2838845,5.5147376,4.3985605,1.5129789,-3.763877,1.6496816,3.6992655,-4.1141663,-1.6549551,-1.8045179,0.586378,1.9635104,0.10985325,1.3783541,10.633794,20.076593,15.452897,10.751312,-0.79377174,9.053526,4.054884,8.509259,-1.6876253,7.9749002,0.762664,-1.6891818,3.7340167,-2.151179,-1.4145019,-0.84043247,0.5931385,6.1261034,6.0244007,3.3789778,0.83430564,3.2776635,-3.9013543,-1.0251417,4.888849,-4.0814815,1.4453102,2.6681569,0.5628343,0.33370516,-2.652798,1.9889746,-0.38027355,0.0,0.0972269,6.591542,-1.3160753,1.421857,1.4398268,3.2567391,1.0214204,-0.9338276,4.595785,0.91363543,-0.99696016,0.9724436,-3.8985763,8.180186,6.0641327,2.001992,10.880705,13.271121,6.0556765,10.724417,8.174034,10.170113,13.174682,1.7957746,8.179557,0.39270693,-0.036428872,-5.604281,3.3409326,-6.8056307,-5.973318,-2.0308902,9.788867,13.899492,5.119512,-2.763113,1.1624061,3.532312,1.8921648,7.150317,1.9769291,2.5475285,-0.42674106,-2.3800933,-0.44448063,0.8492024,2.7669766,5.54192,-4.9756927,2.9987364,4.5967174,2.460746,-1.3976629,-0.2889394,-0.45578882,-4.489463,-1.0757896,4.416468,0.9550342,0.24020839,-2.6886137,-1.0830323,0.7683497,-1.6266297,-1.879657,-2.837971,-1.7116244,-0.08910795,0.48250428,0.6847787,-1.6469206,2.5989892,2.821761,6.7746096,4.6400247,6.7876697,9.215925,-2.5787258,8.196571,-2.949966,1.9879588,1.2243189,24.215075,3.4492278,2.7025588,5.252356,0.5646517,17.471846,3.659383,5.497624
185,-12.654848,-7.6587987,-6.616877,-12.076496,-8.35897,-1.4751794,-0.98406965,-8.283009,-8.232275,-3.1584082,-3.0363066,-3.5360162,-11.590071,-4.5055056,1.1184398,-5.7979045,4.9500127,0.83400065,-9.945013,-6.3154335,-1.6266954,-1.1872395,-5.189916,-0.707859,10.634386,1.380426,0.68617487,10.264395,-7.84991,-12.62637,-20.428125,1.1697763,-9.788288,-3.4616637,-1.2982963,-3.7613096,-0.2533831,4.738101,-3.5807457,-5.3062387,1.1823226,-1.0122412,-0.22130543,-1.8878784,-0.018853368,-1.9818006,-1.547386,-3.14213,-3.7549887,-1.4560704,-6.3251505,-7.12218,3.3793445,-1.3929746,-2.6102982,-0.57352483,1.7299365,3.201172,2.4352167,2.621467,3.6027284,-5.36185,0.4163069,6.8894987,-11.5901375,-1.2454447,-0.20153625,-1.3536489,-0.42020172,1.988724,0.25382936,-0.28496808,-0.120649114,6.356415,8.823454,5.8598723,0.24682152,8.471788,8.566844,-0.5171758,7.443735,4.3525357,0.5128596,-1.0280554,5.006702,0.15770565,-0.51000625,-0.3910081,1.8646303,-0.044675447,-0.19481759,1.5904887,-0.2172156,2.4305558,1.1857523,-4.598509,-2.4704607,-1.5102607,3.0620587,0.8608186,6.431032,11.482234,-15.432133,-5.422045,15.208038,1.226828,8.413195,16.845951,11.382351,15.709501,2.324614,-1.9359989,4.006726,7.387086,3.7112777,-2.931771,0.588528,5.303542,0.21191093,-7.4386845,-23.947596,0.01364136,1.6954858,4.6585426,6.0401025,-6.6076202,3.1697183,-3.7909946,9.75139,-1.1500865,0.3991728,-1.1524498,-4.3892155,-2.9533932,-1.4965888,-2.677052,-0.9814767,-0.3807461,7.1492105,4.5719566,-3.1576784,-13.505373,-1.2387216,4.563349,0.1625061,-1.8938129,3.1873343,1.2766685,-1.1756682,2.9187198,-5.1674123,-8.532819,-16.68217,-4.2502446,-3.7155375,-6.4255185,2.5128229,-1.6445277,0.21692157,-9.536492,1.1471108,-3.942486,-5.991387,-6.860441,15.022832,5.4780483,0.04400585,12.184116,13.26196,-1.1309446,-0.74584687,0.15393008,3.882087,-13.580384,5.7731433,6.9301786,-1.0493909,7.457654,-0.2652767,-0.8479823,-11.638082,-10.984732,-10.333523,-10.432107,-10.328362,-3.5050795,0.33660266,-4.284238,-8.184788,3.5261574,-0.020223314,-0.06506034,-10.092543,-4.3907566,-4.635437,-5.935778,-1.4512674,0.6655014,-8.385073,-2.3266075,-5.335791,1.1157541,-5.1392727,9.685161,1.2406769,1.4357945,2.7016425,3.848821,-2.087271,-7.5200844,-11.213527,5.3947325,-11.409321,-7.672353,-9.605807,-1.5205249,-11.852091,3.788091,-3.6121984,0.20876439,3.5078013,-0.55263376,2.6592853,1.5867745,-0.06896819,-4.572836,-2.9771185,-4.1356735,0.39497918,-3.5141852,-3.1412969,-4.6146917,-1.0844047,-0.6474233,-2.2676287,2.755807,9.715174,1.7158912,9.7244835,3.0661225,-6.326407,3.2185547,-3.1743264,-3.9601984,-2.5949519,5.5921783,-1.5983347,-3.5758467,3.130366,1.5296057,-5.5504827,-2.6597667,2.6319087,1.814037,1.3841156,4.118585,0.9037114,3.4739187,0.025847511,1.4725585,8.246052,-3.382613,1.0959878,1.2308925,4.33885,-1.9434053,-4.0659766,-0.055198383,2.2523677,0.0,0.22854023,4.130937,-0.9736345,1.5943378,3.243454,2.7192059,-2.699839,-8.687247,2.1231863,-1.8975388,-1.2030158,-2.7114298,-0.4698791,-1.40191,4.8310986,0.7899168,2.748524,9.358382,3.9663076,5.5221977,9.351832,1.5445654,0.10259266,-3.5465243,2.4420145,0.29663616,1.6694512,5.424857,-1.6057113,0.947299,-23.17354,3.4279766,1.6675422,4.9408426,1.6427935,-12.912096,-2.8993757,-2.557254,2.1567779,5.559092,1.0832454,-0.46719643,0.4284804,1.9029768,3.485634,2.0989788,4.0877595,0.3347277,-0.73157024,2.8910255,1.4440572,-8.275688,-2.3684297,7.530298,-0.98725384,-1.8613799,2.6765184,1.600519,-0.31118542,0.9921841,-6.621046,-6.2759905,-13.036244,-2.6566627,2.7646964,-10.163706,-0.16937748,-1.24097,1.0907403,-11.782398,-1.4858347,-0.061220706,0.3661784,-9.638526,-4.4770217,-0.95558745,4.6457996,-1.5496033,9.421131,1.4896845,1.4083017,0.990314,14.784919,5.0812683,3.2611268,2.3334382,-0.22414632,23.99501,-6.598161,-0.7425703
186,-16.570494,0.25951803,-12.23463,-12.190814,-7.4446335,-5.2488613,-2.6187718,-10.031622,-10.200118,-2.302692,2.9287894,-4.6087885,-7.0921245,-11.607808,-7.1723514,-7.142476,-0.88069034,-2.0410376,4.5793753,-5.1662602,-3.868689,-7.5089273,-5.8676305,4.6281805,8.433505,-0.48290294,-6.250174,6.755904,-12.89057,-14.306619,-23.30884,-4.149435,-10.182588,4.7532654,-0.8703639,-7.477997,4.9589314,1.4771088,-2.1405818,-4.0805173,-7.1580243,3.1241014,4.649948,-0.97834885,3.7216556,-3.6560547,-4.3023357,1.3220143,2.8491304,-2.67073,-6.2238603,-6.6535378,-3.1931891,-2.2575622,-3.7337403,-1.8301622,-1.6547494,-0.52629745,6.4201207,0.22669116,-0.2886313,-3.6508987,-1.089842,-1.9344279,-12.203678,3.6915798,0.30626974,-2.391154,-3.4420383,-0.5064701,-3.3813577,-3.7623103,4.594692,1.9389739,2.8192472,5.855306,0.15600613,5.087541,7.716274,-0.38229072,6.452441,7.498065,0.065542564,1.2227137,2.085752,-3.4614825,-1.2824574,1.0003649,2.4589872,0.016662398,-0.28929704,-0.9152299,-0.16354364,4.6082,8.346971,-1.6826898,-3.0116038,-4.0381036,-0.80507606,-0.4082927,3.7416267,-5.909353,-7.8462496,5.6736846,3.8503551,-0.8962421,7.3081536,10.852815,7.3080726,6.0617094,5.195663,1.0323322,3.047878,12.165117,7.1045003,-6.9903336,0.8771161,4.7556677,-5.7014604,-8.549037,-23.60932,-1.1912063,-1.6865462,0.76227915,-3.3471458,-1.2844126,-6.7452183,-0.6252696,-2.8250356,-10.279618,0.6373997,-1.0982074,-4.655433,-1.0835688,-3.4894593,1.4995153,-5.6456623,-3.8528874,2.3492079,2.5444558,0.53839225,-11.542309,-1.7311022,-5.9457984,-1.2856041,-2.7011762,3.138699,1.5101713,0.49378532,-5.46348,-4.17422,-3.0354784,-8.712313,-4.3734617,-0.28721073,-3.8197699,-9.806566,0.4055994,-0.6807933,-5.008455,-0.22321932,-16.389175,-4.2492247,-11.837524,6.7990394,-2.2581937,-3.5515292,-1.5511215,5.204277,-2.0335777,0.41677648,-0.40076426,8.508995,0.00461064,6.5470614,-2.2359366,-2.8745441,-2.83138,-1.832809,-4.507339,-11.630281,-4.5352917,-7.783985,-14.1105995,-9.731217,-4.0969753,-2.8882601,-4.5609536,-9.079687,12.2149105,-2.6051838,-0.98016393,-10.821324,-15.748205,-7.783869,-5.6712,0.77993476,-0.19572936,-2.9709964,-4.2275124,-6.1383224,-8.00023,-2.413313,4.402402,2.5878115,1.3864713,-0.38622722,2.4996045,-3.7400837,-15.583064,-21.967808,2.104202,-13.683961,2.6610963,-6.697588,-7.6856585,3.4283414,1.213833,-3.8109155,-3.575922,-2.3558428,-5.678218,4.7949653,0.1906664,1.7776512,-2.5722642,2.8025432,0.34175083,0.15570515,-3.9517455,-2.7236042,-2.3719645,-2.5225923,-1.626221,-2.3736682,4.379136,1.7201383,1.2201301,3.299413,2.2084324,-3.6739757,-3.2728748,-1.7091805,2.9857764,-0.2206238,5.660937,-2.127832,-4.816801,-1.3074044,-1.898526,-2.8454642,-4.0137377,2.4267516,2.2688906,5.381358,0.36750698,0.3439453,4.1223383,1.1460917,-0.6214165,4.4889784,0.6738737,3.9120464,1.3779922,1.6068343,-9.078968,-5.6507754,-0.7946881,-2.4186113,0.0,-0.31878045,2.6779544,1.4746472,1.2024567,6.4935694,7.4678483,-0.26766795,-6.277107,4.234747,-1.5978476,-3.6624768,-4.0199165,-2.9847755,6.6191015,4.287215,-5.7711573,6.407366,9.507871,9.008606,-0.35568038,3.7746582,-1.7642384,13.80621,4.3829665,0.38600057,2.7364256,5.7562203,-6.9111834,2.2206268,-3.4708717,-19.43676,-1.0506685,2.0096347,3.856583,-0.677021,-4.9959197,-3.8031204,-5.1888986,-3.9577785,1.4700354,-0.27254954,-3.333996,-0.30219355,-0.8206785,-0.7976148,5.075212,1.9493979,-0.9578948,-0.88816494,2.7910368,0.031566925,-7.901437,-2.8556018,6.040736,-1.6436489,-1.0650836,2.940595,1.3160199,-0.30200097,1.3002316,-7.1130447,-4.694515,-8.679532,3.353352,-5.0690565,-3.773779,-3.2406197,-3.506729,-3.5602884,2.3366938,-12.966581,-6.0694494,-0.49816647,-4.0886664,1.0309434,-1.3820078,-1.5255554,-1.2676609,7.1563644,-0.49632677,0.6563891,1.0221119,7.2006392,-0.7630343,-0.27976412,-5.8880177,-5.0672674,18.689634,-4.4870925,-8.504985
187,-12.908459,-18.399183,-2.8240564,-10.956064,-8.310175,-3.4704323,-1.1053251,-7.9124565,-5.465096,-1.8184764,-5.5682464,-2.0130548,-11.767386,-9.919646,-10.052589,2.5375986,-5.4367504,-3.7709434,-3.9355812,-3.7464898,-8.755286,-2.5300696,-6.424411,8.77493,8.639807,1.7802579,-5.2084174,1.2764468,-15.238098,-11.664246,-15.948612,-8.883307,-11.242823,-13.5005,-6.5079494,0.58721834,0.39853883,-4.815217,-2.6644683,-7.5143037,-1.715851,-2.8333883,0.51521254,0.1470999,0.04438374,0.07497093,-1.1482356,-4.244679,0.061197728,-0.70184654,-7.778393,-4.347946,-0.8673401,-3.0378573,-0.9050779,-1.0134623,-1.5493959,-3.9825222,5.071192,2.9922855,-9.7273035,-6.343667,-3.4404655,-2.54434,-9.007431,0.21978644,-0.6494082,-6.6778107,-7.014424,-2.3260064,-3.9862683,-3.8541725,3.7819998,-2.1130874,2.8262515,3.5339415,0.5701989,3.941957,2.8136797,6.488629,5.30463,4.8872957,-0.1597364,-3.0564158,3.9983122,-9.132172,-4.4119544,-1.9130366,0.70744985,0.009807198,-0.102996774,-1.3336413,2.2727153,0.25027853,2.7608926,1.4046129,-7.603815,-4.9888988,0.7201283,-1.6114894,1.4675014,0.1511048,-6.0656023,-10.659785,1.4810052,-4.920471,-0.15494065,11.297456,8.191064,-5.5433846,2.0529592,-4.5188627,0.65841174,9.94869,1.0775824,-4.519538,3.29646,1.7930512,-2.2377346,-2.0470388,-17.21738,1.1831328,-3.2945318,8.008819,-3.5588636,-2.280009,-1.203184,-5.840008,-7.139308,-5.4831696,-0.028671117,-1.5204902,-3.7981842,-2.3181155,-5.2283683,-3.9928856,-3.9652653,0.16100892,0.8397817,3.9624996,2.518446,-8.479529,-2.675086,-0.8112735,-2.2027962,-0.39272663,1.1034653,-1.3472234,-4.5119987,-7.4693775,-6.4068594,-6.45213,-19.486502,-10.89688,-11.777771,-0.13710961,-2.4762526,-0.3740133,-3.421876,-7.660354,-17.177002,-13.165118,-5.9772954,-11.52301,-0.29809967,-2.202577,-3.616928,-3.2514644,6.377626,-0.6800922,3.1993818,0.17915197,4.061175,-6.6354384,0.5360999,-1.3565546,-1.442686,-9.482419,-9.563049,-11.855694,-9.501967,-5.4898467,-6.9278746,-13.159826,-9.180144,-3.9582431,-8.446193,-3.3067508,-6.2740655,2.7322865,2.9792256,-0.004020981,-5.5236483,-16.04719,-7.9381256,-4.141358,-0.18618655,-3.3003235,-4.872696,-2.8214126,-8.279799,2.2988298,-0.84932435,-0.14364211,4.739937,-0.41669813,-0.057657387,1.4922025,-6.527839,-12.949796,-17.872591,-5.4446583,-20.510807,-12.18898,-1.3522397,-3.6234393,-1.9610063,-3.1356125,-3.5081058,-8.362212,-0.45989016,-4.443904,4.0952845,3.6255949,-4.2669587,-2.6545403,-0.13099031,-2.5274017,-1.041656,-1.8840598,-2.5006816,-4.994389,-3.3119788,1.0517676,-0.534537,5.904606,-6.588851,-5.6519885,2.7215471,2.54166,-14.619505,-6.0596952,-2.4949555,-5.3303127,3.2322874,0.9300262,-3.225174,-5.756531,-4.516629,-2.0202956,-1.3830559,-0.75339377,-1.462,0.4420603,1.0279313,0.9087769,-0.17196025,0.09423202,0.007032307,0.45853516,5.736984,-1.0844929,5.2861314,1.8991836,-0.85920715,-10.47369,-6.807931,2.150146,3.7241197,0.0,0.03829265,3.8818624,-0.24632393,-1.4551673,3.4732008,5.4701905,1.6205719,-1.8443952,6.3990216,-1.1602187,0.4038303,-2.4349298,-13.306879,3.8749514,2.2334626,-5.0485,-3.9793146,9.043357,4.62798,8.085389,-1.6074566,-4.7345834,16.326046,0.20644689,1.2135661,-4.3338065,5.144776,5.1799736,-10.382756,-8.947113,-13.76323,-1.2053396,2.804406,1.5764903,-4.862186,-11.481151,-4.1435237,-0.8146803,-6.582661,-2.2469804,-0.17024988,-7.8514795,0.5144065,-3.2433238,-0.4527253,1.0802369,1.7291381,-2.6321666,-1.546002,-2.0454342,-3.2898414,-11.588624,-0.94279766,10.913454,3.1087842,-3.1983054,-0.48646352,0.93604004,-1.5243798,1.948775,-6.77108,-8.242792,-3.8478684,5.6345825,-8.030447,-9.29747,-4.9590993,-1.3694954,-2.1884694,-6.0837083,-10.713752,-11.037181,-0.9629283,0.8262023,-1.5193272,-2.5691273,-7.6061764,-13.035044,12.657201,0.6517218,-0.25442198,-0.44478583,0.18285407,-1.9147073,0.52374476,-13.460316,-1.3487813,5.59087,-6.478762,-12.90843
188,-16.683817,-10.956446,-13.328736,-15.821423,-12.925456,-7.2603283,-5.2072487,-8.079697,-6.924785,0.32148823,-0.9441759,-1.3356308,-9.600671,-17.024323,-9.887941,-2.910243,-3.1417878,-7.0183187,2.588311,-8.409586,-10.755837,-11.3995,-4.4333963,-3.380786,4.888882,-1.9557457,-7.540719,7.962648,-12.631758,-20.580206,-18.340347,-9.454562,-24.271622,-23.191399,-14.531955,0.358437,-3.583082,-10.672977,-4.429049,-6.7831693,-6.838722,-2.4141066,-0.17593093,-1.449977,-4.429099,-0.9751292,-3.8490806,-5.608163,0.27061734,-2.460758,-6.8198333,-6.092249,-2.9324813,-4.2685914,-2.2699895,0.997921,-3.5827641,-7.160445,-1.0812396,-4.1237416,-8.226452,-4.8894105,-0.16026466,-6.459535,-6.296255,-0.61400414,-2.178352,-4.982263,-7.589318,-4.6175184,-1.2464116,-7.8874807,4.0376425,-3.5322523,4.3282795,2.7214384,0.39685595,1.1739134,7.5720263,4.31992,1.1856502,2.3875077,0.39038357,-6.459267,3.8889668,-8.099334,-5.001032,-1.103158,2.5817337,-0.010040416,-0.39012393,1.1664139,-0.015737372,-1.3438339,-1.6554722,1.3930931,-4.721407,-7.760609,3.2701004,-6.22915,-13.43307,-22.8225,-9.356818,-3.7179372,-6.886995,-6.0462337,0.31198603,1.6190262,0.5294502,-28.163422,-1.8787277,-4.620693,3.5547242,4.5678997,0.08996779,-2.0257688,-0.5348784,-4.217252,-12.272674,-11.692792,-22.402557,-0.51786005,-5.259274,-0.33482754,-6.044363,-11.078838,-4.951681,-5.147872,-2.2354286,-14.329688,-0.29914013,-3.2509325,-5.753945,-2.704595,-2.4653738,-2.871725,-5.6218753,-7.3214955,-3.9212518,-0.6077045,4.2005067,-11.353645,0.34742573,-1.1239239,2.8270006,-1.6181405,-3.054292,-0.40021062,-1.9706719,-10.803743,-5.0528827,-5.8523827,-18.484259,-4.7155147,-11.374553,-6.8972263,-2.449348,-4.9896464,-6.09643,-1.5287887,-10.90776,-25.497047,-9.150526,-6.424727,2.7251358,-0.51656973,-8.6629925,-12.204941,6.5265684,-0.8782881,0.9186768,-0.16441959,2.5483115,-6.8594356,-2.015235,-5.2138724,-2.1056468,9.716015,-7.493376,-14.64517,-14.505663,-2.27937,-14.782557,-14.700413,-13.289936,-6.1673408,-7.038133,-2.2645094,-6.9893465,5.8383055,3.2553527,-0.19010511,-6.7540894,-27.844604,-13.365974,-8.346295,1.5931275,-6.54708,-11.196326,-5.2460356,-3.354355,-11.49096,-7.217535,-6.3179994,-4.131203,-1.0730088,-4.31616,1.887695,-4.039973,-16.433956,-24.600895,-15.172245,-23.742924,-15.614233,-10.113475,-2.4622586,-0.31610817,-4.815697,-5.5824084,-4.4261622,-6.4430375,-7.9057245,2.374367,-2.2738838,-5.353794,-4.1564574,-0.97988427,-0.13627711,-4.0293508,-3.3617885,-3.313298,-4.1501603,-6.560987,2.10497,-1.7168026,8.301524,-13.175521,-11.806262,0.32221913,-3.1746175,-23.086704,-11.665373,-4.587052,-2.2567508,-5.3500185,2.776315,-4.404599,-9.559152,-7.1959734,-4.206665,-2.762087,-3.07805,2.7051592,3.44979,4.232767,0.22070596,-1.0560074,0.6556783,-5.065742,1.7450352,5.436751,1.1547246,4.17441,1.5979533,-2.248833,-6.5570354,-1.3667616,-1.2129688,2.025427,0.0,-0.1457392,-4.171143,-2.0889463,-0.36644462,10.917611,6.0541983,-1.5848435,-6.757215,-0.2284664,-5.270755,-9.292248,-6.316254,-0.45246705,-7.7075353,-5.3910975,-0.71414876,-4.526214,2.4542732,0.35012922,-10.028862,-8.835931,-1.9876134,4.2640204,-0.9617906,6.329226,-8.227785,3.6474602,-6.732073,-16.726685,-12.030835,-17.75896,1.1525292,-11.402433,-2.6085355,0.74129534,-1.4820818,-6.759922,-3.681888,-3.3118002,-4.230855,-1.7662485,-10.344251,-2.6710422,-2.1338127,-3.5530117,-1.9338641,0.95258594,-6.104609,2.0346856,3.339509,-4.981663,-16.516375,-2.6248472,7.3532276,1.9080003,-2.7312324,-2.640049,1.9739282,1.4075933,2.7552614,-6.8112636,-5.759842,-6.5709295,-9.634396,-11.298046,-9.307068,-0.7848486,0.32996517,-0.7802461,-19.008377,-20.33279,-11.800056,-2.4424245,-4.9146276,-12.28616,-4.267068,-5.330518,-2.087343,5.117923,-2.458548,-1.0003754,-2.1624386,-1.2680814,-4.493866,-0.43444055,-0.48887846,-5.6248426,1.0104827,-10.329122,-10.993266
189,-13.702964,0.4681022,-11.3774395,-11.634973,-7.5613556,-6.9938474,-7.247885,-7.13267,-5.1085067,-2.499082,-0.7963624,-2.8956687,-7.7373095,-13.459713,-14.120812,-1.3440706,-1.6144199,-3.258652,-7.5612326,-1.2745632,-4.7765102,-2.5678358,0.86412156,-6.3860826,5.266171,0.25032297,2.5991423,8.969343,-4.725009,-15.84006,-19.852575,-6.249988,-30.649506,-6.5712037,-5.1948967,-3.2791474,-0.51099396,7.49063,-4.927595,0.3956903,-4.519612,-0.4521512,4.102233,-0.58436686,-2.5611522,-2.7827077,-1.5582917,-4.270419,2.418928,0.1473052,-5.612323,-4.579935,-4.6420197,-2.2558026,-2.6743855,-1.0102044,-4.3588386,5.7461963,-0.7194263,-1.2464161,-21.021576,-13.652531,-4.7045116,-8.431189,-13.00696,0.5280605,-2.0876768,-8.133858,-10.403462,-3.2003522,-3.628563,-11.379111,3.0087945,-1.8975405,1.3105713,-1.8472505,-0.6570792,4.3640094,8.419086,7.620626,3.4924996,2.3582404,1.9210374,-0.16984123,-5.687113,-6.585458,-7.257748,-0.800881,-0.61937755,-0.01195869,0.4445414,-2.8857844,-0.40177998,2.076409,-1.358557,-0.47195655,-4.7587714,-7.1570754,-1.4927543,-8.648967,-19.19729,-10.222146,8.812823,-8.033857,-8.427543,0.71905017,-3.1320648,1.2707837,3.359453,-15.05174,-2.6587806,-0.278074,4.4773088,-0.3785926,-3.244317,-0.18007584,3.876671,-14.529863,4.353709,-1.3143191,-12.307284,-0.9509949,-0.37737727,2.5063064,-5.5556827,-1.9391712,-6.5350814,-5.7818727,-3.907734,-9.095446,-0.9323428,-0.48812678,-1.183961,-1.6347381,-4.53655,-0.25322664,0.6825688,4.3566065,2.2907243,3.062231,-1.4738209,-8.681455,-4.082424,9.14151,2.710457,0.22566526,-0.023095407,4.946046,0.3964977,-9.426282,-6.8659854,1.0205921,-5.974611,-4.395836,-3.1727884,-2.6287377,4.8317995,-3.9383116,-1.2073339,-13.115668,-5.4803314,-14.021063,-5.929927,-2.6390777,12.957805,-2.6451325,-8.047814,-3.1173637,0.27008292,-6.113609,-1.3781756,-0.4033155,-0.6921465,-5.162079,-0.47383472,-12.536635,-1.8446356,-5.8249245,-6.2997313,-9.334903,-10.443847,1.7264502,-16.25188,-12.527608,-10.600169,-4.009674,-11.260313,-3.1228168,-6.8998885,-0.6076425,7.6605697,1.0155925,-7.456576,-26.3883,-11.827149,-6.9055395,8.559438,-2.9997,-5.0487657,-6.296501,-6.198127,-5.5158978,-2.412895,-10.115378,-3.5459795,-2.389086,-2.8396404,5.7219734,-3.4640265,-13.846867,-20.55816,-7.0368695,-23.382483,-9.957458,-2.709335,-8.4376,2.1094236,4.8760924,-6.671536,-4.82779,-3.6493547,-6.6740193,3.5316632,0.15081516,-5.1426096,-5.704659,3.5717888,1.1408379,-3.2428925,7.840851,-2.660774,-2.5053046,-2.748523,1.0201945,-0.11356361,7.06976,-10.3157015,-8.734317,-0.080859,-0.1085525,-22.055237,-9.323539,-0.8903229,-9.571713,-3.6955867,6.9448996,-2.2056024,-6.9029493,-11.239367,-0.1175331,-0.11870262,-1.8332423,0.3218945,4.0921826,3.1737988,2.078913,-1.8895315,3.128895,0.33158022,5.3192263,7.285333,4.8863254,9.456595,2.3583903,-4.2288494,-5.712819,-5.09395,0.29131094,-2.9734025,0.0,0.17152786,-1.2369324,-0.9148414,-3.859079,6.158154,8.188262,3.7143266,-6.7235723,0.38923556,-4.830316,-4.2013507,-6.134774,16.449795,-6.6425853,1.3707244,2.5746577,3.4410934,4.2647285,0.8297143,-12.30408,-1.2332882,-0.8210689,7.5052276,7.5013037,5.557444,0.27485642,8.818479,2.6950915,-0.6404903,-3.6209419,-16.672552,0.3271482,-2.030461,-1.7467818,0.79319155,-7.760371,-5.2851834,-2.3967187,0.9769153,-3.666116,-2.2597735,-7.0770946,-2.226693,-4.252081,-4.41714,-0.9829275,3.3256757,-1.5923048,5.907951,-0.08857814,-4.876153,-13.715189,-4.770685,18.815731,8.76029,-6.0658917,3.227737,4.952113,0.9486098,-0.2192389,-3.1954453,-0.94517684,1.828661,-10.448011,-21.29422,-3.9371095,2.246383,-0.25899035,-6.5428667,-11.195433,-13.031864,-7.024043,-3.3787699,0.33630997,2.8401806,-4.0901437,-1.907781,-7.7295237,2.4205976,-5.553453,-2.1758316,-1.4542227,-0.8186962,0.7435569,3.412156,-4.1194177,-2.482002,12.77998,-3.8985052,-8.067879
190,-7.8653264,11.672301,-5.647904,-2.8412845,-3.257722,-3.2724943,9.997295,-6.5418224,-4.5534606,-0.5207251,-1.1878958,-5.103177,-6.445242,-23.60274,-9.020659,2.2916303,-2.1317666,1.2235078,-1.4872162,0.04315916,-11.048069,-0.96061575,7.742964,-0.48179096,10.672316,-0.24074878,1.0469466,4.3471622,1.5764391,-12.091173,-15.812003,-18.737045,-16.471127,-16.53078,-13.866193,-2.1035194,0.027513305,-4.130096,-3.122732,-3.4261467,-3.3289874,-1.3115973,1.103947,-1.4337842,-4.8494067,4.447851,-2.1932983,2.2700882,-2.1433098,0.71720606,-5.706934,-4.4066634,-5.7816396,-3.1061862,-0.5570888,1.3900453,-12.757042,-8.526385,-2.7970045,-5.470315,-19.856125,-9.910263,-7.8710623,-12.237543,-6.192841,-2.4141455,-4.5580935,-8.959493,-7.4545164,-5.5137053,-3.8755908,-13.256659,0.69975036,-2.9315093,1.4888191,0.8162321,-0.3153627,1.6478897,4.8104115,-3.4190147,-3.2316792,-0.39980078,2.1457634,-0.17861249,-8.517458,-6.9305162,-12.294052,0.49029398,0.5812071,-0.0125844255,0.26152325,0.040032465,-0.8660447,-2.7391422,-2.2283003,-1.79592,-8.602548,-7.71264,1.2292275,-6.2640753,-8.130394,-16.843245,-6.352191,-1.7390345,-9.871099,0.27124104,1.3914951,4.955286,-2.7383335,-9.333693,0.041847706,-9.583835,0.990732,7.0124063,-2.56859,-6.4193773,1.8433782,-0.11983724,-5.0198073,-3.0253086,-10.210082,0.8726339,-4.350281,2.4203272,0.075069636,0.07009079,-1.5408049,-14.0325365,2.8637326,-7.4527535,-0.7891066,-5.9081,-2.336683,-3.9617608,-6.899441,-2.4730625,-0.18309878,-0.38270172,2.4270806,4.616164,2.2258086,-3.01208,-3.857263,6.7019444,1.6668835,4.810074,-1.5804464,2.303153,3.2614045,-10.546931,-6.8061934,0.969794,-8.785938,4.06555,4.6899667,-3.7386408,3.0657575,-1.5480905,-4.432914,6.42139,-7.60879,-17.613508,-2.5752757,-3.4365613,-1.6436847,-2.6431692,0.94166976,-0.82626706,6.7944245,-10.250119,-0.7561048,0.1896572,-9.784523,8.166545,4.473478,-10.576048,-0.7955312,-2.5330875,-12.987861,-16.260647,-7.9237986,6.103579,-10.656116,-5.787274,-2.2508776,0.77782136,2.001896,-3.3481436,-4.771808,4.736889,3.9387622,-1.2277915,0.2413345,-22.018843,-11.368588,0.32774925,-2.5713842,1.572455,-6.2171226,-0.7762813,1.5869545,-3.8280697,3.9216564,-2.2101233,0.44671145,-2.1879387,-0.7193259,6.2775774,4.10776,-4.563264,-12.384607,-18.644814,-5.655282,-23.314087,-10.998022,-6.651702,-2.5173626,-4.3122153,-4.188837,-8.067031,-8.175529,1.9937792,1.3368623,3.9921858,-3.0548658,-0.076701514,1.0151975,0.6843104,-2.5746968,0.3895889,-2.9923925,-2.6124861,-1.7612785,1.8208853,-3.156608,2.2485228,-7.536236,-11.042738,-10.700606,-8.090623,-19.00697,-14.336645,-4.404975,-15.716796,1.3386495,-1.7930593,-4.6377974,-5.4705,-12.777114,-4.2556925,-5.0767736,-4.4436946,-1.0788174,0.8943877,0.44263566,-4.851729,-2.9290624,1.54701,-6.1606174,-2.7989092,9.735322,2.8435886,8.6881075,1.9379131,-5.585613,-5.6573057,-6.9515986,-1.3249375,-0.6466118,0.0,0.37597975,-2.068057,-2.9023714,4.7663703,2.4169695,4.132388,3.0728526,-8.124509,-2.8333066,-0.6234326,-4.5123515,-10.266434,8.688715,-1.1655023,3.6339684,2.982178,2.3380303,0.1163778,4.850773,0.9529338,-9.97699,-9.577837,2.6502373,-0.84825116,0.2605644,-0.17435765,0.6456581,-11.849487,7.8813667,-2.9068456,-10.492515,-0.705087,-5.6704764,0.5370444,3.5672705,14.1000185,-3.0810807,-5.5772467,0.27072605,-3.8838565,-1.4733362,-3.725509,-2.0167542,-4.8083243,-5.6545353,-4.986408,2.6742878,0.044587865,1.7743608,2.632336,-0.68674517,-6.787401,-2.8748095,5.3877587,4.6267414,-1.2557381,3.860878,3.1981995,0.71709925,3.4004629,-5.1178813,0.30858925,-5.5294614,-1.0099057,3.883578,-2.7862656,6.6613426,1.4836767,-2.1585617,-5.8133698,-12.666928,-11.34043,2.134383,-15.289552,2.6715477,1.810788,-1.2954617,-0.6659569,-4.79807,-1.9530874,-7.8609,-2.553095,-2.9751375,-0.32952663,2.5207942,-3.6412868,-4.055857,3.9020975,-5.831647,-11.766427
191,-3.868766,-3.3503706,-2.5119586,-6.659154,-3.232697,2.097409,1.5395126,-0.6534839,-1.1574932,-0.1757646,-4.355475,-1.6451669,-4.802442,-6.641066,-8.355522,4.6066194,-3.6481833,-7.5245814,-7.989856,3.903272,5.944493,6.2148905,2.0291073,-0.46581358,7.5688424,2.8212962,-1.2631757,4.56429,-6.0332384,-7.9816394,-14.013617,-10.387971,-17.579514,-10.014194,-6.963207,-4.571957,-0.5296084,0.08928242,0.82066125,-3.9675908,3.3970072,-4.62298,-2.059287,1.8522719,-2.1242745,-0.2691967,1.5819627,6.70848,-2.6467006,-3.773047,-0.6100445,0.6268686,5.9005804,-0.64253813,-0.14591381,1.4609442,-4.006435,-6.164663,-2.1862786,0.08957836,-3.1082945,-2.8686738,-7.3064847,-3.557148,10.0162525,0.31781778,-2.588182,3.5063534,-2.2524655,1.1052597,-4.3732524,-3.8445623,3.7124739,4.1718054,2.4159036,2.4250045,0.34155533,1.6407251,-3.1959693,3.3512676,3.7477984,10.095644,0.80682874,0.9867251,4.0686665,-5.3778644,-4.0905747,1.8152411,2.3656514,-0.07223598,-0.15622218,0.6740928,0.38358435,-0.9997004,-1.7141986,0.33055508,-0.7732379,-5.4531527,5.415924,-0.2752136,-10.58457,-2.3159418,-16.413218,-7.417152,-4.8373055,1.5429323,9.371329,1.5462207,2.9555452,5.337115,2.1200562,-2.236022,5.7296705,3.750242,5.525671,1.5752523,1.1156628,-7.7873,2.8550072,-6.325051,-9.440856,-4.546241,-0.72496194,1.8515898,0.9671372,-3.9903328,-5.025252,-3.2470565,-2.1880355,-4.4769697,-0.30304334,-2.7761538,-2.5344455,-2.2802818,-2.3768888,-2.4871318,-0.08715106,4.2427015,-1.3992858,1.119354,-7.5007586,-9.029904,-1.8748585,5.065403,-2.0077767,3.4402993,-0.07365898,4.3361583,0.6324825,-3.9496224,-0.48759472,0.51776326,-3.8851447,2.9544952,2.227556,-3.3716164,1.6168069,3.2664835,1.6438196,1.4521835,-10.108446,-13.385244,-2.2985837,6.073195,7.9755363,6.5922313,0.23837152,-3.0484192,3.792064,-0.59133285,2.4344635,0.00464156,-7.9846807,5.7535477,4.219703,-0.1443621,-0.32220936,0.52606684,-3.4702342,-2.1503673,-3.2678118,5.5020723,-6.979715,-0.9606462,-4.1301527,0.52155113,-4.736891,-0.47718823,-1.5531614,2.4215565,2.244915,0.3668982,4.343695,-5.704591,-5.4377255,1.2458354,-1.2621084,-1.4790554,5.568556,3.642418,2.27288,3.700973,1.0356908,-4.386966,3.7973566,-2.2225966,-2.3284826,3.228641,-2.2317605,-1.4690719,-3.5601127,-13.478412,-2.2217777,-4.604773,-1.8742391,-0.80804354,8.40131,-5.802918,-1.9393984,-5.192961,-15.059916,0.93399626,1.0179956,-0.532952,-7.57119,-0.76039815,0.7445132,-2.4131432,-0.72923297,3.5401611,-0.96980804,-2.5885441,1.0864261,0.3756422,-2.2183185,5.6053953,-18.072525,-13.083756,-10.691812,-2.6913638,-5.4903784,-2.943838,-7.6634626,-2.4602249,11.986166,9.444481,-4.482166,-2.832322,-3.426897,-2.197702,-3.48398,3.541459,-0.67483395,-0.35250878,1.1079099,-1.1812627,1.3314914,1.3141243,1.9289806,-2.7755234,5.643683,-0.22462493,3.7346566,0.3166901,7.847459,-4.267097,-1.1738944,-1.2672193,3.141371,0.0,0.21942732,3.8960948,-1.781405,0.5594264,-1.8444468,0.63362235,0.2153945,-2.5323453,1.2925057,-0.18731435,2.3633711,5.407583,7.6088514,-3.6831417,1.0876472,6.438896,3.1471837,4.9382415,4.9804006,-1.1819049,0.28504825,-0.069417655,2.8606675,-1.9955834,6.066811,-2.2082348,-0.13706127,-4.415928,-4.729089,1.5141666,-7.3410287,-1.5665092,-1.9541981,-0.44888732,0.027524147,6.5298543,-4.1506453,4.4606056,-0.29905856,-6.6472335,-2.570941,3.0493526,-1.5120891,0.18893708,2.7564707,-0.20306996,0.022958212,2.3941956,-0.8651741,-3.1162148,1.3293251,-6.3720655,2.701047,2.8626404,0.2496523,0.5715252,-2.0298674,1.1250318,-3.8085217,-1.9642056,-5.5373225,1.9595698,-2.266526,2.8189237,1.97937,-6.489979,-4.040562,2.5248654,-2.1895015,3.0114746,-1.5006144,-7.703072,-1.4893463,-3.8395753,2.394762,5.5573907,0.826853,-0.10141665,7.797996,7.709918,10.769951,-2.1503356,4.436677,1.918155,4.272388,-1.4169112,1.425526,-0.9206603,-0.46069148,-2.6117637
192,-3.8089263,-3.8079941,-2.0950148,-3.583326,-3.2683876,1.621716,-11.24908,-2.0287013,-4.215861,-1.2603604,-9.296813,-1.763492,-1.4122105,3.288813,-5.7332807,0.1459555,-1.4989369,2.2866,-4.1724644,-1.3487878,-4.4547873,0.22013521,-0.8558571,4.24912,0.849849,-0.058920223,0.4606711,-2.230078,-9.582735,-2.2060509,-3.0452988,1.0869578,-1.103406,2.0601754,2.058499,1.5352898,2.186542,3.3930647,2.0242467,-2.1167858,-4.9863405,2.644111,-4.867374,-2.4840958,-3.921834,-0.18800093,4.189793,2.7877717,5.946894,-0.4364859,1.681258,3.2992387,-2.4349825,-0.82535815,1.0920097,-3.788719,1.7243042,-2.0668473,-2.258879,-2.118034,1.7046423,-3.2687907,-2.6496167,-0.8774755,12.588646,2.4168944,-0.7998285,2.894115,-0.2611415,-2.5817866,-5.47582,1.0832585,1.2134875,-1.4532049,-4.1334467,1.8997751,-0.06833512,-8.178184,-5.7487063,-12.850517,-7.3866167,-5.0005064,-8.015543,-0.6927293,3.811025,-4.8280716,3.7358801,1.2331462,0.5393262,0.018938307,0.10110447,0.44764966,2.5342765,-0.4762538,1.6018989,2.62737,-4.433268,2.510565,1.6703136,-0.49435982,-4.778619,-8.03379,1.1948651,-2.177001,0.21507955,-6.6795535,-2.362103,0.8709142,4.3054504,1.7899213,-2.0349522,1.0102224,4.886356,5.784369,2.7055838,0.7175897,1.2376239,0.36594632,-8.925659,2.3577192,-6.168722,2.1042001,2.4851882,5.1076026,0.044018127,-7.5333347,-12.27274,-0.46865904,-4.986555,4.971972,-0.021235758,3.4763858,1.040086,1.2690434,-3.681048,1.0549364,-0.4976701,1.8016659,-0.16992593,0.15022086,-7.544763,1.2038186,-3.7699497,-2.1521454,-4.387296,-4.4693213,-1.3255525,-0.12363576,-3.738607,-7.9081573,-3.2425313,-2.8786895,-10.577121,-6.9374313,-7.026755,2.7660506,5.215243,-1.3783661,-2.9641805,-5.7320952,-9.991859,-13.8429785,-0.97023076,8.833436,-6.348576,-1.1553257,-12.595668,-1.5277171,4.3583717,-2.5060794,-0.5317463,0.35705236,5.3813734,3.4926643,4.1696677,5.7286363,2.3668005,-5.9430695,-3.5598595,-2.4800916,-5.596258,5.539276,-2.8364065,-4.455207,-4.7909102,-3.2489548,-4.859362,0.4572541,-0.9820989,-0.53471875,-3.6451678,-1.5222085,-2.6492918,-8.667204,-4.22382,1.9408715,0.79124594,1.6325691,-0.9040299,-5.202697,-6.3325315,-2.5934095,0.51134723,-2.4010415,1.3852252,-2.5673516,-2.3064,5.3945417,-4.748331,1.168282,2.5066183,-3.4997628,3.7806656,1.4960116,4.266279,-0.9162171,1.3457679,6.199067,-1.9119234,-0.9805606,4.8877826,3.228116,2.0899997,1.4089626,-0.703204,4.277235,-0.7091122,2.1362777,-0.20976965,6.447652,-1.1052529,3.9984286,-1.0671006,-1.0733237,-1.4385926,0.5237503,-14.002847,-11.4726095,-6.6318398,0.87970626,-3.4120672,-3.351289,-10.82204,-0.3325913,9.085379,11.378152,-5.100536,0.13347986,-2.5546796,-4.7024603,1.7925755,-0.059111644,-0.1926801,-0.23953372,-3.075089,-0.9422584,0.50563556,-8.338429,-2.043328,-6.5760083,-11.598175,-3.713108,-1.511069,-1.8300493,1.620357,-4.9974885,-3.3689818,-0.44548875,1.7959198,0.0,0.16009983,3.8167002,2.3191285,5.7028766,3.920219,3.278099,-6.919976,0.8734128,0.5615241,2.7828162,1.952433,-2.1824777,-0.51779693,-5.7447495,1.3906267,4.2529583,3.1741223,-3.454222,1.3090421,-13.594126,-5.3579645,1.3947854,9.975872,3.1834598,3.241521,3.4947374,1.412334,5.23646,2.5581248,0.90547514,-11.275738,4.132035,5.513219,8.642779,2.6480582,-2.711587,-1.8682292,-2.0650654,-0.7289827,1.219188,1.1288207,-3.8079865,-2.4434335,-2.7558157,1.6242884,2.1467888,-2.1123455,-6.072573,1.6406729,0.4739031,-0.8226779,-3.3670385,-3.9852934,-2.99308,3.365948,-0.59853405,-1.8669305,0.8870807,-2.6285446,-2.3177733,-2.5303938,4.9441075,-12.864997,-3.4223738,-8.222064,0.60585827,-1.5276728,1.324589,1.2291555,-9.880794,-8.239305,-12.127573,-3.6667216,4.983042,-2.738157,-1.5022151,-6.0896654,9.970405,1.985821,-0.73121744,-4.736473,3.0019479,5.550247,-3.5593097,3.258377,4.8257446,-0.30945525,4.663851,-2.864195,-1.847008
193,2.4735188,11.0123005,2.3536146,2.1419208,-1.7325253,1.3692082,2.6811602,1.0169485,-1.8654284,-3.415975,-0.98817897,-0.43067038,1.1465837,-9.868874,-3.5082326,-9.97852,0.52097386,-4.092158,-2.3887615,4.373193,4.5609884,5.5082245,4.541272,9.93512,-4.897967,-2.2600021,-5.357737,-8.140354,-7.850836,2.6660125,-6.851241,-4.205678,-7.4798713,5.1489015,-4.902621,-1.507067,0.60701185,-2.780618,2.8061838,-0.047017254,5.018617,1.9305991,-0.35151586,-5.0584564,-2.9044917,-3.207644,-1.5826018,-0.44515845,5.2918167,-4.4799137,3.3559935,2.5106585,0.45150772,2.3245914,-0.49652067,-0.2776503,-2.3485894,-7.1253877,-3.6088781,-4.3470144,-6.8091545,-1.1297301,-5.3992224,-3.2237363,5.432604,-5.5004463,-1.4749244,0.90028423,2.2410262,0.45306656,-4.073974,-4.753259,-2.8550544,-1.4334059,-7.0168467,-0.56279933,-0.21160257,-4.542779,-5.630887,-2.3245037,-7.9466033,-7.872512,-5.384445,-4.6524496,-2.426539,0.32287848,0.14546189,1.0593822,1.9640152,-0.0010614231,-0.15879679,1.4570568,0.9199362,-4.6763787,-0.98226076,-2.1608431,-2.4720833,-0.12065345,-1.2137592,-7.582292,-3.6883326,-0.057899013,-21.200722,-6.460221,-2.2612884,-3.7727613,-0.61304,-6.842295,-7.559351,-1.1188269,-7.5683923,-3.5826824,-0.96989185,-22.669695,-3.1104214,1.6199775,0.89039916,-8.869791,-9.2623825,-7.3478684,3.420852,-3.902205,1.1856879,-1.8736105,4.421572,-13.630272,2.0612772,0.2654471,-0.44436926,-2.0884676,-1.4658054,-4.5314193,-4.687327,-2.045001,-3.940589,-4.96497,-1.9210579,6.3254275,2.3374188,-3.225134,-3.814521,-1.4520859,-7.786827,0.012479146,-2.920452,-6.766577,-2.428388,-0.9820318,-1.7299397,-0.97742873,0.26613677,-1.2048088,1.4763813,2.466641,-1.3432333,3.0944407,6.0354767,3.7396636,0.19693148,8.259654,-6.754997,-14.64296,-4.067631,2.3335571,2.1864445,-1.6538312,-5.79289,0.97869486,-5.4819922,-6.390736,-0.54162955,-0.06303398,-2.3596153,9.206511,4.243895,4.534171,-0.15510115,-9.837575,-0.09181935,-5.742042,1.8113688,6.590186,3.4148285,2.5982041,-0.38358468,2.7044413,-10.44011,-1.680801,-0.3579507,3.7912338,1.0234457,1.6450726,0.5311061,-5.883847,-3.5651557,2.8125415,-2.6563299,1.8778174,-4.938669,-2.2691734,-3.3664439,0.8366775,4.136918,-7.8029118,-0.40208498,-3.7227838,-1.5468539,-2.3288047,0.189932,-1.4438807,3.8420722,-10.107977,-2.3335154,-2.715516,-2.6861145,0.58048606,4.4818683,-1.425668,0.47384742,0.0115403775,1.6291087,-1.8878592,-3.3090968,-0.26714355,-1.1377267,3.5388327,-0.3393268,2.127008,1.2032807,0.25356194,1.6652658,3.375359,-3.3791187,-1.204954,-0.7735433,-0.29844272,-10.610166,-14.377619,-5.0819807,-1.7081392,-4.8739886,-7.6457834,-6.1415567,2.0826955,2.378299,2.1171753,-4.8688717,-2.7363617,-3.9563148,-6.1940475,-4.183878,-1.1158595,-2.6815991,-5.5341387,-6.022711,-3.836584,-0.43126506,-4.7241073,-7.079337,-1.646919,-2.922597,-7.3244605,-2.8573883,-3.8757126,-1.4535643,-0.30367738,-2.2368603,1.7838881,0.95272017,0.0,-0.3722126,-0.5436111,1.1526761,0.6863775,-3.4666662,-2.5721657,-4.1874166,-8.02253,-7.808902,-3.2620378,-0.07931978,-7.094764,5.640454,2.4324691,0.060727987,-4.299285,-0.22613151,-2.1627347,-0.41887873,-11.642852,-2.2240539,-3.3637452,-1.4000181,-9.716602,-2.1720116,5.0398574,-3.0462224,-8.929099,-7.646232,1.8531564,11.170982,-7.010781,-5.6962833,-3.0920286,-0.88363826,-3.3912768,-4.2621465,-1.3781766,-2.5907657,-5.240954,-4.7148438,-9.263569,-4.261826,-1.0449985,-0.48229316,-0.5170293,-2.91356,-1.841846,-5.4436016,1.3963504,1.7746092,-2.0964696,-3.7399883,-12.205717,-10.006828,-0.08742939,-0.49812248,-0.6182195,-2.5998306,-5.185248,-2.2551012,2.166367,2.3909464,2.4618661,-11.853828,2.0126548,7.017356,-0.47030303,3.408493,4.4123054,-4.2387905,-3.1880782,0.415137,-3.2974942,6.188471,-4.272521,-3.1277502,-0.5735361,0.57718295,-4.3846097,-6.258884,-3.7582047,-4.951344,-8.009137,0.5634511,-5.4105678,-0.8175782,5.370966,-1.117318,-4.074749
194,9.009835,-4.5080476,4.482011,2.054378,0.48839256,0.6101979,-5.770166,5.397833,1.826804,1.642868,1.3231982,0.91575736,-0.14702554,4.8898735,-6.9501467,-8.4935665,1.6813219,-4.274517,3.6635911,1.3810937,-1.7348484,5.2049847,3.4221222,-7.793134,-7.629881,2.098323,-7.413306,-4.3017836,-14.694681,-0.2526601,-0.45935482,2.9003716,6.9015236,-2.21529,1.0266187,1.315194,-4.8393474,-6.6561437,4.4983964,2.4424047,5.611748,-0.66798824,-2.4806216,2.6567795,-6.9122243,-4.241905,3.2536685,-0.89739424,2.4198163,-3.6671376,3.9127312,4.1534758,2.95184,1.4588,1.9564152,-1.1732825,-4.374664,1.266159,-4.469545,2.3180368,8.912623,5.2146544,4.49637,6.731962,20.02878,4.410993,3.688184,1.9668052,7.5707006,5.483036,4.0046687,16.316216,2.76651,4.767964,0.8184684,2.5562012,0.27139938,2.1096656,-3.2774017,6.210773,0.17122878,0.49261308,1.8439405,2.6261823,9.274413,3.1573648,14.470448,2.007205,3.1866796,0.09364519,-0.26148668,0.2785169,2.7789855,7.0698957,-2.4245253,-1.3679734,0.81830186,5.7954106,-1.4367892,0.33979565,-8.986203,2.4782608,-6.0534973,-2.0066879,4.6165657,0.39280695,4.808336,-0.9311634,0.025969377,8.792598,6.011417,13.891727,0.95579356,-2.8627465,-1.3307381,-1.5318449,0.06377293,-7.7317615,-4.235539,-2.4255066,22.263096,1.1983231,5.797904,3.2889297,4.5767374,-8.517804,-3.08276,-0.073460504,-0.3858385,9.448907,-0.106701285,0.6325985,-0.51900434,-0.66986936,2.0914936,-3.8058772,-4.914408,2.4447162,5.3694053,-1.2113501,-6.097052,8.929663,-6.5250883,-2.9391894,-5.6804423,1.9989535,1.8157032,-1.4399934,-0.7954765,-0.32956392,1.560141,-0.23561661,4.304996,-4.1010942,0.5792327,0.8439102,-0.10695692,1.5236031,4.131041,-5.8755493,-9.799642,-18.03581,-2.4574769,0.24002512,22.192406,3.5700603,-0.005604603,-3.4447486,-0.7062271,5.82473,3.4826677,0.12723541,-5.8407364,7.361806,-1.5113837,8.370217,0.9882754,3.1117647,4.2084265,4.1093407,8.55735,5.2124577,12.122254,8.96446,6.6831765,4.3825226,-0.7996963,2.2178931,2.7355964,-5.0322905,-3.8545744,3.4700015,0.8077842,-0.92160285,-4.670776,3.3116646,-0.9585248,1.5596406,-6.5289135,1.6999032,5.481,1.7479488,2.1224685,-3.0928872,-0.92791456,3.087194,-3.9631755,-0.8274611,-10.8945055,-5.9064445,1.413265,7.1591945,-1.8765697,-0.34227914,-0.83132386,8.578493,4.075806,-3.05206,1.8659294,8.447486,3.1330361,1.8847216,-1.6267116,0.16640735,-0.027896898,-0.9257972,-4.0565495,1.2186301,2.4532259,-4.9955735,2.5187924,2.207361,1.1383508,-1.1724877,3.9682548,-2.3936756,-1.7937719,-7.4672937,-5.6994433,0.51407856,6.1388865,4.2933803,2.3060064,18.52786,9.75608,14.3926735,-1.4707083,-0.2628472,8.714611,4.4769683,3.2424197,6.0375443,-0.769681,-1.0206492,-0.6923733,0.24869221,4.661891,-3.946345,2.4343688,3.0699408,-2.774432,-3.287075,-3.1254451,-0.20771068,13.259364,6.0399656,5.8383794,-1.8006985,4.2098923,0.0,0.2856735,4.036063,5.8897038,0.48223314,-3.4101212,-6.6001554,-1.1822046,-0.679873,-0.27634773,3.0586436,1.3115605,0.7215102,12.101913,2.5049071,1.552998,-1.6741773,3.8785532,6.4075136,3.085126,3.6036537,7.1570315,7.79273,-9.908768,-0.806745,-2.445219,0.036750782,-7.0002637,-1.6718218,-11.360005,5.455693,22.095886,3.5614514,7.0178056,-1.1855748,-0.3270206,-2.9034793,-8.399456,0.07793031,-4.489465,-0.48966408,2.2004466,-2.1468594,-2.8065982,3.3317993,-0.1909499,1.8297589,-5.609122,-0.75340855,-2.5762064,-2.164028,2.1880274,2.0692031,-2.6697047,-10.224744,-9.182788,1.1882493,-1.6024277,0.100876436,-4.1551766,-5.3027143,-5.3522077,-1.1777052,3.377163,1.7528596,-1.0919974,5.6579304,2.649523,0.41980582,0.8442087,-2.9013736,-0.21707882,-15.800345,-3.8185074,3.7676432,-2.3276198,7.360079,-0.83558923,-3.1568599,12.325096,3.7020247,5.7467394,3.706029,7.4385643,2.2948315,-1.1049768,4.3217635,1.2738045,10.776954,3.2595434,9.308144
195,13.281639,11.666475,14.594164,13.278777,5.952385,4.171135,-9.912121,7.7864294,6.391537,-0.79837894,0.28433317,1.4468912,3.2251766,-9.342167,-5.9449654,-5.417391,0.36707258,2.2804158,4.744639,5.9743485,6.2851677,3.6695387,1.0704498,-0.5244983,-5.1500726,0.931521,-0.2023468,-3.776852,-11.6847,-7.4140763,-5.6984534,11.254758,-5.809369,-0.15763502,2.0121486,3.4350405,0.02792266,0.41723567,1.4068514,4.0456586,-1.5027962,-0.54156685,-2.9176722,-1.2407321,-1.0345993,-1.075843,2.5225618,6.2814546,2.5854604,-3.2563417,5.4642143,7.134998,-5.0776973,2.6512887,2.8214111,-1.9010721,-1.6696876,-5.8989744,-5.0458646,-6.579975,7.1928105,1.1929228,0.89094335,1.7599913,-2.0423715,-1.7255726,-2.4444413,-0.39197004,4.4475446,2.8316152,0.7094973,0.5411743,-4.337315,-0.6241158,-4.9114904,2.7206354,0.042068753,-7.822407,-11.219196,-9.541865,-7.1776934,-12.185501,-3.8502524,-3.3734465,-2.0228598,-1.5166095,10.496333,-0.04954643,-1.558143,-0.105201915,0.10490326,3.415662,0.6838025,0.75952274,2.4464035,3.6185665,1.7625488,1.6958085,-11.174183,-6.123495,-3.6654334,-6.7805266,-21.099989,-6.310033,-6.9924316,-8.816444,0.994974,-4.1206164,-2.9654152,-6.6875477,2.0192745,7.5464945,-0.6337996,-16.418737,-5.59054,0.68011147,-1.1383009,10.22472,1.1107447,-7.9253974,21.912144,2.5982094,1.5563546,1.5043991,2.8579977,-11.961547,-4.455697,-4.050778,-7.0177135,6.3457317,0.15715605,3.274992,-2.4154847,-0.3016865,0.9902385,-3.44114,-6.638002,1.8237678,-1.0026093,-4.970737,-1.7347848,7.46602,-5.8658595,-0.79996425,-2.2605398,-1.1723353,-2.4943817,-4.075472,-2.4295754,-4.009784,-2.3097265,7.0853257,20.395897,4.237504,-6.814232,4.7579226,11.450255,-2.3172035,2.050605,6.69886,-6.5482635,-6.6789904,4.795942,-5.2415447,-2.7050688,4.7811112,-14.917703,-2.8288538,-4.5750284,-4.765476,-3.298229,-0.011438516,-1.7880826,-5.0540557,3.1451511,-1.7120242,1.9159553,-9.917462,-1.5561272,0.29725885,12.028735,1.7014499,10.481525,15.096807,12.762132,5.797697,8.112103,2.8792825,8.3221655,3.5727634,-4.3233266,4.7802324,5.6757708,-15.168988,-11.59318,4.8541546,-2.300831,4.458621,0.7507129,2.1904297,5.7955737,0.08693963,8.572892,-2.3893235,-3.1276946,-0.25762105,1.1747168,-1.1649851,-13.957359,-7.080433,-4.3898616,6.8177133,-22.53165,-2.8568273,4.2116723,-1.9400185,5.793957,4.429871,1.378326,6.124867,2.4232576,-2.731239,-1.8740522,-4.766916,0.35559908,2.386107,-0.3765466,10.670189,1.5313743,5.5608826,2.9837232,5.1688347,0.3509244,0.22009481,3.6594577,-3.9235313,-12.040978,-19.131052,-8.695896,-4.8072906,8.133048,-2.8958118,3.3268743,-4.44807,-6.883879,-7.561594,-2.1356964,-1.1159708,-0.10066953,0.58441526,2.5785215,-3.8833673,-6.062729,0.7697801,0.10549125,1.9614913,-0.35794732,-2.012055,-4.801044,-3.2390325,-9.994415,-5.140291,-4.8791957,-0.22408706,3.7047842,1.4356332,1.3124049,0.7787779,-4.547834,0.0,0.34029004,3.0493116,-0.8522811,-2.4262776,4.993085,-5.2885375,-0.32253954,-1.6926352,-7.430112,0.33793515,2.6298974,-5.706462,-16.663542,-1.437596,-2.4314735,-8.168217,-4.441716,-1.8176259,-1.2753876,-2.2801833,2.5108907,-2.9003544,-12.310715,-13.856519,-10.805739,2.3861728,-1.0409538,1.562034,-7.676207,2.741855,31.207918,5.1246123,7.254853,7.548668,2.2333987,-17.571327,-4.550708,-4.2143464,1.7513992,6.9377666,2.6158125,-2.2547307,-2.413354,-3.6068997,1.0492796,-0.6644419,-8.051798,0.66180336,0.35084122,1.9933518,-1.1496134,3.3524687,-3.8121507,-2.3369412,-0.3173934,4.073913,-3.4746833,-1.4147952,-2.7763152,-5.2525115,-0.92606723,7.1797943,6.8974667,-6.220368,-10.66858,7.238579,3.969567,-0.5645866,6.9633083,1.9677262,-1.9967036,-11.722297,1.5342376,-5.9291987,-4.929947,-6.6142206,-14.433128,1.4065764,-1.177927,-8.3063,-3.6023529,3.0660417,-0.88336784,6.901981,1.8848146,-8.087087,-0.31963307,7.302651,2.0373943,6.1325617
196,26.89529,22.664085,20.671713,21.725462,16.539738,6.670739,10.741425,12.652798,13.831528,3.925013,3.2281919,4.693015,13.065262,-4.778857,-0.0842455,6.277308,0.904688,-0.24170175,8.80314,14.856537,12.371998,5.071114,12.999117,-1.4718648,0.9747141,-1.2769337,-0.64822644,-1.7375531,-2.5913842,-9.749652,-1.4707603,0.79988694,-6.5899954,-9.441438,-9.464866,5.721099,0.019808607,3.5218651,2.8050516,4.535992,8.180798,2.2187557,5.227691,-3.628025,2.0683727,6.774182,2.7435443,2.932321,3.0786932,-2.0296073,8.212054,6.807258,0.78774166,5.3610616,4.775216,4.0741305,-3.6510925,0.96416575,-3.9508214,-5.62116,-4.4312162,2.494083,1.3921983,-1.7548741,-1.9537563,0.6773401,0.8421719,2.0316117,2.2134984,2.0025911,0.3640128,-0.6511532,-3.3407476,-2.403129,-3.133634,2.2149289,-0.0051640435,-8.594551,-4.6626835,-5.4772778,-2.4153473,-8.151121,-3.1068153,-1.3651538,-3.5835795,-2.215767,1.4324642,-0.83817035,-0.09794477,0.04946577,-0.36238146,0.3262268,-0.07676148,-4.055525,6.250366,0.7461339,0.52095395,2.4488,-7.124534,-0.20670661,-3.9394746,-2.1582272,-17.540123,-5.0575347,-0.70719844,-3.6988082,-2.0961494,-11.172831,-0.8509941,-8.0224905,3.3599415,6.0224457,4.0868163,-24.99797,-12.08162,1.429786,0.6359631,-1.3287218,-23.200962,-7.169009,26.569284,-3.4890087,-0.11610867,3.2778668,1.9636908,-12.055657,11.68089,-2.2370775,-4.195341,0.078937426,-0.6267375,-2.3036005,-3.1514993,-2.3907104,-1.8943881,1.9381676,-7.994754,2.8662622,7.855019,-2.8542097,1.0591987,18.6185,-0.81104314,5.213967,0.5206364,6.5644817,3.5966775,-0.0720403,-3.0793784,-7.213664,-4.5366054,8.8185005,29.219398,20.169363,10.840605,10.677263,6.994819,12.591303,5.354988,16.94387,-5.4882445,-7.044426,10.000796,-7.111519,-8.185002,-0.69689775,-4.618615,3.376179,-10.636974,0.52685505,0.58909786,0.09246464,10.56538,2.2754598,4.518975,-3.46479,-1.8776722,0.572402,2.9532952,-0.5847128,20.934978,10.93289,21.306236,17.916925,16.783136,14.7538185,9.878311,5.645957,12.739225,-0.55956334,3.3391912,0.8960231,10.884382,-14.20172,-5.3573008,16.142612,1.2893381,4.286071,8.317311,9.732224,8.940181,5.582561,9.346401,-4.4051814,-2.2857945,-0.66880566,-1.952252,1.2601973,-3.994234,-3.23766,-3.1080813,-3.449269,-7.9581823,-15.133697,-10.023023,6.025122,-4.3379407,-1.1489191,5.817696,11.881676,4.969509,7.9050174,1.4330612,-2.9389029,4.5370135,6.512725,1.0030516,5.3236437,0.33795097,2.1946745,5.513272,4.926587,3.5447228,1.4199404,3.2108333,-2.1304886,0.12048212,-8.221129,-7.83088,-3.5306635,-0.42043936,-0.14466521,0.63872105,0.880133,3.9360402,-3.4027221,-2.23926,-4.3960857,1.9680144,2.9614332,-0.26949376,1.0212718,-3.0377364,-3.6459174,-2.0435088,3.756053,-0.19937722,0.5943931,1.5039817,0.93657464,-5.5176015,-4.1475925,-4.436973,-3.4309237,-3.412673,1.109788,-3.9299786,1.7923322,-1.1122104,0.0,0.5116449,0.23846026,-2.41205,-8.068085,1.0973501,-2.945456,-3.3515887,-1.8510014,-2.8059447,0.93682665,3.9915178,1.311625,-8.972994,-0.8768354,0.24814248,-2.6609712,-9.639387,-9.178141,-5.7859206,-13.628637,-5.5042963,-1.085399,-11.612574,-3.71641,-7.438273,4.961792,3.7794564,0.0141812395,-17.781292,-7.0453663,43.605587,-2.119475,-0.791357,3.7260537,0.6929251,-7.0980563,8.192545,1.7476737,-0.047685158,0.16135459,-2.0674527,-2.4867632,-2.3318295,1.0854802,-0.3731235,-4.94067,-4.340346,3.4832852,4.8506856,5.896928,-0.79111505,12.654332,2.6328003,-0.20857225,1.4172362,9.722142,0.8667744,1.4301325,1.1667346,-3.3341749,0.9269344,3.4576895,13.425855,4.433819,-10.1345825,9.257994,8.445566,7.453429,13.660304,5.137564,-3.4569905,-16.783804,3.2589195,-1.8072263,1.8167999,-3.7786984,-7.5471272,3.020238,-4.4919167,-5.517584,-4.241994,-1.999605,-6.3631353,-1.190298,-0.9948276,1.1545817,2.1525474,7.840449,-3.1985457,-2.1268158
197,26.598225,8.995127,19.149958,25.21191,16.457354,9.3045435,7.7070503,11.252356,12.902685,3.7920227,-0.7092177,5.622767,13.926463,-2.9315002,-3.4065351,9.288857,0.3414297,-0.9419148,4.9016843,6.2070575,10.627055,1.2762718,0.98945075,-4.082164,0.04753478,-0.5989037,3.9272394,-3.2344253,-1.398887,-4.4922347,2.3945324,1.8268842,-2.9224892,-4.1710854,-0.22077529,11.888211,2.4567266,6.1922727,4.688402,6.6740537,7.529804,2.5890605,3.3970656,-1.0751854,-0.15761405,3.2648747,4.348583,4.8562045,2.0948982,0.40970275,7.265375,3.6075265,8.60825,6.855054,3.3550599,2.566181,5.8964677,7.8325443,1.7757052,3.709481,1.6331002,5.9742007,2.2941284,4.1183863,4.925974,1.2602684,-0.76187515,-1.3608571,1.5427897,4.0096717,2.6662815,2.9930503,1.3799212,4.2403936,2.832769,5.4264474,0.06214351,2.169027,5.8329597,2.7688735,1.2585506,-3.8511715,0.020133514,-3.3175693,2.0195374,3.8736587,6.836312,-0.0052885893,0.9495992,0.027495768,-0.13775843,3.1582265,0.59803605,2.3894336,7.078411,-1.5199219,-0.32719263,2.4042044,3.4690406,10.422067,3.0035791,8.762098,-19.202513,4.9143186,6.521869,4.053516,7.1196837,-0.052185494,1.834157,-4.117146,6.717323,7.2813582,8.932412,-5.555212,4.9004135,-1.0515803,-3.2472453,0.38714683,-3.3169012,-4.325842,33.84536,-0.79697937,-0.16541398,4.2901335,2.785351,-6.1881537,1.1827918,-0.5707962,5.6850653,-0.25559056,0.5192859,-2.950631,-3.4449089,-1.4196993,2.924822,2.2005439,-4.8424187,2.2329104,-0.24038042,-1.7791756,-2.9945579,11.915438,-0.51145023,-2.8114057,-3.1609073,4.7295475,3.5407028,1.5997641,-1.441672,-2.0656204,-3.5415008,3.861715,9.607341,23.95521,-10.1771755,7.7526956,5.369035,11.922735,7.189477,15.937241,5.1407704,-11.433395,11.404221,-10.740914,9.480387,-4.4536514,-5.8673472,11.678399,0.43446547,4.274766,-0.20945443,-0.020977,0.48711517,-6.590878,2.1770523,-0.14140746,-1.4914993,-5.5904293,1.1970313,4.318661,22.715416,10.105201,20.595795,20.395927,18.115467,14.267818,20.430752,5.4620514,11.700423,-1.5089972,-2.1722925,4.5728946,15.038155,-9.020322,-2.3847435,16.703604,-0.6234477,5.842528,9.278205,14.382869,13.153762,6.795145,5.452162,-10.277969,-4.1818366,-1.837318,-2.060773,1.4297547,-2.6083949,-1.2477709,3.222874,-1.1231335,-10.345443,-6.1647663,-2.5549366,13.039258,0.25094166,0.67829514,6.8594294,10.015256,9.377567,7.222039,0.6531892,0.14410771,6.803134,5.0056305,2.3677197,3.9959917,1.4103992,2.97118,3.309783,0.5608174,0.6472599,2.6096272,3.0317404,1.0600723,5.198565,-3.9847257,2.6820369,2.8050196,-8.738302,5.135686,-0.4637501,9.000712,0.34402794,1.8888252,0.30623725,-1.9927716,3.4283204,2.8301268,-3.2408223,0.4417779,-0.4405026,6.720974,2.495219,1.0923816,2.069845,6.285938,2.4387286,0.23067825,0.6290421,-3.8975239,-4.6968803,-1.1887097,6.4743247,-0.32412374,-1.3327296,0.0306552,-0.602614,0.0,-0.34249505,-1.4894503,2.424924,-5.0314155,-0.15228651,-4.2501264,1.0383942,-3.5499306,4.626514,2.0523756,-0.7052952,5.581176,-2.6289456,4.3352036,-1.1591078,2.343297,0.6953263,3.091517,1.6615227,-4.732772,2.7327306,-0.65619767,-4.131653,-3.8439023,0.13391209,2.9360504,-2.208768,7.445975,-12.451323,8.37623,43.148705,-2.7094023,-4.714854,1.3762865,3.2765462,-10.363243,-2.217643,2.925193,5.736199,5.814074,0.009365299,-1.0165848,-0.2492311,2.4260952,0.474037,-0.08579654,-1.7226073,1.349963,3.0436702,0.2621524,0.15404384,13.332481,3.502453,0.2828914,-1.6950206,13.604944,0.68859005,-0.33275017,-4.076181,-3.9623132,-4.935219,1.8895919,-0.63675857,13.331586,-7.789248,3.9732776,3.7140007,7.741264,11.792794,9.46028,1.5717129,-2.021839,7.414832,-7.9010086,-10.196191,3.51271,0.9061988,2.780635,3.8316877,0.98511934,6.2751355,0.5193704,-2.066251,5.4035573,1.6633552,-4.9752913,0.21514143,0.6255205,0.50283325,0.5156754
198,16.974037,5.5703287,4.8450623,17.888918,9.755698,4.483,1.5921715,2.2458413,3.322591,2.0572147,-2.103581,1.9333688,15.124287,6.1301455,-1.116939,0.5835271,3.3997362,0.07797161,10.187728,6.846307,5.607449,-2.1265981,-2.603142,0.8500617,5.674252,4.5359488,7.072114,6.187566,-2.9324315,-2.9651294,1.2703199,-0.48368612,-0.7922399,-5.8028436,0.928206,3.4222317,6.764398,8.883246,2.9699893,3.532598,6.3831735,-0.5010763,4.440102,-3.0368714,8.310582,-1.6112809,2.8853846,3.2376475,3.407464,0.32004124,3.1325657,0.0016441209,-0.60496676,2.1897295,-0.27356645,-0.5903475,2.7244267,-1.4663059,2.7760022,3.6676133,1.3932315,-2.4885674,3.612658,-2.2837138,-12.293388,10.605107,-2.2524667,0.55886185,-2.166131,0.084834896,-0.59560436,4.0026383,0.12008439,2.9181774,-0.61677,6.8366065,-0.11170284,3.9313543,4.865784,0.35366967,2.390713,-2.0370746,-0.3128768,1.2458891,2.1555798,1.2231791,5.2971992,1.31873,-1.1239012,-0.0665093,0.038285907,5.323282,3.593004,0.5766964,4.2350607,0.77662694,-4.155544,-2.332472,1.5614184,7.2512317,3.4088728,9.4047575,-2.0992682,16.457037,4.4241867,3.5648603,8.016947,2.9381678,7.7531996,2.6840653,1.7729375,1.6349083,0.8094483,8.525962,13.65259,0.7799746,-1.1121573,-0.47351888,20.930658,5.568912,24.761961,-0.5951249,0.38427082,0.74703693,3.0326912,8.603358,-3.7007394,4.837682,4.80129,6.6503944,0.9185573,1.0131353,-1.9479529,-2.9836032,-5.0812697,3.554274,-4.046568,-4.988507,2.0508554,0.85634255,3.9306695,7.745891,-2.355686,-9.0041485,-1.768992,3.1513002,4.9017363,3.8540726,1.0446509,-5.1106296,-1.7031,7.4630227,19.142496,-2.7014377,1.4019467,9.642589,-3.7780032,1.6545062,3.6432664,5.3408947,4.032884,0.661863,6.4948626,3.3324316,-5.1165075,1.7514695,5.537906,2.217011,-0.24249713,-0.549097,-1.3585949,-0.037267968,14.883816,-11.211751,3.8458154,1.3040894,3.402609,10.317906,-0.33466312,6.8201256,16.432856,5.735628,11.743181,17.346455,16.056719,6.518918,15.23466,0.54878384,1.1647948,-5.94595,-5.8492494,-0.85277784,12.870364,-5.2875566,-3.447949,9.01263,4.1256847,-0.7645346,7.3515816,6.721299,8.595598,3.4289987,-2.0173025,1.123108,0.96921015,0.5314025,2.4639492,5.670623,-7.2000694,-7.4320173,-3.0084634,-1.1333369,-9.041128,-10.032557,-4.4267154,3.1585875,7.436635,0.6925589,6.4196267,4.4689646,15.18435,3.5456455,-1.80199,-3.6965532,6.281773,1.4033995,-1.6520288,-0.2550691,0.85740477,1.0057082,3.323257,-4.2082777,-1.6833586,-1.8109163,2.1861079,-1.0499184,5.0222707,6.6168137,4.165496,-0.06404982,-5.083362,-4.605191,-3.3819416,-14.149061,-3.8906255,5.980267,-0.87244093,-6.5603323,-5.372597,1.0214002,-7.9647474,-5.440763,-1.275716,4.292922,2.660505,-6.2288704,1.1833615,-2.1229029,1.4608922,-6.7921534,-3.682699,-2.4735472,-2.4643807,-0.6156211,-1.9601281,-4.899677,-4.3414226,0.87762856,-2.6509047,0.0,-0.25624126,2.3315618,-0.7486108,-2.4338982,-2.4613607,-6.9724507,-8.523219,-3.0974064,3.0814037,5.360786,4.8691874,1.9665148,-9.823593,2.6705933,1.0487098,6.653338,3.13401,2.3546436,-1.6894044,0.7861474,1.660519,3.530539,-5.996225,11.0104685,8.422811,-5.1694083,2.7718527,1.1815584,3.5026147,-5.1304307,16.067528,3.2095788,4.1747093,7.0972977,0.4404124,16.27119,0.36185777,2.944178,2.1834075,1.9465883,3.4024765,-0.4907898,-1.9604453,-3.5129635,-1.336687,-0.79795164,-0.8907734,-4.997764,5.584247,2.2640262,-2.1975749,12.978717,-0.10739114,-0.60754085,1.9762259,10.039964,-2.0557127,3.669561,-5.4705644,4.7235417,-3.806094,5.0105343,7.751159,13.277671,7.5953994,-0.6384472,3.0762222,5.0203185,4.565359,9.725879,-1.7138137,-1.2462823,7.163717,4.239599,0.23241669,-0.19232972,10.2913685,6.8490796,-1.0122253,-1.1855956,-2.005354,1.3745599,6.8171873,-2.210498,3.5967813,-2.9633536,-0.77294546,6.410653,-2.2777421,-2.8076222
199,7.023621,3.9083076,-3.3271291,8.55673,5.691174,3.9244745,8.780325,-4.623066,-4.64429,2.2345805,3.3830893,0.31057358,7.575586,-8.934656,1.5665245,5.2990956,0.7367624,2.7352848,2.349094,-0.18789633,5.026204,-3.5736518,5.807765,-2.6681197,10.262507,4.021489,-2.1441126,0.76935315,-7.245509,-8.2806425,-17.81921,-5.4232416,-9.175254,-3.3874004,-10.512252,-1.0734415,2.6853561,1.3932958,-0.5505668,4.84889,-1.2990854,2.6300635,0.53468347,-3.2707064,3.097088,1.7385083,-2.0657399,-5.400096,-3.1434994,-4.871289,-1.1262197,-1.3466326,6.111052,-3.039931,-1.7561569,-0.14861715,2.5675278,-9.236851,-1.6217264,-6.7394404,-11.60018,-6.408468,-1.6526631,-4.1289835,-21.509617,-1.0822109,-5.620957,-3.8415475,-4.969031,-1.0891597,-3.7797787,-1.5329667,-0.5265309,0.76927096,3.5132148,4.3330708,-0.34193882,5.2523766,6.3056574,6.0488343,3.0780485,-0.21170208,5.032302,-4.487616,-5.9069,0.49875227,-3.57831,-3.41621,0.48361897,-0.0058749802,-0.06777073,2.7551289,-1.3398266,0.08831537,3.7161949,-2.1336417,-3.1277153,-2.9982834,2.1928883,2.1632056,8.057312,-0.05967389,6.4337077,12.63457,10.879945,-1.7742184,6.6397805,6.075111,1.1367837,-9.08606,-1.7323967,-3.5525076,6.6085563,7.561386,-7.2466125,-2.0866203,-1.2936251,1.0079067,3.16007,-2.3703244,-9.060571,2.755329,-3.2688987,0.37129226,1.0945206,-10.718113,-2.4511514,-3.8169124,12.004246,-10.818634,-0.3587952,-2.2509801,-1.9511324,-7.1720796,-4.3190055,-1.2240092,1.4791442,1.0370975,1.8878258,1.2615962,-0.755741,-2.4962056,0.069071785,7.9652925,1.9316795,-1.2668294,1.8016517,1.0066438,1.6801974,-1.5175207,-4.9727964,-2.403444,-3.2440732,1.3767118,-3.674418,0.40147638,1.2050066,2.2594306,-0.11079104,-2.8950572,0.9360169,-4.056234,-1.3980523,-0.78806114,-2.2104454,-0.5376915,12.466799,5.507845,1.6615008,-5.1983523,-2.5617917,-0.10907644,10.328188,-0.9222026,5.042596,-9.508495,-2.7107441,10.269504,-5.9278097,-6.3667274,0.1866944,-4.6815443,1.57846,6.953897,7.461608,4.5568027,8.361749,-3.4984043,-5.4675903,-1.0796404,-0.17438714,-3.568325,11.399394,-14.392985,-6.0969586,8.617284,-1.2382044,2.2100337,9.798248,3.0934665,0.8251979,-1.864256,0.0029167768,11.645941,9.014553,-0.29961562,-0.30893904,2.305201,0.54490125,-11.490268,-11.77378,-5.6231256,-19.578869,-23.153969,-22.90052,5.9486713,-1.819092,-0.7293262,4.2066336,1.2034663,5.882142,-1.3131833,-3.2000902,0.8445194,2.9961538,-2.6921008,-3.2381523,0.35442317,1.2694609,-6.6240187,0.7524853,-3.7880123,-1.786473,1.9613991,0.20884813,-3.1336694,4.0636463,1.3641444,0.07170891,-4.8717823,-19.86993,-6.095184,-8.356178,-11.605785,-6.606419,-4.198152,-3.1914666,-10.696019,-8.239559,-3.5599413,-9.620103,-6.044863,-3.5522122,-3.9712834,0.6138302,-6.1452565,-1.2096336,-0.05896389,-3.7777834,-0.46852246,0.15167068,-3.5589876,-4.2925324,-3.907837,-7.401809,-11.747265,-11.896421,1.3300245,-6.073768,0.0,0.15590876,-0.3299168,-1.3977348,-4.8237944,0.6253516,-2.9891422,1.1217715,-9.577729,0.022392236,-0.9350256,0.9471854,2.3963323,-15.5823965,6.3015375,4.111766,-6.236297,-3.2451382,-2.7789586,-1.5834411,4.5400476,1.8423594,-5.3482795,-4.348601,-8.101681,0.8902248,-4.3522077,2.3465767,-10.792355,-8.7120905,-3.6147568,-12.870196,-4.624888,-5.1076455,10.435139,0.06413516,8.008773,-10.318398,-1.5527232,-5.1762123,-6.1369166,-1.9918879,-5.9129314,-2.2686355,-5.722864,-2.1391914,-2.9850066,0.49916312,1.4997321,-4.1491165,2.2567682,0.88096106,2.4228024,0.34809244,1.0471374,-0.15668693,5.6230197,1.7149347,-1.8317139,-3.9197447,-0.86789817,-6.837113,-1.6213764,-0.66009,-2.7840683,0.19925812,-2.2902734,1.9064351,2.276701,1.9963382,4.515422,-15.096127,-0.20049676,6.7933464,-8.863319,-3.899331,-5.977795,3.1860406,2.9836257,-1.9884455,-2.687947,-3.2860029,-3.2453039,8.274246,5.3632097,5.9259477,-9.446583,-6.410561,-0.95147586,-13.554336,-11.018448
200,-9.422091,-6.127486,-11.808094,-9.400056,-7.9404974,-0.87546533,-7.21369,-6.657574,-4.2371225,-0.92148083,0.280546,-1.7790529,-3.960698,-14.932029,-4.023044,-9.403453,-7.1006675,-6.5622225,0.9165228,-5.949111,-0.68144596,-0.69201106,3.084087,11.447976,7.825519,0.13486534,3.2995393,3.9712856,5.624259,-6.167348,-22.808039,-3.1223495,-22.197447,-8.387573,-6.2874594,-4.0005884,-1.1403868,-0.6736132,-1.1863654,2.1035893,-3.538591,-3.7917564,-0.43387842,-2.2399142,2.2160711,-1.704599,-2.8891997,0.42344302,-2.920338,-1.6783702,-3.6672347,-3.775725,4.517486,-4.1061835,-5.7478747,0.6765368,-5.970442,-5.5097504,-5.8256917,-0.34245756,-6.502503,-2.0977554,-0.67228097,-2.6781774,-8.137267,5.4834933,-1.3192918,0.82907164,-2.1414683,-0.538321,-0.72901314,2.5119898,-0.4628895,2.2167187,7.0316567,1.3844668,0.2054994,8.183908,5.1410127,4.9504595,4.7546706,13.13532,1.3667004,4.5120044,7.115524,-1.3059587,-0.8134161,3.4049125,-0.022576306,-0.06401581,-0.6048862,6.95221,-0.5150119,4.500061,-2.6011002,1.2417867,-0.88901263,-4.051718,5.8340387,0.03676104,5.2083616,0.35563064,31.628565,-0.1140285,9.115011,3.8502915,0.65706915,14.440175,4.3667245,-3.1138668,7.0892735,1.7200028,7.23844,13.082333,2.964436,-2.1598613,2.921756,-6.098623,-11.840926,-3.114326,-20.341433,-0.63416106,-3.4453669,3.5082018,-2.7810113,4.1748195,-0.12987459,1.39639,3.2054667,-8.542905,0.35661077,-0.35051244,-1.7503785,-3.788627,-1.6363128,-0.7061019,1.8819617,4.5101457,-0.58279264,3.436127,2.0395632,-9.203421,2.5558705,2.3931031,2.6009846,1.8667198,-0.7178208,2.7063694,0.47798732,-1.3654734,-7.052807,-8.234878,-19.888866,-6.091647,-0.16449507,-9.328995,2.5431912,5.4745245,-1.5554178,-14.38512,-5.442213,5.8248935,-5.0396605,-4.973485,7.4893966,1.0141077,3.9486837,5.511567,7.8395457,3.546137,2.2830758,0.011347937,4.4159446,-2.0066397,4.337589,-5.5269995,-3.4057708,5.6130705,-8.167607,-4.8606668,-14.925024,4.1661386,-13.747002,-7.9603124,-2.6805806,-2.881363,-5.876391,-2.809508,-7.028095,-1.990573,-2.3127658,-5.556228,-0.22637251,-19.734356,-5.447328,-0.54978,-1.4182112,-5.645854,5.531559,-0.26788422,-3.826185,-0.85689884,-3.4271066,0.3663213,3.4010599,-2.4287956,-2.3604496,-0.94550157,0.19345042,-11.91181,-26.709621,-0.2558847,-28.167479,-15.74264,-7.8668313,-0.34562105,-8.264934,1.7272793,0.72770715,4.324488,1.4101156,-4.4357867,-0.9889012,-0.5929717,-1.5486728,-2.337446,-1.0333709,-6.3067565,-3.9360805,-3.1170313,-1.1121843,-4.7338104,-7.223456,-3.809641,-0.76460576,-0.9938391,-0.8787664,15.049013,3.8567812,1.2983323,-24.248829,-2.8792725,-6.166569,-1.3259028,2.5759943,3.6270094,-5.003528,-2.8554735,-5.047478,-4.558286,-2.1456912,0.44983932,-1.9522667,-0.6987118,4.3903227,1.1189556,0.55129987,0.16636086,-5.165017,-5.678086,-1.6391809,-4.639688,-4.562384,0.10243687,-1.4147263,-8.8997965,-6.6373234,2.2760944,-2.0745237,0.0,0.23784214,0.14205499,-1.8057647,-3.7965853,0.10048626,0.01215801,-0.12482568,-4.999511,3.9433668,-1.4530512,-5.087585,-4.7332406,16.793312,-1.8666682,0.96269494,5.1763015,1.0968082,2.3824894,-2.1913989,1.0838886,-2.7148297,-0.55215776,-0.1402851,3.677881,0.7399259,-1.6392076,-0.40815014,-3.623148,6.6665006,-4.4006844,-20.255842,-2.6281266,-5.968541,0.22159182,-3.6235468,-4.5298324,-5.428693,0.24473809,-7.0102415,-5.1789494,-0.7750439,-5.18928,-2.5426478,-3.7540922,2.3606021,-4.629377,-0.22901112,1.2065545,0.168643,-1.0547205,2.8868182,-6.091551,0.26963732,-0.32929,-0.47477862,-1.3442885,-3.5568907,-0.31408373,-8.590635,-2.4873097,-5.9716363,-8.396757,1.7856566,-4.780214,-0.90549284,-1.7093905,-2.418612,-2.4879029,0.10534886,-3.4694884,-11.977298,-1.6298436,-4.5157013,-0.8005303,-4.051248,-3.9545925,3.333386,3.4090822,10.972846,0.56007075,-2.9983082,-0.7972843,4.0917134,0.69653034,1.6305469,3.0891976,-3.6788576,-1.9511919,-3.5032575,-7.978164
201,-18.260212,-4.468513,-8.48442,-16.509026,-7.2194576,-1.871304,-8.363445,-8.696969,-10.299615,-4.9749246,-5.7227426,-4.3884377,-7.1272297,-3.8262897,-0.64321417,-2.69785,-1.903319,-0.9708893,-10.799248,-4.960764,-7.0420113,-5.2266817,-8.660158,3.4655087,1.7396178,-4.564139,-0.7476483,-1.6715642,8.987875,-5.8348703,-11.6925335,7.9407587,-4.835575,-4.4316835,2.1982706,-4.8339257,-7.810731,-1.1517205,-5.536058,-4.6565514,-4.811645,-7.775095,-5.1629605,-0.7343852,3.2563307,-1.665459,-0.11082053,5.8799887,-0.22493786,1.5357164,-6.8555465,-5.2511134,-3.2551887,-3.7785296,-1.2179197,-6.67095,-2.478203,-2.4589732,-2.7571535,-6.9587584,-13.717132,-3.9502854,-6.7502475,-1.7762085,-7.2615604,6.115455,-3.2841215,-2.5180333,-3.8701262,-5.357483,-4.791157,-6.323113,-1.6220598,-6.799095,3.809503,1.6752605,0.06595441,-3.9977715,0.09476133,-15.644374,1.3692286,1.661451,-5.2535024,-4.651491,-3.1198406,-3.1180177,-8.969554,1.125837,-3.2347455,0.0173605,-0.40902495,2.7017086,2.407509,-0.22269854,3.4660375,-0.6924477,-3.517825,-3.9103923,-6.1173654,-4.142231,1.6228801,-4.2656307,-1.5682914,-4.5461435,-6.116616,3.8299837,-5.997425,3.0481722,4.172206,-4.626658,0.54184103,-7.008934,-5.1000896,8.772681,5.8332863,-1.7018442,-0.5783026,-7.5695596,3.918674,-0.40265393,-15.306094,-0.18579115,-2.101805,1.4960008,-5.429198,0.78644913,-2.8468018,-2.354376,-1.2025125,-8.883272,0.39888465,-0.22744928,-1.3748089,-3.0384064,-3.9991693,2.5494988,-1.6033894,-0.119305335,-6.017667,3.1666043,2.3313038,-4.046563,2.1359904,-4.397371,-2.791532,-3.4630616,-7.127406,2.7327046,0.9694182,-5.378675,-2.7576838,-1.2795882,-10.656039,-0.9210028,6.8727417,-2.3644896,-1.5541855,-7.4926124,-6.0165534,-3.330792,-0.3446601,3.8019166,-7.1790195,5.640729,-1.8761845,5.748687,9.8223715,-3.5747209,2.537476,-4.914591,1.0848176,-0.09487901,-1.6406119,-7.5010724,-2.9709823,-2.2366042,0.28255263,2.8854256,-4.5085773,-1.7816846,-17.21014,-10.46446,-13.356905,-16.026245,-8.336011,-6.609521,-6.739271,-5.974904,-10.405299,-3.0682943,-7.842883,-7.6078343,-6.45589,-25.48696,-5.8239584,-4.396349,6.1552286,-5.894649,-0.9483413,-10.827239,-7.4534574,-10.209824,-1.661027,0.7168322,1.1886802,-7.0767403,1.2368267,1.2569529,1.7754426,-11.032591,-17.704296,2.9038224,-23.642467,-6.4924126,2.4922094,-1.9215794,-9.830239,0.30356225,-2.545191,-3.3814032,2.8289177,-2.7621863,-5.0655313,-0.9058147,2.1745708,3.3118024,-1.9905564,-0.38173288,-2.9571056,-4.972545,-4.5270853,-5.6539974,-6.443392,-1.3485131,-1.1873899,-1.8268019,0.11564784,19.229609,3.788755,-2.612793,-27.532654,-3.8232195,-11.821383,-4.616218,-11.185822,1.9087472,-6.495628,-4.9036746,-8.80547,-5.442144,-5.926591,-6.691575,-3.7766387,0.06442902,-0.7058388,-4.589919,-3.1430488,-4.2405744,-4.945288,-10.031652,-4.4673405,-4.766589,-5.970546,-4.4572535,-5.6298313,-17.269457,-10.456934,-0.5159757,-3.430553,0.0,0.6292553,3.2479994,0.17045946,0.14599256,6.7341995,-4.075811,-5.6934414,-5.8355885,0.90676117,-2.2312663,-7.6743045,-5.296521,21.048927,-9.7517605,-3.4143624,4.6642036,2.146079,-6.196005,-2.8296895,1.2712177,-2.4701722,0.3974173,2.036466,8.416465,9.066685,-4.572863,-1.0352377,-0.36827174,-2.448642,1.248856,-19.466274,-1.9062648,-3.2860336,0.61890024,-2.95411,5.3853245,-6.1608114,-3.267494,-6.0590434,-4.6520042,1.1124268,-8.797304,-5.5740237,-4.831756,-1.1839726,0.8339452,3.4180024,-1.8243319,-3.2862813,-1.6805413,-3.943858,-4.0713644,-2.599043,-2.4226782,5.250649,-4.080468,-3.9641368,1.6953611,-7.085794,-2.3789759,-5.024829,-0.8520561,-0.950745,1.4139508,-3.1451077,2.3996608,-1.6797174,-5.9295926,-4.967757,0.5223962,-9.852133,-1.1899779,-5.807376,-2.2361183,-1.4874986,-0.7000416,8.359595,0.591435,2.9353328,-7.496676,-6.6857834,0.026665306,2.3697026,-4.273055,0.0035113457,-3.1516984,-3.921381,1.3729092,-7.3420124,-2.9950845
202,-16.777458,7.3972692,-13.436948,-15.5987015,-9.435158,-4.0866785,9.241308,-8.611146,-6.3894787,-2.4476821,-1.5355003,-3.3430097,-7.1138873,2.0405498,7.0813804,-3.6916816,-0.88858014,1.0996873,9.427653,-6.717286,3.7610242,-6.958296,-0.20407046,-5.0318522,1.4654657,-3.1842613,3.799084,-0.598751,13.674946,-5.2604566,-12.019647,5.1114945,-2.6837919,-4.6239114,-6.490155,-6.6987886,-1.7220732,2.7373018,-1.0454253,3.7931564,7.2251143,-4.5870843,-4.8662806,-1.2174112,5.1691008,1.813204,-1.1160738,-2.87902,1.0152617,4.8958893,-3.9910903,-6.8957276,-0.4912063,-5.5348387,-3.2471588,1.180519,7.084516,0.4732957,-1.8410609,3.378975,-10.689489,-4.7597094,-4.3225484,-10.101045,-6.030862,-1.6765231,-1.7605063,-3.8824654,-2.8610492,-2.2307918,-3.6834188,-7.990236,-1.194174,-4.4119678,4.3040214,0.3619974,-0.03034123,2.945175,5.4858103,-9.261888,5.448984,-1.1192087,-1.0653377,-9.036471,-5.285575,-1.1521252,-8.348497,1.7144951,-1.5878887,0.069645114,0.07634594,0.7993345,1.5821518,-5.7753663,-1.2260953,-0.9178423,-3.745711,-4.4475994,-6.768456,-12.233431,-8.963187,-2.4998806,23.376463,-2.1219897,-5.3553715,2.5878363,0.87682563,1.3515612,-0.75821865,-3.370037,-4.4311223,-8.536625,-5.0448446,15.203111,-4.6188755,0.68931174,-0.8666825,-9.992487,-6.6007714,-3.3922517,-23.448198,-3.9624434,-5.0052814,-1.7468877,-4.877024,0.3860013,11.369904,-4.06377,-2.0730221,-9.361839,-1.1208559,-4.7621703,-7.0219626,-6.715229,1.020171,-1.2687452,-3.5716455,-0.9046582,-5.441525,4.2549257,4.807813,-6.4737954,4.6652327,0.2192139,1.2370542,-0.39500555,0.30404338,6.9428353,3.7829704,-0.64637506,-3.7782326,-7.4611955,-7.930668,-7.153957,9.752332,-2.472625,2.7086623,4.0765514,-1.4915076,8.350208,2.8141346,3.8549852,-6.1602893,2.3891072,14.221747,-1.2888457,13.9141245,-2.4718924,2.870514,-7.1740108,-2.2376988,-0.09620855,5.082858,-3.186888,-2.6083503,-9.303046,-1.3822848,6.7206845,0.06466086,3.531628,-17.512394,0.7287621,-10.62407,-14.023906,-9.469826,-4.2381573,-5.0447807,-4.372216,-8.312756,0.41259685,-3.0449317,-6.1646433,-6.7750683,-8.145554,2.2696042,-4.998916,0.2618535,-4.317811,6.165189,-3.3976874,-1.3432,-8.783643,-0.32081792,-9.144528,0.7559537,-4.4697437,5.1310487,-2.717401,4.5209355,-7.3413806,-15.242667,1.794757,-15.303086,-7.71846,-1.6671977,-3.5047758,-3.5039716,-0.13281867,-3.1419432,3.9438372,-3.7360256,-2.6786032,-2.9553666,3.2678132,-1.0665569,0.6341323,0.048728056,-1.4529504,-1.5891203,-3.4338312,-3.5014188,-4.8942566,-3.6738803,-2.9257689,-2.7635572,-0.18579169,7.505893,24.566006,4.825457,-0.84013206,-16.322046,-1.0601741,-12.324393,-11.635799,-3.2667973,1.747957,-3.9691038,-9.1516485,-4.411527,-5.8556595,-4.0073605,-3.3647094,-1.3115156,-1.0727048,-0.35464662,0.40610087,-2.1824448,-3.4854262,-5.4117913,-1.5374836,1.2552791,-7.6888323,-3.4172492,-1.7275599,-8.187325,-7.7188816,-9.635292,-2.1871176,-3.2651968,0.0,0.39064193,-0.08841757,-2.691666,-3.007668,0.7925887,-3.6382742,-2.5914004,-9.650959,-1.8914759,-3.747169,-7.044648,-0.73053503,2.0394533,-5.2632656,2.374818,4.4702835,-0.3780584,-4.8904796,-2.3750849,10.677738,-8.686912,-7.0061755,1.6484765,2.102959,1.2327188,-0.64374727,-2.9732165,-16.745743,-7.5371475,-3.7139363,-29.440777,-5.862286,-8.516698,-8.503864,-3.2908123,6.5953574,-1.093839,0.48956084,-6.095871,-3.0939758,-1.6791211,-2.9397588,-4.679819,-1.546556,-2.047044,-3.484679,4.237237,0.7220108,-2.9296925,0.7009699,-3.0891986,-5.2819276,1.5360636,-5.370559,1.8244182,-1.9433372,-3.4298017,2.982548,-4.396456,-0.21739398,-4.4175878,-6.1159596,0.16575596,-11.693832,6.9961157,-0.31805655,1.1280489,-2.5210125,-5.803658,5.1164465,-10.667342,9.299287,2.278894,-3.454225,0.73539126,-2.7047565,0.70977753,0.251863,-1.784051,-1.9259162,-8.963538,-3.6041727,-1.8644514,-9.808394,-2.3620446,-0.34939465,-6.5339193,7.130677,-7.472386,-1.5148872
203,-13.70595,7.0907073,-8.756639,-13.951683,-7.2448483,-1.7964156,3.9378064,-5.855318,-4.8950253,-0.0131900525,-0.86946535,-3.1255753,-8.547419,8.52339,10.568853,0.8508667,11.188469,4.3055277,-5.5153103,-4.6203327,5.7854166,1.8061689,1.764989,2.6462064,3.6642625,0.589864,8.152759,1.3945295,19.09002,-0.35457352,-2.1273737,4.0908346,-11.396789,13.600609,8.332806,2.4497638,3.6936688,7.7889323,0.36512434,1.6815311,-3.9950273,-0.17890221,-0.4995587,2.796207,7.2418804,3.1417358,-6.193285,3.442176,-1.8836982,5.9824824,-2.694974,-2.9478917,0.90726995,-1.3155415,-1.7428312,1.1752894,-4.7966957,2.8529282,3.2918212,0.8133361,1.2993823,-4.002295,-5.687553,-0.7057272,1.7416868,4.3130703,2.2562933,-1.2885121,-0.4888877,0.05769347,0.543809,2.0578756,4.7546067,4.9297094,5.903971,-1.1173413,-0.3715472,4.925956,0.5840838,1.7309128,5.0525885,3.7310398,0.7279653,0.14259931,3.9597769,2.5161772,1.9082893,1.159378,0.07019799,-0.04235814,-0.1368565,7.6767025,0.8847125,-2.1441133,8.241294,-1.1981798,0.67670333,0.3731641,1.3760266,-5.439461,4.4442005,5.016431,8.55567,-8.450177,0.9536508,2.4402611,0.0027904438,0.97010845,4.700943,0.68172157,3.1645446,1.2638477,5.312426,0.6532821,-2.73559,-2.9812763,6.137025,-0.39461938,5.590191,3.0894308,-22.555326,2.4109921,-1.1525363,2.6866086,-5.150925,0.0033933194,4.831215,3.5852032,-0.049551558,-3.5502374,-0.34647882,2.0028365,1.6664109,1.2576797,-2.3357008,4.021037,6.6885324,6.843888,2.650852,9.249536,0.81480336,-8.313678,8.832141,9.184538,8.914557,0.83177453,-2.9514112,7.1462626,8.806289,2.3891764,1.8676515,-3.741125,-14.953085,-9.722001,-0.21882342,-0.4943554,10.836043,-7.1072135,2.0688286,4.2218227,-1.535286,14.14176,-4.9559145,1.2355611,8.055738,1.1531172,9.567141,4.813223,6.8151827,-0.28643453,-0.3815532,0.12571128,-2.2699635,-0.122427434,-0.7692346,3.313747,-0.1059905,5.9267583,-2.8806868,-2.6381197,-18.196201,3.2510042,-10.179442,-14.947681,-8.006,-3.4001927,-1.4893807,-3.5407465,-5.562338,-0.9572978,-0.1553912,0.36843583,-8.173122,7.474626,7.666501,-4.986835,0.70847845,-0.77564687,-2.9825726,-0.8000773,-0.9399058,-4.812888,3.937162,-6.1961017,1.2551448,-3.0179555,-0.16087283,-3.3465872,10.55589,-0.2841952,-4.5486264,10.943196,-15.470092,1.2855392,-6.061182,0.6955784,2.6063223,5.196161,-4.3008633,4.4047155,5.4192743,-1.3492877,1.6601009,2.774051,0.50870925,6.765445,5.0528092,2.2173662,1.9425184,-1.070093,-1.4585412,0.65163136,-3.3826773,-3.2020137,-0.52441794,-0.19275406,8.6936035,27.174038,6.282732,8.263792,-8.513402,-4.37126,-5.7396936,0.95791286,0.51036185,9.673966,0.65633386,-2.8893692,-0.45545623,-0.18372163,-2.7144682,0.31208098,2.7351956,-0.30730715,2.629315,-1.4302299,0.8140799,1.5732551,4.771394,5.5153213,5.2332172,-1.096692,-1.4546446,-1.6747977,-0.3417698,-2.7154956,-3.823034,-0.83543473,0.2048222,0.0,0.3113975,2.312145,-0.9718361,-5.8800445,5.709788,2.5698123,0.94242513,0.16478229,3.2368827,-3.4206004,-3.0935993,-6.8223715,0.9588927,-8.456301,-3.7936828,3.770168,3.4669547,-2.879239,-1.7309881,6.906279,-1.0843738,1.4498502,8.632553,7.0208483,4.074583,-0.7900814,1.7092279,-1.9595236,0.26766017,-0.6249633,-23.784998,-0.4172392,-0.37224624,-2.0057337,1.1069182,-4.2608714,1.7053528,-2.5813355,-3.7325773,-2.1592295,0.6227661,-3.9342508,0.3467845,-3.7694364,-0.63135666,1.3992532,5.088162,4.8676667,-2.201261,2.529238,-4.6790905,-3.4682581,3.2486498,8.685224,5.843017,-2.3685143,-1.6240627,5.654296,2.3228312,5.239426,2.849201,1.1244429,-0.045616087,7.727599,14.128262,2.0582461,4.6927385,-0.83276564,-1.8590716,5.528404,-5.2917886,9.863553,0.66272545,6.7574787,0.66354096,-2.6875887,1.0410628,-0.1168635,7.9197793,3.827772,0.65754074,0.62632245,3.8802624,-3.1524706,1.6716871,-0.5499853,-1.8715539,3.8757808,-0.88261145,-2.8925076
204,-15.419747,12.872408,-5.941819,-10.29374,-6.5877743,-2.9264948,1.428771,-4.1114116,-3.8617816,-2.5702772,-1.0893705,-3.9021533,-1.0864403,-2.8729515,4.624337,3.4020867,-0.30814847,2.4298048,-4.751542,-0.2061311,-0.08360791,-3.6026356,4.062564,0.008851313,4.0437913,-0.7367116,5.6685605,1.3292521,8.470783,-1.3008453,-6.2081904,2.9038844,-9.940911,3.3263,3.0768404,-0.6693628,-2.135908,4.4394464,-0.03880512,-3.4561126,-3.8006961,4.1941733,-3.2660854,1.9661213,4.476983,-0.007615123,2.585004,9.024256,0.69964516,3.732555,-4.5844035,-2.3265448,-3.292622,-2.1831985,-1.1846898,-1.0239861,-1.6729851,-1.4804573,1.9827999,-4.2471557,-7.49135,-6.837689,-5.8843436,-9.513761,-11.292957,2.7644393,1.4792662,-7.0573244,-4.0424786,-5.8809624,-2.771677,-8.684772,0.6974378,-3.9039218,0.4849362,-0.8619284,-0.35882327,1.5950265,3.6404114,-5.0266614,2.4508214,0.8820751,-3.3926044,-3.4934783,-3.8452501,-0.55168575,-5.336981,-1.3208028,-2.5996468,0.010669278,0.35678747,3.67946,-0.38072556,2.1890142,4.4779735,1.7869247,-2.0057395,-4.9452243,-1.3173747,-7.734127,5.7285185,-3.2454002,12.8928,-10.132353,-2.7716746,-9.3661785,-2.5325146,-2.7006295,-6.228996,-8.8223915,-7.1180215,-5.227419,-2.9699018,-6.6326118,-15.740175,-1.2576859,-0.720332,-2.87974,6.9057713,-4.967057,-12.642253,-2.0517578,-2.3094275,-1.3676988,-0.9043001,3.9902163,-10.643492,-1.0758377,1.8302169,5.8303924,-0.5077346,0.894006,0.69572324,-1.425411,-4.8538437,2.4831667,4.4306283,0.19286235,-0.6074481,7.8759427,-0.66295147,-1.5645006,7.350233,2.4032571,0.42871532,-2.1491132,-3.1962085,3.2168705,5.131385,1.8163117,-1.4492246,-1.9194,-5.8920975,0.9970187,3.3820982,2.4739192,7.2662344,-0.100527644,-1.1727884,6.7780437,5.226123,5.84215,-1.8509623,-0.04586669,-1.0694971,-6.285447,-3.7946174,-4.56494,5.0229683,-8.003596,-2.1677623,-0.13568276,-17.930532,-1.3991407,3.4669619,-0.5440428,-1.8787715,-9.230446,-4.6180644,-4.516408,-13.858989,-6.870448,-5.3008857,-11.435167,-6.6804085,-3.6694355,-4.737621,-3.0093954,-4.434229,1.8274959,-3.5407746,-4.015154,-6.1203895,-6.7930355,3.203151,-3.2223015,4.013682,-3.1732621,-1.2119699,-1.254402,-4.3378506,-8.783021,-1.2388266,-6.589662,0.63752896,-3.0255635,4.685676,-2.0678122,1.1164972,-0.52772325,-4.0996485,1.2011987,-10.085486,2.1522813,6.3979454,1.2964033,0.4798359,-0.94512594,-2.0843933,4.5698104,-5.0813036,2.552883,-0.15110466,0.895579,0.5911773,1.9578564,1.9728545,-2.736421,-1.0926237,-1.030959,-1.5687836,-1.6405509,-4.530453,-0.99196625,-1.8847154,-2.4229894,1.6445084,11.05232,0.8344648,-6.3025293,-11.109323,-7.4628015,-2.9468677,-5.645334,-3.2182639,7.7323904,0.5105798,-6.0478663,-8.061003,-3.2259626,-1.73423,-3.3175437,-1.9589612,-0.44212052,0.5276242,4.0106316,-1.182233,-2.674695,-2.4168594,1.3811175,0.0928668,-0.8261714,3.8884003,1.8911151,-3.1792812,-5.792324,-4.886595,0.7371118,-3.4155598,0.0,0.26681694,4.876418,0.10457689,-0.7077782,2.0229802,-0.96582186,0.106204055,-3.5572283,-1.7578207,-4.70847,-1.661235,-6.254473,6.2939525,-5.3092847,-3.4499876,-2.2775185,6.5883584,-2.6203787,-6.300493,5.4748187,-9.537304,-4.2015924,-1.6835752,-1.0849957,-4.5730357,-1.835696,1.9005034,-9.65818,1.5910448,-7.559361,-16.859676,0.11425541,0.7525423,-2.8298285,4.9365263,1.6201712,-9.336868,1.4897646,4.371062,-4.7400784,-0.7405598,-1.1033305,0.36740673,-1.2785894,-2.351489,-0.825649,5.866118,3.7854848,0.47080997,0.43113238,-3.4845154,1.9755461,-0.21795847,2.4530792,2.5930176,-1.7707126,-1.8091989,3.4587147,4.3106275,2.721359,2.608614,-1.332114,10.483609,6.452878,1.3303814,3.6567657,4.1305723,-0.8675332,-3.9898887,-5.3006587,4.3560753,10.957853,-3.34022,-3.7087517,4.2745075,-3.4455457,0.7439074,-7.146513,-4.9569554,-5.488176,-0.21082157,-2.78227,-4.2633276,-3.488809,-0.3340399,3.1580334,-2.197577,0.4111542,-9.982423,-10.386471
205,-10.32368,2.8215888,0.75173867,-8.71281,-3.60001,1.7891041,3.1783848,-2.3372748,-0.8766359,2.1160622,-2.5858848,-1.9825566,-2.5027244,6.3325834,6.392923,-3.8870792,-6.9419427,4.7840714,-5.781253,-0.22358114,-0.070751764,-3.0964985,5.2480726,2.7067902,4.9512324,1.9344844,0.43838206,3.1710763,-3.9486532,3.705672,-13.333101,4.4391613,-5.394071,-5.8987427,-2.625359,2.91398,-0.96339357,-1.7981824,-1.7191952,0.12142489,9.067635,0.06034785,-2.5926201,0.25316086,-1.2448543,1.9132817,-1.4123943,0.49201563,-0.420607,-2.005076,-2.362868,-4.0024495,1.9525136,-1.9210522,1.5229205,1.4875823,1.8417541,5.0929074,0.5146201,4.0803795,-17.413633,-1.88173,-4.4240394,-6.5169654,-5.409758,3.6232264,0.56706107,-2.49393,-1.5885859,-1.4761875,2.1334505,-4.230693,-2.604801,-2.082111,2.5695515,4.4700727,-0.09170177,-1.5014416,4.306251,-8.918188,-0.14705671,-3.2147923,-0.15112862,-3.1148262,-5.5002427,0.17840476,-4.3753552,1.0186938,-1.0104839,0.0698796,0.38921073,2.9950216,-1.5671006,1.0370244,-2.941883,-0.76978225,-6.2995734,-3.554508,1.2646065,-6.3781753,-1.8311621,4.6216106,-8.357331,-4.546963,-2.058918,0.10950574,0.17364939,-2.184966,0.7688129,0.12111521,-4.5977244,-4.8327484,0.24834494,-1.064753,1.7043331,-4.2685323,-1.6807144,2.4435797,2.7972155,-0.61724025,-24.766636,0.001714727,-1.6545136,5.7467217,3.4099205,7.3562665,-12.333697,2.67837,5.9524074,-7.4009233,-0.14018261,-2.2110326,-1.4065931,-2.9986017,2.7713099,-1.9603984,1.2015874,4.4892755,-0.9794165,4.2716265,-1.1231462,-4.674169,3.0557141,-5.185228,-3.357626,-0.18068488,3.0836337,4.6978183,4.644277,-3.1308188,-2.5163667,0.088632524,-10.59944,-1.8105742,1.9703093,9.44151,3.0504086,4.206196,-3.426743,8.106927,9.480154,3.0985444,3.3441577,-1.7851169,3.166941,-2.7092373,1.902281,5.7884097,5.0851126,-4.218032,-2.4905431,0.14610238,1.7173989,2.697189,1.7969174,-3.5363986,0.45955327,0.7930227,-6.4445696,-2.2223086,-6.0623903,1.8197641,-3.8800218,-7.848538,-6.0940237,1.9789317,-8.031622,0.13869205,-3.7704535,-1.2931736,-2.82298,-1.5230114,-1.9972533,-4.1096454,7.6923923,-3.6699612,2.7661498,-3.9416244,-2.4148998,-6.358842,2.63905,-2.56518,-0.32861337,-2.9844408,2.3094096,-2.723983,2.9828029,0.6255952,2.071845,3.851267,-8.33763,-3.9161375,-0.1985132,1.4950032,-1.0931075,2.1730402,-3.9806767,-7.528811,1.0940441,5.470103,0.6144828,4.1471725,-0.36063242,-2.0749276,0.42294002,4.342224,2.3714907,-3.648295,3.2819088,-1.4874414,-1.8599119,-1.1374695,0.40394202,-1.4653504,1.7083994,-0.9534749,4.048666,4.395707,-0.9670759,-0.16097216,-17.742233,-2.0205607,-6.1363196,-6.091186,0.42135546,2.5112422,0.6556247,-6.4530954,-6.698563,-0.17744818,-5.937771,0.70522356,-3.0854995,-3.1626804,0.9063336,0.506947,-1.776875,0.55437535,0.5552521,-10.2771435,0.6153471,-3.9561644,-0.44082528,-0.029736612,1.7215629,-6.883549,-3.0577958,0.7330156,-0.33508906,0.0,0.6025655,1.1746264,-0.45087525,-3.4663765,-3.0747411,-0.9091982,-1.9776142,-2.347824,-0.6836649,1.1935973,5.1296506,5.304929,-4.043875,-6.2765265,8.199957,-0.92848617,-3.3470478,-9.037248,-5.7541313,11.270416,-5.794106,-4.7424436,-0.4434339,0.19386251,5.3503594,-3.9473555,-3.8330104,-1.9766967,2.6193576,9.628777,-19.813578,3.242395,-8.220451,3.8625522,2.2196794,-3.8494878,4.5255747,0.85876375,-1.1378664,-2.9177763,-0.34849763,-2.5763445,0.48697707,-4.052773,0.9612723,-2.8787408,4.426705,2.0306249,1.1619557,2.8454356,-2.8882337,-0.59093136,2.9272618,-6.8831306,-1.5956059,-2.2951546,3.0457592,4.533683,1.5105827,0.6923116,4.788202,-4.7947946,3.899264,0.3383278,8.990897,1.8817363,-1.6705482,1.7601784,-3.3455052,5.2106194,-4.2990985,5.1385927,4.1441646,2.3964324,-11.205465,-3.0192208,-3.1956394,4.2785044,-7.939937,0.38956603,-5.3887997,-1.6281657,-2.0142558,2.9795024,3.1413527,-5.3694234,-2.6899066,26.579903,-9.434883,-9.240392
206,2.904893,2.3078935,-6.8271575,-4.3762126,-2.4201458,0.07418995,12.272656,-0.49927443,1.6597333,1.2590935,2.149485,1.9075887,-1.1678739,12.34049,2.9297664,-2.1281552,0.31701615,3.6916952,-0.47759807,-2.8286028,4.9703035,5.025052,3.446564,-2.557349,7.08456,-0.7873383,0.6382614,5.4271345,0.36080056,5.20023,2.4634514,2.6226406,7.899911,1.7272546,4.985027,1.2355993,-2.054339,-1.8078102,-0.2703469,3.7579048,1.9326575,-0.42781228,0.07996055,-0.7755963,2.3760645,-4.9648795,0.8399394,-3.480192,-0.43342277,0.07430986,2.9501348,2.7261884,-0.43159994,0.5018302,-1.5648108,-0.53630424,4.7268863,15.237414,5.9195023,12.758595,1.4042542,2.6709433,0.762868,-1.1644996,4.9928555,6.559735,1.3623906,1.184411,1.9437646,3.6404412,7.372655,1.8052582,1.3094654,1.685737,4.5620623,2.347108,-0.105914146,4.274469,1.4803324,6.159672,4.263142,7.2583957,2.3376606,-1.6823101,-2.3031044,1.5998806,0.45930865,2.468785,2.791347,0.019740405,-0.15528521,4.407307,-1.5651792,-2.6765635,-2.6492987,2.223403,2.5732331,1.939598,9.414043,-1.1220701,-5.947477,7.9449553,4.9717607,-0.7428758,6.390196,0.14473003,6.506406,3.5227485,6.941524,-0.07434114,5.92598,5.4224916,7.399242,14.517878,16.511816,0.35977063,0.03561437,11.818696,-6.18529,-5.8815093,-1.1526138,3.3107915,-0.34921816,4.9980116,4.4038796,-4.979051,-5.776792,5.896503,-5.4152694,0.18144317,0.5874606,-1.2640003,-0.7917313,0.34311476,4.116862,-5.505871,1.6288983,-0.43919227,2.8072338,2.0925176,0.8083942,-3.7280529,2.8843184,1.7277311,-0.8334129,-0.44701007,4.741355,0.41676208,3.2885556,1.7929047,1.2747935,-6.641672,-5.730915,-2.91054,5.6528835,8.89633,4.216446,-1.5017358,-0.34937558,9.6062765,6.6883507,8.924903,0.8265699,-2.3581424,7.1395,2.2873476,1.4752867,1.4523954,6.7293706,0.6932362,0.11409667,0.19058295,8.605493,-5.7347255,1.5700887,-4.2013974,1.4805609,7.9969683,6.263364,1.0970185,2.603438,6.644465,-4.1906285,0.99320894,-0.6750439,1.8767501,-8.637872,0.03185423,-1.3254011,-3.7907217,0.5610372,0.7225182,-3.0636716,13.385091,5.090737,-3.2710612,-7.314718,-0.94005626,2.5230079,3.4216394,6.5657134,3.0234792,0.81265545,4.2594094,-2.6379573,-2.8949656,-1.9729699,2.3426454,5.3778553,3.3015518,3.8325806,5.3966413,6.507265,10.149657,4.3240094,1.3993533,1.7677535,-2.783454,3.9088082,4.0685816,9.792792,0.38580948,1.1610967,-0.8167773,2.1751592,-0.7616141,-0.08875547,2.1725066,-0.83780736,-4.2255993,0.108588085,1.0692959,2.555257,-1.0873028,2.6183267,-4.2880526,8.113587,11.025919,6.001512,-0.18975894,-9.817976,-1.4281068,-1.5783794,4.0594716,10.702296,-4.4129753,3.1138196,1.6181097,0.5435396,2.8515017,-1.4502773,4.752782,-0.22478594,2.897032,4.3568053,4.653126,1.9977516,-2.3666034,-0.4812897,-4.7583833,4.960253,1.7484884,3.167826,1.6173218,1.9214555,0.12754178,0.2177043,-0.9491496,1.2994066,0.0,0.3944332,-0.43063006,-0.95966804,-0.84989476,-0.374209,-3.0529943,-3.3559787,4.5379024,8.665001,1.8144315,6.1745586,4.828449,-11.649887,-5.979247,-1.0297487,4.994318,-0.94245654,-4.012117,-7.888851,-0.20586407,-5.9132576,-2.1903584,1.4386681,20.943254,13.351083,-3.2038856,-3.1138833,0.33274695,5.8485346,3.0551815,4.41539,1.8963631,-1.876513,9.389086,6.132739,-10.076364,8.365064,2.0184376,3.5164247,-2.2488961,-0.56400037,2.9468637,1.6868023,2.0529904,4.360576,-0.94441956,4.6377196,4.394471,-0.14932947,-2.3161,1.7953042,-1.876219,1.6201932,-1.5221709,-4.4560723,-2.807934,2.3777604,2.6668866,1.0090153,1.656991,2.5348203,-3.973779,5.2412114,2.1576688,8.442839,-1.2449362,-0.88158554,7.0074806,0.29788876,-8.427659,1.7398024,4.9530454,4.815901,-1.3706939,-1.0990665,-0.42993233,-3.1300194,6.533011,-3.4319322,-0.43171513,-0.7567229,0.8696553,17.56546,5.8872786,6.93126,-2.9764476,-0.5864398,6.5607505,-0.058934584,-2.9875772
207,-4.1828394,-19.35467,-14.344776,-11.234699,-3.961762,-3.5861564,-4.5249004,-3.1024125,-3.7442408,-1.0872015,0.7874237,0.19616106,-8.33962,16.264784,-2.8375406,-5.6709485,-5.255297,-4.227431,-6.9870415,-8.151946,-5.640139,-6.344338,-10.927699,-6.5698867,-1.6881087,2.1559548,-5.6438446,4.1088915,-10.554559,2.387251,11.797374,-1.2414768,10.280169,0.5294216,6.345194,-0.39624095,1.0004561,-1.4768693,-0.39310667,-1.7055424,-9.3991165,-1.5809711,-0.8428585,0.49303138,2.369306,1.6271323,-0.9897551,-1.0927148,-0.7482129,-2.0709229,-0.7956729,1.8448081,0.78005195,1.1582453,-0.6449925,-1.4153899,5.322645,-2.9295995,7.1865273,8.903587,16.18564,10.397708,2.4779835,-0.33984366,18.676779,6.827963,4.4327555,5.3865623,6.883598,5.0716825,7.2403507,13.059881,4.126136,7.340534,3.9608638,4.9467173,0.7143098,3.3976219,0.56465065,2.9943335,3.65384,8.078628,-0.3401041,3.3210397,9.19665,2.1937132,9.5431795,2.6540577,4.315457,-0.016190914,-0.78552526,4.4114094,1.0486013,3.5152314,-0.82245654,-0.8833923,6.568062,5.6030364,7.3986454,1.9314336,1.2537351,11.873931,-13.208486,7.0459056,7.567634,3.925038,3.5556266,8.979767,5.560675,9.131351,7.3071837,9.611126,2.3836617,21.264795,16.257168,-2.466534,-0.58570486,3.7082856,10.447674,-4.31829,-2.4085093,-4.88481,2.3143497,9.046296,-2.471691,-0.35597825,-10.1270075,5.3581476,-6.8598943,-0.993999,1.4548402,2.6506412,2.4398458,-1.4629726,5.109304,-2.3006716,2.0848174,-1.0791001,-1.1597506,-3.2483478,-7.159871,-7.9382095,2.272517,2.0626504,-2.456536,0.047102943,5.7391624,-3.1952193,-2.5947235,3.3256009,4.1055546,-7.3983088,-17.82309,-24.891785,2.7695136,-9.127858,-12.45538,-4.4666805,-5.0013137,-20.639727,0.41925514,5.708503,-4.566578,-7.186857,13.563229,3.212025,-2.0344718,5.373323,6.602153,8.513876,5.5259833,0.29321593,7.4497347,-4.313436,1.3113766,10.051693,-1.5041637,-8.760542,1.5918542,4.6792088,-2.5830965,-9.186813,-10.73528,-10.1430855,-7.4886603,-4.2864785,-12.940396,-2.0013995,-3.9583864,-3.884111,0.90591305,-0.30634594,-9.365343,12.699512,1.0016723,-9.953085,0.45595697,-6.716334,-12.825787,-1.4624612,-3.653146,0.16268867,-1.5571909,-1.8242294,-5.016551,-1.2303771,-4.9262223,-5.044411,-6.894621,-1.835484,3.0091362,6.496946,9.22076,6.4267006,6.0124445,-2.2974634,-5.340639,-4.990336,-1.9083606,-4.593745,3.6480143,-2.2882407,1.3615098,-4.5644135,-5.331032,-2.4008572,-0.8658579,-4.347939,-0.66506743,-1.6175915,-0.6594169,2.0701547,-0.6264051,0.5122146,0.59223,-2.4781518,-0.8657369,3.338473,11.508573,6.5531178,8.067714,5.942963,2.9469006,19.644176,13.228541,9.682818,2.3593137,2.9893274,7.368519,5.5684366,7.322816,8.295093,1.7945493,3.7633283,6.5889244,12.660924,4.317695,-0.139457,4.206871,0.25534648,-4.103726,4.3996973,2.027609,-0.08860301,8.268593,3.9135618,3.5388036,0.40009785,3.814726,0.0,-0.17571178,5.763928,3.2839327,-0.19115877,-11.4383,-6.9560556,3.1249073,5.557084,7.868207,4.532351,0.50006676,6.7879195,-12.88016,-3.2597497,-4.2393274,1.8370436,3.0282614,0.24552031,2.247906,0.66898346,5.4437146,8.49158,9.75973,16.959368,13.766319,-1.8689876,-3.7226353,6.1796756,4.7894397,-0.8366256,-10.092427,-2.5965538,9.053275,1.0688643,3.8430707,-2.52546,-4.168157,0.014221705,-0.8184932,-7.769225,3.656405,5.895916,1.9297413,0.06539229,2.0204656,-2.317951,-3.3965657,-7.1064777,-0.60601854,-2.1120553,2.3364475,-9.601168,-1.5828605,-3.471185,-4.965489,-6.5449147,-4.269049,-0.89914006,2.8857365,-4.516458,1.7562903,-7.5539184,-6.8043838,-10.551848,-9.156428,-8.651261,-8.265382,-2.247981,-6.0394917,-17.126139,-1.0915971,-5.524155,-4.9818063,1.3595521,-4.534637,9.838611,-1.7445341,5.9173594,4.2896147,4.2988725,9.481475,2.0653453,15.849713,0.19695817,-1.9258895,-1.7108108,3.0730023,16.787405,7.6932635,5.501139
208,-7.1415663,-25.023645,-5.7942777,-10.705099,-8.072598,-5.550464,-2.4430916,-5.4201536,-4.8475294,-2.3068871,-3.585657,-4.727321,-7.8033147,9.743387,3.679464,-5.243888,-3.316746,0.9816487,-19.694666,-5.3769674,-4.5359063,-4.8559837,-13.069383,2.08951,-3.9204514,3.4350863,-10.035292,-2.7842574,-8.697006,8.510711,6.6986375,-4.1365566,14.709758,12.004389,3.522942,-3.694455,-1.8459283,-3.9768655,-4.60141,-4.6708484,-6.8234487,-3.0200136,0.1607812,0.7352845,-5.92689,-1.1085776,-2.6097248,-0.69637686,-1.0822707,0.25233355,-2.4373298,-1.6246917,1.8496782,-1.330403,1.7798471,-7.1585336,-4.206028,-6.4709773,-2.8666933,-5.423191,10.993309,1.7525263,-1.2951527,8.077119,5.8450646,11.679924,0.4002404,5.11412,1.1791292,2.1644676,6.958081,5.2910147,-2.0468886,-1.5922267,-6.292275,2.8154583,0.4416818,-4.9778566,-5.513445,-0.71626085,-6.655361,-1.9226524,-3.2344093,2.541481,1.4733193,-5.5812845,8.222954,1.3919944,0.7089714,-0.08293535,0.2696148,5.1603217,2.2681298,7.213234,-2.0018964,-2.701143,0.23625515,3.985876,-1.9663911,-1.0856693,10.410879,0.2591239,-12.433593,-2.562485,7.140345,-0.23768151,-9.358964,-0.9364291,0.646549,17.52967,0.22987539,9.141612,-3.7910604,1.243606,6.741345,-1.0723048,2.0930946,1.308887,10.663587,0.052608017,-8.96278,3.2572303,5.985454,8.888963,-4.359202,3.1311595,-18.839739,-1.3282156,-9.121285,-0.29724532,1.4146136,5.056472,4.858577,2.3461504,3.3856795,4.878892,-0.8872999,1.8241566,-0.32931763,-6.016993,-4.499956,-5.674705,-3.7022946,-0.3849831,-0.18774225,-2.8886847,-0.044926587,-4.8422303,-4.0157185,0.40886363,7.554912,-2.7009153,-17.84594,-3.680049,0.5986662,-1.6033777,-5.6433673,-9.1012535,-1.2624999,-8.315906,2.8182511,-1.9008079,-6.334439,-3.009907,1.2524949,0.16095111,-2.7650573,-1.3954096,-1.9113936,1.7401819,2.1682098,0.4722684,5.2190394,0.26057085,-0.736097,0.83269155,3.3659117,-9.642309,-1.8985891,1.8401334,-3.6846344,-8.186649,-11.97262,-10.299243,-10.147372,-6.655451,-6.714977,-1.8552669,-6.0884867,-9.13811,0.29653236,-0.40168846,-12.2303505,5.300436,3.7777615,-10.840462,0.6034831,-2.9859474,-13.207147,-4.44624,-10.11115,-1.1587993,-3.9211512,4.577093,-3.921488,2.241672,-8.472034,-4.8182597,-1.685706,6.3234344,4.6051583,6.7222385,16.724882,14.698266,7.401705,-3.1306963,-5.780998,-6.4780526,-1.9670467,-10.39286,2.0988064,-3.2771673,-2.0602944,-1.4365681,-4.500089,-4.074939,1.3965487,2.057935,-0.7916983,-3.1314409,-0.19820529,1.6131389,-2.5361073,0.6353567,0.3516555,-8.530888,-6.2803106,-7.777991,0.78953826,-6.79994,10.355551,0.09375504,3.4527643,11.77131,-1.2719514,8.880465,1.1019138,2.0327976,4.1887293,2.6927946,2.029416,2.3390458,0.64571714,-2.4916255,0.21630313,2.154044,0.4764315,-1.4469589,-4.7663407,-0.2167112,-7.0028844,1.84278,0.43365195,-4.6807046,3.0157278,-3.7105129,1.8900869,0.586415,0.8683938,0.0,0.23258106,5.8675256,3.3536315,1.7283051,-0.9971527,-7.242229,0.5474062,4.502455,0.4045735,2.7813468,0.13202034,2.2546248,-11.929092,0.93277484,-0.41852665,-0.7149525,-0.34813768,-2.2522721,1.8895413,12.9833145,-1.6847104,9.721447,2.9511058,0.05733654,4.536356,-3.0185266,-3.7933643,3.738762,3.554036,5.300316,-14.499442,0.19993518,8.961185,0.43218544,0.0807658,-9.008536,-2.241118,-1.3674103,-0.6676489,-0.603255,4.122582,4.573129,2.6238308,3.4404044,2.6580253,1.2630476,-2.7952323,-0.997515,1.0635375,-2.4973211,-7.270466,-10.738666,-2.379638,-5.2006655,-4.6346493,-8.970917,-0.7906344,-3.3174186,1.7590729,-1.0005988,2.4103093,-2.5238013,-17.522781,-7.368441,5.1473937,-8.256354,-0.476565,-3.0034196,-5.760715,-0.76928324,2.4771955,-9.124624,1.6889142,1.2812603,-7.647357,2.22347,-3.7822182,-5.534232,1.0623897,-1.4066249,4.615146,4.272066,-1.7802687,0.27474004,0.18041521,-0.8888164,4.604233,14.932545,3.3717985,3.7487857
209,-7.961221,-5.1045446,-4.8475266,-9.178039,-5.8405695,-7.43617,-0.6861559,-3.4382467,-3.0625558,-3.4409022,0.25930533,-2.8216202,-6.834415,4.8777657,3.743739,-5.546451,-0.6877042,-1.9210969,-1.9175346,-4.411124,-8.747456,-2.349815,-10.921619,3.706578,-2.9250808,-0.4169435,-9.931112,-6.4230456,-1.9645084,7.609121,-0.8228447,-2.1260448,21.938675,8.239502,-5.882897,1.0905865,2.006286,-6.838247,-2.7890441,-2.955309,-4.798541,3.3165245,-5.4414635,-3.3521557,-5.42915,-1.1893442,-3.469076,-2.7256453,0.39731205,-6.8355684,-0.6067843,-2.5103643,2.8335962,-3.8074212,-0.7982152,-5.710413,-8.838644,7.6128736,1.4888166,-2.8062482,5.311287,-2.1370666,3.2510805,-0.99383646,8.697377,-1.0109924,0.6843531,2.700339,1.6667606,-1.7619491,5.427968,-4.9814763,-3.6139946,-1.7391553,-7.5649996,-1.8042653,0.22374903,-7.082262,-4.799774,-5.443175,-7.442147,1.2069007,-4.5031147,-2.8044693,-3.9476178,-4.3893137,-2.2047403,3.4641533,1.9357587,0.11759528,0.1656799,1.8750294,1.4439039,-1.7463847,-3.701124,-1.7330714,1.1829798,1.5572098,-6.8442264,-2.8457386,3.6831384,-5.316822,-6.9581914,-1.8249886,-0.7536608,-5.306379,-5.408141,-4.097166,-1.8969121,5.600775,0.4774624,3.1106374,-3.4101226,-11.108053,4.872914,1.4223636,-3.793524,9.6047735,3.3975115,3.5649529,-22.445627,1.1736224,2.2691674,-2.2196364,-7.0240054,1.4639856,-4.1750426,-5.918483,-9.3388,-6.4840837,-0.027558563,0.3012221,3.7773001,3.7075846,0.7443633,2.528695,1.1129142,-3.9992657,0.22370848,-5.2043486,-1.9670467,-3.3724136,-4.4189825,-5.283476,-3.1997538,-5.162656,-4.468796,-6.273321,-0.9090949,4.199512,2.5121508,-5.38224,-10.889021,-5.340686,3.0369697,-3.175428,-8.356743,-6.0411134,-5.24846,-1.2882468,-3.0953805,-1.744911,-6.2248564,-4.0366616,-3.2137072,4.9048142,-5.2308273,7.8449254,-10.869659,0.9876988,1.0255601,-0.2450635,9.795868,-6.5350013,0.8675708,-3.1451633,1.8727424,-1.7650888,2.4999404,-2.2441585,-6.820478,-6.35876,-14.123057,-7.3552804,-9.70337,-6.80293,-8.222179,-1.1462071,-3.2112997,2.2798746,1.7683685,0.2984398,-4.9137416,1.7238026,4.485805,-5.617912,-2.5533876,-6.3876505,3.239015,-8.808947,-11.29577,-3.511884,-5.5307145,4.6938,-5.1875463,-0.8160885,-5.3567257,-5.317124,-0.060528785,2.7325563,5.406164,1.026249,18.512821,10.979431,4.5769286,-0.53308874,-5.661423,-7.819802,-1.5148052,-5.5488377,-4.7649965,-2.71659,-3.6177835,-4.1190796,-2.6024475,-5.867586,-5.7914515,-4.334743,-2.2865765,1.9915284,-1.8378501,0.517606,1.35745,-5.269311,-1.746655,-7.8921456,-7.5828233,-3.3097377,4.2457533,-1.5309647,8.08763,-1.9007157,2.5903468,13.22049,4.5170383,-4.103493,-0.09000127,4.079559,4.560128,-0.36134306,5.293589,0.040792096,-1.186046,-0.4553969,-1.3229203,6.7921443,0.6872909,0.25389633,0.2689644,-1.5765237,-7.5241647,1.1059345,-1.5303761,0.9410756,0.4948752,3.715148,4.9373574,3.490755,1.0316393,0.0,0.43173406,1.4722271,2.70972,-0.7116866,-6.2730675,-3.3532703,0.10570902,3.3298125,-1.9117962,-4.0747986,-0.9960359,-4.053071,-4.994462,-3.6257296,-1.6540394,-8.754324,0.20895728,-2.4240112,1.7710471,8.973457,-4.589948,3.8856316,-4.9806232,-4.482157,-10.149654,-2.9107218,-4.6744394,-8.288056,4.6601286,-1.2925162,-17.056114,2.2395108,8.538227,-3.8914275,0.66089517,1.8289407,-3.4917586,-3.1588025,7.05136,-4.079494,0.017607015,4.2664375,-0.57742727,-1.3289236,1.9678096,-6.09155,-7.478719,-0.4736161,-1.1599402,-1.8386575,0.5212653,-9.561256,1.5924901,-12.741388,-7.404509,-6.2257137,-1.7439643,-5.3014035,2.979507,-4.143687,3.8879313,-2.4467912,-3.153261,-7.403842,6.3493443,-5.9037514,-0.89455223,-1.2649003,-6.0952225,-4.9875636,5.8285513,-0.4218479,2.037434,1.8010359,-6.027265,-0.08238426,-11.040397,-2.250133,-3.5051892,-0.39653042,5.5382376,2.1565502,6.1728077,-5.3991046,-1.354613,5.754462,3.3076935,16.418673,5.038532,5.977775
210,-6.599515,-4.752664,-5.5176606,-7.2255797,-6.4116745,-5.914996,7.4402995,-1.5157688,-3.441259,1.2338905,-1.4699907,-2.184739,-5.2890596,7.7851605,3.1566179,-7.552882,-3.8851092,2.726663,-0.039957985,-8.423939,-9.481383,-2.853536,-5.640619,0.96075827,-3.8594277,-3.1206985,-4.4682717,-5.5075006,2.1961954,9.027849,5.480721,1.593748,24.542616,12.26086,-2.4736772,-3.336847,-2.7457733,-10.92734,-2.189765,-1.274581,3.6187851,-3.1773102,-2.8651693,0.47131738,-10.195404,-3.5531971,-0.710001,-0.585316,0.03574024,-2.3873217,-3.424547,-1.9101733,-3.6321821,-1.7721323,-2.2489054,-3.9431486,1.1082065,0.43550706,-5.5575895,-2.5720778,7.4081755,3.2380419,-0.3403903,-2.478443,7.0656986,5.344558,0.25261417,6.945554,4.0745716,1.0772388,1.6622305,3.4510524,-2.246582,-2.6445868,-8.470004,-1.1469263,0.3962238,-6.150766,-5.668848,2.9678402,-5.443563,-1.3451227,-1.7401297,4.639014,0.1840467,3.2645016,6.7729373,2.193447,-0.20731424,0.09077214,0.7940907,1.4550561,2.2410862,-0.20589417,0.8750358,2.0454085,2.302423,3.1479986,-0.10152312,-5.5679116,-4.3089886,-4.5766096,-21.641445,-13.337115,-0.23154914,-2.084639,0.61837286,-2.2316675,-7.118859,6.55822,-2.7569902,1.5083622,2.4184225,-7.529394,-1.7241515,-2.3052707,0.8779082,5.2927775,6.7565155,4.764026,-9.72617,0.57094747,2.8848107,-0.937741,-0.4124402,0.753071,5.211139,2.7778573,-3.8182297,-0.55118734,-0.13856417,-1.2636818,0.72191507,-2.8162403,-0.10490332,-3.148385,1.5939844,-0.7799499,-1.7613461,-5.3083982,-11.710897,-8.037778,-7.283871,-1.7816412,-2.9110997,-6.543516,-1.2465723,-2.9765751,-0.055040907,2.386521,4.9108887,-5.661468,-14.010968,-5.782798,-0.8075916,-5.4147387,5.9326835,-3.0905209,-4.898551,-1.3038195,-3.3865724,2.5469723,-0.11451051,9.55974,0.196394,-1.0326104,4.7168875,-3.573643,-11.408003,3.203918,-0.8303225,0.26180625,-11.39972,-1.6842358,-6.399644,1.0411587,-1.1041715,3.7898335,5.1502814,2.2518907,-9.704126,-10.119518,-5.502338,-5.862974,-5.664079,-4.664033,-4.7070866,-1.5820905,-2.964047,-3.4490573,-1.8496145,-1.2721279,-6.6628504,16.332327,7.7241178,-6.4456887,1.1546502,-3.6675043,0.37506723,-5.499422,-8.58242,-5.296278,-6.6048355,-0.4457774,-3.597702,0.015490594,-6.267563,-6.335289,4.793086,9.361353,9.799091,-2.08157,20.9742,9.510824,2.0535207,-6.8884373,-1.4746866,1.1902944,-4.6665883,-0.1105014,1.0583597,-6.709077,-1.2148203,-0.35327622,-5.257347,-8.53581,-2.8742368,-1.4351732,-4.818926,-7.207467,-3.0523963,-0.620248,-0.27723846,0.06464052,-0.96727073,-3.175533,-3.0072324,-11.074679,-2.5300653,0.045424853,9.571202,6.9876213,4.4041963,8.432086,5.2347655,2.5647812,1.8301753,3.7963214,7.6016245,1.5378511,4.4406047,6.2472777,-2.3731966,-0.8582255,-1.0482235,3.7593834,0.44874486,-4.763313,-3.04821,-3.5926485,-2.3363376,0.47055015,1.5702043,2.0298517,1.4757674,8.152364,8.006982,-0.8720821,2.9145756,0.0,0.16778481,2.5040166,0.819809,-0.869659,-3.7226553,-0.76817447,0.65661216,4.2681384,-3.8550186,1.4378611,0.57580364,1.1682361,-1.7709806,-3.9453692,0.3664229,-0.9999796,5.9145236,-1.2634807,1.6692516,-0.65447575,2.5433493,10.375313,-18.76633,2.156212,-0.48480403,-1.7205294,-3.141736,-9.914597,11.716507,12.218006,-8.22871,-3.6118643,0.7017652,2.0575826,3.065693,12.917023,3.0161612,3.015893,1.9591321,-3.4022596,-0.8997034,2.9389627,-1.3860682,1.019666,-1.3700286,-4.326863,-1.0663484,-2.9434552,0.54129225,-2.0460393,1.2316184,-3.083216,-1.9335054,-10.973665,-3.507492,-4.44198,1.5764484,-1.1567233,0.737368,-0.4239464,5.7087793,-2.8225493,-3.6254487,-12.326202,6.373339,-7.19708,-1.0467353,-3.1282773,-5.940454,1.9418919,8.541449,-12.27462,2.07829,3.4474332,4.6087947,-0.0756311,1.3487736,1.2476212,0.041728374,0.5496957,1.0534105,0.0059326477,-9.090387,-7.1056128,1.4656014,0.7337991,0.66823685,2.2955928,9.644346,5.487677
211,0.014076446,-4.9177556,-6.054865,-0.10229526,-0.68027085,1.844777,9.403683,1.2683536,0.6959377,-0.76865196,7.1555724,2.4398313,-5.3693805,0.90551966,5.112015,-10.289043,2.03744,1.6747662,-2.0137587,-4.7733283,-5.5461273,6.240004,-2.0002525,7.924099,-1.3463279,2.0534542,-9.674341,-6.026113,2.0062191,4.8814154,1.189346,-3.222413,10.259885,4.113144,3.3765295,-3.484227,-7.640712,-7.7113037,0.21609297,-2.3934216,0.3766703,3.9034047,-3.373583,0.87475723,-7.743491,-1.9800308,-6.901743,-3.7746727,-1.4161924,-1.0458341,-0.5015056,-0.52046275,0.8910296,1.0438554,-1.6318913,-1.6778284,-4.8180666,0.6845938,-0.9480071,4.7183223,11.537843,1.9158322,2.8229883,-9.688563,19.897999,0.4495133,2.403761,9.375933,1.7213662,2.7948742,2.3554547,6.668021,-1.6977303,2.5903282,-4.0431485,0.04258729,0.16744977,-0.22371303,-4.5386953,9.181842,1.0078912,2.0879378,2.3893564,5.293204,6.159142,2.737731,9.466165,0.86108446,2.0193825,-0.028081471,-0.34824637,5.837939,0.9330361,-2.0952632,-0.3546033,-3.171992,6.197658,6.221068,-0.66670483,1.5117791,10.677114,5.6046586,-7.1762366,-2.2554336,-0.9299831,2.4027553,2.6830726,-4.2930694,4.3050146,18.711037,4.8109794,0.46270844,2.3166614,-19.038334,-1.4178716,3.4905171,1.9253942,4.8528323,1.5844932,-2.7082,-2.0196373,4.881416,4.4808335,-10.405731,1.7848061,8.85133,11.361186,6.645309,-0.101674974,1.0117038,0.0561692,3.481451,4.044076,3.5464103,1.0390861,-1.7626858,6.851096,0.6347327,-0.0069027846,-2.8038127,-9.113962,-3.7934403,-4.0074196,3.9245405,-2.2400553,-3.6403317,-3.573825,-4.9756026,-1.179393,5.894302,5.6821527,-8.543427,-10.12968,-7.499894,1.7638447,-7.531722,7.1024237,-8.421628,0.2359501,-10.193473,-7.362247,-3.274422,-0.11244177,-1.9459847,-0.6338413,2.3587182,-3.0024047,4.713689,-2.7006855,6.0265284,2.3187964,0.1944209,2.326458,-4.745523,-1.7732625,2.1731937,-0.72453356,-6.7405143,1.1765844,-1.2989248,-0.42006084,-4.1889105,-5.595011,-2.3869505,-3.5541313,-3.3574564,-4.987418,-1.9029948,-2.2185633,-0.32246584,5.3590546,2.791155,-8.982345,12.974528,4.6324086,-5.986326,-2.4523358,-3.5863788,2.4466784,-4.3666205,-3.1061325,0.024567567,-1.1337962,3.0293932,0.6524137,2.7188196,-6.8352466,-4.5081887,1.0573766,13.099571,10.076172,-1.3174226,12.027051,11.558583,-10.200271,2.7951763,-1.5190742,-1.4128488,-2.791267,-0.66088706,-1.095272,-7.022104,-3.927306,2.2141232,-10.505268,-7.0482,-5.3389583,-2.771129,-0.58358103,-0.33306205,0.3791754,2.9154541,-4.5118575,-2.2218862,-3.4113712,-3.5574248,-4.2640886,-9.417082,-0.70286757,4.358802,20.966036,9.98573,4.4043956,20.889898,7.246081,-2.8551288,3.3681762,7.601697,12.12548,1.5975071,6.953334,6.483738,1.8567909,-1.3152416,2.6242456,9.577219,3.1540442,-0.5924177,1.3678354,1.0610439,-1.2745447,3.2451632,-1.8087499,3.73842,4.336576,7.087245,6.592849,-0.56858057,3.372315,0.0,0.49979305,4.8937435,1.2516842,4.3971686,-7.086295,-0.82879674,5.680607,4.6139793,-1.548309,-1.5534513,0.7181264,-3.4791849,0.8490458,-3.8039994,3.0164793,-4.94273,-3.8728185,1.6022135,10.804165,0.6002373,4.0593925,9.640496,-3.4818528,-0.103622176,-3.2349508,-1.4101847,-3.9834337,6.2446556,3.5028672,2.201954,-13.671174,0.97002435,4.5814214,0.226228,-1.3510058,1.3167168,5.4587183,1.1652203,6.6666317,0.6115336,2.0729036,5.9361987,1.1666625,5.390861,0.36615878,2.4537418,-5.1744103,-0.60646456,1.5540874,-5.9928403,3.6882262,-6.930564,0.054045316,-3.383591,-6.495022,-3.6570215,-1.0533843,-3.3511965,5.223379,-1.7870257,5.203121,0.0721059,-5.6082516,-6.597986,1.8950255,0.7189331,1.4255224,-2.1095395,-4.2423854,-0.66110045,-0.58029914,-5.563634,3.156335,-13.251306,-7.557068,5.172829,2.162162,0.07769162,5.1787424,4.271859,5.725263,1.9480757,-3.04584,-7.708594,-2.2891269,2.654144,4.3322406,-17.384272,9.059939,9.666226
212,-1.3979005,-11.869588,1.4280999,-4.2358108,-5.04688,-8.121588,-3.2319393,-1.2475988,-1.4204941,-2.0129719,-3.9969099,-1.2376682,-7.6178885,9.1034155,0.86119944,-7.8642216,-3.70831,-0.4856987,-4.6167445,-2.7792275,-7.155247,-1.8419654,-9.164343,6.138212,-0.7481763,1.1562328,-5.2228394,-1.6038969,1.7995744,9.629514,3.2723706,12.150614,11.825251,12.034353,7.5801873,-0.20183663,-5.196537,-2.9175112,-0.589347,-1.9577038,-6.960444,2.679338,0.94975156,-1.9226075,-3.777401,-4.117116,-4.1651673,-0.26496238,0.3180499,0.06169541,-1.2698842,-1.8151658,-0.89662975,-0.48407122,0.037276413,-2.465592,-6.0242414,-6.6900444,-1.6144803,1.8273804,13.010375,2.8190594,3.080781,0.74104726,11.628445,4.2994113,3.8648717,2.1894774,0.9789906,0.9957706,1.4542534,7.5250745,0.13413335,2.6012506,0.05088251,0.5101211,-0.23696437,-4.5281935,3.4734266,6.524919,0.72661847,2.539814,-0.09758174,6.5616007,3.5099928,-0.8010973,6.4203367,2.7325919,-3.0569506,0.021449799,0.30706596,1.0660831,-1.5077285,2.0262964,-1.815113,-0.11343609,4.272964,7.3758554,-4.2236595,1.0594554,10.8268585,-2.3910716,-16.999523,-0.5599016,0.2904858,-3.161243,-4.917474,-7.872932,-6.4357023,10.353987,-6.2548327,-0.62206435,1.6170386,-15.718948,4.994975,-2.3236861,-7.4630003,1.9751827,12.62248,-2.79812,-0.53801787,2.3733497,1.1823893,-9.9277115,-2.061841,-4.726869,12.090161,3.0154402,-0.88360083,4.4430847,0.51995754,1.7761855,6.1586266,-1.0528655,1.2900648,-1.774945,6.225727,-3.1898043,2.100694,-3.2395275,-5.511871,-3.349064,-1.3229607,-4.553931,-1.3778825,-0.95568246,-3.287525,-4.8941507,-0.38463038,1.3591357,5.606709,3.4929047,-15.742585,-2.4335456,-6.812304,-3.3165152,-6.101701,-2.432769,-7.0473633,-8.0083,2.1812418,4.2846513,-2.2972534,0.9331663,-2.2781396,-5.2517614,-1.8497088,6.792896,-1.5057017,4.822457,3.6547809,-0.16034164,-4.2392063,-1.1612691,-2.0404692,-6.4776597,-1.5858209,-2.6312342,6.056125,0.18665253,-1.2645324,-9.230965,-9.148821,-4.694516,-5.401303,-6.338182,-6.5831375,0.6659494,-1.3987297,-0.5717388,-0.4137414,1.1812947,-6.640444,4.0926557,3.2620668,-8.500318,5.6710844,-1.0330281,-5.586999,-6.2958436,-10.1247635,-2.5014615,-4.1915016,7.168679,0.44349784,3.956313,-0.01289277,-0.06052011,-2.404363,9.999559,3.0484731,10.454684,16.228878,10.460979,9.749932,-6.997949,-8.101376,-2.2725828,-1.0595236,-2.067014,-0.06093978,1.7440125,-2.177032,-0.19654585,-3.64167,-2.4825468,-1.0135963,-4.6391654,0.31350985,-2.9677093,-3.136117,-0.8161726,-5.069456,-0.6600502,-3.232536,-1.3704662,0.7320266,-5.853797,-5.8894253,-0.8609562,12.602169,3.8147466,6.6393766,8.56663,1.6842318,11.282157,3.093724,5.550529,9.752949,1.4608521,6.7064815,3.1554964,0.6399052,4.095687,2.9024806,-1.3706778,1.9847356,1.3644508,0.98906374,-0.39887434,-0.5654726,6.639511,-2.1149516,1.7642784,4.068996,10.511771,7.440056,1.3753831,2.5366075,0.0,0.17842288,3.9820883,2.3695903,5.300878,-11.76107,-0.89979184,6.4294696,5.17767,-2.2759647,0.65788597,-5.648769,-0.42651495,-0.21503538,6.008688,-4.6996284,-1.8566993,-5.4145527,4.2688375,2.1108665,-13.7386675,0.4881558,4.389122,6.3088365,-0.7296147,-5.1743264,-7.251025,-1.7582897,5.1419497,4.57524,0.89980876,-10.702103,3.2152565,8.271388,1.2918729,2.3174675,-3.1012068,6.3246555,8.780979,4.4742966,2.0110283,2.9614666,4.1108375,0.20693964,0.85948455,3.054836,1.5424854,-1.5412215,1.4140764,4.337365,-2.5493407,-4.3277044,-7.673364,-1.5482491,-4.7721286,3.1605709,-4.008244,-2.1525311,-0.1283779,3.261878,-0.5547348,4.263579,-9.162381,-8.531033,-13.420709,-3.490532,-1.9001262,-0.76709294,-5.0240707,-8.5510235,-9.943451,12.01898,4.666156,1.264582,-9.383134,-2.7017763,0.77580565,4.5280957,-1.3279343,6.5308914,1.7357161,5.774993,2.728671,-7.916202,-3.3346083,-3.3938253,-2.7937665,5.2543654,-17.316818,2.1055202,2.238845
213,-1.1581758,-16.377079,-3.4440694,-2.1500094,-1.4020066,-1.9474461,4.0739775,-0.3625041,-3.5902371,-1.1767733,1.6778733,-1.6814569,-5.31222,8.186614,3.0522406,-2.3532941,0.5906948,1.2664686,6.1479173,3.9983237,-0.74986196,-2.9171212,-6.330205,4.1453567,-4.8058124,-0.9303319,-7.1496544,-1.0058194,1.0862023,6.3389287,5.8693404,-1.4840558,9.67558,13.348615,2.9411714,4.500179,-0.7076382,-9.70803,-1.0020572,1.8494256,3.798168,-1.0289063,-3.8412373,-3.0701408,-3.783878,-7.3751707,-1.6820309,0.8711228,0.38083428,3.1955738,-0.80468565,-3.3268054,0.8717909,0.008271732,2.7923532,-4.9845915,-2.055768,6.9356456,-6.8457556,-8.303807,0.1765649,-0.07401971,3.5067577,-5.467109,5.7417703,3.5934627,-0.50027364,-0.95129913,-2.488513,-0.83054584,3.7607007,0.8471152,-2.4146197,-3.3280115,0.39695483,-0.85351,-0.034364905,-5.0380645,3.3653128,1.6407254,-1.5100698,0.07945023,2.62815,4.238366,-3.797125,-3.0272834,1.5686927,0.26691276,0.22491896,-0.04262025,0.5457541,-0.6547587,-3.4205103,2.5690265,-5.6954017,-0.108758636,0.6218075,2.9656157,-5.2371483,-0.2542694,4.5081525,-9.041175,3.1145856,10.18475,-0.35730284,-3.097488,-6.608332,-10.282658,-3.124091,-0.19659655,-6.196392,0.12635414,-12.160247,-3.368742,6.67247,-5.011859,-5.460041,4.826074,6.4239087,3.992924,-5.9028606,5.1500607,0.68988323,5.3657193,-7.4009314,10.694838,0.4662945,-1.8661342,-6.904535,-0.5844238,-0.046156768,1.9486415,4.8398666,0.6742822,4.158756,0.11110978,4.0560007,-2.4610448,2.5440605,-5.550422,-2.8886387,-2.7874637,-2.564257,-9.536327,2.5529935,-9.515994,-3.0441716,-3.6186936,-1.7760786,-3.4591334,6.9229245,-2.2712536,-7.220322,2.4180958,3.219198,-4.547396,-9.288838,-1.6540983,-5.182435,2.496401,-0.69454145,10.74898,3.3225546,5.1487565,-13.671846,-1.5630872,-0.2819407,-10.005015,-6.6625943,-0.8753769,1.4917476,-0.116520345,2.5772617,8.352099,-4.2291474,-3.5088127,1.2471803,-10.584402,-5.37676,-3.0426674,2.7030253,-0.88906336,-6.4912996,-2.926214,-3.262061,-1.5503732,-3.9253998,-1.2431756,-1.431342,0.38100418,8.637509,2.0023992,-5.8212657,22.29347,6.0137367,-10.609203,-1.1932915,0.23166187,5.6380696,0.9611342,-6.0719466,-3.353992,-1.0463538,-4.248897,-0.35609666,3.4866726,-2.3058329,0.13928975,-0.46059772,5.9739738,9.174268,3.573661,21.9639,15.698272,8.105803,2.5816107,-4.3887253,-7.376123,4.3194504,-2.6891143,-0.16212273,2.0902562,-4.9456143,-1.7382914,-4.4236274,-5.111463,-1.1880589,-2.5080705,-1.0199687,-0.40666047,0.99406004,1.0298611,1.8400054,1.1364083,-0.5820709,-3.4407487,3.062582,-3.586128,-4.7231936,-7.515201,9.189226,-1.3671247,6.49052,-1.8769523,2.6785817,-2.9323523,0.93529534,4.088835,3.5206609,2.9894133,3.0386431,3.1346543,0.11034634,1.2250451,1.2516509,5.1040106,0.40274432,1.0981631,0.8163889,5.6947985,-0.7385425,6.5188017,-2.6871462,1.9089906,-1.9735953,6.571747,3.2107985,-0.85353833,0.8403711,0.0,0.12491206,3.7021048,-4.2029433,2.309305,-6.4052835,-2.4941504,-1.7366868,5.172962,-2.1380477,1.4028914,0.16400611,5.681853,-21.668543,-1.8871282,1.9985024,-5.5972557,-0.49001294,-8.78575,-5.506636,-10.716482,-3.7565541,-1.9287882,-7.4237685,-3.7655444,9.173117,-3.2387388,-0.01548936,7.235375,3.3952725,-1.0363371,-11.013868,1.4049722,2.6805365,2.197302,4.247051,6.9907103,8.76858,4.937781,7.0407133,0.29413813,0.20079744,4.2384543,3.9632826,4.423901,0.3256573,-0.13755989,-1.9088248,5.0113,4.380014,1.8158437,0.3867651,-0.99517727,-1.6581922,6.470588,0.4038332,-6.502606,1.8107823,-2.0969138,7.7154827,4.506238,7.053015,3.2425864,-2.3077419,2.5825274,6.5287895,-0.50975037,2.077931,0.5133887,-4.543351,0.79652244,5.694054,-1.1004585,2.5956783,7.433581,0.22086501,-8.779052,3.1264503,4.9000654,-11.342207,-2.4878783,-2.0965214,1.8267131,-7.380584,1.2423046,2.9407802,4.2929816,3.9771678,-28.955893,-0.28824294,-1.8161534
214,2.7402048,10.441164,1.2484974,-0.035158873,2.396487,-0.35240754,3.237957,0.53540176,0.58543164,-0.057934456,7.8437014,1.4204184,-1.3321128,0.41868427,7.2367225,-3.0299003,1.4286305,3.9260952,3.3953242,-1.6166219,-0.31371716,2.4687445,3.4719498,6.4394693,0.3274871,-2.3616714,-6.726169,-2.3212118,2.3832707,3.9233522,13.682948,1.5205215,5.4300427,10.548674,-1.4022825,1.9059653,-0.4071355,1.5154928,-0.23236735,4.016369,-2.5849514,0.009534707,0.3028882,-0.45207524,-4.8260736,-1.5116,-3.7046382,-3.3592715,-4.5481977,-1.3591,0.8460269,0.68321425,-1.410147,2.3061566,2.5777874,-1.1260551,-6.2081323,-7.2679634,-5.1228547,-3.3621874,0.4483256,-0.94854987,2.718274,-7.098903,10.169399,3.3706245,1.1893328,3.50026,0.088255055,1.6371799,6.0922155,-0.70552903,2.2068558,-2.6226015,1.4839913,2.4709096,0.17670925,-3.7968504,7.5620785,6.095879,-3.455639,1.7798051,3.793744,1.1144292,-3.200088,-2.1661696,0.4271761,1.7719909,0.5648742,-0.008191828,0.55965936,2.6723874,0.17591047,1.0062522,1.907171,-4.5022554,5.5304675,3.2412903,-5.3026686,2.9932206,8.892635,1.0931122,12.716967,1.8295364,3.012191,-0.307348,-5.9520054,0.5417682,-4.2428007,-2.5385034,-3.1411185,2.8172476,-7.121316,-2.571993,1.315551,1.8969661,-0.3570757,4.0558357,34.343464,4.276727,5.391447,-1.3143616,-1.5313318,-0.5496942,-1.1863748,12.038292,-3.1670666,3.0764575,0.16593361,0.020649975,-0.37236035,-0.14274031,7.8531756,1.7536659,1.8602322,-1.9428937,6.616656,3.110437,-0.1263196,-0.09754914,-2.682153,1.2028373,4.322676,-0.17993388,2.6921258,0.9865755,-1.010977,-4.157627,-1.6366767,-0.19900402,3.2964885,-3.466526,-6.1538935,-0.57227135,8.736299,3.300768,-1.0005435,3.8704822,0.2649661,1.0573497,-2.7070704,16.55461,-1.6003417,-0.81693894,0.59928584,-4.932952,4.331292,2.7601323,-4.337229,2.5341754,2.2453263,0.020038856,6.807033,15.148669,1.1617424,-3.0228837,-0.15961023,-6.6376896,-1.5293789,-12.907386,-0.8336106,-1.9995623,-5.360226,-1.7804881,-2.953083,-3.210616,4.6976714,-1.2880473,1.2021842,-4.3671656,7.9983654,5.805638,-2.197578,1.8246009,5.729507,-1.5075066,-3.2474375,-2.3547432,16.876257,-2.0263379,-5.7931705,-0.75887495,0.7533498,4.4627833,-0.6215132,1.8114847,-1.0795122,-3.2907262,5.087037,5.310122,14.772915,-0.57736033,11.560667,5.375768,-1.7103292,4.680885,-5.1502438,-1.8459775,-2.4515855,1.374081,-0.48095995,-1.1131138,-0.8699343,-0.64622426,-7.8286633,-5.131132,-3.8737063,2.5094368,-2.7768352,-0.71616924,-1.2621976,0.23865734,1.9377469,-1.7339747,-2.9326174,0.43588623,4.404787,0.3703332,-2.6450741,2.3930223,9.815096,4.8752456,6.748493,10.561189,5.252254,-0.9590478,2.6375384,3.6981392,4.486991,0.761927,7.071528,4.1249275,3.7530282,2.1421018,1.7958084,7.1246915,1.8789347,5.413593,3.2558632,9.553286,-0.86779815,6.529961,0.4050379,4.4576645,3.266468,6.6859584,5.821002,1.2132307,-0.43748036,0.0,-0.08923967,2.4015,5.3654976,0.034344148,0.5048831,2.6866853,8.504919,7.952449,0.36971802,-4.195516,1.8450661,1.294801,-5.114618,10.5739155,-0.9791569,-5.985134,0.5244791,-0.085898384,-0.23127949,-1.3225683,5.5033474,-0.12680395,5.023295,-18.86686,-7.365687,0.8172108,0.65367115,4.907066,15.507846,0.61773163,-12.364963,0.795449,8.450816,-5.461498,4.590822,2.5918891,-0.721703,5.4170322,7.6490974,0.66445595,-0.5373817,7.582731,3.8582156,4.300613,1.199645,-2.7893105,-2.4657488,2.9878752,5.279569,-5.9626727,0.487147,-4.4747195,2.0401943,4.2167463,-0.56031704,-1.9313575,0.4600226,-2.6748383,5.9959927,2.980608,5.8002257,-5.3513145,9.180829,4.8717947,12.686295,0.54154915,-3.9662538,-3.6644013,-7.2363257,11.559907,-0.25641143,5.69721,9.017097,7.2704206,2.9429886,-8.301542,-3.4976983,-5.3937263,2.6057045,1.9183767,2.656966,0.19527596,0.8342804,2.8847353,-0.8796937,5.190896,4.2443867,1.7090325,0.4020663,1.5906912
215,0.7549447,-6.9347663,-6.647691,-3.0210986,-2.7025063,-2.6432693,1.998586,-1.1448594,-0.5487442,-0.4493947,0.5981087,-0.06329471,-6.8334365,10.508439,-0.18492633,-6.733912,4.208726,-7.4937363,-5.6682086,-1.0146787,1.6862332,3.8137522,-5.385703,2.9368076,-5.1031923,-2.2023544,-13.209298,-10.843329,3.1415715,3.0201123,9.657888,1.9907541,3.6325355,9.315487,1.7090713,-3.2340617,0.4828851,-7.451664,0.8578063,-3.59712,-0.22135803,2.2047038,-3.7061348,-2.292044,-2.1736317,-6.207186,0.32506338,2.2912135,-1.4750655,-4.2133155,0.4505301,-2.4795094,-2.465528,0.7169444,-2.4168825,0.15950806,-1.4877325,4.464729,-6.408765,-5.4107027,-1.499859,4.235121,-0.4892145,-4.2903056,26.671112,1.6356156,-0.79238015,2.4376502,1.2119118,3.8692074,0.8045636,6.716331,-1.823531,-3.139252,-4.4011664,-1.5422026,0.5415723,-0.24429955,1.3755227,17.753035,0.01783455,6.4529543,7.747442,8.164334,1.2923179,-1.6381292,7.126675,1.8431971,2.2092817,0.107400924,-0.3899076,4.0991163,-0.50092787,2.4292018,-8.195138,-3.9753354,4.3176727,4.439705,-5.416273,-1.9283351,-3.3196359,-2.4007168,13.770171,-2.9316604,-0.53804207,-1.7091671,2.2883732,-6.6554656,-3.426545,7.6338286,-4.028574,2.3774505,-6.316946,-1.0389912,1.9530095,2.334216,-7.137171,1.897788,15.075838,1.1369429,-3.2579944,0.86235124,-1.840035,-5.684446,-8.362688,1.8114111,2.8919792,-3.5852165,-4.479885,-3.117677,-0.55464983,-2.1412406,1.926057,-1.2571756,4.1470294,-5.1346474,1.2503203,1.0611612,-8.0137205,-3.7021246,-2.8696349,-8.158921,5.135883,-10.411336,-0.6462861,3.869604,-2.7824183,-3.1976435,-4.9364343,0.34167588,5.479324,-8.873947,-3.4900868,-16.698652,3.2297285,-6.9869475,-0.909756,-3.3426075,-3.2563891,-19.706821,-4.5320497,5.1673427,-0.09729789,3.965958,7.214361,-2.2060502,-0.84737134,-7.8262596,-3.5806768,7.18266,3.6520755,0.06822721,-1.7719028,0.87920773,-4.9124637,-1.090961,1.3529245,3.4849956,2.539953,-6.4133463,2.48432,-2.9719758,-2.1841843,-2.4028292,-3.318406,-3.0447464,-7.515848,-0.34145564,-1.2585473,-2.2678666,8.911654,4.8017673,-4.229183,15.208268,3.545257,-3.0207055,-4.9494843,-6.0025787,6.4927783,-2.6093152,-4.353149,3.0524442,-0.84025854,-1.7787318,4.844401,1.2721678,-1.7260408,0.05190358,-0.79999447,4.860815,16.960514,4.028194,15.467586,8.6859865,-2.3002834,3.6885328,-6.4171734,-1.0816694,-0.34558085,-6.0162787,-6.7743773,-1.5066513,-5.8742275,2.7076304,-1.656208,-6.939927,-1.6487968,-3.645019,-1.8571761,-3.5086129,0.72902405,0.40715984,-1.5296812,1.1969607,-3.4263704,-0.068165936,-5.533921,3.0260944,-0.5759708,-4.6081676,5.3987994,2.7771244,9.890664,8.057192,12.70704,6.6851015,0.16609089,1.5634245,7.7079406,3.933368,4.391817,8.039141,2.6046731,2.0076787,2.1564999,10.915013,3.9617608,3.4995744,-0.2669016,11.431749,2.1331942,4.910757,1.5780604,1.4132855,6.80744,6.7108164,8.6976595,0.18706134,2.866661,0.0,0.47681332,2.6306143,1.4040079,-1.8764348,-7.1587152,-2.8662972,5.6234226,8.572037,4.1528053,-5.9820266,-3.703803,-3.9474626,-0.65454215,5.699559,-6.8379893,-5.9146113,-8.220568,2.5661082,-3.8882098,8.252944,1.6357329,0.9588692,-6.0027466,-0.10108139,-3.4043114,0.81323403,-2.7050452,9.507046,4.9959493,8.107122,-4.0247297,-2.5033002,0.16256736,-9.820224,5.238369,1.1401712,3.8683803,6.017179,3.6686904,2.4218285,0.06946712,6.5887747,3.612894,3.696239,1.0920416,-2.692188,-1.4936514,-0.8402602,3.23117,-6.133953,-0.4583272,-2.5034924,0.54176515,-0.67491376,-7.240537,-5.1718197,2.538782,-4.435554,3.8772726,-4.4099064,2.8879645,-1.801935,-4.150726,-2.4414048,2.0931437,-1.7804304,-7.264581,-2.9550328,-6.9024954,11.017118,1.8435247,0.71975136,-2.8785048,4.1644106,-9.323089,1.7121593,2.965045,-3.3528392,2.0135448,6.4253354,9.235146,1.683605,-2.0832472,2.504908,-3.0745165,1.0483273,3.3676462,1.1056994,0.7353959,1.8602784
216,-2.4254355,-14.783121,-10.589235,-5.4058356,-4.8904967,-1.6430461,-1.257401,-1.8165891,0.7771666,-1.6940618,-0.076547086,0.6905216,-12.720218,7.5124583,-2.7639391,-11.485854,-5.6237793,-4.9740076,-4.932323,-1.9408424,-5.6270185,-3.0632296,-5.542247,0.24134408,-7.014653,0.6881162,-7.5802617,-12.853318,-9.251254,-0.5805101,4.135179,7.232909,4.735228,6.3877287,-2.4409578,-2.465892,0.9108813,0.6081185,-2.4674234,-3.597199,3.6754467,-4.9471416,-2.3113008,1.7869338,-5.069132,-8.096211,-3.902915,-1.5472829,-4.323155,-7.0925856,-1.1054164,-1.3773386,0.7567163,-1.0735159,-1.619563,-0.3840614,-1.0248755,11.53292,1.3263034,-2.421971,8.316126,3.2132704,2.53773,-3.538065,11.863402,9.377393,-0.8977446,1.3956032,0.78420836,2.421191,-0.72913194,11.861271,2.5080214,-2.2626522,0.651732,3.2008076,0.3207467,-2.8736987,-5.7185287,10.054721,-2.4615061,7.6396356,1.7342039,6.7919235,11.356415,-0.58638847,10.17449,3.1816266,-0.78848857,0.07985564,-0.14812417,4.9008846,-1.5302849,4.0761404,0.99802464,-4.231032,6.3006644,6.0936,-4.0217075,1.7301699,-3.0528514,2.0216355,3.2937126,0.4556122,-2.6698728,1.7584425,-1.9846456,-6.325605,-6.265873,-2.744523,1.4741615,4.1021156,-0.22153772,1.4927195,9.366753,1.3372834,1.0260698,4.8236246,6.888801,-3.5410187,-1.5898741,4.026405,3.408526,-4.614722,-10.727549,2.309381,-1.637416,-1.425798,-5.7130427,-13.508885,0.30041993,-0.6475915,5.193113,0.31514412,-0.36643034,-3.1094885,4.4859486,0.04402475,-9.505103,-6.23492,-1.8537229,-6.370185,0.100444615,4.312772,-0.5975032,-6.6588492,-1.237799,-1.7034312,-7.697212,-7.3105016,7.5544586,-12.340859,-16.576218,-14.261572,-15.74466,-10.664445,-6.3493447,-10.683847,-2.6172922,-18.10302,-14.584452,-7.6687045,-7.9523444,1.9009724,0.5061299,3.447784,-4.8362217,2.8519967,0.311487,8.812821,6.011907,0.11334736,-6.485657,-8.053168,-6.0945554,2.4895144,3.248579,8.836566,1.2954775,-5.418737,-2.0964096,0.36048326,-13.092985,-7.07116,-7.509163,-3.6710603,-5.7756205,-1.2866721,-0.73943156,0.51144636,4.803085,5.0345287,-10.308286,-0.3920037,-2.4962938,-7.5550947,-7.4927077,-2.2102146,-0.4364699,-2.218397,-2.0595126,2.336328,-7.714186,-2.4022493,-3.9331474,1.9158243,-8.43584,-4.1654267,-8.748409,-2.8210964,2.2091281,7.899205,19.269249,5.835067,-4.8795156,0.1898462,-7.303067,4.0335526,-0.802954,-7.187616,0.8986254,-2.3380096,-2.120961,-5.907541,-4.6722574,-2.4180598,-3.6942334,-3.4462264,-2.5558827,1.0938828,-0.75712484,-2.8164136,-2.5805278,-0.61621916,-1.2061803,-0.2177716,2.102045,-5.767738,-0.8470992,0.79705256,1.3120705,-0.47728965,5.925745,15.088364,7.5469456,15.183811,2.8015115,2.8933604,5.2424607,5.676224,5.6307573,6.945519,2.9592006,2.8016279,2.2531219,9.304237,4.928389,3.974308,-0.54290736,5.817809,-7.464187,5.507448,-1.7808441,0.8776226,13.373841,4.4690776,7.1218224,0.10216139,5.0695763,0.0,0.0444636,6.1656775,0.02353369,-0.62708515,-9.829007,-7.180631,3.2380593,7.508645,4.0375514,-1.5390418,-4.5064607,0.10636471,-2.5849466,-2.8142161,-9.333624,1.4672931,-6.8438873,0.033499803,0.44176543,-6.423896,3.2575624,0.79345006,-8.269506,-2.548906,-4.863791,2.2647455,-5.86323,-0.34589118,-5.5715065,-1.8140038,-13.009614,1.6513243,4.4733605,-13.469234,4.2400455,-10.107702,-0.6421406,4.055256,5.7161293,1.8677831,3.143328,2.6745207,2.8915331,2.412304,2.0235777,-0.6541121,-3.2393773,-5.3472004,3.3404,-2.4833627,-4.9053817,-10.412723,-3.2302883,-6.4769073,-7.856211,-4.565372,-3.112428,-2.0913768,1.1004263,-4.481812,-0.8674542,-5.815876,-14.8122635,-6.228838,2.7357202,-8.387823,-1.7328049,-1.5633311,-9.970509,1.3490496,-3.9504855,-4.484243,-4.106668,4.9266047,8.057767,2.8155055,-0.84479916,-3.3167524,3.663168,4.2007527,4.6884027,2.985933,-1.5978342,-2.9318817,-5.2301283,0.6859687,6.933181,-46.67555,0.59809107,-0.78932023
217,-2.5475035,2.3808718,0.793307,-2.3198903,-1.7222593,-4.4203067,-10.52487,-2.905104,-1.1925092,-3.2945292,-4.5540137,1.0345192,-4.095973,-0.22852384,2.4115264,-4.9945116,1.2457408,2.017851,-14.745019,-4.9847074,-4.4911776,-0.76826036,-8.380262,-6.350148,-4.526739,-2.10404,-2.1379998,-12.593718,-5.6748405,4.0070977,-2.9614995,4.021865,0.26620036,11.245422,5.0770903,2.592679,2.5414233,-1.352322,1.2893888,-1.5699441,-4.982929,3.767336,0.614153,-1.285806,3.8727007,2.1312358,1.4789025,2.2847083,1.8658164,2.4006855,-1.7633922,1.1717423,2.2773066,-0.24344853,-2.8838544,-3.8318503,-4.622293,-2.7845893,-1.5148506,-9.195928,-1.4423945,1.3937819,-0.482236,-1.3040383,-1.1434042,1.4601632,-1.5363599,1.2843541,-0.77229846,-0.29131788,-2.4775715,5.025777,-0.06181815,-7.3033476,-1.0782949,0.60208005,-0.15541981,-9.678721,-2.0550094,-5.1033244,-5.748395,-0.6015185,-0.24724562,4.4472537,1.9302645,-5.270186,6.0360746,0.85384,-1.3622814,-0.064819925,0.14307706,-2.6332347,-2.2710226,1.1239777,5.81934,-1.5809875,4.0652666,-1.0286591,-0.1210061,0.44160497,-7.5934606,-3.171481,14.95807,-5.1655617,-7.1107993,2.622368,-4.869992,-6.371751,-2.6864662,-14.890403,-4.8146877,-5.1843877,-4.954914,6.066578,0.30404073,-3.6162455,-0.77085274,-5.979548,-6.378117,9.27697,-7.6883473,2.2712166,-5.020334,-0.46778283,-7.371561,-1.5562121,-1.2309121,-1.37151,-6.948322,-11.5477915,0.07286016,0.3553503,3.8462498,0.14577721,2.8734567,2.099725,0.027236411,2.4086075,-6.4644084,-4.938407,0.1755862,-2.3067431,-3.9988384,-4.9891477,1.646014,-3.3937993,3.380832,2.5790405,-3.0946364,-4.9491653,9.98333,6.4256864,-6.28415,7.701732,-2.0773244,-8.658555,-7.4392867,-3.9581013,-2.7703824,-6.239803,1.4821032,6.0691495,-0.6922559,2.8018763,-8.3489,1.7828422,6.000874,-2.4333482,-5.5220923,-0.2153066,2.3748143,0.1721179,-0.22176923,-11.215333,-3.973769,-1.332968,1.9571726,-6.2096868,0.25366196,-1.0355262,-2.5108721,5.2098527,-8.731042,-5.2661815,-3.631262,-5.7129564,-3.4588547,-0.8156748,-2.0128133,-0.5785481,1.164772,0.5751358,-4.966599,0.47336137,3.6605608,-7.4765177,2.9957757,-1.4148982,7.1936126,-8.581248,-7.1931877,-3.4036655,2.7147624,8.554758,1.9746213,-0.6558198,-4.721673,-2.1531732,-6.425221,-1.4834545,-7.3032007,4.5348763,11.873332,11.0826,13.306243,0.44135153,-2.0142663,1.5589871,-1.6637216,-3.2298036,-5.915703,-1.8024114,-4.9595656,-5.3423104,1.3535737,-2.0438242,3.5704584,-0.4489003,-2.3090627,0.96124417,-0.26564962,-0.2807877,1.2641449,-0.7649307,-3.1379585,-2.630483,-7.934618,-3.7976906,-6.8895974,-6.692108,0.96256995,-3.6130912,-1.2131381,2.7905765,1.015772,4.40252,1.9572033,-1.8118947,-1.5773064,1.484604,2.8384771,2.3884823,-2.4783099,1.9565508,-0.20924412,1.5731097,1.3350222,-3.3144739,-3.73775,1.5596817,-9.931682,2.4568143,-1.0319576,-1.5239733,1.7567008,2.9496365,1.7784983,1.6656828,-3.893498,0.0,0.043187845,-0.23600069,-0.8253032,1.3088641,-1.4255359,-3.9482684,1.154501,2.1846008,3.3647966,1.5494782,-0.6389024,4.619447,-16.688286,-1.918761,-4.061513,0.781301,-4.752036,-8.810223,-2.6286783,-10.394454,-0.8357627,-2.8856125,-8.204411,1.5702897,2.3039913,2.0180306,2.8894615,4.179584,2.120332,-3.7903557,-12.945771,1.9711281,0.03981941,-5.705205,4.6335855,-1.8740162,2.473872,1.3529124,6.8794975,3.1191227,2.002975,4.617002,0.92649084,0.7769116,-5.151958,-0.68603396,-3.1489384,-0.44247314,1.0964633,1.0354699,-4.7097464,-6.271543,-3.7927003,3.3804462,-0.452322,-2.9816353,0.18055049,1.31276,0.8756442,-3.8229113,1.1320614,-0.9466233,-11.277758,-1.6099232,-3.361822,-4.409529,-3.9421089,-1.8116708,-9.614282,6.403691,-0.9174866,-1.6724912,-3.1491468,12.6897135,-0.16233166,-4.889335,-2.030062,0.12293849,-2.0843472,-2.3761125,2.2465963,1.6153487,-7.2834253,0.5347876,-1.9971308,-1.5446005,5.743926,-36.648903,0.70660454,-3.0843713
218,2.8763137,7.114363,6.7520065,2.8094912,9.35896,1.9336965,6.1003957,1.3746151,1.5003926,-0.5044679,-7.0636296,1.3966846,1.7228585,8.67319,2.9236553,1.1908019,5.996432,3.217528,2.7851982,7.741782,1.9984322,0.29722086,5.090925,8.322756,-3.219851,0.95986754,-1.3225352,-0.38612375,-0.4886901,9.831596,1.2908624,9.483384,16.100693,16.370115,0.744872,2.2770102,-1.4136362,0.91870856,1.2476883,1.4728041,1.3946428,0.80306137,0.35293365,1.376411,6.701087,-4.142333,7.1313295,1.3300474,2.6839502,1.254852,-0.09079067,2.0987391,-1.744024,-0.31082782,1.2730758,-0.53890204,3.5355043,-5.7452984,0.6831434,-4.1863837,-0.5063542,4.2263064,-1.4479281,-3.4168081,2.792282,1.4986233,0.14980067,-0.21824287,-1.3818746,-0.69423443,-1.0531541,-1.061531,0.04822994,-7.1757565,-6.3382072,-4.4935083,0.11115764,-8.586761,-3.4028575,-8.3667,-2.549939,0.35648152,3.5924604,4.444037,-4.951499,-1.2388809,2.7018313,2.6331844,-2.6020875,0.059789512,-0.07073563,-1.226656,0.7862443,0.6491197,-0.95268744,1.2119703,1.5705128,1.2968849,2.3511906,0.20473787,10.483431,0.6041894,3.8920815,10.106442,-0.45296732,-0.35174406,-3.5360415,-5.5038085,-6.4276648,-1.4446144,-1.5440636,-8.866963,-5.4462094,6.7572327,6.4354143,1.3695621,3.1287162,2.5369291,0.26570123,5.4293704,-0.91411734,3.9494317,-3.4316015,2.5909646,-0.29403523,2.282546,13.139044,1.5037718,-1.7464447,4.8813787,-0.25488806,-1.9702355,4.757256,1.63899,-1.284438,-0.9134065,0.61638653,4.5406003,5.2293105,0.4334683,3.1300108,6.2431054,-1.0213925,-0.54197174,1.0932226,-0.96320724,3.852933,6.1496797,-0.48800677,-3.2875829,5.9841247,5.6222334,1.1441014,4.6546345,1.0383526,6.830966,9.577044,4.485559,0.5695517,6.0027184,2.2193043,1.9682971,6.4304023,0.7441454,3.699101,1.2396759,4.1626816,1.2090108,-0.96902984,4.1211042,1.4030923,0.1726457,0.42576018,11.386588,-0.4501824,0.9020851,1.4643666,8.142147,3.6669328,4.0167303,3.3646903,12.793603,6.6822944,1.1798708,3.5165443,1.8028814,1.7821429,3.3423955,2.7810209,-2.283364,-2.6099207,-0.8220601,5.4884,2.3088477,10.566669,1.8844959,2.9179265,2.615539,3.511662,2.3670955,3.9318688,-1.0196884,6.460506,4.9696193,2.1754591,-0.38086718,-4.351073,0.04370456,-7.660348,1.9108225,-8.60491,4.4335704,12.700157,23.720991,10.819403,-2.5995471,-5.4754777,-2.40229,1.3439933,1.1810763,-2.7286484,-0.22321242,-3.3382242,-4.41765,0.8972582,-0.11050294,2.0410352,0.6963665,-3.4331152,3.754127,0.83720917,0.53547734,0.62875533,1.8928227,0.4420218,-2.6872709,1.3354461,3.8535538,-0.22553608,1.9916649,2.7746966,-8.957423,-1.3153335,4.164428,-0.23338088,4.9949493,2.2084656,-1.2773079,1.979026,-0.6277319,1.0798037,5.6883016,-2.6423528,-2.6984177,1.430915,1.1157612,2.4033918,-4.767583,-4.8176455,-7.7818084,-3.686586,1.8551931,3.7496064,1.5540129,-0.66714245,3.2480314,3.0288508,-0.058333993,2.1970367,0.0,0.3222922,-1.0064605,-1.165578,0.7637374,-2.758963,-6.036287,-1.2499657,3.4698038,1.5860257,0.8336398,0.9367509,-3.1559336,1.0436789,-1.0184294,-1.8312184,6.532494,-12.752479,-10.636181,-6.665776,5.4038696,-2.4950385,3.31728,-6.5428014,7.475482,-2.967397,-0.5203066,-1.0113556,1.1263044,6.8015256,2.268764,-4.341099,-0.91277164,1.8948451,2.0568166,3.0724647,12.308321,2.830623,5.1559696,5.9145503,2.776102,1.0507115,7.515466,2.1358876,-0.029330464,1.546756,-3.392522,-0.42314616,1.9907459,2.7698545,5.7220535,0.13053536,5.4556785,1.3845795,0.16827692,1.435174,2.474164,5.1417546,3.792254,1.7786092,0.13766675,3.7968445,2.8419392,7.7490363,2.7921748,3.89885,4.2222085,7.1917267,3.8412492,0.04358245,9.850061,1.3583252,0.56759614,7.5304074,9.254114,1.000214,-1.4194798,5.4738245,1.4967508,-7.725513,-3.5314345,1.6130309,1.0057137,-2.3124542,14.05017,1.9484781,1.5735106,2.6447322,8.27284,2.6615322,0.2939899
219,3.7816231,2.8042042,2.9870627,7.669572,9.434949,4.774474,12.892889,4.4143395,5.2849483,2.5678155,-2.4310555,3.1336377,3.9351053,0.43034965,-4.109478,-1.6030738,2.0150084,-1.4424801,8.414673,-1.1249818,8.850916,3.0720167,2.3109033,-4.4873176,2.2687876,-2.1711838,-6.192855,-0.7586111,-3.7293143,-1.1631556,-3.2841728,-5.0317492,8.592245,16.689243,-2.5317578,3.5220327,2.7556381,-6.2745714,1.0185598,5.2732773,3.0278695,0.48693296,-0.73295087,1.677933,-4.0814695,1.709321,-1.2413546,-0.81354314,-2.078744,-4.053233,2.6725945,3.8487275,0.6100012,3.2337193,2.7758071,3.365981,-0.016152656,-3.4055722,0.45602205,0.36439574,7.116449,2.1341038,-5.3814807,-1.9459885,13.119118,-3.2803066,0.2528885,2.6069272,2.7011,2.5232968,6.1702995,6.514518,1.0118855,0.34376356,-2.6934938,-2.2136252,0.31201127,-2.1006553,2.4985034,0.79035574,-2.4125865,10.808454,2.4927344,-1.3815536,3.546144,-3.3160396,3.0186481,0.76635355,2.11527,0.08530214,0.13487548,-1.802677,1.5268731,-0.20843165,8.248024,-0.8710108,1.5384368,-1.3913269,5.074362,2.3913321,-4.6620054,12.593291,-5.285506,0.83416045,2.0415251,-3.1923475,0.4786533,-4.6045966,5.1740603,2.5572782,0.43280596,-5.0899634,-0.73677206,-8.247309,-5.9232597,4.6863785,-1.2707714,3.570511,6.0319767,0.84085345,-1.9254185,-5.0815115,-4.1995244,0.4246369,0.67031366,3.1627014,0.53090936,-4.6938505,2.5808775,-7.2855477,0.12510812,-0.7096843,0.3963385,1.0830343,-1.4739637,-4.7982955,2.5683765,1.0273753,0.47246566,-1.098498,-3.056523,0.6517973,-2.445256,5.785256,-5.3613677,1.7137208,5.2780466,-0.5882189,-2.0105162,-3.0246792,-2.5385745,-4.319249,-3.4826124,-1.9494672,1.9268285,-0.46125984,0.68105394,6.245385,7.0709677,-2.2576466,-2.1516542,-4.291273,6.806875,2.0931118,3.5635178,-3.501162,4.722947,8.44305,-5.1992126,4.2312727,1.5351502,0.043712735,5.713272,-2.299052,6.596351,-6.5976443,1.2907141,-3.936215,7.4990106,2.5591908,4.230994,1.9995234,5.046361,5.797537,7.390278,4.397343,5.637699,4.5124326,3.8254979,-5.8965197,1.3216823,1.9783119,4.761631,14.20005,0.21319343,3.4287102,-8.502202,4.3199067,11.9402895,4.176943,6.248579,2.6461446,2.2230823,-3.695465,0.12271186,-2.0585003,-9.712554,-2.156719,-6.6584167,-4.494118,-1.2815411,-1.765799,13.393493,12.761015,-3.2489715,4.0380406,-3.2391577,1.5030712,2.7887728,9.842781,4.3967304,1.7642701,-0.76960695,-0.9492419,-4.352949,-1.3628533,0.35019562,-2.5020037,-1.2821461,-5.1784754,1.9360992,2.904043,4.9939017,-1.1592855,3.6495082,-0.26638818,0.9413177,-1.4868479,2.98708,-0.24962197,9.246184,4.759997,0.9486909,7.5040603,8.182717,8.534549,3.5735,0.7294351,6.2370276,3.055655,1.0657979,8.591814,1.8067226,-3.511799,2.1042054,3.2207606,5.4718823,-0.8103596,0.19853625,7.6584044,-1.577126,4.6191163,2.938813,0.814991,10.887283,6.683884,6.2883377,0.48664364,0.7851188,0.0,0.10371752,5.243942,0.1686756,0.3478027,-5.251655,-2.2086625,1.3390234,6.094065,0.22364639,1.0706502,-0.07177606,0.37727615,-24.998535,-1.9118836,2.4927788,-0.31217432,-9.9247465,-5.9127936,-3.0205529,6.471009,1.1998397,2.00199,-9.793667,-3.5238452,-1.0527049,6.6496873,-4.1928616,-4.210356,2.6490839,0.36488795,-7.1262765,-3.6065743,4.2428513,3.6671283,-0.96491545,-2.0822647,2.1893363,0.044476736,3.6119215,-2.3973212,1.0531198,8.2530155,3.4148402,6.0304418,4.37119,-2.9255693,-0.46851906,1.8002781,2.9418604,1.5406826,-3.6141913,-0.30823106,0.8465564,-8.215604,-8.837495,-1.5530691,5.8539853,-2.2240741,-0.6335424,-2.1967163,-2.1353137,-0.791808,-0.060707644,4.4020667,3.8934762,4.2686405,0.7428868,-0.5201275,2.8957522,2.7771192,-5.2861233,-2.8069239,7.7794123,2.7285702,0.22154482,-0.8055839,4.0686398,4.0946956,-1.7227954,5.708186,4.235552,-0.39666748,-0.6720261,2.2914574,3.9899397,0.7347542,3.9872787,1.2054261,6.166433,6.3193054
220,3.8729374,-10.106573,8.412638,6.835727,3.1917748,-0.016692443,3.4061563,8.173462,9.15295,5.4679003,3.7681568,0.121778876,1.9307176,2.1672106,-5.6905594,0.08420197,2.6542163,-2.3432105,15.847285,2.2441187,9.447491,5.338692,-1.3941209,3.4647157,-1.345732,2.401488,-8.892463,0.08074115,-11.089651,-3.8478765,-0.39117643,-2.2613442,-7.0059958,1.2219043,5.756232,5.6926785,-8.849719,4.7582064,2.7326975,2.2056415,5.945442,1.8119278,5.9711227,-1.4983051,-3.4550667,-0.944411,-0.47933918,1.701926,-2.1878333,-5.291728,3.0411851,4.600068,2.7330387,4.319053,4.4511385,1.498339,2.5065908,-1.0058247,0.059755586,-0.17884307,15.15402,4.7550206,0.22233795,3.7959495,19.98813,4.00295,4.462113,5.216895,3.9793265,3.1058905,-2.4422383,14.930468,2.7620063,2.8757105,2.1711593,-1.2655284,0.54065216,3.2995858,-0.36531624,6.011651,3.719568,10.850856,0.39468646,1.4825245,14.886559,-0.3366988,10.308613,3.687992,1.5454371,0.034849584,-0.28973725,2.4766445,2.731349,10.52706,1.2947825,5.1902266,1.980547,-1.8695005,6.0713563,3.4293957,1.9437282,2.3837848,1.6528568,1.9212892,1.9475007,-3.7181785,-5.81129,4.397842,3.0606172,12.295412,4.3823366,3.9337993,-3.8324084,4.607378,5.635989,2.0049415,1.7112533,-3.5570636,3.1395276,-6.7325773,7.961336,1.6602412,1.5726199,2.6774275,-3.9309733,4.625035,-7.9055014,1.6482282,0.31748384,-1.035513,0.7633904,2.0827825,2.3639884,-2.2845936,2.538706,-1.4479245,0.8144899,0.87201864,-4.4594817,-1.0565985,-6.2197995,3.1151426,-6.633573,4.160166,-0.62418705,0.40949646,3.4204867,0.042431515,-3.9994667,-5.542447,1.1937513,4.6750927,-6.5439806,-0.064042345,-12.11255,4.6772676,-6.2076793,-3.0925484,1.2377913,-14.78289,-7.0723763,-9.152142,-3.1531117,0.45356286,8.59477,1.5269475,-3.959327,-1.3863615,-0.85334516,8.51014,5.3982034,-0.019810349,0.42021573,-2.443183,1.3440053,11.088598,2.3790061,7.4948535,-0.70155054,4.8639636,2.042499,-1.6706207,1.9449136,1.1163349,4.108027,2.1682398,2.280292,6.303439,5.65649,0.7460403,2.4066339,7.1773634,-0.75114346,2.5866642,-1.0258344,1.0257968,-1.5909206,1.8347814,-2.4270396,-2.6561522,1.9750654,-2.2693737,1.4772763,2.571724,2.047599,3.10892,-4.3502083,-5.7757044,-6.5015993,-1.2503216,3.303947,1.5932077,6.969891,7.487263,-2.7524393,8.469821,-6.7294645,0.22433126,0.92680323,14.915661,8.905191,4.421528,5.1339183,0.12712471,-5.127338,3.9741704,0.494619,0.7495283,2.6359532,2.426454,3.7410574,-0.3623132,2.4463356,-0.658132,3.8361828,3.7317357,-1.4464692,5.717686,3.2948577,4.427043,11.251068,6.394696,7.196335,23.321926,17.574364,13.864377,2.0282178,1.1449797,7.41435,-1.7643862,6.9974403,11.71456,2.6400943,2.936998,7.5051765,6.472479,5.073677,6.0445433,6.655318,6.1157413,-1.1458247,9.881521,0.39304808,1.2529913,10.074162,4.64385,5.252286,0.785457,5.8832603,0.0,0.12020688,9.199568,3.726412,7.6389008,-5.7990117,0.08033817,1.5832559,9.528274,1.1728805,0.26587072,-3.1037393,-2.796985,0.97913104,12.026086,1.6402318,-2.1390176,-7.305098,4.4919567,8.806332,15.2754135,9.635226,7.712696,-0.9508142,-10.219617,-6.460275,0.63354486,-1.3567787,13.047859,3.8143535,2.579573,0.63814616,0.2083111,10.341739,-4.7216263,-1.1164511,0.8695411,-11.18184,5.1567116,2.3793035,3.998573,6.1145043,5.078783,4.3741364,2.280362,4.9870577,6.7444954,-3.4600797,1.0941409,2.0865421,-2.1988795,1.5919713,4.256956,0.115748346,0.9264182,0.03691237,-0.40465102,-1.632817,-2.550635,-0.036592398,-4.1284094,0.5985602,2.0973382,2.3631961,-0.0073237363,11.653976,3.2462919,-0.7959909,-4.9307876,-1.5327044,2.094398,-2.1518617,-6.9477067,-0.27171165,6.251288,9.880773,2.1004643,4.9515486,-2.0354207,14.34516,8.845659,14.834376,2.3240204,-3.147496,0.8467369,-0.51543033,4.3024445,4.163684,9.604354,12.151168,6.5999618
221,-0.020679617,-1.1311346,5.1432104,6.0795083,6.193419,-1.8493179,-0.31338534,7.807728,10.367923,2.4962482,-0.9747219,1.378173,5.332149,-0.30678156,-1.2309854,1.5742717,1.3540114,6.292436,-3.2469623,3.3464453,5.127901,-3.22451,0.21164648,-4.9312654,2.9090075,1.9205483,-6.755016,-8.919512,-2.5091949,-0.2575328,1.0155859,4.6218405,0.7745695,-0.6792121,6.001089,3.99181,-1.1675075,-1.6475201,2.698347,5.4662957,2.246673,0.68921894,1.9634314,-1.7776779,-0.2476947,3.1161656,0.29026416,-2.0079432,1.0095893,-0.22498016,5.3384175,3.1454096,1.6286247,4.8624,4.0687733,-1.7155924,0.8231773,-5.5207415,-4.9370403,-2.4460726,-0.86854017,1.7998537,-1.3151153,-3.1023483,0.049770527,1.701256,-2.8202279,2.3818903,-0.5233713,1.4754344,-4.031367,1.0024889,-2.6477299,-1.7332506,-4.1618166,-4.2193985,-0.6225066,-5.118384,0.38741228,-1.357098,-6.310034,-1.2617111,-3.2288282,-1.5066037,-0.9832782,-0.5739505,4.1360054,0.63174653,-2.8649526,0.025676517,0.5362635,0.14261484,2.6128294,4.976325,5.8464627,0.22270872,1.9871614,1.3886069,1.1849824,-3.9719613,-1.0136751,-0.6510543,-13.079096,-6.16307,-3.023368,-12.136221,-4.188125,-5.284492,-7.975361,10.4333105,-2.6440718,3.8321066,0.25874883,-12.057943,2.8460124,-3.5102596,4.443317,4.8298373,17.432892,6.395892,-5.818128,2.2740223,-0.24780923,-6.6390095,0.6678511,5.573006,-11.887393,-1.1967115,4.515934,-1.6961893,0.5377504,1.0276552,3.2389286,-1.0926666,-0.99481195,3.8067362,-0.18798563,3.8403897,-4.297037,0.24365579,-11.8376,4.407969,-6.602619,2.994873,5.134756,-0.054142732,-0.8549242,-5.1597195,-4.879565,-6.4326344,-2.9899821,5.6039696,12.736316,9.050254,1.0275372,3.6412282,5.62832,1.8051739,0.5829718,4.313834,-7.7932825,-3.1033115,4.7362027,3.0631697,-1.0977193,0.9809506,-2.1091425,2.9969528,-7.5029435,0.21463011,-0.8361312,-0.22333582,5.6847916,-16.687874,-3.860436,-4.706722,0.95904976,-0.083932504,-0.4523846,-2.995037,0.25530526,-2.8268409,2.350496,0.89952606,3.860605,-0.16799939,0.4445667,4.703703,7.054789,-2.3416803,2.0130925,4.5034614,-0.42518014,5.0544577,-0.74477047,4.1044135,1.3406475,4.850384,-4.138505,-5.0894046,-7.6007214,-6.3208694,-1.1062814,-4.659242,4.690948,-1.7073163,-4.332247,-1.7011088,-7.2767158,-0.36958978,0.35552892,-3.049321,1.0139138,6.282074,-1.0905824,8.338556,-3.3950446,3.1896741,3.3757083,6.2860756,3.2277124,6.701099,2.857493,-0.6828583,-0.7389476,-0.7330099,-0.63984495,-0.25764307,3.4015234,2.6581156,5.618389,4.444976,4.0500784,2.1053522,0.7771567,0.95130837,-3.242423,-12.66842,-3.2186296,-2.8227532,6.711189,-1.4292214,-1.5492752,4.5457096,-1.0280735,15.081125,0.625125,2.5126781,-1.6210976,1.2525551,-2.7433572,1.4425455,-1.4411192,-0.768682,2.0668943,2.622521,-0.24005847,4.161802,1.1059077,2.2932198,-6.1669188,8.152497,-3.0359144,-1.0702782,4.522143,0.7621446,0.90291387,0.98632014,-1.3162249,0.0,0.375169,9.765254,2.1625197,6.5794044,4.011637,-1.2901841,1.1311325,5.2716966,-1.1438355,-2.45522,1.2849004,-8.062214,-10.650746,3.4549654,1.526544,-0.48260668,-3.2369983,-3.1420133,-4.318607,7.269155,-0.80978644,-8.80739,6.558405,-13.78838,-5.7529645,5.8980584,-1.0540825,10.444859,10.587819,3.5305693,-6.5349154,4.2704988,4.7590957,-8.48826,-1.249708,7.2521214,3.7006965,0.24664234,0.5181422,2.947968,2.5207942,4.4658613,2.9202747,0.8459735,0.71936256,8.779269,-1.7972308,4.4006724,3.7177408,-5.104567,-4.4244003,2.6163895,-0.0783155,-2.702809,2.1668363,-1.4565661,-3.0584185,-3.966145,1.6271358,-3.4355938,0.66537285,6.280573,4.8568907,0.99448013,11.945596,1.5433646,-0.70044017,-3.971126,-1.7780159,4.403299,-11.321345,-1.8197931,4.02901,-1.9017411,8.356071,-3.4806333,0.23535563,-1.4511154,-1.0771012,-1.5316834,0.972329,1.593947,-13.744958,-7.653688,0.3323029,6.419355,2.4000268,17.215067,-2.011349,0.33160865
222,9.911342,17.26081,11.444545,8.892412,6.5937324,4.476196,15.785964,13.237258,14.007148,3.8020155,9.779235,5.0487585,8.267654,4.7014217,8.616854,0.78076917,11.397894,2.329518,11.82141,4.502593,9.873684,5.7090583,8.106141,5.216042,-0.6137738,0.3752806,2.2550194,-5.870502,3.314529,13.160861,12.92813,2.8706865,0.03321053,2.9419732,-6.1887054,8.075171,1.0782872,0.39948368,7.1558313,9.198902,7.4473534,3.8901308,6.656952,2.608005,-0.83282036,6.4744716,3.2135868,6.278073,-1.6869515,4.08101,8.435209,7.9377813,7.206348,7.5396347,7.2557945,4.237135,-9.659232,7.6204033,-3.7410274,0.6781999,5.7411733,7.7489443,4.6356115,4.0475483,9.577224,-0.68044984,2.5289462,8.411472,2.6616805,4.0717707,-3.2911716,8.502791,1.1917449,-2.7226808,-5.1283,-3.2248535,-0.16260386,-0.8547183,1.2327555,7.5036006,-3.967324,-0.90282744,3.0595653,0.80197096,-0.025200715,5.0401993,8.523562,3.1352026,1.2817546,0.046804886,0.36549175,-0.40170178,1.2245011,2.7263923,-3.41204,3.5789685,8.163277,7.8203545,-2.0856514,4.64728,5.8428226,11.449028,-2.419699,0.011845217,2.6895142,1.3419536,-4.0371656,0.21222764,-1.4818314,-5.0584207,-1.1940429,5.6277323,-5.4885406,-16.22502,0.4449431,6.2671933,2.8792474,0.65306187,3.6572666,-2.8009138,-0.40093118,-2.310942,-0.71184903,-4.209473,3.6848068,0.94188863,3.0469851,3.485238,3.7029638,-1.3960712,-0.08281562,-0.00603824,4.4923444,0.63346606,2.6899726,0.9262965,2.8954666,2.634219,5.172947,-1.8280137,-0.6894094,10.961901,-1.0632466,-0.027198026,2.2668357,8.131933,4.203327,-1.0238149,2.7841756,6.733089,2.9977021,2.105566,6.653602,-1.1980196,-2.4028256,5.7434177,12.95825,0.5447525,7.8779926,12.12516,3.6444278,16.733013,5.418472,-6.584398,-11.513419,0.6009479,2.1608188,21.737665,-5.6297684,2.452042,-0.12123653,-0.25607628,2.0498073,-8.111331,-1.3239212,-0.12643273,2.078487,11.260371,11.7379465,0.49652517,7.2427545,10.990254,6.748296,7.5001307,4.9438887,2.6852422,1.459822,4.7871614,13.648785,4.540033,5.656743,6.910595,6.9130535,10.807135,2.3106592,12.029037,3.9590092,1.5729238,0.2060921,-0.9646038,-0.4854491,6.608889,2.4475102,-5.2372727,1.8497097,0.063847095,-1.522106,-1.6613872,3.8367977,13.357089,13.6308365,-4.23031,8.785213,3.677553,-1.3040009,9.238486,2.0088272,-1.5484333,5.9894347,12.177548,10.151003,1.4542426,7.090984,0.69754845,1.3149399,5.083904,3.7609181,0.61641484,4.842091,7.5879273,6.2824044,5.0357623,1.8409098,1.2021587,3.1031969,5.1172686,-3.664244,-2.9178257,-1.148712,0.86131376,8.635751,3.92832,6.6652493,13.258216,12.354654,0.572154,1.2799298,1.5555136,1.7415586,-2.83967,4.031708,4.7033157,1.4892495,-0.350841,0.30674815,-2.2439573,2.4814634,3.7480645,3.9743626,2.94118,-0.8107209,9.524508,1.1354381,2.692629,7.343852,2.589895,3.1690924,2.32062,1.8621596,0.0,0.32473356,6.26417,1.7358787,-0.64970803,4.6765604,5.7032666,5.0823503,6.9947667,2.3061273,-0.42589822,3.4664462,4.47734,-9.62003,17.653316,2.833394,-3.1871316,-9.459538,3.8665028,3.3295257,0.5280253,7.122809,4.2573338,-1.330142,-13.344904,-12.44016,0.77842,1.1156,9.796003,-0.041163903,-4.375585,3.350026,0.85740346,10.272008,-1.4534615,-1.292943,-6.0951037,-4.9991198,4.134105,-0.29201233,8.586371,-0.206967,5.35194,4.6049137,2.1913779,2.2045627,2.6947987,1.2496706,2.0872893,2.4914932,-0.512699,3.7117436,7.5764966,3.773648,5.063545,3.5018792,2.9842672,-1.742933,-0.90398645,6.1030545,-0.22070824,4.8998246,3.1704316,5.9396887,-4.7204714,-1.7291721,-2.9911911,-2.1928825,-3.5618987,-0.544112,-3.7241726,7.5730505,-2.2979805,8.42076,11.2830305,3.8220828,0.15254119,-6.4926763,-10.099625,6.374495,2.7519498,3.8296745,-0.17961502,-6.2935557,-1.114451,-1.2910799,2.7963915,-0.236327,25.097784,3.6201282,0.43018618
223,11.08019,3.4450426,-2.6295714,10.758246,4.444602,5.8361425,1.115784,7.880519,8.705778,3.1013138,7.609828,9.448612,4.33368,8.440473,-0.61974746,2.6667137,3.0370574,-0.18597865,7.2285113,3.7355907,13.527565,14.557724,-0.31623334,5.508416,-5.751654,1.6980608,2.8838084,2.633575,0.86977583,11.928046,12.943141,5.1244845,24.258259,-1.0441964,4.7404137,6.110104,4.9836955,-0.4021487,3.9685547,5.123204,0.62114596,0.21492563,-0.3336673,5.0249023,-0.07140761,-2.1093466,7.43964,-4.189424,3.8244429,4.822338,8.738097,9.657759,1.608886,3.48465,2.633342,4.196196,2.1242244,8.850224,-4.111629,3.20308,14.049728,10.604692,11.774405,5.3291144,23.292093,6.885324,6.0801296,4.3271537,7.4571877,5.688976,2.7890701,10.095543,0.16501987,1.4258639,3.8838158,0.41745993,0.12792423,4.5597343,5.1523886,6.939257,-1.6580112,5.2582254,0.9840693,0.30565742,4.150603,9.477917,9.258658,2.0637808,1.3132515,0.03744714,0.023314595,5.341637,-0.64383197,2.3154562,0.8477814,4.7226343,3.093156,5.848347,0.018467316,8.881457,-5.330048,2.6630423,16.744677,12.606671,6.5731106,2.9899366,3.0461895,-0.02374487,4.1946964,5.703431,8.729452,7.9946017,4.049191,7.740003,11.115283,6.7483287,3.1258435,2.173761,10.2501545,-6.780347,14.639023,3.8801284,1.781307,4.54612,7.0038238,4.4312124,6.1860976,11.009589,2.5655973,9.228606,-0.045226578,0.15671997,3.9740841,2.9398155,4.0399914,1.7168216,5.143666,2.29125,3.4853232,3.0610347,10.377137,1.9088697,3.1597712,-2.3881905,3.0220678,2.442549,-0.67204386,-1.03785,3.5620286,5.8522105,5.6026006,0.88941836,10.826101,0.3773266,-3.8719196,7.0685883,-6.360304,0.37261906,1.8426379,0.37141842,9.134872,7.482501,0.20446493,2.162854,7.0363398,-2.8680346,-3.4697273,5.503913,-0.92013836,4.5790467,3.5673742,0.14115004,3.247203,1.399803,-1.8608651,3.7436922,0.029609416,-7.0575376,6.6663156,4.6720276,7.3265967,0.85156524,3.2598987,11.242813,3.2787004,3.8005283,-1.3262244,5.232996,8.420019,-3.2388303,0.06501804,1.2455748,4.8090916,15.034629,0.9027238,1.9030296,0.39422968,5.9618034,3.3552032,5.716373,5.7262216,10.831327,2.128035,-2.7794802,-1.1106033,2.4603548,7.5207314,2.935698,7.703882,6.585432,10.245819,10.11623,18.604382,-4.0021853,0.35549408,5.167808,4.104609,5.663575,7.6475005,8.444535,15.999405,7.48762,1.6094865,1.0416759,0.20995523,1.6733366,3.9186807,-4.9624295,-2.1593387,6.11809,6.2168365,3.225811,8.43254,-1.1691159,5.004762,4.4286137,0.52689177,1.1513469,4.5951486,0.55232584,7.367294,8.724067,6.409277,10.59968,13.097837,2.0680466,3.6674535,3.9507732,5.094551,2.5569658,0.03691176,2.3212836,1.2733063,5.1506124,4.880206,-2.4221294,4.226013,0.6028491,-0.20369826,-5.3688707,1.4894594,-0.41673455,0.19439977,2.4637368,3.2260242,5.3026724,5.365272,1.1810596,2.1855433,0.0,0.06883834,3.8910773,0.051985003,-4.148858,-3.4982762,-4.2968225,0.18704575,5.0447946,3.718106,-0.7562182,3.5993931,1.8822505,-9.995889,0.4796918,0.34563842,5.796371,2.675572,3.8123126,4.24565,1.7613863,2.9359167,9.708269,-1.2644421,-2.2840233,0.8749229,2.3181753,-4.9536366,4.276016,4.124772,8.592261,10.261734,2.8792825,4.553197,5.0517955,5.4460607,0.27433497,4.695276,2.3442323,7.58468,10.748254,1.6427591,12.79487,6.0335045,4.833722,3.711337,4.568664,2.8544784,0.20802028,8.577173,-2.4427142,0.8887478,5.680327,0.42061982,5.631601,0.582045,-0.87446064,-1.5663925,1.829727,0.7223749,2.6671078,3.7763891,-4.8269367,10.29019,4.615585,2.338916,-0.3846042,-5.596203,2.4347687,3.1146972,2.6372342,7.1801677,11.731514,3.0603292,-0.21588424,5.76262,2.3700676,0.05972934,7.0019794,3.152469,0.82211524,-0.2106108,1.8431197,4.4421964,-4.7032356,2.826135,9.182121,0.35411575,14.317353,3.7555888,9.036618
224,-1.402541,-0.1748501,-3.7808084,0.3192006,-0.3689709,0.049592856,-5.574921,-0.12080164,0.9040819,5.266276,3.099464,6.7294397,1.2761899,6.716504,-0.8014238,-0.64767104,1.1419436,5.122567,1.1992625,2.9758387,-8.524019,0.22662173,-4.1919966,3.7894323,0.40954033,2.894439,3.0562189,0.44002753,-3.9514043,4.9142632,9.540061,2.613935,15.09119,-2.6904907,5.2869573,1.4407337,5.1553864,12.322221,1.3595217,0.5240616,-4.6225634,2.3230379,0.756796,2.1435335,-0.43313298,0.062519446,-0.5064991,0.13156922,0.81124103,0.7031001,3.5572088,0.606498,-1.4091792,2.1701343,0.75010705,0.7283659,-1.7107182,9.928643,6.0869284,5.1579566,13.567648,9.688447,9.577435,0.2922347,16.929956,8.140663,6.0672493,6.653928,3.5863514,2.5321102,0.85986465,15.248369,2.486867,4.7836423,4.1927176,-3.841682,0.080655545,4.3611355,-2.94317,-3.2054,2.0851312,0.4858634,-2.0369563,3.15909,7.6067,7.953191,13.44711,1.0553144,0.8044301,-0.0052327616,-0.44302487,1.4522297,1.917271,5.481351,7.999988,2.2088482,5.5933633,7.4905396,2.1900835,4.0529213,6.0381756,9.180833,-3.1672156,16.722784,10.505488,9.187225,-0.79833215,0.49437883,9.033526,11.610846,8.602273,12.697868,1.9504911,9.332705,7.4469137,-2.9915237,3.59086,11.196617,4.7189593,3.2972617,-4.928468,3.1308148,2.4045162,6.181565,5.793443,-4.2288065,-8.621047,5.2723165,12.445003,8.718314,1.5202171,4.31624,3.623505,-0.37545586,-1.817748,-0.7902302,5.4176993,-1.6412492,7.493587,4.6767745,8.942191,3.270699,2.555318,10.265355,6.6421204,-1.2593626,6.6865516,0.6250962,5.5341167,8.592968,2.3518097,-1.6371634,-7.8850656,-0.4242047,-7.8288436,3.9951084,-0.45495233,-0.5739239,0.52979994,-8.684444,-0.7213674,9.947733,-1.2879999,-2.6288977,5.8429356,3.0470054,-1.2382683,-1.6285436,5.474746,4.9116173,3.6779366,0.09348129,4.6560087,4.469676,1.3469855,13.765785,1.2815468,-9.986484,4.893529,10.3958,-0.6036004,-3.3224442,-4.626447,-0.8367102,-4.350655,-3.3195877,-6.2075276,-1.165215,1.6660292,0.2555451,-1.3519665,0.79778934,1.0264205,6.709932,-5.032517,-2.2260094,-1.6002531,-1.017074,-3.6052876,-2.325689,-5.5395308,-3.6189678,-0.9342473,7.1166835,-1.2296809,3.2885785,0.55677503,-0.15451016,1.860861,2.6365469,1.8993143,1.2403377,15.310844,-15.325311,-6.074571,-1.8889655,4.256568,8.51885,4.5607576,1.8523408,7.9714823,-0.7468302,1.3988236,-4.977399,5.381012,-1.9661554,-0.7458458,-1.547687,1.3332757,-2.8850439,2.1484036,2.454463,-3.5514064,0.78105986,-0.28589913,0.5087227,-2.6049938,0.18731733,6.9991093,4.661197,9.950466,10.560882,6.2549477,15.5050335,13.920875,5.5160875,-0.4202511,5.300372,5.11657,4.545863,-1.2575213,3.888327,-2.410784,4.2654724,7.0641584,0.32175168,2.6622038,-4.1082206,1.3511518,1.3450772,-6.453539,-9.781375,-2.7392042,-0.8260608,2.5857916,3.4220705,0.8625896,1.843776,3.4801059,0.0,0.10598167,3.108475,4.12936,-3.641555,3.1236668,1.1215222,-1.5530202,2.0312197,6.329705,1.4571561,4.3518615,5.3424172,14.585673,-0.7908405,3.194899,3.774104,8.820293,3.0078423,3.8811293,-10.58461,11.930779,10.141465,1.0583283,2.9212468,5.5998573,-3.5535102,-3.6052632,10.188725,1.3217857,5.0395393,-7.559927,1.8942667,16.22535,1.591447,3.11736,-4.5515566,6.1110935,6.164593,3.6647742,2.0126994,3.5350144,6.60416,0.21730243,4.3918843,-2.4435933,6.60714,1.634899,-1.7465513,3.0644672,1.4668998,2.5915315,-4.666515,1.7319872,0.12815394,-2.9632492,-5.3238316,-1.1882985,-0.023088705,0.128797,3.1492114,2.0330126,-1.9047116,-4.7596903,-0.641526,-7.664533,-3.5708542,-3.3128543,0.9899045,-0.9931639,-11.932043,-6.07745,7.4704638,-0.3384256,7.5043907,6.591226,4.6254635,-6.342956,10.039325,7.9075475,0.76753,-4.8375278,2.4310765,8.236108,-10.956593,1.4712195,1.6387485,1.3609183,-1.3867639,6.8722754,7.7482505
225,-4.169,1.0240831,1.6167088,0.7216593,1.3298938,-0.65180635,4.0150013,-3.693388,-5.5612993,0.8276097,4.4238935,2.6416576,-1.1384798,-6.4534173,4.2922773,1.1353587,-1.9018573,8.584573,-2.0532553,1.186055,-2.2475946,-0.7985682,3.8441434,14.872997,7.342617,-4.7245317,3.7398992,1.2801491,3.788863,10.729993,5.5528526,4.834456,0.8271884,2.2325916,3.8921561,1.6385996,6.299933,5.51216,-0.8095606,0.27183765,1.4310004,2.3526373,-0.90956384,-0.3808028,-3.1115353,2.447146,-3.5784974,-7.617214,-1.8809443,3.839618,-0.9024987,-0.2772104,-2.6399188,-0.60039103,-0.795579,-3.2132556,3.56537,0.4538811,1.742167,3.5093586,10.050177,2.7691333,4.8521547,0.8970448,2.808822,-1.602747,-0.5078879,3.3044598,1.217013,2.257264,0.56946814,1.4441451,-1.5974996,2.015331,0.7502364,-3.8823261,-0.10319732,-0.7798342,-0.59485686,-3.2359645,-4.462049,-6.859884,-5.1324277,-3.3615866,-6.3602037,6.286245,1.2681092,2.2936594,-1.159879,0.09898627,0.5464713,-2.6226184,0.8917309,0.71096617,3.772658,-1.298869,2.3789427,8.848107,-1.8479569,-1.5951713,14.710706,1.157215,7.003229,-1.1750846,10.064883,4.076806,0.3897817,1.6518306,0.82760996,3.9171782,0.7711048,0.7785602,2.873577,-17.93253,-7.71188,-0.41728613,2.1389506,8.823503,10.132926,-6.3523383,-1.7058046,1.4143572,1.3552848,1.3375872,5.7364187,-13.837664,-5.5059137,0.74868333,6.8880305,7.702565,0.86321205,2.4193995,3.150926,1.1057295,-0.30613577,4.672238,4.4299016,0.60385257,-0.20367253,4.362974,-5.474067,-1.4722813,-4.190557,6.3853507,3.919022,-4.383395,2.2893708,2.3194366,5.6463695,12.976532,4.294056,-1.7214067,-1.2306519,5.475265,0.73687327,6.7796626,7.716825,-6.765165,0.877561,9.452828,5.3405223,17.018864,3.3130927,-3.3996258,-4.828435,-2.4098759,8.093765,21.469835,3.2742946,-6.12427,-3.0260532,-0.06733063,10.311295,5.7265506,0.39038643,2.897416,1.68562,9.9766445,8.624728,-0.5187831,-8.910412,2.788576,-2.259105,-2.8795178,-4.2020407,-0.8452378,7.9024086,-3.0497375,-2.8866296,2.479403,-3.0744743,-2.7067072,-2.6761985,-4.698197,-1.229956,1.0256444,0.7849953,1.144418,-8.260036,-0.7296364,-7.197024,-2.6496744,1.5846595,7.2013807,-3.7107053,-2.5981905,2.7391043,-1.1199785,-6.969329,7.297797,2.4443038,-1.9025545,-7.319317,-11.295296,-2.2533913,-0.47733957,1.5334529,2.0475597,-3.6488833,-1.3812102,2.6476188,-5.029612,2.6733086,-0.96184236,7.057889,-0.95325804,-0.1735414,2.978054,2.6721506,-1.288145,1.6347655,1.4272751,1.7397277,-0.37305522,-1.8394713,-3.7381682,-1.6261998,2.7215846,3.406352,0.44886914,2.397718,-1.1948229,0.5433,1.2029552,3.7080178,-2.1029623,-2.4652927,2.6063266,-0.80381083,-0.4280802,-3.991313,-2.9851325,-5.5215974,2.1789904,-2.5427744,4.388777,-0.4366615,-2.501784,-1.2101617,-2.165423,-6.3950233,-10.833209,-5.83863,-5.2430673,-7.136386,-3.1439817,-2.934142,-1.8644559,0.26031443,0.0,-0.0360034,-1.4902276,-1.1377016,0.73342496,5.4611444,4.239758,1.0372773,-3.718224,1.7672433,-6.8809357,-0.9563189,0.54758805,3.8107183,10.876983,1.5917886,-1.3916394,10.093442,5.1556854,4.529622,-14.672171,-0.16326217,2.2789123,10.451111,-9.542899,-5.6781654,2.9274724,3.4695835,1.4572816,2.466718,3.824592,-16.416273,2.5719285,8.43538,-2.0421207,0.9767924,1.3649551,0.8214983,2.6077187,-6.5857487,2.0167067,1.207855,0.9184968,0.7482694,-0.43150458,3.1542737,-0.13934657,-2.132787,0.15951073,-1.9912145,3.0397098,-5.1571593,-4.6496506,-1.3051821,-0.4179741,-5.2556734,0.42768294,3.0517933,1.5802351,0.20698029,-2.27122,2.155986,0.8321141,-2.9475214,-5.0093403,-0.12562798,0.9654461,0.10431049,0.55507296,-1.2390277,-3.7035604,0.8226767,4.247511,5.761153,-4.868078,-9.944078,-3.6736054,-3.201545,-7.8044095,9.649708,-3.69425,-5.9848056,2.471956,5.649629,-4.123987,0.19292349,0.2436477,-1.2033929,11.517683,-0.8944031,-3.8600564
226,-1.0603325,-2.2077284,-2.4529622,-1.1019111,1.0657482,3.4545994,9.695324,-2.0640957,-3.6707578,-0.5359027,2.507693,1.6525,-0.59093326,5.033406,3.1977987,5.1827726,2.2983317,-1.577195,9.754868,5.385085,12.469889,3.4147656,-3.6853256,-0.5909292,3.991404,-1.9411637,6.9518147,4.144603,8.839189,16.13964,6.7084484,-0.48884326,16.004103,-5.9479985,2.7792075,-2.1231654,4.233577,-0.72303945,-2.0804143,-3.7555895,-1.4920579,-2.5053234,-0.5871832,2.748364,0.35589772,0.18017264,1.0632783,3.3203123,0.9201005,2.0868285,-2.5245037,0.37620032,-4.2782874,-0.96870404,-5.2512016,-0.7095385,1.8455784,-0.56869185,-2.2564113,6.540879,12.121921,4.9609985,4.72955,1.337388,13.503053,-0.29712477,1.5604426,-4.8156347,1.5473225,1.6722802,0.20217127,6.360356,-0.14152227,-1.0098088,-4.299973,-2.999053,0.100498654,2.8358777,-0.5970514,-4.9063883,0.62057614,-1.4395866,0.19719554,-3.217196,-6.575891,7.9603043,0.19935228,1.6826881,1.2391331,-0.062038388,0.1497253,-2.178469,-1.0318574,-2.5916963,-6.902029,-0.5252062,-2.4965377,-0.0559693,-0.7507326,5.011283,-3.4986587,-2.023836,13.131933,8.564104,7.684173,2.837924,2.4946916,-3.9138265,0.99114543,0.032543525,0.82652086,2.8213325,-0.8763352,5.6240354,0.6604135,2.3535318,0.07090866,-4.076281,4.613799,-2.2289696,4.045233,-3.6663268,2.602397,6.643686,7.436898,7.386521,15.735107,0.7394382,1.4245992,10.68172,-0.21280393,-4.7595387,0.78250575,-6.4786987,0.1747282,-4.5188737,1.359297,-1.2643307,3.0249107,0.9322839,5.8592925,-2.288495,-0.010589839,3.9828982,-1.6117998,0.6705095,1.7645118,3.3628051,8.281193,7.157689,8.444419,2.085116,8.561538,8.179406,14.877702,10.9776745,-2.3131776,9.762559,2.5952601,11.325805,10.090629,19.575731,6.483643,6.522326,-4.646899,-6.073828,4.749996,-5.7277136,-0.55021626,-0.14859483,-1.3889954,0.04313828,-0.36092728,3.8304358,6.097939,1.4508518,1.3184584,4.819719,1.267033,4.1931467,-4.4708643,-0.88133353,-2.2518895,-0.27179602,-0.34510452,1.8766962,2.2449815,0.09458347,0.38030988,-2.4374807,-1.9477357,-2.1070142,2.3882937,6.926148,5.18549,2.0640018,-4.990544,1.7394204,3.3782225,1.2063162,6.192751,4.5799727,-2.3540368,2.1219747,1.3808619,-4.815795,7.2485175,-1.253294,6.0800133,8.862324,4.79329,-0.27083012,11.22052,1.1928922,4.9731297,-3.285791,-1.9553051,0.16904542,-2.3571446,-1.7649784,-7.0459757,-0.6950645,-1.2013166,-3.6427908,0.41769245,-0.18847908,1.7149633,-1.2032881,-3.6996994,5.7294474,-1.8774706,-1.1701454,3.9223654,1.298866,0.9559864,1.2679136,12.640792,-2.5618746,5.784421,0.85202974,7.2821684,5.8960013,-1.1515076,7.979281,11.319511,-9.097715,0.7509692,-0.09670358,2.8358195,2.584906,-4.3568635,4.271089,-4.096083,-5.718391,-3.6411207,-2.4522128,0.36885464,-2.7453835,-0.9942735,-6.73112,6.3930326,-11.449154,-2.5657701,-0.47666255,2.0937984,3.4525461,1.5849688,-0.15924475,1.6184937,0.0,0.8836405,-1.67936,-0.43065342,-2.6190197,-8.393548,-0.21901979,-2.6674125,-1.5677781,-2.559977,2.4879286,-0.011091489,-4.313805,7.9802184,2.6333396,1.8918304,-1.4061863,7.8455014,-6.904493,0.35545892,-2.279237,-1.22027,0.24875069,-4.8483377,0.9557973,-5.96425,-3.7035363,0.88154614,-9.906997,15.0788555,-1.5368516,-6.1617785,-3.3965843,2.000955,2.534903,1.806545,11.151404,10.064826,1.7870884,0.29995364,-0.30327266,-2.7861352,4.6662188,1.0709454,0.09628896,-2.1927514,-6.6713967,3.4935763,1.6426345,-3.351229,3.6740892,3.1118684,-6.090236,1.7958722,-3.7264462,-0.90507,-1.2431793,5.8683662,-0.15872425,0.13561682,0.21333651,1.565005,-5.016029,1.4187015,2.9572434,6.2655253,-1.2417501,-1.8146678,3.9593108,1.2453936,-2.733772,14.064317,17.129663,5.712415,-2.965039,-4.4104548,0.2883704,2.9431577,-0.22359,-2.0556474,3.3865263,-7.622802,-2.7997303,8.045909,4.339188,0.75066173,3.0594206,0.56795645,3.9561024,6.120152,6.0898304
227,-5.2961698,-5.6793685,-3.1929893,-4.2094183,-1.9003749,-3.3821912,1.8265951,-1.2611299,-2.137481,1.8440002,12.712513,-0.36484623,-2.1748989,15.575579,1.3552783,-4.986725,2.7459497,3.9764419,3.6944354,-1.7284993,-7.0404058,1.0475919,-1.5347006,10.702443,-0.24957424,1.6190666,1.4777061,-0.7702353,7.3583994,4.3646274,5.3305383,-3.793946,12.4278755,-0.8840356,2.8198478,-1.1818615,-0.44270137,1.4109403,-0.28013116,-3.8924153,-11.331707,-0.61802256,-1.2725816,4.96366,-3.2608283,-1.1812326,0.9510946,0.63108885,-2.2820292,3.889259,1.0804201,0.4033101,0.5499505,2.8319063,0.06460332,-2.962882,-1.4453218,7.422939,5.3641,5.8223352,16.343992,5.430539,3.2414644,0.89034355,19.705914,2.8483765,2.9978309,6.267142,2.9226036,3.4485986,1.4376067,12.462629,3.5305347,5.0141964,1.0112897,-0.6077629,0.3868681,1.4657865,-2.0960083,1.0641261,-0.49487603,-0.34207293,-2.0926747,-0.38082403,4.0228295,7.8923683,2.4438276,0.9719544,1.9069935,-0.025624959,-0.33467966,5.2231984,-0.34763795,6.5405607,6.695244,-0.5578833,7.8604336,6.726121,1.757407,2.3235302,6.87246,9.226348,7.6260033,8.127246,6.280192,0.9307607,-0.5632912,5.7179575,-1.5860953,10.913733,4.6120625,-0.19290268,4.428891,6.024294,4.6758304,-0.77051234,4.636853,6.095796,1.252373,7.523543,-4.015083,1.6534948,0.50108707,1.2702456,1.9262456,5.32076,-8.491109,8.383251,2.4372463,5.0761786,0.4736782,1.7481663,0.50014514,-0.4062398,-0.21705158,4.52912,0.9311443,5.602277,0.23745787,2.7223353,-3.3344862,-1.7065288,4.036223,3.4744644,2.7367997,1.0683916,0.8516891,0.35222244,4.631114,10.566309,2.3710911,0.17425162,-3.715652,-1.1717846,-0.534828,0.931361,-1.4595426,-8.052722,-0.41327244,-15.130315,4.251535,1.5677367,3.1503506,-6.819609,5.7442713,2.3506162,-0.048393626,-1.6611141,8.563302,5.8388367,0.08340992,-0.032307234,-3.3529122,11.313368,1.6937482,0.57693267,0.29430985,8.177729,7.072304,9.710045,-5.8881454,-5.7557683,-4.3732424,-2.9759293,-3.5929747,-2.317345,-0.51290715,0.020414287,-2.119083,-2.307784,3.6781979,1.1721346,-3.2902153,8.895113,5.1009655,-2.8278856,4.731099,2.523035,1.6208005,-1.2041208,-0.21592501,-2.27398,-1.6881888,3.698483,2.828331,5.021539,0.08534205,-1.7894537,4.38817,6.8254867,6.2272773,4.880836,11.861377,-2.1634617,-0.12632127,-2.6509197,7.0471606,2.2932353,-2.417787,-5.389818,-1.4012563,-4.950567,1.7499307,0.251871,-3.1300128,-0.8592777,-1.4445757,1.3098727,1.177365,3.2415297,-0.035412777,0.38290063,-1.9485543,0.6128712,0.41894636,-1.2343333,3.2703664,4.296852,6.358708,10.7688875,16.764347,8.6272135,0.62839407,18.641985,14.470046,12.853123,2.3419206,6.3210883,9.05658,2.695176,0.4577502,5.865657,0.62962765,3.452957,4.1460953,1.5397671,3.2829435,4.0537686,5.1521897,-2.1484373,-4.3652735,-3.7512047,1.5159404,1.7330517,7.4374747,4.0691867,1.6971313,0.9790702,5.427127,0.0,0.13593976,4.8703156,2.165629,1.8507617,-2.1058006,4.71231,-0.04047885,1.5600423,5.9524155,4.3273396,6.87958,1.3027402,13.767086,1.8524044,5.7107244,-2.3571653,1.5020859,-2.8927257,-1.3044286,-1.165064,5.7845874,2.0498407,-0.67839044,4.9815474,5.400048,1.4683678,-6.3145556,7.129562,7.142065,12.979502,-5.3884006,2.8087153,9.231354,-0.6587212,1.5475091,7.453098,9.231146,0.2564482,-2.801086,-4.8925643,2.0947988,3.6539836,-0.9224753,0.3206027,2.976169,-1.7464527,0.26919994,-2.0843382,-6.3873153,-6.012835,1.2012205,1.0057461,2.9066203,-3.7934234,-0.47476405,-1.8520893,-5.591793,-0.6797112,-0.32794496,4.682267,3.5326364,2.441136,-2.173155,5.2714653,5.2914286,-6.9850407,-2.4169745,1.9744726,-4.877646,4.47546,10.304445,8.390728,2.4064028,-0.10891139,14.154002,6.7911153,2.4283664,4.9688783,9.370423,5.8649025,-2.2313592,3.4092429,6.4713836,0.8420964,3.9798315,10.5601425,1.8444643,9.206643,9.616569,12.901115
228,-5.3572474,-1.9231143,-2.6928024,-4.769316,-2.7620227,-3.9104621,-2.5925257,-4.2782135,-4.7990894,-0.9110229,5.683012,-2.7347963,-4.997308,-0.05076652,4.570636,-2.0898721,-0.7067832,-0.39412317,-5.1095777,-4.4075,-4.441978,-4.2409444,-4.5159993,4.7061768,-3.813485,-0.3845703,8.163481,-0.91718763,6.1551604,7.3471065,9.321284,-6.7707,2.0145338,-4.448086,1.8668988,-0.12566395,-1.4703524,-3.0366879,-1.4247184,-4.2450123,-6.2104416,-2.3906763,-6.46496,-1.1343402,-5.8358216,-1.9792969,-1.6862005,-3.4697926,-0.29779333,3.6727622,-0.37273002,-1.7467068,2.4732912,0.5728619,0.95604384,-2.907575,-4.943197,-0.7502996,-2.004359,1.6590465,10.654628,1.1416175,-2.3287027,-1.4871932,14.945641,1.509305,0.13146955,2.5085926,0.74121964,-2.6659703,2.8054554,-1.7615637,-0.5579017,2.5042753,-3.1721392,-5.592684,-0.28642094,-5.530315,-8.017107,-8.986202,-8.10748,-7.0264726,-7.933719,-2.2641768,-7.522356,2.7284179,-10.892576,2.0287962,1.5014844,-0.06292726,0.11655093,-2.3011072,1.3163847,0.16943689,3.3368514,-4.7893505,0.20995088,7.9401774,-9.569109,-4.1374826,2.2434933,4.1628623,-22.534824,-14.329774,-6.866236,-7.9428015,-11.726998,0.64650637,-1.7564996,4.016724,1.5369203,-2.2135558,-5.1561656,-14.106246,-8.713448,-3.2436068,0.026136627,2.1090627,8.538884,7.0874953,-0.8507094,-2.8582938,0.07523533,-3.5628674,2.2812471,-0.26363835,-2.1872852,6.584344,5.94062,6.694507,0.117885806,1.513352,-0.2243441,-0.7156421,-1.203117,4.752201,0.06754657,0.3562765,2.6094847,0.81667835,-4.220878,0.06500312,0.9773583,5.072076,2.3243103,0.3868594,-1.6564896,-3.053458,0.7231017,13.513724,2.586942,-3.0703259,-11.641669,6.6941814,-1.0562207,-1.6166406,3.4528217,-9.599686,-3.1917276,-7.3795347,14.091008,12.496628,-0.9016155,-0.80547947,-3.6030877,-3.231343,-6.5969033,7.883397,5.6683373,-3.1600199,-4.6087904,-0.32461238,-11.506351,5.3191657,-2.955173,-3.1084573,-0.4185289,6.8259897,-2.303293,5.240185,-7.8323655,-2.6636162,-6.6586556,-5.1171174,-6.8758,-6.066867,-4.6358776,-3.506457,-4.1163416,1.3911029,0.8921933,2.4713056,-5.118325,7.523807,7.13259,-4.717211,3.5001643,0.68526524,3.7410736,-3.8399081,-5.398064,-4.528146,-2.339114,7.243291,0.87851495,1.5174506,2.3982115,-3.3858948,7.3065596,11.920621,10.737912,2.5124757,17.490433,4.611529,6.8846354,1.5893251,7.560648,3.687958,-0.917733,-7.2402487,-5.2605677,-1.092197,2.0678563,3.228877,-2.1549711,1.4735167,-4.426797,-2.779247,-3.4301295,1.8686105,-0.7521922,-0.1027726,-0.23078796,-1.4163895,-3.4465375,-5.189767,-6.7132764,-10.760538,8.871376,6.087956,13.17754,5.322466,0.5085366,9.028892,9.852442,-3.9774547,0.7969403,1.7533634,4.2706885,-0.88177276,-3.0796058,0.3190514,0.84910077,0.6687943,-3.2630637,-2.3559976,1.3949776,3.1461172,5.5660253,1.1451145,-6.860221,-0.40193424,4.47741,4.3205614,0.19977608,1.2502481,3.7882268,-0.20831165,3.1791725,0.0,0.8158218,0.56063795,3.37397,3.2230492,-2.402441,4.3509617,1.0984366,5.5639887,-6.3627276,-4.0283303,3.7912223,-3.8303018,3.2117271,5.1570315,-2.4729478,-10.324766,6.2903876,4.537457,1.8279438,-3.2821505,10.138709,3.4644608,-3.6502597,0.2265014,-3.9126363,2.388782,-0.7174147,-2.50956,5.4530587,1.8405104,-8.473362,3.6449733,8.913291,-1.1821964,1.7126896,1.9203868,7.9070034,-1.4838079,2.897078,-4.621316,2.262597,2.9884725,0.15416282,-2.0423596,1.3748349,1.1174389,-2.5249107,-0.7103342,-8.218133,-9.271618,3.9557195,-6.31867,1.6657134,-2.8605287,5.219473,-2.8310301,-4.314882,-3.9248297,3.098782,3.8107634,5.694448,1.7911549,-13.226239,-6.373794,8.271068,-1.1923491,1.0533928,-0.34865597,-5.135497,-0.19479832,11.921942,13.056841,0.78001976,3.045377,3.4311812,-3.3067813,-4.7443066,-3.8833578,11.851905,0.9571276,-2.6646392,-0.07223296,-0.56322205,-1.7401187,-0.89728135,5.6620474,-0.023524167,-11.322756,8.713041,8.2587805
229,-5.903468,-0.42745134,1.6621807,-1.1478158,-2.4623678,-1.0740072,-3.0989795,-3.5418015,-3.5552757,0.41806483,6.493016,0.16903237,-4.01021,-0.9557942,-1.9334539,-2.048324,-1.5755754,7.152096,3.6994402,2.3452818,-0.8657767,-4.175618,-3.2527924,0.3433418,-3.728437,-0.97104543,0.5404562,-3.8311687,11.260353,9.050696,13.0836315,-8.929136,14.728303,-11.193977,0.22162127,-5.4307146,-3.6118157,-9.857834,-2.0367503,-2.2280114,-2.3743923,0.42900318,-1.1842878,1.6389196,-2.3814912,3.7214088,0.029948518,0.2536627,-1.1397138,-5.6695976,-1.8890141,-4.692693,3.2669935,1.3693722,0.3290251,-3.2343097,-11.487309,4.6561475,1.128372,-1.4499595,6.696938,-3.398072,-0.10478163,-3.748341,12.044487,-1.4838169,-0.041910663,5.613615,-0.7197879,-1.8377204,2.1496825,-1.0067685,1.4201772,-0.10852382,-2.5630784,-9.080673,-0.729935,-4.3956485,-8.008684,-5.720986,-5.226855,-9.662475,-3.0303166,-2.5452585,-9.8393755,4.160331,-10.3969,3.4655023,-2.0272102,0.062202968,-0.1150356,-0.35830823,0.011538166,-6.7643657,2.9761102,1.2842745,1.0335609,1.7750971,-7.0502076,-1.0470507,5.5638366,1.0917784,-12.086392,-5.6130714,-4.95894,1.4604075,-4.454079,-6.877808,-6.813373,-1.3270108,-4.5331244,-2.9519553,-1.7468214,-7.7563057,-5.467305,-0.17200191,-1.958787,13.279461,3.764635,7.948099,-1.8721299,-0.09221476,-4.4150105,-7.628983,0.09380406,14.148479,-0.8471421,2.7592037,5.2046585,4.974337,-0.6960008,1.2884395,-0.5407794,-1.1049987,-0.6949431,2.303778,-4.869616,-2.851512,1.8397269,0.94440776,6.800074,-5.5333033,4.497297,0.47656456,0.74265075,0.81076294,-9.826067,-4.5368004,0.6975586,12.082295,-1.3590801,-4.8559823,4.127015,-3.0653682,8.779071,-7.0723543,-0.3359912,4.2140555,-5.261899,0.058476135,11.458963,12.277917,3.985823,-0.0592865,-4.8952594,1.6350552,4.4521694,-9.879337,2.8524554,-2.6998038,-5.870172,-0.046201337,-15.740155,3.9078867,-6.4923215,-2.434674,-1.7472365,4.3659353,-3.8332694,4.991636,-5.2462044,-0.7094235,-4.901352,-4.329092,-8.763761,-6.6403303,-3.3157237,-2.974988,-1.3763471,1.9455336,6.7312574,2.1555068,-3.4622462,10.810246,10.556662,-4.0771255,-1.3367213,0.005910974,2.4038396,-4.678096,-6.5076313,-7.2748733,-5.409284,2.5751634,0.30420402,0.4709971,2.1625898,-4.762969,9.354907,16.953108,15.80619,-9.404503,24.048618,-4.862292,1.0934324,-5.4838285,0.35921302,-1.2422916,-6.132502,-1.8480884,-8.887264,-1.7014967,-2.96687,-1.2681472,-1.4911997,-0.29731002,-1.6888341,-1.63017,-0.94787204,3.630018,-1.9576831,-2.168487,-2.8620846,-0.4894031,-2.6885428,-4.476343,-5.1066847,-5.170439,0.9741407,7.3912764,12.940332,9.637677,2.8788252,10.881743,5.606542,-3.4600337,1.8062072,8.249189,3.9404988,1.586491,-4.7689495,2.469604,2.3129954,0.6678584,-4.4235873,-4.532204,-1.4247152,2.1449044,4.917985,8.032042,-5.5637083,2.2171788,2.5456305,1.5202601,5.446969,2.3527343,1.8097409,0.23797826,4.469681,0.0,0.032306343,-1.4940413,-0.73020566,4.997961,2.7106118,7.746413,2.6938133,7.387316,-7.3924384,-4.1714325,0.81988335,-0.73923564,22.897354,7.713192,-0.71644324,-6.319965,-3.8029037,1.1926575,-7.643748,-5.2473583,0.5858238,1.1389123,-6.615035,-8.035818,-5.631948,-3.862673,1.9887992,3.8181145,15.330881,0.26978216,-14.1653385,2.0309715,-1.3169206,1.0632981,-3.1931221,12.278484,14.633504,3.6419199,-3.21518,-2.9841948,0.2382454,6.9230404,0.2578271,0.3021345,0.08042314,1.174576,-2.4213607,1.503319,-5.3338246,-4.55246,4.1100864,-3.488518,6.262225,5.144518,6.7260227,-5.2074447,-1.0884874,-5.9134574,2.9910202,6.611363,5.99909,0.6449007,-1.5536199,-1.4762101,13.653641,-2.933194,2.4359956,-2.2972307,-5.9384494,1.9474924,10.747216,10.7551775,3.1657085,-0.52864575,5.1421676,-1.0198165,0.9401157,0.74897015,6.9734006,5.3509784,-4.1094255,0.18915899,-7.4721518,-0.07247647,1.2901502,5.6852126,-1.587719,-5.7212234,8.752318,6.1584425
230,-5.599598,12.217679,-0.8374957,-3.6248558,-5.019298,-0.9420793,4.211026,-3.1427736,-2.4988809,-3.7370467,4.3990555,-0.6521951,-6.123783,-6.776351,-2.9618864,0.91472334,1.9646387,-1.1526664,-1.340427,-1.6424537,-4.4745216,0.26648945,-0.67359054,9.9507675,-2.7948923,-2.437748,-2.3684201,-1.0841066,6.0779624,-0.035020076,9.142372,-2.5217702,21.931541,-9.534619,3.311464,-0.75805193,-10.354927,-8.173512,-0.22741838,-2.454414,-3.2591758,2.450041,-0.71634257,-0.07154595,-1.0168647,-0.26307353,-1.3862184,-7.6183496,-4.05778,-6.214793,-3.427125,-6.8438897,-1.510467,-1.5262676,-0.7723088,-1.9120785,-7.549032,-9.973208,-2.9316053,-1.8460357,7.6019864,-0.1286483,-2.3841121,0.36473367,20.684025,-5.3964043,-1.6720791,2.8686404,3.0378466,-0.1993379,3.112646,4.037121,-1.955521,-0.9828512,-2.2952938,-6.077607,-0.56771487,-7.7367263,-8.613336,-5.6599517,-4.280163,-2.9863832,-4.646648,-4.000795,-5.5332365,5.016267,-7.0535097,1.6409171,2.4070635,0.124510765,-0.10518599,-2.222431,-3.5110927,-8.041467,3.8279598,-3.370444,3.124575,4.0498557,-4.155026,-2.1336694,6.9673634,6.962246,-1.6400954,-1.6329969,-6.392355,-3.4294689,-5.2617,-2.8869667,-6.6381106,-2.3934839,1.5611058,-3.9243312,4.0162563,-16.389452,-10.626211,-4.785239,0.4723105,-3.9401164,1.8704292,-9.775198,-5.801286,-3.1762729,-2.2241652,-5.138523,1.4210722,2.494936,-8.400329,-6.986696,-0.34221125,0.30398688,-1.7263705,-5.368747,-4.5756664,-5.0465794,-4.0503817,-1.3150471,-3.3474631,-5.3534913,-2.0996504,-1.2954698,1.9761702,-1.1247689,1.4641349,3.4491358,0.37870556,-1.3926582,-3.3893003,-5.6452208,-1.5212377,15.534729,-2.6532702,-5.5570536,-7.932302,-8.484235,14.531501,-0.8480757,1.5232413,-6.962117,2.184632,-12.572187,5.165215,4.17117,-0.45456043,-4.818658,2.9265487,2.7523708,6.4512596,16.015074,-3.0156274,0.47156262,-5.337762,-0.06817019,-7.639693,6.395191,-4.2897696,-5.91053,-5.1419764,-13.479614,1.4058028,-1.8294463,-4.8999863,-4.649431,-7.3724074,-5.9216356,-9.3985,-3.0391617,-4.615799,-3.833708,-3.2418265,3.3097675,4.4588804,0.6462243,-4.289086,14.191248,1.9668598,-2.4570398,-4.0223,-2.909794,-5.018573,-8.241291,-4.344975,3.3020332,-2.8709035,-0.91815877,-2.4425378,-0.29574805,1.5209794,-3.119829,11.247514,15.512601,18.052212,-7.5090747,27.278543,-9.649186,-0.7543335,-3.6041248,-9.533145,-9.352691,-4.2291865,-3.3281822,-8.306155,-6.4313784,-0.3862276,2.6347911,-2.5727031,-1.3514847,2.0294938,-2.1950023,1.1827073,-0.999278,-2.7966702,-0.85051787,-1.7935395,-0.11603074,-4.5472555,-2.161657,-1.6846473,-3.1947834,0.16468988,1.731958,6.5604215,7.6066713,3.7832844,15.377419,11.484789,-2.907787,4.186665,8.5760145,6.555143,0.16442414,-2.481947,4.0596495,6.5745134,-1.5933883,-2.608375,-2.9264371,0.20845543,0.47466347,9.5172205,0.4625637,-1.6625931,-0.72655404,0.699603,1.0557804,6.878469,6.446581,0.8101362,-1.7046613,3.5818481,0.0,0.039300103,-2.076033,1.9320732,-2.6460721,-5.930751,6.385501,-0.3428891,5.018362,-7.2458816,-4.385595,-0.69343954,-7.3712645,-2.7302015,5.0311584,-0.17901805,-7.927827,-2.5629728,10.282077,0.22121564,-8.198049,6.9587407,0.64151186,-2.6829388,-15.8502,-6.2607665,-6.5192847,-4.3737664,0.16858412,9.0490885,-5.5556335,-4.5073504,-2.7381177,-4.279537,-6.4608507,0.25071204,3.6442258,7.19779,0.6265535,-4.256982,-4.2347684,-0.17707126,5.4934206,0.13539597,5.3210278,1.2921373,-5.5633874,-5.1365027,1.8119624,-7.7933574,-1.52753,6.9689245,-2.90739,5.25276,-0.9930077,-0.16241066,-1.1245058,-0.5183997,-4.1235223,-0.14236012,2.0634773,2.341111,-3.0727334,-6.7951894,-1.2316451,2.1267023,2.2102408,1.5270042,-6.051601,-3.5146189,13.180309,10.964005,3.95822,-4.54622,-0.6253211,-7.1929197,3.5543265,0.35168877,-7.516877,14.201407,3.6515553,-1.3579901,-1.3181196,-5.2025657,7.428408,-0.1642946,0.11674865,0.23941259,-14.28078,2.9433186,8.713139
231,-10.3013735,-9.184876,-3.6741672,-10.482028,-7.6294436,-6.8964725,-8.111078,-2.6548128,-4.4400234,0.025211073,4.7635345,-2.2335436,-6.2306356,-1.6008813,0.6746985,-3.8858073,-1.5944054,-3.1215656,3.6001174,-4.3900857,-1.0543865,-5.1601653,-5.602995,-3.1611958,-3.1255188,-1.5325307,-0.13373011,-0.4749238,0.32338437,-2.7696755,6.283175,3.4804533,8.886334,-5.0176544,-1.7286512,-8.246455,-7.8597856,-0.93142575,0.30000672,-4.8936825,-3.8333676,-1.5841718,-3.6640704,1.4961504,-5.8520956,0.9477932,-2.4777603,-0.28726646,-5.99837,-5.320557,-5.499366,-1.7563943,1.6350346,-1.6597966,-0.17082126,-5.58811,-3.7651706,0.43850616,-0.027890095,1.3790455,8.431865,2.734794,0.56111157,-0.83521366,22.260275,-2.9182768,1.8708054,0.5354194,-0.97675586,-1.5331118,1.444165,5.91217,-1.5600823,0.391939,-3.484537,-6.0650325,-0.38509232,-3.8327484,-4.74226,-15.764778,-5.141424,-2.4980266,-10.608296,-0.052133422,-1.1594173,0.11796705,-2.5729814,3.1958818,0.9173616,0.0015355557,-0.85305965,2.0143766,-1.4038215,-2.6569173,1.469937,-1.3343557,2.7142675,3.6817532,-3.0627975,-0.26265475,3.5755134,-1.2138557,-14.365717,2.8663766,-7.1625123,-3.351223,-1.0823698,-4.9090133,-1.9699416,4.2576394,1.6983169,-0.5079983,-5.8020463,-7.4514246,-8.215057,-0.4377805,0.86418927,4.9036536,3.932441,3.9222465,-12.689352,0.16548242,-2.0090895,-5.879051,-3.628185,5.0591516,-12.471727,-3.5762644,-0.0025943306,-4.5541553,-0.07590881,-1.279412,-2.902905,-7.44241,-4.3359375,3.4013283,-7.391857,-6.573853,-4.12167,-1.627177,-3.5873656,-4.3900294,-2.3349986,2.8438063,-4.1717257,1.170338,-1.8223511,-1.5218878,-2.4959326,5.9507284,1.6552532,-2.400076,-15.902481,-11.967915,-6.960013,-3.2836084,-0.8261889,1.9683452,-3.7043118,-7.2068195,-3.4775386,-1.2601209,-4.837471,10.121653,5.575708,2.8200817,-0.16153829,-4.9112577,-4.390946,4.0458355,-2.3557718,-0.09682237,-13.879332,1.3637801,-6.448835,-6.814809,0.99164546,-13.182082,-2.0281136,0.81957823,-10.258948,-8.023944,-13.074271,-8.624725,-11.655623,-8.806225,-3.797935,-0.831831,-1.8062264,-3.5422823,0.5140094,-0.64747334,-9.566495,0.05317171,5.2551937,-8.737987,0.85482615,-3.9191885,-5.477328,-3.3416462,-4.424716,-4.327773,-7.2105465,6.857851,-5.7209425,-1.6745178,1.1108261,-4.158187,4.4184375,8.974617,2.9998307,3.2704732,13.76037,-2.5780249,-5.3607664,2.551265,-3.010161,1.6868109,-4.052699,-3.8906674,-8.353948,1.6865168,-1.3221452,-1.1333863,-5.455544,1.3394849,-1.2306927,-0.35894412,-1.0183274,-2.690715,-2.387461,-2.5401661,-8.871282,-0.79238623,-3.344761,-4.034489,2.6356905,0.7785004,4.7613916,3.2405453,8.966389,6.811768,4.0809107,14.782339,15.043217,4.6539707,5.163311,8.295293,9.069285,-1.6795046,1.9340088,7.2812033,5.5443664,-2.5572524,-3.7151015,-0.8786392,2.6645741,-3.7010367,2.2114265,-2.2597997,-3.280477,1.8642898,4.519864,1.0868495,4.4027224,3.914157,1.530169,-0.35001484,5.2614374,0.0,0.06358742,-1.2557876,2.1668906,-0.27154037,0.4057754,1.5047802,-0.9765872,4.863082,-4.3186245,0.6139995,0.57221836,2.5057254,9.794264,-9.024206,-4.9847245,1.8548548,-9.480252,-4.3893824,-3.3764758,-13.164343,10.294828,5.133913,-20.090363,2.2590063,4.4962344,-2.049239,-0.9212933,-0.12909499,-4.7199326,-4.2563057,-22.011892,-2.6248684,-0.17895925,1.0032142,0.7888693,0.96364313,5.6285214,-0.97972816,-2.829556,-10.409406,3.0209777,0.30934438,-6.740373,1.1444259,-2.2621546,-2.7585013,-2.157386,-5.6434703,-9.794592,-5.0790076,0.78947264,-6.0369325,0.5335822,-6.8862295,0.05495913,-7.297699,-7.813487,-3.3758304,-7.1733546,1.1644735,-1.5046914,-1.9147391,-19.32487,-1.9687091,6.5842733,-5.74184,-5.193275,-3.488278,-9.905828,-1.0412313,2.8056066,3.2577615,-5.7620935,6.0765023,6.4729056,1.8490185,0.46146736,3.3128214,1.8421,8.83907,-1.1208588,-0.81192124,-7.141776,0.8769564,3.2214758,-6.6317067,-0.46993282,-8.03912,11.626685,7.857973
232,-7.9441013,-1.6753746,2.4285085,-4.754123,-4.4853663,-5.6596384,-3.778934,-3.9997501,-6.0010276,-5.837086,-3.3123472,-4.2541437,-3.1941922,-0.70315915,1.9706436,-3.1547058,-7.542524,-1.3397865,1.3792994,-2.5683613,-4.491751,-6.564164,-4.1147904,-7.9797497,0.7914045,-3.803486,0.18208413,-0.69336617,1.126496,-3.0321236,1.2268395,-6.2710323,-5.3676877,-5.068861,-1.6882745,0.7998033,2.3318253,-0.29865345,-0.25023803,-2.2517545,-3.9092264,0.8811366,-3.601778,-0.08197614,-1.8525543,-3.665955,-1.5082088,-4.898494,0.3343396,-7.9325857,-4.9362745,-3.5799913,0.32247606,-3.2917662,-0.8408975,-5.887083,-1.8031329,-2.2476478,-0.59996665,-2.1488152,-2.8166347,-1.4734082,-3.6102934,-1.2692654,0.76763713,-6.2844305,0.02465918,-2.101683,-5.437172,-2.8872678,-3.2293005,-6.053471,-5.61945,-6.654926,-7.381467,-2.7182245,-0.79386574,-10.616607,-9.300064,-16.669422,-6.9899116,-12.525815,-9.294811,-8.138987,-8.5048,-5.7248607,-10.255142,2.8866673,-0.8377502,-0.05794957,-0.043069545,-4.6773567,-1.8507,-0.31468457,3.2873979,-2.3472521,-7.9901023,-4.1343713,-8.671591,-3.0213287,3.9459903,-6.326025,-4.046844,-2.484379,-2.006137,-4.1744003,-7.0535975,-6.737729,-10.114062,-8.988168,-6.6974053,-7.690366,-6.6366096,-15.291009,-6.5824103,-3.113618,1.2102644,1.0783302,-10.671362,-2.1771963,-10.183192,-6.6944757,-3.913223,1.5778408,-4.306212,6.0912127,4.160722,-7.411124,-2.9724147,-2.304028,-0.74404293,-1.8409148,-7.5809417,-5.2695036,-4.439491,4.2852526,-9.00546,-4.505957,-6.178708,-1.2853329,-2.9395971,-7.18101,-2.9516888,3.1535997,-0.8819841,-9.9037695,-5.853785,-1.1883122,-5.2092896,-2.9371665,-3.7794428,2.1189559,-2.1862786,-2.431167,0.8161133,-0.25235483,-5.323117,1.2130321,-7.42522,-3.5608697,5.123498,-1.0911282,-0.69043666,7.654807,-1.8741726,1.7558835,-4.0844774,-9.960224,1.6264102,-4.6284065,-6.3406363,-0.12157609,-14.393049,-1.0788182,-6.3102846,-14.78328,-0.05244936,1.1229593,-6.4780974,-5.060958,-6.3633614,-1.5499707,-9.804231,-8.40404,-3.7784066,-6.1103683,-3.671921,-2.86904,-4.6430225,2.664682,-5.009366,-0.3276796,-4.542234,-1.2743328,3.8268147,-3.6165054,-3.1650937,-2.1893945,-1.5476335,-4.8198075,-7.792836,-7.034982,-1.2575393,0.91331196,2.4425046,-1.5097655,-1.3186593,-3.733238,7.7641835,2.767339,6.3204594,0.27130246,8.943297,-5.8510585,0.30372313,-3.2332752,7.751389,-1.6426808,-4.2721457,-11.237033,-8.387457,-3.6259568,-3.08151,3.4851115,-1.482846,0.2847627,-3.642824,-0.75554866,-0.9033603,-6.616255,-1.3332239,-0.30231455,2.5950658,-1.1843257,-1.8616271,-4.9249415,-1.5464305,-4.9818277,-0.81600285,1.3909028,-1.445921,-2.140425,-6.0558987,4.299121,0.29402962,-2.1363733,-0.8329763,1.3040484,-0.259421,-4.746971,-1.3082064,-3.1937075,-1.0974375,-5.688724,-3.6895177,-4.7855463,0.14889464,-5.4539423,-4.729423,-8.193385,-1.6442164,-0.9402372,1.781513,-2.239389,-1.1215651,-3.0725708,-3.3967788,-0.58159834,3.6013513,0.0,-0.16136439,-0.3105855,-1.2221253,-3.6034222,6.529508,7.354419,-1.7148527,2.0689309,-9.661445,-4.937754,-3.294948,-7.1151114,5.060421,0.4037723,0.8027576,-5.6608853,-3.5682845,-0.71008855,1.9619954,-12.42384,3.1467395,-1.7781328,-8.131846,-11.91201,-0.61371857,2.175481,-1.9166818,4.9999137,-1.4241246,2.9238458,-9.400054,-2.7245798,-3.9261777,-1.6610386,-4.8779535,-2.5263605,11.403779,1.4501015,-3.5840464,-11.205433,-1.0246825,-1.7498121,-3.3709362,-0.3147824,-3.3670504,-0.8235124,-3.9243817,-4.009,-8.075963,-6.967148,-4.876766,2.783817,0.76299506,-5.737833,1.9840041,-2.988872,-3.1304984,-2.7062576,-4.5844607,-3.9924855,-5.3874083,0.5617287,-2.0851052,-3.853181,-1.7397119,2.7610211,-4.65243,-3.8302617,-6.5807815,3.7413278,1.737388,-2.9949396,-2.9807549,-1.9701283,-8.818568,-3.481415,3.7592006,-4.894932,3.4641652,0.9340305,-2.3938353,-1.2965958,-11.367075,-0.56623805,-1.166351,-4.7029457,0.60019076,-2.4154646,0.05126599,-3.746655
233,-3.5118535,-6.2252474,0.8446395,-3.2642543,-1.9752569,2.9039392,7.2478304,-1.1647724,-2.7966754,-4.71177,-5.2480288,-0.26192024,-4.899297,0.874047,-0.07077777,-0.6432151,-2.5934162,-5.7480893,-1.1304775,1.9281635,-4.1183853,-2.9789445,-1.9724267,-7.344613,2.904164,0.96623755,-1.4506422,4.3404074,-0.26044613,-7.114064,-7.33142,1.406424,-6.2996273,0.99398196,-0.9888567,-4.2494755,-4.3170795,-6.227274,-0.51690304,-1.4414167,-5.351273,-1.5383891,-2.4358346,-0.830724,0.74430436,-0.21547396,2.5771885,-3.9087884,-3.5201635,-5.578753,-1.1105922,-1.1411753,-0.0521263,-0.23965104,-4.2835627,3.1242883,-2.2441766,2.162352,4.885564,0.35621533,0.4296508,3.6414835,0.17467768,-2.3521073,10.296752,2.4628313,0.1867447,-0.0943195,-0.1401814,0.077929266,0.8088792,3.5037167,0.5174465,-4.309211,1.0942143,-2.7426913,-0.32518053,1.0376278,-1.0412703,2.0895917,9.459845,1.6304656,-0.15356474,-2.6793888,-0.51812613,-0.72243303,-0.29125848,2.1313584,2.9478543,0.07649466,-0.0064603416,-0.521759,0.8829285,-3.218417,-0.9081664,-2.1907773,-3.2472546,-0.6804858,-3.0865405,-1.3078468,-3.3663597,-2.9095786,0.103527986,-1.4789227,-3.8539045,0.19918285,-5.665351,-5.344969,-0.13448213,-7.0615053,-1.2593813,-3.448985,3.1167018,0.19336824,-7.0731015,0.57195866,-2.8819213,-4.423144,-8.428512,0.95245147,-1.7815107,-1.2918104,-4.340502,-9.001,-5.31899,-3.8672369,-0.6189933,-1.8149183,2.484812,-4.3651743,-1.0586878,-5.96288,-4.5501604,-3.5435324,-1.0510305,-5.3016114,-5.0170765,-2.9874892,-4.5597677,-2.627276,6.8173375,-6.8578134,2.1795845,-2.8641698,-5.0725718,-2.2845194,-2.3650224,2.1157098,2.3239133,-1.3896867,-3.546271,1.0946602,-8.363315,2.5555162,-0.7920578,-3.1604881,7.9215775,8.203038,0.62888134,-5.3574276,-0.04787182,-3.0553372,1.5356289,3.1879056,1.1252787,-2.6221602,8.454664,-5.3621426,1.910202,3.4604638,-1.3679652,-0.09597926,-10.909975,-6.84288,-7.027831,-13.094846,-3.9761488,-1.7237407,5.496318,6.4986267,-0.7132927,4.653836,0.92198306,-3.3424385,-3.3044546,0.7421713,-5.6480503,-0.6257478,-0.46989068,-6.757733,-6.135243,-3.9806044,2.1967814,0.26870984,-1.2241503,-1.4386439,0.71080446,-3.5283318,2.5120099,-1.961865,5.707438,0.89179856,-1.8071928,-7.2132215,0.9793186,-2.6070232,-1.9338478,-2.94009,-1.6246108,-3.3213406,-6.6174736,9.439854,0.924141,-0.24097225,1.4922202,-4.332696,-2.3908648,-8.7979145,-1.8656894,-6.6838813,-7.3303456,-2.9355407,-2.3359053,-0.019770771,0.91041654,1.3948566,-0.9198191,-0.2622295,-4.395872,-4.1092176,-1.5912553,-4.8482738,-7.099712,-3.9554708,-1.3361636,-0.10095784,5.0325165,3.0332758,3.0701966,-1.2326856,-3.9719012,0.86626303,-0.6055091,3.9435468,5.1286235,-0.24177504,-0.85693896,-1.7971773,2.4610615,-2.1780777,-1.3775097,2.7744522,-2.7631662,-2.1085672,-0.26691797,-0.38327363,3.2211046,-6.2516875,3.8514805,-8.155498,9.788504,-1.2825578,5.6594176,-1.2770956,1.852378,-3.2179282,-2.2507513,0.311463,2.5888662,0.0,-0.0024973378,-5.5225844,-0.6551279,-5.214781,-4.4407654,-4.168216,-7.8084717,-2.540324,-4.1216807,-7.3034034,-4.2762403,0.4180091,-9.862409,-2.4040227,-0.4307338,1.4968666,-7.2338915,-4.993341,0.90595037,4.1781874,-0.57045865,0.88297826,-7.2132154,-4.8887362,-3.864261,-5.715322,-3.3464236,-2.9729767,-3.3168423,-4.081769,-5.3899865,-0.109558985,-8.522334,0.4677935,-2.8963068,-1.1543659,5.948219,-2.3956513,-3.2059245,-0.3642348,-0.93707293,-0.8289919,-2.4491353,-3.0179515,1.4232827,-4.6998754,1.3137636,-3.756159,-1.2716862,-4.3737154,-0.65074575,-2.080657,0.7073006,-5.531763,-4.3093424,0.63165474,-3.640942,2.1515188,-6.1273494,-4.5197096,-7.227476,-4.079353,-3.0449252,-4.1451716,-9.954962,-4.0359745,1.0279477,3.447522,-0.9884263,5.1663456,5.0107794,5.525063,-5.708301,-5.9909315,-10.653311,-6.0672626,-5.821098,-3.429775,1.4480929,3.563944,1.9638377,-1.948039,-13.424461,3.2760162,-3.326687,-2.7212777,-1.8700347,7.793281,0.6403298,-2.299425
234,4.039312,-1.2299311,9.8578005,3.0157902,-0.398705,0.81716067,5.4939685,2.6062112,2.7376332,2.0693865,-6.1192927,-2.6454103,3.6173046,-3.0892453,-4.1325717,2.3429332,-1.7685225,2.646885,-5.8480244,5.3608737,-1.4677057,-2.6199183,-3.2982628,-5.627664,4.398108,0.52866465,1.7791445,3.102613,-3.921693,-18.117785,-5.3680625,0.5904042,-6.339951,0.12780394,-7.6677895,1.5875909,6.2446427,-0.29675815,2.6983652,5.9516425,-0.12016135,1.7705643,0.38989523,1.2391754,5.2240906,2.397317,1.6728773,1.9757023,-0.44365618,-0.7030606,0.53286546,-0.16804667,3.743436,3.3094912,2.1476467,-0.19290271,5.9562287,-12.740931,3.252726,1.3914173,6.8891273,-3.9495041,-1.112068,-2.0323727,1.8025416,4.213419,1.6652071,-5.421493,-3.1181893,-1.609721,0.6044238,0.36030874,-1.3167381,-0.39555296,1.5528847,0.27619645,0.22120032,-1.0063814,-4.9896894,-3.761949,-2.4221735,-0.9560086,-3.9088695,-2.3208241,-0.009632607,-5.6806116,-5.0558805,2.9759858,1.7655163,-0.011276222,-0.21388847,0.81239694,0.12200456,1.5649333,6.6565137,-0.5858634,-5.3739696,-3.6382053,1.362657,1.6061568,-0.77627,-1.8060491,-1.7331077,-3.2151043,-4.222772,0.19748145,2.435623,9.99732,2.8016655,-0.11276504,-0.5849529,-0.67481655,6.4802213,3.2447848,5.296981,-3.5380316,1.3572417,2.2069285,-0.6759636,8.074719,14.1918125,3.1973262,-0.9738068,-5.1831574,-4.839894,-2.2600315,-2.0683126,-4.7451673,3.4862447,-3.5483947,-0.19425508,-0.7926285,0.62290204,-6.7938747,-3.2685792,5.271891,0.5795518,-0.08833742,2.1639009,1.2729815,-0.5589054,2.9905896,-0.58905715,-3.3363185,-3.3319342,1.1655788,-2.2144144,2.1017811,0.6963575,-7.704735,-5.113303,6.032635,4.843795,5.612316,-13.336129,6.040011,-4.7939014,-6.0725694,-1.0573827,-8.256801,-9.601147,-6.235196,3.5408835,5.344652,-5.5235457,2.891108,3.895035,1.3627981,1.3895192,-1.2923249,-0.97117615,-0.07845793,-9.5149,1.0230315,-6.617483,-2.0622725,0.021861907,-6.091648,-8.019503,2.177813,8.172255,8.95772,6.6400924,5.840247,2.4341478,1.9024489,6.33133,2.7907476,1.3039236,-0.89668435,-3.2586899,-0.24992618,3.0010679,-4.8641086,-8.172264,-0.3591127,0.032267295,-0.87973416,0.425977,-0.8321042,-1.7824172,-4.1567664,-0.17997319,3.2725751,3.2198486,0.5230984,4.334298,1.6372375,-7.082252,-13.535402,-7.3367696,-2.240583,-4.9474983,-3.3942106,-4.27982,1.2805635,10.590556,5.8540926,-0.1390515,3.8953786,1.2526469,3.9488041,2.9540138,-0.6617052,2.666478,2.7624934,0.64226556,1.9944398,4.041952,-4.3241906,-0.446942,0.24271989,0.7528274,2.0804942,0.9819256,1.0017338,0.36873767,-7.8935437,2.3750877,-4.299444,-4.2580647,-1.9139379,-1.79482,1.1540215,1.400674,12.443534,-4.8682976,-5.336515,4.2095537,-1.368488,-0.4728826,1.5451052,0.1769325,5.1972966,3.1773648,-1.6736182,3.6634727,-1.0080515,-2.5035331,2.838897,4.8209124,-1.1035776,1.9694221,-2.17493,-1.5288901,-9.342975,-5.2557173,0.8826074,3.4289334,0.0,0.051220175,1.9581491,4.6287384,0.41414538,10.001017,0.014934076,-1.748267,-2.3758225,-5.4180803,0.274644,2.909627,-0.13125627,13.7297535,-9.425234,-0.0077844136,2.895234,3.351316,-7.238517,0.6412989,-9.602174,6.06677,4.2648597,-0.354495,1.9436201,7.230068,3.959122,4.68069,4.252834,2.5428996,1.6969694,31.561949,0.64981705,1.7915319,2.2650535,1.3513464,10.822734,-0.25187394,3.934065,5.6869817,4.1676803,3.1094427,-4.3565536,-0.16799892,0.8720676,-1.115029,4.6980267,0.45118985,-2.9989483,1.045445,1.6612748,-3.9336748,2.1411881,-3.4334934,4.2199435,1.5653195,2.882264,-0.6653468,-0.6775018,-2.4367137,-0.17027909,-3.793491,5.418385,3.9130218,7.8272896,-3.1631,0.2512881,-2.4533908,-1.6111253,-0.5584921,2.4262886,-8.72012,-3.5059943,1.027078,-12.244422,-3.2584932,1.3146775,-2.7981074,2.442822,-4.2384,-4.9586353,-3.283627,1.076879,-9.680308,2.2115092,-0.60568136,-0.56129885,1.8219814,-5.5320325,-3.1284988,1.0989846
235,14.28771,-0.9088449,12.561561,9.426589,6.72992,3.7727497,1.9117908,6.807754,6.9099417,0.16718324,-4.6448355,1.2611389,8.587149,-11.774472,-8.059805,3.5148323,-0.14895809,-3.1294243,4.5775466,2.6545894,6.7675924,6.3095016,2.548053,-0.5719204,4.679867,1.9241173,-0.27634004,4.148122,-2.488077,-20.913128,-9.0266695,-9.647586,-17.849884,-7.0522666,-7.2998652,4.096736,2.4336586,0.6347669,4.399972,4.31737,0.67818266,4.1562166,3.946716,-0.49261114,4.058935,1.5647069,5.9795313,1.1862994,0.47142246,2.8070812,2.4076703,1.2620562,4.6342406,3.5217893,5.4412975,2.4129114,3.3404698,-4.315286,4.793189,2.9469044,-10.653615,-9.915296,-5.7811766,-6.4825983,-2.016883,-1.1096098,-3.4192061,-5.5657225,-5.4609256,-3.718928,-0.9523391,-6.7762537,-1.1177399,-6.6558757,-2.796403,0.015152719,-0.041126896,-2.034991,-0.3457737,-6.201064,3.3536355,2.605937,-2.4722414,-4.395573,-4.889981,-6.214939,-11.68129,-1.1084275,0.5297132,0.06302221,0.06440648,1.2162777,-0.9315612,-0.7282408,-4.609457,-1.3485717,-8.365406,-8.551151,2.7326076,2.8911686,0.65763605,-1.002555,-21.018858,3.8072336,4.01007,-2.639569,2.204978,-3.263775,-5.4151273,-6.8201036,3.141117,-5.551071,-2.1164587,1.5934378,5.459445,4.2424636,-0.48934102,1.5074809,-1.0010859,-5.152867,30.20864,-3.1637208,-5.922532,-0.6976239,-1.995102,3.0960343,-2.764957,-6.9816446,3.8057039,-5.2999005,-0.62578154,-5.05799,-5.176802,-4.4472504,-1.9446825,-2.724716,-5.9846234,1.2019706,-2.4733927,4.3897057,-2.7081385,5.839803,-3.2353632,0.46384802,-2.5144854,-1.3447223,0.88890785,4.931205,-2.60323,-9.885001,-7.501633,3.0892594,13.004808,13.9397545,-4.51608,-1.1648786,-8.262717,1.2534527,7.748766,-6.8836403,-10.217585,-16.035395,5.015033,-0.44381225,0.49649838,4.4878836,5.2792606,0.6328233,2.813541,-4.6917577,-2.0909798,-0.11954128,-9.367762,-3.2019186,-1.9991037,-2.558081,0.26096594,4.4802995,-7.9178696,-13.091517,16.72602,-0.52025384,15.0877495,13.821862,10.880435,6.8483,2.7279642,4.221732,6.6137958,6.990024,1.0012724,1.4820304,9.251057,-8.8375635,-12.767154,8.652648,-3.6084702,1.1924993,8.458172,5.063995,4.595829,7.015942,5.9852314,-3.696033,0.6226813,0.29066026,-0.3545115,-2.9253397,-3.4215407,-12.320617,-8.975571,-5.5736074,-19.28722,-6.161237,-5.6553164,8.901012,12.098903,2.4742453,-1.3357289,10.349383,2.2361991,2.2093298,4.671098,3.4235291,-0.3208773,1.6770798,1.6868268,2.378696,1.4881102,-0.3619455,2.3498669,2.406042,4.0719585,2.6081367,2.2539136,1.6148542,0.9015848,0.8742339,0.07636145,0.054070137,-9.402474,-8.07288,-5.49537,-6.238365,-1.4075216,0.08665269,-6.0773807,-3.1485355,-3.6884155,-1.2517624,-5.8637586,-2.4115665,-2.4757416,-2.6575012,-1.4671875,-3.5503922,0.08203367,1.2317855,-2.3942378,-4.2120924,7.06625,-3.7975464,2.254619,-2.116083,-2.8936832,-10.113115,-6.336287,-1.4996367,-0.61382186,0.0,0.2553813,-1.5210514,-0.11866085,-3.2574074,7.560037,0.87816685,-3.681992,-6.2177005,-3.4183712,-1.9944563,-0.42469317,-3.8264873,8.385733,3.8429961,-0.9758298,-5.04378,-1.9147536,6.8119025,1.9799137,1.1478817,-0.36967745,1.1608585,10.44243,-4.0021544,-0.7069818,1.4781326,5.211844,-0.053967223,-2.9024088,2.0366378,34.484035,-0.6595582,-5.594734,-15.607718,-4.3027716,1.1955537,1.8892533,2.1221066,2.5689309,-2.6158648,-1.301165,1.9534665,-0.8093048,-0.7473167,-0.8299677,2.2140367,-3.1158104,-1.8693671,2.7069688,-0.14146711,-1.9128731,6.382016,-2.1493368,-2.4166458,1.5527695,4.6973667,0.8156071,0.3435885,-5.101816,-3.6783283,-6.4009743,5.5212693,3.633059,16.842022,-7.029805,3.5472178,0.6688439,-0.109723166,5.5354085,5.6049848,-17.279371,-9.5230665,-1.8476789,-18.144156,-8.482463,-1.1229814,-2.6143494,-4.4860177,10.808744,-0.73863935,3.6222038,-2.0093331,-17.61635,-2.5798652,-0.8285888,-3.9921224,2.6977503,-1.7429607,-10.535694,-12.425629
236,13.833154,13.908522,8.564077,9.84435,5.8427844,-1.3740735,-2.3118796,3.2950768,3.6555421,0.6113358,-11.12437,-1.5227602,7.838566,-10.074026,-4.2091527,2.9850223,-0.7716031,-1.8073359,2.8565595,1.3992399,-0.47206983,-9.283467,2.086878,-0.19072267,4.1815467,2.5586026,7.315742,3.8250494,-5.7050095,-12.968154,-1.0804917,-7.2944417,-10.122311,-12.766109,-1.7502174,2.5688062,3.936346,6.777267,2.1364918,4.6024976,2.1467729,2.18096,6.5029206,2.3022273,4.7214766,-0.31762818,6.0145273,5.203078,1.0890095,1.0247201,-0.14759898,-0.8550476,-0.93882316,1.6557165,0.7695139,2.2166245,7.6339145,-6.334047,6.7075877,8.375766,-7.6312137,-7.0796432,-3.0656066,-2.637487,-2.2534087,4.379323,-0.13188823,-4.48397,-2.9312572,-1.3760569,-1.012077,-2.4130874,0.25549704,0.91860425,1.4425424,2.1647882,-0.27539724,7.1631546,0.32175168,0.35639945,6.0374465,-0.8727453,-0.7366638,-0.39517152,-0.3128002,-6.462641,-5.0999036,0.2157529,-2.3687115,0.014661687,-0.28002313,-0.21054663,2.4396884,-2.8689878,0.5778785,-3.1261501,-6.857112,-3.83655,7.300796,4.7102284,-2.6263468,3.1471734,-10.395811,4.846113,5.1142626,10.126865,6.5993166,11.26223,5.9102798,-0.3069178,2.275261,0.06071075,1.5483009,20.121578,4.297268,-0.1161643,-0.2992375,4.919953,-9.84671,-1.5572329,33.43206,-2.071325,-0.31068385,0.41219136,-3.781766,3.2910259,-12.268013,-7.3605185,2.7767656,-1.0864564,0.15840024,-1.1008711,-4.6790648,-3.8020747,0.64529467,2.7746894,-4.82123,-0.85958606,0.593954,2.9325762,7.159624,11.7970495,0.15009019,4.7238626,1.9270183,2.739886,7.3674035,4.9466457,-1.7420758,-11.942977,-6.819857,8.538098,10.656459,13.006977,2.6976697,1.1587944,-2.7662308,2.4992628,0.6847514,14.44989,0.75318545,-5.431002,6.636828,2.0422873,-5.0184517,3.2000375,4.6039824,-0.785754,8.068708,-3.2412417,-0.94305223,-0.04165662,-6.4470377,7.3089585,0.094637774,-8.568053,-1.4193705,4.084063,-3.0801268,-7.3550005,17.508873,4.4056654,13.6559725,14.442015,11.512624,0.91001636,2.1512637,1.9923058,3.9179096,-2.3691888,-2.562893,0.4700013,11.993135,-6.6356378,-6.2899256,5.033897,1.2590834,3.8286233,-2.6328933,2.2222648,0.88784254,-5.307261,1.9953154,3.1653183,1.8961059,0.048833024,2.82738,3.0685277,-4.783673,-10.52268,-4.606778,-1.9621866,-10.629639,-9.214988,-5.481371,2.292348,12.151847,4.9204283,-1.4718983,-2.6973896,2.4855757,2.2085896,7.377392,-1.1161226,3.9432685,1.7527497,2.0358267,0.5223904,-0.4021655,3.8394392,0.9151768,0.24356332,6.392505,1.3835475,2.1047761,6.5192685,8.3430605,-6.3270097,2.2915413,-6.4450383,-14.806116,-3.7852235,-4.4806194,3.106804,-2.4431348,10.024372,-3.5032256,-4.3324227,-2.0372617,0.1741879,-4.0079517,2.428368,0.3597252,1.5520952,2.849414,3.3464336,0.57800454,0.68118066,2.3965545,-4.4092846,8.624579,-3.2849426,2.1874635,0.41488516,-2.1481073,-8.265654,-3.082003,0.9349805,0.61128473,0.0,0.8259669,-2.9576473,3.7305255,0.5973537,9.263149,-2.644577,-3.3679175,-4.6321583,1.812862,3.4616578,-0.10427005,7.0222163,16.374865,1.834736,5.3307595,-0.4313782,4.1801662,5.1432304,-1.7971609,-4.274856,-2.3062165,-1.2465631,7.752209,12.05146,4.7919145,4.3994427,5.721982,1.6773336,-3.545401,-0.8991909,46.124336,-2.8962722,-1.6009876,-1.7324895,-0.24931267,-4.988817,4.2086725,4.330743,-4.692562,-7.7028418,0.96117723,-3.212152,-1.5115194,-0.5252334,0.3125881,0.74875945,-0.20768078,-1.4086088,3.1475463,1.8361535,1.4175751,8.801374,-3.7744896,9.579071,2.510898,1.2821054,0.14864418,2.326165,-3.9968991,3.4409275,-8.986476,1.6250798,7.717489,10.648045,-7.8656106,7.8607793,-1.2251993,-3.5521755,4.8339906,-5.2552314,-10.278863,-0.19767037,0.73746616,0.17793512,-2.4366267,4.1946807,-1.1629593,4.668024,5.4019084,-1.0580702,4.3277817,-0.6832597,-2.3274343,-3.0480413,-0.15414469,-3.5141792,-1.4682095,-1.2274796,-5.3292837,-5.6144342
237,11.441828,8.675186,6.690012,8.697609,6.774981,0.14106147,1.2693555,0.8873661,0.2510858,1.150149,-1.4568539,-3.0913894,7.3481536,-9.0365095,-3.1940973,3.1382987,3.7303264,-1.7673376,2.4051607,-0.56386286,0.9200717,4.5624747,5.0035567,0.7445146,4.787348,-0.91590995,6.5164256,2.7440896,-7.3280816,-14.506521,-9.780916,-3.8603022,-17.708242,-8.21879,-5.7707753,1.764812,4.838141,3.9492393,1.3395844,2.7593522,-1.0851501,-0.97908616,6.8491626,0.8350764,2.796798,4.242369,3.4736278,0.14461516,-2.2556524,1.4475678,-1.571742,-5.3766704,3.4660416,1.9019718,0.46647182,1.9314352,1.8776029,-0.18273598,-0.31016514,5.867716,-5.8444905,-5.9362106,-7.1666665,-4.3146844,-2.691097,-0.16459636,-3.6890383,-4.9702263,-3.4776928,0.23535314,2.0599697,-3.7048979,-0.5928177,-0.6229433,2.872983,3.7489834,-0.1856447,0.29912966,2.8251371,-3.645478,9.937979,0.05289975,1.4697961,-4.028937,-1.2680764,-2.848196,-6.459044,-0.56617624,1.7739917,0.007898617,-0.118459985,-0.2764915,1.5494853,-6.071265,3.4747756,-2.6787117,-3.8113558,-8.131771,6.540922,3.4111893,-0.26328397,0.7342647,-19.736868,1.0999362,2.3807817,2.7755063,4.2389746,1.7883066,0.49832064,-5.6087437,1.9203931,-4.910659,7.504665,13.795975,0.9931765,0.5137799,0.75471234,-10.46708,-6.698629,-5.711141,19.202421,-1.4111944,-2.2914152,3.1848063,-3.988177,-2.9527307,0.853992,-5.335286,-3.2850468,-14.213042,-0.6830245,-6.046535,-3.2969592,-5.358583,-4.342457,-2.4909294,-3.1740308,-0.74725825,1.3603735,3.0482128,8.82491,2.8329089,-3.1100397,-2.4654765,-0.045948666,5.280134,4.8449755,3.7489192,-1.235654,-10.456342,-4.8423405,5.600898,11.630581,10.345359,2.735158,13.196216,10.616652,-6.3309307,1.8130848,2.4451935,-3.9603455,-16.62966,0.14352529,-3.0704024,8.606128,2.4051816,-2.2184727,-0.37891784,6.0095506,-4.321725,-1.6489261,0.011727908,-16.770569,9.479327,-1.8157752,-8.509598,-2.831273,0.10717805,-9.640434,-0.5603393,13.5362215,-0.06403586,17.22311,14.295052,11.615795,1.8259597,-0.4810319,-1.7790604,-0.5854891,6.957318,-1.6349378,0.49986744,12.471098,-0.5211307,-8.516503,5.4516287,-2.6502829,1.5762055,3.9981613,3.0233033,1.0228213,-4.3038464,0.9281466,4.377868,2.1218698,-2.3883069,-2.5357084,-0.42625332,-2.0557268,-14.830315,-3.2675843,-5.9688883,-10.782844,-14.354051,-10.772518,0.01612025,9.625469,1.6501536,-2.6940153,1.1595963,-2.5509763,-0.7701798,4.2387033,0.81990665,3.6218355,1.6188271,-0.3510737,1.9667826,3.5749197,-12.953254,0.9012378,-0.09059821,0.16783576,1.0500859,-1.0354995,4.461158,-3.2680354,7.799287,3.9612331,-3.0459032,-16.000914,-1.9943466,-4.8211827,-3.332527,-2.9375615,2.7993796,-6.681097,-7.088751,-0.28815758,-3.3960855,-5.513173,-1.1612554,-2.1441891,-1.6082236,3.647184,2.3072531,0.91972506,-1.266728,-3.9683506,1.0084481,6.1617928,-3.3802457,0.97343475,-2.6160145,1.5840015,-7.1584687,-1.9858987,0.8965422,-1.4097301,0.0,0.01119973,-1.8225973,-1.5562884,-2.6470027,6.0218487,-0.46335322,1.4539578,-5.6894693,1.8113703,0.9695188,1.7231178,2.4980648,0.26331094,4.368982,4.8908677,2.1827717,5.4945393,6.522312,8.115368,-1.3224895,3.967721,-0.5136296,4.1644177,6.2332997,0.8612105,1.6049436,-3.2764986,-3.4965498,-1.7406112,-1.0444055,22.579588,0.056516673,-2.1876411,-8.399446,-3.8236787,5.582558,-2.1048152,1.454297,-1.510383,-2.979258,-1.3055625,-8.061284,-2.304551,-1.1768634,-1.5230908,-2.752099,1.7973673,-4.5980496,-2.7516985,-0.32091922,2.461375,6.665897,-3.4764216,-0.8939265,-5.0858502,0.4738155,-1.3914158,-0.7656336,-3.0853145,0.91405606,-6.208313,7.0452576,0.9589357,7.2222466,-3.763663,3.4652495,1.9924381,-0.7012892,7.414355,6.157004,-18.245974,-6.5795302,0.21918127,-11.7283745,-1.8603703,-3.5838187,2.174192,0.57205206,8.110142,-2.183205,-1.1807659,-1.8133873,-0.9194043,-3.6301026,0.29386905,-4.342519,-1.3278617,-2.0402966,-4.535596,0.48203412
238,1.953488,4.348517,4.6837864,0.6508188,0.23430552,-1.1687267,-6.109537,0.9857601,-0.1535917,3.5232916,-6.647231,-3.1945264,1.7205713,-6.2293353,-7.4475927,-4.768276,-0.06710308,-1.0409731,6.534432,2.8176353,1.8493782,-0.58219206,7.7279496,-0.59158754,4.3743224,2.1361094,-4.2827954,2.1350312,-16.249384,-16.720928,-11.933809,7.2641826,-21.139303,-2.290782,-3.1430895,-3.0424762,11.85544,11.7491255,2.1769867,2.421316,4.475537,2.6103187,4.907461,1.3111907,-0.73841214,3.977857,1.1947234,-1.4431897,0.40376905,1.7977324,-1.949235,-0.3327961,3.5957828,3.6727319,-0.40082356,0.4393573,4.4674797,7.5927353,4.422891,3.9527938,5.1532755,2.6884487,-2.0750334,-0.88312006,5.0084453,11.882507,1.9379553,-1.7547138,2.831102,0.4889748,5.852875,3.7140932,1.7407941,6.6795883,7.7672005,4.904637,-0.15959673,-2.4143329,-1.636266,-4.7071795,6.5756927,7.563704,-0.5908714,-0.5064091,8.216907,-0.43791214,4.0407686,2.0419517,0.5708556,-0.058054663,-0.58244526,2.154479,2.7065902,1.2557894,6.480609,0.9840776,-1.9607838,0.5740688,8.433725,-1.5508076,-5.4765296,1.8093345,-16.832685,-5.3334723,2.1393712,-3.8760448,3.8654168,8.078756,2.16346,0.21975733,7.6840134,3.957605,8.269477,8.076001,-2.6344032,1.03297,6.165951,2.9939187,-7.652069,0.5176485,2.5290103,0.6245458,2.212715,5.814225,-4.9897585,-6.715686,-21.457664,-0.21823774,-3.2069523,-1.8563112,0.5124633,-2.0388932,-2.5931418,-1.2320985,-6.280774,-1.6686168,-5.6125793,1.1929059,2.5115192,5.6705766,5.4838467,3.8854098,2.6543443,-1.1606703,-0.7922254,-3.5343573,-0.495736,3.8735192,-0.8519703,-5.84252,-1.6367917,4.9524703,4.201749,-0.6203076,-1.5446343,5.423805,-2.2328324,-2.1879945,4.644675,-8.708915,-0.85847634,-4.505516,-0.21763258,9.25779,2.2544026,0.082455315,-0.83155066,3.5264661,14.970131,1.3085642,1.2788781,-0.055670176,-0.6837542,-3.9112532,-0.23095742,-3.8509603,-2.742068,-3.9161212,-3.3147247,2.9548953,5.83885,-7.5178185,9.312979,7.9833694,7.7109447,0.41656128,-6.1382356,0.3697675,-3.5556557,0.60108507,-4.2229476,-3.3618007,7.1689706,-9.001878,-11.290582,7.050709,-0.44267318,1.1847366,4.528515,-0.5390698,-2.486012,-2.075867,-1.0700493,3.127787,2.4725714,0.40189373,-2.0783038,0.38923836,-11.491401,-17.468994,-5.312738,8.228268,-20.148746,1.742287,-3.0808687,2.155632,5.8944106,-0.27107993,-1.524637,0.3722968,-2.7072523,-7.1940966,5.8288283,5.233543,2.0348394,1.2015169,-0.040331583,-2.4949474,1.9448392,-3.9256403,1.292031,-1.6931579,0.67957604,-4.154558,1.7148266,1.214995,1.627137,8.711645,6.3712196,0.36050078,-11.403749,1.2299806,-2.9038954,6.9879165,5.640819,15.971564,-3.1919875,-3.1370428,6.3782744,-1.6594787,1.0270872,4.256943,0.80613947,1.5907881,5.9492908,6.3332253,2.9836347,-3.9223819,-2.2523596,-2.0733054,2.2589843,-0.85652137,1.1571357,1.0162363,5.199589,-1.4522095,2.2962248,0.14695814,1.7838507,0.0,0.05913569,1.0266743,0.14986782,6.454693,-1.7545266,0.7455032,0.43434304,1.8002517,1.2453452,-0.24206974,1.4763939,-6.7937527,14.348966,6.5060906,3.0697744,2.4844637,6.1082673,11.434506,10.053765,1.5599796,6.5845065,10.078809,10.27238,9.125779,-8.229325,-1.3446107,-5.0560403,-1.38606,-4.5809565,-1.3487655,12.631646,3.2054522,9.253512,4.030208,-2.3809183,-15.78182,-10.766674,4.086616,-3.8672223,1.28872,2.4162848,0.12971725,-1.9647702,-0.8841821,-1.2723863,1.6514473,-0.16149333,-4.373085,3.1202865,-3.2502768,4.264411,-2.817831,-3.963324,-7.0207977,-5.519322,-0.7548229,-1.0913767,1.8440764,-1.8938779,-3.9488091,-5.720745,2.0691655,5.9643307,11.714149,-8.411864,-0.19186121,-1.1664145,-1.7495408,3.5105839,-4.1960297,-15.483092,-2.4722853,-2.3729591,-3.451031,1.6921465,2.9656446,1.5025008,-9.719886,17.599943,2.5612626,7.231294,0.5729179,6.5646963,5.5375786,0.5418896,-2.4681635,0.81758565,9.637629,0.25686473,4.425738
239,2.8414366,5.5537963,7.2281723,2.2757688,-0.4581905,1.3957961,4.1890926,0.2145015,2.0947204,-2.5772414,-2.4857223,-0.79260147,5.2772565,-6.137268,-7.7022223,-2.8520856,-0.99106544,1.8990122,5.6695137,0.026290784,3.585069,1.5198424,8.922319,5.08177,5.57998,0.2522097,2.8482244,4.954414,-13.154353,-9.065618,-4.508476,-4.9985676,-13.062179,-12.088368,-6.955465,0.32684073,5.4553757,-1.4353893,1.3465087,-2.872544,0.65275663,-0.40932494,1.6541581,-1.504019,3.0244436,4.4326854,2.6441357,-0.8655806,-0.7007307,0.3478192,0.14681667,2.9770098,-3.6073208,3.5670412,4.0008235,-0.93802047,0.70999366,1.347379,3.8672483,1.537885,1.3925266,0.3007479,-4.2505517,-5.540884,-3.0731447,1.0083311,-2.0111597,-5.3869414,-0.80730504,0.6448724,3.0671237,-2.4081514,-5.0823774,0.8165798,5.2668395,0.05703627,0.028055292,-1.7060659,-0.93363017,-4.216942,-1.4387646,-0.5129679,-4.607803,-3.7623198,-3.2399092,-4.2358656,-1.7465429,0.06251719,-0.20190197,-0.016695444,-0.7683575,-1.3832322,0.7513393,-2.0462086,-2.2496655,-3.0081303,-2.5944753,0.07840568,2.9639785,2.1666594,5.9968038,9.665348,-20.061079,10.343473,10.89149,2.8694892,2.4553313,-0.48405892,8.64732,-5.6939697,2.402427,-4.639331,3.0386996,9.935874,8.137174,-1.6793917,0.057584103,7.8019705,-15.919717,-0.746637,5.0672107,1.9134912,-1.3640245,9.164806,1.0055876,-13.714637,10.315585,-1.1942065,1.2023599,-12.827147,0.09601353,-1.9993827,-2.9244552,-2.525874,0.86344075,3.4370167,-5.6812153,2.2014709,4.918404,1.4724563,3.7223465,0.95602083,-2.999673,1.5221348,-2.309265,-7.3272576,-0.7389048,-0.3965997,-2.1797676,-7.92018,-3.6800241,5.8423505,8.231099,3.8815403,-1.0775493,-6.4374375,2.4523246,2.0372958,3.457001,1.7682062,-9.047818,-7.5200243,1.9988627,-8.788425,-2.173712,0.94134885,-8.3315115,4.42856,4.99288,-4.2242074,-1.7659848,-0.12211325,12.065017,-1.4633085,2.46804,-8.443756,-1.9416317,-5.747513,-3.8022017,-8.445149,5.8314314,-6.786227,11.156065,4.5628147,5.1012526,0.981392,3.4690008,1.9861257,-1.3976392,-1.6194732,-8.3255415,-5.981532,7.796603,-11.709402,-10.301381,4.9802556,-3.3002913,3.825297,-7.698697,4.223376,5.2004437,0.719795,0.08612527,2.587346,-2.3782568,0.69211435,-1.7142571,1.783862,-3.0192523,-12.364657,-5.3490753,-1.8808168,-21.564697,-7.7888117,-8.888885,-1.2055284,4.1893086,0.90784544,0.8089075,-0.479489,3.0749416,5.8038473,-0.6531741,0.07558327,1.3682097,-0.25009933,-0.37845242,-1.7579203,3.5750291,-0.90674907,0.06603507,0.9823552,-3.9792833,-0.007990858,2.4390812,-3.8847497,-1.7813171,-7.912001,-0.23401357,-7.103063,-11.881788,-3.8462195,-5.4083505,2.698983,1.6549559,2.8951056,-2.1763763,-5.572271,1.0190529,-1.724662,0.068492614,0.8766131,-3.2235925,-0.8511019,2.4251635,5.644658,2.1892447,-3.828157,2.137006,-2.3266547,0.30303997,-1.3635815,-3.252565,-1.4484626,-3.7799406,-5.751123,0.014542649,-2.9755547,1.1299047,0.0,0.062337954,0.21429507,-0.4184582,0.1679958,-2.5685127,-4.172249,-2.9279983,-0.48079446,2.2804976,1.6249871,-3.2726407,-1.9566206,-8.057761,-2.462251,-1.5536172,1.395875,-3.0873814,-1.883288,4.2338324,-2.1661017,-7.949138,0.96024007,-1.7548462,3.4585004,2.8867726,0.4952249,1.2111478,4.521207,-13.757328,-4.4947762,22.91081,0.10453636,-0.8324321,7.8629513,1.5897455,-11.462755,-3.3418133,-0.20297359,0.3954386,6.087917,2.2291057,-3.097912,-0.56072176,-0.2349128,0.5144131,1.8638883,2.165491,-2.3879619,1.6330911,1.882039,-9.329033,3.7794733,-4.2894297,-6.8054705,-2.0569012,-0.69624454,-3.6033812,-0.34462515,-1.2778379,-2.9920855,-3.2202513,-2.347251,-2.7534084,4.992716,-10.6718025,1.7729487,-3.5188038,-0.12680161,5.7116933,-1.98564,-8.186307,-5.730717,3.05273,-5.946725,-3.6743255,-2.861331,-5.984751,-0.89892447,-1.4345124,-3.6242592,1.4464236,0.4664959,6.702318,1.0176343,5.6342444,1.129254,1.4736935,6.0437,-3.9951842,-5.6363883
