Timepoint,8,9,36,39,41,42,47,51,52,54,55,56,100,101,102,115,168,188,189,216,219,220,221,222,231,232,233,234,235,236,280,281,282,284,295,348
0,2.4844174622272956,4.189963009284467,6.898624026045507,1.3482982066212867,7.419101156750504,-5.555384487521891,6.8886522790607145,2.144339901718254,-3.485674569801408,-0.6978947919156706,2.3088542010102953,0.0612976110103179,2.5228215521391557,-2.572524140379867,-3.050311819631226,0.526245204047585,0.8457684833176282,-7.673287321110161,1.865103921111749,-0.2282267544342547,-1.483388719966217,1.2674629286843904,0.1426609668652622,-2.3069060061659132,-9.017800643736003,-5.59649078061386,-14.349665222119311,-5.984936497953473,6.662257970291741,-2.210808961063015,-2.6491905721474667,-0.435243581934851,-5.397686532565525,12.911721624890152,-6.167306476709794,-8.17226705867417
1,2.407618744336829,5.3837524372704175,7.232170236353972,-0.6077736701284137,8.179763630336645,-4.540174496417143,2.651790554882312,6.683254010823308,-4.443318681449306,0.4294360675373856,0.15744244200842722,1.8045452407428197,7.9856833195199775,-2.2994756410088466,-1.9983222180483293,4.064060172256158,6.508579626375315,-7.481991772596934,7.337990415339568,1.1910985154764993,0.44208056099560794,1.8043338169856948,5.624683158738272,-2.6231011468537,-8.8689739343007,-4.080919370359304,-17.888135075569153,-5.220171765405304,6.576372281933318,-2.4554283083701622,-0.751753421462312,5.822912466769316,-1.4059355909727058,23.891655148292074,-5.792050851242883,-6.617035775749507
2,1.1463707317503131,6.243006842781086,5.927634613550439,-2.4940422092165266,5.261703174941394,0.6089389105232395,-3.5878890299675414,9.212319455888807,-4.951710426685762,0.4088328900385876,-1.4583337638356095,2.6776604631117413,13.10764242396975,0.2784406752610693,2.598667720142676,6.804344113992185,12.840172507324997,-4.049242738558322,11.710479845806043,0.6207400925305425,1.8060764019586601,3.1466441422092672,11.264839390102697,-3.738594029022723,-4.256866574895625,-0.9141870487709435,-11.720443264676296,0.5396228323177416,4.686536791373272,-1.4343655360292416,4.1235796359120584,9.382111584653659,2.1960483223808054,25.613479048621898,-5.66190209680674,-2.9301096079680993
3,-0.5420054136490335,7.438280193781366,5.23376228371445,-2.969438303185969,0.3305451486791883,5.836355376000307,-7.701610984850903,7.264102700109384,-4.280163480311024,-0.7985425688782517,-1.5996119903058421,2.8542861324183795,15.608152538690032,3.7471548270206063,8.34312872619045,6.387239006100868,16.868926141943252,-0.3653063531584886,13.458270418400668,0.08228505630882418,2.3421474901997312,6.194440673808662,13.89440690215715,-4.231864260167492,2.866912086403986,2.307023381700321,1.0738406792587163,7.063554168051603,1.5163934156298637,1.0299804289730228,9.457341914274254,8.422333748973145,3.8978091210735086,18.267662709464833,-6.034690791246843,0.7369397538048881
4,-1.94195186726901,8.662528904116883,6.1761704306213225,-1.8959385770924237,-4.255175819810556,6.422459259781302,-7.046357683989466,1.2878163244043077,-1.60781474314554,-2.1416658540161286,-0.24168491424346455,3.2967587612113176,13.826464258894628,4.928905025580708,11.479782872054042,2.3416886682413063,16.189630257840058,1.0397513533125118,12.709307038054174,2.080946920477614,2.584013677069119,10.183446065503723,11.496482229050326,-3.195995574703022,9.062142060727489,3.7946823774551857,12.293483701591589,9.647105666048521,-1.6554693835122245,3.6201523019343007,11.72937002473948,4.477493070826238,4.472211981306271,8.06052489305029,-5.784287503787449,2.8069624316935635
5,-2.983681038497206,8.561948322215859,7.541409771053159,-0.5636426523631933,-6.811561010930003,1.4625158905982971,-2.477071895587201,-5.394595474308851,3.0908191617654293,-2.379389922229611,2.17980286007633,4.64622945931493,8.045194150841965,1.6167156160714067,10.053342339943866,-3.162165486082739,11.198743596977117,0.25180508720935607,10.768461893103561,6.367148631993605,3.0801651988710677,12.8872160166502,4.818427981162558,-1.2790431798416741,11.649107281042605,2.606353625351069,15.4421069804503,7.572506121226719,-3.401827724612489,4.627870864405924,9.439544217927116,1.1336754463156875,5.818313327370857,1.6518175662780294,-3.417430133235698,3.346211167014375
6,-3.8973280674948985,6.137390901847762,7.427562059188376,-0.5639568300233507,-6.532490733326698,-4.983898999359535,2.4433310688758385,-8.974331976503741,8.356335330982597,-1.0845900548203868,5.307085276258235,6.416016638278961,1.1047193432340816,-4.74151063816888,5.787618311084047,-6.443778545728752,5.63191975622761,-0.5993219255374707,9.024111144092618,9.465286631973422,3.800862584795271,12.63379417025313,-2.4694135590475432,0.04930182135834986,10.269204141077946,-0.6461432156514149,11.062150677247923,4.426348015513955,-3.087983404495278,3.7899554082648637,4.75927346032493,1.4240628648169187,8.787854622365261,1.5866279358766517,1.3608555945814873,3.572277123526651
7,-4.378767174117419,2.1604203869189536,5.674907922744751,-2.1717405173243307,-3.1540766986780704,-7.3922478228199235,4.285214493469316,-7.955244651558448,11.55509030180318,1.0731370838320986,8.697836892945427,7.359424875098831,-2.8559445604225813,-9.35015548005396,2.7083053357747136,-4.73584319316611,4.149866259827906,0.21631510799028436,8.173906874899961,7.907359686737158,4.3326139609728544,10.176255172612716,-5.709421599397854,0.2824505433744314,6.79928775618271,-3.9438698486405976,5.5960267365587,4.014913011570366,-1.3533893811459443,2.85244840687635,2.0234012272284954,5.969064337866647,12.214452551335704,6.358300274123951,7.057041939424009,4.437941324345919
8,-3.439449825153059,-1.0744249078692223,4.394818603992462,-3.6899334709255065,2.8225887603297526,-3.7025542523787944,2.300730987166872,-4.027398123424881,10.357054020677294,2.8792822700069873,11.260818165175769,6.664344770567758,-1.3136527921472276,-7.797683951806049,3.5039431890662835,1.7508520211416239,8.40848819576964,2.3530852888159606,8.16979794527347,2.091490779604231,4.508692979508517,8.235117197036743,-2.450140116774306,0.7161709378872599,3.9230489925462373,-4.990749399576869,4.927696505979616,6.272823951074055,0.4075228567710336,4.002358969377012,4.046675836553379,12.86170402473333,13.979653589579524,13.508256471886927,11.389417284909559,5.727857475378076
9,-0.4366540854074517,-1.6819979402483727,5.724768176674843,-2.5580708354103323,9.440771200218979,2.974469699725813,-1.2712967444439323,-0.35617915525728344,4.533582000099883,3.4171669956828867,11.376877840228227,4.748436020040999,4.207113302483851,-0.1608217346424959,6.886775621346065,9.645318041042406,15.012670368260267,4.048885724982437,8.561669233198069,-3.3379922601945546,4.660547004670513,8.738456093231026,5.343503520196798,3.2175974620848287,3.441774043150018,-2.735085881486231,8.8364740914228,7.555011915309088,1.1737297815935952,7.56424753945701,9.398911318000483,18.822337196569663,12.849553802981973,21.477243756153147,12.94362616052433,6.457808864359953
10,3.6651468733135535,-0.0033336820042863184,8.968637785133051,2.432237751933993,13.441777683946551,7.372714581386167,-3.226242096315385,1.0932039845050598,-3.344739241563544,2.590957355742552,8.136866009965235,2.823433820082217,8.638493820264632,8.446544822381467,8.463687272704377,14.323062749541535,17.63258347728727,4.09366299789779,8.697857107434954,-3.427392845859333,5.155063405937078,10.322233478253594,12.116722614789495,7.994357364822407,5.306078600336094,1.8113502142380695,11.60983147061601,4.956876880052138,0.9876892396381923,11.307867927818883,13.17521762604616,20.619513477597916,9.210847694046643,28.342540368741872,11.908524033366417,5.998913767386456
11,6.352164681164586,1.5219829526482795,10.253793429355232,9.553122204177233,12.063399176645492,6.738088609004508,-2.058729967292474,0.7976584095431833,-9.192133863361514,1.1025731812934487,2.6041440179153366,1.6675340113591175,7.035120937593129,11.788628106214562,4.44366513952917,12.606483152934484,11.925877130837465,2.846526545529463,7.633877063892325,2.3652403105278403,5.71516167874239,8.826429369802378,12.455572564382942,12.652618200195079,7.744118797535799,6.2220286447174695,8.001155529703412,-0.11985718177593484,0.5669386326050272,12.208909388821649,10.814262393671942,16.228828644265935,4.2272966248648505,29.931350975620504,9.28268078760225,4.681267082995298
12,5.376310854846118,0.40899758679526194,5.571370998036344,14.666895550124499,5.349795134624048,2.682773225769705,0.7895978883821138,0.534998786996822,-10.072014632273694,0.013596114455437174,-2.530960065977914,0.8693947214253095,-1.3944655036439702,7.57032172047362,-5.084064855867503,4.479616423650664,-0.8698943105279183,1.3823264670007083,4.138019735715827,9.219140308852099,5.294196948637159,0.869669500662356,5.027456708556535,13.72319643838065,8.30103725012468,8.405115098369365,-1.41087806224823,-3.2160651702053693,0.3198082913853684,9.031270589147296,1.8032133019700343,5.702116095289892,-1.3262084923228439,20.96248244752689,5.564198719603675,3.300292418623457
13,0.8985716128835872,-3.7571392126229344,-5.314564476207811,13.821195750668341,-3.301416437844841,-1.1879230226789201,2.03443634266756,1.2074247382733287,-6.321143838824058,0.13003948026773882,-5.100333700678786,-0.6737641582683641,-12.459165550008112,-0.9095753759753947,-16.093744538876475,-7.103045233050171,-14.838504209810374,0.0749948465702485,-2.7273023602913837,10.862278094097059,2.7473387967567056,-12.47772285828785,-6.455487804145229,9.450155705821757,5.282119514610694,8.056722670489428,-10.61025287530252,-1.7208787543433053,-0.11610241203891988,3.25375674026353,-9.8329515181938,-8.414156558562299,-7.139365077018738,-0.537564892093746,0.5019477435520717,2.175634977464773
14,-4.146408322894452,-9.006619407814377,-17.74924772521671,6.203532925369788,-9.36111643849587,-3.057212286153618,-0.7977000620900369,1.912066482767767,-1.3215726027075125,1.4617788509218668,-5.487829820081895,-3.506192708197905,-20.27973463553555,-7.9194052976613145,-23.59013569355011,-17.8604820991049,-23.93350580304253,-1.5537065145920734,-12.517513981583168,4.8675742562936275,-2.1947643811985547,-25.372377838407242,-16.062694656605622,1.3645479679107666,-1.0876681135625255,6.547875426253494,-13.679984155966311,1.8671652966616106,-1.2851495329214602,-2.44055639085721,-18.560242146253586,-21.631720755781448,-12.445107502596718,-29.496669489510204,-5.712742382356403,0.8637881643918096
15,-6.14855334558049,-12.588573610904266,-25.19452311068165,-4.751635696629671,-10.494098320299265,-4.172485569301917,-7.128952344461363,1.1955606733657875,1.136728740468317,3.073013973479368,-6.256516918844106,-6.873126575533225,-21.842142009613465,-10.145144437040601,-24.85231798279042,-24.099722895087027,-26.107016696005452,-3.599626053960956,-22.645990802013145,-5.371772463072319,-8.397236634273918,-30.932480344966965,-19.827956666751785,-6.731652457951283,-8.491455579898796,5.344230195697473,-9.992477320590798,2.1230555353116016,-2.9564415265102775,-6.449224168472752,-21.208388465399644,-29.313038902623312,-15.554581285739431,-54.976679218058685,-11.223864942180867,-1.1547875562492682
16,-3.7486912255384484,-12.939988065130857,-24.012349316052028,-13.149244122967428,-8.015896826374288,-6.643101229959605,-13.270928414500489,-0.8798216684740416,-0.13149620045204552,3.5842171445184823,-9.324788003551717,-9.222202707918322,-18.74289427484785,-8.691382581178022,-20.431657504670476,-24.014378298606193,-23.632621318101883,-4.877982059303595,-28.999630243194346,-13.516708136023004,-13.640073592565498,-26.19270815168108,-17.806568541697093,-11.397515856489843,-13.65899846870072,4.478072472068728,-4.229594646515895,-3.609665566418624,-3.962070954089262,-9.027234742836077,-18.530240106187303,-29.004759659572525,-14.875917256334606,-66.3200592252673,-13.060082185633329,-3.615555249914831
17,0.9999507759906807,-10.430476636302714,-16.051123558258524,-14.30217846194092,-5.139323936433208,-10.48153630355183,-14.82466020723995,-2.1845598680024243,-2.8829620530714792,2.180011363662019,-13.397058696771154,-9.441024444541153,-14.779833472504908,-6.761769902949431,-12.799217371308075,-18.163885705325068,-20.00554985416179,-3.804766701192272,-28.150863117101242,-15.186839122857366,-15.650424040093714,-14.297304696270398,-12.718019147308505,-11.531655865056175,-14.31664127111435,2.627383746054708,-1.6532309821673803,-11.873417354359919,-3.1650676149494794,-11.054747240883964,-13.58000109983342,-21.829953657729284,-10.633148468270594,-59.73507615498134,-9.553300696976331,-5.4532521173205915
18,4.362543514796665,-6.647881489627215,-6.953542232513428,-7.814621243549853,-3.7582013361840225,-13.189188302779684,-9.957682670379171,-0.36493994021902276,-3.6156009508638967,-0.5815403948024828,-14.563504907549644,-7.654153819595065,-12.057775021815786,-5.888462631069884,-4.497489365387936,-9.20798628062618,-16.80114018308873,-0.3373032593909575,-19.920868876029033,-10.670891079367424,-13.341452535317869,-2.190495099340166,-7.12015516979962,-8.30739992552874,-10.685966319955734,-1.1915388460061989,-3.463182269310465,-15.812061856291733,-0.6283601936028929,-12.461457175867897,-8.83274284917481,-11.812781400826513,-5.359954586442636,-40.243011767766916,-2.4833738031435986,-5.714876174926758
19,4.0636934343041204,-3.190932730022742,-1.7366653279382356,2.110148372394698,-2.9333264365488168,-12.259838841399368,-1.0966111129643965,4.540083830758017,-0.8622613239045046,-2.9614797784965865,-9.973851363877861,-4.927858785098913,-9.537258706834852,-4.735162916232128,2.6505200838556093,-0.8353304517816524,-13.25558531953364,3.2759226037531484,-8.182769789987681,-3.7043649663730545,-7.595036068741156,4.315643230263068,-2.0603351118613262,-3.6533893583988655,-5.332225400878459,-6.015872321566757,-6.469494170072127,-11.516389742189524,2.2411114238962835,-12.167639034135002,-4.704540784945902,-3.4246175593259385,-2.214281768214946,-17.76007685612659,3.528291223000507,-4.446580264641314
20,1.0569787694483388,-0.9241396894260329,-1.336478244893405,9.429110398097913,-0.4814615784859171,-7.826964272528278,6.470465369370519,9.381127171294422,3.4020494233284677,-3.31723277331615,-1.1201186715340128,-2.324661352804729,-5.188435957139852,-1.4209019115992956,7.451557661805834,4.044428282854509,-8.159829296019613,4.1581259053580615,1.3400348984465307,1.8561021618697109,-0.9897697262313901,4.281498687607901,1.988723601613726,1.0599541858750947,-1.291823489325387,-9.212233498692513,-6.743558951786587,-1.7789875603452021,3.7749906291767044,-9.51544677177254,-0.3911972763587017,1.022240816330423,-2.3977034864377003,-0.6401216935138313,4.513863098864653,-2.6098479500838687
21,-1.5968955104448357,0.1506587765654739,-2.742282840974477,10.19771667645902,4.10772159319295,-2.633690383969521,8.278514445132139,10.1545998058757,5.615932246860193,-1.5026368802907515,6.802334060474318,-0.2634536763843225,0.9463541382277498,3.5784080734058303,9.455346198106298,5.056165977400177,-1.5111117624506658,1.4807159783584731,5.146592843289278,4.377139045115636,3.662841559672842,1.5483761238200324,3.8854079714843204,5.1536858878573595,0.16655785624622083,-8.657743778155774,-3.2437898224713853,6.442640182923298,3.3143855810773615,-5.3992463849028764,4.351822171284228,2.3808744966375586,-4.118584570836048,8.59935949225815,0.6918311433828607,-1.1455627935273307
22,-1.6201975979671186,0.725297541490623,-2.2217812635460676,4.9504145104057935,8.531037868627784,0.5795939373118537,3.9286284738657424,5.454348818380005,4.069754214919343,0.8957871847919056,9.259663630504997,1.3611408399075877,6.328545623287862,7.403292803435909,9.4817862787417,4.6824056712948545,5.667977462921824,-2.567556210926601,4.737345997168093,4.421270981126902,5.227367623119938,1.2414056099191004,2.475938140737767,8.058412222305732,0.3296460132209622,-4.845800251376872,1.9009743557900798,8.30934930455928,1.507519192537483,-1.6636126090069205,8.49057461047659,3.5010726549187483,-4.245073917340868,12.96963858482789,-3.386055734996893,-0.23637991900346716
23,0.4955635141505271,1.814416497793733,1.2931895341191972,-2.0675912058475068,9.54385963508061,1.525926139889931,-2.6807774819281636,-2.0166453951019414,0.6408359238079616,1.8542715859200274,6.360898495936881,2.695807911161029,8.636471713075833,7.773778674553852,9.511270241469752,6.385657548904419,12.422083712658104,-4.660827978533142,5.372608087500748,3.3367472138940073,5.134829238969452,5.720235268680417,-1.278525015586341,9.084282243586316,1.6447705492681386,-0.7694129797877097,5.976229507400065,5.0062360708810845,-0.4614764716552228,0.6256722041538784,10.649261683833842,6.832997420612647,-1.2135935413594148,17.233513742077108,-2.671061853060917,0.44108574974293613
24,2.137775421142578,4.041930374442314,5.435999493817894,-6.1086985675656065,5.978479362263972,2.2638992401106015,-6.375399196026277,-7.425782040369754,-0.9425812229818228,0.6662426548344749,2.4270524756640803,3.7220094976376514,8.500588299364459,5.598301464197587,11.171412064104665,11.56854653905849,18.048600094658987,-3.2984714504255326,11.240656895296913,2.1391025161256594,6.170363800258053,12.92449136215205,-3.561711756550536,7.911464318937185,5.259963233404013,0.5487220405924077,7.978556433502509,1.7685418033174105,-1.7858694505934813,2.0812584706106962,10.504650286569888,12.501052087667038,3.5236400876726424,23.725523941370906,3.7631440524544035,0.8636103771170791
25,1.1206279260163405,6.829069337066339,6.669620044681491,-5.144476457517975,-0.09359823319376731,4.880708974234912,-4.572222116042156,-7.672875351443583,1.2518582295398324,-1.4689112045631116,1.4498933886691017,4.437723271016564,8.97516865632972,4.150614986614305,13.850641215334134,17.85579237645986,21.227818147260315,0.047919741698673794,20.914417060662288,1.2649590701473004,9.74266526407125,18.067392276257884,-0.30826030093796397,5.156480570076679,9.629469856163677,-1.3167432227305003,8.451756219702716,2.4498289628904693,-2.2761436481865083,4.015127915356841,9.088599816877014,18.111276203272293,6.860175723932227,30.481461274380585,11.566901934998375,0.3585667038450436
26,-2.263520650717677,8.30673136790188,3.512187595270118,-0.8243322208219644,-5.129011579922268,9.430266489787977,1.081500147678414,-3.7528590103801416,5.310071560497186,-2.6314470117189446,3.030718832219742,4.975277468258021,12.03397283262136,5.488269808188993,14.595518908330373,20.53829737463776,19.856565278403615,2.609617371036082,27.40884850706373,0.6686623388407181,13.921516865187762,17.200196061207322,8.585722094895889,2.2245582792223715,11.506550923750108,-3.906091879825203,7.775563800821499,6.165042171672899,-2.062869861874045,6.676409263391884,7.715188571384975,20.3580803427161,6.856717114545861,32.65726970166576,14.67277499090652,-1.5890903113295838
27,-5.488687737863891,6.525475874087032,-2.0245005208618787,3.267228978020804,-6.973947901506813,13.998805501631328,6.427039740036945,0.4234211910135892,7.098401578713436,-2.0441204364962724,3.070186606475285,5.3251179365479215,15.844845424197159,7.935130619272893,10.608595726441363,16.379144036040014,12.783124612302196,2.9390168656804123,23.546286986798656,-0.14975689868537748,14.413820775187745,9.994288487397895,17.72593529461598,0.4543761817776427,8.615079728012182,-4.2621990557836025,5.4030868678676836,8.922472057597977,-1.4429352099494057,8.726424127208944,6.677896367043865,17.330534517156835,4.326766450794375,26.245551260150208,10.432852492040517,-4.2260245705137445
28,-5.980026831432265,1.2859358154997533,-5.976576761323578,4.464053729358985,-6.092314133534626,16.43033793386148,8.170486033875115,1.5632638846124922,4.127312127424746,-0.7980640670474695,-1.3880831428936549,4.979791738244952,16.046969022981976,7.501305210347078,2.3423726704655863,6.6223126917469255,2.0018477074953975,1.8015594531078727,8.468792496895304,-1.872170619818629,8.234327172746463,-0.17024672700434315,19.781914873998993,0.3202062820901676,1.7789764586760073,-1.7417749580071897,1.0355581519555073,7.917780277680378,-1.0494733829887546,8.588527921511202,5.010158314996836,9.952113456872045,1.803229453612347,11.623537920111296,1.6791412234306335,-5.526914058899393
29,-3.2210520572808323,-5.106056887884529,-5.658078599949272,2.7475450270029964,-4.326565934079034,15.797496499455704,6.031396073954446,-0.386887394043864,-1.997215903535181,-0.6910643820859947,-8.245889644233548,3.1245224208247904,10.082813741183099,1.9906692970163968,-6.047959639101612,-3.5983122222277584,-7.572395784514291,0.7371104636362621,-10.504973648762217,-4.565117899252444,-2.9696627368732376,-8.690568487559046,11.638207709948931,1.3502107195708217,-5.352183545122341,1.4528585648050114,-3.8847864489166106,3.8489022717944215,-1.7579475933191728,6.1723136757405435,1.4789785268355389,1.5033078321388789,1.0917863074918182,-5.762541043515108,-6.034404248607402,-3.7290849272085698
30,0.9801965015275138,-9.252676902985087,-1.8538274277685856,0.2392146605618146,-2.8833563093628203,12.465422958743815,2.188605777159029,-2.794757832069786,-6.878962299045251,-2.2891379369764913,-11.751257540011892,-0.52530344773312,0.21352869697979518,-6.36596081573136,-9.956353170987295,-9.16087523771792,-11.578320179514739,0.23153317582850552,-22.882822347082655,-7.000416230182259,-13.29997473590228,-12.81849964540832,-2.4564168202329655,2.6684899440377343,-8.870540334253896,2.522115556865322,-6.5686867383061625,-0.701896713704479,-3.8947392799416365,3.024688464038226,-4.154241586218075,-4.54846035947605,1.8652177538190569,-18.593485177779684,-9.194089580859456,0.8410833070472795
31,4.082456990164154,-9.33113892102728,1.9397911259106226,-0.818568332767,-1.728315037124011,7.32194658201568,-0.9463775036286335,-3.2635067214771194,-7.161322060896426,-4.138400903161691,-8.154391688959938,-4.988346102590463,-8.053703159093857,-12.488091168354968,-8.556052217069936,-8.81189390834497,-10.010300366245971,-0.3651966124164815,-23.034557077349447,-7.190033764559395,-17.0117608473009,-13.005320919107417,-14.03273301252297,3.562105259116815,-7.443486849416275,0.8723661626632117,-5.229878268527742,-4.390416928700039,-6.383035652491511,0.7441114856272327,-10.650370805847402,-6.904113960053239,2.4982392119281753,-22.74029603296397,-8.56801096030644,5.498915493526325
32,4.726562641104874,-6.63181292858659,2.6430345688547408,0.16554858930865113,-0.6899674744630346,1.3569574277011716,-2.4024478653255774,-1.9572070923690894,-3.2955150336635355,-3.975617306535037,0.07834386217350862,-8.287466109407191,-10.75097513107621,-12.702913585974246,-5.794046016676085,-5.575217993891969,-7.273823732016038,-1.3016092193369964,-14.423213453925385,-4.181217348535678,-13.341060352568723,-11.664755955946688,-17.28416108294409,3.6859857637663276,-3.153830636520775,-1.2960127786714204,-1.0455911700822869,-8.03419644370371,-7.062147724385164,-0.5163059421643919,-15.808257842550473,-7.150095730411763,2.0053792711423366,-20.11538960009205,-7.180956252375427,7.068835062031844
33,3.3970784557108975,-4.374879019677031,0.3544442337386462,1.899768561428907,-0.5416237407801102,-4.18119563800948,-2.578588938834716,-1.1361761020154368,1.2022748820635738,-0.8506549627197032,6.065137919722771,-8.750842057016431,-8.71182891391978,-7.538727838165906,-6.706704246754549,-3.487355656769811,-7.793305003521394,-1.4204736996670158,-6.266805532027264,0.501186413500382,-7.234680177605882,-10.657989346099143,-13.442501697005058,3.0298268424004924,0.2806729965059461,-1.1871490101425015,2.518618350734516,-12.546013297475113,-4.453786935125079,-1.7423600907228431,-17.458584206444876,-8.138027405252261,0.9643397525865205,-16.52247594570627,-6.629267806909522,4.441438871378801
34,1.5414041131734848,-4.74703349629227,-1.828143842366277,2.435518559448573,-2.435999957882628,-7.848196186581436,-2.1542216515054506,-2.542210797874295,3.03869288201843,3.8167907753769232,4.901827203984163,-6.282663846502499,-6.097265784837762,-0.6073213840017513,-12.24980907294215,-3.844162088267657,-11.261774201782382,0.7751031265575059,-5.509495827616478,3.59158241018957,-4.913514651814285,-9.819171800905345,-8.692986535782717,1.9000758951415821,0.42437572138650076,1.793644406813748,2.6346815094655875,-16.64686226692735,0.5089437582967232,-3.3678395018285636,-14.374344296601354,-11.22815606104476,0.585183708035216,-16.018725226120072,-5.774183929574733,-0.42294962765002736
35,0.18332984769830898,-6.905568099751765,-0.9118383196847779,0.7088675827396159,-6.151054455309498,-8.763986064463246,-1.4415827037728564,-5.353124735762878,1.7360474078022703,7.218068200714734,-1.5842927791634385,-2.4261381984973442,-5.851351072441559,4.826126911278282,-17.70157612586508,-4.485537597111294,-12.596420909677233,5.025050056680125,-11.170108717923261,2.8487755254823335,-8.102122031608406,-7.76089561715418,-7.853278567520332,0.8533047303861502,-2.1570668261574237,5.401095705981157,-0.47394775127877997,-17.327765318812155,4.765990758428768,-4.3247077270429966,-6.889462500810623,-14.731949150258181,1.1293359322815526,-16.90954146336536,-2.9724634314069944,-3.994606625516804
36,-0.7021094329503118,-7.848607035315767,2.824104112021777,-2.751688228577984,-9.274854266521881,-7.36073577160738,-0.6503640705225419,-6.771394415777557,-0.698116238977361,7.270697372300284,-6.534196078473208,0.8727250804706496,-6.874781494237939,7.9397404583133,-16.611599030543346,-2.597703240887851,-7.2058761983501665,8.73490561757769,-15.932974012530579,-0.6460017385531445,-12.350202880343613,-3.955949166599585,-10.015973147080869,0.3375416878534823,-4.659458384221914,6.653568810346175,-3.9604665782986856,-12.799243992688705,5.643601036193419,-3.184151442683473,2.872379901001648,-15.088076722865202,1.490552537295283,-13.512515198819491,1.007707027756438,-3.92036319022276
37,-1.6745820325248095,-5.2881037240125695,5.814219907838471,-6.283447536278744,-8.73179592665437,-5.0527723188302955,-0.22133465445771508,-4.671873295793728,-2.1949027796865117,4.040366560828929,-4.658099344798496,2.6585675052234103,-5.779180338188094,9.417656265959447,-6.9638596611971755,1.9036525463571354,3.4683266966318596,9.00234211950886,-13.241790473461151,-3.1858260193649603,-11.258291791896431,0.1781989256946408,-10.191429569709058,0.15162731980790897,-4.542757853561518,4.561943964082367,-5.1362234390511805,-4.749624662253321,3.3668701555960032,-0.2387585098646125,11.449184372298875,-10.006938523175766,0.37162559373038156,-2.4613785448731207,3.0056155658498103,-0.6993322749527133
38,-2.8725334089629504,0.25025874500314954,4.730001903310114,-8.206114633959167,-3.56509691081485,-2.92897713032304,-0.38860208951697056,0.2580460191381221,-2.4177354124127604,-0.5559365110737937,2.7153985891111043,3.268680236777481,-1.1616240739822388,9.310042176927839,6.164175837775883,5.797122701850473,12.013213675621213,5.391673220663654,-3.28446186805258,-1.8802240335819673,-2.787601498924956,2.4379868507385254,-4.931359562946826,-0.6834397133515806,-1.6852686140610247,0.8467144803429136,-3.8308812209538052,2.6209461299740537,0.9372757162366595,2.0002793642331143,15.396409116818436,-0.9481924018081354,-2.270874025870343,12.499626367599989,0.7086773575568686,2.99643911877457
39,-3.623248574685077,6.008912456278899,0.32697136548100686,-7.801319708933636,3.7245077211029676,-0.9018571772137467,-0.39616877661675826,4.914529949274598,-2.2753003235070075,-4.215513208690955,9.038787565669235,3.442520083213339,4.3437749755625825,6.640569534836983,14.169892394421051,5.333812047024162,11.299902403993267,0.5135882350863242,7.423239661290367,2.369090198330125,8.36418695109231,2.0986687446735344,3.9082183605155016,-3.193133365743014,1.5368201103137464,-1.8773416983229774,-2.114732402319811,5.916438913466979,1.207576255409085,0.9169601195929001,13.110684896458169,7.368201940643544,-5.057503637610649,22.44533133506775,-4.388323720620603,4.57152375424927
40,-3.001574843513722,9.46905997882084,-2.3945955427325503,-5.6133251749739355,8.873089936314797,1.5680589329223245,1.3490826098856574,6.313877274795455,-2.1580020764044354,-5.550995073756393,8.865081723855466,3.3404587774860617,6.566481368882315,1.2925879687679058,11.801372281142644,-0.3055931731146209,1.2300733479918267,-2.367549344593165,12.064935824092554,5.498546331512685,14.74754829795993,0.8510735235652145,10.947753742033122,-7.285151698151413,2.260440711464201,-2.4475156330332464,-1.8943233307527036,4.95959441394222,3.975312768196573,-3.3875114586280315,5.96012777454999,10.277821664907494,-6.366987242990611,20.831611197974002,-7.80841736316833,3.3560725742456863
41,-0.7983960334439667,10.194441097731493,1.4870039443580472,-2.984709750936956,9.277891644409724,3.9355836133567657,5.740978530475071,3.955216932357574,-1.1932874516564973,-4.454241873050223,2.7948846342612286,2.5608716582765383,4.245726327506864,-4.3303526895386835,1.42125457137519,-8.045519531533426,-10.565505388059787,-2.3042187027785244,9.360400053919578,4.244031445104248,12.848350949433385,1.2338362810563068,12.54587551525661,-11.297948513712202,-0.4195329632077898,-1.6821197830900854,-2.9451082823227863,2.1927787345282885,6.153459170643164,-7.60213788720418,-2.3050393428729503,6.702469392698639,-5.517135053264852,9.771937971212425,-6.232718220626821,0.7032578730461548
42,2.035287759437853,9.470560316528593,11.682880593805898,-1.1416867618658104,6.041079628224275,4.260278003556388,11.38018540901189,0.017792234615403777,1.5585107057526404,-1.7801107131704992,-3.6037849917703744,1.0456163615596539,0.6283150248381556,-6.426877870851634,-8.896115427114525,-13.14370157524031,-14.944486129040621,-1.145681630591957,4.029784433695735,-0.334027178737582,6.1470487628664285,4.02469297635312,10.080790297109253,-13.003433080352082,-4.565607882732031,-0.8308796067627109,-3.31517754160628,0.14163489753798564,4.9951436723373375,-7.949695178440639,-7.694821726302711,-0.005199682955839196,-2.810487391997357,-1.2085206362665917,-0.7704339835564701,-1.40197603921501
43,3.952878837682763,8.571812894879555,21.758321929951105,-0.4000642323980526,2.6957991354319515,1.0352546610698408,14.863469576349063,-2.541652080964069,5.421875186112462,1.056452222016393,-5.386312081497543,-0.3006216445747687,0.3448059040273787,-3.1488569561316044,-11.614021413826517,-12.509184831259201,-8.684936432205902,-1.1302666922613067,1.9876663890306134,-3.434737760193494,1.653050099024359,7.304043430758982,8.06472713363414,-11.429187126305639,-6.831203869410923,0.0811495209226803,-1.5318070601443856,-0.3070320839784583,1.0466049204067307,-3.7235149224193727,-8.224757117884499,-4.607186285208683,1.1933520132181596,-3.210069769499253,4.150705100322257,-1.8940514119303957
44,3.9772237028394426,7.7103617550158985,23.872626431134282,-0.06527111572878701,1.7993679143944565,-4.522820238252075,13.302818935136406,-2.1825901792973887,8.06273271113026,2.4673352841744007,-2.511625115056427,-0.18594662358566205,4.661149267031222,3.172065889348789,-5.075106611057204,-6.473064459100062,3.5155642312400195,-2.3349816142296302,5.075129277852117,-1.0008140650330757,3.274240897626293,8.292589221681867,9.281583608413229,-7.851105374949319,-5.125198060760693,2.0545924996995195,1.7160108618590297,0.49686992776637173,-2.380141159709619,1.8683598430789248,-4.686493431427041,-3.8556389954625345,5.9133554426382995,4.521718346038643,5.24249753416801,-1.2239113367941914
45,2.4902663203526516,6.574777293038004,15.330666992129112,0.8020766733252273,2.6444983599441394,-8.506845324623342,7.030439092188465,0.47564208173021977,7.42376431153745,1.373616411825832,1.2055577489794518,1.738220365679994,9.990290123589185,7.5085577709334235,6.0309788094339325,1.848554565590255,13.708758217339613,-2.8496293328246294,10.006701423197377,6.063763654961878,8.367567497248553,6.148002265363323,12.019035941179919,-4.848800062829135,-0.39258613148514104,5.305158624843675,4.090623431667989,2.231846407968171,-2.756746678936238,4.5261536873116786,0.410642821113674,1.323802282572819,10.081421310804329,14.51077002408553,3.526550755208852,-0.8316952148262335
46,0.9324099556923064,5.37287589725183,1.0777816638654591,2.29019841338907,2.303676014043847,-7.40449692035208,-0.17129056611839605,3.5896636855845547,3.7296717835932363,-1.8842916712164879,2.7606899243190277,4.19961620106989,11.268419167216944,6.227306512545566,14.719906006388518,8.519954250783336,17.141856249193754,-1.4445726397086163,11.89425917243471,12.137306551544034,10.649474210276896,2.789599575254382,12.072486959055674,-4.099093577083276,3.9878057679351495,8.049402109214238,3.760985308763932,4.829505253811272,-1.0721745481904672,2.717617559189699,4.644859149747965,6.836152218434275,11.361046510083336,18.233747899532318,2.8734863996505737,-2.025568739492066
47,0.6059359068773231,4.826746365245508,-10.2131104736912,3.216466800290711,-0.9876993841358593,-1.5787245830406949,-3.871339191891709,5.575734201742678,-0.5521548876957018,-5.214053122972955,2.983528786776017,5.161539656319181,6.865160811920555,-0.029769048398854782,16.62546309646295,10.645812882452596,14.737111327599505,0.40042551196351345,8.662015838282448,11.665214298939219,6.491719547583132,0.8454152786610077,7.2517426981001485,-4.913397735478926,4.841189330937911,7.607218333653042,1.1303719197000777,7.574327590514202,-0.6268769374915532,-1.091127835670296,6.8242585196787,8.563947964687737,7.638167507034176,13.614169303859983,5.505452994029133,-4.9127344379619675
48,1.5813796467014722,5.094025261548101,-12.966712119627973,2.0195678288535195,-5.440812728234699,4.520469746419361,-2.467370285519532,5.927060124825458,-2.8231940269470215,-5.811333734466105,4.825797376584034,3.5460624205214635,0.18743058735010576,-7.299057821838224,12.26579618940548,7.552992198236135,10.48936652954744,-0.3524920139081624,2.49904659816197,4.216240246381078,-1.4913196481612263,0.9385007461723016,-0.23878538121982495,-4.979196738907877,1.841825001093806,3.022813144995242,-1.3983258392129625,8.789879162700808,-3.053729050959061,-2.907086090469847,6.981639501999836,5.1942412269358735,-0.5004499807041518,5.994149315113924,9.36222381707357,-7.905685546446819
49,2.6819496963705336,5.15611513050235,-8.388129195388483,-1.5632255837625386,-6.837747080289588,6.163422228122244,1.7825651631063344,5.062199593958806,-2.4470791117649298,-2.2291834503412247,9.120043511901583,0.19842200498191678,-3.490953376098555,-11.882613954191305,5.804744618279593,1.2525028593990268,7.470680105785022,-4.969248667473392,-2.297181535740288,-4.8366018095794985,-6.844846594090364,1.3432090477067598,-5.76585881396824,-2.71609449690702,-2.017053877820774,-3.4654665146859323,-1.3176796655265652,7.201651781189199,-6.001612858504665,-0.8877243673314854,5.802503566352689,-1.1348565135683333,-8.635016716256434,2.3663653323844986,10.257240155521703,-8.236991656678063
50,2.615771850761102,3.794096924212514,-2.139524513969616,-5.5506556362521895,-2.405819476258998,2.7589751152055606,5.015846187321289,3.714637270995549,-0.8539625933127744,4.119298514815009,12.719404222709793,-2.8530996964902293,-1.7505423140769103,-12.946495666795848,1.8953649900397476,-4.186016312667301,6.320410983903067,-11.03488029417943,-2.6574808918699926,-8.690142828591016,-5.16061591372198,0.48046284731553524,-6.394594348206812,0.9639534895517388,-2.689553743114277,-7.885690951149683,2.055283399260774,3.7024331177983965,-5.373190009472322,3.2553121809448515,4.193918575969886,-6.459598636140629,-10.853158728200562,4.924128227087916,6.527115925234192,-3.603385560366572
51,1.2786099155034338,1.2447763675329637,1.1389052506764323,-6.7232114268200736,6.060318920229163,-1.5395860945691868,5.047302851871568,2.4366640529158166,0.1587948233497386,9.545910512914462,11.268408695977104,-4.124622891752088,3.1919616337637513,-11.923970628757866,2.8091936841302987,-4.792331009495015,6.384285746940544,-14.242204469077441,1.451320736992116,-4.684178836491643,2.134746870216058,-0.5706488794210006,-3.130911511578122,3.261188571189283,1.5804306828245824,-7.809609654606605,7.038155512009957,1.155343166419438,-0.014488306580757608,6.17681381410482,3.0259326863653806,-7.55461347620098,-4.522497838857222,9.863356108872258,1.0590965334250002,5.752777710861089
52,0.00785759486714188,-0.5479499095556687,1.051090409713132,-3.152854305749037,12.915735638871485,-1.9107441734902713,2.609822744009446,1.3939465424235986,-0.047690444150749516,10.629064452891447,3.816056042225385,-3.7319843297710222,6.943357783882898,-10.03350727898734,7.2629934750041185,0.3510172563243885,6.851196978165179,-12.225934331514397,7.4767919328747965,3.6985805156279583,9.315852285343773,1.29984769422789,0.5196510906122169,2.041977962669061,8.537827547715635,-4.3833700151619865,10.637829242008072,1.7599617703532686,6.30023633217325,5.9791640931246235,2.671744699684941,-3.8275334056542842,6.5675276359733274,11.628917971435857,-1.6619570488680382,16.061042329486536
53,0.4339426016929198,0.16680128233773367,-0.07618178579272056,3.79897746930317,12.979513380904587,2.254185698470291,-0.2564815979222862,0.3863075494158025,-1.0954652538104934,6.776339953043023,-5.562311377452344,-2.858879517535774,6.805264198050207,-6.960882812130208,11.324118218023559,7.6371877825990016,6.383444698489442,-6.529368232707588,11.944100140308848,9.847059242579402,11.326139619764017,7.616707778402737,1.8060627835137504,-1.9662457201249746,13.38964799616714,-1.1338590651142353,10.370268401746847,4.490341384191902,8.21393342164098,3.4986270559685573,2.451383498250222,2.423268029884416,14.200590505891917,7.741771396325559,-0.386490310561292,21.494541724725647
54,2.8530440624537214,2.7281671178584195,-0.862227235521589,10.005416120193443,5.893501466634322,6.576147512513764,-2.5666629672050476,-0.9172099591517935,-2.80725484113304,0.6822016190509407,-10.955372355422195,-2.3594221345015933,3.325879611835188,-1.9996614261549346,10.94089916044352,10.958389352246815,2.758953128542219,-0.742290482229116,12.157362390537651,9.195424360584239,7.4723252349970295,15.446811825037003,0.5995207550574322,-5.432895228570821,12.505268702701647,-0.6937701531818935,5.769973459292431,5.637717405144049,4.326965318954721,0.9763578054381117,0.7671180160678163,7.421981687448462,12.023222607009265,-0.14808429017358896,1.5025876737674888,17.793047894628682
55,5.591633872110016,4.18118784378986,-2.2542683749782797,11.576419085872416,-3.2977640598404165,5.95552058183417,-4.890826804297311,-2.551453007727253,-5.669622039308353,-3.7179599538141366,-9.6123550342662,-2.028751774710052,-1.3386942830925086,4.0888597503000375,4.807064693801257,6.455074805386213,-5.4216144985082195,3.0575721951163546,7.4991723165220145,2.2724141685330137,0.979334893883491,18.839837210518972,-1.396663240784285,-5.054353135276814,6.435016544193638,-2.6079166622794405,-1.166110238250421,2.4761844742663053,-0.9991843189511981,-0.11531826428004674,-3.5605728863453376,8.198118964020086,0.9708446020982704,-8.70642003295373,-0.2514027332773014,5.68082412651607
56,6.081994403685842,2.1394468296547324,-5.320541134446251,7.9736023977094765,-8.02522818652951,-0.2765061265351821,-7.703090035413601,-3.9229258086760432,-9.750657996352839,-4.101912070293816,-4.048188086751164,-1.239974466665667,-5.84520734451255,9.027768012212247,-4.313739061355591,-3.7919504218259634,-15.910897914244204,5.680910572713735,0.06326447944251859,-6.3672025933557626,-4.332519954260515,13.960573522412048,-2.6468826702662875,-0.3212815760349741,-0.3058318349779869,-4.241852509732149,-6.879679068884983,-3.4929821178012963,-1.9364592740122153,0.09682098456791469,-9.578775023927493,4.411769487419907,-11.19984102796535,-15.353284833990799,-5.798172203861937,-8.770303827159259
57,2.900231636300379,-2.3533898439942575,-8.55855011002978,2.4933158743138217,-5.346760986410842,-7.482128489534466,-9.832809236584877,-4.023936997262799,-13.380120664530871,-1.1664783784321375,0.48546043623770985,-0.0976189593879544,-10.173298032916321,11.050359151041022,-11.112748771297689,-12.789479945434676,-22.543560721436325,8.698517404040512,-6.043854202542986,-11.816052180771925,-6.779277999790347,3.181783447764358,-2.857630031449454,5.98624006628382,-2.705435317389819,-3.678393153511748,-8.208150131361824,-7.347340063172943,2.5738295444420407,0.7623316122561085,-13.908777964358427,-1.4933494448053592,-16.26863798924855,-18.53239175251552,-10.466585066853737,-17.68580917679534
58,-2.895211109701468,-5.2327698210672455,-8.48481575323611,-0.4678421665211113,1.9671342619219605,-10.057714091879982,-9.184694150880892,-2.2725729662544873,-13.556358788694654,2.2920273127300397,0.5234823920288865,0.32069773090128995,-14.156219279279513,10.662037524641777,-11.4349091393607,-14.106540818603671,-19.510869444633016,11.520939884137134,-7.090029092923719,-11.959306266234845,-6.909372081409912,-6.189198044337789,-2.5523401523122984,10.030320603020337,0.7237364540294725,-1.5679436827800712,-4.42499180472627,-5.297645298802123,7.301897606375266,1.4389134025847425,-12.848824478229698,-6.034468246965992,-12.307066858879157,-17.107320216237284,-9.385210087104719,-16.557250091007777
59,-8.307444386032163,-3.2568642630869027,-3.4049893556808937,0.9166845606297863,8.10337960081441,-6.716588162646001,-5.23119921222025,0.6621908083253977,-8.322104583741451,3.577313238868908,-3.2096578852862727,-0.9553686769641175,-16.317772094692504,9.965564889567238,-5.448223148073469,-7.181300306806759,-7.077289503447863,11.363251273026119,-2.6190467716327737,-8.099630300753883,-5.8740818366712455,-7.934121232859942,-2.221779405082367,9.989374378506017,6.669743082733179,-0.1304423681327275,2.0103198241214364,1.3583663616861616,5.9909636390452485,2.1495920529170913,-5.573453704617461,-7.125908154005907,-4.726146834237235,-11.094946720162216,-2.7135796461786543,-7.175804567276215
60,-10.498832438673292,2.3095996416344935,3.7778097275568516,4.490241549452957,9.174808347274606,-1.5143808771152885,-0.4864418126490651,2.9604125241844024,0.9743512552611682,1.7804930307427231,-7.158833219080555,-3.491712227159617,-14.783840837527295,10.178047044544805,2.408734320377817,2.436768948423619,7.197159118798314,6.4674787320652785,3.5996869802474976,-3.35176565490511,-4.2600067641053885,-2.3295939851894367,-2.0857993145378266,7.3970145935914955,9.637129632794128,-0.5498150988500945,6.840517685121419,7.0145203921259665,-1.749274653439619,2.6335178377220827,4.414277762782817,-5.283949744792617,-0.6928926049446573,-3.256988583018585,4.13418939405558,3.950657791020919
61,-8.831288034818611,6.119606893889758,7.35791206116579,6.161710993976009,6.091266763149475,0.29770774014142093,1.092779481289338,2.8875164930157515,9.940826985148751,-2.016877213302924,-8.171887991379718,-5.40461709548016,-9.411714450665274,10.170959737836098,6.8445194962681555,8.242159254696904,14.155269871560895,-0.9975479590345402,6.099175306379187,-0.4372933312338226,-2.30021910643091,4.157072900205242,-2.2896205162515444,5.663717700814714,6.393585692254865,-1.6518358463535503,6.898115780584666,6.822508543729782,-9.24413260148496,2.0891630497513987,11.352258816589506,-2.576659876473096,-2.2279863467021865,1.403810014530104,5.742975070350329,10.415835083747396
62,-5.254430680858846,3.4038957320913976,4.053857060111299,3.524729242206228,2.964268816977131,-2.6130741047007695,-2.3509354202114805,0.23361653576091845,14.098535027430982,-5.694733600987464,-5.581805746166074,-4.814108167375837,-2.636255084251871,7.8294340756018554,5.662857454650256,8.458877636461843,11.024060516941304,-6.006348928018492,2.201191268405136,-0.28401834137585696,-0.522710562132451,4.707406053737718,-2.7849946910021255,7.060043766790507,-1.3863647105742474,-1.3039143656437495,2.457294821587144,1.2203709312847681,-9.02087372906354,-0.009360147982227559,11.499491087332064,-0.30341429643485013,-4.577890219737072,-0.43451656857315374,2.071199300337811,10.162079455901166
63,-2.739881135979477,-5.357827410405996,-3.5016682938653596,-2.1703080276445466,2.8054872136943194,-6.595008833675968,-8.518765841211591,-3.382357768030191,12.099296586854118,-7.312365081845497,-0.8984664058198735,-1.487392318492033,2.234859373496503,2.8001801214580024,0.897956654733541,6.8080043366977145,3.8608230668671277,-5.188480332797887,-5.403037136610673,-1.8887805324427935,0.3524048351207558,-1.8562413638039512,-2.909427240186808,10.68620904185334,-8.467312479505734,1.0071623781505896,-2.9051560723051733,-4.526194301186775,-0.49077604011613496,-2.9328999379839824,6.054386502245859,2.301858410543325,-1.3962017240725002,-6.267366321719423,-1.674697379220505,6.01370570915086
64,-2.9745246257100786,-14.363939895161561,-8.834471280477485,-7.268514122281756,4.684139059514416,-6.83667406318139,-12.649479218891688,-5.7573036733938725,6.445909823690142,-6.019019598863562,3.783837683346807,2.9003823618499602,3.7849508298903096,-2.5624677161781158,-3.584803114132005,7.781361404730349,1.485157314611941,-0.26733932446460335,-10.696371129885012,-3.204207208843864,0.13735973105138663,-10.382648787328176,-1.545103674640461,13.10796268862121,-10.272432308415977,3.289039540009535,-5.052517780844046,-5.3381273357235655,8.885265303813682,-4.865109478940769,0.07059095830333476,6.90201825694162,8.339840779499132,-8.505328418040762,-0.5885580036104942,2.5354138661404044
65,-5.078239311977309,-17.382426939448532,-7.526884993120116,-8.794025170559786,4.95772968019758,-2.1136873960494995,-11.602717296657513,-5.843030550802241,1.2562411451066027,-2.4968081055855262,6.980858833205943,6.145008613868636,3.563589863327085,-5.383272434983935,-5.501832367206107,11.399132546113462,6.498196555035455,3.3843849179696064,-9.582159572718094,-2.5172372624582176,-0.5800767124307399,-14.371589424658795,1.7305827791593513,11.15362485224495,-6.482150012741283,2.955948837253512,-2.5434450811269333,-0.9884519333742103,10.52617154863416,-4.314397461332229,-1.7697750065399676,13.444980520983131,18.495771848425573,-1.1513381685529436,4.734798099313464,2.135068715835104
66,-6.31907220640961,-13.16545592947882,-1.1946409250400505,-6.510034272865373,1.1972270985038913,4.171786368501429,-6.530828991714789,-4.392691279400368,-0.7897212894595399,1.2329188597445586,8.074320374702921,7.228156834232564,4.351949886399872,-5.346283021021862,-5.4081960916519165,12.969514185600744,12.447786316579702,1.936792525709892,-3.6264187313464222,0.39541769757562756,-1.140266052922424,-11.7403183129369,5.538709014045949,4.625191593580708,-1.082387033308267,-0.357891457421439,2.2687230621065413,4.032795049098073,3.0566107673304423,-1.4389315011854074,1.168561608207469,18.860219918951696,20.97330566328399,13.185916000482987,8.773914237411654,3.5509616200413023
67,-4.299124277367884,-6.354359243065119,4.347301494710299,-2.3957905745019716,-5.150524878988461,7.392450710948633,-1.6258629943643297,-2.9577518482597505,0.21770453331421832,2.857687412019895,7.1671199981047184,6.817107549127267,7.296660085113681,-5.14978594196086,-5.117749951323685,8.199178739469879,10.391897685673772,-3.132860627101392,1.3422010331129541,4.083572498845811,-1.5814810352666038,-6.111356019973755,7.205896630579112,-3.254026569274007,1.058343296148339,-4.041152674324659,5.229282776920163,5.065486824025913,-6.312323264929713,2.0347466505303675,5.478619011080995,18.879329266596812,13.085973198316536,23.47048651442236,6.820397795463095,3.545321468187838
68,1.0130342932379977,-3.111412524568791,4.7393163593904095,1.4503951133513937,-9.995713394819473,5.956451133501773,-0.20627713370688108,-2.294015124440193,2.4076882574935348,1.3810400670888472,4.967469402113739,6.247617550498369,10.673014042328814,-7.484911899177396,-5.497373035975865,-1.6467873563571853,-1.4861856133353955,-6.596779658174028,0.6409458901200976,6.470344492367336,-2.3839398914453933,-2.926732965878078,5.000556758471897,-8.04309751914472,-1.8636136876077067,-4.721168244371609,3.783753813529501,1.5943337895964482,-8.824095027483239,4.178114468954047,7.08379764003413,11.79360053825135,0.15524794556656663,19.09737713783219,-0.09104497457037167,-0.00820211792478756
69,6.9489205747234575,-5.660852529564682,0.790496078072762,4.230297274735509,-10.474462591263713,2.356604518939038,-1.9042386449113184,-1.7901396345803324,3.948952526614374,-1.8355018880066214,2.497641618154487,6.119840044148114,11.384067419232155,-11.599662374476997,-6.0814317324940035,-10.08893162802774,-15.072104351861137,-4.805437840977493,-4.921898891122973,6.424499283943858,-3.4178828463262443,-4.52357647370319,0.111900586558848,-7.251338832232417,-7.367410229176891,-1.3314797257890507,-1.0856923171300061,-2.7680276194397284,-2.6574264834729995,4.145680512700762,4.6731507741675085,0.7235038148201242,-9.067876259891355,0.0965612889552603,-6.116002189869783,-6.2543937065163435
70,9.851497364287473,-10.742830493012253,-3.256944333716315,6.074980992443708,-7.605573379263586,0.39813851215401475,-3.486289778534247,-0.4335765759555661,3.98729407787323,-3.7865910238149216,0.4577933501984392,5.848804904490101,7.69394611027947,-13.368083843011028,-6.48979279277276,-11.28882671375664,-19.614410706548668,0.6913721366804473,-9.943108973454455,4.542808679749771,-3.541565187123357,-8.771493554115295,-3.8886973882208067,-2.057507193210174,-11.024259577600324,3.9638899218062966,-5.940547308143304,-4.197795069947535,5.551246731256952,2.3001032397150993,0.17322757536051225,-8.107836840104083,-9.798952282691488,-21.212607237757467,-6.316207850161864,-11.98301364815965
71,7.67714213230172,-13.045784340829265,-4.621022152657411,6.852080583572388,-5.15935792089725,1.6414130586294495,-2.230563539631513,1.7936579014877885,2.4465822607887033,-2.1839595169437174,-1.2411085698677569,4.428844434722346,0.7108115385077438,-9.357450319796193,-7.440035655410314,-5.7035064843236185,-12.155328921821653,4.934218290204904,-9.711816708348236,2.3941701188379403,-1.7187363830756168,-11.937370239471903,-4.073803123162717,3.660775814433487,-10.190886923549126,7.80058165016223,-7.892434217491928,-2.3020508058217106,7.491195137403449,-0.5380627306140199,-3.678989183993972,-10.083571878318883,-4.655234876944094,-29.793901168570226,-1.250206500900035,-14.000214961110329
72,1.5954328057717304,-10.01377532296643,-4.593185855417835,5.858549830370715,-5.966382152267864,4.394433640323731,1.5476191737213914,3.644088317849198,-0.33645249629507257,2.368508166196395,-3.0927167688401376,1.5059161658246754,-6.480307567484525,-1.0445806767259325,-9.793439740885278,0.1614619747412448,-0.6831657704041929,4.785182186535427,-4.764334092334825,0.9313564726284572,1.3851658707978773,-12.347185218820767,-0.9549387888032563,6.129131111563469,-5.975995049184682,8.467928763402968,-6.85010638437709,-0.018605906896445215,1.3370933277266366,-3.628750646905023,-5.888145798931316,-5.949339234479228,-0.393128968015009,-20.70847237475064,4.023511043616703,-11.382132262599711
73,-4.6797646940970905,-3.539620888476469,-6.20021274074798,2.8295293261810226,-9.359143124551188,5.709124135727785,5.090509835554629,3.80920615366527,-3.4934536693047504,6.523706070926725,-4.99955262091695,-2.2564175810132707,-10.9868585321368,5.33643459665532,-12.753697293145317,-0.20600540540656265,3.33568624178974,2.044725183929716,-0.29905689621762355,-0.29294181234982547,3.33975758479566,-11.154408221342125,1.8139058315024084,4.124367225002878,-1.9738403832425877,6.806671923976772,-5.142919248773013,-0.3543760375100739,-6.774485770536929,-6.162358748669527,-7.396786037984551,-1.2269626636894382,-1.537237241560099,-3.4958895469198423,5.06402678027445,-6.085703852529428
74,-7.446110659716081,2.5173050858536543,-9.795449494707341,-1.0381148199037629,-12.118221636937589,4.023981904496952,5.973224554743085,2.3613618992421093,-5.5246217433287175,6.93315607856731,-5.8852806967131945,-5.662248942316795,-11.689029905260826,3.839294900699538,-13.74935193937652,-7.315676262184065,-4.160524353689077,1.2039048337206548,-1.0501575193234853,-2.190544988427843,2.022847719946686,-9.937039679410507,0.8143339874793072,-0.6480656521660941,-1.0792214164928513,4.594600018189878,-5.060737356011357,-3.544670255759693,-9.079343174185071,-7.068682349458033,-9.17830352468074,-1.605238335473197,-6.948594975228212,6.192521990561972,1.8163885814802987,-1.6060925934995924
75,-5.584725345579946,6.013654421349721,-11.733836328496738,-3.5292002193781795,-11.666093311139516,0.035159146907378216,4.187845521929617,0.9004048851071572,-5.017309046521479,3.3075694076868953,-4.709991907586857,-7.674259233231447,-9.273183801116383,-5.59615724062433,-10.757768753231788,-15.399270435985255,-16.093545661897075,4.327007092687548,-6.572597849125764,-4.412983427242357,-2.0455550362869186,-8.150604321032155,-3.7998380162278,-5.196649941862846,-3.149507452030571,2.5045326923837465,-6.6407314215083515,-7.2730669264814685,-3.734148007874586,-5.5650034571180536,-10.64963638204701,-8.184914810316902,-11.94575525059992,0.30756763642539786,-2.46918322723739,-0.5915362907915699
76,-1.1669314975033,7.748364623712034,-7.860957033171946,-3.196952648917023,-8.139991783365911,-4.410608418133794,1.7633622021091229,1.1819636925142638,-1.9153751840396804,-1.1330085872691504,-1.9995220294412301,-7.736840350287301,-5.214991410167849,-16.235824755259923,-4.751999955092158,-17.84081432466604,-21.060852204354443,8.61910731512673,-11.382681531109371,-4.852171238587827,-5.70516301052911,-3.3596057764121463,-8.254420579392082,-7.349532837846449,-5.322611755254317,-0.05479157944114841,-7.674211192191864,-9.149067029052851,3.7856809861805973,-2.135286839792923,-10.218546397831975,-16.608656784861672,-13.096493302559367,-14.867870799132756,-5.242972158351723,-2.9686195819961783
77,2.3827955706748276,9.527565239643565,1.791548233859393,-0.7605681382879919,-3.4981616139411926,-7.7698792523267315,0.7900361090290303,3.5422909980525774,2.0137959746073704,-2.520427787790493,0.004158035833008436,-5.794390602379429,-0.7880142318959139,-19.498178274047618,0.7237916771246462,-12.854319165555799,-13.796138763427734,9.338154711285416,-9.703097889617998,-1.3643767225499055,-5.909275699634941,5.931685708007034,-8.51795328940664,-6.736439723445445,-4.481444699651733,-3.2483974257294013,-5.841384932816941,-8.562687358077692,6.2851565583628055,1.2943540908852402,-7.235311591579598,-20.71688727517517,-10.753402981222893,-24.76465664997849,-6.839443443989267,-5.911378238882337
78,3.0549987238280627,11.606854993469861,12.153802259844177,1.4054241010120936,0.8423686866857567,-9.244780887754596,2.014343818231505,6.610186977045877,4.408861734429184,-0.002694765828093704,-0.7376974675120139,-2.3758912627794304,3.29923178711716,-11.664447436983489,2.9218428524173037,-4.182042055820324,0.7391540663582938,4.95328556609397,-0.3805166215312724,5.6244586207428755,-2.6679765305348804,17.768104788600183,-3.916708965158584,-4.3179081535460995,0.26896361428864146,-5.557891783665638,-1.0068795152616745,-6.296238001512021,1.4912731428535617,2.6482870593971137,-3.0058047674140154,-17.508999114133875,-7.420199627778968,-19.44632085823283,-8.73072247845786,-5.883254939196061
79,1.6490574390912542,12.314699966080335,17.17626566789588,1.320116540607141,4.909243613785627,-8.423868212197926,5.005990943130182,8.479636445717544,4.3574269499097555,3.316108007820285,-3.79596285917321,1.260447760777814,6.730613627375996,3.2880861680118407,2.7793951308240694,3.117141672543117,12.81470990454664,-1.0083892883694903,12.226839224902951,12.294035386066048,0.8795852125907431,27.16176069999228,2.326616941057906,-1.3638525197700577,6.968459606170654,-4.826901012841536,4.366813938076398,-3.040294344023782,-6.555396862176,1.4860510994889298,0.4047312265147968,-9.25517075858554,-4.513115498484398,-1.684389635312314,-10.52474668682838,-1.4651626348495483
80,0.6733477954961815,10.030196535344027,14.7878852488321,-0.9671652000777575,8.716112463449946,-5.1629705550719285,8.944924334482272,8.126162822149238,3.2274064255726276,3.2629312042679106,-6.253205211795106,3.3954259193673426,9.226099425432633,16.91625487804413,3.9460741068635667,7.029644935258797,16.72177259897699,-3.493783646092123,21.61205158489091,13.762477208765185,1.5229615532622045,29.24145786405294,5.9327961911960525,1.1189343564364376,12.219845747461124,-0.7786852242995281,7.045736442719187,1.0430254753755064,-11.86308456257898,-0.5407913558337153,2.3132214740831025,-1.2513265798286515,-1.2977936933843457,16.400667901245914,-9.752496462087242,5.189402159683558
81,1.8354941740327952,5.175734332629612,7.970120937240367,-3.691368518435225,10.622606622929476,-0.043001863421226035,12.69345678541125,5.797983135495867,3.248914493589985,-1.2939339711958049,-5.4283274290513015,2.78664582329137,10.281012416037978,22.650286156161478,8.57400459902627,8.913578898322825,14.22827651671001,-1.1607712951241707,23.379509655796753,8.007949878974836,-0.8747088370882735,22.51284872679686,4.978692998995586,2.38669782428413,13.377319880894252,3.825037357150292,5.533423308815275,5.292045637052887,-11.643793117635104,-1.24423222593507,4.068716169315941,2.569077790999899,3.171965612440693,24.0819560465764,-4.959480511898897,9.688681081849701
82,4.45278876776598,0.06607728193000871,1.3456355232973487,-5.20007527604395,8.15749820641109,5.349257042213362,14.301084897804017,2.3212210335293593,5.105110555279012,-7.068200809006789,-1.7460595417995841,-0.28630651989761663,9.233636970878864,20.029073840501358,14.30763889453849,10.352214281200146,10.39504018000194,2.2292256355285645,17.10238521074762,-2.021947734209956,-3.415264586404878,9.729977388771212,0.8930925282896781,1.9776467097048858,9.979882903549136,5.138571664995077,1.1849797878946577,7.791005722722229,-7.517093859156784,-0.05352203867265156,7.308421979145128,2.394682749193542,7.84335454629392,20.08733261361414,1.616825974717432,8.78624908067286
83,6.2157407141461665,-3.1265018278238723,-2.8256342204249636,-5.392778743894732,1.0305438625569245,9.065202205765004,11.392789307905703,-1.6659645614575367,6.971535632196738,-9.179856288189791,1.4578786425444545,-3.900110543838569,5.813823982084892,13.862074612354746,16.106895502428618,10.684027262716269,7.391594214098794,1.7989592603882965,5.385897801846874,-10.278314150109583,-3.375866246466734,-3.9468081277243945,-3.34489172453783,0.08923585317572769,3.7502505324628888,1.808755243311123,-2.9190821161075515,6.492599126027555,-2.7957460247740453,1.43953922573401,11.561935792772138,1.6046585474087267,10.10892153759392,11.529466190508433,5.402238569469477,3.161978078131773
84,5.497620384303891,-4.09594167814571,-5.285079272882062,-5.408055874766136,-7.014256840457722,10.016378864950063,3.11936880754573,-5.7176507425551515,6.105550489787545,-5.613311249990852,1.395820434300267,-5.701988156960935,0.9128214838553448,9.68854964266018,11.49780050543498,8.076977232281042,3.1882754336206283,-3.218860052525997,-7.9136024567545675,-12.202749078371086,-1.1730919151890034,-13.830552666162959,-5.657786666130533,-2.1537278410123317,-2.513770964680886,-3.3422716746524888,-4.319208462979188,1.4656455468158334,0.42840807352747234,1.2061459380867225,13.856166587800395,3.3111386517138808,8.60371568981482,6.152184078888017,3.971913220931073,-2.8619563336275062
85,2.9423905580627676,-4.125521825284374,-7.1780002412139154,-6.0884915772749455,-10.32075035572052,8.632848102219251,-7.85984728067201,-9.082044678074974,1.502469188096572,0.9004153507400532,-0.936432882231109,-4.611802709345915,-3.2351150920196456,9.532371772187096,3.8079616926154314,2.6258607664886786,-4.13663955124057,-8.509061956892209,-18.743239013516174,-8.245000211559997,0.16864748055837592,-17.699538209000412,-5.797604419747177,-3.2453613234113674,-6.3701378657501575,-5.5183731579050725,-2.802623583345997,-4.262634182462887,1.6944132883633887,-0.9470925084790405,11.08561866076625,7.48075045189079,5.135509296339386,5.8152464993146005,-0.10976779765012312,-4.663036463211994
86,0.8041099759997153,-4.319356916510329,-7.840109124475596,-6.957612627623033,-6.165184743550359,6.32446910167227,-15.883380646000104,-10.619881202979963,-4.998909033074671,5.367011623476081,-1.4577745637115167,-1.5506300926208496,-4.179537098018491,11.07432792016438,-0.4533504734233934,-2.4984650624041653,-12.119039731366295,-9.03436883858272,-23.513318107444412,-3.255335967151486,-1.422155719326467,-16.138841752495086,-4.5903144500085284,-2.55524763769033,-6.792584097354996,-2.25889998066182,-0.09989961662462779,-6.718392120332134,1.0127352947483257,-2.9688008944599,3.088071566455218,10.971919294674786,3.2663467125016816,6.694879461307915,-1.5415795980667581,-0.994961962407949
87,0.7394186614499408,-4.323392757955863,-5.679728848175431,-6.746484771979098,2.3195203519901453,4.3315659493816145,-15.91793721549365,-9.519348555681656,-10.22702740893072,5.006260798293717,2.6174792416241703,1.4685554789683344,-1.2832537296475197,10.293230718495895,2.1034723450334702,-3.6250188253363786,-15.028290702676287,-4.253387839210276,-20.38762603456877,-2.2044762774389617,-4.3061031504553196,-11.635040597039826,-2.92573488245205,-1.1666300867741206,-4.449166052632642,4.1664494008434065,1.876367627814108,-4.300676313285925,-1.3793414198622411,-2.5629231303322073,-6.524850009655466,10.26941230832314,4.721492311480094,4.673987016385915,2.2986254783309237,5.144459118648451
88,2.27071044396381,-2.826079317501613,-0.8726683310708221,-4.778152743772584,8.509032254012263,3.0648758793819924,-7.6865178316223375,-6.122520289858993,-12.24232415581236,1.5061419603167747,9.157694950395701,3.032653741386472,3.054025904864681,5.077305496955405,8.137914638130033,-0.34078752082221364,-9.472627257814212,1.1881785812426586,-10.84343581540244,-5.87527593301267,-4.342311066024157,-7.154556729355637,-1.524237112123139,-1.211504992933906,-1.0929396068867372,8.641878280408529,2.617998780036459,0.7898728762354169,-3.9821959480035063,0.39963902548259617,-12.749293528801324,4.557580357151372,7.378436778272901,-0.08811929517862749,8.337769586212781,9.161512754553435
89,3.428226174083443,0.8092772863349136,3.7366121798297582,-1.6714006416043456,8.170038019820135,2.3237873607752273,3.545098836628758,-1.8893159576216523,-11.447470669843712,-0.9300393900092767,12.431991383585395,3.224304566577989,4.610691785812378,-2.998048335313797,10.676498071271546,3.6993812918663025,1.5878426907013874,2.02965277068469,0.3474392969997562,-10.210623098879445,0.919319495862844,-4.733128003624021,-1.068929789017658,-3.964198961549876,1.633582444823518,7.681788810661861,3.114488681360167,4.546917311239,-3.9330694334847585,3.5925237439116655,-12.80898227497023,-3.3475504718264757,7.1802922423396796,-3.6465840072047953,10.541396580940606,8.61911911593408
90,2.860103745165528,5.530069356670185,5.072699085182073,1.296785329981726,3.2543528311106624,1.7982982658610052,10.785982248734454,1.5906690529414587,-9.410881818557272,0.32525048024800357,8.618443600985469,2.986530458440586,0.6724648609453318,-9.839298695934062,6.091921684693317,4.067290044256619,10.930000962043295,-2.394971018799638,7.809163989309146,-9.845428447334134,9.335490150111061,-4.519694029391572,-1.8267934665996202,-8.340726200415164,3.235551273564295,2.3363740286048578,4.563840921436038,4.716037637725169,0.6691706065012484,4.482997553689139,-7.948751474521598,-8.895626637096308,2.288189504827772,-2.6190906057552414,5.842843784969681,4.803871516062289
91,1.219072937965393,9.202613074560555,3.105607206077904,3.319845646011586,-0.2706110428790657,1.1896884599510504,10.7392581433666,3.5679764191487005,-6.994104564189911,4.0499706937342275,0.0895162671899461,2.786930179109379,-7.133141151496342,-11.873076961964976,-2.1178088247471925,-0.23932988059764004,13.31192028780981,-7.522781086819513,9.322380818882767,-2.76895547886284,15.688243063128724,-4.789297740070188,-2.9359198766095296,-11.350052689411202,4.435248268502099,-3.092957219299005,7.027848052811258,2.4666257707440122,7.980201204212344,2.8985440594961447,-2.037457529379397,-9.01668606242355,-4.654733777046204,2.3416831529870326,-2.6751550496840966,0.9877031390764275
92,0.3979309852025947,10.20472336119535,1.170495486685208,4.409996364341707,1.470323742652426,0.07607292155830228,6.028946372319241,4.132548702614648,-3.917186675336668,6.668163471836216,-6.2129470091693255,2.0831137378605042,-13.317317204816002,-8.656345355875638,-6.796655279641249,-5.929335180898102,9.62195289241416,-8.043895570599304,7.338261310467306,7.837850195716839,16.262762848211793,-3.1627001543434297,-2.5517123712568868,-10.342473371904724,6.114586667138703,-5.12846440928323,9.28152548293678,0.6693147737152723,12.864125768749082,1.2766007172818086,1.6054132130681251,-4.195664436841498,-8.530652752944402,7.289840652018177,-8.5498683270143,-0.6660445965066248
93,1.4099191013647585,8.526720542688759,2.6268812515297713,4.762278890902443,6.352196099806805,-1.8673903914738674,2.1785256509878197,3.42099637158063,-0.055074467342727036,5.7378736454613355,-5.185695143074406,0.16885896737934375,-12.550515468403393,-3.1678394395667984,-4.435794161290539,-8.705043706358696,5.02359317060636,-2.975086414844406,6.505285538580953,16.051109154613652,11.956532806158066,1.5359371632945782,0.6024090635533236,-5.176698425290536,7.999390201909201,-4.042589614585954,9.887962372935547,0.7359743252092478,11.38319552188017,2.242661935334303,2.43828469925389,2.103898760615563,-6.21906611627462,8.899241262552689,-7.85369179200153,-0.5981661032657234
94,3.117062430600731,5.542606402416618,7.25252873131207,4.156861266311334,8.582173707533856,-4.242806017398834,2.1836159198868033,1.162371425452281,3.332815313825802,1.942424899461318,1.4598145342755073,-2.559037760812409,-4.145931465285165,0.41090969285186457,1.2333888259469246,-7.283233132897591,3.4445189164609324,3.5811534282960453,9.200932772290816,17.744181046680527,6.907455548339961,8.073966807248642,5.550282933274094,1.59239939657249,8.410359811113805,-3.0337347071997973,8.385434750999723,1.3577790430613927,5.2611071953968125,5.844836748984395,2.386042042046177,6.114739135820038,0.6708448270373807,7.5377240010670254,-2.4214740419874388,-0.6714010448480139
95,3.1624032137345295,2.87649983775859,11.250885471397517,2.32411249742216,4.9282616875609575,-5.7268752163770245,3.870871983012375,-2.7017596929657217,4.197853053558846,-2.075974932738713,6.782275940690722,-4.396497286552069,6.896811482857685,-0.24531157101903642,3.2180840032441274,-4.116590709634582,4.211192972806035,6.44968268336082,13.227033557940503,13.375426906712201,4.25069019502523,13.340144234652422,9.268262235228,6.638056596931146,5.619757730285732,-4.772874653339386,5.492890721681166,0.35887931500162396,1.156401321596029,9.162017952726812,3.6579588700313956,6.404231245420417,7.274778632485137,6.517428699804812,2.492301807111623,-1.9130556595568755
96,0.2335791377996912,1.4078904198748725,10.967480671649076,-0.12227098552548156,-1.6295229214794782,-4.997857822447407,2.6000323587534377,-6.978198931533463,1.7381222634291162,-4.433017472033294,5.409113450926178,-3.6122851099590867,13.4415626246102,-4.048967267785754,-1.207483608275652,-2.3533455264203402,3.8771214357444217,4.022735636757345,13.969949041094099,6.876124540153815,3.4726560480740605,14.453968014035906,9.18051200496907,8.17782118369122,-0.19141907959568258,-8.813827120527929,2.3190633155766647,-2.460435745667438,4.4003282006906,8.731157806454872,6.707377214821017,4.4664666892922655,9.608089169677424,8.284850874725652,3.366768540168295,-3.557558052393855
97,-4.555802451104534,1.0463672166652218,6.461949193355989,-1.5198924748265012,-4.759479939329381,-2.211219612432986,-3.3560579236672847,-9.219588266951698,-2.3390003662480385,-5.346561521899943,-1.1599003332001823,-0.08395055240514326,11.524949494369176,-7.63507693884324,-7.315105029514858,-2.4776088339941844,0.651005495567711,-0.8492605594956145,9.032995399163694,1.9398003403021364,1.9331267199345998,10.959637539727348,5.779639563998398,6.781340414164018,-6.253564584011934,-12.192109014002645,-0.46803331755253735,-4.658488767487662,13.026637217524101,3.5747021363706004,9.86686126188356,2.982447711788878,7.5179179891639825,11.250844714592914,1.1655805402872514,-4.077913248835474
98,-8.503141159913978,1.123612948826381,1.2814103456176058,-0.4123918493183292,-1.3355164868491036,0.5689257739149794,-10.172788205195447,-7.343942532733995,-4.938134659309776,-5.985636562717204,-6.094942760710814,4.276557210756808,3.0511808517027874,-8.187728560700709,-7.628519237041473,-2.2141037011633116,-3.580935843136846,-4.084841412397063,0.8510439879432017,-0.849061382668359,-1.4419023598335228,5.3524148163138605,2.5758907320548077,4.311848760867606,-8.83156564786118,-12.26385842567804,-2.694409577213988,-3.502404364396115,18.58449584812078,-3.8878268672495473,10.66716599950985,3.3663927176777197,4.066964713286381,10.508533031356578,-0.5722882844963852,-2.7760757852573783
99,-9.547293727039074,0.9006849576015862,-1.1307947972779904,2.8087508374330947,5.109520186575091,0.8676183248052791,-11.482190353529793,-1.6600422834863469,-4.205770376993685,-6.492634848672516,-4.117189986365182,6.763472458537744,-6.14045712290978,-5.552747892025782,0.1225286667444268,0.3716345289532019,-5.560739958772854,-4.14221808800892,-5.312545771805608,-3.609913397808464,-4.5945729753192595,1.3645933221797555,2.9709240131232204,2.2819550359735685,-6.124535234606996,-8.842092263455294,-4.162864127937628,1.056109750757412,13.841492567743574,-9.743317452924591,7.667277090403498,4.703657298671956,2.4132702139073183,2.2612930696685702,0.3008017092182928,-0.2146918711499596
100,-7.801913940784883,-0.1012607596966685,-0.48912710255506087,5.690087599413736,7.794165830641073,-1.889890887907573,-4.4447029494509405,4.733995581159786,-1.093878995399086,-5.6083524738039285,3.1954636792747344,5.72717712120134,-10.83490697431321,-1.924248033640336,9.998363379921232,4.131907769611904,-4.363266048686845,-2.718585562341067,-6.095069888599065,-8.184584196732969,-4.740725598164967,1.2044539700965493,6.859769120508311,1.088501023394721,-0.008509244237627302,-3.7907727885980878,-4.466121984987843,5.911809848279369,0.20047734890665328,-11.512581693882845,1.5072362866936897,4.865523912468735,3.240440954967421,-11.717651985129532,2.7468707287798124,2.6303050797812793
101,-5.1069603659668745,-1.9285731303448579,0.843310651730518,5.550134757951814,3.6509890243106957,-5.543133586645126,6.886842495068072,7.968872335492348,1.7399872647864478,-2.357143351009914,8.992658695396113,1.5438100002249893,-9.699767290329447,0.3734110034241968,13.111135435347654,5.629188312255606,-2.284282836378837,-2.2265947546277727,-2.945984642116391,-13.647257331682711,-2.0474354490941886,3.8893887205999724,10.383004990159248,0.4033596272371253,5.09346098194317,1.0068994383422696,-3.5517005157105777,7.468268145103844,-12.753630271979741,-9.632785320281982,-5.407930378117884,2.656331705803774,4.731647507268555,-23.820234023794836,4.2769012597142435,5.171113671088706
102,-3.2480579736281414,-4.124039901154382,0.8903090886923731,1.8836564047604192,-3.28538040877605,-6.9440738745794,14.38654121148343,6.359818115526316,2.601106890610286,2.195577569153844,7.954622194703136,-3.8455694840878856,-5.032738683479173,0.7972361846845977,6.085547661294743,2.8223323870678336,-2.096504050249956,-3.0503788529610145,-0.48566665211502386,-16.799279695870926,-0.23674647175535865,6.097424168975985,9.345303861462341,-0.12326020656191573,5.513811355190618,4.951470164163989,-2.337162965414475,4.889005993093763,-15.676053193150734,-6.538894113837456,-10.311385302519312,-0.9670233166947657,4.506289629303679,-25.607549840698436,3.7588614219305465,7.013554046348649
103,-2.5928512586622823,-5.833883488664822,-0.031476037766860455,-2.9468019145483875,-5.709696976810085,-4.818682686254686,12.604874782416285,1.7483804087316124,2.3036134291668326,5.304810593931043,1.419886585401029,-8.148828076160683,-0.1393764615058899,0.4691354340436507,-5.63891830736277,-2.2138495299280905,-3.9259008242159474,-3.3632081211829674,-2.0099003959675223,-15.185449644619105,-2.950655218289823,5.002998863327868,3.1573797318400167,-0.6300149316690407,1.1295220827569767,8.152994112092621,-2.298793265596032,0.7905501248885174,-7.9106670043298175,-4.46927237389039,-11.675816636912677,-3.6046860789766115,1.5028919954689182,-14.61343712770209,2.2092116646924795,7.385438500618448
104,-2.2211853621565565,-6.169810029316921,-0.5248660282516966,-5.5426340760016926,-0.42110272451322905,-0.9726106670438027,3.4241220403690726,-2.0219241975977713,3.071816382359485,4.9391652138865725,-4.2254451403812485,-9.695842848748576,2.8736033625140482,0.4586281241202841,-12.86979264994057,-4.628301816327231,-5.250955160783262,-1.3514096457131055,-6.493652938047842,-9.645172282445188,-9.431366739680572,0.8405332148683314,-4.497268572145579,-1.1896155506980663,-4.712549851865185,10.11993420245696,-3.9919231905012715,-1.246961812887873,2.246633269348923,-3.9152958174141084,-9.99141588746285,-3.3125968028088004,-3.525902558346184,2.665572461729147,1.219014615428691,5.465859544520476
105,-1.091923559350627,-4.7037071427520445,-0.577829764813793,-4.248731479352834,8.132313509984892,1.4224231881754739,-5.613737409212152,-2.2110050521334825,5.980453627450125,1.821612144915425,-4.066296478619381,-7.828218834740775,3.4054315880853303,0.47864265344580825,-11.008639812469482,-1.2464898471929589,-3.899698476402127,2.6905077004767195,-9.797729236739022,-3.779341840090192,-14.236423618939458,-3.0652055728192233,-8.918378992348302,-1.7746378067804842,-8.024549354095848,9.631051632822777,-5.919789430590308,0.09576716334844122,5.644557760230133,-3.7396822407537575,-7.159774787514945,-0.05304669527983179,-8.71719223625806,14.713837896074567,1.287303267693033,1.6688540693448515
106,0.9968218839898402,-1.8023976038913339,-1.9320235884919459,-0.3805314132145473,11.788141091867368,0.8207179027780587,-7.813946061596578,0.8075646964871154,9.568846624724719,-1.0734653401435639,0.5894438265537729,-3.0099886473344295,1.6386337973633591,-0.598743627266008,-3.5914816880712706,6.0722954525631305,-0.5927867281193636,6.469713279179165,-8.629733480056938,-0.6962954645254174,-11.850944739823438,-3.091807466988661,-8.374327179120511,-1.964789124775906,-7.27311327627727,6.188715809462022,-5.3162741855699185,2.9573904890186933,0.6539067139430922,-2.4980512230980154,-4.888059895865771,4.3227297079046165,-12.126837852049848,13.411244657574867,1.9303578503277836,-1.7156552927834647
107,3.3532256225542145,1.430511557326025,-5.6338119865680225,3.127293544612369,6.3336425703399035,-1.3664449714884466,-2.8381937657083784,4.252127383436475,11.033042650441734,-1.2112471570774002,3.8611119752179603,3.1433026109422957,-1.6410010505695731,-3.0930127899865716,1.9722860291296123,11.585608456815992,1.8037059103347817,7.659611237596493,-3.330305410891163,-0.14432791635698203,-2.0080710118826555,1.289779914200914,-4.986430427249597,-0.9695204026540931,-4.1302672794887,1.4096809747267742,-0.6997370719909668,4.370092640117723,-6.299894646114232,0.2791520989671045,-3.3203693458012173,7.270156972262324,-12.587620278706355,0.34658036791548436,2.9128999661426156,-1.951208930538625
108,4.938182232179204,3.6080759812374503,-9.703153284380631,4.272573638821439,-4.493940565050865,-2.3319310326965486,3.578910244362695,5.513997933390189,8.827141097613744,1.2356067044394357,1.3837467918590622,8.232849315721161,-4.56312751283451,-5.693338305366282,1.7029584919919774,10.58532947545149,1.4341890130724226,5.676368740140175,2.9548494779333776,1.1001119887342259,9.490133764792462,6.603807024999845,-1.8914912863045323,1.659123223802379,-1.474656149440882,-1.5167812650301018,5.995605476656738,3.1490141493933543,-8.041995372091021,3.7644868785021255,-1.1082212292418188,6.935478004265804,-10.309417155628301,-14.32054804478373,4.609294039862497,1.4529910744452963
109,4.882035791417774,3.704196258467071,-10.147625923156738,3.3831465507344323,-12.408062101930987,-0.6139820075156738,5.1448788414804305,4.228874415463331,4.190332264316325,3.75248108553339,-5.432042965171289,10.151246080289082,-4.429731185338935,-6.486777456439271,-1.8971688358151182,3.7548086319346816,-0.4924160752977644,1.7960313187569987,7.44895319671047,5.842713389165548,15.454685699574801,8.113969085167865,0.17757918031848208,5.197126038220464,-0.6834924163258805,-0.24225190950899708,10.068036316913002,0.8146934083529881,-3.937195681795782,6.517523120860664,3.0246195888945033,3.0410799900335923,-6.946170305719181,-19.786580426352366,6.932233467393992,5.513379666270042
110,2.797794004712178,1.5931419182796867,-4.886476913276984,2.3013477479012643,-11.95687991745618,2.7753639823700094,0.5472698217752029,2.160173777110723,0.23324391975694772,4.037370938427594,-11.032064077463382,8.402250563003578,0.4305471644109609,-4.768399858048984,-3.4668232129544627,-3.0251482077399077,-0.9744631538585741,-2.0312145863260542,9.887391173717926,13.345030169097745,13.20468960002977,4.076211018829929,3.2813081400735036,7.860576527212196,-0.6956302668063008,4.589207776461024,7.531691688055894,-0.15113199973592953,0.2158940008708409,7.535998427138036,8.574988543987274,-2.8446234837174416,-4.6820903894852615,-12.856599381991796,8.481881847186964,5.855099030903408
111,-0.9028361615705855,-1.8083440109479183,3.4295701737306556,2.4332359086494058,-4.917060563150717,5.759205889412943,-5.907840519839404,1.324536066578359,-0.514172335668486,2.132760079539552,-11.196381456541772,4.5483227262691575,8.520734733160662,-1.6688537530753078,-0.6731033951652293,-3.457093928541456,1.6150178526129042,-4.30747142312478,11.689689677588794,19.587096068932084,6.264568377514275,-2.398281629900543,9.272224994338288,8.10409130490556,0.5143116292904835,9.57776663680466,-1.306975584857318,1.17113845567314,-0.9667003905894805,6.892374111681568,13.083943375519343,-7.688773858303926,-4.55738268093187,0.2916047767717011,7.573487677744457,0.6999364495277405
112,-4.770326363492985,-4.970212349782185,9.028094919360413,3.59320985328178,2.0169236368062546,7.343011132308415,-8.73619822336703,2.2421132155827115,2.017872234388274,0.05717188165504105,-6.700239412638606,1.1292261986099943,15.236912227406794,1.059258120400565,3.801741307943451,3.793860027984697,5.868886986557318,-4.30436416061557,13.457421740707087,20.75601469254007,0.560091529573713,-5.948697013514383,16.63628769863625,5.972338987704442,3.6664054415055682,11.152446080531393,-11.433245177931932,3.3139798081651026,-6.496042590056147,5.529931411451223,13.888357011943448,-8.253057976158297,-5.3481787905401115,10.007749786182325,4.376732649243608,-6.995156643341999
113,-6.699707886546242,-6.6164582978782,7.886222498149288,4.501547239264664,3.493550675274918,8.092028561295296,-6.3470514380202,3.7701673787467334,5.495412395924938,-0.5094216660577424,-1.8199464192195816,-0.2183232076314031,15.995876188789095,2.722258275564836,5.673406916917587,13.686835756107252,8.837328357355934,-1.9556830720025666,13.713066792001529,16.568536667799464,-0.9965132985796247,-3.972900130310837,20.668137668346873,3.0524418554743944,7.281001457146236,8.26970888035638,-16.56346112976269,3.95815062340425,-10.248616139499509,4.4088008619692864,10.369563375200544,-3.0996663424433493,-4.381730381323367,11.262649495990908,1.5184804639037774,-11.674375132486528
114,-5.2063309901527,-6.5066745086592075,1.1733067254630887,4.116581901603816,-0.3031682545433239,8.618034470446256,-2.047817959469192,4.341758681195123,6.860837269802483,0.03926780819892883,0.21463035503212285,0.20172173879584487,10.138692380214223,3.998702902365856,3.644418125554007,18.60889050911884,8.889134319461121,2.0660560562902566,10.270465996800636,10.164000318062548,-0.4330585173198155,0.6620551809972647,17.15350937356754,0.9214443111298035,8.84413507398294,2.919671984351411,-13.71695220105502,2.1810044682755763,-7.770377480253881,3.7092831238191954,4.6459426101373165,5.786323300733859,-0.04839338940017077,6.846047924489391,1.7748861069581947,-9.95941043386654
115,-0.828684991149574,-5.502698633135582,-6.093299549453112,2.424663925657467,-4.873252797491697,8.117874388792076,-0.3994573792632745,3.2632405751821945,4.30152740557583,-0.10711320018281742,-0.06510183762530891,0.8985405162889131,1.9454411812582795,5.66724003762558,0.1964059167978715,14.305994621344976,6.844916743663501,6.230555232082095,2.7519324090407817,4.777570619875071,-1.7720775190664797,2.1284404150685488,6.206632838565476,-0.3370699852857055,6.800699974505269,-1.8060212208300221,-5.130461411322562,-0.7961028522374679,-1.1025092093920221,2.8084838864754658,-0.026704515121421035,13.399916732189606,6.165425591474893,3.3798385067861907,4.827973805519999,-3.6607803179293263
116,3.755949545879753,-4.764018557509598,-9.689616608984617,0.18696965246784444,-6.010968109174651,4.946389957350128,-2.738172997929612,0.9954642331113621,-1.6604050397872925,-1.9131466576031275,0.07967265893001946,0.9214466493956897,-2.660343012696474,7.352663065705981,-1.8037011185470893,3.1172394831569825,4.393014107431684,8.646093337207425,-6.410428766085177,0.7344460584679429,-6.55620466507211,-2.6802377527465624,-7.331303077084677,-1.8987884691023096,1.6224482089889294,-4.184654921901469,3.922244937900378,-2.9778978629988067,3.5580043944777273,1.1044031075981198,-1.7820921208785505,14.651034307723142,10.337630903234286,4.462689552988325,6.669439188831923,1.867785961044078
117,5.503475662700984,-4.705509696687971,-9.424344418000201,-1.7462878044770689,-3.1355760316459502,-1.22170320700626,-6.209564101939299,-1.4927102266525736,-8.39683195157927,-4.149651288986206,2.0063461843802006,0.7210677272203018,-1.1151615040642875,7.815461361894802,-2.4665653669104284,-8.04834458414389,1.8754837598119463,8.256049461510717,-13.532282027663017,-4.012648611652608,-12.29304558403638,-10.774753677601717,-17.336026437428533,-4.429025522908386,-4.672806070604342,-4.735901840487305,9.258746479476365,-3.602899775441204,2.660415788694304,-1.080954287885403,-1.3596188401689335,8.055713244846888,9.302033480332822,7.500352179517551,2.900534384712881,2.4597079139582965
118,3.4484441110066006,-4.6965575708380465,-8.056414776918839,-2.799296666772998,1.2156488144276094,-8.120722343727033,-7.023544316389123,-3.436909654918982,-12.569644839179759,-4.521189210214177,4.152093899493315,1.2241590333418275,3.5582878680861727,6.4365575167597555,-4.339041676759549,-13.2071926849229,-1.8510601709083634,5.773171683355254,-16.266432068785843,-10.380518126244448,-15.008088134685341,-15.640764518659942,-20.6472739954384,-6.78428904050771,-9.763654046520895,-5.065566182592693,10.249823601878418,-3.7541943078442497,-0.9516089765393004,-2.506141193059026,-1.0043157217453937,-2.8514906992109452,3.5841598547234828,6.833949153520623,-6.915265304701669,-1.5592819719898456
119,-0.38773862561401057,-3.866179323013948,-7.654984528921088,-2.672187464577811,4.263375147264831,-12.2574929789621,-4.500748358210739,-4.452496988584801,-12.109646316085543,-2.1769773221137574,4.003327117890728,2.2020010048029373,5.45748729106723,4.091450677538405,-8.720187015071208,-11.667474701696513,-7.258656329646403,3.2413885958340702,-14.856282898966146,-15.657467520358612,-13.034710043547104,-13.593597436437802,-18.609446905097183,-6.870792443046764,-11.949779018607675,-6.095817585836868,8.895831697449392,-4.995407368455615,-1.451222442242564,-2.111528935481091,-2.2052225847633515,-11.947035035308527,-2.7742041252097307,-0.25771573976594575,-18.139240953387045,-6.412668194460245
120,-2.705883214060141,-2.2443415233675315,-7.607281400232899,-1.4295302319283387,5.022664807280716,-11.847778322745343,-1.8340496810115114,-4.340884516737899,-7.719980342047555,1.0558455878374529,1.1022137963041967,1.9393564024940133,1.083456962616468,2.308543925382653,-13.23286987080866,-7.731159515222725,-12.275930050988586,2.3123935941530736,-11.253319450787135,-15.247513501315701,-8.316592675386643,-7.6413774837036526,-15.069553979805537,-3.992614174451755,-10.49169502498544,-7.376607300903724,7.04966790936127,-7.450498868008049,3.1530324153754177,-0.2343926867660211,-4.426291402505369,-15.043777013919792,-5.5075263730725466,-10.480117550918035,-24.509561912745845,-8.75293663881567
121,-1.8889385705091515,-0.9653886587035899,-6.176015879426684,0.23846290549453425,4.020499491722,-8.439799531381958,-2.8266109124738343,-3.042622706415702,-2.6927578190759736,2.1813225052794634,-2.32911861824746,-1.0929924870023922,-7.561030250422808,1.6615928478386937,-13.686230289692782,-6.263662212357229,-13.252644818656298,2.723825413505642,-7.401687038188078,-7.472600685090435,-4.313465218154752,-4.63547667131132,-13.047604228008767,-0.13114963380657896,-5.808100036820587,-7.859534287939266,4.749367713928223,-9.328398658608904,8.317955177657458,1.371232446967339,-5.903008291915971,-12.695327349159182,-3.5260807696957976,-17.0368644412683,-23.05326043829626,-8.241320348515803
122,0.5374008657372727,-1.0839373481516936,-3.2835701545890497,1.109268578491649,1.9148623794317245,-5.536786769877891,-7.843324498254425,-0.8776916508771935,-0.6777866794442644,-0.04703101059611963,-3.749379778698999,-6.1537927667401275,-14.783308819848664,1.303190244095666,-8.471676563730044,-8.248016077644971,-8.34098984814268,2.5117058684783324,-4.394132643329854,3.4146978727408817,-2.9150431925544935,-8.150874345278254,-12.946421513105838,1.576913524799201,0.29541475963493696,-7.085682787457291,1.0528344685325817,-8.488596219189313,7.530041113799932,0.9692903754054284,-5.551985659161392,-8.89086038969001,0.658719579176027,-15.21107256290864,-16.02855963123088,-6.527124050928622
123,1.4468975535460882,-2.052417586044389,-0.9153829837331966,0.25962171810013907,-1.0626018445710748,-5.519440947746744,-12.973846527994896,1.317095002349542,-2.7498721127607384,-3.6896184372658634,-2.9471992412391974,-10.12360842976415,-16.10880236768601,0.20200441564832414,-0.7861944960088146,-10.356855542075877,-0.0315819397872808,-0.05650165859533816,-2.741398041345635,9.717974089314135,-3.3089057328749676,-14.228002700270439,-13.240527638063138,-0.043793960493438096,4.940115692664166,-5.554254998966139,-3.9611489675482927,-4.597695849379715,-0.5551590572814552,-1.5221876234424359,-4.0672412496440264,-7.057226925784228,3.5768296937553252,-6.133946992913071,-8.513735243252345,-4.466256695134299
124,-0.7008607059108968,-1.5480665132707478,-0.5719066298737818,-1.9180387447074967,-4.484069648445869,-7.792331525257656,-13.301591912094427,2.5375222025477155,-6.231447643163253,-5.234850598005008,-2.0701116770505905,-9.972534404117233,-11.760177156146693,-1.4435638566406406,3.9211699228201593,-8.79499490832796,6.063263140162643,-4.537701841519803,-2.6139682774641075,6.737423202212976,-3.3991543042416477,-14.716219579686923,-12.294550620779699,-2.6818567173821584,5.594642339920511,-4.0637972987428,-8.422984055110387,0.2621926142244923,-9.98786214039642,-4.335786422904657,-3.2093328042906157,-7.273467481744532,3.6745506737913405,4.055802047252655,-4.3480740460206055,-1.2276258346985798
125,-4.092445040843924,2.7440098229111456,-0.93803001575324,-3.6686087931905473,-7.173062874346363,-9.69891688653401,-7.267817017983417,2.2783921409626395,-6.728119513362038,-2.8688948300420023,-3.052023452530824,-5.678207090922764,-5.782189346697866,-2.4261367466984964,2.960179834949727,-3.5756250814515718,5.6527416268173525,-8.22092528367529,-3.313075125521543,-2.6771962487195826,-1.887124969338884,-5.410033496514875,-9.455518376462313,-2.4846791871348204,2.0234754689189853,-2.865530733822142,-10.01887266368282,3.2614261422838484,-12.868194588593074,-5.426824289925245,-4.082592645469977,-7.20820872333585,1.7530201819478248,8.52837765989445,-4.086744557838051,3.585487360856971
126,-5.033122656296711,10.721364652623935,1.0688636607053328,-3.2435510754585266,-7.757224992373768,-8.970442753437222,1.8642919136553395,0.8994224503332254,-2.05847842474373,1.6943019056806758,-5.244355708056567,-0.6609810834028282,-2.0785853449179204,-2.198591927940748,-1.0326482638412593,1.1136847053255354,-0.3528485517112576,-8.142073696669268,-2.83250912415738,-10.109434845496198,1.0284278120617478,9.0292869368378,-4.88181101059427,2.142556984205635,-2.934103164137626,-1.5208103480387707,-8.02981977316798,3.27046400308609,-6.860924623450455,-4.338866637677563,-6.066623857434915,-5.382968960976114,-0.7919894365631804,4.2114905289241245,-5.933753523291374,7.61810268674578
127,-1.3902235052415304,19.054953037324,6.609934704036129,-0.6205462627873128,-5.848537563061227,-5.267347730544149,8.688093669560491,-0.714134791675879,5.351959347116704,4.648711901538226,-5.779404051236604,1.018042720322098,-1.3047231800702153,-1.8673919025732546,-2.492593611381492,1.0287963474283413,-6.193052158063772,-3.5708769406999785,1.035305646913392,-8.796889540682338,4.4839036051107914,18.63162200548211,1.0116606001951256,8.602811687454885,-5.014649195938694,0.480687213187315,-3.971090386108476,1.7217502448023583,2.672310536005059,-2.4936101065606486,-7.311429569307639,-3.007169784331808,-3.3917100192332756,-6.343570950688148,-7.650272403444562,6.783744353420881
128,5.217548692712978,23.02253837853062,12.699096494791458,2.169103497145127,-2.5263713333679707,0.2117618328454543,9.959257105175329,-1.90844476283813,10.126175296549894,3.5585315032881133,-2.317649254385306,-1.7177869051086658,-1.3017692711888527,-2.9879251377923146,1.9949549400076574,-3.528613111194299,-5.922393901007516,3.1115049804959978,8.19861064395126,0.3188973616580574,7.882410192672087,17.09055456884053,7.561654792756451,12.114652526621915,-1.8103599724720936,3.0565500469232094,-0.2685918406564362,0.977194569548782,7.96006943042181,-1.5917720399340805,-6.2340941532534,-2.343930728581487,-5.727198580241933,-16.415325634333552,-7.389858270786246,-0.5183682078305556
129,10.590076504313217,19.728262233490845,14.362565211495575,2.7068021309619046,0.429427584823297,5.922784850001335,6.763774596914953,-2.706594000057298,8.567777912227475,-0.337121277439351,4.544506910200021,-5.90673921971905,-0.08423202211151318,-5.3293894626656355,10.63421729389502,-7.436779798293601,1.4034076807450275,7.881133447496259,14.7670259475708,9.324855388427267,10.843980893796804,7.484873523517531,13.457631823967914,9.867933523898222,4.972845243252054,5.497870227131917,1.6157047522007202,1.7778716786783568,6.098714457482708,-1.7877067278842538,-2.7054627914817964,-3.5389593979533838,-6.383141286519109,-18.991045014894738,-3.695094935748042,-10.29491338350487
130,11.440710935057426,10.163686908021266,9.410526402142583,0.4398904686071435,1.7622041574926401,10.438218358219887,2.9868735894560814,-3.51687328289358,2.1693915542291133,-3.1369219493044884,11.47355206706086,-7.138519431996558,1.9482878946832247,-6.4067486591485086,17.93513376645896,-5.538677051967504,10.487291876758848,7.735573891474276,14.989844733354996,10.290026163872408,12.635508173582505,-0.9061584156386706,16.832517312497508,3.373779384457335,10.521776434718346,7.046124088520906,1.8323450891339048,2.4079440394226386,1.1444134468934974,-1.5954032297037086,1.899970811924764,-3.737879637400715,-3.2586812966940353,-11.182976362656573,3.8210378131087945,-15.039694745321663
131,8.036000190340744,-1.493819467115159,0.9512347574060669,-2.683548238812661,1.297512638325594,12.198017358475802,1.8612202587252369,-4.441079303470193,-3.4391191924104887,-1.7346884790731936,14.902303905815494,-3.4260931070466354,2.7380420474373564,-3.897582431380846,19.10498678197666,1.9805539788640276,13.75878371632829,2.5687166963304793,6.040962939359704,2.1265319816920223,12.25897915782977,-1.539371129201383,16.263838882348974,-3.1393821879613157,10.719496706918795,7.467718076089169,1.2475671895912714,0.6048602011738992,-0.6378014610738171,0.31744053564509567,5.608187887133385,0.07880166325033927,3.8624045864051704,3.330261307103293,13.053173201424736,-10.073758135036547
132,3.6596785260706532,-10.660330090291646,-5.151655920914242,-3.978927184124382,-0.3798914661212843,9.86463282911145,3.7196918531339995,-4.957322217676104,-3.438877639721851,3.371439343508409,13.54618929311329,3.1853313671082866,1.1691164903494777,1.3754142335787112,13.408556980137922,9.13465509366016,7.44430843811026,-4.9675338934270705,-8.377600723383377,-8.804332219216288,9.429730216155248,3.5748210915801475,11.959259901727949,-6.511572560029371,5.611475134396698,7.082196144729244,0.270065183846318,-3.603638664192083,2.839199569760537,3.350143133985753,6.961120401109968,7.339813834550429,11.399819351580678,15.981556425289233,19.330981591526342,1.6270237710250883
133,1.541380162141761,-14.96419397787172,-5.473129618836909,-2.6012412777968814,-2.455774175877474,3.7987699426938684,6.500048046817585,-4.384530388579076,1.772333036880104,8.40425835701884,8.972207244865748,8.599245699084534,-1.4112062064968809,5.444037989086034,4.113216172067487,9.553919215591586,-5.180660062906694,-11.27984950539409,-19.631986352862143,-14.61644620798072,5.311093415532794,6.7893993109464645,5.927695291382926,-6.857756708653605,-0.5895692450659615,6.2873309580039,-1.269672049551594,-7.185842208412229,7.888574673205006,5.206104187028749,5.738608048886669,13.422265551528152,13.803908276314639,18.947891069918263,18.282058460371836,11.232690699854675
134,2.116619727213164,-14.911373519167608,-1.6788224039637312,-0.42822831777893766,-4.089779100856003,-2.8318958816175557,7.928701484689907,-2.702713239405836,6.864485358401221,9.440548772714576,4.174475742846119,10.174526526155521,-2.4062884489492493,4.859236549357979,-4.162857896211196,2.806960846392476,-16.012444525348897,-13.910119316407613,-20.62831804642872,-12.656454790611656,1.865114337327529,3.1762073362360197,0.757382121621346,-6.345890298181651,-3.1241523969291274,5.115573003431972,-3.2218797927632052,-6.670601038300261,9.375431383142667,4.078182994102945,3.055456095812272,13.51900504924813,8.48421005935085,11.15680554691626,9.893779995490094,11.521507696229584
135,2.9908228230719662,-12.59581911259768,1.885766872946097,-0.31414261825230655,-4.507114314303106,-5.326052594853907,7.196413165452529,-0.8493779958510885,6.404741262598914,5.593817098104224,1.5813253169157067,8.461801587318888,-0.60379691186304,0.5045358605530798,-8.177579623399948,-4.667995283190085,-18.03775222934022,-12.531415902230204,-11.861343438528023,-6.955788371818406,0.19035603927106273,-4.371962411975374,-2.047484750650367,-6.343628759286841,-0.7837677050609978,3.291018773972684,-4.431016623365636,-1.7452738721455847,6.0732065869533285,0.60256106619324,0.8099008944569802,7.261831974496647,-0.7954420803152785,-0.35283853813093535,-0.3501626326113331,3.3431606748882605
136,1.4218295034097166,-9.869553203029293,2.885060575543618,-3.344666878635786,-3.3777088811811136,-0.9627569168045813,5.015594505685932,-0.051029225697322766,-0.18923035628941595,-0.43064343640390707,1.857728733700149,5.873881664811348,2.5740898750266252,-2.740545341554953,-7.191798652921404,-5.3432837152967645,-10.276118887930501,-8.49173836318814,-1.2505418013553231,-3.522737000669752,-0.45998537297151526,-8.367151720183235,-2.746137418385063,-6.191387886143461,3.1979482721309274,0.7275890501178041,-3.2513139431592912,3.828972200958096,1.5436946248673662,-2.4923618327902286,0.6123575045137989,-0.5798961827341391,-6.225671208634669,-5.733144249234881,-5.381566171743432,-5.051685896340985
137,-3.0292661340184965,-7.369030634663543,2.9180330439489715,-7.726119111235044,-1.2333106909479414,8.17729072782154,2.68175481982073,-0.7126970680392518,-8.126834951265126,-4.699911889981251,3.889656129236124,4.044991309545478,4.50135039705403,-0.7405320241743204,-2.6290161883344454,2.19350437607084,1.9497207700826076,-3.5719724148511887,2.7597565109632454,-4.388058378988383,-1.7849731208110342,-4.632643107248812,-2.5432636492638565,-4.702775261687989,4.271683824001526,-2.0657799215036996,1.0579604737612667,5.406891572232149,0.03848785770182707,-2.8207161754977945,2.663890172176215,-4.236833384450601,-2.82504547128872,-0.5077712621007647,-2.5650194799575043,-5.393532595464161
138,-7.9579446705020205,-4.751362491779181,4.799739662424794,-10.356403322396229,0.7926812950445681,16.156402072127985,1.3138293392804203,-1.934239285332816,-11.540838604070702,-5.155044411670189,5.609509273451202,2.6417884753674876,3.910076836846313,5.381706856343211,2.8149703570774625,11.542127222430949,11.213622342567055,0.9886028778796293,-1.1317817191688382,-6.112609422024415,-4.422658680653085,3.4292384848302726,-2.1877448538280264,-2.268230495632303,0.8456810174547896,-4.167128486672834,7.331033027901942,2.0379532076874556,2.0311696894314824,-0.5040605603432169,5.375534067196505,-1.972838199868494,6.350755961573854,10.445724282945905,3.9272486144790846,3.2645902779637552
139,-9.99500263444319,-1.559090533274777,8.439649928361177,-9.53114005740808,2.0020481191423474,17.69857920341346,1.6264689357913271,-2.234118204563856,-8.528658009305293,-2.845271199941635,5.188925283903978,0.5342953152127792,1.8754237306361297,9.8764408997127,6.1830311697356555,14.062511540493187,13.016349495673666,4.592119839802688,-5.91322078023638,-3.83172493321555,-6.895939682819406,8.422191381454468,-1.4251330217384561,-0.7990147739040608,-4.216340906765996,-4.952045394449818,12.836384973963913,-2.1346422449058418,4.003788617192482,2.038001379796437,6.273839877576244,2.8153460123101057,12.178724614333133,17.050301535093055,7.090751287888508,13.938296188505328
140,-7.43925787295614,2.0628079571286024,10.086332689742653,-6.21258913010967,2.9350102306628716,12.459317833793406,3.7489787017812533,-0.9103777949907341,-2.3533616318386428,-0.5100027067320687,2.1195333910231686,-2.3292690320890777,0.2647963081087385,7.936402867643201,5.466610021737157,6.490360285858719,7.862621548224468,6.764778742984849,-3.072701803275517,3.436588535503465,-6.763165510430628,6.318973408669842,0.19325915002264082,-1.3895580041773465,-6.2129557930712345,-4.694906727391846,14.765044934895574,-1.5382530166178334,2.411378246180865,2.4018750780699203,3.7968634902214515,5.252327527318682,7.579708471590159,12.878613323581462,3.822224811631806,18.15192310907403
141,-1.5791217928030052,5.248258808627725,6.033102939627608,-2.7916619595216243,4.838187585071641,5.086445706839464,6.846232724433043,1.2505281930979417,1.9912696861262833,-0.02700755030524974,-2.4278981351122564,-4.551977527384856,-0.5208825094967472,0.6263317456659006,0.75826403863576,-6.504870945093583,-0.4313372525633598,6.838651424159809,8.847900671618325,11.451360485383443,-2.9787121609765657,-0.10225347110203334,2.1280373924848983,-2.458627482458037,-2.8857035819365056,-4.39418948791465,11.849527689875389,5.209075037922178,-2.5169379105221252,0.3070507341501664,-1.3261109310753492,3.513249469654901,-5.497705479057467,0.6388302895487571,-2.2143361142703464,13.269127316620885
142,4.164078283674863,6.939527981439415,-3.008799535203345,-0.727910732736393,8.092210656830243,0.9553336440300455,9.128127554241491,2.6976849515827332,2.332990252850007,-1.016775244352769,-6.404574993921786,-4.757873465972287,-1.87198564714315,-6.09867063225532,-5.497502888343772,-16.844214989214528,-7.861818903562974,4.392517300892849,22.27690441723989,14.551676668378771,2.855851718357631,-4.834444652102431,2.793102951682344,-0.8810808117292366,3.548318533264861,-4.815573595008072,5.164977856132449,13.219091546778776,-7.01608036157238,-2.463787324574529,-6.320135627626156,-0.17714384745578377,-17.000498073593693,-10.690187493149114,-4.471050053834915,4.123140734753439
143,6.518539902507042,6.750318952969143,-11.532548033461278,0.5854637282235282,11.308717114736838,1.5897422505884755,8.88392908475837,2.672534075622656,0.7336608613936269,-1.630939250697895,-8.46248405563588,-3.135133291385612,-4.842608725538059,-7.474584510131758,-9.733393718393481,-19.837271478711344,-11.966774268950127,0.11886988869126962,27.43593813205252,10.848458471346875,7.638730691232699,-4.7854451087056376,1.020639877386239,4.6504044252998975,8.34841693907368,-5.570418076855796,-2.247396938654841,15.318743129926068,-7.590453898420139,-3.976795509381562,-8.20256639013485,-2.4943029875201836,-17.189802656368332,-13.996613934940221,-0.15084575390329166,-1.9510001722647219
144,4.450695745799006,5.504260076552021,-13.496146877961499,2.756106124240525,12.381808210848545,4.005671548600099,6.035074407044722,2.0536321821261425,0.8023916908672878,-0.5539417353325656,-9.0385324295078,-1.2657417165381568,-7.924739625989174,-4.729418175561087,-9.376572146403547,-16.736452849543824,-11.5699556281372,-3.904128214534448,21.514647808610178,3.9173572568641024,9.228182771528253,-1.8182048061672522,-2.2751728709863155,11.519869362821384,8.254527950773435,-5.216748869236635,-6.776499949243604,8.77385861897955,-4.381462026615532,-3.8225091771811854,-5.831270045771891,-2.282179500375475,-5.040545738625283,-9.395023112394371,7.201141834259033,-1.5345590059854546
145,-0.29451398399411416,4.772538619686146,-7.240106014572844,6.358548948959428,10.63454980631264,4.265731735649157,2.6373488878717226,2.486583725530274,3.868983564024069,1.6916291865767266,-9.819581054455163,-0.4416080168923553,-7.553192768321962,-3.33343649169012,-4.380181957264336,-11.4116932907883,-6.239673809129364,-5.239212563679534,11.131025979105306,-0.43936133019778195,7.855038717389107,0.8182872573331911,-4.141083705790189,14.868478766509465,3.9054048353311965,-2.5440912489988365,-6.147982043879373,-1.6320284586779925,-0.8360455608213967,-2.962252771367832,-0.5876072645187378,-0.7105054989153025,10.956937293312988,-2.040916697711361,11.604722199923529,2.8563363634201946
146,-4.506032707283691,5.440721368911315,3.4001878720461107,10.009551357858035,7.676848061230718,1.4260815692191222,1.3358234118442147,4.487563066336573,7.763227620903327,3.231037289512401,-11.889449171873988,-0.37662180916083104,-1.4691075540850966,-6.411332805545962,2.87981184891292,-5.613429468505236,3.0317380294507865,-2.895262078971279,5.460707752072081,0.7472671404176828,5.258894688772912,2.7524754173901615,-1.845865400470033,11.768812425130484,-1.2518543260438102,1.9970815218224818,-0.9516000565217466,-7.483380685047227,-0.3015707828560654,-2.223993845740143,4.717268273234367,1.177855982464187,20.082252517950778,4.286356679486985,10.631601786735107,6.235565921481775
147,-5.777932811148313,6.459456920623779,12.366571551682998,11.42316709975807,5.707626548652747,-2.0446310499492957,2.818658857929463,6.446436835871059,9.122206096746483,2.535230356819776,-14.293752196491981,0.2519748242838042,8.197058614419431,-10.532560313234525,9.057324295141258,1.8171457173872967,12.732977923081846,1.6193668837754094,6.84223102185191,5.270388626930665,2.6606877975317897,6.159670461805499,4.383907913021287,3.916703084293677,-4.172553701060159,6.160695153155497,5.314070503930656,-4.3231387121640905,-3.058442905179358,-1.2881014298419564,7.697299243236075,4.013236355720734,17.88979563675821,10.321780272892543,7.056163048257633,6.037866059728727
148,-4.159819562216194,5.299576550874175,15.611295102202163,9.398287203847145,4.87726562090066,-3.430345519160738,4.755179329110043,5.8436024213323785,6.710614680027475,-0.24451589508324253,-14.589640050366217,2.088414976183249,15.59467768243381,-8.928319342282354,11.469253508412109,11.413740189708008,17.624289060125545,5.172943030084882,8.53314353495228,7.970830277520783,-0.2154698152931369,11.451987018390577,10.803523138165474,-3.7820741228227104,-4.448175206656891,7.492977436099734,8.219087944194978,4.096210213948269,-6.477994967480095,0.7172283055830975,7.584149809820311,8.58988455120398,8.459543135093183,17.906853500677613,4.76518016931962,3.747777590946275
149,-1.933823825753465,0.345084191433021,12.709353062571312,4.925383980176886,2.783477937080422,-2.874873421630081,3.6844913424277794,1.8533751608765856,2.4978182987138933,-3.413807235202011,-11.075868793896266,4.192949470208616,15.69326633640698,0.7742836548357593,9.04907725356063,20.00308714898265,14.177382255087094,5.350109533387787,2.275096227928084,5.315655494222836,-4.121159728692502,14.753986789255727,12.776959471556605,-7.318078035602764,-3.7957313361824774,5.397326236628756,5.479469483908342,9.055597960948944,-7.704947828714337,3.7698769423426413,5.1493224270489755,13.233027117592949,-0.7161083659347223,24.70557274163834,3.9583118153469905,2.4290688734273522
150,-1.5895592962600746,-6.692227633631959,5.533354401892545,0.5309759865001756,-2.8103888343107335,-3.083201825618744,-1.5467159638599473,-3.1655245082718984,-0.36133101917043026,-5.092553318763266,-4.619272150555435,4.996353245511347,8.83460909979684,12.568265768946434,2.614190561430795,22.39493215205718,4.1290174789574685,2.3270162599427358,-11.85217790214383,-1.6608482611422637,-8.55888893744167,11.124336707348727,8.642062418314875,-6.437213918688346,-3.8282604608304647,1.718013085881058,-1.0941386572180354,4.759690761566162,-6.007327486751411,6.366673827171326,1.8317812802840252,13.8471234124534,-5.525132001358635,24.284509286588552,1.332539182536456,3.3105240084078846
151,-3.5603290759787267,-11.037883556010772,-3.5463647696436666,-1.4752084460793708,-10.606198054187152,-6.070731651722168,-8.094521965299334,-5.137439425882636,-0.5041730788593389,-4.559340163761256,1.777319732369209,4.026023436565788,0.881773300316869,16.771671419849202,-5.274261864472408,16.58660669716037,-5.689438194644694,-1.3971371285769405,-23.72883634178006,-8.30061765227999,-11.46193737491053,0.5726212713183189,1.3617721254728279,-3.8355346461948083,-4.556901683612746,-0.9282087460160255,-6.653069050944581,-6.388705189130744,-2.737492024898529,6.568539880976385,-1.1027727260881541,7.6148908403607045,-7.317333567963571,12.72427990728495,-4.9527341881576845,4.865827662604196
152,-5.679232248238155,-8.483351510398242,-12.018516559990085,-0.4494934690241911,-15.634216158973928,-10.578189517770495,-11.181455490540484,-1.8273207578732042,0.5692253778783642,-2.5344946451333104,5.364557467401028,2.402573965641917,-1.6366739492027127,9.358485350651401,-11.002763677616509,6.78248687886766,-8.226925596898916,-3.1766484662586327,-22.251192030553916,-10.021078547044675,-10.875617980957031,-10.103389630512316,-3.809976093927208,-2.078992194058944,-4.914727178155159,-1.6544398568114456,-6.9814852184178875,-15.928128230328463,0.5226621816923119,3.7231534889766147,-2.976591281136688,-3.2321208995215747,-9.332517194504641,-5.22338733746081,-11.534881031026645,4.751302216734205
153,-5.0091515262516175,0.3769253370713215,-16.86991903733234,2.3587438512821586,-13.29368077765922,-12.981874680032535,-8.354384883325928,4.680752470785258,0.20788232803496778,-0.38157867229714687,5.757915931088584,1.4901702291503245,2.7859347734828384,-3.4641093815467796,-11.46813896845798,0.36235466021664287,-2.0536105230982815,-2.2789702969698276,-6.656213919118959,-5.619339166855325,-6.993156815061764,-12.710629644442578,-3.8035730792551625,-1.6469811121648064,-4.3164961106923165,-2.1597065244402205,-1.9664699557256333,-16.72816233184873,3.4223962286297156,-0.7758302852815512,-3.7772745024793,-12.088495425366778,-12.15751997518296,-18.17948813584386,-12.303283979698103,2.139075741475942
154,-0.596775230096311,9.476141807376122,-15.454117354081601,4.729618164349575,-4.0293523608421795,-10.775068983131526,-1.9909535202444817,9.200515053101949,-2.644473828527392,0.9289970052029405,4.827575215879752,1.2359070242667685,9.359674183689819,-10.521707128505318,-6.071608530319467,1.313426095612195,7.25537595441755,0.035888012897755416,11.392612513230771,2.217775125892795,-2.3367706695381476,-5.380575339252851,-0.3186679202683118,-1.7578968746321542,-3.33207228962256,-4.827550078913266,4.142513963640953,-8.745825417035697,6.489096494961758,-4.376802832496409,-4.015271617517787,-13.341866962763728,-13.118377899332922,-17.81579108627475,-5.005447078724297,-1.8513621271264797
155,5.317586258966095,11.667191785817243,-7.781293729130103,4.8345942764866106,6.137754588787045,-5.044551770906059,2.5191891923242684,7.700870130135089,-6.2502162720703955,1.2586158228163817,4.647599503702047,0.1931120841478815,11.434163975472353,-6.012744230883462,2.3032898100054995,6.690690297861488,11.90392277921949,2.249357390768674,17.788873713843678,9.114403244183988,0.323394879394648,5.410757867657408,1.9584930367691784,-2.3276639196793645,-2.7999260857397195,-9.700040325522423,6.097658106258938,1.7876522297761879,9.627596137474994,-5.0965381520135065,-4.317320301824687,-7.489540233904002,-9.739293215226153,-6.850192729307681,5.255181803995249,-5.526300620059578
156,8.893306210332987,4.843653113866339,2.1100011276347295,2.2752422656939952,10.267501086604838,0.4699387331398166,1.4449452113132089,0.9024540830631645,-7.485542408057621,1.0086738503709132,5.630535089239782,-2.632842174598149,6.5666214306743775,5.172334258454111,8.60705941915512,9.816140011865265,8.620672386519763,4.126682740389084,8.795132770070008,11.860002625353482,0.3661579751238531,10.942977331122574,-0.09740718530148876,-4.309196154682004,-2.599291985360335,-13.406902037556188,1.846649092679121,8.262631179118642,11.305489741417826,-2.7129150890574163,-4.860532271010535,-0.7160612259592328,-3.059867440437784,3.238170848209031,10.135398020549696,-7.9796391932331785
157,7.818271139142465,-5.820494354987631,8.028371306098236,-1.702002142765084,6.2123918131906155,2.599469799168256,-4.059556886097607,-6.217039957642555,-4.586623723409613,0.5993210551690082,6.576803052911953,-6.149028922830309,-1.466780621178296,12.377233487154756,8.792757233794855,7.0019064448317705,1.0152597798376668,6.377411819234187,-5.803046444849092,9.8352454440022,-0.35420054607853596,8.323680296236155,-5.0730030425653165,-7.898778496348128,-1.6811324935786578,-11.57713030544775,-6.018906281918896,8.722022752372586,9.485775085128083,1.276106366697623,-5.119759231805801,1.012172584174847,2.86458577185261,3.1287819183602625,6.123200815551135,-9.215915370960625
158,3.1970135111893927,-12.046963450860003,6.056657540554903,-4.944166081596394,-1.9886564727948637,1.0162491299668137,-9.192876922840975,-8.769932369796598,1.1348929859849872,0.23224678453134032,6.277972030396364,-7.784046102543266,-6.540450948233507,9.361367327522258,2.579738290942445,0.9212207429263056,-4.613689522353971,8.932520539176707,-12.417590019654254,4.492426785887504,0.3830180825019369,2.2298844471877937,-8.509358403634051,-10.970507360842763,0.5704729155618318,-2.9061950846594207,-12.633441895854716,5.72500417776862,3.589708114004865,4.629211510930743,-4.348954985336381,-2.4019765124029044,4.598883857076266,-5.629541277885437,-1.8242425789334336,-9.526152846764544
159,-1.5216276426704562,-9.576386658512817,-2.111185765996271,-5.719647613106941,-8.221249028128021,-2.325545748885797,-9.995788170975082,-6.199193098715374,6.060192037753913,-0.012637812264111578,4.81546137770828,-6.020138286510292,-6.066613112177167,-0.35791433769829417,-6.424734310227997,-2.687535823607931,-5.611416291217415,10.036839785624524,-6.70676319164281,-2.0359086172313106,2.7352939333234514,-1.1470299338807866,-7.387097616584933,-10.174303023182617,3.24534118084275,8.887914853436607,-14.67965559813441,2.3297767450614852,-4.289595869122719,5.561218699592413,-2.4937425499059716,-5.485229615654264,2.184241870228125,-13.016206343563235,-5.2399769285503695,-9.243305855867813
160,-3.5649595859707617,-1.6526388817903948,-10.12249982752362,-3.8026715881970463,-9.686936492822609,-5.413452744179843,-6.81304958118696,-2.387959351991208,6.930687470095498,-0.055969061291947654,3.288362611921466,-2.27336143839116,-3.1055035347841224,-7.915519087290277,-13.367311956322922,-1.2725934681235527,-4.873748349900148,7.594939877288606,2.9476862631129976,-7.8314511094774515,4.550589324260245,-0.9569283492711126,-3.1037012916438433,-4.159102392135834,4.53042245260915,17.38106439855634,-12.23613395982859,-0.9269129475768731,-10.172414316814773,3.6258868903529886,-0.5558125282428703,-3.1580538926075916,-1.5223976361508271,-11.438387187539924,-0.8412601692335946,-9.01384738878328
161,-2.988314757541734,4.491375868417779,-11.720193681668261,-0.4917765381384869,-8.317863019145264,-7.541958694555322,-3.554779675846197,-1.5172109521773396,3.323392561503819,0.1181028278506532,2.5352785921826655,0.0716578838776569,-2.712708195861505,-8.200365454566722,-15.361739244996285,2.033055996408268,-6.492372792594287,1.6420535582060716,4.776972110763344,-11.233281139208346,3.6283935138157437,-1.6518411897883123,0.07350802299927692,4.3453404793933945,3.5821938663721085,18.304667363361435,-7.477022814507387,-5.041715753929956,-10.645660669219737,-0.03441561157910191,0.224093141604443,3.74142839805204,-3.860495997934925,-3.5632813195793,6.083473932986357,-9.684693677084786
162,-2.0420169903307546,4.73099646489231,-5.4175533202229715,2.498561962070514,-7.342743797569859,-8.804790163222624,-3.7171488513751907,-3.7509339415297216,-2.0156668409401055,0.35240887196696535,2.3799637921002446,-1.1666859143546648,-6.360364523469185,-4.177383009268313,-12.77120761193183,2.1824126935430934,-10.125481958291969,-4.791745451031899,-3.976072459196558,-10.81690300727377,0.21471101319303318,-6.3380433284506505,-0.5303846986926332,10.140084933261482,1.6049549740796187,12.723082432941515,-2.2011964693665504,-9.418857813261601,-5.302756405606562,-3.285915483017357,-0.2901078041414825,9.051646721606351,-4.356222022552879,1.1456961020523189,7.235194490310185,-11.359799808385421
163,-2.5665712898635133,1.682808980345726,4.640519710755978,4.322843962786149,-7.222675231646519,-8.999351560309226,-7.1496584731705335,-5.112108862103552,-5.283363314307466,0.4138805085831151,2.0852997382076417,-4.647250193114183,-10.252557479605382,-2.4603320141227876,-7.973243285198601,-2.0387340735416024,-10.65658733552816,-7.832054773155524,-14.38954972065225,-6.129623478164478,-2.9012291048254286,-11.601408502581169,-3.290808761606411,9.767740391346873,0.7328339425884948,5.712588089613282,3.038378977045721,-10.900104461275802,2.648738085007181,-4.32922213752659,-0.7708597012928554,7.388349273070997,-3.965019254051909,-2.8332724112789243,0.023362389632633755,-12.60599795166327
164,-4.085808736937387,1.2284026486533028,11.982631376811437,5.273681013046631,-5.524796992996517,-7.607762252797886,-10.556655884397273,-1.7960231185567623,-4.560405492174382,0.2752728048635989,1.2277648001909256,-6.4955523236065495,-9.397423461383703,-5.4935175642675285,-3.1937525254123065,-6.641182939617002,-4.022561916283199,-6.203444415209245,-15.586946607852468,1.1560481601223653,-2.9793786065919057,-10.530206215624906,-4.222958442812064,4.438568321569842,1.6756439427940213,1.8370785774016867,7.670056159398993,-6.636702693238551,8.25033053573297,-2.977822401085678,0.23587527931952962,-0.48220081232031997,-3.108633821107903,-11.012754218918937,-9.733664300976967,-11.199877320503703
165,-4.437119778169661,5.543768347830189,12.336706499664151,5.817887736826527,-0.630962956316617,-4.778309622589423,-10.884303207300148,5.379257349943628,-1.243878885191314,0.24228639505347427,-0.10639529933734816,-3.877021913625756,-3.3087265479321384,-8.953517021573319,0.632153717838988,-6.924755072411226,6.9817424583799985,-2.567939500723566,-6.581475940285896,7.112578399137271,-0.13557203813475005,-1.2548081941750584,-1.5433892908753182,-1.1272958848549395,2.6628622777607975,1.6003462416785104,9.83231944818886,2.1500868383719,8.021491040076528,-0.789203337260655,2.473876184954935,-8.37668971626126,-1.140479858128392,-14.25476577452251,-13.921261795492349,-6.286283390748562
166,-2.165365610499771,10.012389254813291,6.033410154435099,5.523693540266582,5.290840920517031,-1.7327085903712682,-8.034882326515353,11.043872158898383,1.2338586388802042,0.670357772358218,-1.8057585171594912,2.1887186193952757,2.696241320395956,-6.965459066994336,3.4927176991287543,-2.8723778201609242,13.780329580209694,-1.1440518376778583,2.3378843506988214,7.515869768298402,2.504731127193996,8.725849334226579,2.088915225194425,-2.810427490545779,1.1201955733098545,1.9399810980777352,7.2794882869538,9.935639472336184,2.3290510864890352,0.31449112326514966,3.7722514399460385,-10.58776205382785,2.2284500160995795,-9.52688415914926,-10.47153522043812,0.10943673094924615
167,1.8169334752827275,7.60160014459065,-2.816783549834271,3.249698647430965,7.871927587961664,0.28034816986444044,-4.382712144024518,10.131303576182345,0.3927119021513024,1.4838525782415302,-3.918831083847552,7.497380995020574,2.337579292302229,0.8432869042973129,5.4644859399722545,0.5215896222056174,9.83439275227031,-3.6758015843070284,0.3991179928487661,1.0447295610697902,1.6808626019224828,8.495220103434153,2.2778426043841304,-0.26084541605443373,-3.3572676967145227,-0.13271418031381102,-0.02741816335794877,11.14138300199898,-4.903454929590225,-0.14152203409039243,2.1783385386272354,-6.86660082737098,5.598934589600076,-3.748970798083714,-5.054704158281793,4.2030943583469
168,4.949832980730096,-3.4383861799629365,-9.098051619773008,-1.3548912577407093,5.282229783279555,1.341499074381225,-2.015354341998392,2.899667265767954,-3.1189645905883943,2.045399090465234,-6.036526244513842,8.240533677899109,-5.220723097801817,8.314130408423287,6.47181145694791,-1.551563749507982,-2.463899541874321,-7.671850108370489,-11.803494893774694,-8.86953664920768,-2.7343219238884595,-5.085486510578467,-2.1392720445078246,3.6105491546343784,-7.843486908139015,-4.513275426261279,-8.535502639352059,5.050889796140242,-9.063936401158571,-0.7049311858658888,-1.4964496140577355,-1.7324333166589543,6.660276465574089,-5.907109805211729,-4.489478809492929,3.7095585623565985
169,5.327249839597819,-16.453673829837722,-9.479029274412564,-6.60941267196013,0.8330586370156736,2.672597421675312,-0.7947678421528972,-4.910499974172943,-6.087114382155088,1.6648913439439268,-6.732520509815338,4.18798013730925,-13.87252111003107,8.955071383897138,6.583525219438028,-8.541851790279757,-13.285180651411718,-8.776706375029622,-21.927463018164342,-15.700797012874059,-7.2551168227682306,-22.563926385373485,-7.2239102231604715,5.821043006923734,-8.331252971778111,-8.404439074652535,-13.057028775312462,-3.4088519011524374,-8.176796684459765,0.4868873555441292,-3.6178293404530506,0.5776231082118287,4.501988274710519,-15.92181909935815,-9.189109422722641,0.24910188937673763
170,3.2784438960406246,-21.480726493256434,-4.012193105050495,-9.46855701688601,0.10415298841437515,4.795286601903487,0.8923362098938349,-7.158810726537997,-5.599080834157613,0.35523946309576226,-4.305149684146959,-1.3602006167781597,-15.818187120313548,2.7043686667267157,6.104292480313048,-14.930462311117017,-14.386381521821022,-5.063393789134463,-17.795638505293397,-14.365620068141393,-7.7222624521474446,-29.434444177211546,-7.521678524357932,5.79200372647266,-3.561193271559112,-9.309822258292412,-10.806203810536132,-7.881386375548888,-4.073358801022476,3.5850368081306923,-0.8791353288961916,-0.07317059259025419,0.86463955592136,-23.082765082923732,-12.899724090585904,-1.7453705948226306
171,0.8088533616795832,-14.018753911159477,3.901122778121914,-7.910925185802031,5.168396425490477,6.187240772557502,3.876905824608949,-2.822811564316555,-1.6659932391984122,-0.9550936830287077,1.3497289869250084,-4.564516932380442,-8.711814710072108,-3.9856396244496715,5.249026287575157,-15.744424003727582,-6.802018024483505,0.9604531806342456,0.34148028432106486,-5.17549884805874,-3.0234298069714285,-19.378620792864538,-1.6635764587898643,4.945893173923298,3.30566437512028,-7.309221063645518,-3.7623042354778367,-5.8081552368037555,-0.48068779828597086,6.546307074780366,6.0762174804599915,-0.8534297322740361,-1.2803594360546189,-16.82881126780899,-9.92656480536169,0.9779637991165628
172,-0.32597712419775066,0.880183253969465,9.280152182189786,-2.8858849400160262,11.961080315161725,4.475776862125008,7.116432740980265,3.359841448920114,2.809012551696933,-1.1341077369086596,7.638466890369143,-4.053242464454806,2.1731629876457914,-4.7911742913479705,4.024991835866656,-11.323877778588509,0.7115694649365484,4.652311814682824,19.693136806390722,6.284960060855564,3.8648401343700836,-0.19163066027115802,5.8893560998293815,4.496907973776058,7.11907974554568,-4.40483978694799,3.1166952532164904,0.12433870714537952,0.30074520743623073,7.002404481780772,12.362284449290255,-0.12260275835893591,-0.495543576016718,1.2289541959762573,-1.7980520901631336,7.240132576957041
173,0.05889392963477543,13.086133014790866,8.567820085554708,2.2572011059644272,13.88323340610582,-0.5854320015226092,8.888458263870252,5.67117888769325,4.706089714656071,0.056271993384069324,10.654984663943855,-1.339365118620347,8.865874202883973,0.20024625500854182,2.7667676429359283,-6.415692255813248,1.0130479579069176,3.6099412341659165,27.102584056100067,13.529533870366155,8.502110452676305,13.638433169345467,9.06648398266763,4.18701476394674,5.262657607924574,-2.030718573806237,6.290213990576413,5.2007050371671815,-0.7804909397144707,4.658025606858487,12.774554034885096,0.4395727457820761,1.8859979035902996,17.482161984151723,4.082927020228639,12.188871327103401
174,0.9475834321002571,16.013113085104493,2.253388703325573,4.573885941992001,8.249090835756185,-5.5927997091595,8.70206237097784,2.844415693562858,3.495315048159385,1.5374217665925318,8.36653559426872,1.246440847955492,7.918194192708755,5.101828792797668,2.6694098783999074,-4.844411131070585,-3.978270010072358,-0.15148837408240962,21.127465122208303,14.107898693911883,8.825872391766431,14.311193190362989,6.220630991823819,3.2245619692364516,0.02512911509494392,0.3009989954987351,6.409442179057063,6.953372562418179,-0.7750540235821082,1.6051196723568195,6.52288853787646,-1.849452508347375,3.298748554015646,19.597484204842118,2.435125618564839,11.606641151467148
175,1.4440468475222588,11.197067715075551,-5.005403786593554,3.9388276460219402,-0.9553118189986871,-5.726845563066249,7.620633901686085,-1.171203830450469,1.5150274606991787,1.7230098010325918,2.690822040244025,2.7360439683709825,2.985840119117377,4.801539938326697,5.178282467230242,-5.647368431091309,-5.632554385126854,-2.2779171001546237,11.93561922895665,10.752701295273644,6.640468013529875,6.743647324795625,1.6755279266104406,1.9459737992408324,-3.5396823676265017,3.7335068519626344,6.778717224695245,6.360902471657918,2.1748807905812044,0.026430203550856332,-1.8482183759309807,-6.735468985778945,2.523472256502327,9.389529371748166,-4.013133004003642,5.809586684618678
176,1.524061076647165,5.047662834123689,-7.493448647917534,2.6596222763158837,-6.875225441796439,0.8038622761259273,6.673043337707617,-1.6771635025435565,1.504578609475676,-0.03891090105990974,-1.862666997906505,3.7619147297679163,0.5468509098400876,0.3174292603317572,10.24018478758481,-4.708644897353892,1.5773078799247742,-0.263308122754097,9.660369796716438,7.848963324512754,5.454819261343504,1.7336528331649548,0.9896033746855599,1.902280535929057,-2.3042154205696925,7.793613614476457,9.178401233894485,5.459690286188709,6.8106244547026495,-0.3091229905887526,-6.481802420044432,-10.221243657627884,0.5727056964319579,1.3250924424857509,-7.319113756548994,-0.5760688453304524
177,1.6180437061251427,1.8594194291805735,-2.8009950555100733,2.6635386883993917,-6.3035988521819215,10.44592242824788,5.391642982254223,1.7509692493750124,3.856236724373029,-2.699384057628257,-2.0949347882854696,5.066623237668251,3.3199353899274553,-2.663809353599743,15.142913866408017,0.20359922489341425,13.215807960957896,4.352329651920163,13.717905675270119,6.816674445660746,6.847260194165366,4.059238876615252,4.78751418663531,4.026731963668551,2.1669982096978595,9.952445733912137,11.48195628608976,4.577459027572554,9.685640387389125,-1.8451613254693089,-5.385500180477998,-8.168082016463183,-0.8145213759675318,7.427917391669993,-2.9159872884653053,-2.7878638566756737
178,1.8142258439745222,0.4154140493091272,6.0876228201146025,3.2033609799584566,-2.325796010542889,16.86693318963659,2.462074253936203,4.8080092303606925,6.294478780761057,-4.2255766413801785,1.0299490234073327,6.220818031807335,7.981645451516521,-0.1951302314291195,15.77672801455673,6.702982953616551,18.615117843661988,7.708081474413677,14.241234360908976,5.065562861306327,8.883837312079814,8.165079680632571,7.775818031661364,6.9644904410352515,5.394040841685266,7.828849574741052,9.726070292141973,2.3287960309155133,8.167565303189415,-6.210465178045691,-1.7114037658487047,-0.6146930042578249,-1.0878266193428818,24.035769107390422,5.332661611693246,-0.10455944830057573
179,1.7470267232583494,-2.8918503753992977,12.936413668856328,1.60999376189952,-0.6088078760979126,16.396009581429617,-2.042347247503242,2.9699352103836683,6.223968712651,-3.2785417315911274,3.40555871019558,5.988381879670279,9.151354870169747,5.630705699628713,9.941334870700933,10.294951271037666,11.778938106128148,7.2842072370101,3.793617247318735,-0.4267772119872424,8.07480739764109,5.540327260688859,4.3098234960011075,7.72857360450589,4.457456534462316,1.8077222449438912,2.6775196498754075,-1.9412439283059568,2.7552337731633867,-11.54555397921679,-0.0014448701118936343,7.8169966280764465,-0.971672746599937,34.614413602011545,9.25396238054548,3.884665767149049
180,1.2318221129933182,-8.582745026568977,12.955088013288925,-3.5482229903644447,-3.420260106422463,11.19715361205899,-5.504211571143598,-3.6771890241272596,3.3065334573692207,-0.39948759015117374,1.7803845906972278,3.822385548328867,5.193756708077022,8.998037274850875,-0.15954900821860957,9.166613317265803,-1.7881564473619267,3.8503817651344807,-13.36000462045551,-8.694873961867119,2.9323799938571695,-4.738385579719836,-5.100243327568989,4.403515323084228,0.7103217469186199,-4.812598072448555,-5.829206859578892,-6.423454038950862,-3.3071482254534352,-13.447591101636691,-1.4365462993784828,11.96046246801104,-0.8556794755312861,26.35981383250684,5.357860767719697,5.025938024326247
181,0.7315844066289007,-12.639765195396482,6.085510787306999,-10.225022028295362,-7.596246659299549,6.9961501721824915,-4.52403631198163,-10.202796793713862,-0.3244079804542113,2.365048792593333,-3.1383029830699063,0.7497292088002575,-0.23313399358671538,6.558008771769854,-8.978048638421662,5.858964628711039,-9.760729293433988,0.13356419493045127,-24.493347311506465,-14.425209494269623,-4.307168186927329,-14.026776185145183,-13.296593995498759,-1.7200854852491496,-1.8763549352178768,-8.50375091543003,-9.515400945532079,-8.100541291036167,-6.604626550358169,-9.155066658191535,-3.104350990482739,10.484594855989728,0.2385577875740674,3.695608092205865,-1.0455918166102196,2.6260020386199563
182,0.9597730578436535,-10.71721976022331,-3.6909470710219168,-14.172982467908641,-8.285276873987549,7.510411189526928,1.6948090426775875,-11.415698250337522,-2.2965332543363375,3.091962751077146,-7.471810321266553,-1.3717184918647518,-2.271276403560626,0.7447960367616342,-11.835908498919132,4.0805327125958035,-4.844327396276046,-1.9539535751148147,-20.950127392703173,-12.576930050947228,-9.42359662785822,-12.946648996095268,-12.974763115145722,-6.867272083856622,-0.8871368370494064,-8.375051766025777,-5.098066496149618,-5.779773415959611,-5.951658357314917,-0.8681537378199247,-1.9106844815672661,6.328724481621567,3.524425201270045,-15.419695469797874,-1.2877261717708743,-0.13153226764834658
183,2.020524501800537,-3.278686098298248,-11.843660955830495,-12.753779144311437,-4.211795571203134,11.046025913588855,9.74333308059342,-6.683503663053318,-2.247983324740614,1.4572087088409735,-7.9503995180130005,-1.4779742518249823,-0.028095949061062872,-3.122994357225846,-8.654259143131119,4.455863835860272,8.093924133449185,-2.5552773674645897,-6.8970100289704845,-3.6621184495980947,-9.744594584314191,-1.4911620829786574,-3.879966241972787,-7.905125301711413,2.1947188766635195,-6.372446044215134,4.518710396727737,-1.5471029153321774,-2.7174593137235057,5.551648288357015,1.3798181981380497,3.2083793002731946,8.322727289126844,-16.824056797413803,7.228014406805136,0.3399631368870638
184,3.108211269108008,4.139020419014352,-16.076123275318924,-7.520519536368701,1.1221234603803985,12.545097222133558,14.204533581831017,-0.30517146417072843,-1.7834016242805792,-1.1615073048338598,-4.852637347518181,-0.17501103756379108,2.7318200566330733,-2.4760872551373074,-3.6943588226425406,4.156344608384735,16.87071725195844,-2.6901583619871916,4.8255453280040195,5.75260045303374,-6.206543547766549,10.543534282518893,6.595128038708045,-5.049085466229186,3.8261284098333244,-4.804317224998863,12.392474359699658,1.1043157297737745,0.7620792239144141,5.754668008916232,2.7388673461213404,2.1958817578091914,11.662212788450475,-3.4524179064497655,17.641522532214925,4.1781318881073775
185,3.1806040807646148,6.052960563679131,-16.255961898638276,-2.8465889117547443,3.2743314066711737,8.848827860337131,11.970854335901688,2.7038469451422595,-2.395414506598395,-2.9137763466153825,-1.2917268105915614,0.9321961366400426,1.9868821161133903,0.33023543473409145,-1.5195284814250714,0.8444200055483653,13.905923249770185,-2.5227433992739843,5.393379493635528,8.33666496708685,-2.226176628652884,13.359991699761274,10.203426414606522,-1.680493748309661,2.369224477787407,-4.004421638743001,13.1570826647233,0.6290071770852926,2.9827097195143604,1.0174778749672126,-0.27425736842002263,1.8116668414096444,10.642706746045423,8.828489084633029,20.14075779914856,7.664691200365826
186,1.9070335965869682,2.230194627022257,-12.690452563519381,-1.8272876848979873,1.3547206302078403,1.755356424317068,4.746251994078713,1.0932081262676083,-3.8017200426179536,-2.8664556834466604,0.1285357198544911,0.7002443215068506,-1.9532320751067327,1.3398379063119694,-3.0785551338779684,-3.7125446334177132,3.1854465956590614,-1.2975996045433744,-1.9058876968159968,2.3577254463215263,-0.7025273101670402,6.844608455896378,5.390858342452925,-1.4723052352818908,-0.0925067670035119,-2.6466486591546396,7.083511146659753,-1.2109623758160337,3.8512172467854557,-2.960621336284949,-4.843495276509499,0.855151830887308,5.383202315593253,8.111034056361841,11.82836929632693,6.697301634720394
187,-0.11077957220223485,-2.4670084012406215,-5.506811981526565,-3.5155768984434554,-1.5885204112499345,-4.12221515041833,-2.59342475509157,-2.1452257985971412,-4.56156444062992,-1.4007558156641162,-0.32425854583175817,-0.712640605410751,-4.7827228137425015,-0.3150629465829353,-5.641915126722687,-4.843447631719161,-4.52871586838547,1.092939389679505,-6.243368660612982,-6.8823762073808785,-2.008961127728832,0.025835556795402448,-1.7765065279542183,-5.372972777607489,-0.06057823069241582,-0.1476547730212309,-0.8174469726806393,-1.3647757202995068,4.048306438387657,-1.6422792654864642,-5.0698999561825575,0.2206100140299116,-0.6826845583867054,-1.727097394971215,-0.18982201601777757,0.8168455909709541
188,-2.003002325491029,-3.320253908025975,3.985641582888,-4.257734413049659,-2.31027972090001,-6.22169417082047,-6.161360614762014,-3.3318654201468645,-4.14180870262944,0.49876104082380024,-0.4420987437574231,-2.2564270738132146,-3.21348907874555,-1.7883031587211453,-6.346205163366941,-0.11147760949572738,-2.9578764213591207,3.0726030992001903,-1.2008469037863674,-11.922711333450007,-4.529933398475452,1.1547422165773353,-3.978521787390417,-10.92837876446393,3.3961502748484516,1.8482654769809879,-5.408681028199439,1.273358619942957,4.150580356030592,3.8518106767109463,1.5914188317422355,1.4632388408086738,-3.8383151377950395,-6.3737987167373,-5.69859638992621,-6.067716217770869
189,-3.3651201116795444,-0.48717024070875986,12.074168033137614,-1.706421207256463,-0.8057870506023874,-6.376079492422999,-5.80084891951814,-1.7736132962971318,-3.84742599026281,2.1862469417784287,1.0385990057672774,-3.0324389070880655,0.7993812694841501,-0.5126341675617256,-5.403895699248022,7.155141731305998,3.6365831920078824,2.509371606366975,8.658172824401028,-9.697945838071862,-6.673609071848344,9.076296691991844,0.2696084234179283,-14.264305892039319,7.297650656529835,0.9347432885242968,-5.359723093558331,4.774054689066751,4.241076673780169,7.890373694653413,10.38274436033502,3.990830577757894,-3.5225211825906015,2.5201471776378397,-1.2536907439329186,-8.988909171552073
190,-4.282618756805148,1.6732436187413273,14.111698712621417,2.676431194860108,0.3138108667062253,-8.202147595912257,-4.079301874096296,0.08157637046307933,-5.275191837731673,3.621406974080874,2.9433178609731248,-2.924320880247622,1.525791205190198,2.0572294121494097,-5.521645153055386,10.169526472383616,5.528666911380632,-0.9621750590752582,13.245806611922323,-3.6653199183697605,-8.066382331507546,14.850752749309247,5.793758798010495,-12.940065488722936,7.63827564764996,-3.021473315297341,-3.147251700868412,6.222254942874519,3.959634167199232,6.042454357658114,12.713796983796115,4.626034357109848,-2.5934470301988175,17.544232919508097,6.840614811498291,-6.225605154524044
191,-4.815238166220334,-0.2665463220708224,8.278600501770876,5.236765446103349,-0.5462871305644512,-12.473890976029999,-3.0258882307276433,-0.23583335292582608,-7.901868345101877,4.887977319104331,3.1659411806233075,-2.4098760692440733,-4.418128415333982,1.6197970837962872,-8.267765247091955,4.974346567173393,-1.9691185273078022,-5.045719858030884,8.150204001032577,0.14852100124164502,-8.90791453147421,11.490009838221024,6.568384529832675,-7.523333405353585,3.5809617030187226,-6.745736696282211,-1.8407402829248078,4.6044574680985235,2.675641154680325,-0.3839085193312898,4.452077590689367,0.6725335388767476,-4.049460759576486,22.778092445159444,9.151057485719116,-0.6749644817746415
192,-4.760173408048494,-4.848288202772335,-1.8960290721484594,4.145867320347805,-1.788984014671676,-15.637864538601466,-2.184984552008765,-2.366041442265316,-8.743456816490816,5.665038453072918,1.3295175141217757,-1.9933704818998064,-13.521991769878232,-3.8592856200982113,-11.561277596317993,-5.518406646592276,-13.634412030784452,-6.611384933092157,-0.6192566427041073,-1.0101924331820742,-8.681077252997428,1.250471988502814,1.853257986355801,-1.0131389170276874,-1.4844795872970504,-6.080546076808657,-2.182255844376525,1.5241245055685237,-0.1981143197234796,-5.556593658972759,-9.131640910094946,-6.579488616189634,-7.623110883089961,10.442961655100998,2.400131601460126,2.89095744064876
193,-4.053089250107201,-7.182666033506393,-9.368524340950714,1.5330204075696516,-0.5653602760665271,-13.311543527914553,0.13836815892433635,-3.500381668611449,-5.014996321833864,5.309573081074928,-0.5548644722724447,-1.8723656007525873,-17.51592689144368,-10.840204923128596,-11.360275483861262,-13.88173045050733,-19.912546333001586,-4.582433802132704,-3.3217012003748394,-4.524992375957723,-6.106330759063059,-7.0125610950041795,-3.5555112954913355,3.204801192089003,-3.2826429593319797,-0.03624256046450868,-2.6094244791536916,-0.7620486094027149,-4.5821761253232856,-4.83296077348748,-17.32403058239392,-11.962026633778397,-9.921164682933263,-10.542029140859235,-7.750834991737288,2.0977525464734255
194,-3.194039209764831,-4.191985503143194,-8.875269451919866,1.3778129840383724,3.400973137544126,-5.242216660660141,4.111715485855025,-1.4022073987491277,2.649963764511809,3.4846763786460673,-0.308859147587601,-1.978232197615565,-10.752702063139605,-12.878481462293742,-6.053500781253892,-14.650045875383883,-16.77944297814856,-0.9109910373785057,2.800248857663602,-5.575530138470194,-0.6766980427260302,-7.101201185158321,-4.758837209064133,3.451406410762242,-1.0198257565498352,7.715788315753548,-1.6346066099192416,-1.6275134308605779,-9.12185846907752,0.8072802229803435,-13.681770818574089,-10.663677474673914,-8.088480965823543,-23.030746897872614,-12.607852419420164,-1.1372366486763468
195,-2.9056758547619896,1.9760579796774047,-1.1741168204771013,5.2677174855251705,6.699310828228386,3.5363832164783866,7.366666646864341,3.1937682044749356,9.907070029755028,0.6651847100987727,1.7546195567262417,-2.1125119462305184,4.049595192074776,-7.024106093511289,1.1252911246514745,-8.608077703385938,-9.534001563469005,1.4075102733106029,10.429023672123344,-1.8779173730587473,5.928926983240004,-1.2729216412622102,-1.8566248879140737,0.6831449002635722,1.7956237087444382,11.734027007100533,0.2176427786447564,-2.1953820482808717,-11.423891494468768,5.968295800138493,-2.212133354678446,-2.7152630321833553,-3.168579622190826,-18.359210604307602,-8.627974630010371,-2.725168246661826
196,-3.203430232953052,5.966846068370707,7.6425749361515045,10.458201760464178,5.495660195545274,6.841529644265467,7.051848809329831,7.2106177688823365,12.132145849113561,-2.0291980772602316,2.8192790381762447,-1.9939880614378014,17.376222724817236,2.633099600976827,4.591658531403055,-1.039831212588719,-6.829519443974203,1.189123017827467,10.035231922962227,4.717113082506219,10.44434427485174,3.1781266757420132,0.5440492496198538,-2.235227756278247,1.0334096283328777,9.570308439585627,0.8926774689129421,-3.4167335410507356,-9.533196660937096,6.2324075872192575,6.266068329008258,6.6703707302103235,0.5030786090967606,-4.220820708086296,0.07757772109946426,-0.4572904900628693
197,-3.0284643585280495,4.547388582813497,11.173253315443896,12.382854500595403,-0.16157558742834596,2.8571216500535304,2.860535282869728,8.08134169846165,8.529924408513672,-3.56345011689225,0.46381253977211157,-1.3481672561290312,20.63633956471268,8.27121461715017,1.7048812727538907,3.7297528836191916,-11.453067223788524,-0.22149637402320393,0.21781443245708942,10.694289344914106,10.49994291608431,2.1347803109306462,-1.4771750953276546,-2.5065337820928923,-3.6620336552055512,3.890036536722767,-0.9893293496297331,-4.555720856603311,-3.7525449188388125,2.163568445918511,4.344384306547593,11.329090101378304,-0.5286411046981812,3.8943963216389625,6.505109931741442,3.8427683431275037
198,-1.2142834614734261,-0.22306599057450585,7.575052803876448,9.170884091787192,-5.790722137887259,-4.352009230122274,-2.227799393692795,5.903753149266145,2.9078947670605717,-3.660339820141695,-4.508703383712136,-0.17377937052931106,13.0738151397328,5.528170667132553,-4.354629381578796,5.773103009073102,-17.438510473893615,-0.9903195042695317,-10.58380691129334,14.111547560107951,6.72951910203817,-1.552449722679294,-6.9755320393917515,0.5942610769855733,-8.399893694082085,-0.10209070374162829,-4.5872646673601505,-3.9690556988424186,2.902390191445545,-1.9231721923059346,-5.020521345795418,9.00045522013489,-5.261077321305567,-1.620857377441562,7.229290967084924,6.0899968517906204
199,1.987981301789381,-3.0639264376796023,0.22852624010066597,3.592620376421481,-6.61804549791375,-8.736468835752838,-4.4611200222707525,2.9665347112684834,0.216575559760843,-2.8980442762983087,-8.395235157742793,1.024809187164112,1.7413780686198448,-2.4706492764609203,-7.176159401329196,7.9253421638693125,-16.234370423214777,-1.1093656896632544,-12.843726698233157,15.12177010458343,2.3358980590591627,-2.423737961418775,-11.244206430048358,5.134270072591548,-9.091474499021258,0.5466476021980753,-7.488014479072726,-1.306026942467279,6.475024862861146,-2.7041757191930498,-11.599159211224439,2.5010695512197456,-8.926074875860799,-13.753987784288368,4.278417163965654,3.9621057157613793
200,4.572219030589474,-0.49841604807547163,-5.717781791881639,0.41434382784123325,-2.274356632816548,-7.662583958737704,-2.6970885730519587,1.4670731317327947,2.1168579310178757,-2.2365424024815463,-7.927196704611486,1.4256648190167485,-5.048518068936406,-8.195772538379748,-2.8831192153144856,11.543312179494878,-5.374575496480173,-2.1830144941198584,-5.848689977003604,13.949612273245442,0.3606552874707446,0.6230846825911074,-10.671623178890773,7.969781649355986,-5.815463327631658,4.088818062324913,-7.821740795078934,1.5341771792392342,4.929369381495884,-0.9344812814070254,-7.970399424737813,-3.317609649531695,-7.372445493328328,-19.251718049754903,1.6348221022255567,-0.6678927492122261
201,4.406003208184729,6.168579485951637,-7.297978897483981,1.7918217839026938,2.849382682722442,-3.6229458962168013,0.6649570708372154,1.8036957735918007,5.8061307353936895,-2.384734036971112,-3.3181901148387363,0.5232623268146904,-4.525474288937997,-6.773740433612648,6.34948950397725,14.535877426059878,9.026847221413437,-4.8155695735191815,1.7349572911554454,9.57157843757649,1.2227277700998345,2.9567191990054384,-6.068382879909204,7.251517346318887,-2.8229135842043527,6.1465242699700955,-5.783682976450239,2.0708148062837366,-0.2668672088457614,0.12816740169512983,3.282813947419731,-5.5114559008150685,-0.8997309110602554,-12.668840483743317,0.9391877115989218,-3.328581172592786
202,1.4597437850066595,12.46184144214708,-4.886439585564088,5.30383535428923,4.0209989225377845,-0.9570724088318494,2.0904548180346585,2.832096967161918,7.085889042488167,-3.410271322240635,1.9976404923565534,-1.3261943496003443,-0.530299716762134,-0.09949711269261885,14.229863649120135,13.608831668994865,17.9667434303128,-6.723055779021614,1.1422525023927494,1.2866916534852009,2.881197451328745,-0.0413155020499716,-1.2515220204178168,3.944780034678323,-4.001604217047594,4.08201095036098,-3.260796403398319,-0.08136953687181278,-5.272858556436033,-1.211898817091572,12.159814080413508,-4.397632404249542,6.079077071073104,-1.500574176712912,0.7900679950811424,-1.2341954823659391
203,-1.7254900758971974,14.807406902313232,-0.555796891450882,6.527422757781282,0.8325419085366386,-1.2478697482420473,0.26230822838082607,3.336850837158153,4.476730539178361,-4.728053265688371,4.561149504719948,-3.0442722695214406,1.3752245653648765,5.69876905120149,15.70956541810717,7.9660047681964175,17.35590440643077,-4.264373569464197,-7.2384577267328085,-8.54201038759582,3.346888163260051,-6.863039551796962,1.0853999968694181,0.9649360281016145,-8.48100619991215,-0.5925860504562758,-2.116607550797718,-2.510708746785412,-6.78923447612597,-3.228773366431801,10.825805329546636,-1.965022476351991,9.034172155419174,2.231164552727524,-0.5839670972556484,3.765899604680587
204,-2.1779868620999006,12.965226673350042,3.8883270888912436,3.4831797164313647,-2.6213753028791777,-2.0884303117589074,-2.843690136257483,3.022964744543543,0.313358125029778,-5.401196803137356,3.7250179064517117,-3.620868747939869,-0.4568700179153559,6.441818407603672,10.74968722401833,0.38769676247421575,10.529313001097465,3.6016901460837345,-14.365494501834013,-14.388087084136751,2.867125631291039,-10.695837878451055,1.6153588544349282,0.5941622281561092,-11.137458048912944,-3.8811252250963326,-2.764616989967774,-2.342103286665313,-4.280882205281939,-3.0806769141737296,0.7538330037983096,0.23890751904370833,7.062046463620298,-5.4289906012768645,-2.9745436918978787,6.5650316546005865
205,0.6156905542831032,9.055428041297258,7.352707559813042,-1.5093998252129068,-2.080920044864927,-0.1938196712610673,-4.047858069137651,2.282347968342353,-2.017434303857842,-4.635776525857497,1.4314526244997978,-2.8365198349466128,-2.682848014545684,3.4379638263157437,3.469476822687655,-5.241187913077218,4.0461505824814035,13.00081976396697,-12.152655710979383,-11.466679214214793,3.4495512441712983,-6.699714781070242,2.732874163559505,2.4913894704410007,-7.783499204914789,-3.1682103127241135,-4.120903068051046,0.6171611663030119,0.20326575728095309,-0.45417170587699024,-9.186637572488006,1.6378360427155787,3.0592145725172393,-16.548454450709478,-4.701258005536332,3.5153134063798555
206,3.982414325889276,5.038893655246618,8.910811475345067,-4.2983452331046665,2.5878678511600106,4.636340573886219,-2.0580537051570658,1.4348769866462265,-1.610560925031195,-2.2962269661377888,-0.4220483178386883,-1.243133965499547,-0.9142340169886926,1.2595495342904208,-1.7512918357946434,-7.070821662338412,1.8300872518091786,17.449505608908986,-2.0318070601443856,-0.43174075198416806,6.206263214957957,2.150704668492687,5.473268769225296,4.141224363628699,0.1578340402671269,0.47372108576249106,-4.670763065620345,3.2510030500742855,4.064716096055143,1.7671319209799474,-11.210315795577301,1.8887784116122188,0.6728953074435798,-19.506671132785932,-4.785988525012318,-3.8223634289235484
207,4.457752336957017,1.5152469800443065,7.8466847259171155,-3.0571823910791047,7.431845803041847,8.888197002362231,1.366784550097524,0.44160906392700816,-0.6733600971650104,0.8509985226757673,-1.9250709207690493,0.48987660541826367,5.585415702693316,2.617561647478415,-3.202237318973152,-5.917122739918378,3.208556998140958,13.245899517317207,6.422342302847881,11.972904067866656,9.41459939431171,7.316533137302922,8.66454866346048,3.30571015542183,6.451687795167067,3.4816220840629266,-3.5783143171242306,1.9601591287218794,5.996025507243312,0.7115616082232825,-5.115966766464467,0.5997118157695751,1.2463445237704687,-10.268590000210976,-3.9058334699698856,-9.610826531235052
208,1.124681222195528,-1.4904076092097225,4.555755342223814,0.05823902299209517,8.434586801091019,8.656411953726593,3.063018707596526,-0.7992150759210392,-1.7893753383232622,3.447393012290098,-4.316030507185022,2.096668946195622,12.97148463103388,5.772569543244887,-1.5981603276972869,-3.364645385012335,5.455400632352245,2.986865838571471,5.244879169275566,17.667593120920415,9.628776147657511,3.0893160688633823,10.885516811618391,0.13357283448686405,5.862852476385175,3.055687531524775,-1.051438917919081,-3.666580321685392,6.184363575614229,-2.953954358490146,3.0065004472829857,-1.874356294773063,3.4077281551245524,4.47709783166647,-3.2088503545644333,-8.850388012978495
209,-3.382778594080283,-3.498299411973175,0.895370681675113,1.2647968625687822,5.221816341487729,3.5300541732992445,1.1687733409356098,-2.206319885594504,-4.89272527062163,4.3538124634295094,-7.541509107667572,3.557447375083456,16.1995520032182,6.816412870068939,1.9386536880415313,-0.05185722574895742,7.00344199656832,-6.355228002354199,-3.89719435390161,13.47518462581294,5.062282189118619,-7.460199296170352,12.327603009282326,-3.038202591696564,-0.6508465943743988,-0.6051248701251283,2.0277072921091195,-9.965749066703173,5.26845118646719,-5.254191679613931,7.513200647976934,-3.83826452858594,5.009793923825634,14.502860338104014,-2.87045072748953,-2.1170014483588084
210,-5.270231135037481,-3.907754815354639,-1.078074490385396,-1.0190399143160607,0.8750920599820663,-2.7939374121476193,-3.5395895072392056,-3.654906542705638,-7.21443843567858,3.431642303661424,-9.279627102978376,4.580929460270064,13.249414032515215,4.01612236305159,6.8613162578976885,3.8953373444323636,7.996375424825415,-9.254624336045616,-11.435782793225075,3.2675269896886787,-2.0877628107460175,-15.110231951791413,13.979379975065893,-3.86744030884334,-6.5973837731444105,-4.796771765971671,4.7206777747796504,-12.107330149989956,3.4977257662281698,-2.9089111909270287,8.040461571849121,-3.251396201703013,5.059497386825328,15.518844135561768,-2.3597512403312995,4.605098420259904
211,-3.0609975962006315,-3.1365823517648543,-0.9748008974010542,-4.721417278051376,-1.4411808714574696,-5.682838702688412,-8.507937332805323,-5.0926381033294055,-6.220529303866989,1.6342405676841736,-6.911633761865752,4.532239460215276,6.3759043654617,-0.40202142267811053,12.294041346530525,7.331439260317355,8.704084845753957,-5.9970502543206115,-9.27969773083317,-5.770163389188903,-6.981538931934201,-12.993704175462527,15.19507728425824,-1.989779494246658,-5.9936093079800505,-6.64473753437704,6.491118737021271,-8.139829925128392,0.8942636275778011,3.0742257828111477,7.99240119238289,0.2604792094124215,3.930514264471677,11.713309151785714,-1.8720176365910743,5.154018669104089
212,1.2114979557845058,-2.7384086662787013,-0.38669093287720974,-6.324096202850342,-1.2539192085363426,-3.450836813571502,-11.292371229249603,-6.208503366733084,-2.3940001093611425,0.25447993892796184,-0.5666221185606353,3.089187210919906,-0.2885971434262334,-2.6349763140386466,16.054277809298767,7.994530774500905,8.586456351134242,-1.5946377529857718,1.7263936453631945,-9.081992650518613,-6.2697979582815755,-2.505072156689605,13.140982376069438,0.9754938115080705,1.0186387683664049,-5.11606979248475,7.3623761239708685,-0.4572191662630256,-2.131386473470805,8.11552296852579,9.350273135365272,4.548967755570704,2.30617509082872,10.03907528093883,-2.6580071101079183,-1.155924298933574
213,4.129190901484416,-3.9268237498341776,-1.008195299883278,-4.3459858076304805,-0.3559539467096329,1.524044249130755,-10.828898581923271,-6.05786593836181,1.0798536149822935,-0.057490570204598565,6.1191347046774265,0.9298530324381225,-4.172393699081576,-1.1296570276727482,15.573280869583998,4.522173363335279,7.183046426091876,-0.5335135703184166,13.252288986225517,-7.503773797227412,-1.2604890195082645,8.746615224346822,5.644314040943068,3.075048950861911,8.417755061266373,-1.371883353408502,7.7613169903657875,6.482120184265837,-4.690373248591715,8.464000947621404,10.047245972010554,6.520330110374762,0.4242510868578541,12.99600498043761,-5.380691545350211,-8.735593502618828
214,4.053261019745651,-6.1200826025130795,-2.544638453697672,-0.6488773768045464,-0.2952495217323303,5.096730999192413,-7.523880115577152,-3.5256290747498977,1.4058643883588362,0.37305037464414326,8.783761483978251,-0.504103135089485,-5.679219428373843,2.042907257469333,10.228582329896032,-1.6390498621123177,5.177237347680695,-2.5981887554635805,17.55685817476894,-4.979347084249769,3.003633285663566,14.050021422152616,-5.3356888902430635,3.5110110144073867,10.110720057268532,2.2797673600060597,8.098771607465281,9.821356162732961,-5.995649721093324,4.75340937412515,6.7242191579877115,4.830357110621978,-1.6618719234758494,16.99712105916471,-8.453438582469007,-10.699654604707446
215,2.1885131226510417,-7.406626443473661,-2.944718339005295,1.514923314658963,-0.8754959974666031,4.681636869907379,-2.7455201808895384,1.3066842232887843,-1.110730645607929,0.8384388795464622,6.292355272234703,-0.21464470637087918,-6.817186657871519,3.368267430334675,2.5230910414639784,-6.956718386435996,3.7596577186973725,-3.7449447036701806,13.802951762870867,-4.2735137793482565,2.157705193879653,12.390770241922262,-13.905011181928673,2.7279434340948963,5.62455489319198,3.8056573460296708,8.322475251190516,9.952114482315219,-5.844887480139732,1.0842096513631392,-0.5720171478329873,1.0203817231314523,-3.5340393796867255,16.896268009531255,-8.863998687997157,-5.137613538880737
216,0.7930607436871042,-6.665997747255831,-0.9736591504544628,0.5794296848530672,-1.0749413322429269,0.7859384650174452,1.665871075829681,6.214694232356791,-3.4215140100948664,1.103643929471775,2.055451422321553,1.2962791408811296,-8.816917919078652,1.1937414651014366,-3.579527581832847,-8.829054727238052,2.9589865645583795,-0.8421264217824352,7.07889860868454,-5.052981121807682,-3.5082153130550773,7.060512623616627,-14.866006950942838,1.5795734999131184,0.2552055911141999,2.5054112627189986,7.854109078037496,9.022928700155141,-4.42602343097025,0.7170724430862738,-7.324813867862127,-2.0418824103413797,-4.525971419957219,11.346462638402471,-5.201929525852355,3.128803157684754
217,0.7583319148124785,-4.969392108673952,1.7685128827484287,-2.1255077014164048,-0.7528175298808789,-3.994326810447537,3.9314726524207058,7.814129320334415,-2.6912799088322386,1.564223897700407,1.2121638096108729,2.318340272471613,-11.026547904069327,-3.007997342366345,-5.859118122227338,-7.784490986746185,1.3757187602471332,4.718024472801053,2.48903353846803,-5.545132699441545,-9.171577814434256,1.1193795958343817,-8.54252210685185,0.8312518754783942,-0.2506025466991931,-0.586042478984716,6.1314399862775995,8.300691951902545,-1.849534617394817,2.9387466420932693,-8.564995644043902,-2.7351686048264408,-4.394872787047405,3.890915347909441,0.3664896275315966,6.957928424587055
218,1.1793504977712825,-4.4739553475258305,2.0645871600326227,-3.942589144317471,-0.774017046908943,-7.0594318740221915,3.181116189275469,4.257110734223103,1.118662756316516,2.4958003126845067,6.042789369213338,1.4921515030520303,-11.8190151842273,-6.238429399017169,-5.487670836095908,-6.433563748184516,-1.8578357155225715,8.223154308236374,0.9905952896390643,-5.120454963828836,-9.685457207718674,-4.678518795237249,-0.7329274902538377,1.3034582547843456,4.811799428292683,-3.1746659938778197,3.3868266319742006,7.185024223157337,1.7688609483290691,4.252952831740282,-3.74578358689133,-1.6327596349375588,-3.609577719046145,-0.4313650143389799,3.8044846647856185,3.3544435598412337
219,1.065127857485596,-5.865563302623983,-1.3087684256309757,-3.4524316641749166,-1.4489092145647322,-7.182003823318044,0.2415183046642615,-2.652661850105743,5.411358021351756,3.2583309630958404,13.69840779109877,-0.8190817930260483,-10.374113848470913,-6.577640185246662,-5.506704050667432,-6.313053665720687,-5.222760667606276,6.365731584174292,0.4932597170070726,-4.7111546555343935,-4.160134575804886,-9.928861585198616,2.543307209501461,3.725166607876213,10.623627025253919,-3.1420863301170114,0.8531624516662286,4.600250183319559,5.6524271545361495,2.386300393057113,2.7283566180540593,-0.15176242529129497,-2.8174018064627844,0.7229374987738473,3.229108494155261,-4.024789767605918
220,0.868218049330979,-7.274779710234428,-5.487830376138493,-1.584972090867101,-1.5377925713451541,-4.6511116161638375,-2.562684931013049,-8.266397206150756,7.3838225857791855,2.5381772055917855,18.30776542790082,-2.7637328517680264,-7.630266773457429,-4.470907268475513,-7.738738769475295,-6.213434989355048,-5.903715807564405,0.6466194854250976,-0.4731553914595623,-5.014561889122944,3.1168777881836403,-12.332099100156706,0.35702816564209605,7.666389812012108,11.51635157088844,-0.29098465977882854,-0.07815658012214972,0.8998558277986488,8.151007310468323,-1.281708326874947,5.850148113406434,1.1653026999259481,-2.1807509052510166,5.371137530219798,0.9381155359501742,-8.534789932625634
221,1.836251059357001,-6.155975332065505,-5.76966529233115,-0.513600117089797,0.47617566828825036,-0.7982060238338855,-2.956620563201758,-8.643630657573135,6.196862235361216,-0.3116845569136191,15.678880438512685,-2.7104377723774133,-5.621917736773589,-2.0228917057416878,-11.247296435492379,-3.9852608235514895,-3.2912961804136938,-3.969007212288526,-1.3585486995930574,-5.151789416464007,6.1729765309363,-9.07739046276832,-3.1508980904306685,10.572264608071775,6.116131276804573,3.0185926389329287,0.7881791859256978,-1.981437812046129,7.782888110803098,-3.3732456035759983,4.61484109260598,2.5842014903924904,-1.4910403106893813,8.619500964727937,0.8896696987200756,-6.740910584525186
222,3.9092489955376606,-2.271134159090568,-0.4803901381638585,-1.6565169120321468,4.043162366565393,2.535872151657027,-0.5844822611127581,-3.8743772689177067,3.0292397611299338,-4.084376931798701,6.645765620834974,-0.778368201638971,-5.808762823744696,-1.3280016243913952,-13.682077898054708,0.19345234129197744,-0.8533380609385821,-3.7502423384968115,-1.5816479471265052,-3.7131863722995835,2.1696853686352164,-0.7762135997110483,-3.9587720000014013,8.73184163229806,-1.7505806789410359,3.374340698731189,1.866485325049381,-2.347357712077851,4.834457214997739,-2.297583691851825,2.174118729061162,3.5864121157447904,-0.9076209262925752,5.635681200392392,4.054256014677943,-1.2560394978036686
223,4.847703187403326,1.5881313596452986,6.491824638174505,-4.60435179666597,6.084167602110882,3.6793611469317455,2.52739086321422,1.9559719614228424,-0.478975452634753,-6.108681945168242,-3.6011559767838643,1.3404608624322074,-7.75771782349567,-3.1369204983419303,-13.783454090965037,3.0130362729636992,-3.2948986170243244,0.42971049401224876,-2.47984339023123,-0.9527315509562589,-6.506196453863261,7.10532579130056,-2.809864840489261,0.4005809834379019,-6.728620537081543,-0.7995234052745663,0.8248017345155988,-0.5558056101507071,1.71525696345738,-0.01484813799663466,1.7421059383421529,2.1593784174444726,-1.1873637778418404,-5.347273158783815,6.793783275752651,2.2545387525947724
224,2.1044606153606153,2.2593295282247117,8.585522634642464,-7.594851277312454,3.6115262435407054,2.09139892246042,3.6116533498374785,4.309970794283614,-3.468163028055308,-4.274810732627402,-9.467150899828697,2.0797379102025713,-9.249217793953662,-6.399891738988916,-12.298080746008425,1.0678402139824263,-11.105994377817426,4.25959173472104,-5.974006248676047,0.8098408893054846,-14.37099650563026,8.226164278308195,-4.11479288461257,-11.45202076313447,-6.3460085416326715,-7.393508936069449,-3.3597718799600798,1.1659963526287858,1.145296419153408,0.06460970214435033,2.9412323929825606,-3.443753802046484,-2.7697642561124294,-21.156497680411047,4.530064595673157,0.7101049094784017
225,-4.201457732186025,-0.3743076444584496,2.5266281512318827,-8.77200499693958,-2.9226507801486523,-0.9465585801066184,1.6172047987276195,2.068034993446603,-5.691733943564551,0.9419994731338657,-8.930046391730405,1.4706337348919134,-7.850875131937922,-8.663468287915599,-10.56160855293274,-5.256769739091396,-18.40903829828817,4.3078808886550215,-11.231319235295665,-0.4238829113999192,-17.0796464432259,1.4968267216974376,-10.160488803775943,-20.003095586689152,-2.2623301318713596,-11.810597860083288,-9.091462247225703,0.8023769107400155,3.5417659207418257,-3.286814052231458,2.542241999385308,-11.96099118310578,-4.6466114764310875,-34.281606572014944,-2.8197540181631946,-3.65199634736898
226,-10.470893217592824,-2.938729140223289,-8.397747160828843,-7.178834174968759,-9.23181987781914,-2.83294634946755,-1.7641685845292345,-1.816259686435972,-6.690119554801863,6.400871382075913,-4.548192982010695,0.8799168576999586,-2.901546624242043,-7.2707396405083795,-8.6739979520136,-11.353565788390686,-17.545106836727687,1.1006245120447509,-13.786793105456294,-3.6119013708464953,-14.19255063485126,-7.083113515255403,-17.04892190135255,-19.415226093360356,2.021802173585308,-10.604030357939857,-12.985298222425033,-1.5475051257075096,6.238800087753607,-7.807818384803071,-1.4225773774847692,-18.664310087050712,-4.640020426438779,-36.7931054648088,-9.578778347190546,-5.878099828654406
227,-12.302557394820816,-1.8568203899325157,-17.10358676618459,-3.085222520390335,-10.7059987953731,-1.4548839744256468,-3.5455256718762067,-3.3483006156676884,-5.7272840422026965,8.507900512473164,-1.0216185553189443,1.3316774629816717,3.6084422698358494,-1.127075647213021,-5.524400126112967,-12.30421360171571,-6.818871013668119,-1.9401746894023857,-9.243509986570903,-4.952468527956125,-8.572739289731395,-9.466237965058916,-17.34930696961831,-9.925668791240575,4.161086556862812,-4.4623518315505,-12.423201544248329,-3.8254344302172565,5.719553069800747,-10.015704822783567,-6.897365158917952,-18.567114967472698,-1.381565763329973,-25.990839272129293,-9.19790029191241,-3.346896398432401
228,-8.358114861103953,2.891520986751634,-18.883800893413778,2.1766891199715284,-6.649733837769956,2.978553574912402,-2.082837753606086,-1.188755321867612,-2.7555378584229215,5.965812730697953,-1.4246440097993733,2.2368598160695057,8.152531813602058,7.9235829723124604,-0.6242532097563451,-7.376733565817074,6.430327639287832,-2.3133687522946573,1.784713981102924,-1.4619333246836856,-3.5052505926210054,-2.964513696730137,-7.416635448835334,1.6204859006161592,3.956194409606408,2.2883710642250215,-7.750873507285605,-4.022817382398917,1.0192720300080824,-8.518281866093071,-9.567182520214391,-10.785864286124706,3.8317340977337895,-7.509060775747105,-0.7795376576939408,1.8408688951511771
229,-1.6290350939546312,7.51806744568202,-14.953010347120616,6.719050410450722,-0.9862218681646853,7.788704036145794,1.552518142425284,2.479524065037163,0.8171860989259214,0.6984173436554111,-5.0058286290387715,1.9425262322231216,8.204492418893746,15.482183014859958,4.530089226304268,-0.5314937319074359,11.530419845970309,-0.9637316878961057,13.02678221859494,5.64534842222929,-0.24372203374395565,7.237128187199028,7.97209694920754,6.943631349169478,2.2958279045260683,5.392725788817113,-2.1245245909204287,-2.032028324750005,-5.028662435406325,-4.950887063328101,-7.317556716045555,0.17259974625645852,7.545603510676598,7.78717437568976,9.435595621868055,5.315049685993973
230,3.2628417185374667,8.130588717606603,-10.086823816202125,8.953763581964434,1.4645532698047405,9.783140518227402,4.722046754798111,4.464972521577563,2.7889522486651432,-3.842827429576796,-8.07869090114207,-0.4153649989439517,4.332126218445447,17.15542494700461,7.416461805908048,3.6037373402897193,4.346773696797235,-1.002597552477097,17.683352677189575,11.52725484176558,2.1928012468376936,12.973168969154358,18.816412685477005,3.0508068349896647,-0.008738696575164795,4.235639219381372,1.023270077851354,0.40322206731961696,-8.174805957823992,-1.8670732196496458,-2.578834745956927,7.820617252162525,7.092376614103512,11.857716741002335,13.518314617020744,4.98714192728607
231,4.1519506649703395,4.674707702836212,-7.172328108427476,8.52985609307581,-0.4553901638303484,7.78619445465049,5.715680711731618,3.702004481183023,1.9378277239750843,-5.449603788706721,-7.1765983585192235,-3.7007311357527364,0.045198592300317725,11.748037154577217,6.95887690782547,4.133625478768836,-8.16598898537305,-4.097834376656279,14.56005222639259,12.082736050596042,5.3415629480946425,10.523402454293503,18.36113419824717,-5.437506726353752,-2.2031124520058536,1.967476449906826,0.7839717937975513,1.4279054476290334,-6.65893934758342,-0.13604386181247477,0.018309126094895965,8.890448313586566,3.320956652261773,6.032606127006667,9.126375950112635,3.010917135647365
232,2.825470670145385,1.024303855260416,-4.537331294040291,6.6341785739879215,-3.3642874299263466,3.5415816459120535,5.160050979682377,1.8817410769359189,-0.7760334100042071,-4.5592663288116455,-2.0051414188073604,-5.562263875591512,-0.7526009934289115,2.4590355766062832,4.812584196426431,4.160738406132679,-13.74046377563963,-8.337999564500487,8.884126286117398,7.8795371469186275,9.534365184453069,3.358589538506099,8.85993179678917,-10.499046846349932,-3.1082192245794804,2.149111819510557,-0.6213369028908866,0.6924881260005795,-2.853839208885115,1.3600318419690034,-1.7318207463819761,5.577679137794339,0.19904628821781703,-0.20624378749302455,1.485383117077302,3.292959972303741
233,2.5957407942992083,1.0453258862300796,1.2402098811402613,5.115184540043072,-2.9860897891375484,0.1734507412326579,5.046147741681459,1.2300974361750545,-2.8816109150648117,-3.2124783986685226,4.096725029129611,-4.540482814214667,3.178186072986953,-5.251787959312906,3.8551117157449526,6.8012392618218245,-5.981809000503652,-9.795052673743696,6.712153904292048,3.56779023822473,13.50374766636868,-2.009194863694055,-0.8531254718498308,-7.643338497804136,-1.6140601732292954,5.221199495451791,-0.01599275579257887,-0.6674770195873416,-0.9548086140836988,3.709847184468289,-5.493000566351171,2.896936864269023,1.2368299279894148,2.1663487292065913,-1.8561273129010687,7.244666534418962
234,4.588864705696398,4.618808510352154,10.317164061629043,4.902467696490336,1.3855367290730378,-0.4088808729940531,6.458416024032904,2.0046627789127585,-2.4431600893030363,-2.794063541353965,6.6035440339117635,-1.4449976074452302,9.34637827015653,-7.611201440801426,5.269547494090333,11.315944231286341,9.520478723000506,-6.259102313494195,8.54771737875987,3.197200573220545,15.382824785855352,-2.3614645953081093,-3.534245425265054,0.6661417411298168,1.875982383190065,8.198208108848455,3.6742014924482422,-1.449187008702025,-2.9180426202258287,6.1853659183395155,-6.890073083493174,3.8939465357332814,5.972564798380647,13.28358846598742,1.7260115535891787,12.119182949315528
235,6.596490167841619,7.681102158463731,18.05227810296477,5.105243967503918,6.081152654728111,1.1344245754334392,8.324137086162763,2.3611740299633572,0.37073224265964666,-2.8098950183057054,3.3240716579009075,1.3549041498680503,13.419880504510841,-5.032606115146559,7.252000387834043,13.54434523047233,20.047473586335474,0.5037299637891808,8.826986911345502,6.107586564458146,14.049695460011764,0.08733280793744691,0.4229751689815704,7.88221553697878,4.807876303792,7.752694968115158,8.21832545922727,-1.6066509083825715,-6.623871891436224,6.800827337314888,-3.9484381262136967,7.29637061576454,10.030045055005015,24.085789339274776,7.763586997681735,13.532101346521962
236,5.578295698655503,6.24869464831997,18.932507729043767,3.8208546425615038,6.644709798754478,2.52965263718245,8.41559825487891,0.5773230508273962,3.573655749462089,-1.7721420550832943,-3.766438773700169,2.0292748547330195,12.557239840225298,-1.1185882998896497,6.805431570021474,10.224258119962654,17.05608772227959,6.114245876973989,1.9860904958783363,7.603777805153205,9.803246079658976,1.2097421093862883,4.5226254779465345,9.414273296083723,4.059964743499854,3.54361661721249,9.868221622948743,-2.0513037491817863,-8.042179198897614,4.56326251127282,1.0704000747325468,9.477297135761805,8.9633887245947,24.65848386044405,9.466367021127015,9.579869287354606
237,1.1008991513933455,0.38099688244033225,12.059452784304716,0.11668410939069426,2.178388769339238,2.086760306236695,5.57714611839275,-2.861991824544206,5.110406887470459,0.8791722763253718,-9.908119020413379,0.7562764215530181,7.441314485912421,0.7360642464185247,2.8835054772848987,2.660326033222432,3.400375428248425,7.2218107407798575,-11.021010313715253,3.816290019726267,4.123322559862721,-0.2955113448658768,3.1765602297928868,6.0941421158459725,-1.1993115129405443,-1.4604014805993255,6.619270616648149,-3.372708981286506,-5.204339960399939,0.8307374600245028,4.109509285007205,8.298822388357046,2.390250072187307,13.411290616405253,4.425108727143735,2.554515692652488
238,-3.9028962529739557,-5.815082191204538,2.4946335614943993,-4.656599268621328,-3.8057125429717864,0.06528945784179532,0.9772247173348252,-5.549562092015178,4.407771350169669,3.864051851691032,-11.120996900967189,-0.7520546708636138,1.440244844677497,-0.026686468598793964,-2.308041116412805,-4.107980627794655,-9.891117350179321,4.062780936153567,-22.503736747086656,-4.114974639853653,-1.088471373733209,-2.0598872303962708,-2.9629752721105302,2.2990260981783575,-8.128469063311208,-3.8166928753560905,0.09559943238083198,-4.930335745519521,-0.05663611086047426,-1.7899034190542844,3.306652239390782,4.893352351398493,-5.486274969821074,-1.5552560182250277,-3.347607580982909,-3.1921451018781077
239,-5.825684347323009,-7.999619623836206,-3.065609166816789,-7.6446269607665585,-6.678024547440665,-1.8827891228150349,-2.8024964101460514,-5.4635318123868535,2.4662147541435395,5.10552219118999,-7.103474076305117,-1.0339307192028786,-2.181114370725593,-1.4482513994586712,-5.205583185565715,-5.812839535426121,-13.632699698817973,-0.18927281121818387,-24.574109653429108,-10.747728114225426,-4.294563068114981,-1.4393718935245154,-8.250824896048526,1.2686695687624874,-12.063604861193774,-2.676901155588578,-5.600506274067626,-5.318042858522766,3.513292243742213,-1.849549567212864,0.46990892747227025,1.9848886916832047,-9.46943191362887,-9.951347563035634,-7.640430046587574,-4.947532592987527
