Timepoint,1,2,3,4,5,6,7,13,16,17,18,19,20,21,22,23,48,49,121,142,152,153,154,156,157,158,159,160,163,181,182,183,184,185,186,187,193,196,198,199,201,202,203,229,301,322,332,333,334,336,337,338,339,340,343
0,-2.4438884,-0.9629047,3.176429,-2.1249342,-0.20611393,-1.0498896,3.3410988,-1.1509552,1.7842551,-0.91203,-0.31753692,5.5306253,-1.1277698,0.68844754,-1.0935752,-1.734193,-1.2472631,-2.6797953,-0.03632142,-0.11202152,4.517302,-1.1717727,-2.3342426,1.6203887,-0.7178207,-5.5184283,1.4709275,1.1477774,0.48631892,-3.61826,4.7563596,-3.206975,-3.631066,-3.362477,-2.2787485,-6.0756736,-1.1449885,-1.9692478,1.5491816,-0.971533,-2.1129942,-6.087544,0.78343046,1.3510761,1.4246547,1.7693031,2.5590956,-7.608498,-0.0062867017,3.9966877,0.82666504,1.0494472,-3.2285647,-0.80519605,1.159
1,-1.6652027,-0.9202545,3.6906006,-0.33297876,0.8445594,-0.14425784,5.1003027,-2.326624,1.2777531,-0.9437197,1.1432271,6.54266,-0.6729209,0.3197891,-0.1575608,-3.1516936,-2.279439,-1.4182407,1.4474735,1.5019593,6.134397,0.9278493,-2.546579,3.3447516,-0.37534058,-3.5020282,3.184536,0.73956966,2.664558,-3.5749612,3.360049,-1.4347075,-1.5579786,-3.5002413,-0.38881633,-0.9626759,2.3706174,-2.5989714,0.14159916,-2.5861144,-0.81501985,-0.4555736,2.448639,2.8449874,6.377126,3.0230486,4.3187513,-4.4941964,6.2921543,5.2702665,4.1201477,3.7460601,1.5105404,4.3441644,1.4994391
2,-0.51990336,-0.39402285,4.7969275,1.344926,1.8555412,1.313666,5.521417,-2.0256639,0.35878468,-0.9799607,2.0072386,5.369713,0.20050305,-0.29708576,1.1842514,-2.9642344,-2.455212,0.010291962,2.4687738,3.0246797,6.729973,2.526081,-1.523423,3.1276472,1.1414616,1.3813692,4.1202135,0.529463,4.352199,-2.3243518,-0.8845937,2.1177654,0.6954235,-1.9669713,1.5483087,5.23153,5.245103,-2.0243447,-1.3272228,-2.586765,-0.31323504,5.6342363,2.8322303,3.8372173,7.825441,2.7930245,5.4585023,1.4548007,8.990831,2.8053331,5.202705,4.951767,5.878088,8.112288,-0.78415614
3,-0.07258979,-0.064582855,6.071996,1.2098126,2.0530558,2.2625914,3.9813545,-0.51235235,0.11486795,-1.2780284,1.378612,1.9957255,0.8985669,-0.7372131,1.7563034,-1.5745891,-1.7156577,0.7553632,1.6407243,3.478712,5.5651493,1.3979685,-0.16584502,0.6729327,2.7893755,5.359245,3.7535427,0.640983,4.2953434,-0.80450106,-5.079188,4.706768,0.938395,0.5913515,1.9859493,8.330962,5.4958205,-0.63335323,-1.5205525,-0.6506183,-1.3382949,7.402721,1.0939443,3.8379998,4.16689,0.26096973,5.0222864,4.927057,4.6195683,-2.4796398,2.5003624,3.3819764,6.3019166,6.9680133,-4.4240494
4,-0.67866206,-0.5938554,5.456357,-0.88302696,1.1146741,2.035539,0.8862953,0.8343274,0.93222934,-1.5767123,-0.40100688,-2.6363735,1.1329695,-0.55865043,1.1016376,-0.25269774,-0.45352116,0.9371209,-1.3538761,1.9056265,2.081745,-2.5226586,0.3926768,-2.3665023,2.9022412,5.0181975,2.445707,0.695189,2.2277706,0.07441487,-5.9254603,3.4054465,-1.2287134,2.7409258,0.6440442,6.695551,2.830463,0.59003794,-0.12217802,2.1125183,-2.7066386,3.651487,-1.8952647,2.804423,-1.9115789,-3.3965297,2.4635215,2.8787136,-4.430395,-6.454869,-2.2155602,-0.06599876,2.6406052,0.8616188,-6.3886123
5,-1.4616661,-2.0634282,1.2257396,-3.1120973,-0.38421986,0.99071056,-2.362788,0.93216336,1.987834,-1.1319588,-1.9362377,-6.8253303,1.0969982,0.35507047,-0.031227116,0.0058833514,0.8749143,1.2964194,-5.1027317,-1.7103426,-3.2904007,-6.3940487,-0.15881726,-3.7512345,0.61107427,0.41322315,1.0875121,0.27559575,-0.7476945,0.25544128,-2.5413966,-1.9557452,-3.8153856,3.5262995,-1.1592717,2.6246972,-0.79506904,1.1077207,1.8586537,3.9484737,-2.3799767,-2.1188314,-3.9053252,1.1967407,-5.355225,-5.562877,-1.6879078,-2.0873396,-11.267746,-5.0288625,-5.0383873,-2.8752975,-1.588866,-6.2197466,-4.4310203
6,-0.9958226,-3.7669122,-5.5440063,-3.0984678,-1.236812,0.2065738,-4.074699,0.16632715,2.0487225,0.582082,-1.8972104,-8.72111,1.1795903,1.6377558,-0.3212728,-0.6507856,1.9893464,2.2127855,-7.184127,-5.7885985,-8.519827,-6.5277486,-1.0593252,-2.637174,-3.1242187,-4.7395487,0.36589915,-0.5565843,-2.7984884,0.4733465,2.7596302,-7.8076277,-4.1150384,3.3061962,-1.5730219,0.39130417,-2.3815937,1.407274,3.1411483,3.827384,0.48001277,-4.760623,-3.0007715,-0.26595438,-3.001957,-4.3490024,-5.587915,-3.9082515,-10.222184,2.0412295,-3.2641783,-2.9700148,-2.4931145,-9.115307,0.9205924
7,1.3588569,-4.504877,-10.81008,0.05104052,-0.4942794,0.50701845,-3.250647,0.08801284,0.8640332,3.0921586,-0.088377826,-7.3244166,1.5642993,2.6203125,0.9424934,-1.0933793,2.6993792,3.2136464,-5.9362884,-7.7363605,-10.621618,-1.6559606,-1.2370001,-0.27357036,-5.925803,-6.1038904,0.366408,-1.2592181,-2.60473,1.4016213,6.4356976,-9.251858,-1.142762,3.3013563,0.25762874,2.593862,-0.089694805,2.4690242,3.4773192,2.203605,4.5407443,-1.852489,0.7997192,-1.0260783,3.653778,-0.4070424,-6.828637,0.8933922,-1.8431875,10.436396,2.1667578,-0.44645643,0.55281097,-5.476353,6.7166266
8,4.7159443,-3.2681842,-10.516352,4.8834743,1.7156348,1.726104,-0.21549273,1.8602456,-0.31841505,4.9089794,2.4365747,-3.3519666,2.081113,2.7461696,3.2079806,-0.2398228,2.757085,3.4968534,-1.9216264,-5.767217,-7.684424,5.6086326,-0.2819307,1.256134,-5.7078614,-2.342576,0.7866612,-1.3208314,-0.27647945,2.885458,6.5812507,-4.1606407,3.4454305,4.274194,3.5083554,7.9522915,5.2302866,4.611653,3.7449894,0.4882701,7.407601,4.5402184,5.3104243,-1.0137066,9.765381,3.4632745,-4.0310874,9.1758585,7.471945,14.612851,7.3891296,2.5770528,4.432987,2.4187322,9.844622
9,7.2516894,-0.004230031,-4.280688,8.669114,4.16517,2.8790836,3.5276854,4.9434133,0.16150501,4.5137405,4.219371,0.85844946,2.3541112,1.9291168,5.085266,1.9400338,1.9888675,2.8307009,2.2350993,-0.5934225,-0.84719884,10.6327095,1.3101492,0.98745966,-2.345821,3.858695,1.3606639,-0.74519885,2.7429056,4.0202155,4.1146994,4.625924,6.7800164,5.664358,6.3386188,12.336656,10.431666,6.884131,4.644455,-0.2753688,7.6889224,9.999358,7.6959324,-0.6393399,11.269435,4.689406,1.7842134,13.457246,10.937817,12.283137,8.821733,3.8052986,5.3825426,9.421358,9.0915985
10,7.6152782,3.985749,3.716703,9.420081,5.3808784,3.031402,6.1329627,7.326697,2.573088,1.6203343,4.397284,2.7191682,2.031831,0.59234643,5.3951826,4.261545,0.6456732,1.7894953,3.720033,4.6574945,5.7283225,10.378077,2.7394187,-0.20858371,2.1056063,8.130448,1.9423105,-0.013501597,4.683879,3.9709072,1.4557546,11.207453,7.1527877,6.077198,7.229807,12.018373,12.171941,7.672816,5.4368014,-0.30461097,5.966638,11.439711,6.5132437,-0.4455018,7.97061,3.0569186,7.321842,8.737727,6.938083,5.9590464,5.9404397,2.598741,2.5341406,11.258141,5.376633
11,5.8961725,6.4667234,7.8344574,7.1366134,4.69567,2.0316586,6.406016,7.149541,5.054168,-2.3942318,3.0731485,1.2409239,0.94022715,-0.6345253,3.9070966,5.1092296,-0.4967903,1.0747278,1.7131884,6.5889335,7.46198,5.5741,3.6001172,-0.7785979,4.8795524,7.8986263,2.2172804,0.4073662,4.5862775,2.7162802,0.23737316,11.229528,5.1467957,4.662065,5.8804736,6.4042625,9.176239,6.01427,4.3215218,-0.7155517,3.8422294,8.948665,2.6253421,-0.68263155,2.8582308,0.5657757,8.943704,-2.5421774,-0.24408631,0.26042774,1.2574301,0.21732323,-1.5228295,7.259255,0.4492383
12,3.348797,5.569781,5.5213604,3.4164612,2.6419473,0.49340445,4.3645024,4.261052,4.893424,-5.3466754,0.97305214,-2.1193593,-0.81542087,-1.3289886,1.2721797,3.57078,-0.6265469,0.7420422,-1.9390297,4.128644,2.8070276,-0.32115915,3.948166,-0.21878113,4.4830627,4.002464,1.5718886,0.47700867,2.7594247,1.034098,0.25056052,5.2816157,2.682009,2.0064344,3.109894,-1.7695824,3.0155382,2.4291093,0.3823533,-2.2699387,2.2507677,4.6408124,-1.6568123,-1.1499541,-1.2620931,-0.73905104,5.2146773,-12.275437,-4.76544,-2.2660027,-2.1394124,-1.5326949,-3.5139813,0.24088351,-4.3412304
13,1.2651609,1.2939135,-0.699261,0.06490545,0.41592318,-0.81293035,1.096666,0.36353964,0.92463183,-5.7265463,-1.0914766,-4.4731483,-2.758013,-1.49908,-1.5440897,0.14242473,0.32120436,0.25937274,-4.2235136,-0.63559496,-5.267302,-4.1023345,3.831267,0.4562893,1.6390604,-0.5794414,-0.45595527,0.49878493,0.35745454,-0.17826568,0.2884072,-1.8039476,1.173622,-0.34832475,0.124842085,-8.548974,-3.0717852,-1.4344643,-4.8258524,-4.438075,0.8831248,0.36161187,-4.326127,-1.4226604,-4.1670594,-0.679501,-1.8758531,-13.681207,-4.2387323,-2.7997663,-3.0019925,-1.8360323,-2.6266444,-5.8484707,-8.145133
14,0.10656006,-3.9924035,-5.5397944,-1.9739181,-1.052379,-1.4903297,-1.9113255,-2.2972136,-5.0562377,-3.597894,-2.4985533,-3.6867855,-4.080678,-1.4789639,-3.7191586,-3.431749,1.3578832,-0.67561394,-3.4421535,-4.141295,-11.213109,-4.875376,3.0133717,-0.036307048,-1.463497,-3.302682,-3.4379914,0.67352116,-1.4717277,-0.5555427,-0.3776421,-5.0117617,0.65591425,-1.2809211,-2.1294122,-11.256768,-6.3263965,-3.9604738,-7.9676995,-5.6893992,-0.81786025,-3.2786405,-4.818681,-1.2485335,-7.264809,-0.66889536,-8.119045,-7.000323,-0.8763369,-4.0734496,-2.229234,-1.2257273,-0.90909505,-8.416093,-10.077346
15,-0.40974316,-6.8326774,-5.401739,-2.6739607,-1.6149355,-1.5382756,-3.5570328,-2.5097463,-9.253546,-0.2779815,-2.8572574,0.035860103,-3.997155,-1.6121845,-4.6976852,-5.0952005,1.1012192,-1.5756978,-0.55768234,-4.115113,-10.904383,-3.6433506,1.3350778,-1.6765423,-2.880475,-3.557301,-5.862058,0.8010828,-2.2001562,-0.33681747,-1.4831425,-2.957696,0.4711643,-0.99692285,-3.1761365,-9.617447,-6.0142007,-4.5135946,-6.6828337,-4.776284,-2.4427433,-6.06188,-3.8010585,-0.7525701,-10.66243,-1.701421,-9.949738,1.3245437,1.6355131,-6.9552007,-1.2966437,-0.70083755,-0.78326654,-7.2003407,-9.250644
16,-0.6090315,-5.1494102,-1.0475024,-2.3772068,-1.6767203,-1.0678585,-3.6185503,-0.7126015,-8.60934,2.761831,-2.103369,4.46825,-2.3082807,-1.9789306,-4.252088,-3.6863422,-1.0088117,-1.6313058,1.7953045,-1.0811328,-4.5631204,-1.52084,-0.7203539,-3.0010996,-2.1950824,-2.2185152,-5.9797616,0.4649196,-1.9667883,0.05636116,-2.4322476,1.6556748,0.42572212,-0.6288212,-2.9511762,-5.2253194,-3.4517655,-3.5284917,-1.9541082,-1.8675432,-2.7605457,-7.19127,-2.1803637,-0.28335395,-11.854365,-2.930085,-6.836258,4.913146,1.8569322,-9.443584,-0.7511481,-0.6964232,-2.4614012,-3.6371896,-5.6768208
17,-0.43306628,-0.02836412,3.5555947,-1.4356508,-1.6111901,-0.18696006,-2.768555,1.5966707,-3.1575828,4.748205,-0.6853328,7.1969824,0.25742674,-2.3570204,-2.7082496,0.25270566,-4.004573,-0.7516549,1.7751993,2.4763656,3.6474402,1.187173,-2.0794802,-2.6177838,-0.5020494,-0.33097303,-3.1896625,-0.4871112,-1.2256213,0.4204358,-3.0136998,4.863851,0.99082595,-1.0225061,-1.775999,-0.29684514,-0.79204816,-1.9426129,2.3486645,1.4546065,-1.1787275,-5.774459,-0.46608132,-0.08362832,-7.9177313,-2.489378,-1.4109166,3.0124893,1.2257673,-9.002017,-0.23073606,-0.9047461,-3.9364147,0.37480542,-0.9706363
18,0.27654868,4.85899,4.749469,-0.29471758,-1.459218,0.8167951,-2.1268654,2.9462254,3.8907638,5.6104474,0.4858175,7.3109016,2.3537874,-2.410168,-1.0852798,4.607066,-5.946365,0.07022408,0.042278588,4.2654943,8.8486805,4.236836,-1.9425434,-0.7977617,0.65929973,1.5505197,1.233262,-1.6651704,-0.3899353,0.7945155,-3.2651305,4.693714,2.4041822,-1.9634862,-0.34598005,3.302443,0.39324334,-0.6115776,2.6668558,3.2983913,1.1597117,-2.2813878,1.0373595,-0.12082438,0.8328957,0.28750178,2.644365,0.23854952,1.5688748,-5.5797644,0.42389944,-0.8924751,-3.3475375,3.3613033,2.324802
19,1.2366245,6.02162,1.8208647,0.41633686,-1.1347681,1.3666894,-2.5636415,2.634384,8.379715,5.445632,0.556671,5.575356,2.890123,-1.9383198,-0.6841482,6.8359113,-5.387961,-0.32205558,-0.89191943,3.6733909,8.77503,6.4089637,-0.64720887,0.5905203,0.44631034,3.0424597,4.8443832,-2.3607616,0.28533718,1.223127,-2.9110293,2.1012275,3.8876412,-2.54524,0.501413,4.5010195,-0.16116025,-0.064012066,-1.0941439,2.7263536,2.0771604,0.99213576,1.7705126,-0.21757656,9.7438965,3.7308595,3.2067294,1.243227,2.6934505,-1.99644,0.5419686,-0.659912,-1.0462523,4.571046,2.5617037
20,1.6841507,2.9043107,-3.1291828,0.19850191,-0.77263564,0.9222799,-4.114954,0.8568419,7.997283,4.1973953,-0.58549523,3.2494543,1.8107033,-1.0138206,-2.1468625,5.544848,-2.5265253,-1.9085083,0.8738139,1.5839522,4.711318,5.9389606,0.47972158,-0.1395942,-0.88968116,3.5472767,5.7298136,-2.0842428,0.6364065,1.597466,-1.470233,-0.6407941,4.0903893,-2.1721447,0.2696184,3.1959941,-1.5940428,-0.45983055,-5.4297376,0.23298307,0.36091185,1.5044549,1.026693,-0.29100886,13.020296,5.1770387,0.8337619,5.8498597,2.759517,-1.232803,-0.69952315,-0.5331176,0.82925403,3.9368095,0.31958628
21,1.01177,-1.7862445,-7.251769,-0.82644594,-0.73030514,-0.4580165,-5.893372,-1.560743,3.5603917,1.8962466,-2.1331975,0.9083431,0.10019286,0.05985352,-4.7438464,1.4511994,0.9643749,-3.255166,4.6367483,-0.7701801,-0.21684673,2.3027096,0.32632208,-2.7360744,-2.432875,2.58307,3.8332896,-0.95055026,0.5324448,1.7208217,0.79153836,-2.0882108,2.4293501,-1.114079,-0.8223419,0.2791675,-2.6459424,-1.531996,-6.391559,-2.7415342,-2.9619377,-1.2205485,-1.3012649,-0.40566984,8.6085005,3.523167,-2.211703,9.338388,0.7607108,-3.4717948,-3.1235445,-0.6494137,0.6891147,1.9226373,-2.1480098
22,-0.5650561,-4.5397253,-8.789309,-1.8779991,-1.2018777,-1.9563187,-6.644172,-3.5714042,-1.9451377,-0.92117715,-2.9936328,-1.6189312,-1.0285974,0.9054695,-6.721347,-3.036287,3.257169,-2.8579643,7.4963264,-2.5694783,-3.5442176,-2.652836,-0.8804747,-5.0503445,-3.3305492,0.46345013,0.8169215,0.39035937,-0.07183017,1.4513453,2.2880118,-2.3279169,-0.13105246,-0.12770441,-1.9853594,-2.7025464,-2.441105,-2.6033256,-3.2021275,-4.700199,-5.480517,-4.967562,-4.1711698,-0.58558357,0.15472734,0.34127906,-3.9368489,7.2470946,-1.9468176,-5.979785,-5.3811693,-0.7448075,-0.85747474,-0.71338224,-2.9389644
23,-2.0631049,-4.068906,-7.479957,-2.156193,-1.8959714,-2.5901036,-5.650062,-4.383325,-5.579258,-3.2314756,-2.7342715,-4.3901057,-1.0753242,1.2395362,-6.6475854,-5.4423847,3.6700542,-0.8010303,6.900519,-3.306574,-4.693823,-5.856742,-1.7415553,-4.895875,-3.2355747,-1.674615,-1.3744748,1.1847986,-1.0402765,0.7530067,1.1308439,-2.1102376,-1.8264159,0.3111105,-2.4910607,-4.359204,-0.96621823,-2.9212906,1.0206784,-4.736498,-5.612127,-6.759628,-5.8554893,-0.644056,-6.002946,-1.6537578,-3.9032586,-0.24026567,-2.9476693,-5.911499,-6.118476,-0.51214856,-1.7780209,-3.219261,-2.0706136
24,-2.531816,-2.10463,-4.0305395,-1.5920151,-2.2050571,-2.1065938,-3.3331697,-3.8992662,-6.178797,-4.111531,-1.9228203,-6.6948586,-0.5131952,0.98061687,-4.632145,-4.8876586,2.8584087,1.078777,3.0386188,-2.5219152,-4.4094405,-5.6328135,-1.1047039,-1.9674656,-2.2725148,-2.7860506,-1.9713347,1.0250891,-2.045173,-0.30723542,-2.800094,-1.7887832,-1.7072649,0.30126873,-2.2455966,-4.315563,0.9512281,-2.2209327,2.1359143,-2.7488198,-3.961263,-5.5559425,-5.2273993,-0.3029485,-6.1395016,-1.2150987,-2.9963071,-8.457825,-1.4698615,-3.094236,-5.2834864,-0.05846048,-0.88365567,-5.0751243,-1.0817612
25,-1.83714,-1.2797571,0.31624177,-0.90513414,-1.7623672,-1.2684166,-1.0181677,-2.8119893,-4.531419,-3.3800564,-1.4723399,-7.383087,-0.19313826,0.28229147,-2.2206368,-2.498706,1.8998903,0.91310656,-1.1563562,-0.13192604,-3.4872384,-3.180916,0.64734405,1.9538323,-0.75128096,-2.8565094,-1.6426489,0.04037466,-2.6910093,-1.4897873,-6.8966794,-1.1938058,-0.47300988,0.14027037,-1.7671585,-3.3994129,2.1913347,-0.99366516,-1.1865604,0.58746076,-2.4882092,-3.0257914,-2.7265885,0.4619747,-1.8829722,0.43715292,-2.245577,-12.432252,0.63303787,0.028797433,-4.1263156,0.14761749,0.9128324,-6.0309057,-1.1554925
26,-0.67892927,-2.2778075,3.9531965,-0.8401535,-0.825431,-1.1274116,0.054061204,-2.1118062,-2.2590055,-1.692629,-1.6170276,-5.834091,-0.49522972,-0.50799394,-0.94350547,-0.26685485,1.2791075,-1.2148919,-2.473912,2.9397378,-2.1524153,-1.2800107,1.8162242,4.5946975,1.0300703,-2.7547169,-1.4871916,-1.213396,-2.7030492,-2.3022335,-7.526698,-0.21699579,0.35179612,-0.11649498,-1.5949782,-2.894377,2.1485684,-0.05560205,-6.1927304,3.9587877,-2.4235487,-1.6244695,-0.029878542,1.2327591,1.9554374,1.1704589,-1.9173193,-10.851651,0.8869182,1.0668653,-3.821472,-0.17777506,1.6702025,-6.02074,-1.7642059
27,0.11375462,-3.1644156,5.419902,-1.353149,-0.060763422,-1.9261662,-0.29710495,-2.261646,-0.5499223,-0.030389894,-1.5939641,-2.5815892,-1.0214522,-0.9702657,-0.85193145,0.6237049,0.73343956,-3.1174264,-0.1663757,4.873983,-0.39907017,-1.450798,1.0223608,5.0051746,2.7453766,-3.0733936,-1.8237407,-2.0373304,-2.0653381,-2.158887,-3.3247826,0.8620431,0.027084485,-0.5660488,-1.7251192,-3.4433112,1.2280797,0.27831337,-8.467625,5.794695,-3.129076,-1.9823261,1.3440443,1.4121834,2.0928667,0.25568506,-1.5857434,-6.3494415,-0.9162655,0.050758634,-4.1572585,-0.7427386,0.5918888,-5.1058607,-1.2742392
28,0.24713089,-1.6097302,4.398827,-1.6385658,0.08499282,-2.755697,-1.0673778,-2.7613218,0.30185792,0.9119275,-0.4436438,0.95797306,-1.0666348,-0.80186445,-0.502903,0.5255078,-0.05895335,-2.539157,3.4861796,4.23637,1.4360807,-2.5298712,-1.32343,3.9878316,3.9033136,-3.280302,-1.9559724,-1.8992375,-1.0324738,-0.85930616,3.018783,1.7002826,-0.72970366,-1.0124646,-1.6417079,-4.5756702,0.5333833,0.552823,-5.807521,5.002881,-3.0316322,-2.3324244,1.2163087,0.76837945,-0.5827215,-1.0943972,-0.86399555,-2.5238116,-2.2076774,-0.92948186,-3.7307012,-0.95822906,-1.0773346,-3.466591,1.1291214
29,-0.055861924,2.2924118,2.2882993,-1.0268408,-0.2021091,-2.4210138,-0.95198596,-2.6190019,0.4887695,0.9340777,1.8248706,3.3125525,-0.36410922,-0.0026288612,1.5013679,0.5383936,-0.8369935,0.51999223,5.2325616,1.4207414,2.649005,-2.1911466,-3.234416,3.008449,3.887903,-2.289439,-1.0881354,-0.6648111,-0.012319034,0.9821089,6.56995,2.2864082,-0.7354012,-0.8895488,-0.90520436,-5.2840614,0.8643206,1.5512776,-0.06380089,1.7625582,-1.5235333,-0.560906,0.62834203,-0.26985258,-2.7126665,-1.4521098,0.059822902,-0.99751055,-0.32650912,-0.24550752,-1.5193454,-0.6181749,-1.3716475,-1.3274157,4.260873
30,-0.6045239,5.620779,1.35594,0.17009091,-0.33103904,-0.7259854,0.5067438,-1.3928142,0.10314642,0.13385846,3.9269886,3.6384614,0.6166934,1.0711244,4.8874903,1.0753192,-0.9186897,3.5496905,3.6065667,-1.3151733,2.7020752,0.20362365,-2.9455566,2.8499339,2.3125982,0.026940256,0.5721201,1.3262187,0.6220083,2.1101925,4.2886286,2.7549229,0.08406989,0.1302783,0.30785686,-5.0733266,1.8693469,3.2272248,4.5568776,-2.2625751,0.26845238,3.2985442,0.60963356,-0.9275994,-2.3710585,-1.076016,0.58739096,-1.0698744,4.275628,1.4202821,1.7887787,-0.18761577,0.30763513,1.1910503,5.8364286
31,-1.5884529,5.252043,2.8142395,0.79841065,0.05623071,1.1377364,2.533277,0.21154244,-0.94592583,-1.292637,4.294706,1.9611087,1.0783731,1.8738856,7.657744,1.2769974,0.016328055,3.747464,-0.062821224,-1.6242895,1.6856165,2.5622952,-0.5921911,3.2498512,-0.50298625,2.1028073,1.690041,3.384369,0.69760746,1.5100007,-2.2421997,2.8507483,0.3077958,1.4584845,1.2677114,-4.437156,2.2484152,4.3624825,5.0490947,-4.7028055,0.66535825,6.7852116,1.108551,-0.7763526,-1.0157453,-1.6704535,0.32307866,-1.469703,7.784001,1.8851581,4.158001,-0.29191458,2.5512414,4.0668526,4.643484
32,-3.2677722,0.9909575,5.5394444,-0.070055164,0.6912036,1.5985727,3.8474672,0.8913251,-2.4940894,-2.9908612,2.5046751,-0.85782945,0.60448134,2.0033572,7.791778,-0.082854845,1.420618,0.65670747,-3.098992,0.8021223,0.21339682,2.1174347,1.8732839,3.5614088,-3.3747554,1.8186244,0.89695644,4.7586966,0.29588354,-0.66156465,-8.120082,1.9038829,-1.6140763,1.7813702,1.3042468,-4.273119,1.0031137,3.5343468,1.8571907,-3.9146667,-0.7346559,7.2991953,1.1628888,-0.14869152,-1.5973401,-4.128928,-0.5142491,-1.8102304,6.3218517,-0.001337679,4.0235605,-0.92049485,3.364977,7.0427103,1.8244199
33,-5.3570046,-3.9636436,6.8627067,-2.1741066,0.9346808,0.2049548,3.82176,0.024765134,-3.7767906,-4.324288,-0.23049912,-3.3241239,-0.4758921,1.4814548,5.139835,-3.0884035,2.2562492,-3.3165903,-3.8382282,3.7919517,-1.0985394,-1.4739567,2.4691265,3.4854383,-4.7490106,-1.3747015,-1.8580688,4.9539742,-0.33233806,-3.0053623,-9.295102,-0.37608117,-5.5550404,0.22966948,0.38186967,-4.80293,-1.3868613,0.6089184,-1.9236019,-0.10180003,-2.5554123,4.6351633,0.10451118,0.16275725,-4.9929805,-6.8194404,-1.2538123,-2.3042653,-0.25385764,-2.8665066,1.8299671,-1.2755318,2.107846,9.234228,-0.054898012
34,-6.8788333,-5.7945886,4.9255204,-4.1702604,0.422709,-1.8564312,2.9679193,-1.5699575,-3.7584682,-4.5678315,-2.0347407,-3.9069812,-1.3619474,0.7471787,1.6737751,-6.1496687,1.8936442,-5.0274997,-2.718676,4.5058556,-2.017778,-5.311745,0.95681125,3.111925,-3.6908798,-5.503807,-4.9925556,3.9193738,-0.92133796,-3.9110515,-5.710202,-3.1209357,-9.35414,-2.532922,-0.8876299,-5.0872703,-3.1347325,-2.749958,-3.3473697,4.72408,-2.9846327,1.1862037,-1.4723632,-0.3301632,-8.600328,-6.6218166,-1.2983474,-2.6011534,-7.788742,-3.968799,-0.23710223,-0.5661763,-0.031847216,9.298396,0.7027714
35,-6.8055067,-3.4239976,0.44878992,-4.729687,-0.5480773,-2.7912815,2.3050418,-2.239808,-2.0132673,-3.4414363,-1.9324238,-2.080274,-1.4209644,0.3155815,-0.20591232,-7.1446586,0.59201705,-3.3364336,-1.3579412,1.9210378,-2.6094382,-5.790838,-1.0878831,2.4752283,-0.6773761,-7.4918227,-6.426916,2.0362134,-1.2922274,-2.8730445,-0.6131229,-4.655747,-10.422963,-4.535654,-1.7561988,-3.6917253,-2.742982,-4.2603784,-1.8302784,7.9597263,-1.5098484,-0.35831785,-2.0233626,-1.3142313,-8.627918,-2.0121086,-0.5025992,-1.5382799,-11.173758,-1.7955834,-0.13714929,1.0164349,-1.3533746,6.4208183,3.4460874
36,-4.9422154,0.78501016,-3.783218,-3.5890732,-1.2729983,-1.8234725,2.271172,-0.987476,0.6592866,-1.5052502,-0.5600617,0.87854415,-0.64833796,0.3428694,0.25822717,-5.2806916,-0.9162677,0.08811663,-0.8428913,-2.2880638,-2.8619406,-2.0829246,-1.9054139,1.374206,2.536592,-5.795218,-5.2614245,-0.055719506,-1.3395063,-0.8967772,2.92089,-3.9595985,-7.893075,-4.081887,-1.8664442,0.026211873,-0.5918819,-2.937975,0.92249465,7.959565,0.74674094,0.5336995,-0.41112888,-1.9380296,-3.8335745,4.90752,0.8801079,1.6942551,-8.535129,2.540165,2.242798,2.2429676,-1.2356552,1.4371254,5.8533025
37,-2.1805139,3.5398684,-5.2399163,-1.6176914,-1.2684648,0.14378493,2.309676,1.5571065,2.6344385,0.09002572,0.59158343,2.38947,0.39423704,0.47145012,1.6653786,-1.9194797,-2.2140148,2.5234091,-0.9951002,-5.2425427,-2.4732854,2.9240773,-1.2358755,-0.24676071,4.068829,-1.7630091,-2.522524,-1.707521,-0.97325844,0.41556716,4.5759597,-1.8303859,-3.3256478,-1.3039333,-1.3541844,5.148144,1.1523864,0.036656678,2.7755938,4.882665,2.3144507,2.0452814,2.9711714,-1.5871626,2.961442,9.734235,2.5112402,6.283117,-2.4818687,6.4049816,5.0186553,1.9507474,-0.3889557,-3.1424036,6.02437
38,0.16165055,3.71357,-3.5853584,0.03536689,-0.6696899,1.44843,1.5837362,3.6319616,2.7345042,0.4341777,0.6178948,0.54540694,1.0577096,0.14257869,1.9322512,0.4987152,-3.422662,2.6712792,-1.1156871,-5.2869186,-1.0474097,5.2092853,-0.41978893,-1.8850752,3.27979,1.630597,-0.27574962,-2.5122874,-0.15014547,0.26044336,6.0395465,-0.3845421,0.6193566,1.823067,-0.5579677,9.647512,0.4713071,2.3523145,2.918008,0.38382584,2.7857335,2.0994573,6.370118,-0.42333955,7.03268,9.420496,4.1520934,9.933474,2.489447,7.9843473,5.9613185,0.31057608,0.24913651,-4.726087,3.9814658
39,1.3002087,2.9532688,-0.5751193,0.80653477,-0.056992605,1.2345729,0.09150091,3.8337417,1.2980325,-0.40546623,-0.06555401,-3.8860042,1.0886084,-0.8398991,0.2936492,0.52135926,-4.6007805,1.4976227,-1.1099443,-3.1609306,1.4492693,3.1990004,-0.89590836,-2.7132707,1.2352049,2.4699106,0.14496674,-2.4782014,0.9809958,-0.80107665,8.1528635,-1.1650896,2.2562068,3.1085029,0.27972728,11.707639,-2.482733,2.5296926,2.1041796,-3.4861786,2.8611243,0.45053533,7.9702015,0.8109179,5.554311,4.804474,5.543871,10.4319725,3.7785468,7.5180273,4.3436365,-1.0697335,0.5546727,-2.7930336,1.3051544
40,1.3686897,3.4169686,1.6737622,0.8329477,0.0652946,0.12768953,-1.0327259,2.1871855,-0.027394125,-1.4114251,-0.32521102,-7.500374,0.7437835,-1.9921552,-2.0838401,-1.1274291,-5.098833,0.8556048,-1.6286361,-1.0615922,4.3521433,-1.087958,-2.650759,-2.3868406,-0.21036878,1.407228,-0.7804651,-2.0130422,1.9807857,-1.5930537,9.411473,-3.6896658,1.8349644,1.927447,1.0349495,10.840412,-5.3489685,0.9614886,1.554114,-5.3836184,3.1640365,-1.3453712,7.1493053,1.4801186,-0.3108247,-0.39715624,6.1998053,7.2078934,2.213207,6.471913,1.3831531,-0.5013468,1.0448425,0.36790982,-0.49782363
41,0.9789519,5.2047067,2.195728,0.4362227,-0.36330563,-0.56504714,-0.48842052,-0.13749932,0.25669873,-1.4117395,0.44500872,-6.88392,0.48272055,-2.43556,-3.3728945,-2.303286,-3.8427422,1.5073596,-3.103574,-0.71349275,6.400276,-4.2169113,-4.164574,-1.5744374,-0.0042218626,0.6273225,-1.3364531,-1.6549052,2.2741528,-1.5624708,7.6195374,-5.9548583,0.7672603,-0.47024938,1.5415546,7.9894786,-5.754894,-0.837861,1.7754354,-5.167326,3.3373048,-1.865458,4.675686,1.5297989,-6.5354557,-3.0482004,5.4870696,1.6350592,0.3783245,5.8462224,-0.9666023,2.1209235,1.8696325,1.3597627,-1.19417
42,0.54407287,6.212402,1.242244,-0.2848469,-1.0084354,-0.2148092,1.797685,-2.0073981,2.057942,0.038384188,1.6990451,-1.80374,0.5232675,-1.6284004,-2.8942175,-1.4090322,-0.518083,2.5597086,-4.8642154,-2.2280197,6.3363724,-4.4513083,-3.8771095,-1.5035678,1.1994386,1.4621418,-0.26347965,-1.6673808,1.5499203,-1.2168335,2.8508303,-6.4043784,0.15591706,-2.281316,1.5499625,4.708599,-3.692162,-1.8212608,2.3323312,-3.6712706,2.5243049,-1.4516635,1.8868266,1.3209512,-9.178974,-3.0587833,3.1171637,-3.841238,-0.14268544,5.451718,-1.6685895,4.9322796,2.3215637,-1.3694602,-1.5426686
43,0.094853014,4.451895,-0.5853312,-1.2862545,-1.4422374,0.6269854,4.252421,-3.1359723,3.669768,2.4087381,2.3051536,4.1047325,0.65402925,0.06871181,-1.6577992,1.246478,3.5483928,2.6881106,-5.4612045,-4.4512224,3.751913,-2.768089,-1.713885,-2.8189306,1.6435978,3.1256864,2.0247583,-1.8072098,0.09629228,-1.3518316,-1.7688098,-5.2864065,0.104555264,-2.6935382,0.9338219,2.2083955,-1.6251174,-2.1353724,2.5262237,-2.0469139,0.65615827,-1.7522646,-0.25603366,1.1038617,-6.6477337,-2.5940483,-0.29938883,-6.797559,0.14548244,4.638715,-1.2287793,5.500118,1.5507989,-5.925691,-2.0777698
44,-0.33371595,0.27683944,-2.795272,-2.15185,-1.3759675,1.0242155,4.789112,-3.8053877,3.312142,4.6823006,1.6723412,6.244095,0.47874448,1.553732,-1.1652544,3.8765023,5.995493,1.6630163,-3.9849598,-6.0265565,-0.33562434,-1.172765,0.79647845,-4.850377,0.086225435,3.7545347,3.8464608,-1.5246782,-1.2883185,-1.9639572,-2.6985934,-3.9679217,0.2187446,-2.1798685,-0.060313817,0.97403014,-2.024992,-2.3663824,2.1767566,-1.0979013,-1.0425284,-3.7016213,-1.4700634,0.7723333,-0.009150604,-3.1841218,-3.207036,-5.59705,-0.09876354,3.3340976,-0.87668234,2.8902752,-0.31483433,-8.361255,-2.3752487
45,-0.35900882,-3.8321536,-4.6281233,-2.0859444,-0.7087403,0.7928189,2.6039455,-4.050005,0.8503622,6.0488853,0.30430618,3.1937697,-0.12303661,1.8317438,-1.7557701,4.9074574,5.2998433,0.52448684,-1.0299668,-6.0611105,-3.7142897,-0.4788867,1.8897679,-6.0769944,-2.9814267,2.5049636,3.8805823,-0.5072898,-1.8338624,-2.0918086,0.49299988,-3.0468178,0.41865042,-1.5024109,-0.83106303,0.9774448,-4.688419,-2.3890226,1.7897978,-0.93265986,-1.0809774,-6.174876,-1.8532716,0.17208762,8.027647,-3.958944,-3.855585,-0.056104083,-1.2201375,2.124187,-1.1988227,-1.3994173,-2.0092425,-6.026587,-1.5712206
46,0.5033098,-5.5892205,-4.77404,-0.52458686,0.47979558,0.6957636,-0.967414,-3.3945549,-1.9722289,6.2263637,-0.7131604,-1.8150569,-0.7707953,0.8604812,-2.204959,4.297782,2.243067,0.31613138,1.7395339,-4.157548,-4.161652,0.0787818,1.1079488,-5.4136014,-5.58534,0.4418881,2.4344459,0.89328444,-1.3608,-0.8309756,4.451085,-1.5217005,1.0340748,-0.73832244,-0.7766864,1.9732767,-6.631162,-1.3294156,2.0652285,-1.0553359,0.7452971,-6.8561597,-1.5824003,-0.44372854,14.3114805,-2.8436925,-1.4860315,7.884903,-2.197817,1.4415494,-1.5361913,-4.5004816,-2.259677,0.06303523,0.4739513
47,2.2064412,-4.815495,-2.1397827,2.2077377,1.8909618,1.4851855,-3.3779373,-1.4916586,-3.0807872,5.323167,-0.7185935,-3.7436934,-0.87204975,-0.38182575,-0.9975276,3.339236,-0.58631366,0.84094197,3.0396717,-0.39761525,-0.99108756,1.3471314,-0.37483537,-3.1186988,-5.7592406,-0.63722694,1.1098478,1.7995934,-0.34434846,1.5355496,5.1397324,1.8419217,2.1655793,0.5374257,0.27842003,3.4835687,-4.897427,1.192277,3.2405276,-0.7838893,2.980672,-4.513109,-0.9616555,-0.44179994,16.275906,0.7188774,2.9049315,14.275798,-1.9300689,0.995628,-0.67759067,-4.3806334,-1.0677165,6.008139,2.6458511
48,3.9182763,-3.0511827,2.8022895,4.9408345,3.0287626,2.8799984,-2.8644311,1.1450349,-1.9365438,3.6004028,0.015551853,-0.42585278,-0.21397798,-0.73929054,1.9938526,3.3060615,-1.031189,0.8183638,3.0132368,4.362953,4.1631813,2.9249601,-0.8408712,-0.48955908,-2.9941669,-0.056689195,1.2048897,1.485448,0.604924,3.5545084,1.7233864,6.3797774,3.225146,2.228443,1.9327023,4.632662,0.3731756,3.9956262,4.804391,0.28715134,3.8220415,-0.35273793,-0.5589999,0.56912804,13.044217,4.597617,6.9345675,14.988213,-0.5360126,0.18836457,1.8256967,-1.3781523,0.2541338,8.261665,3.3003697
49,4.593957,-1.5896945,7.6656537,6.4781375,3.4332464,3.6744008,0.14814445,3.3075562,0.09975436,1.4344037,0.67919785,5.3782344,0.716802,0.074610785,5.105098,4.3308983,0.6686793,-0.7222815,2.8808866,8.373546,8.149361,3.6323783,0.5202607,1.2995311,1.499371,1.2380563,2.4567068,0.035252944,1.3380362,3.8688369,-2.69871,9.231497,3.3493915,3.2275743,3.4428616,4.3139024,5.733341,4.922921,5.7691507,2.0587945,2.8105197,2.9701355,-0.9825812,2.1276453,6.322984,5.745462,8.255157,8.713685,0.82075363,-1.0396748,4.9565015,2.1558847,0.39378852,6.3870854,1.6096566
50,3.9097998,-0.2987882,9.649105,6.456517,3.0266662,2.9475052,3.372993,4.12424,1.2586886,-0.62327117,0.7194899,8.641657,1.0817856,1.1858402,6.1929946,5.484302,2.1181033,-3.2973166,3.6171317,9.731025,8.364615,3.1159632,3.0348604,2.0581405,5.7515125,1.9709061,3.399195,-1.6168723,2.202584,2.4970815,-4.2734604,7.7320967,2.2960026,2.2744515,4.1449146,1.8429337,7.451001,2.7909906,5.2940526,4.009163,1.1470486,3.7411942,-2.3440661,3.0446491,-0.009550086,3.1386511,6.0703473,-1.2655782,1.2963955,-2.0611794,6.8212013,3.7311451,-0.64026064,2.920878,-1.6988204
51,2.5868516,1.5136309,7.749551,5.4318724,2.2211514,1.0980246,4.390136,3.833081,1.1698718,-1.9979731,0.21196373,6.936613,0.4602976,1.3491349,4.450828,5.758095,1.0990607,-5.286866,4.9862103,7.763551,4.61121,2.498012,5.1806784,2.3615205,8.2625,2.0225148,2.9681406,-2.336177,3.419768,0.798947,-2.2680311,2.3386133,0.77241236,-0.6194043,3.7565753,-2.3993928,4.879993,-1.2393564,3.234912,5.418015,0.31277382,2.6068926,-4.0102396,2.308221,-2.218771,-1.1664288,1.5962181,-8.778845,1.2636967,-2.3908856,6.0621395,2.529236,-1.5602614,0.6828626,-4.8616896
52,1.6678987,3.439211,3.5397682,4.145038,1.5671895,-0.46554738,2.3522842,3.3478856,1.0953094,-2.4950767,-0.4744934,2.729358,-0.6991811,0.14535175,1.0549048,4.8536305,-2.2059808,-5.408333,5.8040743,3.809915,-0.77178365,3.090329,5.7439556,2.6089103,8.556369,2.3382978,1.6796458,-1.5752918,4.44302,0.10826539,0.27332696,-3.0754402,-0.28396624,-3.7823408,2.4103265,-7.0528264,0.8463785,-4.489291,0.2386642,5.5352845,0.46554747,1.6492221,-5.1013026,-0.0036328358,0.33997273,-3.9680989,-2.9216876,-9.381136,1.6448642,-2.5209343,2.887497,-0.2590416,-1.1557745,0.20231259,-6.384525
53,1.409802,3.7547565,-0.35783824,2.751336,1.2007735,-0.7420063,-1.5940719,3.0187776,2.321503,-2.5636318,-1.233241,0.7932757,-1.4646026,-1.5205128,-1.8977389,3.09337,-5.294901,-3.8743696,5.0289,0.37150544,-4.697892,4.5581317,4.543475,2.428721,6.9377813,3.361922,1.1050808,0.34003547,4.092507,0.39845914,-0.31079072,-4.364037,-0.748053,-5.1757474,0.49135202,-10.721268,-1.3215864,-5.202929,-2.7049232,3.7112274,0.31168833,2.1057832,-5.383553,-2.674172,4.2495384,-3.8806133,-5.855117,-4.203925,2.4177096,-3.6595101,-1.1562998,-2.678909,0.4346993,-0.37324053,-6.038592
54,0.95827127,1.1951303,-2.611164,0.8216873,0.6646179,-0.18964915,-5.29635,2.034405,4.423971,-3.0009313,-2.3195155,3.2933624,-1.337047,-2.1422448,-3.1123903,0.82583696,-5.7087913,-2.1180966,2.5720756,-0.868972,-5.6086693,4.7730484,2.320086,1.0940435,4.0331025,3.9340081,2.1228714,2.558612,1.5651623,0.35957476,-4.579861,-0.9486778,-1.4706854,-4.2124248,-1.549152,-12.993921,-1.0732037,-4.208015,-4.92884,-0.30804923,-1.417708,3.07405,-5.6048627,-4.265981,4.5224137,-2.358679,-7.147724,0.70446634,2.0991337,-6.4672446,-4.4318285,-3.6594775,1.8169937,-3.0223684,-4.8112717
55,-0.7340776,-3.2069263,-3.9564977,-1.8900485,-0.6044103,-0.2350534,-7.06616,-0.63647026,5.3628764,-4.1916842,-3.8637986,7.482024,-0.7750738,-0.9609448,-2.9053676,-1.81822,-3.3674471,-1.4066838,-0.7977678,-0.3784982,-4.3471923,1.8512336,0.101050824,-1.4644136,0.6173421,2.241025,3.7625718,4.2509565,-2.5226796,-1.1466378,-9.420218,3.44239,-3.2366064,-2.2528226,-3.2989845,-14.500083,-0.841558,-3.9868698,-6.413343,-5.878221,-4.44287,2.5242426,-6.721741,-4.2057343,-1.0369686,-1.8718852,-7.8149886,-0.43321562,-0.91643244,-10.068085,-6.34007,-3.6647255,1.6611952,-7.5718017,-3.9713385
56,-3.569259,-6.484798,-5.695605,-4.737968,-2.523529,-1.6554219,-6.5518594,-4.5866895,3.5121214,-5.540473,-5.3480263,8.370912,-0.7106846,1.2753465,-2.4881094,-4.5317726,-0.5389441,-1.7065971,-4.0884924,-0.10954741,-2.9749577,-3.6003246,-1.3948027,-4.1072683,-2.366338,-1.9088113,3.9453826,4.8810463,-6.1363525,-3.7053359,-11.02836,4.15285,-5.543646,-1.1934235,-4.4157476,-15.783132,-2.9776816,-5.923872,-7.445903,-11.144599,-6.951622,-0.39454684,-8.615096,-3.08562,-9.3731,-3.2127743,-8.533431,-7.747236,-6.301054,-12.42431,-7.3425016,-3.9036372,-0.09264488,-11.546457,-4.0498967
57,-5.922478,-6.2675786,-7.672338,-6.342647,-4.1370406,-3.5100298,-4.5938926,-7.4721556,-0.38245264,-5.7358193,-5.692486,3.7406907,-1.4742998,2.8676283,-2.572085,-6.422588,0.54279226,-1.8302833,-6.5036077,-1.4088402,-2.7188842,-8.443636,-1.9837468,-5.0478277,-4.00557,-5.9809513,1.5114056,4.1826987,-7.11348,-5.46359,-8.3220005,0.079994775,-6.5852547,-1.5275742,-4.646729,-16.032835,-6.6777673,-8.48137,-7.9167757,-13.517884,-7.135232,-4.0955105,-9.624386,-1.9772419,-14.200123,-4.6879716,-8.70904,-15.159555,-11.156862,-11.796704,-7.9686394,-4.9239473,-2.2671492,-12.13508,-4.4810715
58,-5.7730455,-2.9626923,-8.078691,-5.5828447,-4.2838197,-3.8482916,-2.4173217,-6.620009,-3.4478908,-3.786503,-4.0165176,-3.5203319,-2.2621546,2.584619,-2.6880555,-6.355496,-0.015858747,-0.6238629,-7.4252777,-3.5497284,-2.9712272,-9.414916,-1.900383,-3.1401064,-3.9133484,-6.4164987,-2.4588442,2.1790345,-4.7874274,-4.6975217,-3.4799516,-5.0095224,-4.6858006,-1.8567039,-3.8817267,-13.118084,-8.271145,-8.311593,-7.017965,-11.060382,-4.7023335,-5.686303,-7.647382,-1.4558265,-11.168659,-3.9080641,-6.9689007,-15.509591,-11.788235,-7.956367,-7.900163,-5.9162064,-3.5402935,-8.347587,-4.0803123
59,-2.4357245,0.74332213,-5.4254923,-2.5480714,-2.631014,-1.6332637,-0.821723,-1.5217615,-3.1449478,-0.007849981,-0.45050216,-8.070702,-1.8329996,0.7011656,-1.8056461,-3.9553533,0.041631907,1.9618237,-6.4006658,-4.392067,-2.1972775,-5.7179294,-1.5212828,1.1619718,-2.56383,-1.919825,-5.4106445,-0.6069088,-0.55953956,-1.352005,0.54750854,-5.69646,0.08677627,-0.37285766,-2.2293198,-5.3007383,-4.7681603,-3.4313092,-3.860659,-3.9937568,-0.9493185,-3.5040143,-2.0529816,-1.2253348,-1.7638254,-0.26261342,-2.6409018,-6.939367,-6.598661,-2.169308,-6.1444216,-5.384469,-3.4418187,-1.5382559,-1.9590644
60,2.6930807,2.613487,-0.55263966,1.4296972,-0.07829941,2.011776,0.16690426,5.2081013,0.32982242,3.943866,3.7391248,-7.0694337,0.1550755,-1.2507956,0.46064627,-0.2658573,2.537328,4.8329268,-3.4995737,-2.5571246,0.23776723,0.6063855,-1.0955229,5.952924,-1.0007138,4.830497,-5.5039525,-3.0873597,3.1275325,2.8961241,2.7121649,0.26469094,5.7269506,3.1953065,-0.058327008,6.684241,2.9166782,4.5775447,1.3763813,4.9357915,2.506776,1.3268578,5.3224864,-0.5873929,7.640522,4.3912582,3.226503,5.274131,2.3769877,3.7615728,-2.1828263,-2.587852,-2.3832896,5.798962,1.7552335
61,7.122539,2.9473963,3.6297317,4.7198215,1.9397935,4.5842156,1.0897448,9.633264,4.0733204,6.140757,6.8825,-2.4995482,2.5569003,-1.7744312,3.2951686,2.809744,6.514138,6.643327,0.2821816,1.048396,3.1583424,6.633145,-0.6103533,9.006689,-0.057464026,9.036339,-3.1380775,-4.1149178,4.5740657,6.0549235,4.0758886,9.919386,9.806244,7.160503,2.0695965,19.174978,10.465379,11.57314,6.8837495,11.854551,4.9571323,5.803373,11.196795,0.8008197,10.902961,7.38201,8.375892,13.175705,10.718936,8.37351,3.0908215,1.5781556,-0.9481652,11.574658,5.8534746
62,9.143542,3.8013363,4.6058235,6.4928803,2.6552904,4.3989196,2.4923499,9.667537,5.0194445,5.7598624,7.9403114,1.2830466,3.6635215,-0.5965064,5.3095293,3.9747324,8.682962,6.7490735,3.2699711,3.905006,4.4852624,10.670868,0.11483826,9.051961,0.20574336,7.814641,-0.38806906,-3.393026,3.8667982,7.3188953,5.8016367,17.571865,11.31199,9.385053,3.6023784,27.535315,14.004823,14.224165,10.065405,14.114581,6.666356,7.5994406,13.191761,2.6089802,6.953228,7.4789577,10.98988,12.807066,14.661044,10.785844,7.7121067,5.133329,0.65362847,14.712419,8.679642
63,8.924712,6.223533,2.471101,7.046044,2.5274193,2.1357067,4.36756,6.7462745,2.6376357,3.6651044,7.044734,2.0400753,2.8520086,1.23869,5.7139277,3.5595725,6.470999,5.4799056,4.1428704,4.1117787,3.0955489,12.5582695,1.1401318,6.3605556,0.30255604,2.738289,0.9939196,-1.9516454,2.3863482,7.281837,7.480661,19.23535,11.0829525,9.144172,4.2504187,29.130598,13.436814,12.591991,9.36464,11.839656,7.9951806,6.914855,11.529292,4.151132,0.13535461,5.6196556,10.944654,7.0219784,13.420147,10.65635,10.071529,6.5792217,2.4379134,14.814224,9.083759
64,7.9071364,8.606203,-0.3493844,7.151863,2.6072361,0.21417947,5.997728,4.371388,-0.7347,1.7156606,5.1883245,1.5057871,1.2949041,2.342112,4.8936014,3.0293076,0.7685304,3.6936283,2.931407,2.0090623,-0.10804735,12.405978,2.1566143,2.4007924,0.5873889,-1.5926538,0.992795,-1.4712651,1.3849537,6.845055,7.660863,15.030599,10.499906,7.4691954,4.1137304,24.865059,11.865533,9.542557,5.5646887,7.4313745,8.726539,5.9461746,8.593936,4.9103017,-4.0516253,3.668945,9.489803,2.098024,9.054526,8.35539,10.073756,6.085891,4.152744,11.794111,7.095197
65,7.1842055,8.111053,-1.526077,7.1070194,3.3406496,0.5373204,6.396741,4.814512,-2.1654541,1.3484703,3.4017723,2.8546646,0.8810249,2.0857515,3.8773332,3.3734107,-4.4332175,2.1392674,0.9547478,-0.31981942,-2.8677742,9.757422,2.572008,-1.0774273,0.7817611,-1.7343326,0.86037886,-2.7873056,1.0140792,6.088169,5.7667217,7.8740754,9.840621,5.766762,3.5553894,18.002165,11.7877655,7.7126646,1.2958486,3.5079587,8.329033,6.540188,6.7917824,4.7579665,-3.7785215,2.6544058,7.7341576,1.6720852,4.337107,5.16348,8.884791,5.182425,5.151172,6.0937366,3.8718297
66,6.475501,3.7707582,-0.8393098,6.3940935,4.037247,2.7297676,5.1196966,7.0494757,-0.78786397,2.552055,2.120136,6.678389,2.312017,0.91597855,3.2746272,3.9745831,-5.3877845,1.1356705,-0.37744072,-1.0610733,-3.3174992,4.401056,1.9731681,-2.9241235,0.2710141,1.5323728,1.4619738,-4.9086003,0.6187158,4.304334,3.041255,0.4648254,8.048625,4.3404408,2.8988168,11.444888,12.147093,7.1042686,-0.99074924,1.1029289,6.740518,8.277555,6.670426,3.802188,-1.9035703,2.16584,5.5370154,3.867141,0.76592225,2.825132,7.558829,5.198789,4.8608174,-0.85987586,0.9568228
67,4.6646814,-2.0742638,0.19957569,4.2766666,3.5850239,4.5396667,2.8085845,7.860626,1.6164098,4.0058107,1.1840899,9.8708725,4.292068,-0.23700422,2.7431247,3.189385,-1.8649946,0.6616638,-0.7816089,-0.18239519,-1.2677572,-2.1925952,0.6032756,-2.99875,-1.1595474,4.114752,2.3031368,-5.6745543,-0.18538773,1.1173495,1.3694928,-6.201379,4.2068987,2.4607317,2.2178903,6.0251784,9.523856,5.641788,-0.8703261,-0.3696474,4.686951,8.813498,6.9493256,2.2112103,-2.5049584,1.2242063,2.0055852,4.1064043,-1.6108387,2.3802135,6.029175,5.9269776,3.373514,-6.736679,-0.63321537
68,1.3064001,-5.6999326,0.43742248,0.7733781,1.7154225,4.0050683,0.9023524,5.0622735,2.4744172,4.2135906,0.32546633,8.66923,4.728102,-0.7804944,1.485306,0.18406428,2.7239413,0.61082876,-1.1064942,0.9089448,1.9209689,-6.9144692,-0.6500576,-2.0020537,-2.9634187,2.6147578,2.239167,-3.7079034,-0.875063,-2.56045,1.3338859,-11.765488,-0.81121534,-0.16962674,1.4378809,1.2218597,2.3802547,1.9756311,0.027316226,-1.6305035,3.1269734,6.1811767,6.237742,0.28220204,-6.4310975,-0.49171603,-2.8918834,0.44082513,-2.8616745,3.2573936,3.5693483,5.841433,1.5353982,-9.2048025,-0.84792715
69,-2.4621732,-5.431068,0.39449877,-2.9263303,-0.49091,1.3107886,0.5762084,-0.24868329,0.79789084,2.692672,-0.41382194,2.669248,2.818377,-0.78553313,-0.7559691,-3.7961533,4.4496784,0.93340665,-2.1108,0.9869433,4.5028644,-7.166149,-0.8922703,-0.91735756,-4.2491064,-2.374216,0.9743548,0.07275315,-0.51896685,-4.837494,1.7246399,-14.870074,-4.369675,-2.3502192,0.6520358,-2.841553,-6.12092,-2.468771,-0.2001276,-2.271202,2.4003425,0.9121556,4.6057873,-1.398507,-10.148987,-2.273422,-7.3760185,-4.1502285,-2.1595025,3.7379186,0.18972695,3.7508435,0.42751217,-7.122321,-0.32079303
70,-4.6101375,-3.0700977,1.344982,-5.0968347,-1.4591826,-1.4111668,1.7159479,-4.5604854,-2.1203341,0.28664857,-0.7464379,-4.415685,-0.08048309,-0.69154084,-3.2205074,-6.145435,2.2725914,1.5748757,-3.315543,0.15904115,5.4216757,-3.258327,-0.010459466,-0.40824056,-4.524983,-6.7747455,-0.4003769,2.951799,1.1149575,-4.2674136,1.0328444,-13.462172,-4.062809,-2.1639178,0.27349055,-4.6424313,-10.035381,-4.4312387,-1.8460712,-1.1624323,1.9552151,-4.047044,3.400643,-2.0809243,-8.956745,-3.0371068,-8.841322,-4.828926,1.5300587,2.6102767,-2.7198987,0.28982285,0.67973596,-1.2327044,0.2919101
71,-3.959157,-1.8604002,3.3457794,-4.7483144,-0.58018357,-2.1018648,2.855771,-5.1214943,-4.092513,-1.5906978,-0.5860475,-8.098704,-1.7479613,-0.83409685,-4.675812,-5.1331334,-1.4039587,2.3134387,-3.23259,-0.5131632,4.5519404,1.4651203,1.1196517,-0.51143515,-3.9840603,-6.81207,-0.4922771,2.7169182,3.0343497,-1.1210723,-0.8150699,-7.104973,0.019823765,0.9804219,0.7334479,-2.9099193,-5.8951535,-1.9532831,-3.4147165,1.8532774,0.8873005,-5.6579328,3.5373006,-1.3570124,-1.5430363,-2.2291734,-6.126782,-0.18720798,7.645074,0.41617802,-3.4945066,-2.3275645,2.1108785,6.0119915,0.73062646
72,-1.3870716,-3.13678,4.651398,-2.5165777,1.1327397,-0.6736407,2.2651289,-2.4452057,-3.9785204,-2.1171222,-0.36452213,-7.1851053,-1.2894003,-1.2528293,-4.4875536,-1.618102,-3.3408828,2.6824472,-0.8609638,-0.31899327,2.2861915,3.2269967,1.3069997,-0.7771404,-3.0895002,-2.5041046,0.84656185,-0.2377274,3.7056952,2.655213,-2.4596434,1.267315,4.8979897,5.173714,1.9078423,0.9740927,3.6302016,3.3443844,-3.280587,4.9022665,-1.280152,-3.3532548,4.106732,0.35596877,8.304019,-0.2060867,-0.96353054,5.7006493,13.16644,-1.1378075,-2.0807943,-2.2525656,3.82353,11.355848,0.98804873
73,0.6772253,-5.1524863,3.3817854,-0.37239304,1.8671231,0.9748299,-0.64864606,0.1633806,-2.425064,-1.6707234,-0.80594724,-4.508427,0.012546748,-1.8118097,-3.2037618,1.4531498,-2.5312843,2.1235714,3.0392153,0.33579078,-0.8718361,0.85240406,0.093625374,-0.7189787,-2.0268793,2.3502555,2.2200372,-3.0129452,2.3589816,4.7779803,-2.7848701,6.5806413,6.7320657,7.159999,2.8618777,2.7667007,11.34294,7.1630807,-1.5124131,5.1288695,-4.27078,0.4015884,2.8960948,1.8923286,14.386291,2.0312052,2.9675205,6.744645,14.132478,-1.1568395,-0.6169978,0.13243806,4.58926,12.0308695,0.8730667
74,0.11388274,-5.2185397,-0.32253367,-0.26387,0.5821717,0.7613581,-4.8013434,-0.4286019,-1.042136,-1.4102992,-2.2773373,-3.7815075,0.08340362,-2.3469532,-2.0980296,1.4457796,-0.78114885,0.35881177,6.2627726,0.43193495,-4.3468447,-3.5548527,-1.7536564,-0.22770688,-0.7126002,3.564945,2.0211828,-2.5911486,-0.31329668,4.141602,-2.2568865,5.3495836,3.6715598,4.974825,2.3527734,-1.5881001,11.172491,5.934708,-0.009904631,1.2026736,-7.3252387,2.0398989,-1.4939066,2.0690656,12.834722,3.3842092,2.7847369,0.6179635,8.673448,-0.8205693,-1.719429,2.312712,3.369687,7.0674734,-0.13057202
75,-3.2317152,-2.7760048,-4.1178117,-2.690139,-2.1161885,-1.7001796,-8.2255745,-4.463263,-1.0667464,-2.209175,-4.309551,-5.9374385,-1.7314428,-2.6632857,-2.0952666,-1.7701681,-0.48353606,-2.2511182,6.8770533,-0.55887496,-7.3691077,-6.7840056,-2.8259523,0.35264152,0.6720718,0.16151401,0.030949837,1.526811,-2.7257984,1.3454493,-2.3115425,-1.3098642,-2.8306785,-0.35920402,-0.15931281,-12.018877,2.8903348,-0.2739317,-0.7589536,-5.079718,-9.680615,-0.34017205,-7.942507,0.5434571,4.917762,3.1615093,-1.3561926,-8.741873,-1.059661,-2.3467233,-5.88476,1.8109734,-0.110066116,-1.9153674,-2.4198663
76,-7.469066,-0.09140709,-5.605918,-6.3229127,-4.5637007,-4.8478775,-9.514431,-9.2021475,-2.6658456,-3.8552392,-5.812616,-8.63672,-3.9261851,-2.5133567,-3.0643306,-5.7766986,-2.0453868,-4.7085433,4.7488017,-2.171783,-9.06551,-7.290413,-2.299743,0.51029223,1.3796014,-5.0098453,-2.3629413,6.762799,-3.7056906,-1.9991388,-3.4801471,-8.270698,-9.24926,-5.703124,-3.85031,-23.339945,-8.134042,-7.8738966,-3.8766348,-9.904907,-10.882818,-5.6675625,-13.282755,-1.9097363,-4.1948366,1.4267592,-6.473094,-14.423539,-10.078407,-6.473504,-10.614301,-1.505389,-4.9589705,-11.116695,-5.594827
77,-10.164916,0.13428597,-4.5765624,-8.999229,-5.478449,-6.645303,-8.700622,-11.370605,-5.0881205,-5.1964574,-5.901106,-9.137096,-4.36423,-1.7533509,-4.0858693,-7.7010355,-3.5941465,-5.906072,1.4829699,-3.4760652,-8.827826,-5.961752,-0.7462374,-0.044368118,0.6184965,-7.9330134,-3.5011423,9.47125,-3.3460183,-4.4465847,-4.495494,-10.305946,-12.61995,-8.429634,-6.9341927,-28.75502,-15.549983,-12.646592,-7.3505793,-10.57191,-10.894168,-10.97141,-14.715573,-3.942967,-9.381637,-0.93561,-9.181845,-12.600857,-14.186893,-11.087011,-12.408277,-5.193624,-9.293802,-16.39301,-8.263419
78,-10.132782,-2.3480303,-2.9342222,-9.317715,-4.905369,-6.31026,-6.9243264,-9.831176,-7.1394377,-5.1048794,-4.637375,-7.2484903,-2.5199137,-0.59557104,-4.376259,-6.5355983,-3.1165285,-5.4065304,-1.048492,-3.9452133,-6.673944,-4.5310917,0.24621134,-1.1907085,-1.4767563,-6.7831526,-2.9158108,7.7564077,-2.7050762,-5.460213,-3.5826015,-6.0595055,-12.408169,-8.368095,-7.9448586,-25.20029,-16.702534,-12.821823,-8.750296,-7.8622823,-10.101885,-13.707822,-12.058475,-4.559571,-8.935039,-2.645341,-8.184713,-5.7121634,-13.068974,-12.729286,-9.936846,-6.4143133,-11.181993,-15.687625,-8.72727
79,-8.0888195,-5.0240846,-2.4190445,-7.5841923,-3.887781,-4.749301,-5.3400707,-6.205025,-7.6064043,-3.43319,-2.9966211,-5.2499547,-0.11201118,0.3757221,-3.9664192,-3.6966448,-0.6859037,-3.8662913,-2.0955198,-3.7467296,-3.3177876,-3.6771712,-0.6062528,-2.513609,-3.5031648,-3.0693235,-1.4818975,2.7440636,-2.7452078,-5.37883,-0.6167119,1.170163,-10.331031,-7.396234,-6.856157,-15.852816,-13.569264,-9.863279,-7.3052135,-5.3418736,-9.173334,-13.33267,-7.814573,-3.6956518,-4.977335,-2.8978777,-4.7916245,0.09604019,-10.1347275,-9.812912,-5.346267,-4.5415554,-9.888531,-10.368917,-6.175114
80,-5.8109794,-5.1673574,-2.679602,-5.397611,-3.3378112,-3.4915547,-4.2958846,-3.1850414,-5.737904,-1.1498424,-2.0299327,-5.088156,0.54736596,0.60044634,-3.5310674,-1.5429422,1.5532682,-2.6520052,-2.1088543,-3.2996347,0.07947313,-2.8657901,-3.1142883,-3.5746686,-3.6953537,0.0781749,-0.31957018,-2.5341396,-3.5338635,-4.9231267,2.3154807,6.217014,-8.663009,-7.335204,-5.039989,-7.462717,-9.965722,-6.7090235,-4.435224,-6.0525866,-8.639662,-11.059269,-5.0282884,-2.0865695,-1.1898788,-2.1020987,-1.3734347,0.6604485,-9.244431,-4.407906,-2.3299332,-1.7403952,-6.460431,-4.2720256,-1.4671078
81,-4.672671,-2.537213,-1.883476,-4.294453,-3.2606156,-3.2892385,-3.4021678,-2.2918327,-1.8482484,0.44269896,-1.95817,-6.1056123,-1.1845384,0.06151035,-3.610548,-1.3735982,1.5761936,-2.8385317,-1.7447186,-2.752553,2.3290198,-1.7950592,-5.624708,-4.114114,-1.4376214,0.5978971,0.19388442,-5.4078026,-4.353224,-4.7277083,2.7913814,5.8462977,-8.6105995,-8.321463,-4.0603065,-4.836,-8.196566,-5.331281,-2.3359137,-9.567696,-8.392524,-8.450297,-4.880682,-0.65095615,-0.04389404,-1.7187577,0.5509649,-2.8222735,-11.250067,-0.6435805,-2.7450583,-0.93405455,-3.0179868,-0.98848766,3.1991324
82,-4.783116,0.536402,0.79734224,-4.6126328,-3.0028625,-3.6793532,-2.200702,-3.0368235,2.4364514,0.70876724,-2.0362937,-5.8462353,-3.6965423,-0.6093839,-4.024227,-2.6602573,-0.46585658,-4.3614364,-1.0793606,-1.9857965,2.6758044,-1.4495555,-6.263739,-4.081977,2.0301223,-1.2138878,0.27009225,-5.0319524,-4.4530144,-5.106792,0.5136054,0.56484437,-9.883507,-9.100968,-4.36224,-7.368823,-8.050279,-5.6642985,-2.0377462,-12.193894,-7.6102595,-6.315959,-6.105664,0.06272258,-1.5711569,-3.0710135,0.89844257,-5.7510896,-13.470076,-1.0635637,-5.0251956,-3.0691447,-1.1977906,-1.5053447,5.608588
83,-5.2711687,1.6049851,3.6825116,-5.4615054,-2.1242707,-3.718451,-0.66777897,-3.923207,4.8982043,0.041144982,-1.3299769,-3.0215871,-4.7683706,-0.6465819,-4.027677,-3.9093285,-2.430353,-6.045573,0.12558374,-1.010653,1.1903281,-3.2981489,-4.418106,-3.5605068,4.499216,-3.5528405,-0.14628193,-2.1904438,-3.659309,-5.9825783,-2.2751808,-6.4742002,-11.342641,-8.625416,-5.0212517,-10.509838,-8.202715,-6.377547,-2.732369,-10.262972,-5.4161367,-4.7066374,-6.5303864,0.014936559,-4.0785055,-6.024568,0.18243378,-5.171412,-12.50402,-4.372366,-5.881822,-6.2620263,-1.0354602,-4.0771694,4.9089894
84,-5.2338243,0.42450348,3.9614146,-5.671667,-0.9317737,-2.9862714,0.8732215,-4.0426254,4.219691,-0.6659059,0.32371372,0.69368875,-3.7317266,0.13835427,-3.0114245,-4.0595665,-2.3633711,-6.513228,1.6031015,-0.1584763,-1.1322578,-7.419749,-1.2257285,-2.6885135,4.5636797,-4.878297,-1.6500856,1.809785,-2.3498316,-6.9058185,-2.9735384,-11.987522,-11.852505,-7.119881,-4.7329764,-10.36991,-7.904693,-6.3490663,-2.8315704,-3.5734293,-1.8243006,-3.5168564,-5.120416,-0.5286975,-5.731229,-8.787996,-1.4210038,-2.742052,-7.693257,-6.722195,-3.5422986,-7.601616,-1.2674406,-6.237631,2.045969
85,-4.434616,-1.1489885,0.69376475,-4.7812676,-0.16288364,-1.865137,2.1689587,-3.721682,1.054335,-0.876148,2.0955858,2.12676,-1.9802763,1.143047,-1.046662,-3.097829,-0.40550056,-5.2208695,2.3788826,0.22966805,-2.8186755,-11.728926,1.3485078,-1.6307966,2.686122,-4.918796,-4.565184,5.8765516,-0.9987761,-7.230841,-1.1916519,-14.365047,-10.727792,-5.5885787,-3.07529,-6.9433274,-7.2581496,-5.4396915,-1.582326,4.162916,1.9681993,-2.745786,-2.6484976,-1.2396184,-5.6877103,-9.209431,-3.963165,-2.6328685,-1.9521548,-5.265456,0.6772601,-5.8472476,-0.73964715,-6.944643,-1.0343384
86,-3.2461417,-1.2622621,-3.76185,-3.211219,-0.21300651,-0.97583747,3.2434983,-3.8005965,-2.4446669,-0.7942863,2.905872,-0.10893783,-1.4191281,1.5138053,1.1937915,-1.6081022,1.4845475,-2.7867053,1.6139853,0.22899951,-2.832877,-13.402586,2.097024,-0.5628317,0.6179326,-4.3339777,-8.018936,9.070113,0.16319014,-6.4742475,0.9474301,-13.818694,-7.842266,-4.516021,-0.8601167,-3.1434171,-6.39503,-4.1765714,0.31876078,8.312984,4.4162064,-2.1658635,-0.6124544,-1.8158461,-4.242254,-6.546969,-6.864564,-6.507565,0.8172768,-0.5820603,3.875827,-2.4574444,0.44531083,-6.891264,-2.7657483
87,-2.0832655,0.2639209,-5.605716,-1.6264138,-0.7238485,-0.49613053,4.2040763,-4.456563,-4.369205,-0.9769518,2.4140432,-3.9576523,-2.5223956,0.94612265,2.9665256,-0.029184336,1.6078353,-0.4252718,-0.3804192,0.31117636,-1.3493778,-11.232277,1.4917973,0.3614527,-0.20899196,-3.7733483,-10.212083,10.380011,1.1060643,-4.6617007,1.0613686,-11.43858,-3.6946847,-3.3242474,0.6954109,-1.1712705,-4.988554,-3.0047731,1.5555419,7.0925126,4.9296165,-1.0734193,0.29233414,-1.979171,-2.2753918,-2.1408365,-8.602661,-10.785513,-0.6884978,4.1532655,4.432374,-0.06025182,1.153055,-6.9740353,-2.8733575
88,-0.9587368,2.3130643,-3.0450108,-0.22324704,-0.9176515,-0.07567978,4.951693,-4.791785,-4.4569674,-1.6345369,1.2962162,-5.683543,-3.9334257,-0.032856286,3.8895752,1.5623963,0.21150538,0.9383276,-2.168958,0.8532999,0.36278614,-6.5564623,1.1591715,1.0511756,0.21638764,-3.3393855,-9.884151,9.064962,1.7920767,-2.3447237,-1.0640262,-8.20352,0.62323874,-1.1712282,1.1178956,-0.21399388,-2.7129667,-1.907516,1.5176511,2.8155437,4.371371,1.22631,0.6178719,-1.5366604,-0.5788105,1.6502998,-7.663325,-9.30002,-3.9088347,6.170445,3.2896554,0.058148287,0.5606813,-6.781257,-2.2008903
89,0.45254338,4.036206,2.086888,1.3605306,-0.29416305,0.6703978,5.178736,-3.5630946,-3.775593,-2.3483124,0.5526854,-3.30041,-3.8493888,-0.57639873,3.955898,3.1321704,-0.91720456,1.1445675,-2.4081306,1.7379851,1.043422,-1.8530424,2.3373847,1.5043527,0.82240295,-2.7271357,-7.4726815,5.392738,2.1443622,-0.18934697,-3.3738923,-4.500062,3.8788247,1.898236,1.0357782,2.2745728,0.15101889,-0.5763884,0.839487,-0.317268,4.174084,4.5240674,1.2910297,-0.531151,0.5859725,3.3075764,-3.9615805,0.78962904,-4.607468,5.2841716,2.5611641,-0.9778734,-0.7616938,-4.8108535,-1.7306174
90,2.392117,5.5175223,6.131658,3.518315,0.9985964,1.7087038,4.6584826,-0.3442708,-3.0966783,-2.4639716,0.5492236,1.758211,-1.6597859,-0.3037835,3.3163521,4.4335923,-0.44259712,0.6404782,-1.0795871,2.5158005,0.64250606,1.5312145,4.6329446,1.8076257,0.7130717,-1.5936543,-4.5996246,0.8813933,2.2169714,1.5505319,-3.758753,-0.14321224,5.538363,4.8279815,1.4670056,7.397841,2.9417892,1.241291,0.7671499,0.25979993,4.912759,7.474854,2.544156,0.67218953,1.5807799,3.1610363,0.8012119,15.372704,-0.4976962,3.4472437,3.2067764,-0.9157624,-1.1637704,-0.15071625,-1.6773026
91,4.687701,6.830854,6.951953,6.135248,2.4050338,2.6581683,3.4873495,3.93558,-1.8306615,-1.730407,0.7493486,6.2600455,1.7305579,0.428165,2.2056682,5.1917133,1.0599505,0.038571548,0.53470206,2.9253237,0.42517006,4.227554,6.1839004,2.106716,0.016380906,0.26622048,-2.3186405,-2.5231597,2.269187,3.1878626,-2.1601932,5.222362,6.31847,6.6284943,2.8018258,13.355412,5.449534,3.5712256,2.0748987,3.7671027,5.8066874,8.597473,3.8044717,1.5243126,3.113321,2.748834,4.432022,25.781504,6.8887596,2.615982,4.3165083,1.3734063,0.62248653,6.2898173,-1.3852154
92,6.802279,6.980769,5.4770503,8.568598,3.4758475,3.2305856,2.0264916,7.5431795,1.1579775,-0.53245866,0.38264763,8.232629,4.9214807,1.0054547,1.0699315,5.426622,1.6933146,-0.17041913,1.1272055,3.1219232,1.6928387,7.571358,5.169798,2.5352352,-0.42841056,2.8764412,-0.05761112,-3.8065786,2.5386355,5.1999826,-0.38672164,11.446737,7.709638,7.420515,4.4722457,17.268078,8.187181,6.2173553,4.514604,7.3932805,5.698055,7.7044144,4.5125957,1.6300704,5.664244,3.2602491,6.0730023,25.497902,13.537338,3.248932,4.5602336,4.8613496,4.244315,12.41629,-0.027157389
93,8.170549,4.519677,4.113716,10.098078,4.121861,3.4977422,0.65869975,9.126883,5.6703186,0.48817134,-0.65821457,8.304858,7.0829415,1.2363079,0.5712421,5.405709,0.26646572,0.31632096,0.574354,3.3171456,4.239591,11.738777,1.4392104,3.1057253,-0.04108303,5.9206567,3.4231572,-3.588937,2.910348,7.6136694,0.00092902064,17.298817,10.596652,8.198537,5.545495,18.180483,11.541726,8.781723,7.1226025,9.020523,4.467381,6.2450347,4.8102894,1.0523005,8.922743,4.5360017,6.781045,15.426543,16.086586,4.5977845,3.910703,7.3877583,7.8624487,16.775507,2.5560033
94,8.515842,-0.45650977,3.9642193,10.368199,4.440959,3.7041585,-0.34291655,8.608831,9.457584,1.0086234,-1.6193941,8.215109,8.035847,1.4843931,1.2174469,5.229743,-2.3075175,1.5488733,-0.14818229,3.286665,6.145716,15.320378,-3.1378517,3.6275032,0.95946485,8.564139,7.9822145,-3.493559,2.8964174,9.761295,-0.6555129,20.649176,14.137488,9.507818,5.5679,17.849564,14.737325,10.698657,8.9325,8.697596,3.3166287,5.9685955,5.2767487,0.32064015,11.69763,5.4221015,8.246356,3.1344573,14.055691,5.8723674,3.5704021,7.5663524,9.5031,19.526754,5.587613
95,7.939992,-5.273191,3.863025,9.477996,4.4235606,3.907912,-0.7514226,7.1357307,9.87332,1.2261446,-1.5842581,8.4403305,7.6660905,2.1246135,2.8626661,4.6277957,-3.6674407,3.184921,-0.17721334,2.4497783,5.383549,16.693928,-5.956685,3.755907,1.9218762,9.676154,11.3235235,-4.722023,2.0670445,10.677614,-0.67591774,19.716396,16.104437,10.523509,4.834902,18.42703,16.031805,11.430234,9.479182,7.7525373,3.5414047,7.0975614,6.0663333,0.0819649,12.550724,4.96322,10.898752,-3.239274,9.636026,6.7480707,4.26068,5.723901,8.407111,21.457628,7.8338256
96,6.8155985,-6.3459063,2.0949357,7.814881,3.9164534,3.9255993,-0.3463991,6.176517,6.513996,1.547151,-0.34817192,7.700106,5.7406626,2.95107,4.651779,3.3730917,-2.1094167,4.521594,0.26554143,0.59548104,1.9050484,15.6238,-5.5871525,3.209207,2.4871285,8.588128,10.738378,-7.0879083,0.568315,9.820666,0.91363853,14.657717,14.653224,9.689539,3.9459293,19.669075,14.276487,10.8136215,8.882261,6.884155,5.097532,7.947813,6.54221,0.61496603,10.818074,3.2679567,13.303893,-1.0947803,5.741371,6.955388,5.0573792,3.2120247,5.3135614,22.224134,8.393515
97,5.624447,-2.404895,-1.2729067,5.922439,2.8755634,3.6615763,0.912356,6.4698176,2.089074,2.1546166,1.4085997,4.856305,2.4995036,3.2449508,5.652518,1.9367001,1.8376923,4.926262,0.21059752,-1.501443,-1.8162181,13.381559,-2.7423365,2.0319145,2.8314307,5.8327894,5.901238,-9.289755,-0.8147627,7.5001893,3.17704,8.062247,10.050287,6.3992515,3.2344234,18.941341,10.274687,9.262619,7.6805687,5.4429755,6.5785055,6.6339054,5.948622,1.581059,7.2295794,1.3687788,13.488488,5.5634055,4.139462,6.027223,4.386374,1.0902107,1.6959075,20.050455,7.1960735
98,4.813451,3.9394112,-4.07054,4.453823,1.5883533,3.3910453,2.6539366,7.5945396,0.2825209,2.9087121,2.7829213,0.97439986,-0.8116209,2.4999871,5.6787143,1.5158507,5.785373,4.4325986,-0.8076124,-2.3843346,-2.5479684,11.374094,0.46701667,0.68616056,3.2642617,3.050777,-0.15391077,-10.054423,-1.198858,4.664909,4.2207046,3.505959,4.7237973,1.9686058,2.6780927,14.240196,6.3148813,7.5274334,6.5872345,2.638027,6.7191954,3.2942135,4.4271255,2.2521117,3.525023,0.37235358,10.90214,10.469211,4.8237085,3.9473808,2.1958,-0.41086426,-1.1848838,13.619812,4.9342723
99,4.638798,8.228188,-4.0550017,3.982279,0.574328,3.5639956,4.1681767,8.442189,2.4304247,3.609637,3.4292107,-0.9530134,-2.4615877,1.0553343,5.460704,3.1063416,7.3887367,3.8874316,-2.014499,-1.0594625,1.0291238,9.84477,2.3019845,-0.15241376,3.7926803,1.9045112,-3.1823826,-9.077248,-0.30176958,2.2675169,3.2239854,3.0178752,1.4372693,-1.2506294,2.252743,6.9916415,4.116607,6.119124,6.157516,-0.7960379,5.8078675,0.4605098,3.1701956,2.096162,1.2573513,0.6841516,7.069529,10.491972,6.454662,1.9201052,0.6790074,-1.33786,-2.6845253,4.310417,2.6085272
100,4.9997964,8.126609,-1.0948727,4.5693436,0.21941748,4.2505574,4.8675013,8.173779,6.261761,4.240784,3.674549,1.379847,-1.6119552,-0.08312275,5.8595104,6.379221,6.054283,4.298773,-2.0710924,2.02627,7.104763,7.9873395,2.6409533,0.014928769,4.215412,2.8472688,-1.2015923,-7.023063,1.3306336,0.7518507,1.3381002,5.5281596,1.132989,-1.8881154,2.1646364,1.3610278,3.2459383,4.9044647,6.39961,-2.5479796,5.373186,0.85060453,3.362314,1.2704912,0.7072139,1.8145585,4.270268,7.2805476,7.1454434,1.8506492,2.2878468,-1.3395498,-2.6709309,-3.8731258,1.0335355
101,5.387114,5.4794803,2.7394516,5.4359593,0.479108,4.8447714,4.7335186,6.864199,8.067697,4.874299,3.936696,7.20695,0.81325793,-0.1381772,6.808511,9.555981,3.0819986,5.826258,-0.51762706,5.13566,12.097429,5.159626,2.6679342,1.2002352,4.546349,4.866649,3.9597154,-4.787101,2.772139,0.014911303,0.5374602,7.7418103,2.3547018,-0.7506798,2.5835857,0.4234993,1.7318487,3.2896745,6.6056533,-0.72179,6.3573017,4.51678,4.906273,0.5654071,0.80266327,2.7313342,3.5146108,4.291738,5.271511,4.4703364,6.8447847,0.1314343,-1.3899784,-7.2187247,0.5240745
102,5.093403,4.282157,5.093888,5.2542825,0.9160659,4.4750648,4.237535,5.2915545,6.245755,5.3656306,4.1514125,12.989512,2.8181105,0.6833238,7.079429,10.625937,0.36920288,7.3711247,1.5482836,6.4500556,13.378142,1.7179157,3.398618,2.8970077,5.070691,6.4433985,8.4754505,-2.8080106,3.4139323,-0.2740243,1.7052087,6.776007,2.7238548,0.007481845,3.1715171,3.023198,-1.6700329,0.85611373,5.7210145,3.9561944,7.7425895,8.234596,6.290179,0.74902445,0.106231116,2.461389,3.7427115,2.7204514,0.3729203,7.9377766,10.936982,2.9001365,0.49982765,-5.5914364,0.8011139
103,3.6509311,6.4601603,5.1200447,3.0990462,1.0223289,2.8362603,3.7370033,4.062468,2.7142727,5.260926,3.8498487,15.189607,3.0411618,1.3376617,5.2705884,8.883841,-1.0363773,7.3110595,2.3562737,5.2911773,10.962159,-1.4308943,4.4864902,4.305609,5.7813497,6.77276,9.860535,-0.9989876,3.2819238,-0.38495815,3.9294465,2.2787442,1.0628808,-1.051212,3.0628097,4.688059,-5.945595,-2.1546807,3.1542513,8.066305,7.280185,8.076867,5.85366,1.8090458,-1.9786571,0.6771653,2.9501357,0.5153267,-6.1216,8.8028145,10.688192,5.5841055,2.021466,-2.827141,1.1345637
104,1.2095745,9.665025,3.4311304,-0.6523559,0.5451491,0.6217879,2.9762633,2.8889537,0.80046284,4.132473,2.7622778,12.891619,1.7952224,0.8814008,1.2023813,5.3347545,-1.3727304,4.8628926,1.1025624,2.367878,6.8540864,-3.9054244,4.4624534,4.6513457,5.843741,6.0577435,8.605014,0.8228502,2.7477014,-0.5017715,5.5503206,-3.7476387,-1.7610946,-3.356428,1.5370051,1.8761847,-8.715212,-4.976637,-0.59985673,8.035771,3.7694356,3.003159,3.2687562,2.7887862,-4.7913017,-1.9791852,0.097240925,-4.7762747,-11.154826,4.944774,5.439261,6.356109,2.3820071,-3.5132291,0.7551495
105,-1.4789284,9.39619,0.7619078,-4.3686194,-0.413328,-0.972302,1.3178371,0.7668667,1.7834351,2.062272,1.2286843,7.944,0.41599813,-0.68601435,-3.6070426,1.5816941,-1.4926398,0.8729725,-1.2633063,-0.96454173,2.9808059,-6.191075,2.2046094,3.4695718,3.9625757,4.7183876,6.778404,2.5557332,2.0023224,-0.83950424,5.653654,-8.993937,-3.893006,-5.020838,-1.1649134,-4.6610785,-8.677557,-6.9268255,-4.1639104,3.210107,-1.4380124,-3.9166222,-0.20607406,2.4959762,-7.0659757,-4.1249657,-3.990235,-12.553728,-11.747294,-2.2166317,-1.3774793,4.4339776,1.6017276,-8.927849,-0.5875331
106,-3.530655,3.4714751,-2.7423754,-6.3141737,-1.5252014,-1.290958,-1.4155754,-2.9821167,3.6416059,-0.23186916,-0.06766298,2.8752325,-0.29458663,-2.4514537,-6.929878,-1.6525372,-1.904327,-2.723523,-2.8802133,-3.5980208,-0.1648089,-8.808396,-1.7359565,0.830857,-0.36766717,2.5871274,5.429111,3.855151,0.85969806,-1.6363829,4.4764347,-12.619075,-4.265198,-4.743407,-3.7304366,-10.77944,-7.017223,-7.870958,-6.2669907,-3.36539,-5.401016,-7.9714384,-2.9056864,0.58972335,-7.9925365,-4.508226,-7.4317627,-18.870462,-7.277125,-8.602397,-5.266574,0.88329667,0.60381085,-15.875789,-2.3125715
107,-4.518908,-5.5055737,-6.717418,-5.9928856,-2.4379115,-0.81350154,-4.3524766,-7.703455,3.2719233,-1.8179271,-0.738607,-1.0714657,-0.77494884,-3.4080486,-7.451976,-4.8349266,-2.3823907,-4.3296547,-2.6287506,-4.9874153,-3.0236952,-11.312537,-5.2311234,-2.5404222,-5.8780923,-0.80364466,3.6801143,4.4797745,-0.91326976,-2.9495332,2.6383734,-15.095932,-3.373523,-3.0102758,-4.641566,-13.108507,-6.224554,-8.107975,-6.703625,-7.356673,-6.203126,-6.8266397,-4.13648,-1.9011197,-7.7353663,-3.0441637,-8.8719425,-19.77691,-0.437985,-10.847467,-4.750377,-2.1347177,0.4850057,-19.519285,-3.3478804
108,-4.700334,-12.109414,-9.511191,-4.479219,-2.911068,-0.6612198,-5.986234,-11.449405,-0.14085943,-2.1730597,-0.9610923,-3.9518936,-1.7998457,-3.2545319,-5.593942,-8.474186,-2.3488731,-3.752429,-1.0403308,-4.950912,-5.5099154,-12.387762,-6.0985775,-5.4103703,-10.003901,-5.034616,0.3636739,4.5308886,-3.0901525,-4.471665,0.42347568,-16.62675,-2.4936042,-1.4832029,-3.3536837,-12.133335,-7.509906,-7.8608913,-6.393522,-6.754028,-4.6298738,-2.4137068,-4.3908134,-3.2073765,-7.0393434,-1.1045396,-8.319768,-15.018001,4.345371,-8.971229,-2.4738145,-3.0654244,1.5353067,-17.563038,-3.0516279
109,-4.673831,-12.641848,-8.733667,-3.398721,-2.8625023,-1.4414955,-5.3694596,-12.231643,-4.111922,-1.470752,-1.0698091,-5.7222924,-3.0949442,-2.4677217,-2.8757126,-11.836729,-1.5588312,-2.0468416,0.2982143,-3.5330927,-6.4534106,-11.06069,-3.7763336,-6.5657806,-10.7167225,-8.16196,-3.8515642,4.323903,-4.8439045,-5.620756,-1.9917948,-16.167229,-2.3492193,-1.3219366,-0.76669276,-11.058968,-9.511943,-6.9695807,-6.4826174,-3.5135357,-3.215219,1.02081,-4.3455014,-2.2030394,-6.404451,-0.5250424,-6.6739373,-8.373519,4.125968,-5.77528,-2.2414844,-2.0942817,2.9466813,-11.951739,-1.9907434
110,-4.7653227,-8.042292,-3.490749,-3.4851677,-2.3578222,-2.5667498,-3.0042565,-9.541575,-5.274501,-0.33835807,-0.9840843,-5.515015,-3.241604,-1.7099785,-0.57017916,-13.092373,-0.45592925,-0.4531273,0.16360131,-1.2018982,-4.7356997,-7.7387834,0.26054186,-5.5508733,-8.170568,-7.7943115,-6.451316,4.0243073,-5.186601,-5.8861403,-3.8889997,-12.375234,-2.6303706,-2.173413,1.4333365,-11.855018,-9.659666,-5.142465,-7.335712,-1.7434202,-3.6608436,0.8106333,-3.9116879,0.5888775,-5.638125,-1.9414347,-4.706338,-4.2365394,-0.3153575,-3.7475786,-5.015787,-0.7470738,3.5385385,-6.7137322,-1.7315031
111,-4.700779,-2.6745338,3.8975248,-4.059192,-1.5656214,-2.793532,-0.53250945,-4.846815,-2.782854,0.60763705,-0.23416968,-2.7189808,-1.2229673,-1.2435722,1.0055063,-10.982048,0.108819,0.4797105,-1.3841264,1.0044991,-0.9606113,-3.9168313,3.6509502,-3.094816,-4.5965686,-3.2942133,-5.434354,3.4371657,-3.6840584,-5.139116,-4.129851,-5.568225,-2.682672,-2.7396588,1.9918448,-12.900712,-6.7706165,-2.5007324,-8.357968,-4.027263,-5.308113,-1.962385,-2.4869485,3.27471,-4.1559033,-3.9475346,-2.6424053,-3.7474613,-5.174105,-2.8193686,-7.965774,-0.4366548,2.7987566,-4.255567,-3.5576792
112,-3.8952255,-0.44994295,8.9107065,-3.8881128,-0.68777966,-1.5399,0.54298997,-0.5865631,0.73094374,1.0104467,1.3148683,1.3418015,2.0112052,-0.8915523,2.0028963,-6.3929834,-0.40671876,0.8505997,-3.2416735,1.8860466,2.2519672,-0.8590975,4.8598266,-0.7673422,-2.44453,2.9635358,-1.5918114,2.2301815,-0.8859302,-3.6428204,-2.2695005,1.557834,-2.4061084,-2.1679006,0.847921,-10.899256,-2.2069645,0.19380651,-8.7373295,-9.140243,-6.197148,-3.9461992,-0.12692732,3.9880989,-1.6844165,-4.1027813,-0.61517584,-4.223922,-6.748457,-1.3036244,-7.5271764,-1.339942,1.1914393,-3.6899893,-7.1155963
113,-2.1213129,-1.9692768,8.215891,-2.5438738,0.10280181,0.2965479,-0.06357164,1.522678,1.5795478,0.7015327,2.8322368,3.386289,3.8673706,-0.44022796,2.1325424,-2.1075504,-1.6447961,0.7538183,-4.191773,0.9203751,1.9988286,1.2979147,4.0627117,0.037334524,-2.4393926,6.8452682,1.8220264,0.47083157,1.887172,-1.7989076,0.5601343,5.6029034,-2.2881925,-0.7609969,-1.0878009,-5.017128,1.5277383,1.939632,-8.278339,-13.143355,-5.4683533,-3.0304022,1.8103002,2.2631667,1.2970387,-1.1495053,0.77786225,-2.339542,-4.288503,1.2321743,-3.3137238,-2.5318644,-0.55319965,-2.5358257,-10.30422
114,0.06995915,-4.9330945,2.487707,-0.9017549,0.67705363,0.91647524,-1.4900935,1.4750326,-1.5973015,-0.41528413,2.855944,0.5222027,2.3439176,0.04803268,0.55341256,-0.6953908,-2.4293876,-0.07830516,-3.6109364,-1.2367916,-2.5249128,3.0785046,2.6212716,-0.9433638,-3.3101504,5.5345087,1.8976129,-1.0191809,3.295515,0.08552682,2.275019,5.2033186,-2.5891256,0.6155151,-2.7725885,1.4105877,3.2026715,2.2159772,-7.450043,-12.798443,-4.412578,-0.41695523,1.5451863,-0.7385009,3.7457204,3.5510774,0.67125213,2.2116992,-0.14882572,2.6516123,1.1599642,-3.041293,-2.344797,0.268388,-10.758673
115,1.6352643,-6.773875,-4.0601892,-0.28812793,0.92980886,-0.8106992,-2.7266443,0.533379,-6.7244973,-2.261832,0.5282007,-6.944741,-1.9132911,0.33690724,-3.1441844,-2.382135,-1.6225843,-1.8862364,-1.5574222,-3.1928992,-9.132082,4.487359,1.7689152,-2.7313051,-3.3206964,-0.15534748,-1.3515147,-0.9922269,2.7916942,1.8059051,1.6520004,2.2237349,-2.717824,1.5970205,-3.6810567,3.8399322,3.800749,1.3989874,-6.643587,-8.214996,-4.943047,0.6823891,-1.3840804,-3.2468517,4.7029862,6.900281,-1.1825849,6.279248,2.6752734,0.3329315,1.7367768,-2.7067473,-4.762559,3.243479,-7.7703314
116,1.865615,-6.6866,-7.1411424,-1.1262453,0.7960386,-4.1839676,-3.4478936,-0.0697373,-10.303438,-4.370484,-3.3703723,-15.043209,-5.868939,0.33159995,-7.891666,-4.863778,0.80540985,-4.2421365,1.4542571,-3.8976376,-14.105596,4.6327286,1.6705788,-3.9484172,-2.0018482,-6.375702,-5.1290216,1.2156937,0.9568934,3.1387296,-0.48093584,0.13549414,-1.6414645,2.5858097,-3.8161304,1.3151004,5.186419,0.5288225,-5.5100594,-2.4487784,-7.1172047,-1.6790718,-5.296269,-4.1800566,3.926913,6.7085423,-3.7844145,6.5059204,3.1997278,-5.401145,-2.3767986,-2.0859847,-8.07692,4.217239,-2.9110193
117,1.0467159,-5.4442368,-5.726126,-2.418785,0.3396322,-7.0317154,-3.8914735,-0.02776494,-10.389918,-5.916422,-6.6969543,-18.874413,-6.592683,0.18695231,-11.336691,-5.268108,3.4236777,-6.014063,4.5869546,-3.3734894,-14.818661,2.7644336,1.5416403,-3.8747156,-0.39178488,-9.339572,-6.465047,4.7089763,-0.89222836,3.8477786,-2.0532918,1.031127,1.0062585,3.9573498,-3.3298168,-2.047278,8.074308,0.6366833,-3.19654,1.3777293,-8.5141535,-6.176528,-7.501083,-3.6282318,2.1202703,3.743274,-5.330963,2.9967515,2.8707078,-10.437697,-7.8094215,-1.7026823,-11.309555,3.073972,1.2919798
118,0.3049611,-3.9000895,-2.3003483,-2.586257,-0.17100617,-7.369277,-4.1257715,0.25897563,-7.7683434,-6.1582866,-7.490586,-16.410591,-3.6892695,0.093107276,-11.431767,-2.5156937,4.238943,-6.157705,6.766795,-2.437938,-11.394416,-0.3800444,0.54789895,-2.819345,0.2939733,-8.224663,-4.6879253,7.096276,-1.6172605,3.892064,-1.8654994,4.064993,4.2872987,5.2218046,-2.305886,-0.9313302,11.394114,2.1306922,0.64641005,2.6398861,-6.429595,-9.36564,-6.5201406,-2.3166344,0.6259309,1.1489172,-4.514114,-0.35431635,3.5891807,-10.137315,-10.15237,-1.5148616,-12.512261,2.3798387,3.450621
119,0.66151696,-2.1612763,-0.12675221,-0.88747054,-0.34975928,-4.9564013,-3.7311115,0.5383346,-4.653207,-4.9831843,-5.5135083,-10.067758,0.56815237,0.044013456,-8.113582,1.9316119,2.328441,-4.6179776,7.0411506,-1.7856418,-6.2592144,-2.6031747,-1.3780496,-1.5884441,0.011639511,-5.3801,-1.5481076,5.9868164,-1.0937185,3.5892773,-0.8317557,6.686241,6.5206866,5.2547116,-0.92350584,5.4700236,13.43483,4.575322,5.078902,3.1148696,-0.8422669,-8.800985,-3.3623354,-0.8075178,0.6968446,1.5783266,-1.583638,0.6079973,5.4503326,-3.8617873,-7.91583,-1.1324723,-10.287871,5.0102386,4.207729
120,2.0490072,-0.19556847,-0.37754807,1.8651484,0.030693302,-1.4412161,-2.3817265,1.1115786,-2.6416028,-3.0474956,-2.4425964,-4.6657786,3.3554926,-0.09488279,-3.5112846,5.37695,-1.1574441,-2.4180906,5.199674,-1.4246615,-2.2517686,-1.9886085,-3.4673195,-0.69881594,-0.24126348,-3.8601441,0.6933326,1.0510707,-0.32999375,3.4357991,-0.99943465,7.2708015,6.538339,3.4982743,0.3094337,11.734084,13.268592,6.8651624,8.185312,4.520944,4.910507,-5.149294,-0.6495903,0.7092215,2.6533966,4.6075907,1.764672,6.2235456,6.4480057,3.797957,-3.595008,-0.46613386,-5.2422934,10.990076,5.096941
121,3.1770399,1.2315437,-1.8001631,3.8888876,0.77409,0.9777077,-0.66038996,2.2903,-1.914895,-1.330598,-0.55230135,-3.5683582,3.5065644,-0.31058964,-0.3900689,5.908432,-3.699361,-0.7971859,2.1248727,-0.998915,-0.90904397,1.2143753,-4.7602053,-0.14255916,0.13520728,-4.7320375,1.0333065,-5.083188,-0.67191935,3.6313834,-3.334698,6.4671955,4.4441857,0.8449109,0.68645513,10.718148,10.977232,7.648155,8.358634,6.2884703,6.6865664,-1.441872,-0.41131043,1.9892256,5.4347005,6.9078345,3.5910392,12.341401,4.399701,6.6882577,-1.1176194,-0.04809715,0.074978426,16.71098,6.5862055
122,2.4808767,0.75858223,-2.7890081,3.7485929,1.2946461,1.186315,0.005482875,3.5528696,-1.9385026,-0.4659132,-1.0484207,-6.299683,1.8341666,-0.35884777,-0.12819801,3.4582677,-3.4633532,-0.21626955,-0.6402836,-0.4962434,-1.9999462,4.5265045,-4.8726425,0.19054797,0.27544942,-6.604777,-0.19867079,-8.270138,-2.6061954,3.7586162,-6.607148,6.0354857,1.260075,-0.89878494,-0.18155718,0.42075193,6.8915696,5.9088874,5.5098853,5.917112,3.0855534,-0.3518328,-2.5640478,2.3998785,7.0321727,5.1786423,3.0152078,13.816515,-0.7825026,2.4344683,-2.3584356,-0.6286639,2.8879957,17.560364,7.3989363
123,-0.5435349,-2.1832247,-3.3251748,1.3131236,1.0232893,-0.24649979,-1.4623921,3.513802,-2.3300226,-0.41537112,-3.4136784,-9.4595585,-0.29559687,-0.067481674,-1.9114531,-0.591667,-0.9697192,-0.17662024,-1.921138,-0.40478405,-4.1424594,5.2714763,-4.2635264,0.097270854,-1.4621595,-7.498118,-2.3962266,-5.925178,-5.1205854,3.0388334,-8.552303,6.617286,-2.0009267,-0.6199335,-1.924978,-13.297692,1.2459701,1.6058614,1.2019156,1.7039748,-3.2820613,-2.056616,-5.3113422,1.292723,5.8058305,-0.73409635,0.6449731,8.996053,-6.630629,-5.5308857,-5.913731,-2.3986654,2.192095,11.80206,5.920614
124,-4.7247376,-6.252126,-4.6534476,-2.2839618,-0.100847,-1.8340987,-4.5220537,1.0435021,-2.8330626,-0.69987375,-6.0963726,-9.807948,-2.2953286,0.29480872,-3.6765602,-4.4571705,1.2635528,0.043969262,-1.6865711,-1.0526246,-5.6784067,2.871084,-3.8221102,-0.717546,-5.524307,-6.9051843,-5.2178073,0.6366176,-6.2798057,1.0538833,-8.059078,6.9393935,-4.8311214,0.977129,-3.5290592,-21.004501,-5.115658,-3.954414,-2.3684645,-4.820585,-7.9398594,-4.427216,-6.8121953,-1.1882995,1.8798265,-7.373776,-2.0372164,1.0734872,-9.922002,-11.098881,-8.785916,-4.5805864,-0.6346657,2.2857525,2.262492
125,-7.9097514,-8.705178,-7.196944,-5.445283,-1.4906409,-2.457633,-7.0287194,-3.4013562,-2.8150237,-0.86820567,-7.6920342,-6.7067366,-4.2262,0.10477524,-3.8010616,-6.6961064,0.99809015,0.55315083,-0.87167805,-1.9003271,-5.284146,-0.781215,-4.118408,-1.9770219,-9.909091,-5.9402905,-8.031452,6.789662,-4.7183394,-1.7143312,-6.0601144,5.323875,-6.965813,1.9347597,-3.9948256,-17.381655,-10.078207,-8.453819,-3.704617,-9.350904,-8.080758,-5.0274415,-6.4154444,-3.7895617,-2.5968745,-10.359893,-3.6979382,-4.8611083,-9.176229,-10.691304,-8.902584,-5.8257656,-3.0502396,-5.601331,-1.3094205
126,-8.489977,-7.3098354,-9.197986,-6.980697,-2.300784,-2.039963,-6.773009,-7.6222587,-1.4218712,-0.7333193,-7.564633,-2.0494504,-5.7571626,-0.99165064,-2.0648432,-6.497583,-1.5253469,0.7732595,-0.43999264,-1.748909,-2.385257,-3.2092357,-4.898733,-2.596173,-11.168215,-5.6423106,-9.396743,8.018987,-0.8802231,-4.1167974,-4.255795,1.8037921,-7.9851484,0.85985947,-3.0233884,-5.531246,-11.144232,-9.733832,-2.7095475,-8.135004,-4.361198,-2.960652,-4.5028653,-4.8862267,-4.890161,-7.9273844,-3.8216777,-6.2403173,-5.7350283,-5.669814,-6.1429973,-5.160687,-3.2690158,-8.061208,-2.316906
127,-6.557192,-2.0513656,-7.8388844,-6.552637,-2.058214,-1.2081063,-3.270305,-9.128095,1.4189171,-0.25398967,-5.6728234,1.7711791,-5.8469195,-2.4937618,0.6920727,-3.9354057,-3.6169896,0.16575259,-0.6002734,0.12868467,2.476816,-3.6382315,-5.2246656,-1.4189541,-7.0948315,-5.481048,-7.8594117,3.5238929,3.111953,-5.2348137,-3.1697912,-1.6002214,-7.496199,-1.7232437,-1.1630254,5.778929,-7.669355,-7.217403,-0.4404847,-1.3597307,0.3155192,0.862194,-1.5663657,-3.7624571,-3.9229894,-2.3009286,-2.73386,-4.8051205,-2.5801544,-0.085494645,-1.5560836,-2.7475247,-1.2848755,-5.621992,-0.5995104
128,-3.7487764,4.7867374,-1.9585668,-4.6417575,-1.0083556,-0.4960481,1.8053249,-7.093905,4.323086,0.6351118,-2.2156909,3.7556431,-3.7959645,-3.199414,3.5448859,-0.25459015,-2.586433,-1.0562886,-0.880501,3.030867,7.5826726,-3.4560878,-4.1798897,1.6102601,1.2009447,-3.8271646,-3.620925,-3.08195,4.9907527,-5.1402354,-1.7117425,-2.9394035,-5.7558193,-3.8129516,0.66815627,9.281738,-2.2449806,-2.5228353,1.6854769,6.535877,3.482412,4.797891,2.1920245,-1.2495372,-1.4059169,2.1775913,-1.2097478,-4.2611904,-1.9192246,3.4851444,3.748968,0.16268365,1.6298305,-2.2393072,1.2252208
129,-1.9073515,10.142431,6.2941246,-2.2067666,0.109820195,0.082361266,5.933971,-3.1123962,5.247337,1.9320668,2.3138225,4.5110254,-0.46714038,-2.1424994,6.0510874,2.3947084,1.5567708,-2.001697,-0.8425784,5.146857,10.700983,-4.483902,-1.6265388,5.0517583,9.751547,0.05516301,0.8551185,-6.712951,4.0650516,-4.760593,1.3086025,-2.6075878,-3.8582013,-3.7755406,1.8431283,4.511641,0.74164176,1.4170302,2.643055,10.163827,4.6982574,7.614764,6.3322196,0.95275116,-0.5738305,2.4788334,-0.042506296,-6.2534504,-3.4984186,5.7369685,8.803616,2.1052747,4.1887755,-1.6424156,0.15811752
130,-1.6615916,12.019784,12.62932,-0.19596834,0.64803165,0.7985884,7.6165586,0.018698618,3.3133907,3.3071237,6.836246,5.0677156,1.9973931,0.47268483,8.065386,2.2127671,5.7573185,-1.8997725,-0.5853587,5.030379,10.382674,-6.866281,1.5862758,6.969159,14.465245,4.6854553,2.517117,-4.9474506,1.6603707,-4.918513,5.4651356,-3.2382839,-2.9653273,-1.8524061,2.3284569,-2.883844,-1.3295014,2.3022742,2.189666,7.438829,4.98306,8.82194,9.618409,1.69843,-3.310261,-0.98237956,0.24507424,-8.636993,-4.950781,8.646206,12.425231,2.4858212,5.8757405,-4.1295652,-4.048949
131,-2.087494,10.382812,13.721045,0.9318087,0.48906973,1.7289335,7.1920547,0.5111355,-0.14901017,4.089308,9.835595,5.776389,2.0454292,3.2572176,9.329472,-0.6517416,6.454714,-0.8127694,-0.5017767,2.8781064,7.0225544,-8.726675,4.164809,6.551476,13.905077,7.3226266,0.46557295,0.19821537,-0.11245773,-5.4562597,8.768227,-6.9985156,-3.1950412,0.07920403,2.4662006,-6.4431725,-6.7904005,0.08709993,0.88299936,1.1815596,5.245016,8.383379,10.489464,1.2490863,-8.152362,-5.0698624,-0.44616503,-7.733398,-3.8693676,12.320561,13.462095,2.0406964,6.748443,-6.575631,-8.148617
132,-1.6790413,6.785636,9.588125,1.420421,0.016252348,2.6105394,6.0973697,-1.0631644,-2.5787914,3.7309067,10.229858,6.32462,0.332362,4.666255,9.478803,-3.6474805,2.8030827,0.45216328,-0.6455471,0.3489135,2.735777,-7.9393444,5.2620187,4.827925,9.925107,6.4580603,-2.944956,4.308988,-0.15690404,-5.3468747,9.489514,-12.88979,-3.3863258,0.22545841,2.5441468,-3.8014822,-10.831489,-3.0114517,-0.21067975,-3.2789118,5.5037546,6.526848,8.40612,0.79149675,-11.220525,-6.6209326,-1.7513453,-2.3703382,0.0501748,14.3232155,11.84909,2.2525566,6.8386846,-5.6041956,-8.065153
133,0.25275537,3.3072824,3.3253317,1.9424368,-0.27231088,3.1593275,5.497609,-2.398484,-2.3635633,2.426719,8.323405,6.547094,-0.75766957,4.2043853,8.473285,-3.3829072,-2.4071462,1.134896,-0.51844496,-0.94356424,-0.020598495,-4.2741776,5.00019,3.7050288,5.8925214,3.4227514,-4.0205183,4.44672,0.8653698,-3.7644641,7.8129663,-16.986767,-2.203089,-1.5604266,2.5907407,2.5914094,-9.578826,-4.185293,-0.06415816,-2.4173481,5.4440784,3.9032266,4.720435,1.1571271,-9.575174,-4.7872934,-2.957009,4.286482,4.544862,12.224036,9.267486,4.095683,6.0120215,-1.0850285,-2.6874409
134,2.9611487,1.5232621,-1.3512392,2.9587898,-0.118870385,3.445016,5.583615,-1.4522414,-0.08152266,1.2412609,5.8336573,6.9099894,0.57349986,2.736198,6.8860106,1.7148442,-5.0651083,1.2356887,0.3994901,-0.8090172,-0.043814026,0.17120881,4.2033653,4.1788826,4.1885676,1.4362159,-1.041157,1.3333428,1.4772366,-1.1050458,5.584054,-15.791424,0.3968839,-3.7754078,2.5367846,8.52987,-3.4405568,-2.1082509,1.6889844,2.9180195,5.2681637,1.6651807,1.9508595,2.0375726,-4.084527,-1.2872386,-3.2881982,7.084205,6.486237,6.5811324,8.213377,7.0899787,4.4407587,3.258453,4.7700143
135,4.9115767,1.9128985,-2.5495017,4.2312365,0.4272436,3.870492,5.924417,1.9211091,2.3984873,1.4251289,4.700931,8.055033,3.6730483,1.6412159,5.6209583,9.833106,-3.2480018,1.4701937,1.9358947,-0.38722983,2.0679033,2.6677637,3.6163328,5.4344373,4.9776864,2.8813825,4.1973686,-1.9246279,1.0401475,1.0961951,4.512316,-9.6720915,2.8552418,-4.702888,2.4881942,11.460306,3.3797011,2.1831586,4.430687,8.677516,5.656284,1.0019016,1.8907899,2.4379685,0.988492,1.3026253,-2.2618675,3.445076,4.49533,1.0740825,9.923491,9.506707,2.993631,2.905954,9.259776
136,5.0716825,3.7955205,-0.8206521,4.9800396,1.1582371,4.742441,6.1647453,5.99802,3.9035146,3.3468587,5.5653234,9.918203,6.000256,1.6077123,5.2660327,16.800291,1.22887,2.5253403,3.1626062,-0.716813,4.7455387,2.1057796,3.3529902,5.708886,6.8296967,7.292238,8.133314,-3.0165625,0.4616987,1.4026686,4.7763996,-2.9565568,3.3429246,-3.8666472,2.7426763,11.427666,6.6755257,6.1959367,6.842366,11.196078,6.871467,2.313002,4.2195063,1.8269751,1.6201788,1.6144534,0.06949812,-4.0210314,0.32319853,-0.52933663,13.070937,9.6710615,2.825918,-3.2285335,8.083497
137,3.7069352,5.766432,2.031162,4.60949,1.835056,5.857074,6.2156224,8.662088,4.8531485,5.929324,7.2365026,11.445498,5.645864,2.1490207,5.674586,19.009155,4.5466537,4.308827,3.1531234,-1.4618671,6.75582,-0.19569193,3.0717034,4.0569596,8.172321,11.823713,8.739293,-2.3187356,1.2278204,-0.2032356,5.358717,-0.26558638,1.5321383,-2.210856,3.4582782,9.666913,5.6913424,7.8303776,7.6838527,9.894184,8.125188,4.7451596,6.8727508,0.7458408,-2.2500675,0.30372128,3.0990012,-9.374291,-2.3347752,2.3279355,14.654837,7.3212495,4.3248906,-11.150869,3.0016332
138,2.051756,6.4652567,4.5029135,3.3243113,2.1960673,6.517958,5.893401,8.940063,6.1676745,7.1752357,7.671931,11.310711,3.2717142,2.2012157,6.1068535,15.856628,4.2201366,5.851774,1.8378135,-1.1554322,7.7673774,-1.7030709,2.6181548,1.2656885,8.191671,13.621401,7.118548,-1.8511121,3.6967628,-2.1433618,5.4208713,-2.314848,-0.9296339,-1.0229849,4.276486,6.983536,3.0910742,6.682006,6.516454,6.8828197,8.042917,6.6010756,7.7573667,0.23285487,-6.3636208,-0.7928773,5.86855,-8.183232,-0.8358026,6.5395975,12.414312,3.8183599,6.410649,-14.496802,-1.5516402
139,1.2427492,5.2914543,6.005422,1.9960845,1.971541,5.993724,4.6872063,7.365774,7.5752273,5.5083375,5.640903,8.992634,1.4638551,1.1593884,5.71261,9.772075,1.005697,5.9387207,0.0889223,1.2082016,7.847676,-0.70009565,2.36541,-0.9581445,6.742735,11.875377,5.950231,-2.707612,6.3717747,-2.438071,4.9811206,-5.1286573,-1.7701888,-0.7582469,4.33418,3.5429306,1.8387032,3.9258013,3.8362713,4.2677474,5.826623,6.368127,6.1873517,0.67351586,-5.6847076,-0.2590759,7.4250526,-1.1335529,4.055093,8.018287,6.5730805,0.9499147,7.064871,-9.63529,-2.3704224
140,1.4908875,2.6409256,6.463213,1.3652674,1.035831,4.0375905,2.142443,5.132584,7.441907,0.96997476,1.6546836,5.194513,2.1205604,-0.6122386,3.9276547,4.0583043,-2.1592932,3.9725828,-1.0555737,4.8070097,6.7201223,2.5875204,2.789815,-1.6556451,3.8997672,7.9195533,6.5649333,-3.7968616,6.9738364,-0.27140966,4.224926,-3.5729954,-0.018453157,-0.84731245,2.8117232,-0.26716238,2.3351076,1.1518351,0.5995583,2.0097244,1.9445462,3.591534,2.8840373,1.3004261,1.1926957,1.8507236,7.235676,6.7319055,8.59718,4.930931,-0.601471,-0.6215592,4.872452,1.0828899,0.09667721
141,2.1436534,-0.43835706,5.7788496,1.3657712,-0.39188835,1.07481,-1.4792012,3.028419,4.5490212,-4.627628,-2.5579324,1.2490257,4.509808,-2.169807,0.633536,0.5616155,-2.9385345,0.46693996,-1.2465379,7.302965,3.8246436,6.469074,3.6901133,-1.4388596,-0.110065855,3.7319367,7.712919,-3.1680534,4.406927,3.3877745,2.602239,3.8870966,3.2756433,-0.49380997,-0.32474756,-3.3401034,2.587802,-0.73871446,-2.3652842,-1.5678788,-2.2957282,-0.97837174,-1.0706042,0.91136044,10.661113,4.2009144,5.5064692,10.375945,9.121474,-1.2694967,-6.774268,-1.7893304,0.32191017,10.858311,2.7798703
142,2.4261353,-2.8402221,3.8784952,1.2679749,-1.7522535,-2.0314512,-5.0520034,1.1171441,-0.0636145,-8.739999,-5.447265,-1.8622497,5.9457145,-2.8035324,-3.7642295,-0.99553645,-1.4472666,-3.1368546,-0.93059444,6.7165403,-0.7435099,9.141263,3.9740427,-1.6962446,-4.5997906,0.5065481,7.15741,-0.3810412,-0.18484744,6.562997,-0.81288046,13.499962,6.078158,0.45926672,-3.9996877,-4.465121,0.879169,-1.7736076,-4.5804596,-7.2869396,-5.7700424,-5.893575,-5.010463,-0.8745827,16.927357,5.2638755,3.1773775,8.78127,5.1223207,-7.441588,-11.031583,-3.8369405,-4.3390803,13.680387,3.1376379
143,2.0902965,-3.8282983,1.1817895,0.49458548,-2.4722986,-4.423037,-7.258887,-0.7728409,-3.3925052,-9.629795,-6.65105,-3.9447396,4.380451,-2.5149546,-8.274245,-1.9479268,0.3250241,-5.2164288,-0.69857925,3.2247117,-5.477885,9.691199,2.4643848,-3.0926251,-8.373594,-1.5580689,4.2200713,2.7116137,-4.2583213,7.7031198,-5.856215,19.151741,7.028012,1.4317092,-6.510607,-3.39385,-2.1196442,-2.3885171,-5.7931542,-13.332924,-8.12528,-9.688772,-8.490309,-3.073507,16.506794,4.3600607,1.4496366,5.1029773,-0.37689167,-11.135579,-13.65138,-6.7843904,-6.708427,8.929347,1.291898
144,1.4229504,-3.21233,-1.2316895,-0.75361466,-2.3926902,-5.619077,-7.515756,-2.4845047,-2.962255,-7.395015,-6.8616443,-5.202105,0.33242956,-1.8459392,-11.516869,-3.2919335,0.62645227,-4.882324,-0.64919335,-0.7844555,-8.001562,8.180326,-0.902694,-4.949698,-10.318414,-2.6197696,0.5219356,3.6703649,-5.863753,6.589466,-10.495012,17.306332,6.1552324,1.7424595,-6.599134,-1.1992337,-4.0287085,-2.8501596,-5.9004297,-16.210653,-9.5145235,-11.369258,-10.743237,-4.081363,10.536625,1.9097956,1.0211945,3.0821507,-3.5502238,-11.765137,-14.879366,-8.966064,-6.0210247,1.4594172,-0.65721107
145,0.7617927,-1.4595048,-2.1942565,-1.7281048,-1.9013305,-5.662367,-6.2935305,-3.5561619,0.81624264,-3.8418632,-6.9016156,-5.6233654,-3.6589527,-1.3730731,-12.394426,-5.2121964,-0.5614996,-2.5596373,-0.45952073,-2.5561285,-6.802882,5.1819644,-4.687445,-6.0807595,-10.213296,-2.8094566,-1.762908,1.8904909,-5.030559,4.1548,-12.080447,9.660379,4.2662272,1.243903,-4.3678575,0.4473701,-3.3687406,-3.1514158,-5.13399,-13.742766,-10.007757,-10.6702175,-10.848254,-3.0453591,3.2623703,-1.088007,1.5509669,3.2960892,-3.0773063,-10.19026,-14.3685055,-8.455252,-3.642063,-2.803741,-1.0511999
146,0.117539294,0.25704178,-1.3956374,-1.9550148,-1.6014372,-5.019839,-4.601575,-3.7500389,4.8058257,-1.3087053,-6.974784,-4.923306,-5.351884,-1.3594742,-10.913581,-7.4763703,-1.8839748,0.16420151,-0.020923572,-1.190175,-2.7267153,1.4374732,-6.923439,-6.0748563,-8.930737,-2.5045376,-2.129149,-0.80240226,-3.4187918,1.6296265,-9.726601,1.4143398,1.9921216,0.34762865,-1.3105314,0.4027821,-1.210048,-3.279938,-4.1962843,-7.2891107,-9.422041,-8.147107,-8.68887,-0.615701,-1.5059654,-3.7222826,1.8585962,2.8705962,-0.9571049,-7.7192655,-11.910738,-5.079068,-1.8670576,-1.7938011,-0.22291444
147,-0.70936716,0.43196872,0.15060903,-1.7267936,-1.7780962,-4.2877345,-3.2166827,-3.4185176,5.779134,-1.1905508,-6.7014008,-3.1176958,-4.564787,-1.7348136,-8.379117,-9.777191,-2.1405177,1.4729226,0.16024043,1.6304644,1.2890373,-2.1606846,-6.689645,-5.5865374,-7.7189307,-2.560118,-2.0201411,-2.0022495,-2.7125173,-0.16090253,-5.3802557,-3.007207,-0.38560152,-0.45523754,0.66447437,-1.324964,-0.09483287,-3.3886554,-3.894302,-0.9387353,-7.6733513,-5.0015373,-5.5731783,1.573484,-2.7474785,-5.4013796,0.84889764,-1.1176132,-0.16446929,-5.468977,-8.394897,-0.990436,-2.0692403,1.5500306,0.22975674
148,-1.7118043,-1.7679001,0.66923064,-1.6984298,-2.1446712,-3.8214886,-2.3748198,-3.2266808,3.0617528,-3.087353,-5.704816,-1.0153884,-2.8561444,-2.2214568,-6.5038466,-11.546189,-1.3286626,0.54606557,-0.64363307,3.015631,2.3085737,-4.587018,-4.820571,-5.346934,-7.1781864,-3.7488577,-2.9722016,-1.0779142,-3.2691262,-0.93102115,-2.2454846,-2.9395304,-2.372492,-0.98659754,0.5557476,-3.7502227,-1.4102846,-3.6138113,-4.361679,1.7776518,-5.104202,-2.5204256,-3.475343,2.1941373,-1.8230867,-5.6705065,-1.5059911,-7.951686,-1.5786737,-4.116421,-5.5684605,0.99292684,-3.748004,2.675777,-0.60750437
149,-2.4748516,-5.458877,-1.0824487,-2.0360785,-2.1117694,-3.5052202,-2.0172482,-3.4761956,-1.2283692,-5.12153,-4.065475,0.09763471,-1.7906626,-2.4274466,-6.004782,-11.776783,-0.3304732,-1.782309,-2.523114,1.2106177,-0.29612663,-5.0290866,-3.0479624,-5.088725,-6.89224,-5.765921,-4.775621,0.39876854,-4.1175575,-0.7252874,-1.9672325,-0.89204615,-2.9977958,-1.2981999,-1.0509125,-5.53519,-3.9827466,-3.7775207,-4.643327,0.72670746,-2.345323,-1.3282334,-3.327624,1.1702355,-0.48181915,-4.1374426,-3.9692006,-13.086433,-3.2875903,-3.683626,-4.585682,-0.116985634,-5.1903825,-0.057153504,-1.981886
150,-2.4537213,-8.125289,-4.756861,-2.1152186,-1.3408877,-2.8752975,-2.0817044,-3.7554176,-4.3347244,-5.2441635,-2.249672,-0.5405833,-1.6940522,-1.9654335,-5.9725404,-9.592935,0.14529757,-3.5544255,-4.521145,-2.9932587,-4.3080473,-3.4164543,-2.3936224,-3.7293513,-6.0459337,-7.0356407,-5.717301,0.5227913,-4.065318,0.21177046,-3.3903344,0.46066368,-1.525118,-1.3206445,-2.4859514,-5.637831,-5.3038287,-3.4028902,-3.3479316,-1.032356,0.08682181,-1.0126624,-4.0531616,-0.4270365,0.4777634,-0.8630162,-4.8956156,-11.947637,-2.8927777,-3.4475667,-4.861452,-2.528229,-5.0452704,-4.003179,-2.4232466
151,-1.4695116,-7.356932,-8.481243,-1.1980226,-0.08205758,-1.5904461,-2.4402452,-3.3511138,-5.154083,-2.6877494,-0.7215454,-2.429972,-1.9449502,-0.7191197,-4.782692,-5.3401885,0.14598347,-3.1755178,-5.216842,-6.876143,-6.450383,-0.6316573,-2.3971806,-0.76495737,-4.3816204,-5.9669,-4.614601,-0.8183601,-2.761302,1.3988152,-4.124041,0.5918917,1.4932724,-0.7570923,-2.3164744,-3.8001838,-4.0455003,-2.1466544,-0.07134554,-0.30091816,1.9300711,-0.5578778,-3.5400593,-1.3050504,0.9807125,3.1236322,-3.5186832,-4.306541,-0.31110507,-2.4252443,-4.5988336,-3.3027873,-3.3942866,-5.110649,-1.4732184
152,0.07120748,-3.109165,-10.105334,0.59185153,1.0031108,0.097795255,-2.6939294,-2.0723858,-4.573288,1.4341075,0.30529425,-4.1610146,-2.0763998,0.87704945,-1.8472346,-1.0019585,0.10200189,-0.7545315,-3.8814778,-7.889747,-5.043203,1.9112526,-1.9200922,2.6278605,-2.5220854,-2.6861517,-2.354526,-1.8303764,-0.8349311,2.1744506,-3.167483,0.76112986,4.133531,0.5733727,-0.45962292,-0.76993465,-1.2891774,-0.26678944,3.7153337,3.1995614,2.935601,0.6629742,-0.81612396,-0.8805453,0.8819658,5.9643564,-0.62528116,4.9406934,1.9615847,-0.3633519,-2.594234,-1.1347644,-1.4749322,-2.0537941,-0.2753562
153,1.4449121,1.6721677,-8.737008,2.109753,1.367209,1.3432282,-2.3146765,-0.65151805,-3.950936,4.8499465,0.8047008,-4.6432204,-2.25996,1.9144794,1.4966174,0.9286779,0.12492129,1.8607899,-1.1796056,-5.559813,-1.2894382,3.082151,-0.62124026,4.1796293,-1.3505464,0.5810008,-1.1878477,-0.8162575,0.76809543,2.023056,-1.7320206,1.8550333,4.4487267,2.3010032,1.7873559,1.9696604,0.65260124,1.3806041,5.449852,6.6052012,2.7213252,2.2100377,2.7216008,0.4321541,-0.063061975,6.0878725,1.9546494,9.557809,1.4836576,1.6995599,0.5218033,2.3688877,-0.4748666,2.4633524,-0.40129897
154,2.1059425,3.166676,-5.3666787,2.1668015,0.99599046,1.3156217,-1.1734136,-0.22145732,-3.639573,5.71822,0.7915011,-4.0565133,-2.7333677,1.6158966,3.0241604,-0.5336651,-0.14022051,2.5300186,1.2491018,-1.7402139,1.8826177,2.6436257,0.53846747,2.5202491,-1.103426,1.2297354,-2.4679375,1.8357178,1.4776839,0.9542028,-1.4287684,2.9832726,2.1461627,3.5304239,2.815606,3.054869,0.47780016,1.9212601,3.6013525,6.7038264,1.1480844,2.9368134,4.4271607,1.6265407,-1.4959738,3.562973,2.648599,7.073144,-1.3597624,2.1740155,2.9315038,4.194147,-0.58248866,4.4045997,-2.1685681
155,1.9725437,0.06456111,-2.0524657,0.7348068,0.39122412,-0.009516976,0.13743238,-1.2491326,-3.0462015,3.9487262,0.35630065,-3.5513172,-3.0954478,0.0854609,1.7904116,-3.7756813,-0.97561145,0.6342228,2.008322,0.8928221,2.3741267,1.231212,0.3897658,-1.2814732,-1.1105022,-1.2853203,-5.2000804,3.7970338,1.2716633,-0.4608943,-1.983679,2.3546555,-1.0536472,3.4647498,2.0033488,2.234722,-1.0499412,1.1734118,-0.67327625,3.092858,-1.0836148,2.1708763,2.9672863,1.8068627,-2.251507,0.37668782,1.2142938,0.68918586,-3.457654,0.5589928,3.500063,2.8209708,-1.0913275,2.333311,-4.196171
156,1.3321953,-4.8950534,-0.31346682,-0.8750688,0.17288992,-1.6070037,0.72813237,-2.899676,-1.8165461,1.2657144,-0.1777222,-3.9392922,-2.5146716,-1.5175669,-0.66249853,-5.6545362,-2.047084,-2.292614,0.96098787,0.86127424,0.6276247,-0.18751538,-0.9009675,-4.2741246,-0.43992996,-4.666942,-6.904057,2.9801111,0.45110217,-1.4992753,-1.2497045,-0.55432206,-2.8413389,2.1439013,0.19662033,0.6506338,-2.075645,-0.13047016,-4.054173,-1.2889377,-2.4507575,0.6171471,-0.15962918,0.74343145,-1.3595569,-0.9542976,-1.1944839,-3.64182,-2.0121908,-1.6392256,2.8863714,-0.26922074,-1.2734898,-1.2866169,-4.625803
157,0.5665232,-7.0627456,-0.077306904,-1.1414366,0.63844734,-2.0609908,0.30765188,-3.5179877,-0.5311723,-0.06290553,-0.28111666,-4.685807,-0.7084077,-1.7384523,-1.4422483,-4.012134,-2.5176206,-3.746457,-0.7517414,-1.1512829,-0.9612682,-0.894094,-1.6268858,-4.000126,1.2126292,-5.650051,-5.883195,-0.41827363,-0.55002034,-1.789651,2.275171,-3.9304688,-2.237398,0.59795284,-1.001638,-0.04590389,-1.4461149,-0.8444135,-3.641863,-2.7765694,-1.6176481,-0.005336135,-1.7695773,-0.97990716,0.67890096,0.519657,-2.9160562,-2.2880423,2.519022,-1.9360975,2.7147918,-1.9638127,-1.0454239,-2.5731113,-2.7666154
158,-0.01810579,-4.107521,-0.07339273,0.27791795,1.5893999,-0.68868643,-0.39629203,-1.9453406,-0.06444372,1.1115128,0.43615073,-4.30236,1.4819373,-0.025568396,1.042785,0.5250241,-1.7274064,-2.3206606,-1.6311709,-3.0563388,-0.34263346,-0.6532613,-0.1619648,-0.62023073,3.267847,-2.975226,-2.6261344,-4.0125594,-1.1847101,-1.460436,7.1743093,-4.9656463,-0.21794657,0.15738776,-0.53694654,0.88387,0.46685746,-0.25479978,0.5183341,-0.3139008,1.3005927,1.5533667,0.13696562,-2.288791,1.9681773,3.234466,-2.8889015,3.3024862,6.5993047,0.8306593,3.715684,-0.4745402,-0.78618157,0.06408651,0.39668489
159,-0.19911228,1.568026,0.7325745,2.247305,2.4934387,1.818838,-0.28161517,1.4106426,-0.44800803,4.0144453,1.835679,-1.8555545,2.716893,2.6629875,5.3732314,5.0747232,0.24424668,1.097846,-0.9060463,-3.1176572,2.255826,0.38827914,3.1107075,3.1801782,4.838068,1.3216966,0.8994153,-5.3104806,-0.90005404,-0.8654942,9.840421,-2.4763417,1.4432784,1.3950019,1.2628478,2.6122122,2.4510233,1.4056565,5.2828746,3.5840018,4.5168777,4.7660537,4.4711375,-2.2836952,0.9657986,4.356155,-1.2229816,8.308361,6.7877455,5.1214414,4.871019,2.9540887,-0.62491524,4.573051,3.1637259
160,0.14953268,4.7853856,2.0535848,3.2316723,2.8309152,3.8681834,0.9764356,4.7231407,-0.6876741,6.590354,3.2576969,1.8937678,2.414342,4.48726,8.135414,6.89021,2.637874,4.0586934,1.0183607,-1.2479085,4.475595,1.8541627,5.6674395,4.4960284,5.49538,3.635864,3.1125302,-3.7491817,0.48896226,-0.24843238,7.8247924,1.7097405,1.8604443,3.557156,2.985053,3.5911427,3.653885,3.1836612,6.953342,5.122596,5.893008,7.5023985,7.9663334,-0.8890997,-1.7639852,2.2853148,1.0150158,8.818328,2.7933228,7.799611,4.542747,5.2080774,-0.07991321,7.3572807,4.4763107
161,0.93854696,2.4049053,2.6355093,2.6846766,2.4105215,4.2318974,2.5067935,6.0985265,0.16276978,7.062498,4.028379,4.960592,1.2921312,4.1691723,6.955753,5.5057225,4.533927,4.6000943,2.97058,1.1437935,3.9143593,3.1639562,4.9804845,2.7028086,5.468764,2.0395489,3.9079955,-0.8752778,2.448094,0.3015331,2.4653926,4.068941,1.5901276,5.0187926,3.2917824,3.1691122,4.079018,4.173899,4.3990655,2.6621637,4.7843885,7.723949,8.09632,0.99857867,-3.7975442,-1.7960942,2.526244,4.8072157,-2.4767044,6.91296,2.428871,4.1991434,1.4714603,6.554764,4.425605
162,1.7782867,-3.4642146,1.7415117,1.413601,1.494702,3.05652,3.1322825,5.0816073,1.8848717,5.201525,4.043888,5.8958583,0.5979765,2.0530202,2.8407722,2.8557327,5.305433,2.8610814,3.8706071,2.4875038,0.33254424,3.5676455,1.0482755,-0.042638592,5.1822925,-1.9274294,4.132191,1.2297646,3.9042907,0.65936863,-2.0456815,2.38455,1.6829121,4.4976444,1.9880664,2.358931,4.1910295,4.200427,0.026898269,-1.8145071,2.6896744,5.293199,5.299994,2.1113546,-3.1511416,-4.811347,2.5449786,-0.43280005,-5.6448636,3.5708103,0.251475,0.7364198,3.94832,3.3590965,3.7029276
163,2.142323,-7.070645,0.26650828,0.6570564,0.6689567,1.7248749,2.7107105,3.0642447,3.252321,2.369281,3.852642,5.1606073,0.86312497,-0.15292414,-0.42053592,1.4815311,4.7317705,0.8757465,3.3959973,2.3467607,-3.9146554,2.4426856,-3.208009,-0.70406157,4.7568483,-4.5685325,4.3929825,1.6179374,4.0327125,0.60058296,-2.4040258,-2.1804738,2.4082658,2.1186917,0.14847238,2.8641567,4.3749876,3.8705027,-2.2665052,-4.4562654,1.9592957,2.2405303,2.4942946,1.8135785,-0.39116815,-4.38454,1.2711082,-3.2842717,-5.4903197,1.0566995,0.33923638,-2.314257,6.280138,0.4755649,2.8227274
164,1.7538017,-4.1651583,0.21870065,0.88689685,0.5022601,1.667423,2.4325752,2.2055368,3.3332531,0.3823399,4.096222,4.6997313,1.5241903,-0.76631665,0.58066213,2.5486536,2.9551044,0.7598632,2.0623507,1.5875602,-5.5894933,-0.16588973,-4.3222594,2.025126,4.066891,-3.215584,4.6324015,0.81586605,3.0192883,0.043251768,0.9335239,-5.811702,3.0197022,-0.5381578,-0.76640916,5.2275844,4.8497267,3.9880695,-0.35004997,-2.862385,3.6440992,1.1187791,2.4059005,0.6929162,1.7490966,-0.82544893,-0.2263285,-2.31594,-3.1049128,1.9292989,3.421463,-2.645901,7.1062493,-0.37486765,1.9336128
165,0.86606705,4.0513477,2.8575,1.5299511,1.1786224,3.1431184,3.5794516,3.6994073,2.4799495,0.13212162,4.8090363,6.026702,1.7610645,0.52133745,5.8850365,5.2993674,0.5180763,2.8841786,0.7708896,1.4042685,-3.0394733,-3.1941855,-1.3675166,6.638782,3.230868,1.6052797,4.7214046,-0.07439779,2.0031366,-0.6762015,4.550223,-5.0330806,2.6761348,-1.5326233,-0.06288115,7.985316,5.837294,4.8416057,4.5116367,1.982145,6.471758,2.803092,5.2037683,0.12497453,1.0776409,3.249716,-0.6316083,1.454966,-0.060849044,5.7948227,7.7828426,-0.3735308,5.8940396,0.5599291,1.1807773
166,0.12383631,11.886976,7.1895127,1.7745566,2.3539767,5.0405493,5.9482913,6.796481,1.8714348,1.0280532,5.2754564,8.649599,1.5279369,2.4712203,11.995039,8.07233,-1.6278611,5.59735,0.20125036,2.187704,2.5047693,-4.8984647,3.165057,10.086963,2.8458052,6.850006,5.041622,-0.35768485,2.0994546,-0.9134399,5.5735993,0.50937843,1.3936186,-0.024989147,1.693036,8.83944,7.4665084,5.9742813,8.942957,6.711551,7.9614654,5.682922,8.493427,1.0641191,-1.7114506,5.2149296,0.7525818,5.9190645,2.9997842,9.760558,10.614504,2.4674964,3.4379456,2.085391,0.95579773
167,0.07112214,14.131279,10.3661585,1.5096239,3.3858685,5.8503313,7.701055,9.394699,2.1064496,1.6400197,4.655772,10.420521,1.565065,3.4030423,14.6773615,9.693178,-2.4553335,6.678425,0.46142736,3.2630594,7.7211204,-3.9001193,5.6171374,10.208385,3.5297487,9.624512,6.1306705,0.027014028,3.3390758,-0.2379935,4.2174406,7.7369275,-0.0014566182,3.0234628,3.2081313,6.8517733,9.405877,6.622232,10.321868,8.435228,6.6940393,7.0312095,9.49439,3.099769,-3.5681398,4.491996,3.4481077,9.135858,5.950832,11.003928,10.300688,4.029707,1.2490026,3.470915,1.6279453
168,0.7354493,10.403831,9.838018,1.3907235,3.8002055,4.938444,7.03863,9.720031,2.4416935,0.9679832,2.84666,9.534706,2.3845792,2.5941617,12.293277,10.02988,-1.5210074,5.210811,1.1749154,3.630179,9.397123,-0.26323718,4.4851246,7.2688127,5.16271,9.308083,7.762619,0.8352104,4.555196,1.1245091,2.901897,12.482666,-0.74243236,5.5055246,3.5406559,3.5152357,10.796323,6.415532,8.622088,6.8927636,3.6396148,5.399331,7.344328,4.7000937,-2.1272962,2.6035666,6.0478187,9.742528,8.042422,8.990454,7.5743456,4.1823554,0.37825543,4.624921,3.0725715
169,1.6591974,4.9669847,5.4589257,2.0183773,3.6184223,3.015575,4.1175375,7.699176,1.5790777,-0.7115654,0.7521815,6.2486815,3.4455495,0.7837437,6.8400693,9.540708,0.58053905,2.2689285,1.8596842,2.9036229,6.445361,4.2971497,1.6797817,3.4513488,6.68412,7.386423,8.683584,1.7441103,4.405636,2.428726,3.214748,12.524238,-0.7636428,5.7151184,2.8105965,1.5187153,10.820964,5.683724,5.794577,4.232681,1.2891695,1.9122045,3.586981,4.519665,1.7705683,1.4538139,7.2124524,7.132454,8.022579,5.4394045,4.6381807,4.095982,0.7175137,5.230706,4.5890365
170,2.306142,2.4828362,-0.30736023,3.1496534,3.2355363,1.433648,1.1524019,4.8735433,-0.8194274,-2.121842,-0.37604278,2.6124973,3.559305,-0.58532286,1.9860982,8.539335,2.5216947,-0.09924166,2.2617815,1.560432,0.45398784,7.403245,0.53287345,0.9101854,6.8191957,5.5455136,7.554493,2.3097613,2.61532,3.0380266,4.173687,8.893544,-0.46971142,3.5722303,1.9545231,2.2354517,9.417339,5.043489,3.602865,2.9193575,1.3562312,-0.74285305,0.65676373,2.6111412,4.725969,1.6419237,6.6676016,2.011941,5.6969986,2.420349,3.2129238,4.5840516,1.3171798,4.3833365,5.3326306
171,2.4130862,3.9037528,-4.2729893,3.7812061,2.929188,0.96705925,0.36266908,2.9400449,-3.54997,-2.1678689,-0.021510703,0.45815435,2.1613064,-0.66714895,-0.02477631,6.8916926,3.1913958,-0.63376856,2.392436,0.37354493,-5.4115953,7.544287,2.4751122,0.102218136,5.1210227,4.0772953,4.2258697,2.0700617,0.2634025,2.9024527,3.615376,4.579314,-0.101975664,0.5325653,1.7596091,4.275827,7.2820153,4.6186514,2.1055439,3.7123747,3.1289332,-0.7884737,-0.16801506,0.39527118,4.074757,2.2939606,5.296069,-3.274803,2.8662963,0.60049087,3.2548182,5.062361,1.2934836,1.5383239,4.787246
172,1.9724844,6.202857,-4.889625,3.0039485,2.4615233,1.1501932,1.691189,2.1950216,-4.893989,-1.0298539,1.0422646,-0.35803092,0.034209616,0.07891983,0.07221754,4.236536,2.4735258,0.16750963,2.3125782,-0.2933471,-8.337023,4.971119,5.577264,-0.2748953,2.2996836,2.0361094,-0.0251614,1.0158173,-1.1750616,2.3789897,0.9731651,1.8847234,0.39121476,-1.7284647,2.0438037,4.530541,5.028926,3.6625268,0.09547047,5.2693076,3.970018,0.9156111,0.3277844,-0.6197082,0.5663932,2.2196932,4.1463785,-5.802929,1.875453,-0.8348327,3.247106,4.168985,0.43765208,-2.2875068,2.8226945
173,0.98569465,5.7244062,-3.1548817,0.7702836,1.2132882,0.72380817,2.6625712,1.2706728,-4.2048554,-0.17546643,1.2788172,-1.6747707,-1.403337,0.34683123,-0.32151574,0.37814724,1.120059,0.6423801,1.9477903,-0.6273481,-7.4455633,1.2615007,6.339262,-1.8327701,-0.50945807,-1.2991053,-3.5920994,-0.066375114,-1.1367506,1.6259704,-1.8215344,0.698756,0.82921094,-2.707876,1.74575,0.8372831,2.411863,1.0841118,-3.2067292,5.371977,1.5583881,1.508042,0.06646562,-0.17937009,-2.3025532,0.9992046,3.2434728,-4.3729987,2.8475044,-2.9066994,1.5505936,1.2908559,-0.9140161,-4.7922997,-0.5276266
174,-0.6089076,1.6063131,-1.4925236,-2.112471,-1.1849408,-1.2124845,0.73698384,-1.5454798,-2.4250858,-1.1522647,-0.36732998,-4.94013,-1.5486683,-0.8218945,-3.096933,-4.429107,-0.1269434,-0.48221588,1.1622242,-0.9369885,-4.177396,-2.0110412,3.0030239,-4.8585024,-2.7709458,-5.299063,-5.8143625,-0.057012554,-0.40597698,0.33184826,-2.4108226,-0.95749176,0.45273092,-3.3073082,-0.09406515,-6.0810294,-1.3759898,-3.4288206,-7.0353613,2.5881329,-4.0320244,-1.3317227,-2.6326416,0.5792192,-1.7020029,-0.9835172,1.4377979,-1.0681937,2.7955856,-5.708418,-2.3622274,-2.634498,-2.3869882,-4.355221,-5.0428295
175,-2.6754293,-3.8645287,-1.7394214,-4.629175,-4.2733755,-4.3129044,-4.026099,-6.5125127,-1.0726204,-4.094085,-3.5205665,-9.387331,-1.2299446,-3.1328418,-7.70551,-9.346354,-1.2211766,-2.9579608,0.013749278,-1.2558739,-1.2756454,-4.3142557,-2.7354732,-7.90166,-4.761207,-8.291334,-7.1035137,1.3765869,-0.3065075,-1.7999938,-0.738692,-4.7215652,-1.4899304,-4.7022877,-3.291994,-13.0602455,-6.4535646,-8.658167,-9.623586,-2.8017483,-10.144082,-7.1246347,-7.690241,0.30014828,1.7229754,-3.204191,-2.356942,-0.027832873,-1.662507,-8.398094,-7.540892,-5.825238,-3.7999582,-1.817586,-9.886356
176,-4.614083,-7.760555,-3.901479,-6.160183,-6.826797,-7.085446,-8.651082,-11.748489,-0.8335382,-7.256972,-6.5271034,-12.345624,-1.7465891,-5.174964,-11.620073,-13.011537,-2.563481,-5.2457876,-1.1268508,-1.44687,-0.94876075,-6.04747,-7.141487,-8.91695,-6.743426,-8.87368,-7.91752,3.1244714,-1.4533678,-4.2985835,0.70953614,-10.021448,-4.6470885,-6.916963,-6.3765497,-16.829369,-11.383512,-12.298912,-9.7722,-8.968713,-13.375102,-12.6393175,-13.0867405,-1.2658278,4.401316,-5.339544,-7.607575,-3.869775,-10.230424,-9.969656,-12.032261,-7.090121,-4.9424763,-0.016101329,-13.347214
177,-5.548105,-9.012105,-6.435373,-6.584279,-7.625039,-7.903002,-9.742115,-14.3634405,-1.1957814,-8.156933,-7.628129,-11.500814,-3.307103,-5.486431,-12.412446,-13.976621,-4.1220365,-5.842552,-1.8019729,-1.5916767,-3.3151019,-7.565311,-7.556812,-6.9901013,-8.093761,-6.916958,-7.8948855,3.4002254,-3.230408,-5.8615804,-0.41493034,-14.224508,-7.2768817,-8.505435,-7.576172,-16.19539,-13.853306,-12.471691,-7.8655057,-13.45833,-11.979151,-14.306317,-15.957658,-3.0601048,3.1834023,-6.9439497,-11.909825,-10.894291,-17.894886,-9.852396,-13.80048,-6.580838,-5.3506002,-1.1991621,-13.470229
178,-4.976158,-8.565712,-7.5142956,-6.044684,-6.3499312,-6.166731,-6.515196,-12.598285,-1.3168823,-5.5281267,-6.2399035,-7.014795,-4.563339,-3.6996942,-9.653992,-11.543316,-5.000102,-4.530102,-1.8732516,-2.0505667,-6.210306,-8.448807,-4.347879,-3.1929357,-7.552937,-3.447941,-6.2510333,1.4804323,-4.405215,-5.331567,-3.588823,-14.726024,-7.481849,-7.7577963,-6.190463,-12.422359,-12.543825,-9.19022,-5.431092,-14.379831,-7.037726,-11.018835,-14.366351,-3.7818944,-1.7503752,-7.1749406,-12.623233,-16.065569,-18.787962,-7.97502,-11.743193,-5.292138,-4.55934,-4.803439,-9.473995
179,-3.3205793,-7.6399555,-6.2027993,-4.8090487,-3.8682303,-2.7869148,-1.5274531,-7.2758365,-0.993694,-0.5034524,-3.352502,-1.5312012,-3.8501852,-0.8725436,-5.199375,-6.5251703,-4.126769,-2.51133,-1.6976142,-2.96846,-6.664916,-7.841347,-0.14860448,0.15716346,-4.597794,0.21817258,-3.0253894,-1.2646908,-4.219577,-2.912708,-5.692373,-11.203732,-5.023896,-4.401837,-3.2067294,-7.8922906,-8.473134,-4.551221,-3.8153641,-11.43347,-1.6468841,-5.0096297,-8.731368,-3.1241653,-7.1016603,-5.3300986,-9.162972,-15.372782,-11.730321,-4.7208853,-6.4701915,-4.037781,-2.6878755,-7.9468174,-2.8245013
180,-1.7582151,-6.3738666,-2.8895261,-3.3412845,-1.6527741,0.33781257,1.5400195,-1.3899683,-0.6542471,4.0533237,-0.7833918,1.9014934,-0.9450099,1.2380184,-1.8128393,-1.1866137,-1.5031855,-1.3927747,-1.8464782,-3.7658503,-3.16721,-5.5247827,2.5304658,1.2216432,-0.55607474,3.1496856,0.3187059,-2.3076663,-2.9461184,-0.36191022,-4.1896486,-6.0783067,-1.8746693,-0.21244995,-0.6099415,-4.490836,-4.4313664,-1.3770534,-3.3039787,-6.304129,1.1552092,-0.14172675,-1.9140009,-1.9779389,-9.398062,-1.8705106,-3.8696709,-9.658969,-1.9226313,-1.1295073,-0.36826962,-3.0030398,-0.6736311,-8.310835,3.2278976
181,-1.3599206,-4.29692,0.9930311,-2.297384,-0.8045091,1.4749563,0.9120705,1.8597587,-0.5575208,5.607563,0.08027985,2.0469224,2.444689,1.3913563,-1.30513,1.9179708,1.330108,-1.9282571,-2.597941,-3.368713,2.9321024,-2.5791087,2.9647965,-0.084066235,1.9348412,4.813179,1.815852,-0.23539832,-1.5281035,0.26460916,0.053010397,-2.7319088,-0.6846636,2.1477478,0.078111485,-2.9823549,-2.9067955,-1.3174257,-3.3926156,-1.9821327,0.21091478,0.90380615,2.3473809,-1.4951861,-7.8226814,1.2955521,-0.46218553,-4.0938883,3.3888726,1.0488651,3.410419,-2.1496184,0.2960773,-6.5521626,5.6302032
182,-2.2754183,-1.7387719,3.6463394,-2.2118323,-1.4342736,0.08695276,-2.2044675,1.081667,-0.33337831,3.733493,-0.91336995,-0.09287314,4.0176587,-0.34277332,-3.5193596,1.5106131,2.3154354,-3.5562055,-3.683613,-1.2247894,8.078021,-0.8205203,1.8980514,-2.2898216,0.9669819,4.8036404,0.6331505,3.7571099,-0.79719794,-1.6921088,3.3045135,-2.967147,-2.4414136,1.1438006,-1.1515763,-3.3899798,-4.3549986,-3.887214,-3.678017,-1.0827303,-3.3383276,-1.7184277,1.8187033,-2.0348282,-4.5071926,1.9819136,-1.2316449,-3.4783425,1.4250203,0.105468415,2.7280333,-1.7490166,-0.23620635,-5.7200756,3.575554
183,-3.7202737,-0.23927231,3.7346613,-3.0876036,-2.8089206,-2.9069848,-5.224009,-2.6987185,0.48026472,0.16708921,-2.8330948,-2.7505121,2.7835784,-2.755321,-6.7147055,-1.6585041,0.6136833,-5.014802,-4.528573,1.804754,8.92607,-1.4247754,0.12007168,-3.7721174,-2.9065523,2.881146,-2.2518911,6.692845,-1.0154608,-4.9115143,2.412652,-5.847525,-5.569821,-2.4727054,-2.97152,-5.476583,-7.293973,-7.1304793,-4.296883,-4.09428,-7.107127,-5.6224513,-2.6911511,-3.0349166,-2.4308188,-0.4841819,-5.358185,-7.724021,-3.78877,-4.2287893,-2.0952082,-2.2612517,-1.5505785,-8.153772,-1.0608087
184,-4.767956,-1.2870309,1.119888,-4.3499155,-4.019741,-5.7651205,-6.6143827,-7.0971746,1.5503862,-2.797624,-4.4814086,-5.107289,-0.2439669,-4.4170623,-8.875868,-5.512456,-2.5637548,-5.408276,-4.725745,3.7247896,4.7611785,-3.992997,-2.284747,-4.048576,-7.0110693,-0.6416046,-5.034817,6.2986493,-1.979574,-7.2203274,-2.2696,-8.835223,-7.438322,-6.32739,-3.882931,-8.672394,-9.910684,-9.232905,-5.475717,-8.884566,-9.085878,-8.215745,-7.9045787,-3.7986586,-3.0797696,-4.562981,-9.794427,-11.91259,-5.6930037,-9.967319,-8.326873,-3.6529438,-2.3660848,-12.947117,-5.258158
185,-5.1625814,-4.7182627,-2.9027739,-5.3017287,-4.575406,-7.0111427,-6.7603936,-10.086369,1.7127088,-4.067084,-5.1426,-7.577093,-3.099345,-4.5913577,-8.946414,-8.189861,-4.898493,-4.804801,-4.269148,2.9020789,-1.9469599,-6.925109,-5.335414,-3.831112,-8.829053,-4.6948757,-6.6775947,2.8467746,-3.317071,-7.4195137,-7.3093367,-10.101373,-6.859566,-8.273424,-3.3372328,-11.738016,-11.492378,-9.676521,-6.808435,-12.064104,-8.684314,-8.33838,-10.455217,-4.2194047,-5.7315974,-7.7093678,-11.86489,-11.001142,-1.8780686,-13.775466,-12.499819,-5.011653,-2.007062,-16.56399,-7.028691
186,-5.364411,-8.546417,-6.2126155,-5.6612973,-4.5140944,-6.259403,-6.7275243,-11.03,0.072053544,-4.1465664,-4.7562685,-10.603344,-4.513758,-3.4871132,-7.202076,-9.097411,-4.8832326,-3.9541028,-3.3718247,-0.4263217,-7.288736,-8.714851,-8.209243,-3.9311354,-8.130014,-7.862323,-7.4519844,-1.3276912,-4.562746,-6.136831,-9.373226,-9.875014,-5.130834,-7.819295,-1.9283029,-12.946037,-12.398775,-9.077058,-7.209918,-11.326922,-6.6353135,-6.4109707,-9.228386,-4.6294203,-8.403508,-8.42243,-11.220564,-4.6880574,3.5667546,-13.249276,-12.559198,-5.073069,-0.9903536,-16.031096,-6.4332447
187,-5.8418884,-10.451446,-7.11418,-5.634134,-4.108315,-4.263348,-6.5996194,-10.461784,-2.851808,-4.0541663,-3.6050153,-13.436187,-4.6014113,-1.8095728,-4.686277,-8.691739,-2.9632585,-3.502111,-2.1706312,-4.0614204,-8.57785,-8.9361315,-9.349307,-4.217061,-6.877667,-9.172877,-7.9897795,-4.0251875,-5.0772505,-4.9792676,-7.9376726,-9.663314,-4.5826144,-6.0380216,-0.6643764,-11.052862,-12.927503,-8.111778,-5.7702928,-6.966918,-4.086732,-3.4759667,-5.7728014,-5.028217,-9.2189865,-7.1926794,-9.493559,2.262377,4.4595594,-8.721015,-8.919244,-3.2851453,-0.41628584,-11.555693,-4.80133
188,-6.402269,-9.441303,-5.388108,-5.47013,-3.533268,-2.2252095,-5.3221617,-9.119128,-5.255591,-4.039769,-1.9795814,-14.28694,-4.1760626,-0.13298085,-2.2937374,-7.47939,-0.8921314,-3.444963,-0.7181161,-5.44219,-5.8979425,-8.093459,-7.738286,-3.7210739,-6.969307,-8.585953,-8.079536,-4.8746057,-4.206661,-4.8866487,-5.0991316,-10.230147,-6.0972905,-4.293724,-0.10554535,-6.375156,-12.517378,-6.719612,-2.7303123,-1.3823968,-1.7350373,-0.32083464,-2.5518973,-4.714233,-7.225291,-5.5217304,-8.2256775,4.5334334,-0.8097695,-2.919166,-3.7879004,-0.38024592,-0.73876554,-6.0529056,-3.1764636
189,-6.2888403,-6.183167,-2.2902384,-5.0365047,-2.773126,-0.9223938,-2.161052,-7.210314,-5.5100183,-3.4452825,-0.13821508,-11.775299,-3.6852314,1.3460473,-0.2517404,-5.412386,-0.005769312,-3.2455707,0.7431504,-3.6768427,-1.5377737,-6.701041,-4.009508,-1.76904,-8.059652,-6.763331,-6.707211,-4.991451,-1.8161591,-5.2845016,-3.1645987,-10.416094,-8.090192,-3.082669,-0.11971734,-0.918421,-10.1980295,-4.333893,0.43962312,2.9116294,0.35289627,2.6173067,-0.7139393,-2.9195142,-2.6663492,-4.1730847,-7.2344627,1.2314496,-7.24364,1.3037791,0.4947559,2.1583736,-1.1666733,-2.2244823,-1.5510137
190,-4.9345427,-2.0422082,0.5257436,-3.9204469,-1.7399831,-0.29915127,1.962992,-4.468087,-3.558828,-1.7284179,1.5537065,-6.260206,-2.9343612,2.5898733,1.678596,-2.2770834,-0.10579577,-2.39896,1.6578925,-0.27132788,1.9327499,-4.6745734,-0.1132593,1.0983337,-7.732957,-4.4286656,-3.3678215,-5.27138,1.2559164,-4.755048,-2.7208445,-8.049777,-7.960097,-1.9443148,-0.29430684,2.8279028,-5.7340593,-0.77548265,2.0859468,5.0115533,2.293676,4.9067655,0.5891555,0.13998546,2.9851766,-2.5477061,-5.0098867,-3.3848484,-8.023113,3.1500783,2.7608635,3.281295,-0.3753641,-0.22476342,0.5547825
191,-2.5481408,1.8930215,2.2363129,-1.9523525,-0.4080017,0.23870766,4.8935695,-0.74108446,-0.86650854,0.6001826,2.6407516,0.22635369,-1.7006949,3.433499,3.6167595,1.5106552,0.052636396,-0.8770107,1.5231522,2.101263,3.2901273,-1.647027,2.2364068,3.469232,-3.9795392,-1.9700962,0.87534285,-5.3355665,3.457789,-2.437146,-2.868703,-2.1152189,-4.5408087,-0.24107985,-0.41296935,3.6773577,-0.15456252,3.2396748,1.7151045,5.7440314,3.9416695,6.0857863,2.8773587,3.016934,7.426064,0.23190795,-0.61736435,-3.9051468,-1.3073164,4.035053,3.2240984,3.1315348,2.0996823,1.8435597,3.0637145
192,0.10616043,4.911512,3.1881142,0.47945777,1.158145,1.1694307,5.133887,3.5512047,1.0069432,2.2605076,2.8734756,5.373092,-0.30227444,3.6339478,5.2505074,4.775388,1.3054584,0.91776156,0.49061623,1.7684891,2.927255,2.2687845,2.8039737,4.398931,2.4465137,0.4234728,3.9605458,-4.246483,3.5644372,1.2442913,-2.7379463,5.963541,0.86202836,2.1467016,-0.47649458,2.7630973,4.935983,6.5696545,0.47900525,6.416411,4.970015,6.1099477,6.510079,4.0974846,8.719595,3.8699467,4.949519,1.4874909,7.854182,5.754669,2.8928382,2.73709,5.160173,5.4027286,5.1441536
193,2.4846544,6.3588247,4.1913505,2.7416642,2.8357415,2.4429238,3.309613,7.5278196,1.7384058,2.4665513,2.51118,8.063576,0.6614256,3.2089593,6.137996,6.4391203,3.1990514,2.5619593,-0.4664241,-0.6359718,2.024991,6.231369,2.5774941,4.356551,8.232143,2.4416625,4.6466346,-2.0280695,1.7385824,5.0997806,-2.2546093,13.258678,5.7721786,4.8391833,-0.36209852,2.901917,8.555469,8.605237,0.34703308,7.607339,5.363393,5.6748853,10.233486,3.092806,6.8413343,6.8313313,9.441199,9.863221,12.405984,8.562407,2.9076016,3.014268,6.9076,9.685763,6.101735
194,4.7187934,5.8619776,5.5934777,4.579238,4.4474907,3.6291158,1.6702443,10.369052,2.1862476,1.7858322,2.243881,8.761155,1.0923992,2.6207237,6.2930593,6.5274954,4.530941,3.9475965,-0.1929575,-2.7507255,1.6212809,9.258508,2.4501066,4.707977,10.255255,3.672375,3.7372296,-0.08367154,-0.36933178,8.22986,-1.4921713,17.666258,8.763543,7.419145,0.3362187,6.610783,10.85366,9.681693,2.5912504,9.048304,5.686712,5.7983346,12.461187,1.4615806,4.167701,7.8365483,11.423797,16.517054,9.967365,10.993696,4.123873,4.029352,6.2434006,12.6281395,6.315507
195,7.2139015,4.105936,7.044873,6.3146734,5.7420435,4.3957825,2.0740712,11.7584305,3.162109,1.5739387,2.6759017,8.727353,1.6748149,2.476729,6.3590794,6.2081103,4.642072,5.2368755,1.6423589,-2.3842936,2.214779,10.973933,2.376474,6.1671743,8.320027,4.0061145,3.3424811,0.14137551,-0.74570185,10.482598,0.0904135,19.395916,10.380955,9.642345,1.9582311,14.094476,12.52228,10.482981,6.747842,10.304568,6.6659293,6.8694854,12.808044,1.1883184,3.8929849,7.2622337,11.633171,18.738317,4.59679,11.428006,6.7645044,5.0934114,3.8330162,13.240139,7.0182548
196,9.824351,3.008799,8.021899,8.321986,6.4385777,4.793379,4.401647,11.900719,4.443038,2.4953182,3.773897,8.948861,3.1425521,2.9579585,7.0431347,6.6970663,4.043592,6.519482,4.10488,0.834446,3.7569644,11.6440325,1.9008632,7.8091516,5.2496414,3.9066489,4.8005943,-1.1551868,1.4408654,11.994101,3.1152632,20.194275,12.004141,11.16867,4.224261,22.637077,13.823381,11.082362,10.817834,11.184414,8.359024,8.100156,12.194565,2.9614296,7.2420077,6.7855983,12.144459,16.929567,2.1021466,9.683054,10.058203,5.4282374,1.5157261,12.728478,8.933016
197,11.579513,4.4457793,8.369215,10.324829,6.3680797,5.0681515,6.853094,11.196182,5.0644445,3.7058387,4.7939425,9.638555,5.2264667,3.5626628,8.276539,8.067101,3.7276604,7.5309052,5.6217284,5.272125,5.6451664,11.503883,1.2830732,7.781965,4.2336287,4.0798235,7.305145,-2.0621855,5.1109877,12.549434,6.911032,21.133644,14.019302,11.32123,6.123009,27.961872,14.238036,10.71347,12.536465,11.409399,9.754743,8.0616045,11.468233,5.482733,11.935055,7.5212965,14.079898,12.887415,3.9734817,7.0759025,12.261971,4.7103224,0.6901377,13.059627,11.117513
198,11.418322,8.360596,8.2402115,11.3712635,5.6162024,5.248518,7.6885767,9.929732,4.4745927,3.6650407,4.817366,10.444381,6.504647,3.5118802,8.9863205,9.153735,3.9479115,7.7253313,5.202881,8.541998,6.7691345,10.296963,1.6597006,5.1491323,5.966893,4.7454176,8.628112,-0.81378067,7.973633,11.637692,9.211992,21.270987,15.264512,9.455905,6.522469,26.830025,13.00533,8.633728,10.823776,10.24525,9.373315,5.938409,10.182133,6.6295333,13.7110815,8.660158,16.14114,7.8991985,6.2395835,5.0770044,11.521307,3.1118295,1.16707,14.548763,11.385411
199,9.309185,12.254042,7.643424,10.676656,4.5308766,5.009491,6.6500816,8.2501745,3.2209542,1.8322071,3.4884293,10.905642,5.560658,2.4916272,7.8891826,8.684403,3.8370326,6.6866145,3.204886,9.118492,6.017371,7.790239,3.7548344,1.0561155,8.269489,5.2807984,7.2547135,2.2338886,8.117146,9.195108,7.9147167,18.645195,14.289548,5.7901025,5.0632167,19.25544,9.959238,5.247536,6.4898415,7.0160027,6.5197444,2.361553,7.062438,5.4143143,10.009678,8.2257805,15.588698,2.7830994,4.25639,4.076847,7.2943807,1.0473626,1.5391008,15.261282,8.213574
200,6.6201425,13.048174,6.310884,8.555095,3.5631788,4.031249,4.8253303,6.39905,2.4343112,-0.51764977,1.3596073,10.736326,2.4701688,1.0015007,4.721667,6.5444446,2.3454144,4.5752215,1.0111034,7.1648912,3.2520583,4.832094,6.4804263,-2.0271475,8.424347,4.7641273,3.877286,4.60931,5.2826424,6.1610036,3.415969,12.7029505,11.085179,1.821249,2.5521836,8.832812,5.930709,2.2574837,1.8110763,2.297559,2.128631,-0.96646637,1.8330572,2.8916237,2.6475203,5.3163853,10.95868,-0.88002926,-1.7557005,3.4771476,1.2322744,-0.9678003,0.6889771,13.153687,2.4797668
201,5.244493,9.918281,4.1620235,6.4404964,3.053156,2.5129898,3.3844023,4.9009914,2.7369428,-1.3057839,-0.4224583,9.910202,-0.86754376,-0.08139451,0.771404,3.9757314,-0.44029748,2.2514234,-0.0046735913,4.1696906,-0.039525483,3.606034,7.2530904,-2.3647113,5.874617,3.0358937,0.8782447,3.8747983,0.93901753,4.0929728,-1.0711572,5.6834865,7.504049,-0.34886673,0.48002395,0.81550467,2.499452,1.4953245,-0.719229,-1.6067752,-1.6234092,-2.5005925,-3.5793662,1.1587552,-3.1085894,1.4756839,4.0187926,-0.7216023,-6.299807,2.7826574,-3.4915466,-2.2722356,-1.006895,8.8543,-2.707828
202,6.1734886,5.3786154,1.7849448,5.838295,3.104648,1.2640564,2.633564,4.4477005,3.7816358,0.42792314,-0.8308135,8.70635,-2.060604,-0.32110843,-1.9011434,2.566249,-3.0164833,0.90679014,0.6962169,1.8422405,-1.3635322,6.2727604,4.233625,-0.37704477,2.7143276,1.2288615,0.3858555,-0.10731769,-2.7538385,4.064132,-2.0395193,1.3628196,5.9289184,0.55340004,0.046031535,-0.9393993,1.3502758,3.4135063,0.26258218,-1.9851918,-2.7336547,-1.8159243,-6.0305066,1.4254738,-2.5534518,-0.42790607,-1.0248476,4.392194,-3.8239422,2.331532,-4.1931434,-2.1238754,-1.9365896,6.0004005,-4.2097015
203,8.752951,3.3151717,0.184622,7.116386,3.594891,1.158362,2.2311502,5.4643507,4.8302755,3.587037,0.44687015,7.7009993,-0.16375835,-0.09106531,-1.9792353,3.0222278,-3.6468978,1.3574255,2.7505457,1.0821267,0.9418009,12.849058,-1.4867984,1.9095024,1.6665891,1.0597887,2.7173102,-4.9664516,-4.2466297,5.8306293,1.1438214,2.078831,7.3975897,3.9582381,1.4567146,3.7762814,3.5152447,6.6432977,4.275594,1.9104106,-0.7283609,0.44335315,-3.7325652,2.9954662,4.676688,1.1121854,-0.64447916,12.328884,5.6725116,2.8317297,-0.5491971,-0.101473235,-0.76810294,8.280636,-1.3215775
204,11.221545,5.5795364,-0.13099065,9.228306,4.2552595,2.3775039,2.0152302,7.6401668,5.5809097,5.9952054,2.8746939,7.527453,3.4677749,-0.08867185,0.14503245,4.803197,-1.9628388,3.4237242,5.319521,1.6161304,6.0309563,20.284725,-6.1089287,2.7873905,3.6253734,3.3246489,6.428931,-7.8090024,-3.3095667,8.005231,5.575365,6.6851254,10.77627,7.771581,3.9428136,11.5219755,8.664991,9.065828,9.272981,7.6456857,3.0668578,3.3110788,1.931692,4.070218,14.193629,4.6368446,5.1240497,18.3486,16.189322,4.2846446,5.190353,3.3834865,2.154892,15.657401,3.6238136
205,11.960719,10.262057,0.23826589,10.561009,4.7489686,4.1419134,2.2895496,9.81522,6.2387285,6.290212,5.3673697,8.399412,6.188542,-0.49159265,2.774119,6.759288,0.5514544,5.8611474,7.413594,2.38774,10.660396,23.96264,-6.0167375,2.2509947,7.027682,6.9211445,9.5858345,-7.427938,-0.87372524,9.011135,7.4726677,11.310923,13.517001,9.785788,6.298928,17.397377,14.755858,9.414962,12.737194,11.07014,6.446766,6.025437,7.1800904,3.5019867,20.002417,6.8859377,12.479253,18.52671,20.750116,5.5791917,9.807701,6.9830036,4.832831,23.356253,7.091915
206,10.350881,13.24136,0.07696941,10.050851,4.7385507,5.2285576,3.200846,10.437349,6.8067856,4.8576717,6.773526,9.739274,6.093159,-0.6825371,4.2563806,7.9817142,1.7123318,7.015309,7.962864,2.3390298,11.330743,20.754797,-0.93886954,1.5522468,9.349139,9.4165535,10.935221,-4.734633,1.6701279,7.949364,5.6279597,12.2645235,13.235603,9.00152,7.4352717,17.892681,18.549187,7.953624,12.968256,9.527744,7.6405234,7.88936,8.642896,1.7580496,18.485773,5.684713,16.53535,12.873789,16.978493,5.293202,11.18346,8.989267,5.0949984,24.91779,7.071658
207,6.6888194,11.532065,-1.2375388,7.58792,3.9734375,4.8556156,4.0367913,8.415937,6.5648065,3.0050366,6.3283153,10.313127,3.3751583,0.07643333,4.054418,8.075476,0.43144217,5.86283,6.038702,1.0533772,6.8622475,11.254775,5.5555263,1.5478894,9.040655,8.853147,10.164037,-1.3614228,3.1934545,4.7933755,2.2910185,8.544078,8.965922,5.8702617,6.6630154,12.544819,17.194096,5.71928,9.841084,3.993339,6.1036515,7.960761,5.7674212,0.23229252,10.231565,1.7856177,14.695602,5.0328293,8.2095995,2.9170032,9.213031,8.2812,2.311887,17.004055,4.3835306
208,1.6025699,5.390722,-3.101925,3.593031,2.3873262,3.1717129,3.4756737,3.8527114,4.525539,1.445451,3.9687207,8.885738,-0.03181954,1.6587603,2.6869411,6.8478107,-2.4262207,2.7201416,1.511846,-1.1187216,-0.7330639,-0.6276816,8.855455,1.6628056,6.1789722,5.314661,7.524032,1.8267251,3.2339175,0.0895409,0.70512,1.9493114,1.5119334,1.5358491,3.8289127,3.5571942,10.121077,3.2569845,4.6433535,-1.9068227,2.4822662,5.3518424,0.79049706,-0.277959,-1.0737185,-2.047768,8.071467,-1.2033768,-0.18692271,-0.72832274,5.1488338,4.9784513,-2.0992417,2.052531,1.5500172
209,-4.247226,-2.4343398,-4.4055214,-1.4890648,0.1434527,0.9616449,0.77121663,-1.8913491,0.4977168,-0.18922901,0.41899294,4.9459705,-2.0916934,2.8492248,0.8541411,4.040738,-4.818081,-0.9659848,-4.308321,-3.445098,-7.807612,-10.338032,6.988224,0.572724,1.7371951,0.8797641,3.544068,4.7949796,2.0195386,-5.3035517,1.8720505,-4.907885,-6.9943385,-3.009772,-0.5263045,-5.964546,-0.20760079,0.20862965,-0.81204754,-5.14048,-1.9123784,0.16360602,-3.4539661,-0.32954663,-11.140954,-3.6937518,0.07864444,-5.0328736,-5.1941156,-4.2335343,0.34564778,0.35444173,-5.7712812,-13.332986,0.36554974
210,-9.962788,-9.11859,-4.868387,-7.1211247,-2.4112506,-1.0876244,-3.2807481,-6.9326363,-4.408199,-2.3427782,-3.067467,-0.99403,-2.1539516,2.2740128,-1.2118349,-0.43952036,-5.16747,-3.6629934,-8.9415865,-5.3339887,-11.682725,-15.432088,1.9302922,-2.1522195,-3.264817,-2.0535793,-0.960453,7.288497,0.21621966,-10.267783,3.7724257,-10.605571,-14.000806,-7.128139,-5.112583,-13.71691,-9.606864,-3.8459044,-5.1686015,-5.726685,-5.663854,-5.8802094,-5.733072,-1.0921111,-17.021076,-3.41606,-6.310707,-8.319707,-7.2953906,-6.6758146,-4.3470697,-3.8811314,-7.1346917,-22.880413,0.379563
211,-14.247497,-13.372766,-5.432477,-12.246311,-4.843817,-2.8407235,-6.686555,-9.958556,-8.469136,-4.33927,-5.2988224,-7.6240444,-1.1517627,-0.29791102,-3.5356536,-6.0389543,-3.4347339,-4.830552,-10.189764,-6.550857,-12.099352,-16.397089,-2.4852507,-5.243267,-7.8029265,-2.6599069,-4.972967,8.284754,-1.4437255,-13.599679,3.6287594,-15.196556,-17.63546,-10.242532,-8.264206,-18.815905,-14.812662,-8.28445,-7.9907618,-6.111373,-7.6919823,-10.055936,-6.736288,-2.9520202,-17.81809,-3.124456,-10.303004,-12.438611,-8.307453,-7.9766393,-8.280474,-6.423655,-6.368466,-24.532736,-0.42972615
212,-15.8673,-15.134539,-7.0669703,-15.323799,-6.7161117,-4.5046988,-7.7453065,-10.916262,-10.584026,-4.5979075,-5.7821517,-13.301878,-0.5516588,-3.5475361,-5.742663,-11.443705,-0.8353987,-5.1290097,-7.8213086,-7.011262,-10.522517,-15.353158,-3.9550617,-6.7073584,-10.536936,-2.1751661,-7.722127,6.874547,-2.4793904,-14.55717,0.72017986,-18.981297,-17.616571,-11.7398,-8.787874,-21.379,-15.440759,-11.412272,-9.54724,-8.225757,-7.628982,-10.368097,-7.6323295,-4.961152,-14.6229,-4.145408,-12.849463,-16.011753,-8.998263,-8.392866,-10.589337,-6.8740563,-4.858712,-21.030993,-3.5447147
213,-14.551527,-14.466708,-9.185895,-15.213986,-7.646655,-6.0704117,-6.359906,-10.799476,-10.811056,-2.2888994,-4.9615335,-16.503069,-1.0872592,-5.5877547,-6.905831,-15.117893,1.3118669,-5.575885,-3.9715958,-6.477247,-8.3215885,-14.146871,-3.2307088,-5.6655445,-10.209396,-2.5924988,-9.125981,3.6394582,-2.7823856,-13.4337225,-3.079219,-21.42792,-15.396252,-11.379375,-6.776919,-21.857056,-13.683991,-11.75926,-10.255411,-11.29157,-6.0442348,-7.055028,-8.602063,-5.714853,-10.029344,-5.8899264,-14.91158,-16.258255,-8.971865,-7.938391,-10.473969,-5.7520366,-3.7789829,-17.246643,-8.365097
214,-11.455115,-11.382539,-9.590319,-12.250681,-7.4206166,-7.064732,-3.984526,-10.726441,-9.757525,1.2959247,-3.8276992,-16.27658,-2.3258088,-5.502735,-6.2662597,-16.108664,2.4703603,-6.4353695,-1.6462494,-4.611163,-5.708806,-13.440352,-2.6167135,-3.224289,-6.8496037,-4.7522945,-9.658937,0.74754864,-2.5149684,-11.486146,-5.307236,-21.48129,-13.202411,-9.74042,-3.678898,-20.762548,-12.127617,-9.5254545,-10.299819,-12.620699,-4.2406926,-2.5364268,-8.81399,-4.7376356,-7.023282,-6.6914997,-16.28165,-12.5791,-8.2017355,-6.479775,-8.023684,-4.138414,-3.125008,-16.579763,-12.613602
215,-8.5290785,-6.7678394,-6.4346023,-8.362474,-6.16213,-6.924266,-2.3234344,-11.061581,-7.6677084,3.3485541,-3.1686692,-12.774148,-3.279813,-4.0343943,-4.136715,-14.484039,2.8364081,-6.922212,-2.4062786,-1.4653859,-2.2914548,-13.098405,-3.252927,-1.5031348,-2.497337,-7.529284,-9.671442,0.24147575,-1.9136018,-10.034769,-5.157047,-18.837036,-12.467422,-8.019335,-1.4002945,-18.776146,-11.711869,-6.6934104,-9.678243,-10.537848,-3.5216079,0.26046324,-7.6247296,-2.93197,-7.2801003,-5.7602086,-16.001173,-8.264342,-7.783816,-4.325123,-4.619792,-3.1363573,-2.0484653,-18.969362,-14.238764
216,-7.161223,-2.871167,-0.4759246,-5.850818,-4.430538,-5.620697,-2.0316455,-11.270621,-4.368595,1.8731785,-3.0654104,-7.5761156,-3.3847728,-2.7841492,-1.9365249,-11.144461,2.6891272,-6.0539103,-5.1775055,2.05834,1.6541691,-12.956486,-4.0125184,-1.766055,-0.18219392,-8.816906,-8.92253,2.0607698,-1.176737,-9.442477,-3.7326252,-14.685088,-12.841984,-7.1521378,-1.055089,-16.777563,-11.584071,-5.523216,-8.507075,-6.341862,-4.3225036,-0.121416464,-5.5390553,-1.639114,-9.926287,-4.1163564,-13.734174,-7.96325,-8.809538,-2.4457974,-2.246621,-3.3413253,-0.09115393,-21.536749,-13.047769
217,-7.2329845,-2.114404,4.8000417,-5.7340913,-3.0422733,-3.8613255,-2.5367637,-10.552221,-0.17174007,-2.3982027,-3.0398004,-3.2679265,-2.9509645,-2.7027617,-1.1108305,-7.2869935,1.9775252,-3.835975,-7.2258844,4.381503,4.7437487,-13.0390415,-3.0052774,-3.4375286,-1.5956829,-7.4017854,-6.9681935,3.9112194,-0.49127755,-8.953607,-2.472664,-11.030693,-12.697164,-7.054133,-2.3271463,-15.517496,-10.645531,-6.703586,-7.205782,-3.2154398,-5.8864255,-2.9064286,-3.8675296,-1.321388,-12.138097,-3.556429,-10.542464,-13.1004095,-10.816107,-1.8452176,-2.1379168,-4.543107,1.950572,-21.027763,-10.664302
218,-7.4382753,-5.002907,5.7311788,-7.092578,-2.6034176,-2.5842123,-2.9266508,-8.629007,3.4227276,-6.4349627,-2.6668932,-2.0958242,-2.753115,-3.3016047,-1.8677887,-3.9460382,0.56927514,-1.5450425,-6.4421115,4.1491036,5.4337606,-13.214523,0.05314763,-4.8374286,-5.522653,-4.0563393,-4.068189,3.368358,-0.075736314,-7.596424,-1.7797929,-9.22848,-10.739423,-6.7767806,-3.9185147,-15.130357,-8.983206,-8.8207035,-6.329348,-3.172236,-6.813267,-5.949852,-3.4862595,-1.265515,-11.565539,-4.7950068,-8.18215,-19.906534,-11.892701,-2.6064522,-3.920945,-5.8625693,2.4884145,-16.249962,-8.997598
219,-6.5608068,-9.317996,1.584659,-7.9948688,-3.051501,-2.1785147,-2.8712182,-5.997797,4.3466363,-7.4093146,-2.0313172,-4.429527,-3.2050896,-3.2880797,-2.9738102,-1.7575116,-1.2231984,-0.69017935,-2.9624746,1.2295904,3.3887608,-12.954297,3.1774776,-4.7760777,-8.722889,-0.9191437,-1.520138,0.26813185,-0.09619631,-5.2557373,-1.2726007,-9.144831,-7.2654595,-5.4814634,-4.628432,-14.926346,-7.701491,-9.622813,-6.158941,-5.181788,-6.075471,-7.3192835,-4.015893,-0.6064518,-8.569047,-6.7128463,-7.563861,-22.343554,-10.526075,-3.644948,-6.0044713,-6.309217,0.63652563,-8.931642,-8.688538
220,-4.523351,-11.756274,-4.676596,-7.146135,-3.6236575,-2.1699665,-2.7023673,-3.4846728,1.6408163,-4.976081,-1.5804833,-8.298054,-3.9042876,-1.9341489,-2.8856723,-0.83491504,-2.552087,-1.5658567,1.148401,-3.038292,-0.13857834,-11.613258,3.8893247,-3.4314492,-8.681812,0.2288275,-0.78459036,-3.0293574,-0.49030435,-2.7941093,-0.9259519,-9.623126,-3.852076,-3.2589922,-4.117881,-13.682592,-7.5005074,-7.927006,-6.389662,-6.384837,-3.6758006,-6.334255,-4.2117386,0.4717321,-5.9371247,-7.409328,-7.8852806,-17.278715,-7.1216044,-3.555496,-6.814333,-5.4144597,-2.6225107,-2.4986215,-8.837069
221,-2.276731,-10.657456,-8.785527,-4.7797365,-3.3854828,-1.6931294,-2.7709348,-1.5890734,-3.3760586,-1.253359,-1.5523666,-10.665693,-3.9670625,0.1928992,-1.1881154,-0.7160184,-2.6157908,-2.8343594,3.6474338,-6.640131,-3.287454,-8.924074,1.619847,-1.811691,-5.7224755,-0.7426392,-2.0866857,-3.8889053,-0.91329026,-1.0749626,-1.3373439,-9.561381,-1.7837218,-0.95465636,-2.8061063,-10.25994,-7.683218,-4.480161,-6.197283,-5.0844994,-0.4663154,-3.5479114,-3.0822055,0.7496834,-5.9840946,-5.912643,-7.3240414,-6.934814,-3.4412644,-1.8149455,-5.770469,-3.467153,-4.815511,0.41685927,-8.015153
222,-0.73147583,-7.177588,-8.576227,-2.1056325,-1.9587259,-0.32350376,-2.9227285,-0.23166928,-7.7497864,1.3244524,-1.6061621,-9.670808,-2.8538883,1.823338,1.0309507,-0.54277456,-1.3904728,-2.6742938,3.658139,-8.134471,-4.951678,-5.132738,-1.7156776,-0.5677143,-2.4706414,-2.4971397,-3.9448156,-2.0028117,-0.9581485,0.058931604,-2.6469612,-8.431726,-0.7994471,0.79199636,-1.2006888,-4.197123,-6.717568,-1.1166499,-4.694441,-2.361769,2.580217,-0.09454109,-0.61628366,-0.6723573,-7.7434173,-2.8639152,-4.6886578,3.5912664,-0.6269836,0.80840105,-3.2893128,-1.170185,-3.7992952,0.008002928,-5.461662
223,0.16751188,-3.7607307,-5.3387117,-0.018236952,0.15769781,1.5053066,-2.6750686,0.93722016,-8.979402,2.095446,-1.0890434,-6.048933,-0.9363174,2.2504137,2.225452,0.42877907,0.24743234,-0.50365895,1.8616588,-7.392891,-5.2750783,-0.6869172,-3.5479307,0.54799443,-1.230158,-3.5573525,-4.318673,0.2637947,-0.5147396,1.6761976,-3.6007264,-5.9295034,0.5508402,2.2208917,0.56652653,3.9486282,-3.7292686,0.87471193,-1.5156082,-0.6561254,4.925587,2.9170806,2.4298074,-3.0561354,-7.3286705,0.31685707,-0.50943065,10.947308,1.8364999,3.0161798,-0.10299053,0.9496109,0.42802414,-0.7384848,-1.4403801
224,1.3190912,-1.5652623,-2.0966494,1.6164901,1.977539,2.8796031,-1.8182789,2.0631979,-6.774897,2.2330754,0.28557488,-2.4816241,0.7220757,1.9707515,1.8381872,2.262368,1.2146217,2.362793,-0.39741567,-5.343392,-5.0133834,4.0330753,-3.035621,2.1113424,-1.8914553,-3.4736156,-2.4390264,0.21033137,0.079336844,4.5088396,-2.367179,-1.5748309,3.2788584,4.048871,2.5619953,12.577613,0.6739066,1.6368431,2.8235865,-0.90344584,6.436928,4.7082496,5.2198815,-4.2663774,-1.6178886,2.7350707,3.4123504,15.489939,4.9524508,4.122971,3.251514,2.8070464,5.510247,1.6083562,3.2445397
225,3.445787,0.39511004,-0.7145599,3.4739363,2.808088,3.2050765,-0.69648993,2.9385834,-2.989076,2.9629,2.0245886,-1.3530335,1.2031207,2.068979,0.74972093,4.2243814,1.132299,3.815042,-1.9864355,-3.0884356,-4.6131864,8.534928,-1.6410694,4.088748,-2.4158604,-2.8446672,0.43360782,-2.435936,0.30435452,7.8288946,1.3471711,4.8538647,6.712955,6.3775125,4.5366507,19.37608,5.0116916,2.1806538,7.0258718,-1.3875872,7.024033,4.9887257,7.2008967,-2.6155996,8.097409,4.4557486,5.518127,18.88677,8.227815,4.439263,6.315452,4.453789,8.404412,7.8547235,7.78557
226,6.186562,3.5063186,-0.6467992,5.703359,2.733625,2.669649,0.17391516,3.266475,0.07728839,3.9499395,3.1552777,-2.8139875,0.46952495,2.9964223,0.31656885,5.3233676,0.6031429,2.8191285,-2.1936345,-1.2052004,-3.960037,11.850838,-1.4183127,5.5935793,-1.2714529,-2.3887165,2.1320312,-5.0764594,-0.05756683,9.716722,5.229748,12.306353,8.924779,8.126995,5.743588,22.044247,8.1302805,3.080424,9.553204,0.35042435,6.4823537,4.056607,7.945244,1.335378,16.293186,5.830383,5.6218357,20.491596,9.396825,4.57344,8.3335285,5.569664,7.613895,14.8926525,11.381493
227,8.181688,7.220433,-0.23131621,7.43527,2.3796003,1.9582269,0.7076541,2.9921181,1.386126,3.5631924,2.9970925,-4.797613,-0.6312393,3.9980562,0.96363497,5.091057,0.5726882,0.30039945,-0.61993504,0.3000387,-2.862912,12.671396,-2.831067,5.597892,0.8095115,-2.1327782,1.570879,-4.636672,-0.6849807,8.63792,5.990964,18.144102,8.434897,7.7638783,5.388129,19.302938,9.63734,3.7708764,9.348739,4.5127563,4.729016,2.646713,6.991059,4.848875,17.56845,6.671996,4.661769,17.00719,6.5528145,4.468167,8.315781,5.3923836,4.1572385,17.604424,12.99603
228,8.092685,8.929593,1.1976355,7.388442,2.2140336,1.5360552,1.3613731,2.3476748,1.4819071,0.68921685,1.7016681,-4.8894625,-1.0706718,3.7862937,1.7144506,3.8991337,1.3614268,-1.7804341,2.6068304,1.5967875,-1.5340738,10.22008,-4.3116293,3.869922,1.6342329,-1.5254823,-0.28538227,-0.55452573,-1.0000057,4.89181,2.496121,19.428728,5.538088,4.7656546,3.3256824,11.734192,9.35341,3.117775,6.3701606,8.228212,2.0888388,1.4034227,4.1586185,5.1419716,11.385227,6.2673655,3.487211,6.3095393,0.5640109,3.266265,5.7178373,3.3291247,0.5386286,12.843937,11.587401
229,5.6775703,6.5318837,2.7265394,5.010884,2.0859463,1.2189015,2.5730815,1.6321583,1.4814306,-3.8355012,0.08456343,-2.3329442,-0.41330293,1.8221394,1.117971,2.5267844,2.2875338,-2.229122,6.3645163,2.7343936,-0.45324707,5.211498,-3.9331698,1.2414843,0.06766266,-0.23361495,-1.372234,4.480444,-0.73666817,0.5403636,-2.7431614,15.144208,2.02173,0.41748908,0.3346678,1.8668419,6.9043226,0.68448645,1.6527431,8.043921,-0.78651386,0.32454395,0.10279365,1.8007107,2.7452023,4.1899467,2.0417094,-8.526004,-4.969974,0.24235004,1.1537234,-0.23764707,-1.3013306,2.415826,6.997794
230,2.0511997,1.1399531,3.2671266,1.1140854,1.4645711,0.44708556,4.1074457,1.0437921,1.9638627,-7.662792,-1.0508941,1.5597473,0.98446196,-1.0296975,-1.3101574,1.4400344,2.2649844,-1.5396829,8.623525,3.6988566,0.18064106,-0.11369336,-1.4279057,-0.97576433,-2.4362772,1.3306377,-0.43406588,6.752258,-0.23615742,-2.1417696,-5.5548472,7.464585,-0.32049546,-2.9234784,-2.3205492,-6.755182,2.4081087,-2.5181155,-3.131064,3.4078133,-3.3262045,-1.2046814,-3.6342382,-2.701289,-1.9670665,0.990211,-0.16556212,-19.756922,-6.5291114,-4.0875416,-3.6263292,-3.7693093,-1.2793065,-7.5654902,0.742714
231,-1.0106432,-3.0998044,3.154001,-2.5288973,0.1414006,-1.0164037,5.0394835,0.75544477,2.7761452,-8.800725,-1.4517735,4.7730427,2.4174786,-3.1012883,-4.479903,0.5258436,0.84614605,-1.0957546,7.598171,4.588903,0.7012784,-3.1823285,1.4977533,-1.8375838,-3.0144262,2.3633137,1.9307088,4.657256,-0.13487001,-2.2726588,-3.924285,0.69078255,-0.87356174,-3.530307,-3.670688,-11.12547,-2.3951125,-4.5107903,-6.379412,-2.3535647,-5.310659,-3.6117392,-5.4240813,-4.9372387,-0.21796261,-1.9915726,-2.8356812,-20.497063,-3.61611,-7.830654,-6.646567,-5.3734493,-0.7327767,-10.772316,-4.319568
232,-2.13515,-2.3527827,3.9715621,-4.246801,-1.3259869,-2.6595528,4.486927,1.0490917,3.611194,-7.0872536,-1.3762649,6.3191724,3.4022853,-3.2302556,-6.4955707,-0.48558104,-1.2602227,-1.5482906,3.2873824,5.562258,1.5910277,-2.6819758,2.8169584,-1.2069885,-0.19424847,2.5167584,3.973321,-0.06409926,-0.7042203,-0.6382445,0.06758543,-1.5793387,-0.089461476,-1.4986545,-3.5297697,-10.082563,-4.318314,-3.6794264,-7.175637,-4.6988997,-6.6838517,-6.2480917,-4.6603713,-3.2875476,5.075017,-3.5127206,-4.3588204,-10.495178,1.057397,-8.852691,-6.855912,-4.069503,-0.8789897,-5.1755967,-5.585889
233,-1.0477953,3.3888655,6.685351,-3.3752959,-1.9272377,-3.5082676,2.4392967,2.1877384,4.458798,-3.9643943,-1.1415621,6.7617736,3.8406603,-1.6152217,-6.0908017,-1.4426669,-2.7040198,-2.0702417,-2.043601,6.5530133,2.8931756,0.70588195,2.0970905,0.36648437,4.506199,2.2856574,4.416138,-3.968632,-1.4827662,1.3881774,2.222923,1.1243843,1.4568009,1.5496991,-2.381575,-4.6458693,-0.9421748,0.09031006,-5.5417457,-1.7605863,-7.1581106,-7.4173646,-2.1933513,0.8381495,8.757713,-3.1885123,-2.855884,3.2711666,4.257992,-6.3213515,-4.6506033,-0.5177575,-1.696059,5.537379,-2.4793622
234,1.4348272,10.024276,10.1331835,-0.47111952,-1.040873,-2.8983114,-0.09777699,4.020489,5.404055,-1.0019641,-0.79028916,7.254253,3.7570019,0.4660898,-3.4971108,-1.7499278,-2.6075985,-1.2566915,-5.2147083,7.1225977,4.105754,4.9637756,0.78248304,2.0224442,7.8384156,2.45614,3.4023356,-4.7821846,-1.604642,3.0516505,0.28717288,6.043897,3.601062,3.8505597,-0.9011246,2.6984742,6.75416,5.2926373,-2.2900593,4.1526184,-6.183869,-5.595313,0.33969426,4.3020463,8.150199,-1.5410773,1.9676077,11.989625,5.0309396,-1.4040973,-1.4407151,3.3967729,-2.1819205,14.711668,3.0647047
235,3.9525723,12.71565,11.673824,3.1109266,0.95669466,-1.0530163,-1.8002402,5.7468643,6.1662254,1.2559464,-0.19197485,8.218906,3.058243,1.7205384,-0.11949474,-0.985652,-1.2896665,1.2665695,-4.433318,6.7238946,4.687326,8.137602,0.65330195,2.9325867,7.7414026,3.1743658,2.032138,-2.9389696,-0.5708307,4.404967,-3.8805711,9.415148,6.1626844,4.6691456,0.42600775,9.217436,14.096491,9.690617,1.3747958,8.728915,-3.4916534,-0.90684545,1.7126317,4.83665,4.8413825,0.5115522,7.9390483,11.699521,4.8982015,3.4424565,1.3110943,5.805374,-1.5521258,17.404774,7.885204
236,5.3051963,9.873971,9.544229,5.8949294,2.8932383,1.0380152,-1.965031,6.2655025,6.1066413,3.1196654,0.61960816,8.973628,1.6769449,1.7222399,2.5449772,0.5102007,0.041599084,4.2010174,-0.6379179,5.2013564,4.5976906,9.326464,2.0675135,2.5909722,5.0789576,3.6622195,1.1895019,-0.6782175,1.2371899,5.561661,-6.154398,9.149881,8.285907,4.355771,1.3625396,12.968908,15.779279,11.538358,4.3022017,9.322444,0.28992844,4.536631,1.812806,2.682259,2.3243182,2.1725698,11.617205,5.524987,5.5748243,6.033385,2.8423095,5.9616513,-0.098473586,13.380695,9.672126
237,4.9818034,4.1811438,4.626492,6.885634,3.6640654,2.3283541,-0.9130197,4.988885,4.8314047,4.7577276,1.3176261,8.536983,-0.06932901,0.9600033,3.7880013,1.78119,0.33885053,5.603517,3.3065424,3.036654,4.2617855,8.684711,3.704392,1.0886985,2.5847676,2.9753456,0.9056417,0.15019819,2.7918596,6.079923,-4.1455574,5.920279,8.634205,3.5503347,1.8027261,13.286971,10.086241,10.383441,5.7524843,6.728028,3.6827996,7.948078,1.3555815,0.0069977767,2.2938075,2.9742026,10.807278,-0.021106638,6.8677435,5.712335,3.2129097,4.441373,1.1045109,6.4113793,8.230978
238,3.3268661,-0.07313784,-0.16396177,5.932004,3.0202935,2.415022,0.40453145,2.4404707,2.7336016,5.6585627,1.5391036,6.683033,-1.4168315,0.2077097,3.7910383,2.0722296,-0.43192688,4.607963,4.874977,1.054926,4.0205545,6.817277,3.9488237,-0.80184376,2.1867516,1.0868019,0.7296898,-0.5176996,3.2130697,5.273347,0.5835157,2.094609,6.5190635,2.5178776,1.7284358,10.736014,0.54545426,7.0996985,5.594905,3.746554,5.246826,7.838813,1.051752,-1.136739,3.3558934,2.7943769,6.298733,-0.81890965,7.0046973,3.48864,2.9253163,2.4550116,1.253001,0.94257784,5.1043167
239,1.285423,-0.6733017,-2.312994,3.7479186,1.6385583,1.6892232,1.1743374,0.004741611,0.80496204,5.1537127,1.2492646,4.1961985,-1.6392184,-0.11007029,3.1353881,1.5111676,-1.3670629,2.176492,3.6596682,-0.16472873,3.730786,4.320162,2.4555666,-1.9889495,3.381759,-0.8429638,0.4628658,-1.3971552,2.427316,3.095589,4.1581645,-0.27840042,2.825886,1.2226667,1.27921,6.7129683,-6.7064533,3.2806828,4.296828,2.3340106,4.6181684,5.0032835,1.0654204,-0.409638,3.0611408,1.8809263,1.2728938,2.1887085,4.8580546,1.1247282,2.4637237,0.9518193,0.52659136,-0.96276623,2.1242464
