Timepoint,32,34,40,50,53,61,68,69,78,85,106,109,110,111,112,113,117,118,120,122,132,138,150,197,200,227,228,237,243,258,260,262,285,287,288,289,296,300,318,330
0,1.3210462748802085,-0.36161452014835516,0.10102620112887595,8.480880813873732,-1.7308668352308727,2.540450046090661,0.6365433100214812,-2.462012259301456,1.0308641388324933,0.9352821839787665,4.2710119614959074,-0.9947034732896799,2.415432048285449,-0.6422563202874232,0.6974221768744318,-0.7830480905457832,-0.4783303597634965,2.9930292900894337,-4.642474100182807,0.06602214476496902,0.42798741627662973,-4.45663624901987,8.858921249601817,-0.7216581044207632,3.5082830733766683,-3.4543008689316475,-0.006979886111032012,4.3790670227072095,0.9457370598554985,3.675803359053619,5.109465309903642,2.1416930118440716,2.6190968122051546,5.864333328970063,-4.079561583296519,-3.0736474540616783,0.8623254174250178,-4.726127617375147,0.7950827156834955,0.09267660313182408
1,1.6348130992230248,-1.2104728536642329,-0.035896942517824805,9.803449365038139,-2.626068732568196,-0.06085114154612293,-2.2420816493790543,-5.031188853823473,1.9302897130006127,1.4380507017830177,4.4765130931107455,1.709209913681366,5.326892194814152,3.383119499449291,1.8836458510138452,-1.4627759733429835,0.7685880084460662,2.54403061154245,-6.081951014735372,-0.80462754056933,-1.3071466730158219,-2.3553716779656644,7.712565877869864,-0.27837485417855523,5.945035693284712,-1.7979876090196654,0.6929316999036476,10.802577017280976,0.33934141513131655,3.3286915546463383,6.333745762675015,0.14305706835095433,7.3279761819466325,5.700634901984953,-5.3183467618737765,-1.9292250632494687,2.1545400863885877,-6.285706248776666,0.7719464413781982,-0.5816915260943752
2,0.47523515233222174,-2.9725198952519163,1.1585616047567364,8.555133258895232,-1.9661586302376928,-1.9418025885148578,-4.946705555932513,-5.253417242200054,2.395155658361517,0.32987677358641887,4.577843117207368,5.412928835887138,5.181217797128139,7.107212474808802,3.5678040842178564,0.3224808204939911,0.7226332010148646,-0.06159425798047091,-5.13616885918046,-1.7275036075296475,-2.0098712641810037,-0.7487713243098219,1.3041368020358193,-0.37367264174782067,7.8748792221671655,0.31359806199291435,0.47676350754554286,13.743588004864794,0.1049771217403302,0.8524684528298888,4.347947817218821,-3.944163213882163,10.202046018815794,4.132226283662021,-2.915600576345177,1.7313022198421615,1.397196037247777,-4.560325430413544,-0.8665733507542468,-1.3329151016265175
3,-0.4221990879717793,-4.072919356579683,2.9174637515019373,4.997586131751394,-0.08760694024108705,-1.822290893744778,-5.663188264177028,-2.2864608018549,2.490014017345236,-1.9398976121924314,4.252195993704455,7.401303011313129,1.287627929807813,7.830560593186198,5.695476503582238,3.1929847436577248,-0.6988439350337773,-3.3165873442687293,-2.155416489555146,-1.7503571486023743,-0.5847805641391725,-0.5273682259609679,-6.135551932472563,-0.8526793105148636,9.92072132700368,1.2118141017081332,-0.8987960291603592,10.030241354633976,0.7642850632385729,-2.2050773938251855,0.6070278705028463,-7.444785884864952,8.459120989409314,1.4826854066900874,1.7926515673805279,6.131243610722678,-1.1321161352097988,-0.1245721470229185,-3.5127116529894535,-1.6035704167004217
4,0.6681736569927491,-3.0407649064579103,3.5137852995938967,0.21444021643927463,1.2641445004514285,-0.5349594024135857,-3.8224649264463295,2.3462933881854426,2.144468874567085,-3.844966775255571,3.069578594631619,6.006388985336282,-4.417951246075056,4.760036545037921,7.475833197251458,4.187097135077974,-2.1753829159507796,-4.453535734522388,1.5892515563722796,-0.3093793094350198,2.1479752139969803,-0.7909715031830284,-9.256390157683345,-1.0635518589895632,11.790765463521605,0.20842253908329486,-3.047847733450082,1.0787790802271007,1.918734188031826,-3.8235397024232136,-2.3225625029280166,-7.566942437376449,2.5311326150539792,-1.717849867561689,5.225008696030191,8.402911602926574,-3.8077321249991654,4.416892859513847,-5.457343828068105,-1.2273147438914238
5,3.8568654097448105,-0.23034746131422568,2.165257411475262,-4.569999211224226,0.3792563719408853,-0.207208784221596,-0.6306597886176141,5.876373527540791,1.274880849386728,-4.105341047479792,1.7083430016048686,2.684887263935862,-8.494442567670786,-0.03525014333521343,7.939506229741767,1.9215758351307342,-2.1448452292562843,-1.5749041390144962,4.959201783622582,2.0404224611396335,3.963290555409773,-0.1427836111657126,-6.4092486005495575,-0.5439978949395956,12.01000658981502,-1.9495223053572583,-5.237345970298615,-7.341660760717685,2.8512744428669095,-2.8425883336639495,-2.6270602093008923,-3.8903657399975033,-3.8135070871139147,-4.481608185630578,4.748228173499322,6.855728834335293,-4.767443153573258,6.378243311383258,-5.082988797180625,-0.7021058102666634
6,7.51576304479557,2.3448447694583816,0.18646268567509866,-8.59056251448794,-2.602655397439819,-1.9573932303921193,1.9709410773479004,6.534980602100908,0.1712587934416083,-2.8631210976379093,1.8941220493110085,1.0518855750695517,-8.114401298844152,-3.107422958090398,6.996574320091533,-1.4783967624329988,-0.2907630038539787,4.430081746587351,7.49372250567838,3.758330963744023,3.2398473308118367,1.34467314592082,-1.1390810033116179,0.5548676742916614,9.088091304819836,-3.862659985106825,-6.878842203072244,-9.172881815686573,3.3801427299714994,0.333969022873683,-0.3910752328589928,1.1303654252079085,-6.257906404816929,-5.343737076753034,1.1966360768848294,2.5251868683099747,-3.2016554707288742,5.035346146630145,-2.2228502050907943,-0.7048496511595989
7,9.636510295734416,3.1263675767244123,-0.10786192235275266,-11.62799070913058,-5.353780120611191,-4.486825513036771,2.9871371354240535,4.870569007920889,-0.403229455640983,-1.5645519313896583,4.533893796580809,3.3114000681632008,-2.7479406915881017,-2.4442118791661955,5.714490507636563,-2.054547387294929,2.121364383006489,10.016044931307835,9.043643229503923,3.4099321709465733,0.5628253671401305,1.8596379841425328,1.353580626780196,1.6470833064708035,3.0939947437298927,-4.632663194368366,-7.7914682990797095,-2.9804541357902177,3.886267594509918,4.054831611654815,2.7476706442938856,4.231300485549846,-3.3119825443425097,-3.186074851403156,-1.8633634351864696,-1.5199366692985807,0.09256662793457508,2.074033901837594,1.517554117338871,-1.1913617109084687
8,9.302955675718472,2.804957071433262,2.093110947691825,-13.598928945626204,-5.1521381097180505,-5.173011042932804,3.0903541972554884,2.937617751617065,0.25702908964058946,-1.6071503540902277,7.867519688580638,7.50027378043609,5.513302315164496,0.8182186998829648,5.214974624809304,1.9579803717619213,3.422379813023976,11.395575724799057,9.169905382364535,0.8963376941140165,-1.717358870296186,-0.14265449896845803,-0.5390048070980853,2.1830329920919365,-3.933512538279358,-4.296183676899438,-8.022710927105024,6.438511757544299,4.46354696213825,6.4448131681110645,4.960143152593581,4.086641022206648,2.6263834003891264,1.4415208760362406,-1.6035775977076059,-2.698655260270129,3.233795357346535,0.13351817423356446,3.9111637335850484,-1.0572055610038384
9,7.014847249804039,3.5644398562762203,4.743306142563168,-14.102415655094843,-1.3728031019369762,-2.733799127308098,3.670251035951634,2.1806511288837753,2.01556143740059,-2.983816646710278,8.06656215026748,8.651971734293596,12.941923650326553,3.344170348844617,5.170775877648614,7.712185314247728,3.06363879915859,7.400204569443889,7.223673383899147,-2.2758762823974656,-1.6421829425289127,-3.7006789927449586,-3.1313315056748805,1.9120488029665652,-9.252329827531389,-3.301593735535857,-7.446195707913557,11.45518512932282,4.301260596725731,6.459196834257703,5.430742880037008,2.1756133192448295,7.319955124840641,5.814671388683984,1.176734094570879,-1.1160604037131583,4.462788361571729,0.6996464000236943,3.873396835085362,1.0069357075058578
10,3.9008198670233805,6.236238532984744,4.427307727840844,-12.431258505812059,3.6708987089140073,1.1781204012505762,5.129221168277201,2.0699250344376363,3.684060918714201,-4.175014574140598,2.4549717328870897,3.283682179029348,15.801516491836972,2.425526751368936,3.6118923057269345,9.69470234344292,1.9538236239945495,0.3655294087140953,3.1470528698814704,-4.047745627072668,0.5263138698892118,-5.471394544722561,-1.1907516864846366,0.8182195683496188,-11.256924311581411,-1.7686782303687447,-5.596842691873663,7.5120633810592095,2.2899991150275185,4.394250010474244,4.566794475617487,1.0455525702378456,7.906477529273815,6.3793458964389105,2.6771005915715196,0.5688185098660844,3.233729143422097,3.0225297639082216,2.332246580723125,5.02081046070446
11,0.8717339144707805,8.41643307327616,-0.411828439714115,-8.165025355724188,6.509413829162007,3.1606822885396713,6.122593121370301,0.7888750166725722,3.812055328565221,-3.4125619348291294,-7.464975041529489,-6.912479808332453,11.944340109825134,-1.7588189644235614,-1.3667575487131562,4.607145884828694,1.2973243709612678,-5.7625201541459425,-1.9424149542290547,-3.387924515834251,2.5599210894134936,-2.523248490152484,6.440857978520379,-0.9801351677263732,-10.261671391364775,0.6087055272766664,-2.0148491444397556,-3.2648893628248623,-1.5530133489285554,1.639565400719162,3.301569145449922,1.7802299528409713,4.554536678303941,1.386866020038724,-0.1812121391871351,-0.41233970596055897,0.5001901566237211,4.791047822355767,1.3864663535915713,9.0334297050259
12,-1.5152047457198752,6.084555752423345,-7.536521625715528,-1.9229314568524176,5.413786306267693,1.0429773664957769,4.588182062633447,-2.7159481444686007,1.9329903806071906,-0.23676164889067317,-16.398350600665683,-15.898276506548813,1.9436786150490797,-6.347998919166826,-9.37758646234595,-5.302441737047454,1.192671201140671,-8.457028442758252,-6.222671508183939,-1.0725628026213843,2.3312264958903253,4.729240837558539,14.97833095509386,-3.144663612597284,-7.686402145184968,3.9292770083632593,3.1066237424323164,-13.74135913695703,-5.393574084696909,-0.16319005618992294,2.24277653896119,3.166764135863902,-0.43031660167543423,-7.237655772755925,-6.454219014458718,-4.310833907978875,-1.9780482858046888,3.9210830028258066,2.4303270277183957,10.23436683032945
13,-2.763982905791356,-2.2438886983662236,-12.302440977372815,4.400011375087958,1.7488817466156823,-4.091184217105242,-0.2751462449972977,-7.3024649337274905,-0.852932968812566,3.9467453749137675,-19.226946294150025,-18.1474684711929,-10.631192792427761,-8.158012656444633,-17.160170766700237,-13.710043910745135,0.5204794072433487,-8.140236537803636,-8.399244846728852,1.0188197181896144,-0.2996066345697647,12.342839906746983,17.63351799340071,-5.020022824076952,-4.655159982019349,7.439858085804337,8.530586755554552,-17.29911535924207,-6.680066896002413,-0.11206079967871337,1.3421675543154568,3.2360083184110513,-4.703954257384068,-14.630211555757201,-11.562296420192029,-8.418615123693431,-2.8504967056028545,0.10691516324021351,4.877719894528135,7.201378240658526
14,-2.4919458861669264,-12.838554610403216,-11.315953077057774,8.327016564057423,-1.4513531894910903,-8.681590970051852,-6.838155729571052,-10.193789119012132,-2.6090569131585424,6.741801877796554,-15.117703234017998,-13.107839471837236,-20.23812110181208,-6.086544551836276,-20.478440754363017,-15.28920968817599,-1.7024995619124108,-7.022007885620969,-8.500453852523629,1.4868177792739086,-3.4886518726696285,15.733954631552404,11.705258547313996,-5.850631382481187,-1.4319307013953988,9.63441649502862,12.307020139840484,-12.59078208794141,-4.283378713744766,1.3652835597957447,0.1805958048371244,1.4339867848093095,-7.180424502041159,-16.133635867028854,-11.174276449205504,-9.259978821857699,-2.078251986578107,-4.891193903605293,6.614589459590439,1.3435638968380745
15,-0.973638828354993,-18.744493038678655,-5.136333666072133,8.189294018653722,-2.254353321733929,-9.493300864825377,-11.75827013723441,-9.062816770569796,-2.098376401034849,6.385409415726493,-7.930024648277414,-5.192279399351675,-21.767082164353795,-1.6436300780938786,-17.08578171611272,-9.841200649748718,-4.9206892645989475,-6.576349585163639,-7.443284525483998,0.4968335113497739,-5.099579529201619,13.042625482376046,1.0289362606249357,-5.278441970590997,1.9629182952799296,9.140830486688253,12.774474095895977,-3.779602619834952,0.3201119986413413,2.721255953655184,-1.5252891000637339,-0.8517032382415904,-7.860295160978782,-10.543800162151456,-5.054684409182938,-5.525542580549206,-0.8542280087992549,-8.337940787275633,5.776398570235096,-3.931593800911255
16,0.5703191534021861,-15.334786055039386,2.318633312772792,4.368186238637337,-1.2590225239594777,-5.929388008640475,-12.066989081559239,-3.8547026472269135,0.15421086089548816,2.9568951393947773,-2.555708756571803,0.42575138694100634,-13.460279031870542,2.504200804556997,-8.367010452760542,-1.927663233984449,-7.156237141689757,-6.164582463116938,-5.90915098314547,-0.5525187467580143,-4.336145066197425,6.064464540245234,-7.423750420438339,-3.6436079201840723,4.9426983410590575,5.713258587488618,9.626714344496376,3.43395419445867,4.0849259509139975,2.2547189516264527,-3.6184269881938116,-1.852268998004982,-7.120957743063443,-0.9149843853038664,2.6506465821020857,0.7812845649889537,-0.5691025267541409,-8.27058386174655,2.2947334035563824,-5.801005110689248
17,0.6434872359104825,-4.5982848362122875,6.95733481601634,-0.5665027861984876,-0.4334693132411866,-0.061560072608896205,-7.061391449463901,3.096543625779873,2.1962295446197486,-1.6143177892186251,-0.7585789517317184,1.9803415308571706,1.431977956438506,4.465209214639774,1.5663049292795332,3.2902199345427516,-6.698741094424174,-4.037934151645821,-3.832056028929156,-0.4128738743128236,-1.897065291307881,-1.6723576406500256,-9.363890580856024,-1.6846844768893403,6.461005608894323,0.5532550820423854,4.284971263053959,6.205803708615583,4.809740534854983,-0.7277811207796183,-5.524441241452178,-1.2927182663394057,-5.523781115204847,7.659343024644141,6.886062196452901,5.902045108495014,-1.6208353253547103,-4.817760316005612,-2.068067356967913,-4.142627667401487
18,-1.2537464817724617,5.971649815841597,7.360351984331572,-3.198875338727465,-0.7621480169306908,5.199796076574539,1.2653404544872136,8.592100565977338,2.1284818690314533,-4.714928005465644,-0.4428708660145285,1.4289326016548602,15.847086943299683,3.9844671710822226,8.4460761676649,3.9945917465833314,-3.7640129047046815,0.4631678066947908,-1.0672629931327051,0.8696937203484097,1.0905442658840354,-7.4968844157516,-5.947487133279754,0.1450766023017664,5.978792587393208,-4.28473051553167,-0.7771140175180201,5.704730879619468,2.724127763874486,-5.330858878960985,-6.477630346274573,-0.5546661569345472,-4.0153044426203275,11.451435068693872,5.698219048919402,7.157946882418224,-3.058865103721619,-0.21565537685635447,-5.090731136056025,-1.3068367895937105
19,-3.9814708242319288,9.270127952098846,5.0109748539378804,-1.4529085220912328,-1.241605051926204,7.950408471899258,9.341902270808003,10.44862607907234,-0.4484514219553343,-4.66131969193937,1.3153429409691069,1.2971879915600804,22.84016698466407,1.9774821538452965,10.121389748666065,2.1300088361155387,-0.4381607607989521,5.828463081812836,1.652976017464236,2.0694838050637663,3.956312851744822,-10.537914341940128,-1.4130365694685618,2.0354621895646625,4.143647982101691,-7.000195049275007,-3.3992450130314915,4.717837770058456,-0.14532979848993374,-9.508204354453952,-5.815559906900422,-1.0218740607733312,-3.614059129995959,10.088714323391637,1.2989339790639387,4.680244276468376,-3.3970113272964952,2.620678755729477,-5.606707537876391,0.1690252873044439
20,-5.556534207919064,4.2271508714374235,2.2824965709077425,3.804972766597684,-0.2266439057531811,7.849052755464171,13.81801116505443,8.46767795182471,-4.108704931442699,-1.7707754217950669,4.9335955716472455,1.8965432682221341,19.91653723258663,-0.37347933962725643,7.23582046990355,0.6606343324015219,1.1365014275761096,9.49674386996419,2.8575747872367123,1.9827888591080596,6.319315598999289,-10.873209481775481,1.3380989606950675,4.402608621469905,2.2861150754125497,-6.969952110788511,-2.9240440963967447,4.587484279491382,-2.04102335992429,-11.25650326841541,-3.302241416263186,-2.4934326745502218,-4.378431932061535,5.956225639101691,-2.367449054177072,0.8278454540989229,-1.9038485922850668,2.137118186187927,-3.989262856860786,-0.31729293593929875
21,-4.793702152317466,-3.6792532801628113,0.4569025083308977,9.053369641819826,2.4327293989204226,5.621629658859928,13.050850328836423,4.160085995611764,-6.546562532820399,1.8325589763964871,8.177191003132119,1.872268869993771,10.597217704466095,-2.0944539845191144,2.402860508963631,0.8192391279023453,0.6364328129892494,9.985638815838259,1.7564748758591977,0.556836431841222,7.4372398528588,-8.605035035189447,2.577975583404026,7.0791826072783595,1.1777832359075546,-4.951367794478088,-0.42090318506823543,4.457946083185851,-2.855627230473767,-9.761960563089069,0.5873086419233606,-3.4490057756395442,-4.773593122718715,1.9991470795984452,-2.9367650185660774,-1.8587427964061498,0.7883974842168391,-0.6566040953228757,-1.5256401572027989,-1.453508913990829
22,-2.296581982420041,-7.334112829091597,-0.5206954995944594,10.412471250845837,4.876588108993712,2.491387150980331,7.715168552612191,-0.2686460110781362,-6.03380422192877,3.663517500252921,9.029428107240212,0.9620672134005755,1.7264450704609906,-2.4541731662922412,-1.2832698356841323,1.8396248927329506,-0.2953463262254065,7.885315097126239,-0.5188290152679845,-1.0912871497535308,6.253424056530912,-4.140630770653877,3.6817676383575235,9.009362537512738,0.4012435047250045,-2.46219112310574,2.1997633936580705,3.057222265979098,-3.5744915241258663,-5.753388354699684,4.6316912578157154,-2.8731022852918375,-2.6654038483730886,-0.1342993496129146,-0.8194322275578784,-2.2959326481819153,3.3133011604472995,-2.881045675768706,0.4963058489186169,-1.940703224946271
23,0.08577855966344677,-3.869807443372449,-0.9544781086040305,6.50993680541332,4.989188749343157,-0.09075427815519474,0.39899219073522,-3.0076333031441727,-2.432284350113367,2.6710637584448436,8.081228691591788,1.2128953417445685,-1.7093644675281312,-1.083491163721585,-1.734980953953528,2.698124310324312,0.24930421413811707,4.851394208287285,-1.490310541472308,-1.7279432615092427,2.4008270630120547,1.009128881623811,4.199235360521604,8.921109315040892,-0.9289748072991834,-0.7176518039661942,3.551144008850393,0.6385434128385682,-4.624086401713662,-0.9205607947464007,7.296645324092266,-1.560738497481182,2.4606948907960584,-0.48707296206423334,2.2518491052522345,-0.9794592916326863,4.81701269434765,-2.0536135700013904,1.2606472564257507,-2.1393859327405864
24,0.7213925779944631,3.48867722859188,-0.6450557029842703,-0.23585655941413,2.580931704668772,-0.8773881037895744,-5.680133053841792,-3.4167381750829184,2.731682924486305,0.053351770224007763,7.603264515273391,4.731491368048348,-0.24491187452373128,1.6494400199200656,1.02478571494567,3.4560607021580863,2.5489471919507114,1.8380920505472298,0.39971140042174286,-1.1015785208413589,-2.9229474055413087,4.553674765229877,1.8049696970604152,6.447198334389029,-2.868942598861299,0.17654007722727985,3.640584269915622,-1.1451274691846784,-5.080291380209529,3.091376444561658,7.555673930455338,-1.3188715795243995,8.177143577016702,-0.06379849872050378,5.239785934280353,0.969665079329695,5.58029660500586,1.793371115607777,0.48092482177052165,-3.584523961122273
25,-0.8286803953551869,8.74786108450926,0.6399804406087803,-5.133080380696517,-0.3586769194475242,0.30691229355697697,-8.354075340401215,-2.2888661830962946,7.035745271171133,-1.674119157677702,8.365238128515779,10.333379472375299,0.9868316186798943,4.5018034614559665,4.656679644135972,4.747638021600979,4.970883509205593,-1.4916380803703806,3.9281540927264444,-0.07387458824446981,-7.418007909109766,5.189530558916727,-4.6922661401216095,2.6253372260031447,-4.274084114126469,1.158831955841839,3.6341684363279607,-1.1587423634762204,-3.6661816670454135,5.4073997674266,5.59155958473744,-2.7826654081759243,10.48141408548886,0.03606612622164763,8.15774591767807,2.643896721942084,6.385110011771321,5.966137305986836,-1.5168841339112606,-6.8500920271838615
26,-4.010809806036463,8.26325064137274,2.273999642036604,-4.638203370166369,-1.6507397918474107,1.968998363307627,-7.673516910078366,-1.4126976372998354,8.352435236715431,-0.765989781540019,8.042145253853901,13.294754217220081,-2.870112277401818,5.962215100792614,5.742098516492496,6.372825346512501,5.522323774276199,-5.641925843585982,5.7189760225527175,0.27325944879005865,-9.323529787427635,4.072535877846421,-12.82470353279874,-0.7636079817219118,-3.905530011967609,3.23573798979961,4.7240559039766,-0.18422890142355552,-0.4465875298552708,6.011584843542476,2.7702793255756215,-4.218923535036004,7.153810571268702,-0.895121840446686,10.737555775276334,3.468182452789375,7.301084626466036,7.215412665272695,-3.6253435730324512,-10.145264457453761
27,-8.012700802987922,3.1985578486049664,2.8300033718389406,0.8890629342542244,-1.0546863291944777,1.679014123925889,-5.670282250437052,-2.4464706226111197,5.951982242868296,2.2006280205161626,3.476367782591965,9.406289760083247,-11.671779879099793,5.322690971579553,2.182391434577998,6.972252905452051,3.7158412141623076,-9.8456115985853,3.159745574753902,-0.344736701924085,-8.703768019403878,4.04971654943405,-17.676702499620315,-2.4601720511476484,-1.8960062288801725,6.325719696481198,6.983843613027429,-0.10969413749811203,2.711159253157831,5.366864685803312,0.7437541979280385,-2.8405404627184803,0.1258392261982966,-2.9130117552390753,11.406428223230256,3.016679436479296,7.254207036942244,4.3965515433828495,-4.20403933750668,-10.430987447353179
28,-11.983449369264404,-2.2353974903116423,1.299426077791814,7.37515535400464,-0.26346114845502944,-1.924166204974156,-4.661846263514859,-5.640541127839112,0.9936212427537179,4.733419020172101,-5.295875542338878,-0.3454584056733122,-19.90389286870206,3.25024712060553,-4.829574309811821,5.33485818198523,1.0077979893802287,-12.079270317865058,-2.9715355245897612,-1.231065657757914,-7.060215253247327,6.916027694332357,-16.049558580636795,-2.4739129588963973,0.08629407459183742,8.96087563217181,9.11154782333257,-1.7518361716338708,3.5892668570310002,3.991571480851882,0.27025954308534766,2.418884538977906,-5.649805606863297,-5.232378740723316,8.217668121411103,1.1774392435806138,5.022240015044808,-0.6008187855568882,-2.088149827606142,-6.248272040608334
29,-14.631097789651532,-4.554700532281886,-1.796563123017682,10.170481734550917,-0.8026919024331229,-7.480308161368845,-5.293486714974713,-9.353120649157724,-3.9820741920303258,4.579899073449649,-13.713047571953327,-9.526592807850271,-21.206343002782926,1.1990559391136206,-11.151988362969067,1.8251607014313755,-0.5105087909397188,-10.706785920022549,-8.73565109875904,-1.4677567105625093,-5.648335237455665,11.294287921019095,-9.425204074748391,-1.7319219507342947,0.3463857989562185,9.285863173514976,9.286426217072398,-3.7793813502655347,1.6416276312086373,2.279571358517406,0.6828193225520701,9.369840397486005,-6.201698199290187,-6.418172370714064,1.0793023503526231,-1.4090574349915344,0.800284440368414,-4.449362202536785,2.217611800537689,0.5027774238294502
30,-14.161136428846628,-3.355308569815694,-4.701285146061708,7.659744553125571,-2.175104832720189,-11.404429492817536,-5.990407132696527,-10.967512386007261,-6.470428861424489,1.7813366567206919,-16.05857643883222,-11.450351851546113,-13.96323449589588,0.12447118107229471,-12.604650987470283,-1.8193383320083831,0.12898747131719693,-6.105114251218194,-10.09783014639985,-0.8260956562517845,-4.262925439781841,13.481262519431596,-2.590706056739339,-1.1061126980106388,-1.1183706474931616,6.642254774624876,6.511417405234158,-4.079720276527564,-1.4192161110193746,0.5398033453042016,0.4857340065285194,13.922418787616534,-1.9169683791305714,-5.286244361804655,-7.10099056391854,-3.3846946201579913,-3.2967184546403585,-5.036461078829464,6.372615698145142,5.791105057118319
31,-9.306141412905438,-0.7253003032231817,-5.925810688918226,2.355259184080821,-2.3644084078925,-10.529651583644334,-4.455942692318514,-8.756256585786879,-5.55011422121999,-1.2706547272646158,-10.618303707588918,-5.230734014416479,-2.986795325011567,-0.2682232181667476,-8.277292224808813,-4.197062887584364,2.1496995652278703,-0.5521978869484702,-6.114956021762741,0.06498262783531676,-1.783176892740345,10.734730644743488,0.8023608074099656,-0.7953126781282172,-2.5353617444634438,2.3491048235832657,1.4338756143315439,-2.196100333814806,-3.085084732964822,-0.9406117320421242,-1.369629555866738,13.225389909107184,2.8721414055643963,-2.084409238484043,-11.95433899024771,-3.5904699182936124,-4.582189654782415,-2.805924018552363,7.66096560723746,6.761006690180528
32,-0.7961934669389984,1.0458416084245759,-5.428403738587885,-1.452917045311859,-0.23184355099995932,-4.740860339383142,0.0017125537869200778,-3.31073065671071,-2.4567318250026022,-1.91823333614413,-1.519749664598041,3.207873352422975,4.356337034879942,-0.9802689183679586,-1.2913169368991553,-5.53717349821379,3.9441121711017013,3.5770585001428463,0.595229468369847,0.4199687100985308,2.1286908666062674,3.896818469264938,1.3139863684773445,-0.5290025035578725,-2.153798942895312,-1.1452960431357435,-3.974367781970764,-0.12129688354510834,-2.176177724032706,-1.933486233385849,-4.573052516160917,7.7704181412531845,3.8245872144094286,1.191076329551064,-10.87041960968082,-2.1901545038619745,-2.014828663095832,0.2259947649592184,5.14285211353255,4.081952670251417
33,8.342126013803806,1.1897810626851053,-4.282969426185813,-1.4552234469124905,2.830734192260674,2.8057048615772984,5.4706554532940705,2.6872688421205613,0.3709674553080861,0.3884798420347585,4.792464683739045,6.420056426927591,4.271990606447475,-2.4343565088080092,3.8663114246352133,-7.060104785643143,4.507554218091152,5.538756414591353,6.346518005513903,0.1366106197622019,6.0810535529992364,-3.2492358590701578,2.4273312856030906,-0.16579286213469716,-0.16436830319856344,-2.129708344232739,-7.6455775101674845,-0.347240419194685,0.34656662749375944,-2.3589152085543583,-7.646301161405469,0.6763577670182871,0.46959027860845837,2.0720694339117753,-5.0864198207855225,-0.7684978307996477,2.687755132429302,2.5391870279764306,0.6141800041487222,1.1454153028235101
34,14.464620067253371,0.4812637302948504,-3.308412143929202,0.7946895589622167,3.9732236578350975,8.164616746173516,8.847250332847349,6.30004236369963,1.1395024305268648,3.5934447279002315,5.162603000129657,2.143800743397361,-0.48870596531088706,-3.8041145834266334,5.109906769904043,-9.090669378138788,4.0624517402969875,6.246638287629547,9.336101566777012,-0.0772388915521736,7.920486111921826,-7.289317270148947,6.3917649371759255,0.05340976933989905,1.293330801160712,-0.9137956148237608,-8.665563218318429,-3.052528685531137,2.4949602226816334,-2.3057754910365453,-9.027804851778283,-4.941011530873568,-3.5213023571907973,-0.2727721845014737,1.3099527736628649,-0.982736900217299,6.171786303333938,4.121088004945795,-2.6967925876935026,0.9120399425274621
35,15.807618888371573,0.14404133600848062,-2.247948702571265,1.508188522205903,1.7735925245852697,9.573293341525101,8.480546810553033,6.378480608327719,-0.018984592327522854,4.851020017608857,2.012312496100705,-4.913735459998873,-3.4416121575843404,-3.723804242405537,4.1218075067134805,-10.132391772123688,3.4749189226914985,6.785355017816655,10.344491914217242,0.5710538023909957,6.721786123386431,-7.918472441179412,11.553156380498372,-0.18586942553520203,0.21617639652992549,0.5978505115074982,-7.683224896254715,-5.47831778985828,3.0596267641151798,-1.9417178345388209,-8.119447104879155,-7.972563495063156,-3.8395199125022197,-3.9853819535615354,4.650987763062623,-2.8652346339396066,5.967562535814941,5.5966066879673475,-2.7449606462820633,3.4054524264902923
36,13.586304911391228,0.8645617812871933,-0.40546500402910823,-1.6934299294765178,-2.0552995034626553,8.29731916295163,5.576661215010864,4.210137450572913,-1.4048571540042758,2.959701423524277,0.24677871830919118,-7.771413013003647,-0.38852827161015874,-1.7200598976373471,4.076956905397102,-8.159608994199576,3.2188240200137863,7.114373938733591,10.885588212647868,2.0832800294666254,3.7338153613709855,-7.52835895378501,13.856148387717758,-0.8699081242414175,-3.067306022993044,0.6105591740123,-6.271210000193192,-4.478063338687227,2.3845455380951575,-1.3931972377313269,-5.51121711657067,-9.102571002018733,0.4915318115919578,-5.786331173462363,4.375879039526752,-4.492525542740311,2.2935322681069374,6.740807824436275,-0.321976719579018,6.090530478509894
37,10.622609225097555,2.5338171911330853,2.0707539877006678,-7.410965794711732,-4.097115406589139,6.8273094599764494,2.957949189914029,2.3078061955137206,-1.4104378017511898,-0.7691393806045078,2.0964082820764767,-3.6724254388086663,6.811207123597463,1.086689654737711,6.084914980916739,-2.922567987700081,2.9320396864479714,6.2967679253654465,11.015298855391704,3.505295871651357,1.2258142197568869,-8.299166781539993,10.874465475435551,-1.6853854202591212,-5.820314143833361,-1.1552978516305137,-5.776499135545427,0.10326260103526728,1.6010172644700216,-0.7062096628705057,-2.408794709165727,-9.168107330664128,6.288002521347473,-3.742262599803955,2.877064108111899,-3.599835441964013,-2.3382265269756317,6.253831463641133,1.7523402800867414,6.505723054863904
38,8.786035863219073,4.5189893501905765,3.8717631530853804,-11.501548996223853,-2.5578394262563613,6.388375490752829,2.30786835927683,2.3850541291273233,0.03354811746375783,-3.811913623255932,5.125599450791482,3.800504543629873,12.050385032097498,2.78191494932587,8.006231015823039,3.2072383454225584,1.902657727946292,3.82593523869398,9.116066850532736,3.6673820406995405,0.3633520748337795,-9.891631083214063,4.261791780591011,-2.414077696283307,-5.166925707537877,-3.5455273034290653,-6.487139994747068,4.707909664159963,1.3527693480728622,0.08889408541606489,0.07492334857459895,-8.153132130540367,9.073290375804826,0.8925145501987293,2.8737035054485895,0.2088801690723215,-5.249194259886862,3.173328189272077,1.1544272994825135,4.454947782582359
39,7.696186790740058,6.055240709866796,3.7361136730080156,-10.577988674319707,0.8284315026941753,6.1471355342104825,2.579523103339459,4.153092762763023,1.5391237512452616,-4.495723859386046,5.201425625262634,8.614656150951934,10.564049209378384,2.243280542007572,6.86263728229762,6.935712040511256,-0.0847222239270315,0.45209395634260213,3.75640664699719,2.1761857213586877,0.2956729636909404,-10.007456073347402,-1.6975268910497703,-3.14398739414405,-0.6433911166693035,-5.219667634072702,-7.615339380740388,5.0742991706512495,1.3495042412989933,0.8960720581732393,1.2289442971718212,-5.825232636993346,6.841711388979139,4.5808538029400205,4.839748647531129,4.7838481634003776,-5.538889591172338,-1.6557710472194629,-2.0248276824255718,1.779983855958222
40,5.842323621406274,6.598510305492246,1.9550244832631158,-4.878394186725983,2.341898889768691,4.588776043502966,1.1898394044099458,5.802133108151951,1.7318424896100566,-2.9462340244142955,1.089732590234942,7.937500045901326,3.1349269478547352,0.019061608793767722,2.316789986984976,6.749391854308837,-2.374365105027599,-2.4150843993685713,-4.406135337077422,-0.22793871033744714,-0.5990433720229514,-7.009846782632194,-3.803835811675887,-3.9704863582037193,5.335747081982462,-5.688490984766238,-7.978532781813042,0.3281139328493086,1.014553493611655,1.5644804146830027,0.7420926828029727,-2.955723933848566,1.38846348147808,4.520544381095813,6.7673583414639165,7.100799448703016,-4.274438150078058,-5.846840790633498,-5.646624857381082,0.30602893366189726
41,2.7998420496100382,6.105384896604383,0.43819868999920536,1.925205831688184,-0.12866655967774845,1.3725363769744698,-3.1044106425460316,5.633776337774577,0.6375059505244569,-0.41099593706932097,-4.154832395227261,4.006283204415603,-4.777508850064542,-2.28454462570025,-2.4710932758076605,4.0156544933613265,-3.8575436600617,-3.971673223557543,-12.610055514096004,-2.2490126939548043,-2.633754982659415,-1.7728168795064483,-2.285686984888909,-4.539909181671333,9.484502568056708,-5.216588934050695,-6.8326703894174905,-5.796359563839502,0.31657827266581573,2.0048214736548333,-1.1909365310402942,-1.3300820092900076,-3.597267933095954,1.1180958402199814,6.271386117689383,5.84703967090563,-3.0574320262297987,-7.425877739471951,-7.629048415895567,0.250084448888985
42,0.11968140159122545,5.068203053076048,1.0260907514753301,5.642720074349871,-4.9388418678371675,-2.2580078405302926,-8.483715276908018,3.4662872620300877,-0.3935176238661543,1.9377367634691562,-6.3084964266924,0.9310514789877213,-7.891601205975921,-3.431267358110966,-3.624621911022496,1.4960224698375724,-3.790490391039914,-4.462687840121459,-17.772726232176506,-3.012638743237122,-4.147057264500879,3.030347965549102,0.1294299894900583,-4.094796191802067,10.215954934687991,-4.041058816603111,-4.328435031182927,-7.999923261184266,-0.17833840207948845,2.297266620923491,-3.5963683180079973,-2.172109379014675,-5.555746890354056,-2.3249261484105284,2.935892611694106,2.5174868070014886,-2.503469892069697,-6.515633835646384,-7.6478906581724395,0.5721614159512938
43,-0.11095876014070813,4.131813979270507,3.628412941491671,4.59180764687749,-8.11349711105937,-4.703536679011744,-11.300503076102807,0.742629932185216,-0.1408710994329008,3.4450471666297156,-4.19596857305557,0.28629931222970845,-5.333751228782866,-3.4008814486599452,-0.21578201900384084,0.8675139767830599,-2.332916785973114,-4.358497451505556,-18.287447171881418,-2.5941774017494366,-3.0738590096062857,5.21617061481879,0.9961408531472041,-2.180633935978455,8.476372190211949,-2.0772735487623333,-1.4002122509698927,-4.078710133017316,-0.016091098876428404,2.6458947661224985,-4.791040513264246,-4.583970920439215,-4.491352158434251,-2.424071242602972,-1.2535785910526704,-0.027385716576661383,-2.0193627958605065,-4.952561681754744,-6.87315262583142,0.5197310295849167
44,2.430859600050518,3.490487572794058,6.097379516752625,0.3146130775029843,-6.981559880432629,-5.37289728283429,-9.228890028240075,-0.6429292602509525,1.1324100918653939,3.6208574430316305,-0.6198630458699963,0.11386169771097863,-0.5875647098101952,-2.9612643507787504,4.868017140239807,1.6717205181218393,-0.42107971440386643,-3.400615120178153,-14.368291151270194,-1.7183759638790004,0.7669069995368577,4.527531960897647,-0.05407411474792212,0.6297653298989861,6.331065490057594,0.4644577454976521,0.7519645638809613,3.066127912958241,0.5447441190481186,3.156270164975179,-3.252305116535218,-5.8882123344017705,-2.0547663682187367,1.5131260115080154,-3.6763758083200533,-0.16606081856148583,-0.8620866268500685,-4.2042353858892945,-6.263717861869918,0.45285851555217427
45,5.556541758812795,2.630437007668067,6.08537866319582,-4.182247212414558,-2.5402742762650763,-4.780823204817401,-3.400025452831204,0.1742373394887549,1.8374130367670978,1.9913982308478697,0.7762683468437187,-2.075559899474455,2.255128086551472,-2.6107656439715945,7.654070372012791,2.422128227638216,0.8713310105958953,-0.8680987053218929,-7.195443429431032,-1.0189672158562972,5.027589147325277,2.0579950309008272,-1.7692010696435307,2.8311676603239193,4.898365813405498,2.441697540372239,1.275469412672922,7.928425310127562,0.7332578247498768,3.6034622350681142,1.0905265848744998,-3.8947692213822966,0.25178782123790566,7.119153497848087,-3.354363879781827,1.1975408301183155,0.7488328276434913,-3.815456011514554,-5.3569325775648755,1.093149358177917
46,6.243742249863922,0.789917844290636,3.1631372614522997,-6.765997668413015,1.620980455052285,-3.5619282446348586,2.4734347810996558,2.3697783978090277,0.6396383122053175,-1.272128160965069,-0.7421880530331422,-5.997509662594221,2.0559109153570954,-2.0995547426612795,6.567058770604624,2.336191129001825,0.9850503710190673,3.0782150778048796,1.7997534686538774,-0.5838947495272786,6.634600498174742,-1.176913222922528,-2.818174179908661,3.0155900330406373,3.6171206075109934,2.270591043260459,0.09519242554720193,7.120203646534648,0.042497110494634595,3.4382968541920413,6.295345611808714,0.9884052219382231,1.8990819759886055,11.053048904268788,-1.7255684311450774,1.8155095110248243,1.6061730257980527,-2.09321786337657,-2.8319033741124913,2.2690191001397126
47,3.1930431174746468,-2.197603582271508,-0.7959780739515685,-7.126672357378098,2.658427656406448,-1.7603010735600382,5.140718775690158,4.057813332238609,-2.077287834943346,-4.69527251255426,-2.524351068673823,-8.705522269896948,0.7997505597494267,-0.9922400430172078,3.2263873617587495,1.764659241591086,0.0941659852371111,6.618260896033197,10.823135723014774,-0.13988473777630434,4.432617928754267,-4.678490566594782,-2.624307428281927,1.0065047427418485,1.3012762575557357,-0.5661810191031313,-2.016100112783031,2.0769750393547284,-1.2511541172862053,2.1293854114389226,9.427120009498779,5.948953918950713,2.8228197923603178,11.445476669065942,-1.3425025942097524,0.4514327663289649,0.5605415016785265,1.683345395943214,1.8216847452654767,2.7967026295761266
48,-2.11417783749589,-5.499995038521533,-3.268310574674717,-6.032377056777477,0.8454904102143788,0.7520434468594456,4.207617493103077,3.7170665199351243,-4.3515111087278155,-6.036159075182709,-1.6043164329159827,-7.865427846190822,0.8170503585426896,0.465706558589748,0.10444919385593315,1.1399926730540877,-1.1952774723643784,7.354263594324105,17.492610439431242,0.4363855795704366,0.20066085871722963,-7.648425472547292,-1.1259597379356714,-1.9225595927080221,-2.328341328869819,-4.524416345772063,-3.786471959637718,-2.5038022157116977,-2.3409349273999367,-0.3610106608786212,8.646683768792586,8.231718931887029,2.7067495012233236,8.653910829005046,-3.718970565035508,-1.9837434718438558,-2.399597569108009,5.967800787810622,7.350498819088282,1.7386989419658978
49,-6.727743711541681,-7.806575669792994,-3.152475569889033,-4.144259514258458,-1.1000188106582278,3.3554797992110252,1.829211569961105,1.346826137486121,-4.336354357530436,-4.052802351989164,2.0823825344876954,-4.4501248474900645,2.2887037224239775,1.2623961635525465,-2.125579912583189,0.04708810808272335,-2.3654928690866455,4.5113623642944285,19.542003379671403,0.8820024893340683,-2.905013199253329,-8.444058582534248,1.5024513619326216,-3.969132940919526,-6.199481163468016,-6.882133544310618,-4.100677455929708,-2.8235535817272837,-2.6118730089654485,-3.3576394925477158,4.68163874745369,7.5573900128120854,1.12398329292651,4.214899186134482,-8.138062354285042,-3.5693742626373255,-6.019380734339356,8.096417382844791,11.516055468938498,-0.41744047168054077
50,-8.567979508597926,-8.359681261133174,-1.3900150685581598,-1.6552940491873485,-0.7927947895867484,4.567174059515064,0.2988038612112625,-1.5314965797387055,-1.970898047422192,0.09117502827568645,5.653090201682909,-1.8435082259891895,3.5214694538602123,0.53191455760719,-4.652492197567247,-2.2273145074534684,-3.2849651425258144,0.0038140927123840743,16.291900770464526,0.8374014485425786,-3.029922589659691,-5.590999798881129,4.4818423660731534,-4.07601334490871,-8.789023855799122,-6.01862853717569,-2.6396452091588563,1.0572138428271816,-2.10780061664504,-5.759322386383444,0.3012064264948703,6.163111562339549,-1.6735954764886063,-0.45638708913555515,-12.268625320153987,-3.462031481862068,-8.649175463169813,6.773950997440294,12.795011786334932,-2.1164113723329807
51,-7.722998685561693,-7.552815853941198,0.20446593599038176,1.2121057243301319,1.728043209938776,3.1289927133082136,0.025463499128818512,-3.0637725677839427,0.9607487494303357,3.458002547251354,6.214274150743174,-2.3294538958087996,3.2885482395412744,-1.4542402275837958,-8.191797791055757,-5.259667216732515,-4.069840554987173,-3.025758444863261,9.447086625595384,0.31557710991077814,-1.0076408057734085,0.41071188858229635,6.130117566575622,-2.5180126362669784,-9.274697896681333,-2.9457761499899364,-0.0857252554019536,5.811231252451183,-1.3668801324309539,-6.677175916434465,-1.8710802247332148,6.446959321589573,-4.424183810708904,-4.3309040938933885,-13.908435195876088,-2.660264595576695,-9.313403472423088,3.273219675225316,11.311835285697157,-2.343129185628832
52,-5.890173323637894,-6.550058978552721,0.5719167286885923,3.7837627541846954,4.411422166086378,-0.7239306281522118,-0.2436844518602784,-2.5454656867573116,2.441059497096354,3.780225406314016,3.557858425769068,-4.763877393587992,2.3859306428167555,-3.308160712077232,-11.204777539092566,-7.083178992367573,-4.720936419135267,-3.016455604213065,2.0996249594210368,-0.20613893543936543,0.6642189369861651,6.631757871446039,4.736285003772922,-0.4498209948033358,-7.8208200838233,-0.40816487999501566,2.320474451830599,7.97555584747698,-0.8965588941318704,-5.945010466101726,-1.3240028790329113,8.556101375907335,-5.600685706573437,-6.324111260079707,-12.393711298512493,-2.6430300015583637,-8.147419618293643,0.05716288637840885,8.246016099214998,-1.6990489848611647
53,-4.875250126846236,-6.2985067048243115,-0.015482264581356155,5.244026912634189,5.368356002228601,-5.138734445517027,-1.4745931318446772,-0.9994376607643372,1.9699749857374829,1.4765386253571395,-0.040654359868279207,-5.882673945122209,2.6370301491097994,-3.6515873615957193,-10.983978293258765,-5.750061834074931,-4.990924749482464,-1.3750339258904658,-3.4058720012606702,-0.2288924877186181,0.1649889883182058,9.631201844868785,0.30917792368230435,1.0369075824696141,-5.011833421885967,-0.2348129271116123,3.626063242897483,6.585898891174593,-0.813612027896498,-4.10607004075168,0.30303691857117265,10.288216472643873,-4.605983123527605,-5.416934499015602,-8.69810111499676,-3.415230010492461,-6.03668902464211,-1.6727969890667334,4.588529189385331,-1.6764559871272038
54,-5.542179387214497,-6.8064760571839855,-0.6655192059789146,5.316635619762998,4.534715975501707,-7.844579779417129,-2.865159403143534,-0.31654745365908366,0.8087170150515343,-0.8524421933331674,-2.317548872262397,-3.765566450319106,4.54825060820138,-2.300399256115024,-6.604926338055037,-1.49667693607967,-4.706869273886576,-0.9162115497493196,-6.77983105787771,0.22768114710745124,-2.1275868261290065,8.18994550134324,-4.638170024974058,1.534420103222066,-1.3523112843793474,-1.532896348642363,3.7963766539755044,3.2446870757240864,-0.8820753150975632,-1.9326500577544634,1.003203124793108,9.34988438408228,-2.234489387073437,-1.7286372194783046,-4.411537511555712,-3.214346262386867,-3.9240296821296217,-2.8041562723474027,0.6553830231176511,-2.8814298313829982
55,-7.701389294269398,-7.211437643885764,-0.8435405934114386,4.466903087382133,3.372101345942134,-7.571776497202951,-2.4142135723646896,-1.616252656645003,0.5369441203906068,-1.0963678342249796,-2.9267945904580372,0.2496050106888559,6.37842285172255,-0.3661076759768499,-0.47012079415698554,2.881590320161601,-4.225941606111579,-2.839329120157094,-9.04265222861077,0.5817249248322752,-4.136876636573695,4.1628677882797165,-6.655532682435616,1.2910597100194576,2.5546209239646007,-1.6446681788106183,3.6102443033360814,0.17726413913945246,-0.776200317812764,0.059750498132868556,0.20698229519049982,5.678250417342761,0.05347751106033806,2.6849031088730464,-0.6106099091901465,-0.40759686018739427,-2.328401541262865,-4.626010686102041,-3.2996093748427278,-4.219443360746604
56,-10.443090010956942,-6.4352588831466075,-0.6111722434504648,3.3683408562022334,3.217772221281415,-4.547918183678711,1.0213162526001793,-4.216791509015171,1.3734484237937732,0.18847740663161616,-2.910490919279043,3.1179239758607777,5.842923370114079,0.8122210295216458,3.478076581499536,4.234504814587492,-4.399262758278912,-5.370872414089254,-10.645164210434416,0.25785642351532717,-3.957569799974732,0.5217549551289213,-4.291099874181644,0.8275057636531054,5.587352933068025,0.9766315991267623,3.8886816370660906,-1.558966594368386,-0.3047034176666617,1.6905639683474314,-1.0700351821397207,1.5205138739049975,1.308991234499116,4.792206561479431,2.487361590791242,4.310791083797812,-1.253418589849025,-6.632485059685862,-6.393153158293517,-4.063650327347959
57,-12.42624966469825,-3.87534869994436,-0.1578702355285039,2.2876203800909796,4.046593541900317,-0.02832401921418873,6.227954641140914,-6.159738068371239,1.937665446764893,0.41332010958355725,-2.7992559329818483,3.285094492017648,2.719390039490881,0.8599513308019251,3.238370933655883,1.9226005928143444,-5.803302247322851,-5.615226201855816,-10.618949817219361,-0.6624324562930569,-1.402993445138365,-1.4158495153265167,0.3720125080354443,0.6329348899621879,6.350357142681452,4.893920217981732,4.731821498965011,-2.243120825428037,0.4888158560453848,2.836574596221218,-1.624647066551299,-0.7463908692470927,1.6172842734782886,3.0500794218208354,5.016852156810502,7.864991636467831,-0.3309224510937929,-6.557545864419348,-7.430953615811715,-2.193395015287992
58,-12.263940217538117,0.20946815245005548,0.5718724727055079,1.141009843750642,4.702920508171831,4.328112766297685,10.183198453330283,-5.890559130041769,0.7353550796591056,-2.139015354862934,-1.8159532864582997,2.090530505565585,-0.5182919726327614,0.5617221916421644,0.40126414669890687,-1.4918425663389974,-7.830190941629993,-2.8094028617572966,-7.808520595812555,-1.386269962741542,1.9495393267308159,-2.6888784037973545,3.338045651606362,1.0596464323786507,4.245064778204419,6.869552453152866,5.474658191569744,-2.452474817623223,1.3201098971411773,3.2461979332816497,-1.3237661839855357,-0.8207781885521136,1.62871981668873,-0.8691957803586354,6.7955498667883045,7.305055750403553,0.9737427912652492,-2.955895175764844,-6.034891085631685,-0.3066503690141771
59,-9.284655871535588,4.6537935186405575,1.6559983202769013,0.11115367362419,4.097273771251951,6.759107746938999,10.21553653423021,-3.6213294248152263,-2.042078146888387,-6.15095879223611,0.900827763434598,2.0435888566184564,-0.9425254530721793,0.9612177002268869,-1.6760682482341118,-2.555038578017464,-8.658892860615646,0.46715115012165687,-2.855474377835765,-1.0841344041346581,4.032627275962939,-4.683785708496244,2.1756036525942535,2.249020481531599,0.3780030212120006,5.0696894428789365,5.420888269925776,-2.2491508779797558,1.7904814293288536,2.7716274273765595,-0.8454455267791906,-0.5118864718284728,1.7688200134596153,-3.171878248677016,7.25804606956876,2.653916749869074,3.111845238879323,2.4151037812118785,-3.2600379506153847,-0.37090587615966797
60,-4.280989164511812,7.707163984070019,2.7482580957898946,-0.08319782133285816,2.0947084029515586,5.783375801115826,5.952939614987195,-1.13016590498402,-4.205254487108461,-8.26064705877442,4.680505624287343,4.0371438642796065,1.8502918753910949,2.328419143535398,-1.1840796977061627,-0.07154212351472185,-6.519857689820149,0.6545376009182912,1.4559603055116488,0.2995327928285931,3.751347680658216,-6.792113214600886,-1.9326628051040804,3.9939566536814763,-2.8653913815750887,1.0730672799730945,4.63956012403124,-1.3627103598757162,1.6967282714984657,1.8018803596779336,-0.36051280390132556,-1.657124360996312,1.9822360252758033,-1.3545924157907183,6.116287175721678,-2.697117437379701,6.136550300195813,5.387840010539782,-0.8106269204993047,-2.4719013592217403
61,0.6646846304247283,7.823723179345229,3.104509458584146,1.1293589585675643,-0.5837063562302363,1.1487737565578238,-0.44406565476153326,-0.15852575820161852,-3.2358222143532385,-6.395733238751865,7.448212885770888,6.543614424413244,5.072808828398033,4.000527665295915,0.7850067889750884,3.950928809256527,-1.390714905992314,-3.0104267936899287,2.31684304675475,1.879081539963324,1.5942125882582303,-6.573627689646953,-5.532911195186177,5.686921358833798,-3.571835226918522,-1.4688779987178402,3.9847729568329693,0.15429885277534997,1.3575176116682235,1.3111055985347595,1.076312626842871,-4.112145722236322,2.1375663221007635,3.1460957609994624,4.094603311054864,-4.643071068312441,9.455185533517797,3.1474654198377983,0.4627490622529597,-4.507611431225001
62,3.5775934101769287,4.734454943209278,2.1815675764522524,3.113011477314509,-3.049884169584229,-5.2145397028810265,-5.758861842982249,-0.8760514996893789,1.4025576177629686,-2.0779701751204644,7.639227275948518,7.4833426138811365,5.190819316881674,5.145469549859283,2.039858558534806,6.408665428760165,4.452431971585931,-7.143458149499363,-0.3847713226140453,2.513197445301051,-0.8641746447232491,-2.5180331353130736,-6.223328396274302,6.530589541436824,-1.9376253760174702,-0.3227062727405817,4.2332777134914155,1.737310951898218,1.5670832915691402,2.2223225689901347,4.4092773215090935,-5.8806677773270914,2.461954463054152,5.88095727072169,2.8724434573886097,-1.7850500894657204,11.90659107289277,-2.6348337441535707,1.1721029522052324,-4.195621922328981
63,4.170249979757616,0.06368884976421084,0.15201600973776888,3.902548498287797,-4.741331673803783,-9.61129099402476,-7.663690706221526,-1.8345867620480485,7.353743995096357,0.8121477507557899,5.73606624015331,6.496319566113677,1.1598293041741405,5.562644217918451,1.990178075663718,6.051466664601138,7.843062596334206,-6.948890002323065,-3.5528953703224357,1.7548660168750692,-2.080038495900616,3.5583937679018294,-4.6040711199213105,5.933802801687105,-0.20116986951937801,3.133335583105189,5.169032523357823,2.7729863392074683,2.9763338650307896,4.52269217283613,8.814520340936243,-5.226971797901543,3.4031338786800243,3.446373309796819,3.975465880185845,3.4448909093652453,12.295064320210367,-6.766209810629658,2.3720652917777296,-1.3720397244681393
64,4.035577620855824,-3.3294291572303187,-2.2812036510473224,1.6267168086308699,-5.42851901236212,-8.918791030961517,-5.843669472679274,-1.4323802978161893,10.812821644668778,-0.2330604904238434,3.5848478443388427,5.0514019525511085,-4.66130929114642,5.674413757511994,2.122813130491774,4.296194430732028,7.151278832988752,-0.6949880139124348,-3.439721669415532,0.21770592586895854,-1.5136928319881073,7.402763648094398,-3.0385249490824804,3.806988017485205,-0.7269703121365685,5.249618125437948,5.616929264704874,3.0475155140101577,5.299585073173171,6.990522946744443,11.459915354971058,-2.5774050654330547,5.023897469307867,-3.005308019736101,7.347673009877419,6.919262083811419,10.164926685076207,-5.1634286585552935,4.001685523108315,1.8289415295513576
65,5.0601553499563785,-3.2202729611581535,-4.563472072175296,-3.5348571880505637,-5.06591815111183,-3.3395687461755164,-1.8461431385254237,0.5194878461409781,9.305932075258285,-3.804680994744757,2.204596157644003,4.408159950598356,-8.710731092978406,5.785524263675954,3.771459582986867,3.233656368879133,3.6627249344364627,8.278027378964698,0.9082667249713452,-0.9579244780440613,0.1199320981321835,6.095587364981717,-2.7868743729965053,0.5837447673692244,-3.840700302469103,3.7005315035952573,4.55034023806727,2.613157284305582,7.150529986352632,7.961977346179975,9.640616582444876,-0.23526299485693808,6.599630242072735,-8.34383074192402,10.86122251246903,6.228368994253023,6.310468939282,1.1367625730822284,4.615113300023112,3.1189686706975888
66,7.517366360805558,0.2145770718248523,-6.633680426002888,-8.75456577817408,-3.8374889379455928,3.0503587858543755,1.9739213949486392,2.6134457615318945,3.612074003846843,-5.843204968396298,0.6537147386285364,3.9341941328294023,-9.282172859322142,5.498220863047282,5.868933842534618,3.1246722662332336,0.5802799854427576,14.02281771857163,6.539474335135088,-1.042306261578786,1.4511330865423455,1.0850478367059988,-2.6918340788075796,-2.9221099441030383,-7.359584245830774,-0.21488148295146672,2.253289882796445,1.3614968509314447,6.923509670382514,6.591972611646612,3.551093434991915,-0.16722534985645957,6.921757165780839,-7.957627883969018,11.490114695245813,2.3682107979218876,2.5612916645035146,6.626482040888962,2.9141362947600484,2.2612315591490058
67,9.80452352657712,4.342008766775229,-8.486624627342719,-10.266035467844743,-2.293656425816672,5.105092054553884,3.737213234182572,3.183131253138525,-2.7398950866320066,-3.554166071931457,-2.578436572676298,1.8719971930290724,-7.501271946121145,4.013059313283176,5.510042148130187,2.1903503946751854,0.4159833980650017,12.77119202994638,8.965289693193387,-0.23345079311390513,1.507418026012936,-2.743323750468107,-0.7720814098606906,-5.646743172960999,-8.30385676438087,-2.8287531330686884,0.2880314405710419,-0.9406960316460226,4.139603116849601,3.5015897822532756,-3.154940649743908,-2.090367567334054,5.132478340990653,-2.140817073532022,7.547051612683048,-1.5487470960058272,0.8020694145746529,6.2867039489806045,-0.4660414590853761,1.0267238051668681
68,10.181267660819163,6.0548761157052855,-9.501115707654423,-6.253143124396985,-1.2196908380304063,0.8284418004300647,2.956473583772556,1.8526296203806902,-6.039834144968717,1.8669580342517598,-7.128597481698586,-2.1953137424382176,-5.551485392068409,1.0845800024532788,1.0411443189405096,-1.0033717857122255,3.055815656434049,5.796614677941434,5.922941038829421,0.6332329844902318,0.47205245207952357,-1.3878581890124968,3.157395519215279,-6.45365510218513,-5.33407802220532,-1.6391569200470364,0.08389419783478134,-3.983232598980712,0.03935173019829156,0.19414343307434495,-6.051357397393993,-3.798610294237733,1.4315652580571776,3.834459346647446,0.30092417829673007,-3.0952326751181056,1.73932319290936,0.2449032045165755,-3.0000105810953355,1.040408400549112
69,8.711967267871442,4.254330610970453,-8.52210035309028,1.4723458274052694,-1.1623018242063976,-6.64266557057665,0.6769843130553169,-0.15925219906387517,-5.0281848475181805,6.37297790181311,-10.199891056973861,-6.02465088881097,-4.276102855360066,-2.3603018477961824,-5.5730081368169,-5.172165108147446,6.188602941294948,-1.9850479078361358,-0.7969711835160473,0.8296104676675858,-0.4663040336253571,4.563685181706807,6.840195167152321,-4.586704844031978,0.17144662494722165,2.359830982140671,1.3910730389501054,-6.421217224076806,-3.2796796136009645,-2.230497742032869,-3.7294626078945545,-3.4128040897565475,-2.885156686441237,4.264485611508672,-6.509967717997897,-2.2651094365545683,4.23888009250164,-6.3110524117375695,-2.4640312881421433,1.953330088831615
70,7.270151997650911,0.672354150449439,-4.934367900149206,8.550058700488163,-2.0046458446553777,-11.292401881510946,-1.2684300463479847,-1.1860899222704666,-1.5689249946514057,6.897844181423019,-8.965430251189641,-6.339221017872406,-2.7233795836015986,-4.687579068330091,-9.863434689373769,-6.768823065071799,7.576904596044467,-6.0892429120439,-6.912542339281988,0.24739542603492737,-0.12517940802535335,10.388077329914832,7.723640951417363,-0.355128565852621,5.245903907833915,5.732288790354699,2.1889939993802754,-6.486765349266905,-4.540961070952617,-3.8469784334160573,0.8185181770442931,-1.2971812360312627,-6.085436193006379,-1.8840898281106582,-9.2042823601574,-0.8883322383250509,5.837685267850756,-7.85951731962034,0.7443534024933508,1.993638205902967
71,7.471767057068393,-1.72054594086141,0.25412710678627654,11.150270004140642,-3.030304511388143,-8.968712395208108,-1.499441120336562,-0.5479433429977718,1.0568368449984562,4.096087616547894,-3.690150503088873,-2.0490927672271178,0.05515901404950354,-4.809654644732143,-8.6694462663903,-3.2566315196662643,6.943959637657627,-5.480684979276382,-8.977286884476086,-0.6793541685898894,1.600105365517039,11.418341999933254,5.623191825399642,4.511856220464791,7.586274985616145,5.825573424024206,0.39115513098980387,-3.5314445789466355,-4.263939485824803,-5.447868259925178,2.7095987115147686,0.28725035194361553,-6.958991132394857,-10.009298511291071,-6.905154068609909,-0.7018868145346642,4.301955445576459,-3.3688718887809594,3.592951059103139,0.2745563807891823
72,8.714164691905562,-1.2774430528587224,4.613937874481584,8.588086126400874,-3.4615127536512555,-0.5485701225697994,0.008682079466820848,1.0507381103904456,0.7636075470271328,1.4091428194159097,1.8173616354269957,4.177592804565594,3.133559011529993,-3.1157211692802407,-2.9985674747551117,3.8638061650888216,5.744695481199485,-2.2691460145473252,-6.522361860359986,-1.4160194691443413,3.554989550334055,7.018032799092048,3.0144303124397993,7.496451035603485,6.986530395126657,2.947146982820202,-4.081200421724948,0.8946598153665412,-4.079004756684482,-7.384981334978181,-0.5636826279488477,-0.5458516520110593,-5.5561413258595875,-13.94517411599652,-2.2680113399880444,-2.0170899564879283,-0.7184798359125852,3.270274693681591,3.006535396416749,-1.795804750849629
73,8.556010881531563,1.1033369254092782,5.96262974092695,3.4283294282280483,-2.9924050200553167,9.109217531702205,2.061950419598551,2.3677266030729154,-1.9268004344314307,1.5914504239724956,3.303560726817638,7.786773771239247,4.034905215297584,-1.1961689464043122,2.865001591974079,9.456953473014538,5.281923060745492,0.8857134764735726,-1.5459165805336184,-1.6644533750092245,4.261359176291895,0.7443003461590314,2.569821253315122,6.852131219679671,4.91506544539803,-0.4265227015458697,-8.838405693966918,3.737879866474001,-5.003565915587464,-8.96359422760512,-6.968081460757689,-3.382244847377465,-3.2950038492303935,-11.321207965151048,0.5728334566021273,-3.947673879100808,-7.1644058921653775,7.283007469037155,-1.2656816613199169,-1.7568277495951332
74,5.24707488230181,3.071702862272457,4.158769220406755,-0.8156630747593366,-1.8612847519772393,15.20675508607481,3.310879395982779,2.7334000609443536,-4.674681679693065,4.233689486475847,-0.09072326684479044,6.076729830354452,1.1370974775265765,-0.5586917532633084,5.1063001588878265,8.664260020469154,5.283769008631889,2.830679515526555,3.5597858276586924,-1.3874434362520878,3.1736913762872474,-3.12593573045105,4.476908135098109,3.0290892149231077,2.915327612506716,-2.2493259122061904,-10.802379198235236,2.671370628492792,-6.364988933157597,-9.084173087603228,-11.795500043502523,-5.858839517594248,-2.261888733149326,-5.351820579300133,-0.7036120046433241,-5.523011858718736,-11.740502767562866,7.315643310760972,-6.2596554135018065,1.1874821438121865
75,-0.1824744728760482,3.008759246796978,1.3304254489249727,-2.33874413898358,-0.4694410647664751,16.275261927496743,3.279857752914193,2.3558708248051117,-5.44551908759962,6.576520405494132,-5.032772122946366,0.3629314889442595,-4.2743594673496705,-1.45003794929063,3.3724009227626217,1.0190850309819484,4.471019194635389,3.7898059366306582,7.469014250082413,-0.6965368515283791,1.1116834027671265,-3.1848225374611054,6.284571899510574,-1.3449644703516919,1.4212086400090669,-2.5306809082070822,-8.756753226547884,-1.9531226725884656,-6.481479135288119,-7.503665715866003,-11.743340395945163,-5.956297145913476,-3.9272070383386954,-1.6062500522328684,-4.7777207250021085,-6.398219126042511,-12.097567387055605,5.881311619532976,-8.324152490684092,4.92492374793316
76,-4.588117953564242,1.1952671647756075,0.16986749645615562,-1.9155372228759986,1.0342790197048868,14.031121360767331,2.418316949006003,1.728818941019414,-4.072657784428595,6.476070071627473,-7.110392233701767,-5.353880936261925,-8.55874880320496,-2.7904230602324716,0.3813723181803948,-8.921801182810821,2.42961368226743,3.94055507397743,9.770632594067433,0.16381155564593747,-0.5353810135774686,-1.354731027634255,5.359900138297641,-3.23134992810675,-0.05136552521664845,-2.560337506002781,-4.366218193874129,-7.209797250325454,-4.479387448360232,-5.358854427410597,-7.447669246718903,-3.962661910444444,-7.984239410734227,-2.9204500667177715,-7.899360006501437,-6.6593801594472355,-8.427853614464402,5.956529271842419,-6.217799211044047,6.201247065796446
77,-5.628596318624408,-0.9116950252530526,1.7281036742000182,-1.5488952916688643,2.803772211784408,10.678860492198854,1.2235811335771387,0.9767691148137331,-2.016875363842008,4.361152093420314,-4.832567707226469,-7.814998774187358,-8.596084990611093,-3.210379083791899,-1.0170497284219273,-15.063374881637829,0.6060177936413131,2.721717734874665,10.08052601230326,0.777335978737197,-1.0733267525318024,-0.3147519614884179,1.389476288744355,-1.4729397658885053,-1.8039906430793435,-2.9772221720874064,-0.7026017573347852,-9.772856081414488,-1.4300872783983227,-4.264528439283032,-2.376846864665589,-2.165744824125769,-12.205507178203899,-7.094463302881475,-7.118592826308162,-6.302288639162268,-3.196957062445581,7.57417878695546,-1.935860399899484,3.747606535665473
78,-3.990920464917006,-2.2286125251225064,4.668866086876794,-2.3505818252380077,4.948459260165691,6.78724666085799,-0.5080369857284102,-0.10768567764092582,-0.7600959666250717,2.3567149364224775,-0.637389909594305,-6.805065902626783,-4.3844218557083945,-2.211565028410405,-0.20281170627507777,-14.366600129847004,1.099573934307465,-0.326857237710878,7.842650859489054,0.6989670348612919,-1.0326366833236311,-0.843398001685782,-3.5123188811189987,2.2407299375112077,-3.2288898737414886,-2.9970169067691965,0.37064291536808014,-8.310501582296201,0.430826551892705,-4.753798984867685,0.48757013777070796,-2.5855773454667004,-13.693366229127184,-9.179814796178388,-2.722955689025845,-5.140345818591969,0.8049195702001453,7.937580364246021,1.3106395341495651,-0.4332680787390087
79,-2.5742068103940237,-2.7292356926719754,6.6266421810043665,-3.5761154366800416,7.10358821281365,1.7615895150606897,-3.347536195458761,-1.4767792848704484,-0.4388267282426121,1.8204102057939653,1.9050045967146398,-4.45936387035864,1.0259784373972152,-0.43829181667014555,1.4888131726271991,-8.67794541706586,4.3111423726429,-4.358177307236697,3.099415928706867,-0.17391712648659638,-1.4970456830286545,-1.653212084790621,-6.9173558251615095,4.613204154542409,-3.232392868811363,-1.5741402392441801,-0.4666422053805889,-4.085989415531135,-0.21773600099787552,-5.596936542477169,0.8828384271584266,-4.987938558676051,-10.83419768391725,-5.919925303695401,2.2478382521431737,-3.168940043438758,2.479065883606672,4.679892512659232,1.8421375549741899,-3.0083868614566778
80,-3.407706551831131,-2.77203352141137,6.379692924871787,-3.529958055454951,8.310364805161953,-4.113899842426936,-7.083555764370118,-2.494651057734953,0.04683123492000122,2.048811163405897,1.6836715833377587,-2.6985586937397144,4.13836347869149,1.0688322487650432,2.768745972496557,-2.5259677005213734,7.924018564173481,-7.281753600328818,-2.8278782376026745,-1.3328863500627046,-2.95312016478729,-1.409040363402304,-8.05532737651511,3.248171398597481,-1.3608553879159062,1.0096366485093886,-1.106054643363309,0.5458241875059695,-2.365980186185967,-4.778642322521734,0.5706761172734016,-7.111880292927009,-4.506133639762382,1.728068791795522,4.885918658406405,-0.7920183224843017,2.8045653483271598,-1.368330145875613,0.4088234575048311,-2.5347815243668896
81,-5.485204133462178,-2.155625966168484,4.829632570245042,-1.366905719271073,7.414533618128016,-8.750361370070635,-10.096386271709605,-2.3644209393762226,1.6982143161493162,1.4070870194215794,0.7733318741142592,-1.524226052009791,3.7284232098574717,1.8287535436546611,3.638097246744536,0.8281025901884257,8.555477289820683,-7.293233020780644,-7.791952346068651,-1.8897380260234584,-4.8145021281108775,-0.41323402917159197,-7.757435150686709,-1.5653976060252275,1.5277648364242755,3.0911373854981914,-0.35520662271354825,4.145564384883342,-3.36455474633365,-1.3179636232597325,0.9514340807583707,-6.827020459889394,2.5137582035625683,9.858606092846738,4.953963709510024,1.4542064032384328,3.3576083185523746,-6.8186933623191495,-1.241657487476177,-0.6761691704915281
82,-5.809632961499205,-0.183030913333285,3.9389403895422648,1.8937423784214145,3.8675145393326167,-9.731817153515294,-10.259592518015806,-0.930051309000961,4.256620421979783,-0.5717950778567139,1.752228775194713,0.282235693030802,1.3378076957331764,2.163792510391087,4.689937175145008,1.5451142447454302,4.759572201050245,-4.408043141637383,-10.165629676453353,-1.264141299809838,-6.026921691882364,-0.10794302808126277,-6.883890235317934,-7.137573936327764,3.7475854519166445,3.25189090745825,0.884303058994694,6.8109669737809195,-1.2391907286296393,3.7483848328269183,1.6992857952502147,-4.04116446049749,7.563339205685721,14.964666324788526,4.670331005881454,3.33302405583007,4.458552122153342,-8.947953360405005,-2.264674896608665,-0.23064469238634258
83,-2.625935925550051,3.286384861460146,4.691265542269423,4.051520632207394,-1.5317168874400002,-6.689909187019677,-6.808350141118489,1.0075945217810864,6.3470820397249925,-2.520924333830355,4.626229853758579,3.0869616755431104,-0.5629350435402658,2.5815020544002953,5.707562144584541,2.0148274202586554,-1.4441724104530453,-0.479453449226716,-9.802730065009316,0.25463787101439594,-6.041724878766527,-1.1275574308833645,-5.298906769130621,-10.357638910709493,4.013205688054624,1.7949406723202017,0.7796751436737418,9.065807658044736,3.395700489790432,8.14279916931997,1.663741063726835,-0.49760932540116104,9.884577201444563,16.17207271304841,5.999417338496332,4.90487651333479,4.7927489829435945,-8.00771644146278,-3.0462606081059938,-2.1045699830640827
84,2.4714801705029386,7.063609741780223,6.006422318643733,3.520230077321713,-6.588426475014005,-1.971823693227929,-1.4065924530932263,2.255882149995358,6.701527538487599,-2.693471444297546,6.672785861575336,5.311319665210711,-0.7551091271418112,3.0171360645845935,5.52163767237285,3.9112548680414116,-6.097866326621682,2.2901150625613003,-7.719762758574056,1.668219640601388,-5.1375758901695185,-2.2491656251838186,-2.5346511952555955,-9.733651016533901,2.332213279055922,0.36236333272021837,-1.1743779546278386,10.446945813115082,7.560463604864092,10.145855247444231,0.6635249550184927,2.210467060730941,10.682178663982063,14.80861223145173,8.198784052114334,6.0673296331507816,2.901459895670414,-6.296294402773581,-3.914264391412708,-4.407551146128721
85,5.737803492105115,9.165187298035136,5.607254237438855,0.7069026642550643,-8.718782410735177,1.248448541715137,2.8259146956643506,2.175521211217902,5.180551530359062,-0.8552515377407337,5.3367059509314245,4.5684808589446195,0.18404401187543515,2.776571876205806,3.4124319045306133,6.44673501329715,-6.614780005947738,2.9148821680025123,-4.958887015767206,2.1065303775357065,-3.8618546946052734,-1.5592662540886215,0.8775388616895528,-6.0506123320191305,-0.1498571479965712,0.07492450643253525,-3.223567433463855,9.459789184447606,8.160820819831075,9.739899855806886,-0.08609532127695635,4.256393596654812,11.487645783606416,12.464365992713002,8.223012653481922,6.283223857318184,-0.9636379266530275,-5.269055876581148,-4.059457616320551,-4.53626602326046
86,4.600051664296386,8.26183959887344,2.0415448604172535,-2.2074901641561433,-6.606473684488308,1.5974295470813238,3.668966809482272,1.130490049857083,2.612254568589999,1.4740167897841459,1.0646039456838654,-0.0024236224328206667,1.0950438401213398,1.278799839443653,0.345085083840353,7.290038920481112,-3.8987480682413,1.9607103945851554,-1.8972715190068115,1.5936426678384394,-2.350750628601888,1.3171371031340766,3.2674694339580395,-1.479990538242644,-2.0866913285694624,0.28521850685051864,-2.873853687242679,5.079669293411617,4.425462521519123,8.120929964530005,0.5456159991050554,7.081841737679813,12.418345584150623,9.725510772317648,3.8006034897957774,5.0218448886701035,-4.589055774379813,-4.028387574272023,-2.1702861961191777,-1.9516638146048924
87,-0.1677199640222804,4.651489905936986,-3.9243953073753066,-2.954566521082933,-1.3436547418435414,0.3218631177851175,1.4818704053307814,0.07833227669297134,-0.23457172580270302,2.6132078179999754,-2.9404911514785557,-6.437308436403368,1.628380036133307,-1.1586765052398313,-1.6185193915758627,4.958229868771643,-1.3998215650771182,0.6877751851247417,1.3490066672037095,0.9821018356651058,-0.3696236970809456,4.325229385482153,3.3021895601745728,1.9065947494082218,-2.7647929588626874,-0.5901532575982735,0.5299126800218242,-1.7084144629621305,-1.4305467457982037,6.233862306915605,1.9856465863417987,11.281568360312477,11.994498421989789,6.470486640930176,-3.774919930905391,2.565075126971517,-5.5840575514733795,-0.8662581366997112,1.821096123551636,1.3052049559590064
88,-5.391004158693842,-0.11314852893048404,-9.68901074568877,-0.9910113925544115,4.055006652006081,-0.33596070724967364,-1.2883398936533217,-0.2436007331711213,-3.317180008110073,2.304141598091823,-3.7971320363579606,-10.99613793659057,2.3359059151675967,-3.3548984789365046,-1.3199087078940825,0.2523988937222862,-2.0429310485884384,0.06502245412247391,4.0957944106291695,1.074542881095225,1.9875557169075555,4.548955448449701,1.4988624165382456,3.1438965378081902,-2.2143684384645894,-3.0155865750681317,4.7658067173753045,-8.009132248979041,-5.781946131780307,3.9129972166083116,2.2496202177991553,15.16033400750746,8.66887010934473,2.7936740819937906,-10.068838412067898,0.21498752785846592,-3.5597646742966025,3.9733685754039736,5.966869526564566,2.8280993864179877
89,-8.33970427007427,-4.42147818546058,-12.569508484533328,2.0410704396951656,6.711427648507414,0.597737897288155,-2.2455609948165827,0.208320082548717,-6.855151555364182,1.5539814813056558,-1.6557953110871413,-10.805783227535258,3.5712150301163397,-4.203447374845603,0.20722074944154803,-4.509528431526317,-5.803778066412433,0.45180486122652946,5.0376156923280755,1.7811454033920753,3.8533680059258395,0.8944764900789665,-0.02270422971608469,2.4950247132672674,-0.7580204104122362,-5.371996228285598,6.453064947749025,-10.905054407246286,-6.115869438205554,0.5111489326214202,0.08281063467017875,15.710118894127833,2.5823319311402426,-0.733328958435987,-11.08232424852597,-0.5876378335271563,-0.5440473967790603,7.612573291207182,7.705490650231841,2.3461698106767837
90,-8.543615084697757,-7.406305249552338,-11.478844005572661,3.617170169032537,6.004053948890595,2.1602753241974355,-0.8310147300223584,0.9447039847973417,-10.301168426797386,1.057984766194004,0.7180070923592048,-6.000182223521245,4.61635164582619,-3.669166308064706,0.6566191928193138,-7.478901918540454,-9.93975714307565,1.761041027147651,3.309959527653486,2.1779481258396944,4.108355166497587,-4.623198674519277,0.5269193281145657,0.9536479453069974,1.3732931390220888,-5.321089702113474,4.067399161027893,-9.551559828929395,-2.6109285358355137,-3.7059733184086303,-3.3062477015759333,11.335087709506785,-4.129930297241492,-3.5744504747339167,-6.7768827000710745,0.4545847573450634,0.8684704152494669,7.025634421470978,6.251134533999063,1.8328348274359054
91,-7.096108698315615,-8.802922245799278,-7.352582894956296,2.368082480591077,3.900780351389022,2.7602294240952343,1.7270851154888132,1.4107854323890037,-12.06661578294422,0.16829216485046497,0.945885391809815,0.31060167505043496,4.150203882985645,-2.8499020183131702,-1.2548502146427922,-8.458118528044423,-11.418969135485835,3.5046399994200215,-0.323839683823174,1.4551501939380445,2.489415274213971,-8.25827879009105,2.9383306484150444,-0.4268050454886614,3.9818786814024576,-2.2222188850285107,-0.5517902385237758,-5.639791829553147,2.2349550084807133,-7.001149575670022,-4.974521881785274,3.747671059521752,-8.746263545100428,-5.579165716870473,-1.1732781993830128,2.1061530898298537,-0.11574838809669018,2.2536724717623886,3.4948856314695846,3.1723191972320888
92,-4.786212708076201,-8.454627840114492,-2.294353231871396,-0.8147239047747392,3.0585103843893324,1.8277723515355908,3.89605231688761,1.287264488100783,-10.607388621787466,-2.26866692602874,-0.5736007747984437,4.21420590996359,1.6754820019558625,-2.9427132788491814,-4.446770526441261,-8.293874596084297,-9.304348016751337,4.674731945854494,-3.5013259597841255,-0.1746743621842302,0.12231013797922952,-7.447535927209232,5.317040184287833,-1.0766125643807174,6.629542972500387,1.9184603176980097,-3.6721998269104064,-1.8492202776270872,5.445189319909492,-7.2711024150054415,-2.973843272806199,-2.9571029048251067,-9.761285622392883,-6.600591847816339,1.209081185748052,2.6463555269156185,-1.916667699739337,-3.106646580229089,2.276565369440993,5.941061346601063
93,-1.4540326079665535,-6.299210260451144,1.6896987279897995,-3.533768112842853,4.3012281106341455,0.10337654027987171,5.074017138512277,0.5057407848778378,-5.968425453204425,-6.101563903871456,-1.3437310052769524,3.712290245620384,-1.567400755043383,-4.021193638107286,-6.4657557975926965,-7.402805711696829,-5.219297373687828,4.035789016619953,-3.783210335384468,-1.5536656347439461,-1.2331472782996193,-2.824150004294503,5.997792414796104,-1.1397828868532602,8.624459555960799,4.066095065310041,-2.833990623523121,0.30043072503205787,5.464742659665177,-3.9473176641244816,1.5922738732077366,-5.4270473474609675,-7.543266056465502,-6.011362879322125,-0.6887130574398103,1.4615478432178497,-2.3580124844657258,-4.92002225584454,3.5829290606573956,7.672833045171193
94,2.7911967745733475,-2.838643349555074,3.5047981366959893,-3.8724479959561275,5.822993534306685,-1.4324894806722532,5.4741280031209785,-0.8033111016662481,-0.1893473948603348,-9.265086568445806,0.3092462173194955,0.03971520554981048,-3.245522920511387,-4.806203607595651,-5.807023835437187,-5.150618133931187,-1.875220619387679,1.0937244253254486,-0.504670076481147,-1.6336671990563267,-0.6430477510523979,2.251865208713723,5.022529515803967,-1.250874876184801,9.388438789860198,2.8131628469235546,1.1130042880590707,1.326073009208594,2.890614476785547,1.122365271358042,5.35846028359961,-3.6145610949429483,-3.551895791617762,-3.1204927946584156,-3.7940624349591863,-0.34685573062726427,-0.9875526171131059,-2.2020780994803055,5.478786374333063,6.2842185777878905
95,6.281268344509386,0.6860524621240947,3.107697904361098,-1.9270461748712338,4.951659517628806,-2.5487622627233333,5.191499604523849,-2.281376268047238,4.064263382978323,-9.368832895118246,3.238512757347611,-3.3269967064501005,-1.7056399124640005,-3.768674297207916,-3.2778357179677355,-0.7662770123371865,-1.1167405516697237,-3.0002256845377415,4.613939735452234,-0.5098042577581922,1.206567449327487,4.156693615301705,3.7228607920116685,-1.9229662254848312,8.813240780642158,-0.5247475725088532,4.825509259488685,2.7471598127451022,-0.24449871088841843,4.833415602112942,5.697970388472573,-0.4606714470015056,0.8286570630372823,1.602391469041602,-4.07002091939618,-0.9706482632671084,0.42918644212186335,2.1224625655289353,4.969763605785904,2.0947793664031
96,6.4661084227432495,2.904181037630354,1.266019378746912,0.4085333654513726,0.8415736946321669,-3.595234448442588,3.8164456666572324,-3.3689227502288954,5.532155753216809,-6.046757396124902,4.543735646223896,-3.252897990324723,2.6232805428612562,-0.6620867297154021,-1.1731347627181739,5.243545722695036,-2.9093326258135366,-5.772908075559185,8.64701485058983,0.5933156455914999,2.663778092597979,1.5074198087378685,3.0557191208835355,-2.973227956455893,7.173892604383199,-3.360418303827156,5.253531653822566,5.234631823344603,-1.9540530797951392,5.195271389915889,3.034576891374982,0.9455794251753368,4.694141767476881,5.903149007461392,-0.39965301265766384,0.41917326995304655,-0.24342000246047973,4.100303620157114,1.0616407924290023,-2.559661572635697
97,2.3142650171912096,3.2005972214499296,-0.786571923517779,1.15105491314943,-4.534121768105598,-4.630202127620578,1.1189196380411288,-3.5646431986218867,5.183988311217123,-1.6035587055327136,2.590846656619635,0.7389242157124438,7.367918920427285,2.914579464172995,-1.2089549879031427,10.80429845215888,-5.628295469128496,-5.175935964217817,9.502910812494113,0.41431916942915964,2.5899407172386475,-4.050720990475257,2.619925968771391,-3.5372558063374155,4.676026765330645,-4.246463453095731,1.887165322168473,7.696863321202427,-1.4988262092842717,2.8923986086646623,0.21224553661405549,0.03863694040995577,7.227866132814093,6.9183250741065985,4.532894816764681,2.8996511167287826,-3.2169118936732413,2.3903673862703,-4.008538733667402,-5.501421172272588
98,-4.046663212282288,1.9484860266045647,-1.7997898443993128,-0.1432806758926465,-8.121762166420618,-5.099563537014498,-2.1105242592644,-2.7807246206808727,5.052744925476699,0.8997506881342344,-1.1785830206400345,6.127969436419355,9.738631661457044,4.564280175989356,-3.1922517754962305,13.599709101562393,-7.1184442431799,-1.4080284716297384,7.259557951185001,-1.186935546589516,1.254294272770898,-9.118218238039198,1.3728211849189764,-2.7866985021175537,1.1938269001088644,-3.8210440273725146,-3.28773377415227,8.126715182758577,0.39463996310878124,0.6315971811706699,-0.3908401568812772,-1.1766348718733028,7.464167789203906,3.518476640098155,7.03662742185631,4.606611654417855,-6.416003167890012,-0.8398233526511211,-6.6719567893601175,-6.295089616674429
99,-8.50115429454934,-0.09088546493831946,-1.0959253635655126,-2.2648470195440145,-8.57648861053444,-4.5048165719805136,-4.284486542664357,-1.4119333381346857,6.205988719246336,0.34634339083525145,-3.5483994616471817,9.329023524543864,8.235632369391345,2.996186168965053,-5.437221737097385,12.836156137495733,-5.861688682748066,2.9594893198017873,3.89329264203304,-3.0857803763572087,-0.13082670583122077,-10.809361957057051,-0.9144291087765904,-0.7569687478409141,-3.392225154038323,-3.55945565341682,-7.668822622920838,5.435292558796579,2.270317424790131,0.7847454213736971,0.9262566626964768,-0.5791534803321828,4.897854610714091,-2.3678794583448997,5.929989537290055,4.273866612315178,-7.44744958893396,-2.393764347580201,-5.293140049303955,-5.793117969596421
100,-8.161598044215824,-2.371521949920119,0.9646241315797474,-3.709147880312342,-7.340887841014635,-3.1622666013647325,-4.306085105373788,0.03839787380270461,7.816633157153052,-1.6061996804172969,-2.624295169911372,8.456789171580716,3.37480800041446,-0.7770897883770836,-6.222398807861708,9.779322276609903,-1.8273828430817678,4.927033412445094,1.7565161984432773,-3.872957762791631,-0.6306300145855809,-8.463736152944342,-3.2116328893523467,1.5396392475648792,-8.5369362084097,-3.933542520549782,-9.830389026575293,0.6576547209672922,2.9967791079153856,3.3423910883893266,1.8338543777623453,1.650973558668857,0.4321654317284222,-7.028352684484651,3.263514756389753,2.0678398189534035,-5.880913012549281,-1.1987485226771841,-1.666829637261723,-4.597787758531539
101,-3.63540741568642,-4.389452029152641,3.1034369331031115,-4.0661443843864475,-6.973019415595835,-1.9949367837885998,-2.5822205938287635,1.413947105954438,8.183340601312617,-2.3631398714959047,0.40832791816462916,4.760218900966779,-2.8099912223992525,-4.005098861163935,-4.9027473992527195,6.582640586868345,3.3354823265101885,3.466289507589121,1.972744510636717,-3.02386904876564,-0.27695661598738014,-3.794186826523817,-4.298168947406967,2.9140945710571464,-12.821096362251984,-4.04428734546875,-9.81874888104621,-3.5145874696487156,2.396317880608484,5.943225943394168,0.6947545971998499,3.104018075040717,-3.5731174108423605,-7.965290374088979,1.7401572894724235,-0.8510722327338798,-3.4831784711778164,0.9930922366336159,0.6962404881220764,-2.485831685821738
102,1.8275572654888101,-5.104538840754908,3.9690791136386356,-4.055152902694849,-8.48981636186086,-1.524715431009394,-0.5832869112630611,2.8970250333038075,6.594449249702314,-0.9886884978011107,2.585101647667153,1.5490444213798766,-7.88842482511644,-4.165465430532758,-2.031958910262013,4.564083544318902,7.063168600856603,0.20743682181241413,3.8008072300232607,-1.2097690490832955,0.3748633037695939,0.46575583480624344,-4.063307749963836,2.977066470194707,-14.644268252347645,-2.9911334008534913,-8.224443338400016,-4.530820884351624,1.1239974815943998,5.950489286153067,-1.5531074388091228,1.6667672463058345,-4.709850809904707,-5.887089781176585,1.7499199242741348,-3.3302418530413083,-2.182321166137699,1.7527634380563695,-0.14500930669036374,0.5576015321962666
103,5.378536136846197,-3.1355029753580386,3.1683699260936695,-4.28289005618829,-10.46081155538559,-1.3132962662714056,0.6575986965934733,4.468774216589216,4.102151628820196,1.084505213999528,2.117654556014314,1.4552639935680716,-10.043338734849735,-0.8293704748959154,1.1343859931749611,3.5196495996840174,7.439109010519562,-2.1931064400636373,5.26346608947225,0.422439699464468,1.1510482124700585,2.416124903773427,-3.5028754156486537,2.3169415950511407,-13.376450142578074,-1.2459770544930613,-5.362084656313884,-1.7506115563921423,0.05425192224773653,2.778713706718224,-2.380053502715324,-1.9940973208893253,-2.433831366859063,-3.752996684338611,1.2195070199818139,-4.750466723335641,-1.9457410246320068,0.4795676131814832,-2.812474851830126,3.2101535563144767
104,6.730774894019597,1.8571289791707757,1.5975880631078243,-4.181137958054359,-10.67673142751058,-0.6256274602854172,1.4791985167774246,5.45195057063952,2.4147706847704415,1.8702156579666966,-0.008321914268736408,4.274227971983684,-8.638859531393758,3.997374532819801,3.205379441985345,2.5054775982855837,4.604362588805648,-2.421052922405502,4.543605614434644,1.2216015359790056,2.486444935759251,2.071319307686636,-3.4314363431358483,1.7192395268486136,-9.951350975193476,-0.33057917128954684,-1.3999287360376376,3.0762710274930773,-0.2846172402133565,-1.5351392670023827,-0.5285085624407145,-4.5375649885922344,1.2424204661941327,-3.7647886953244987,-1.6411396553949529,-4.860012400065149,-0.8897446705680341,-1.3182295507169774,-3.98821195452484,3.405236351036886
105,7.421713364036644,7.863028160619493,0.6686166493075617,-2.420088455768732,-8.455230325105644,0.4540460059620641,2.901206736883788,4.81940312352235,2.0621462516590126,1.1490107966509087,-1.30871661867769,7.162289613360761,-4.374815734227498,7.289334215903403,3.217655800853433,1.037116901751337,0.7947316374015677,-1.3882427810480769,1.2434607521077703,1.3587852642276161,4.658961521996849,0.9698039819554319,-3.4706398270124623,1.3214255277627864,-6.2831751441485,-1.0812945902594886,2.9873722802984752,6.888964966439002,0.11570882586816864,-4.00717213622646,2.27218773677822,-2.766369824527604,3.1154304431641804,-5.253128735800811,-5.8055568858502,-3.5748975581383067,2.4130784528981892,-1.970363946595868,-1.5596052319097367,0.4374429515143584
106,8.274593505553261,11.113187194478755,1.024786385215735,1.5018978897768718,-5.029425546704304,0.9362509979212003,5.069426876869845,2.1813029463165066,1.7575378442822498,0.7529334976215071,-0.49736669576830334,6.979319160112398,0.9362346084029586,7.0899806018616705,1.2736878422573483,-0.6014773802592435,-1.3119520323733533,-0.9560549347393814,-3.297400723991509,1.3565169662121952,6.915678025505209,0.7197404509469997,-2.5886475512694465,0.7023944670120171,-3.9379458478406857,-2.469668618329951,6.469174494772601,7.174609102766607,0.8916595199235002,-3.1963182409104856,2.7195482421512445,3.312107261717176,1.240305413656375,-5.531071352557494,-8.051495043866312,-1.258128933092313,6.880994950272143,-1.4789522218364524,3.3909087773722244,-3.687316798207443
107,8.013384916731136,8.773687601089478,1.9192553662768241,6.180154084471556,-1.704511484574704,0.19898533473747806,6.6420888438779135,-1.4984610135154621,-0.3159345027192363,2.4435829811770104,1.2243321621149936,2.787326042986568,5.035416123381367,3.76981422073535,-1.1479425929569231,-2.078212285924224,-0.7191498668987181,-1.9539304230633368,-6.878262349267296,1.447990995630161,7.613907407937122,1.721082293995963,-0.6418238275543132,-0.16225700476000796,-3.1710732285129395,-2.412834882009697,7.810484552738811,3.4276940495545802,1.509279192312305,-0.3883946626615027,-0.6886271391033141,9.978481954962447,-3.54950583524642,-2.801587916767368,-6.263937220456516,0.9340598268806934,9.481327909138054,-1.2538970131070222,7.474125918850842,-5.516132076494178
108,4.635865991201875,1.5710460684471288,1.9194394577231801,9.079228983819485,1.8937948171404146,-0.8480117015691625,5.939107139275145,-4.359719525052299,-4.517250384285395,5.61709871878578,1.5534982854924189,-3.4952223140902077,6.2365878914241435,-0.34768611788309206,-1.8966157401179915,-3.6644012574210514,1.1789558695752052,-3.50746553543584,-7.980706464669426,1.4365356320073617,5.4755482724457405,3.128407953431933,0.9036169466865321,-0.2654864107613015,-3.0771030434652378,0.18552093617463508,6.866391751663817,-2.60162748525429,1.411286635768588,1.5273343198552756,-5.60671180351214,12.420841186428847,-8.314921780794608,1.8608873404849033,-1.9134136955837728,1.489986131723438,8.117943948209286,-2.246657749081309,7.824994097854982,-3.2057661614680324
109,-1.9243955179307255,-6.304595821793666,0.36427820395950355,8.647306980651159,7.143342102567355,-0.3909381977219537,2.684043983914959,-5.094039242766712,-9.024029140645224,7.374981897377029,-0.37814520577353145,-8.606061806728603,4.32057579121104,-2.6035627970421635,0.18384552083057232,-5.833308122344524,2.0621817545085164,-4.188717058563598,-6.893594924114683,1.086514596779322,0.8295127047632618,3.9776821309597428,0.09924759413620267,1.7234096700671764,-2.559980420689834,4.3364898277392525,4.839431280921573,-7.917501432602632,0.23287886359814602,0.5329778965304569,-7.340303406057772,8.343555699817944,-10.265911466465527,5.460414281258216,1.1288481719815846,-0.17738820614559309,4.035069901831448,-3.7568158891009187,4.343780474081985,1.567494004033506
110,-8.81390114553374,-10.338235269091568,-1.80535758421704,5.7506500890621775,13.808404009833577,2.1243238048879682,-1.5939719832099195,-4.0993261711856555,-11.141943842039577,5.135874664117478,-2.9795261270627775,-10.17377047988188,0.661282704660186,-1.6942410957370255,3.923961156518697,-8.180741348048912,1.0276762402954174,-3.5885648089692967,-5.49378977337767,0.5021320012417266,-4.396227555570703,4.278809050429319,-3.5287381894425156,5.843222834367667,-1.1654124899130118,8.000642035419268,3.5068469533891036,-9.916227219824018,-1.8556836751361756,-2.783304237232206,-2.8210684164496493,-0.3550390349836021,-8.692651192180248,5.958255374087737,0.46225301348798914,-2.7824324711305755,1.1579701522737742,-4.317117694479866,-0.4262570726341689,4.9084930207351585
111,-12.236863880405599,-9.175003973653121,-2.738451039722043,2.8971909667436893,18.57307467361291,4.624820299698292,-5.012728055800075,-3.1399490038143636,-9.479913524913764,-0.6812711008779488,-3.7248840856331364,-7.920612037181854,-2.6498862030881423,1.6418898136329811,6.359897290703556,-9.079693332564231,-0.46137699009952965,-2.592489382887252,-5.712819431941521,0.03973011319170293,-8.011583320396841,4.891029338903573,-8.244368901101428,9.999943973743811,0.85981012331812,10.103856203065126,4.035124944191586,-7.737883292169794,-3.948723226879182,-5.688950510842256,6.411451046093375,-9.043780136475528,-5.072647740172238,4.139531069232012,-2.2450311355460495,-3.848639943738069,2.6971449622139336,-3.594804974822363,-3.4088991296285,4.130853809470757
112,-10.588495341631083,-5.230584150066181,-1.3622915692983215,1.8577757115547473,17.098631470685913,3.8407675790021547,-7.065119098983149,-3.6583359450701827,-5.041780668688247,-6.591220738707631,-1.6356702227756459,-3.2757786259390533,-4.147634667378885,5.257069433032459,5.143713918662324,-6.882986266353277,-0.053916492796206215,-2.166074691848808,-7.834173370852386,-0.11343701270207301,-9.040922429655247,6.25573341370324,-11.44840183625165,11.130962927257066,3.040617385977193,11.273345670450277,6.248385252351044,-2.6107678996118087,-4.7505100971422936,-5.569728585232254,14.927587898956103,-13.60421382047344,-1.5030168757124358,2.6287980465075145,-2.787247381816915,-1.8437694050637738,8.089644661117346,-2.995522773585557,-3.2133056268350146,0.04555524859512061
113,-5.685064629057414,-1.9502533132932625,1.4816626319138522,1.978996977267357,8.295740716514134,-1.2993316260745396,-8.656625754797636,-5.247524609654347,-0.34910771168310134,-8.809110772295876,1.793422211730291,1.798060907859511,-3.8201500167449316,7.014605695130052,0.851838842336762,-1.7417263216417096,2.9470297733506006,-2.113451427198461,-10.064718671559078,-0.1670488083024615,-8.055014804662187,7.373657952483645,-11.796873277093605,7.671960940073549,4.990691176762707,12.458935234989369,8.732546446753517,2.960961195635063,-3.472127473975481,-2.1029626725619726,17.32313655747855,-12.903832037892679,1.0193079360643356,3.158209608008082,1.2690910726450264,2.110415129363537,13.185451588910073,-4.07074150974038,-0.8427892900618122,-4.042592247692073
114,-0.9158906516918229,-0.5602466743819567,3.5822620558018765,0.929372675373004,-3.3720033065903756,-7.637732022492266,-10.37131729269263,-5.787967204481358,2.495276018687282,-6.338790907436185,4.074740841432854,5.68837935676337,-2.7911451823043603,6.05204146768193,-3.1093560450631315,3.8841504487911416,6.522510047295837,-1.2664436487859236,-9.88212935310708,-0.4675360382390545,-6.225925006807365,6.368092478375132,-9.98289844731659,1.1143883380233268,6.298835029727535,13.063656910048234,9.571620590299185,6.638502293458864,-0.6359179789676802,2.4392359029869257,12.11552472117026,-8.893702771784604,3.0022289950181458,4.905309216262629,7.8290427472334585,4.831538222670955,13.611049125436693,-6.380973379273981,1.299546791808501,-5.486018405758847
115,1.8004751110373578,0.42227174311268084,3.1661205806826986,-2.7507149413228036,-10.471911008159319,-9.688468658843556,-11.019744282226954,-3.2738059754452338,3.089751336848759,-1.5738688395972515,4.01398656322133,7.408631565609282,-2.162441104850559,3.1344826557119756,-3.252494092515199,6.899939155778405,7.570623285674419,1.0635156991103865,-6.154532938287948,-1.0296717861609668,-4.1814187985498785,2.420037653194007,-7.516980470933781,-4.960174830267783,6.400679075404217,10.952786162742935,7.322331344880209,7.404412511673719,2.0347065116750334,4.949779765970256,2.5500967091272684,-4.732819102866494,5.378815751491475,5.492534378006194,11.967811039486866,3.798981396683625,8.325015105335043,-7.304298348582111,1.1189327752952383,-4.390332448421515
116,3.2724559869768934,2.6492542687195297,0.3438727930188179,-7.795961653097318,-8.40523272575367,-4.322578365713157,-8.425331917188283,2.236892193071828,2.463603824805764,2.011281201909401,2.497321770955173,6.660098430428091,-2.0354423919485676,-0.031426081081499926,0.9353699256903131,6.099062276452614,4.811521229446753,3.9896790010433545,-0.2701313196099954,-1.4007437718916953,-1.79449736370466,-2.7500061870446704,-4.958365201131201,-7.667918121854289,4.9227225035429,4.754846009383311,1.903024640631365,5.733183684764045,2.786257253125871,3.8126343173704744,-6.052222668632003,-2.635419100361026,8.090706012454353,3.4666839462991517,10.501168341097388,-0.3921959166228771,0.2983773442171514,-4.355481682038398,-1.8978557422645945,-2.7416941308503566
117,5.4330540662083555,5.372738630035702,-3.102711612421475,-10.996702243559636,0.6790653864542643,5.985856286073859,-1.959823394180345,8.29760539592297,1.831093481266483,2.803962160201318,1.1602910347874202,3.97012791885632,-1.5617032762754846,-1.9859576254101419,6.476346921849295,3.1175860472377286,0.19535660907462404,5.615092408268844,4.736527392706895,-1.0529103325199836,1.0413795751573025,-5.614439391142773,-1.54726889074979,-6.9417635069220465,2.3015780356761657,-3.81315142864601,-4.969829903835533,2.8117888180237243,1.196279575939146,-0.07245474708119877,-10.026069925589995,-2.8923552814817084,9.707576340111364,-0.31618125163591826,4.901472131491091,-4.294606752374342,-6.0291081124916674,2.1465131852818633,-6.427519290782968,-1.8435179579169734
118,8.71352880303137,5.868213738105735,-5.320475210430456,-10.00264924306136,9.59996060956092,14.680338908087563,5.875784484593114,11.711660178778208,1.642193168673354,1.9380071082203334,0.5492586306242085,0.6402601683542276,0.05800069123506546,-2.370013353263808,9.474476785017556,0.771192141002117,-2.6155575784025613,4.803724551566259,6.397951047735166,0.07202711693712116,3.6617418293880433,-3.5989377392407063,3.4440334470417846,-5.079408010286567,-0.11926205926819851,-10.328878901311471,-10.262262446383026,-0.4313462193868014,-1.4812143523183703,-4.240244447661871,-9.29146684558431,-4.320523688974588,8.495570038797474,-3.643501881008538,-0.3030510524174025,-4.5933607904134055,-8.051751570180059,8.831589941663303,-10.054359854402533,-1.0058552467030042
119,11.1858251417789,2.5532076642753516,-5.818928920726679,-5.491710431959767,12.09790416984331,16.39554682796871,10.927627129508043,10.778953540322325,1.6254482015095177,1.5790739046751112,-0.19436608254909515,-1.8629597917175178,2.5756119681177316,-1.8848419865039554,8.404772978977084,0.3261374156068823,-1.3541210109552184,2.3725728567589743,4.565887338089459,1.418696331148295,4.859075773807093,2.413230835022975,9.268979933308927,-4.285245664879284,-0.9727976528045378,-10.985486363783417,-11.169215458028155,-3.6439728626991785,-3.367819091671431,-6.605262084823434,-6.454412200726753,-5.4078429641499035,4.069676624877112,-5.003145129348223,-1.9324690286561224,-1.1350114050290514,-6.292993957021972,11.93941801683656,-10.629807043780904,1.1518550819080127
120,10.397589195806246,-2.5991479571984737,-5.453105066997114,-0.57178144798829,7.6709038118521375,11.317945686917803,10.942559503964079,6.356822811388985,1.452476790426151,2.565956897461649,-1.8779243552064395,-2.8346992651078478,4.6612390457755986,-1.4893438785362083,5.098791982579935,0.4230939964841864,2.9865590075215143,0.44106870181715807,1.3210966281479386,2.2285599237519134,3.9646994639473516,8.255086403600762,13.921930419494494,-4.669512136583835,-0.10867938889484656,-6.00380709699328,-7.014354703250838,-6.555087598779514,-3.4979673085235463,-6.7450020917933395,-4.365043388972105,-5.269206329059881,-1.7922001422828986,-4.568103358454,-0.8885411036311622,2.888976087995938,-3.126110277250409,10.46933488193828,-7.597906334679137,4.4432395709384425
121,6.077944378103067,-5.220600173979694,-5.180850528306171,2.059047711124787,1.0669106330190385,4.6781234046242925,7.792438297407396,1.0481812086174078,1.191515605726708,3.776840789012994,-3.808059090364074,-2.7751975190074116,4.922364608379495,-1.5628623745854113,2.684923755671705,-1.2391485250528964,7.150277853626144,0.5186082220054677,-0.7552507162699239,2.11420773206874,1.7008498134912202,9.547416191830493,15.924894157998933,-4.585064368437877,1.0779702155605744,0.17143633535046796,-0.08894763932637642,-8.376847682468718,-2.4385068283326707,-5.652836936460614,-4.2411428780471985,-3.9734156523372275,-6.014050475000834,-3.380161353172018,-0.6191775411654898,3.860588658925678,-0.6631934913201257,6.8455997107985835,-2.477940928646679,6.670672144479396
122,0.9811016400407881,-2.4386398886539498,-5.010134782422376,2.465061429601449,-2.6630533110527765,1.9236640471814048,5.9136329745150995,-2.6340433649217005,1.1526638624731391,3.655787618046213,-4.183981861091322,-2.8519189482093625,3.0920419094187244,-1.7597136054741773,2.641688578903015,-5.207828366806387,8.409434244896357,2.176422193018413,-0.427872698167859,1.2810606305132206,-0.1334795919300496,5.236371755283652,15.810743913285135,-2.7347697074797037,0.8173842494817156,2.371481541660131,5.5664626180531425,-8.00063721868912,-1.4630432977929524,-4.509311998471533,-5.463195474926105,-2.27642021796909,-6.321136004612351,-2.050050677534623,-3.193541437375488,1.023064426912793,0.2181977614760399,4.519183927169248,2.0104024709430215,5.73135176119095
123,-1.1315471682174982,4.316214577275879,-4.211381875794758,3.053676691765969,-2.576135821285702,4.073555415898964,8.141001392055108,-3.6706117452364864,1.429578420602613,2.109555746797005,-2.1350660655073446,-3.8499675869007395,0.31541527640591893,-1.6346237613643344,3.7691212277378323,-9.440778108282462,6.54651424522092,3.5577654657007636,1.6661845978141436,0.26475103046821874,0.016376234687350947,-1.4509649912747975,15.633893129856963,0.2909783631958793,-1.27723167660205,-1.0885611639292407,6.859586087015509,-5.087663775216268,-1.1768462602633625,-3.742918642495796,-6.591618995451607,-1.0267809608789242,-3.076994897281172,-0.6021114688706942,-7.218671830951976,-2.9791067988106184,-0.5699272022023797,4.867675145281572,3.790505362615021,2.06910292758492
124,1.2877780722277197,10.424524205071586,-2.4137548477064525,5.800692386180162,-1.6641183651628948,7.364027190752126,12.834166368775403,-2.7024270106613484,1.6737890318183908,0.7042293282543156,0.7747761740185389,-5.627877985681272,-1.7489891806134472,-1.3674287814269397,3.77755678937224,-11.300017848028151,3.4203732295350715,3.1712996105010482,3.961831764937355,-0.49066559787954867,2.242755313923982,-5.560173673593268,16.84846756609601,2.663173555520124,-3.568954101714649,-7.2066804512183635,3.800550351844975,-1.0516598058146471,-1.0184107656126928,-3.116293162998144,-6.46690415932743,-0.5786971983270369,0.6523272467135381,0.5718128287161772,-9.642831019973352,-4.764273425431123,-2.947015335871838,6.31089050377009,2.92023660360909,-1.318243100803498
125,5.9410673040997795,12.016831052546598,-0.2325376017592073,9.868211984175902,-2.8406703635340644,7.096723138883307,15.139526537133019,-1.2324242981291569,1.3064912737953285,0.9507959474872355,1.4849587320177644,-7.526644427933183,-2.2405571487766727,-1.7731287851426247,1.624007395630173,-10.299468871362132,0.9018975969526793,1.224287437410647,5.301699140993169,-0.8240760945014118,5.0757044984377435,-4.370777758864724,18.608929211925428,3.3520350776678693,-3.6813007992153106,-11.054543999715465,-0.7152255403415009,1.333950309509505,-0.12152226106555954,-2.4431104207414944,-4.708077602150026,-0.5511639174073935,1.155463752563761,0.24507143075327173,-9.213175888230179,-3.428631080048425,-6.464842443596572,6.259316501232628,1.432090106469863,-1.5974389621606695
126,8.130506042517485,8.888487179440503,1.3482955400151817,12.033112183671731,-5.557518656055133,1.8101788460956634,11.314508068472591,-0.6461966362423257,-0.0451518765887216,2.510002365162135,-1.6933263567320647,-9.095126634038433,-1.6797650242017375,-3.4580400364876196,-1.7206076991149806,-8.58823026679248,-0.6584114541228001,-0.6899574621940938,5.491649064013195,-0.7567499241954887,6.529014890121432,0.5545640924576203,18.206385494131975,3.243313454684958,-0.6640998838763488,-9.88008255294439,-3.3829954954926955,-0.09930210266074987,1.4448842815119602,-1.9789320258335326,-1.6994619199559708,-0.12448029533244562,-3.023443498186955,-2.530885990315045,-7.637549898536259,-1.1801895838975907,-9.752893231846393,3.753869248960895,1.5046195487763836,1.1365604076033446
127,4.274598613887082,3.8110442745442294,2.1327389029241846,9.643685165901507,-6.51058828830719,-5.9174855318222495,2.1117257950966484,-1.5776950505667449,-2.2071167615257083,3.2802388961292155,-6.965263197425181,-10.179239549235291,-1.338855701947102,-5.892438050183292,-4.504214384885182,-8.470278810231047,-2.113560207270004,-1.101112296183904,4.8669637408353355,-0.34675290082226096,5.409826412625696,4.868872767200275,13.33253756400786,4.038238925414276,3.9779871192417646,-4.92283814743594,-3.0990465356528394,-4.7873785986159225,2.486001332454134,-2.0361519500478904,1.597319109503888,1.2897566245949788,-9.515131611596136,-6.722851554648234,-7.182821909651472,-0.8776996065250465,-10.83029758438468,0.18742081558624446,3.4994606118125997,3.939643825268188
128,-5.13692131894746,-0.5359535618704192,2.9953077442399905,3.3493045980683886,-3.4432225873072944,-12.13870019380104,-7.829353811464328,-3.6907296064457698,-4.391774414710531,1.4281373208933705,-10.000948964209153,-10.317455623262948,-2.0004119063969013,-7.4143245245355205,-5.829929411521257,-9.52767954825023,-4.035067214047189,0.12639016729433417,3.6258412947131293,0.2963342101687623,1.9535055111708313,5.071705509313863,4.189258241339734,6.103145575892609,7.438554694778041,0.3118433680277148,-1.4478863169170597,-9.151434062121634,1.867042823191966,-2.331980940548304,3.955753960977655,3.5101924293094138,-13.36898325148876,-9.204055994175947,-7.552517623715462,-3.0415799625856534,-8.554101327061653,-2.3655640238260855,5.685743313671938,3.9595388064585757
129,-15.38212246102243,-3.5781399346127802,4.806568873318938,-3.0193753199221995,2.123769704784666,-14.638242215673262,-13.81301452950644,-5.819171760273858,-5.461030219008939,-2.5966110123498094,-7.471776170178105,-8.448249413509078,-3.233340882813489,-6.4088152287609725,-6.025480792627453,-8.610234424908901,-5.802147843598664,1.8956897831860915,1.7320713388454643,0.9144319655738541,-2.4695442060572432,1.1542062155098678,-6.318479257194619,7.6791022383006275,7.931754483792343,3.276791806228428,-0.7888296498842766,-8.916903972875472,-0.12507523059315012,-1.9364623676780506,4.4568857228275665,5.647103861001307,-10.565345810679327,-7.066628958385151,-5.8424399795423945,-5.362276440433093,-3.8977655125409365,-3.2620589640633813,5.992353548150835,1.279945056014068
130,-20.398465917256082,-5.990632582075742,7.118363160095858,-5.4313960016920015,6.112639281011763,-13.704861012715343,-14.497971138680604,-6.511515347265758,-4.507977622339413,-6.11728720783804,-0.13527991796139055,-3.7688820456960195,-3.8176666292879315,-2.7569499005739755,-5.747454523131667,-3.100369435469698,-6.189288275828074,2.9607001817660312,-0.6046638744434124,1.1465637285992043,-6.1497095586924715,-3.80112227782846,-14.349175840800761,6.491023205286633,6.048735714272449,4.0168404080392985,-1.895108399535615,-2.5250362092472987,-1.7651523964082096,-0.05501288537508622,3.1595953156140224,6.746278306401834,-1.3182897599210508,-0.49952969544280607,0.009990470441974628,-5.14135415158168,0.499958583205007,-3.644572338610317,4.1491117558118376,-1.2411292027028507
131,-16.864709094478602,-7.588697937070107,8.182988650725338,-2.892719871407518,5.723561374914079,-10.696954483946634,-12.0296552639121,-4.915485151497863,-1.5572868680049265,-6.457781260587587,7.394927574824246,2.846074456474789,-2.8927590948288087,1.7791399014862002,-5.180946806095183,5.733909352531646,-4.711208183947787,2.843968079607377,-2.581903801427275,0.7688020160901792,-7.787636802827946,-6.407585611952463,-17.387683328898515,2.208629671715002,3.951986757548232,4.088904730349594,-3.402871920652916,7.1588777625860445,-1.422693144545645,3.0749235062716807,1.2948002502445346,6.476538964641699,9.509467091239175,6.715223365534957,7.97587562366793,-2.1127751970716884,2.4660190998250617,-4.844595571187721,2.0714752127223814,-0.9790045739483764
132,-6.705955594778061,-6.890240000826972,6.547799650286691,1.8643087891431955,1.9030400599752153,-6.640050132230327,-9.398897059831713,-1.5316473238523387,2.1045864648850903,-3.3311368989311996,10.180736721035034,8.55919202943587,-0.7586563114214826,4.749545827558315,-4.2658113772358845,12.981868369619274,-2.245094500563957,1.8525005638371026,-3.179899708646808,-0.0916843334136089,-6.950944897683045,-5.591913463642859,-15.46062679247406,-2.8342121103696063,3.278830944903587,4.4016308487002656,-3.426414210372176,14.56156890327371,0.7999601937113446,6.142970268456424,0.5504442061266808,5.290043884645337,15.564777200399828,10.03543136197214,12.815969137037682,1.2659654955991677,2.1910566249489785,-6.691473042770821,1.9838980055694133,1.6868378727190327
133,3.8541087511910033,-3.0592015385627747,2.687165053665973,4.722256810390032,-1.9512777229150136,-2.326972105213114,-7.9397738719525845,1.8500754227944598,4.463917102250788,0.8367369398714262,6.8343699693127915,10.359233681004723,1.3948469688495,4.890065967206013,-3.3815392487273446,14.193685020356538,-0.29423708493237966,0.4700594450778888,-2.030202996080297,-1.0132500209375142,-4.227564950470038,-2.960354836402412,-10.801885718220252,-5.5691541586302025,3.770331415886942,4.379124317086337,-1.5369120141022776,15.47996579726648,3.014182752793242,7.775637426468379,1.799222735641909,3.998562270357017,13.590240768149119,7.969686445851739,10.832029353788307,2.3527150008508135,1.9523800215544178,-7.553976796852903,4.072124200416352,3.6811969047521202
134,8.329360529578109,2.152346606157264,-1.1162279815494156,3.4084594392504255,-3.480665133112953,0.9341854924018294,-7.107200154221491,3.2595501290267426,4.092689556897515,2.974610122345939,0.4809934186635825,7.701286489413482,2.5567294978433184,3.0701669980645985,-3.283797280759829,9.576454738612865,0.31970092817977236,-1.0843426527819415,0.08880304081866584,-1.5801429324927403,-1.0246568671302778,-1.0045106005434044,-6.4777246154152754,-4.951295541549942,3.790127169144781,3.100907830065464,0.9231451729689639,10.305483273370973,3.259509505478034,7.730617414573225,4.313384534898868,3.242082885560998,5.91331475447206,3.301637669881949,3.8918935500828016,1.0833103330646243,3.769830573890358,-6.007712748658155,6.081945016662449,2.32032444482337
135,4.480645513305297,5.14912408004914,-2.715620285904642,-1.0930684174482639,-3.3611734764916554,1.6808300252903152,-5.969345307300813,2.019484029917148,1.3308725935861556,1.947467880712828,-3.870915095445025,3.435165408016497,2.7559443720599153,1.4439877050148475,-4.109639563133796,4.062539442582836,0.029632107753838812,-2.7413490366518953,1.747967331996424,-1.642997691455806,1.079196691270418,-1.0191985180183334,-4.789662065543811,-2.7987757454733404,2.0128423532373025,0.8485688231112551,2.3467631317172315,3.66764283852454,1.381011488734429,7.1306312241126735,6.2753889472031394,3.3162536466278243,-1.275762025830375,0.4714568340344928,-1.630738789437285,0.10381760102297578,7.221226682066917,-2.321893634210373,5.446217634371603,-1.9333558131815398
136,-3.965951374896309,3.647792098169424,-1.9901992675084412,-5.8256574105757934,-3.9355988743759336,-0.09825305864089043,-4.299684169783462,-0.6077520073577288,-1.773596401666365,-0.6566987117195436,-3.1965274570273263,1.6765060344788807,2.909882558716668,1.5183240022145312,-4.678246146212315,2.8855555626933134,-0.13188928120083862,-4.232483753927366,2.0307496366313265,-1.314546006291231,1.2508086793310227,-2.496932330495154,-6.120483946666444,-1.8601784454246537,-1.4223726846669849,-0.8451472929373569,2.414520295485397,0.6796254994316474,-0.7771234241349303,7.4256967139241254,6.267038388193146,4.31256584812671,-2.686046100401578,1.5323336293356709,-0.46788784842399156,2.0735415767771856,9.604604620188475,1.746447748379689,1.9302503395595276,-5.795805511010364
137,-9.916341573741642,-0.953166272567243,-0.7342034068371933,-8.349493943040187,-6.246374974958599,-2.064037921460899,-2.223835174091605,-2.2628624196598612,-2.981669470815668,-2.140917751677574,1.5925774265514323,4.195277403788551,3.789922243356705,2.849701047296057,-3.2801311903554136,6.757361290924376,0.3066549502149388,-5.0422923871283905,1.3161520311977657,-0.77813775803817,-0.005058985560333135,-4.140661399339057,-8.728759989303885,-3.0554147990403977,-5.2075686602804225,-0.7760201370444041,1.9882201313332546,2.859485344815604,-1.100755135396254,8.963385985602237,4.433378455960307,6.13632660980026,1.979618038950848,4.48211318669984,6.603158351596912,6.810639545491764,8.367554721650668,4.515147056159389,-1.9222592094114848,-6.2116278034052135
138,-8.16331937174182,-4.666465103208107,-0.6278687296435237,-8.195917293085502,-8.770770199951672,-1.0758879069314413,0.5406634526000594,-1.2596019712173803,-1.6906732780607565,-1.1339696062626945,6.836326188609871,8.645325392580492,5.0546235870431975,3.5380325219531015,0.4920137136954663,11.290928104236805,0.7218443556064433,-4.766131081571981,0.8852735772199437,-0.17092871168609133,-1.1821141668606079,-5.185432483042989,-9.77272333950417,-4.664569550779014,-7.976016670465469,0.4671730522174558,1.6008826676367616,7.113848641681272,0.7867654082540688,10.469092197716236,2.218464647997017,8.203764764942985,7.899161281768515,5.446180233982607,13.327414989471436,11.150557369849246,3.480489893294871,5.608007604934246,-3.193767629357289,-3.1186567869974158
139,0.6114075118465121,-4.588176570975278,-1.421530834200342,-6.3718855013067905,-9.101807265054612,3.7177679396983287,4.34528679299905,2.1172777679790253,0.5634863551055628,1.3642744771249808,9.020628966933126,10.526932440114198,5.277214421497451,2.05740896647645,4.748669499153361,11.260804312563808,-0.05494760022918274,-3.483219621967082,1.6254768249044564,0.34792622912329496,-0.9788557938246549,-5.739594825361543,-7.225338391728999,-4.241492250686989,-8.977772532325043,0.8520591191298239,0.4523675762819686,8.560146132619355,3.1636243680468663,9.971554507639267,0.8943449465696477,9.22992145232949,9.114859469266248,2.470963359882052,13.620889579272347,11.725292825060231,-2.5090364523231985,5.700218360542794,-1.5847498171651033,0.6846296978319248
140,10.292009268545996,-1.4988355567032585,-1.302444467383824,-3.9108229833153576,-6.556112504785969,9.343256501984355,8.343194836778427,5.829209689732542,1.4971198878761025,3.1173304863202227,6.929889256972327,7.285690902280127,3.0506125471658176,-1.2550239148172173,6.478268599818113,5.58943168315308,-2.6429587615101218,-1.7504056118343068,3.019819944264925,0.5231348409019795,0.5409172317637595,-6.096379890473174,-1.5191910499620365,-1.2601716282357156,-7.904260086177505,-1.1302368511982974,-2.7147883609211516,4.693895455262514,3.815070086762808,6.434308183713475,0.3107089434773469,7.716761824796381,3.4064567592464576,-2.732119382251627,6.942942624869741,8.011141404802245,-6.699188013635576,5.333183245783336,0.07349543684501765,2.265274512292872
141,14.01785995733684,1.1736437945949787,0.901845697941405,-1.1108558640457116,-2.7877305199702582,11.098896776244196,10.121365787718556,7.5993536238409485,0.1608685532229997,2.73011320894075,1.7914674692841435,0.7753682528469723,-1.6824506684585854,-4.4073351752831025,4.071196790042289,-1.720210780124258,-6.410568811961419,-0.24129467488933798,3.4591419140094426,0.14613350805317618,1.91379533950739,-6.040984162588335,4.423217621104267,2.2055787349169234,-4.581897044652386,-4.809043707380156,-7.686587370612139,-2.643433534483004,2.0353985089325506,0.7181268385249195,-0.8591432968262306,3.1190448927598586,-5.898431823768911,-6.563891042561199,-1.62809688221795,2.752657989348684,-8.093222379684448,4.29735382041141,-1.4538139917814275,1.1338910871125452
142,9.423066396889913,0.8071933181918397,4.081631701282655,1.9524614026913276,0.17595410488900684,6.777650031991102,7.428237562415315,6.473999606296325,-2.2306271550053407,0.7151693691262957,-3.9841164514304155,-4.278357067867107,-7.1720880942212215,-5.44320907356293,-1.1498778426119323,-5.450875838875104,-9.695049981422885,0.6198157710933138,1.7360242181433942,-0.6568302676206473,1.5595363455028826,-5.02378021423914,7.08785983395904,3.4288375263207436,0.7027865842744512,-7.683523588098926,-12.05033412008929,-8.989992923493492,-0.858512982975489,-4.934707769067283,-3.555501848705544,-3.2448728038807926,-12.582496595232426,-6.842271490595662,-6.395203334294331,-0.5654951812133991,-7.77076972566545,2.2602252034877224,-6.353301053584766,-0.7005564707511088
143,0.2352673886385978,-2.159036308831098,5.683486496053867,4.549331408280593,2.144369581625575,-0.9853520116995316,0.7065122788354977,3.2573451450120614,-3.5181282500529454,-1.266896649075139,-8.110368155514594,-4.422221271914109,-10.7375312352622,-4.047718937307395,-5.9205202272237445,-3.903059739973292,-10.750234324116628,0.7696134180572755,-1.5981955102403758,-1.3480095254910207,-0.6783839711969383,-2.9689313556466783,4.897234903400528,1.6068658992252518,6.550055197195003,-7.519760084761639,-12.856190989719579,-10.933877427193373,-2.8693473853451437,-8.448265898810165,-6.993248867594506,-8.60744948350433,-12.38471127764768,-4.3864041131992755,-6.037414659257871,-0.7234721789189748,-7.075547940135002,-0.25996615544275536,-11.062676960495171,-0.9842589169479253
144,-6.935017040041507,-5.249261747969657,4.313883650875284,5.33356010466814,4.624755410921006,-6.7752830647183835,-6.3501206736511255,-0.3195917547089929,-2.655889228799395,-2.0419904322594022,-9.104073184153075,-0.3764470698509569,-10.431137304421927,-1.6249439623143926,-7.657791540631509,0.09303540057976152,-8.77942465777908,0.40767294518164293,-4.3748541675545844,-1.3437818595659488,-3.191402709511219,-0.6879557114604958,-0.6372128899379319,-1.491995531900794,10.564281926735452,-4.248146659512985,-9.27238329998189,-8.47017602447691,-3.09618270765916,-9.205376047860174,-8.962298409259024,-10.524936424588542,-6.045723726769455,-1.654000418403974,-3.84485041184824,0.556481047075774,-5.913677331339568,-1.9591030473910072,-11.292364978872891,0.5664202020835807
145,-7.786219881299664,-6.704946786773448,1.365456451347956,3.4945576278062966,8.414852027559565,-7.151662954783721,-9.431971910493031,-2.8389955048639863,-0.5470484257971365,-1.8070812911705572,-6.599481078130858,3.9102526043341093,-6.338680771462343,0.13531043558582864,-6.277389324349231,2.554050971009878,-4.427186485502746,-0.1393888286917945,-4.5435667051579145,-0.5707869683920416,-3.928192726154437,0.7451888717298257,-6.089398217932451,-3.3499067267485425,10.731554937990088,0.05890168598949662,-3.5148680431345487,-4.256308375040912,-2.2326330682311486,-8.08164383428599,-7.6201256695857715,-8.68416813156311,1.7617284449584343,-0.2094031286139328,-3.4397496238015473,0.7081104921443122,-2.9873864904046057,-2.0308711467974487,-6.077036304180937,2.1347103799333826
146,-3.1820664946242694,-6.761641941964626,-0.23171680446274662,-0.12286743475840642,11.684211151940483,-3.5806513615455984,-7.327588900395516,-3.8626941488842745,1.154824769161346,-1.570717718332431,-1.62225022783907,4.955127361736641,-0.5950768366766472,0.7808666525761018,-3.6576126954377357,2.3736128571271564,0.55484598543454,-0.5454201709721737,-2.0799052892300076,0.3572102308863793,-2.26809414550555,1.1241961035975214,-8.593673483275408,-3.0649524339004954,7.062638829511247,3.0019909241140135,1.1191387139946405,-0.9008835754643439,-1.477945224479402,-6.347639222942165,-3.1450006651484275,-5.127469574344223,6.399759656491399,0.3203888119986424,-4.71560078308813,-1.0092324215386594,2.3528536134958267,-1.3008357924177272,1.0437032350821536,1.644319749083261
147,2.3876254267282615,-6.297013401529011,0.9562699763167105,-3.251491303011202,11.002707865266572,-0.6773301682913223,-3.057116354412552,-3.7312266852054625,1.95073923490025,-1.9192539997776175,3.4897503465039548,2.598464871142838,3.9235408683893858,1.2659603432324287,-1.5612509234145118,1.8584557052951451,4.284708106255794,-0.6582244253820844,0.7101858946575126,0.6333211728938154,0.32314139617949555,1.5145260274584023,-7.540541821565975,-1.9333503782435988,1.8464715067101152,3.71817723701851,3.287347983500343,0.9773936090189651,-1.1567085811232165,-4.535277194412429,2.2920069325068764,-2.550254622946723,6.609935204960218,1.0631793734545891,-4.214416687224072,-2.8671238141294038,8.669086891869084,-1.7579483650196557,5.022593875000599,-1.2987582127329462
148,4.944194784784075,-4.9388731645078074,3.1662274905679264,-3.867759539129642,4.701669465927851,-1.4810457121631182,-0.9861358316309417,-2.949489148856724,2.9837980795178622,-2.407149409018816,6.059396888370867,-0.48300696147599786,5.365825955762907,2.673185320734676,-0.1963213710354923,3.483442187454947,5.775305222474284,-0.6494707360692408,0.9836495104174928,0.03508481905632412,1.6018869037243941,3.302295679340557,-4.284124105884737,-1.8625332363757543,-2.0195372851663516,3.1644437369963936,4.579336474232512,2.2868601089374647,-0.5248191615247078,-2.3235182223003887,6.1775323400843485,-2.092533591858017,4.56572854030533,2.195461618928955,0.6211266660901128,-2.5440115856272834,12.982126536257566,-4.649949259634961,3.780941346338563,-5.035293322590272
149,3.986352181340235,-1.3093563832190571,3.004739878217826,-1.9111091265311608,-4.704138735930125,-4.440217023262301,-2.504788395003485,-1.776336311252925,5.460614807149839,-2.0748015019317965,4.718708394814736,-1.7225565051246685,3.9564982989871944,4.811444518823378,1.3329880485015602,6.589499030532783,5.314086347163379,-0.9157116401697941,-2.1415969250997917,-0.782601264238204,0.7068582512581029,6.642118300001052,-0.543084251806832,-3.400101256210654,-3.252998048537656,2.785740629642336,7.269313806862187,3.514521451802227,1.1078112107004081,0.5145895200193041,7.355423686933542,-2.6014710606170306,3.0563296718256816,2.7507485427822056,7.9177937853925675,0.42247393122741156,12.838187205642463,-8.954495789529577,-0.056178210334959566,-7.106418140744518
150,2.006991959737437,4.6846282950469424,-1.1047746068013182,0.5447466390637251,-11.707576611212321,-5.082763626283456,-4.553926425728836,-0.24386561692963335,8.65353645054653,-0.43651211059014416,0.5249647323495497,-0.9617868763757002,1.6537098249351536,6.130983655743703,3.5130385343548998,7.720964216986182,3.919304863682815,-1.6512952914525723,-6.563492933656963,-0.8537523460180796,-0.8783186015615443,9.82869400123661,2.8047963223497936,-5.351608861468534,-2.9165149423734924,2.987671304571431,11.084388787669639,3.6364245230706627,3.2335853278636932,3.13868800785032,6.287782964135005,-2.0336448285236037,2.705787099303067,2.034131571363944,12.370343446803439,3.9809120054755893,7.997925958633423,-11.879937099913755,-1.8422928636472649,-5.8935672944760205
151,1.567878266029498,10.425363943284871,-7.039399445873131,0.9595791694636528,-11.911708295345306,-0.6744173067068128,-2.6649270831370977,1.6003139730273086,9.810022140439186,2.0529686205876674,-3.61433596010246,-0.022939522106835312,0.6888884558721825,5.110362170412004,5.645512744550666,4.32679580676489,2.3501350530858183,-2.4276961839946978,-8.681663444350818,0.15106950323913515,-0.6173608486194492,10.400064710516798,5.5948390246083495,-6.13826522437971,-2.998948836895196,2.838333542354374,12.544385098469403,1.1742111789114649,4.3071384047894545,3.806621516671251,3.940950235305739,0.3439916171187508,1.8102553718167693,0.816006952466873,9.916563703052676,5.2508755794593265,0.4117021293565631,-11.113822493174068,0.5391919823295908,-1.483361484063517
152,2.89321121816182,12.30541786004086,-10.672959745495339,-1.537652341219095,-5.502483806794598,6.784808603266405,4.314856371745022,3.518515810869833,6.48300508483653,4.3598891606859835,-5.017932551996733,-0.4353307443895524,2.022988267104935,1.8189648697404444,6.573207564047122,-2.138083368248447,0.6069003538443491,-2.310927308539207,-6.258889315545861,1.525778012407809,2.583809374735273,7.162767529531053,7.537799646841483,-5.265035311205197,-4.312806400029283,1.1502323375920152,8.057268223513855,-3.7041324347091122,3.1606799533676404,1.313327268423403,0.7234583368355577,3.0709732431729417,-1.3052547440684141,0.739684968542021,1.534157339441575,2.8994784218072893,-7.105263138972223,-6.76610983066061,4.618946889316096,4.46768852074941
153,3.9991437059182386,9.256825511248744,-9.603552466572335,-5.381941419295393,2.966037312433833,12.171919870416861,12.48125984547347,5.075508935846953,-0.7818483673405671,5.540021970151651,-3.1829087120830697,-1.9142497261908276,4.776886878079838,-1.8621943395685505,5.935876008604286,-7.167553379580212,-1.5470682728042888,-0.641577142065969,-0.2657600682852837,2.1348651536865177,6.987107644421387,1.3600563632525264,7.9339904567405535,-3.384464813808424,-5.824652557604407,-2.1538515625158285,-1.9410577948473713,-8.399253656411304,0.28081382764405943,-3.4933818290593277,-3.348210575859532,3.784108408983203,-5.95253881243128,2.4710943079911747,-7.474379349502936,-1.9115347199620945,-12.107834760397672,-1.2007399063657298,5.75201309991649,9.454688952658435
154,2.806270167534977,4.243674754412199,-5.287603896519357,-7.825215765203421,8.215503906919842,11.827338936084226,15.99122261356062,5.743936044664573,-8.139077697603387,5.101735212699394,0.04428870593586927,-3.0391048852270437,6.964643364675619,-3.650166411103832,4.501881775573391,-7.46286527987299,-3.5674580533523113,2.132765708612528,5.843992833709959,1.4907500645837064,9.16957795294537,-4.112865388447706,6.333986844880927,-1.1630705989963186,-6.005930340015574,-5.6225923640553015,-11.998421690032526,-9.581729174992226,-2.386359216539174,-7.68543246502951,-7.6222497642286555,1.4333417778699726,-9.215886422778292,4.660285074693652,-11.908715984158194,-6.631632798771773,-12.956390456780792,2.9946501237764895,1.6638765547142575,11.094730627946337
155,-0.9445623230205942,1.6342949688206523,-1.5170278493314981,-7.096398559155372,8.09453823822107,6.646887978010282,12.180646309615183,5.084565272522804,-11.160402738462416,3.0198294865416657,2.195068660039435,-3.0466911878880008,6.9185331331359015,-2.6724515901878476,3.299628903436375,-4.213643553619944,-3.8358695476551303,4.459683123533525,8.756590513332846,0.25151599799618896,6.844864979671793,-6.790265838058975,3.29385658231313,1.5145632782868579,-4.667461271348753,-7.125057248035407,-15.334990187885206,-6.051939137862714,-3.0227217282710215,-8.157472870436337,-10.383560927815674,-2.7134844394319733,-8.521212865254146,5.026036879343267,-10.591627059306745,-9.251319171786308,-8.985610088147222,4.8803099011038915,-5.232175220196237,8.223020160254853
156,-5.550031648771795,2.808877401814169,-0.8074203107840894,-3.6168077879227125,4.498043746820518,0.8544530011965213,3.866508935439164,2.997843456275884,-8.309936682094953,-0.2383394829114342,2.2377027258592306,-2.570170167078926,4.354844151464877,-0.07970080932451261,2.6455419374530194,-1.9760347320464071,-0.7746286698422589,4.765478458897821,7.5606252664539415,-0.38721667211166744,0.8958983677992476,-6.1954519565179185,0.22155014169474505,4.994238158770367,-3.264216445845944,-5.262368456147518,-9.280155745020673,-0.09816015603322556,-1.4781446328004784,-4.118210414300833,-9.870603972722677,-6.198319744102765,-4.155700910492103,2.611391320538062,-6.410615791749341,-9.363712184088572,-1.0816301656514407,5.175305494449861,-9.91724556366772,1.7609123822454122
157,-8.716540939163531,4.624889991075104,-2.27564457157271,0.653048402414872,1.029081984999634,-2.063946438399521,-3.2266014856077843,-0.056215787876818656,-2.0704826058539014,-3.582359600345038,1.1815965870304757,-2.5764091739556796,0.40313533500388815,2.035028259556212,2.156836552950949,-4.145565625467447,5.403484439896931,2.800607645249001,3.871367510351433,0.15572133216738088,-5.209018643816997,-3.612751269218873,-1.6141562850759494,8.66067474620598,-3.333674852710254,-0.31865124348010015,2.396836842727373,4.093760134454546,0.653275463496292,1.9945551444841743,-5.889070928096771,-7.449022796706877,0.7729579605976072,-1.0702879481877272,-3.0491487962639985,-7.788314142961587,7.792118561714887,4.7325880772994395,-9.176084113646862,-5.375057878462892
158,-9.043903214224862,2.6697069272703056,-2.97085061694464,3.963868750861058,-0.15564513348397754,-2.1900334369290517,-5.303000402602075,-3.099947058777958,3.253961742101681,-5.479097964942839,0.8528923453201377,-2.9360116247890273,-3.241266518610495,2.371090514585376,1.5582587938906962,-9.507466652846828,12.035501273655957,0.00444703980195568,0.06613311233935017,1.2791373090213645,-8.113924911527599,-0.5312721385205105,-1.856252500611493,10.720561881706251,-4.767603044839282,5.825300117282205,12.490545426278254,3.745918292479392,1.467723000779062,6.232798654366942,-0.2985825361299121,-6.743580081540605,3.0112599013128687,-3.237845826589574,-1.9226669886439942,-5.564023243188858,13.405136564746499,3.3733251262242083,-4.121607333520995,-9.759550430664891
159,-6.594467233579892,-3.827915132958062,-1.1104617618813095,5.96553235237415,0.41028919106438044,-2.244939172344685,-3.0371538231621926,-5.079121111422361,4.973096070574626,-4.77869889148514,2.1079736105289566,-2.488028443511276,-5.29426186112342,1.2491011170015947,1.1316580369903593,-13.3308746834707,15.451561359422547,-1.5788045711529894,-2.520204038259947,1.7896026840875137,-7.013468745310873,2.5816243112999566,-0.8472484044165527,9.575989170214244,-5.824536062384906,10.684822491945939,16.100636386249693,-0.34889024987234085,0.36137547286394905,6.262556236067635,4.327361350956042,-5.238076417936363,1.984530155147825,-2.3023080485872924,-2.0463558870855825,-3.3962657446454148,12.764740962460637,0.4346767308839893,1.3845400118560933,-9.649727825208142
160,-2.589795024989687,-10.56739600763029,2.1235969630671727,7.360628094552801,0.8001681353364672,-4.254542637616396,0.18322189035477923,-5.494561539132153,3.5850560906683167,-1.7392471398906693,4.094196384013803,-0.6634770253751056,-5.345462873357314,-0.0856259633862489,1.1758493636477036,-11.966177983407201,13.603230045780867,-0.9670378619740749,-3.8936824252460207,1.076859640428009,-3.7834139096611303,6.014928618342814,1.1272874315364443,5.549884979440048,-4.933020007747569,12.457279594607373,14.035083009969968,-4.681972610883872,-1.6146457990352356,3.224214294943004,6.649524146121395,-3.3005813279229663,0.09765857605247938,0.7306486983926823,-2.244808008600853,-1.7869029089382718,6.631057539824396,-3.6505924641400918,4.5743804642084696,-6.228198224471675
161,1.2122198815428025,-11.959500280113852,3.9124480150012153,8.585371773632673,-0.11284683148066203,-7.358981345087995,2.034502594933303,-4.732794958754919,1.3628030441376189,1.7907805735323208,5.051218739704589,1.2304609013523702,-3.742899673735654,-0.8459586299754478,1.2019227599085918,-6.434303531017384,7.6437012305954,0.9817684889981573,-4.389366547770912,-0.29003909128458844,-0.9305203759122169,9.542438199035972,4.053697934045511,1.0841612436569634,-2.396453880950024,10.88841345655071,11.02255130119256,-6.079346140336724,-2.8581106318277794,0.5698843403972077,7.182401884439563,-0.12310064783778743,0.232544236886902,3.165400313786589,-2.8535846611245317,-1.2139591495479856,-0.48943643433973194,-6.7188174348909735,5.960046348604821,-2.6585682774648856
162,3.195761014028912,-6.4543771355659985,2.680658994744835,8.970417909531927,-1.6564976140147163,-8.813885286563655,3.10886630810686,-3.745969937906454,-0.258744331978498,3.567387964468677,3.7836023285275413,0.8114633619893115,-1.2758231029328373,-1.360677956905518,0.09785680879745975,-1.5059660855555834,0.9754945555558572,2.3786211056470643,-3.842897683930427,-1.1380785923143946,0.5713989047255096,11.722580157676521,7.524339990742251,-1.075073428649818,-0.17215622157642715,7.242754378197599,10.692877929269171,-4.206431190057933,-2.6458878024602037,0.7986681598982645,7.024614283861208,4.8389559571725735,2.849488386273885,2.8933765802962275,-5.017862523004556,-1.8233805318283183,-3.596364687308669,-6.252228668252171,7.837809362130285,-1.4896780101647764
163,2.6632210371923124,1.9452963945816975,-0.48204317381553186,7.269822993645302,-2.2077258243447258,-6.853459059789374,5.289095292903427,-3.269081628965415,-1.751469776063921,2.7116771079060826,0.5657050365695444,-2.9638389890169026,1.0534795074551193,-2.4184816681930945,-2.576533038004188,-1.1923451059024428,-3.442351197394041,1.9451355077754493,-1.970303530015316,-0.8561518244906184,1.5950240915876694,10.749436127331444,10.122656442063512,-0.13576886099886842,0.08863327769856703,3.3907026782616416,12.14202930836544,-1.3835296575916547,-1.561758992796039,3.0661865378194535,6.209747899606562,10.181967455839764,5.480135387670593,-0.01993577253933136,-8.559408368962035,-2.9253506473984037,-1.2971555918082596,-1.634592635678377,10.935773564236504,-2.548904649913311
164,0.4745691933782931,7.465188731344378,-3.1330787819506747,3.039681056829599,-0.8289004741680055,-2.3758534942124343,8.818115935786002,-3.2206735291685127,-4.130074579771312,0.41679243156476803,-3.0511172515532325,-8.164532411088897,2.255535794960128,-4.0728438623387975,-5.499941530372824,-4.999611137133071,-5.100891160517726,-0.0008476446757371398,0.63830541263377,0.022766355252296654,3.299139261102996,6.159051709984899,9.98800948419069,2.172131109026681,-1.2824381311473094,0.5903035678371354,11.187002242708498,-0.07589654183254561,-0.6492173912853128,4.009270121591728,3.664367999050243,12.758766406688137,5.096267176322451,-3.640104335374557,-11.020587449911323,-3.0864579624363353,2.9416187603026627,4.982714242348269,12.91645063928265,-3.243331163876543
165,-1.1198359265316666,7.722747362389857,-3.889584042634187,-2.508403868514758,1.838088877144314,2.0835522053813613,11.400798113238233,-2.832713003209384,-6.913855419213337,-1.2217564813648965,-5.174419017755008,-10.907846202720496,1.7835708881969805,-5.226273982873741,-6.167502908469126,-8.442565446958861,-5.517284828473579,-2.019390650864305,2.396772241153693,0.4065017077361339,5.486939775504143,-0.32051695692122156,6.397351523324986,3.274473254527666,-2.316599108670887,-1.179118486329975,4.887828066533694,-0.49599329312754714,-0.2524287465133677,1.1602032742334045,-1.0191086063946575,10.121536571235545,1.0775105458598178,-5.7956010944281635,-9.263419725408125,-1.10665145277977,3.857133669704199,10.238957292446688,10.484396667781668,-1.1066504592043267
166,0.16422720819846537,5.1339726216939034,-3.336968543573042,-7.057912274679312,4.05041578412056,4.745663795418836,10.287716983289306,-1.42418729689971,-7.859133550653323,-1.2461928080324192,-4.600670145282512,-8.383775803005964,0.026253616478708056,-4.51107436038453,-2.992658526530125,-7.171038544461048,-6.034177811754929,-2.8865490347446725,2.0369901033827498,-0.20392500430575966,6.611401331493224,-5.764459660852398,0.8156448462660837,2.0750078773538094,-1.4203983568831493,-2.8177166560131486,-5.096179983732891,-0.5267671019504856,0.2627429915708977,-4.266144985273,-5.986608595887492,3.105121034777899,-4.0515291477326585,-5.545219558362778,-2.303715222497198,2.841489685901574,-0.7578177496045828,12.169760354405618,3.067550356922818,3.677606849037982
167,4.804136413659445,3.555091127278093,-2.6886750184957022,-8.705817891370792,4.233950261558805,5.805864346138126,5.072116639909904,0.865692486023244,-4.970863962937738,-0.7208676295432822,-1.5002608262987995,-1.223361065545362,-1.6693966902309545,-1.6496862011231683,2.9421436672143613,-0.7594305997787241,-6.225830605025863,-2.4733741277422028,0.14235171093250895,-1.173404407024998,5.375286963531012,-8.119162703459708,-3.9141097852827595,-0.24662399239244714,1.0061028955357247,-4.976231813183464,-13.496124234084794,2.0551109563184684,1.664792669829854,-8.050618709208164,-7.837333639544889,-4.115324988799251,-6.781836960511673,-3.51657160832278,7.302321846893363,7.02728132724762,-7.844868550300598,11.3901989509662,-5.715114529556367,8.145597818367488
168,10.668442650752908,4.108747555285084,-1.976287218647894,-7.161946167567602,1.988487765547775,6.462814324963334,-1.7279459027045254,3.0594753324322808,1.1991585508323392,-1.4538200379280415,2.4908692366697656,6.89077693773763,-1.8086703860097462,2.052550372214535,8.307424315612254,7.183004987639422,-4.580402929335833,-1.4499464332629208,-0.9265965444655134,-1.3682362037067561,2.228871894493642,-7.531930074171752,-5.753877746016248,-1.5731689180948039,2.967705971708423,-7.2142785015937205,-15.79231231197989,7.19481469967595,3.804279695681947,-6.735064206116495,-4.468849385080259,-7.026641965307214,-5.601354958630409,-1.2550834501878574,14.919526614368538,9.291445925257035,-11.675511822365225,9.800697501477611,-10.53027531692087,9.05106596844761
169,14.221188095562598,4.630608907577638,0.03429466320641255,-3.710114897733841,-1.7905983486700625,7.136747224243811,-6.821521910157666,4.07693085759367,7.412999543753113,-3.7642858562170503,4.973127538091922,11.936012499417714,0.011693259411387973,4.622225693175317,9.983106462607964,12.280560306330633,-0.6764731657599191,-0.3390869520233509,0.9087516833947697,-0.3397734931180465,-0.7997031594087795,-5.83850719217135,-5.008770348429219,-0.8749855540495003,2.842655177081102,-8.276363893446833,-11.900529094177521,12.237321130889754,5.486876052886123,-1.0153272435267013,2.586836149130971,-4.425747539524151,-2.0484492659193125,-0.2694421437783883,16.967164747009708,8.623852342111059,-8.940280186533927,8.27409120943126,-8.648269384678429,5.7793210761632485
170,13.006961282469096,2.869494704795735,4.0690001154264825,-0.1400512760075239,-5.536153031247003,6.937566053172624,-8.774064140932099,3.5774766369965376,10.134417712385396,-5.665501145174326,4.189898139033368,12.157048635975341,2.4884995560403222,4.929620123337766,7.4411093925961,12.747917862338477,3.585823530433597,0.9746783903275413,5.179743499849653,1.142481019201967,-1.8002369239127043,-4.816780052451911,-3.711753964291499,1.0356735507998847,0.9441190053996826,-7.296656112841628,-5.939717533295414,13.956952882130688,5.472927071045008,4.572513407548674,8.874343745718317,0.5844240548878746,0.9455787021776333,-1.263361257286026,13.15491830845067,5.840655973358079,-1.629464393109083,5.799296558017475,-2.1714220953636616,1.0060345159070185
171,7.422714910760724,-0.6043800008578264,8.780445378441154,2.3680572924705654,-7.807275150503431,4.863563545325117,-8.594490740837445,2.166552955992378,8.309695672764931,-4.570733206196901,0.38173888513335474,8.54400152439054,3.39659763276577,3.4216895480766087,2.9494310842888822,9.939185024390008,5.2382964726005286,2.7928398342167964,8.733685219915687,1.775088274659416,-0.5523196425417374,-4.834725609391319,-3.498735918891227,2.545681960814822,-0.7871654764994195,-4.793356159323231,-2.529689853236742,11.117512929809992,3.6430317210072505,5.588821585954607,10.483622243458575,3.3172150001577707,1.6307109998805183,-3.7400395712074195,6.196410213642038,2.791580620275012,4.906550770606845,0.9967194477031971,3.820655114265647,-1.553045852491033
172,0.283975677657451,-3.2382825979468772,11.344724968733695,3.6327351526572156,-7.778421201344047,1.2502593057532165,-8.06294194702059,0.8059962307265102,3.992141326105902,-0.04270334364516942,-4.082704849048424,3.3212407480721686,1.3759587280728198,1.466696726611337,-0.5069452955274124,6.209623454752581,2.932808986568189,4.808122298155708,8.206551679499864,0.9786878326120451,1.489319957792759,-4.941743380650769,-4.158247730265092,2.8124759958282244,-0.5216421448429557,-2.408745890784684,-3.1003976490097176,5.361537010060342,1.1429744991395918,1.6464718484674956,7.184229066672404,1.6092493568101656,0.48072834557094496,-6.161324410126186,-0.42611720036847034,0.8428356959564345,6.740065086511895,-5.626838127772014,5.438961530308813,-0.3002082184828513
173,-5.383329020501262,-3.9614142055566215,9.863028003174938,4.14720972724832,-5.316699647477695,-2.2231533566766695,-7.839894377793283,-0.009413004049314173,0.31868112376994556,5.1869829089719195,-6.316396011401796,-1.7561991628007874,-2.7276762579326275,0.028300919821737585,-1.649765276099208,2.6704395158247576,-1.6018313980855785,5.954162717836113,3.0163365349097906,-0.4996940359165988,2.6464728669074304,-4.011978947166517,-4.273329578547655,2.2761919214266593,2.0061071714092242,-1.5176762465495786,-5.370187355531094,-0.1884242423794456,-0.7032868881820931,-3.3637864207407104,2.282139231320009,-2.3871829067559345,-0.9703872089250749,-6.806942038488789,-4.660587449620966,-0.018967556442533222,4.406852788105607,-11.201495383919655,2.7350451557684554,3.010669831859155
174,-8.356733686379178,-4.8942431606808485,5.207827424149165,4.553767508497605,-0.8657820834999993,-4.013823433099566,-7.284377529688958,-0.5515841441978955,-1.1855422292673399,7.217611786708763,-5.240690697674398,-5.845209686606643,-6.25395677158678,-1.0308121600238658,-1.58077119976777,-0.9640320088277315,-4.919489410616634,5.1902115371834725,-3.904420766241962,-1.2478300205182247,2.4064365217169583,-1.7378071546120128,-3.0888305667660925,1.8308947216224882,5.525774637335225,-1.9834519844826821,-6.047053417562296,-3.2350861336931835,-1.672343001096942,-5.015871927947994,-0.635698161095627,-4.3665033440389065,-1.9190520327870868,-4.99182179899743,-6.481004350174853,-0.7701846602505871,1.5191829238086938,-12.569837679237242,-1.126592255243138,5.029377071775104
175,-9.392453280846457,-8.826895003264047,0.4149966086313296,5.273743929198155,4.609578527510166,-4.09782753319706,-5.806729488568242,-1.3833792921607744,-1.5067790466041588,4.341999627143696,-2.5920482120580144,-8.39374693770297,-6.718175874126178,-2.4194302006193587,-2.35200803961976,-4.729955086494957,-4.865425676434905,2.500796111000852,-8.40541984329974,-0.5002804756471791,1.4822284231534213,1.2572889092755735,-1.4310195680683184,1.781700381630026,8.381140567754445,-2.3007181082964254,-3.9720017317613943,-3.539121123082811,-2.7958663996761066,-2.4672777970273763,-0.8948648515319036,-1.98438560348544,-2.7212246673948624,-1.7029454381420062,-6.881067689801671,-2.160626376846007,0.7046897630020976,-9.057679463549022,-3.0549440221654485,3.8900453251791975
176,-9.742568689234117,-15.03959645057211,-1.839212457973803,6.271580257094824,9.61155083243336,-3.8068503308097354,-3.942126151049204,-2.592744125602376,-2.6227339662798204,-1.3618251028144284,-1.4118065727509992,-8.707165064886093,-3.803438056729458,-4.313371831387584,-4.941981348714266,-7.1525037750320815,-2.4015076707352647,-0.874482906384258,-8.385491730976225,1.1392310568966817,0.7309674269509041,3.9168774585942834,-0.6468367519854761,1.7324965612023278,9.555280756303354,-1.0701096431348334,-0.8728465394008379,-2.308271181192145,-5.125796431207943,1.0095987791333354,-0.8253306447228125,2.899269878405376,-3.7028651149129543,1.1143668773942268,-6.49127450306268,-3.9172949364355634,1.1335719457268716,-3.2505614545153474,-2.4675425915117026,0.7869102694094181
177,-9.691989292965873,-18.478140150329896,-1.2771383585889688,6.903143302867046,12.312961323630242,-4.338284795097,-2.8780690939791165,-3.5082453577796984,-5.222629755794529,-5.769538180740891,-3.11719091705086,-6.408219593729812,0.364532554867091,-5.864736078848207,-8.429950684158653,-6.005181066816745,-0.5260537455452012,-3.2415764389481123,-5.102589048785607,2.2387576404882155,0.21562701915065183,5.218490138476166,-0.8653759578871468,1.3165518541251664,8.854430305330377,1.574870216030303,0.6231295659315367,-0.7067036238296072,-8.264063535410147,1.5297993163541102,-2.8622383258559485,5.92961059294749,-3.9977603809782813,2.224953583135525,-5.041892663710466,-5.00516244398696,0.02542096145451069,1.0652793864666046,-1.0387898854482402,-1.336335919078505
178,-8.534568912202147,-14.059991767820048,0.23557156082661299,6.084007433988154,11.250376870234808,-5.523984312570679,-3.0902701506266066,-3.2308473902691768,-7.876525540499845,-6.181241751034591,-5.87057013794898,-2.200057717285739,2.9417541303568417,-5.842253139060041,-10.852990551188423,-0.4894330088236478,-1.3571398623778925,-3.598605762267935,-1.543738525606654,1.8176383153300195,-0.6458844381502304,4.440991781076346,-0.7537146599692273,0.7038661241531372,6.60776355627336,3.983617673098608,-0.4325456385332177,0.9478764096118885,-10.194860907996299,-1.3951541300318726,-6.726095177541095,4.306005282798256,-2.03949584743055,2.208371427196723,-1.9454458058838675,-4.5664347622650014,-3.6995989765971897,1.9348433067972175,-0.5779519544672101,-0.6734349101956127
179,-5.784768100591941,-2.2007974130766734,0.7363118158465021,3.0266065496664782,6.332407245323772,-6.098536657572195,-3.769348376312418,-1.5410786261912222,-8.326186608988792,-3.30267659955661,-6.055773567428034,2.1419773479845747,2.624409974801044,-3.7653013118920295,-10.768403759246823,7.336814287821007,-4.164374455031785,-2.2010833595047967,0.32987302590899054,0.1671977281071169,-2.1829807056092667,1.5313825283264715,0.7505031981802439,0.21068999962469118,3.5518055526833785,4.470387792701667,-2.5639100648874154,2.7094462968450683,-8.82386451525902,-4.351393277125974,-9.53788954758447,-0.6140584392554086,2.5873538751249052,2.766904112247105,2.692715671620185,-2.613227702634675,-7.663229404091835,0.4911268230855922,-1.3773245808503616,1.7218009674845383
180,-2.1628664992243993,10.270943637405123,-0.11196375035502937,-1.7733813705352637,-0.5721242896148137,-5.1104517141105354,-3.7394794625605443,0.6693207512111456,-5.575193808048165,-0.046179972029024574,-1.7657361123612318,4.791277892378509,0.514248461579835,-0.4275976669647404,-8.217480835714463,13.440214378623988,-6.140189505622282,-0.2172531476351379,0.7757032406209085,-1.5088332218991727,-3.9402497292307146,-2.418857604743093,2.677156376072866,-0.4278312132949323,0.9139311384213599,2.855029177492585,-3.440855460572828,4.1074120282460855,-3.9669344963731876,-3.519863145980821,-8.64488704970553,-4.557979849423619,7.947375099636426,4.74083964777394,7.597357420891619,0.0646670820723687,-8.152207853347063,-0.5512674552213643,-2.4197260689820403,2.979874451976945
181,0.7579351406696155,15.374075898254404,-1.128649999586384,-6.236763052724732,-6.247779750753017,-2.983704095401147,-2.797332082180056,1.9351247952282997,-0.8693271220942574,1.4152082602981586,4.960941008513882,5.017508205583385,-1.0771601311862469,2.6528822766251965,-4.568563287273545,14.459447043901049,-5.060289623666105,1.0972221164011406,1.042661254289489,-2.22372047410625,-5.101577088993285,-5.238169944864147,2.5242421756478333,-2.013265771544085,0.11136106127186825,0.5939309012861652,-2.097945642343328,4.091362003382691,2.0649883171317467,1.3361471644275782,-4.217613876112236,-4.220083943527678,10.790788893188749,6.848959221218068,10.851033487503935,2.5131500886327456,-3.982004846930504,0.451359325655918,-2.7470537823622925,1.2112555981542894
182,1.8722971525734367,10.717513483564122,-1.0953903728154268,-7.7949100282329775,-7.941596890489261,-1.175936335093669,-1.9066214833352992,1.3678893547462538,3.183401708350709,1.3444933856079817,9.519328673439169,3.437947227592637,-0.7259773787455979,4.289390165522392,-1.6142103023194738,10.014100606548054,-1.292975468294961,1.0628182897165817,1.4111307045529942,-2.0068048426675005,-5.318642581780923,-4.8694772543575695,-1.0721628811014325,-4.841622019763541,1.838206946849823,-0.5835491529360599,0.2747315481059436,2.0580997186083367,5.997200094631028,6.410010331674378,0.9301500916173143,-0.15597472593620204,9.177489457010221,6.699482374179822,11.089278208481154,4.109299645658051,1.9425447059422731,2.7902592341790253,-2.328125751182151,-2.6085092700059302
183,1.4521090573045463,1.3211504050663538,0.050036574797600174,-5.3793532385275915,-5.240589394455864,-0.8251870859389168,-2.0168135641837743,-0.5426117827496911,4.480874582570756,1.4051796994216956,8.72805707186224,1.2991128262503737,0.994334132583053,4.247798975272343,-0.5662715313509381,2.8919670156635053,2.600139993723932,-0.2121336639491249,0.8005001721950957,-1.6577302822867197,-4.9570423557148295,-1.152690114980189,-6.2365780324666495,-7.785121354249727,5.243917321688251,-0.17181416727695228,1.5543726084331062,-1.1396859649506361,6.047657639096066,7.427152667823734,3.914792920932297,3.9219110810427344,4.294358334496241,3.3437129746262846,8.479338656571901,4.627854290753603,5.118027966730296,4.4632814952682605,-1.6969215721209674,-5.4659599662480645
184,0.743516454574277,-5.142803901008198,1.3382671050141366,-0.6730133448655788,-0.4962857635248275,-1.7153316487847652,-2.874052544610936,-2.222243380506808,2.7838409457000948,2.333020527613532,3.7759716825057117,-0.3686963537186863,2.290556499224018,3.0698752877950617,-1.3756467088493365,-2.920810261834933,4.115204184019303,-1.9733684668139022,-1.6351398593984865,-1.7849097575934738,-4.5122632716008075,3.440975960811095,-8.920002639753566,-8.799470292387811,8.190493606423077,0.904010661842912,0.6634964788892518,-3.498068837605042,3.217915710470947,3.7586201849292817,4.047476071340979,4.6441635174805,-0.32551361153982267,-1.1792773278788304,4.69891038958666,4.10182958986078,3.5997852028673516,4.243636233154042,-1.1445475195262478,-5.09476493035405
185,0.7335954927407391,-4.95555746640858,1.752080170060979,2.7617347459380444,2.7741725742816925,-2.473632278235478,-3.2096506384993666,-2.2361579998437757,-0.2781554533700858,3.0099020101297707,-0.7409672994146902,-0.989310500514469,1.9698762567506896,1.5393375405991399,-2.623171046939833,-4.818712966714325,2.78868896817113,-3.169412758615282,-4.807514017797666,-2.131533015350158,-3.9635901415713444,5.322354196111941,-6.592822158253599,-6.748536096209973,8.661693290072051,1.437508727226762,-1.4950226238168822,-3.5105896719923897,0.31743993369324686,-0.9485063157000171,2.711184774240679,1.9315560534663931,-1.5624301138670504,-3.1598174557662926,1.845548662389973,2.8062415397912264,-0.28993171234615145,2.6656237591336343,-0.5890768609805974,-2.1104027200599162
186,1.3751337645971533,-0.5534879870104547,0.9390240451948864,2.1218663864410843,2.4054638654703187,-1.7109985155858904,-2.1042042562317578,-0.435585689272973,-2.310036628647515,1.9582570836283386,-0.9233125550721688,-0.21771910623722138,0.5736355059383506,0.39016339487893303,-2.1816764481063258,-2.9823808977224306,0.2965051752443497,-2.9761970574571484,-6.017765108552681,-1.864533354427435,-2.914276571765942,2.7298646058083538,-1.0217795532568712,-2.8498914554978896,6.177822080293768,1.1512124121065457,-2.8768789291930346,-1.6965852263045378,-0.3842923204457411,-2.213047772164384,1.4391172236478156,-1.2810733464067343,0.9920828840343141,-0.4673104686035703,1.040827822934393,1.3255643102633101,-2.385857110954821,1.1819980185036458,-0.18438992134607168,0.5183671860362006
187,1.9906783260202785,3.1815689848545863,-0.8220982309012266,-2.3309735238731193,-0.9895840091422932,0.9450516700304139,0.04382027707882782,1.9753950107298328,-1.5519468360973174,-0.48334195182158635,2.9680121143917657,2.0672511167920096,-0.1794984980865761,0.3050893082211071,1.4293746880472147,0.1428183780036159,-1.128633832149617,-1.3719680229366054,-3.3211010204353912,-0.5234098791039175,-1.3894930098498404,-2.4479487968565294,2.9501530864440344,-0.08508676211390875,1.9369193069440753,0.7012281075769193,-2.079473194854757,-0.4005525450237803,1.1749145689110612,1.1089710273746352,0.5082068985543591,-2.0795102690150826,5.095274607611804,5.306993446760596,1.7758957880108925,0.3738896619528532,-0.8071465915162116,0.6329665177027156,-0.6672388574660524,0.17874178376419153
188,2.3014821955318903,4.1367658126567095,-2.9375475345577082,-7.375231630756304,-4.848254410106511,4.69432177666474,2.0799518289294707,3.539298792351913,2.135806629591296,-1.8978808229546575,6.888979726323178,5.3333926805777185,0.9413326564210432,1.7615332659082235,7.7022023083044155,1.7223863588469155,-0.44399706298833364,0.6430541500734643,2.307378129835056,1.337707475106203,-0.267136271372152,-5.972049136246953,1.8836974058726992,-0.7857808998200746,-2.3751907322653816,0.5683040539444235,0.45533874260684465,-1.7777867528646352,3.1907236267613817,5.848137311262752,-0.6024717936092172,-0.35800801511125074,7.899371578976386,9.99554579733656,2.477225083582271,0.2739792488515377,2.2837271834909916,0.6517897232282207,-2.7068012783399173,-3.026000832918247
189,2.8985016603545364,4.285062034234253,-4.580175987298317,-9.408558388856742,-6.936490115532208,8.207588995819458,3.5456528485710943,3.8383208154221427,7.089253707788885,-0.03628291028860202,6.795624417642122,8.139801814625118,3.4609363495199768,4.519187769928092,13.920062650696158,0.45459378970651654,1.6164564339259824,1.5847502630275327,7.270036815802761,2.492018290248114,-0.6110326598658873,-4.914943186930074,-2.7083687682119963,-4.509062149619634,-5.85183454540215,0.16616874435506915,2.7421558906147085,-5.693252490552444,3.804796849583981,7.476545121672738,-1.8695015092033984,1.2327799999114613,7.938944213937561,10.326970453015887,1.781160543280447,0.5365556215654527,2.949531433898956,0.41078425738318214,-5.816258304073279,-6.4521582460586435
190,4.606577886040934,6.322178773429929,-4.728604268282652,-7.323506243039782,-6.991779683601289,10.439204564469087,5.285144878043133,3.7837767431387035,10.584840453998556,4.593245112340167,2.2410089098922317,8.759109194639029,5.514314585979338,7.245596021413803,16.629607672510993,-2.6484297512296857,3.2798066647866597,0.6125505287985236,8.076091524648485,2.0911077141051284,-2.4354330567336175,-0.4661023937187459,-5.381725295472763,-8.247492062587257,-8.488922989240995,-1.7032686865799656,2.754364194497009,-9.551370699312434,2.6352015930348736,4.049398265482126,-2.4183947852820404,-0.048618535470703376,5.483872199916289,6.4732737204848,-0.5397194175714465,0.12367924903652498,-0.5382555582688656,-0.33995280223559604,-8.15211860738647,-7.397844162355694
191,7.383726139885807,9.877583672197497,-2.6927969524704882,-3.1767174397523585,-6.320696255280858,11.064686739062136,8.359115553964207,4.592451918314021,10.314465152114511,8.546772805225237,-3.4623739337794994,6.466613958790371,5.384356802757139,8.01075859355262,14.025570867411325,-5.065627217063857,3.0417695117111387,-1.630890286402684,4.1375426923865595,0.4546280025706156,-4.259604192349589,2.908918069235698,-1.700111279834996,-8.89585456964189,-10.294620200795563,-5.369993529131798,-0.01191518821416457,-10.404069429835793,0.7703016690333144,-2.4346694426917677,-1.7013073376387604,-4.411504927158788,1.5471546868793666,1.3651618550603206,-3.6510368310082764,-1.6037359531117337,-5.886485080122948,-1.124904928878806,-7.758334217080747,-5.481079244866357
192,9.913488029379069,11.655741589409965,0.997720856390883,-0.14161647433558336,-5.972405922111301,10.409347977287865,12.36727177298892,6.385795021417824,5.891466093530494,8.153761355098565,-6.390627844604077,2.3471522825467623,2.8993168909240654,5.650903659633587,7.442833716991423,-4.643834823919408,0.6901882760799848,-3.3630020718778915,-1.8105176051104734,-1.1483127124986814,-4.174428077864236,1.4929539404005767,7.446174822338271,-5.758075172922252,-10.664151962258314,-9.306997369565224,-3.9945381857409066,-7.53270241326793,-0.452381205967156,-8.076126134486081,-0.5792340035280905,-9.379227546084186,-2.989638313960221,-2.2805593800731003,-6.431086240569878,-4.053262777381709,-8.77388695154339,-1.5086951648595233,-4.254705483502925,-2.6610512988293293
193,10.39668255235275,9.218837835806973,4.323667699523438,0.29639536692545965,-5.5008250162715004,9.035118629325282,15.120921315541908,7.784724923863704,-0.638580265547341,2.728018621931308,-5.328304918059123,-1.3322788184191252,-0.4896539147667311,0.9458816428039525,0.5912855887902398,-1.3072412026078342,-2.430650115002888,-3.1260688983160874,-5.91484583931299,-1.5465324284297597,-1.5802625676481432,-4.049205066837131,16.263015087809265,-0.8608657221878524,-8.926765583063426,-10.816862939458913,-6.390866143846073,-3.1337144401902592,-0.527237525279926,-10.199766867046565,-0.6632794784612892,-12.03952071853522,-7.30179930462682,-4.083886907650874,-8.09575194683992,-5.598036921279771,-6.609209194481373,-1.7498852060215684,0.6637753603110181,-1.002863607037137
194,7.909029497389947,4.009513202085331,4.897140449436193,-0.6581259801983833,-3.654893152770542,7.255526793233396,14.306694296563961,7.011953262808666,-5.891564972816952,-4.664812149126622,-2.301710781478693,-2.8232941869227064,-2.9586773578767422,-3.6209917996783516,-3.05758462901265,2.6665238077081117,-4.04147444501683,-1.158634833449148,-6.006405427749387,-0.6081095737280305,2.093105443640901,-8.880338197025544,18.89776110062635,3.0266062709610018,-5.483108133861893,-8.005627834883468,-4.854995943514481,-0.40795202428402183,0.20059007219190877,-8.734816087275103,-2.3684794156511955,-11.407712732448472,-10.223176757421564,-5.2739523793212495,-8.205864140841738,-4.8514281216929005,-0.5369034085422755,-2.537453708292424,4.482383703673953,-0.5325528738791483
195,3.165914096174197,0.11371071651882055,1.8725862882591868,-0.6634916186332702,-0.241861329192207,4.881452909293207,9.650589138825438,3.582211815986399,-7.3000544153139115,-9.548537292137407,-0.27610435198608135,-2.1812046168437917,-3.7840254525619526,-5.612851687571713,-2.7058231281975758,4.186855830689216,-2.267605955030636,0.6852225690965909,-2.718325949486742,0.7448152631098769,4.509019955393227,-8.048503536763587,14.226600033135929,4.628111688964135,-2.074318305442208,-1.386437726713315,0.9313722494075451,-0.7666525173120659,1.2436948827463963,-5.224489232344974,-3.9448562066170796,-8.74758102134734,-10.60162890758835,-6.316366865944404,-6.418278846757971,-1.9659672852499144,5.878183860247955,-4.135927744695053,5.739975324400993,0.5729638793837954
196,-1.9313745427185594,0.04119418171823633,-3.0753353535291854,1.3210784279383145,2.9575289076282862,1.4458380345557187,3.413090630371902,-0.9977049347926807,-4.788879042210442,-9.33079195798785,-0.5421024844267224,-0.9390571593064395,-3.794556862998892,-4.513953115640057,-0.5145523291892231,1.7225436181097953,2.9221679856949536,0.5975009365956445,1.5977955784289364,1.4102902689363002,4.418400426227528,-0.8112741401826328,6.264019425508592,4.588420137202582,-0.5624303013870591,6.271964809505648,8.78100540557522,-2.7352824514971097,2.4084605612795973,-1.1423121904192202,-2.96753937400077,-5.862550963391213,-8.39705885267433,-5.887522801613579,-2.6364914298153383,1.2976952522354466,9.675349135994912,-5.951632275406657,4.828014365498667,3.618566227717358
197,-5.559990528393621,2.113724241147236,-6.868640589705679,4.0754208945024475,3.4869743344329653,-3.1429894052546574,-1.3784766666618968,-4.283333331057766,-0.6254311976806511,-4.754036467941628,-2.1486395329591774,-0.5023220301249403,-4.454386244369326,-2.04462418705225,0.4465827647995245,-3.315644039455073,9.193811076990032,-1.3763907864632734,4.786900690213073,1.0426983493908317,2.651820659897936,8.646279240765612,0.1323914395720228,4.046319999493065,-1.3095610100579889,11.711540245478083,15.032980528025906,-3.571168824114613,3.520774922407696,2.7102808978521677,0.9837287942116911,-3.298852417483062,-5.250551961957156,-2.5818246093292077,2.3964212871249466,2.942674782191004,10.35762028208439,-7.008639181710751,3.181743102493698,7.336066806778769
198,-7.042578398844236,2.2904980133990853,-7.455868216043108,5.398852964318715,0.6733532008670625,-8.029325051887616,-3.3111757493452796,-4.859897804144755,2.4563883260127604,1.3365802945407448,-3.392925554098039,-0.8529873940482784,-6.382953741429029,-0.5783570957042881,-1.1991554785698542,-7.449410265217947,12.974600626053391,-3.157233513520595,5.979189472301357,0.2240417371071952,1.1895426865167544,14.662570598912657,-2.3381378936232426,3.190894723993487,-2.8842212553871307,13.116755935521912,16.638594886619437,-2.0441146255704945,4.013573417837525,5.706569992267373,5.378665501913749,-0.2353120880012495,-3.481965847250794,2.5295423560131054,6.82428350891331,2.3849455454306945,9.295241687372327,-6.7602299976544415,1.934458037302184,8.495568328237498
199,-6.981088914499698,-1.5598014371127498,-5.378613270463401,4.198817396393189,-3.232993084759939,-11.583954997813782,-3.3416399640211862,-3.4783329540364245,3.271353627788827,6.323525763604898,-3.481622315475116,-0.8434247731012546,-8.600031273932782,-1.1065868882311356,-4.182804961183634,-7.785600652554015,11.784654316297926,-2.453387717976881,5.4147543908678335,-0.20398308771672016,1.2664234947584483,14.527257871262881,-3.2794320469624116,1.4361731104091204,-3.5394184377632643,10.824436992654167,13.080861047550213,0.29859251466543313,3.1617219058804555,7.096510745517148,6.89509471684448,4.072848897373331,-4.140894629249052,5.663364201569213,8.441270126814436,0.8627217312496421,7.862834650557488,-5.333022144448255,1.4429069977960607,4.927928427680891
200,-6.516575335444908,-7.506840502729221,-3.0098010482622333,1.342173960346442,-4.665642499923706,-12.457695548749856,-3.3533245500962514,-2.3171864558955635,2.6326331189345744,9.107523758467467,-2.8090615492491495,0.24576815369859387,-9.203144121142449,-2.645133690329621,-5.99625316185265,-4.3864722606106845,6.108937163284601,0.9721727610719159,3.7744475848934975,0.04782175953912827,2.3705714585766255,10.02392401246479,-5.525716898819228,-1.1351449833770768,-2.9881938099861145,6.617862904993083,6.805665091640013,0.6384786297905378,0.8987883049605032,6.613376458523621,4.70863038760202,9.016610794066303,-6.006578525137,3.308870430596961,6.179023862579819,0.1935761719090598,6.346125835217536,-3.0693181947844237,1.878372857613223,-1.866428089093918
201,-6.3921789487832275,-11.683672656514206,-2.2292365757225268,-1.3510635868001444,-1.8708476351485366,-10.744746793665596,-4.127873081074499,-3.0293957687863484,1.9853075902081199,9.743073833788898,-2.0784224538260667,1.5190013659357353,-6.991513470698286,-3.56461661970998,-5.317959378681376,-0.33163315041105174,-0.82721489659705,4.74253899858144,1.8200187726409605,0.5249363283444312,3.0277299776787503,5.118661763352877,-9.06027331933287,-2.9527605042125273,-2.5675871981994103,2.4911700199006503,1.682747447143303,-2.2306181959724625,-1.7386530872232722,5.139436813689896,1.435491622479494,12.924927469032506,-6.715198993307202,-4.2347990355740945,1.041852427203316,1.0307342843072755,4.355873933173716,-0.12849280579279665,3.7578400308643576,-7.257686593640617
202,-6.514608012739889,-12.197562070373369,-2.8081765608506255,-2.7334584112100018,3.343129100721507,-8.118650780336276,-4.798162124217002,-5.3446336500820015,1.6696914216311323,8.520998221377384,-1.5715389460542057,0.9746517687556828,-2.691023917772152,-3.4113546465901106,-3.288394596303961,0.7323647014089136,-5.407796114212373,5.724746282865432,0.33408018871007233,0.5731296176666912,2.4533004797388482,2.350637555719725,-10.838155268377195,-2.030248248867229,-3.538810502345625,-0.18079861302191538,0.3936277653542033,-6.389587247070424,-3.2804884637889127,4.1772629815300455,0.4842763429830882,14.566355926349111,-5.0413682563465185,-12.432666872395203,-4.518956009837592,2.2764463056304627,1.7796476089581847,3.2091948743980963,7.410161158741156,-7.067283927108983
203,-6.236010045824547,-10.55608753647123,-2.9929397711425683,-2.941834686467281,7.0597668424958275,-6.5618740523586405,-4.177923489257749,-7.455502924564374,0.5700693825621985,5.739460562885862,-1.2465670398934177,-2.6176997707300247,1.352687211251921,-3.302701969190526,-2.5154462084998945,-2.3911138232693325,-6.232251189321607,2.777403631058461,-0.1167000697046367,0.02262675415570896,1.3561193738346813,1.2933648087426413,-8.066224658083252,1.9640014025885446,-5.328917576098128,-0.8634054744268354,2.5709832480714363,-8.152652633256752,-3.1389224989861875,4.269246866329232,2.4036906799994227,14.213256419020489,-2.0409668694023324,-16.008075930142347,-8.385075486669395,2.220120963773557,-0.962716369330883,5.932005372620544,11.825390283975489,-1.130595770778886
204,-5.037316169570794,-9.274666101956853,-1.517889146557015,-2.6561010427773,6.777463677383604,-6.6588932994683905,-2.378083141437217,-7.7318024099727545,-2.496341005043452,2.139803063352008,-1.1011795358062184,-8.192439132852186,2.937125103120451,-4.469265286039838,-4.659755975626601,-7.387308262579934,-4.767085137193675,-2.0717473071196983,0.35502119127869003,-0.6665404374872037,1.1463366515606186,0.05378643965278006,-1.5256919819780916,6.850285429870133,-5.7271027490496635,0.171756129897358,5.134551948290661,-5.1278050121898096,-2.22752778305941,4.0709964217957415,4.130875302740365,13.136950164037906,0.17336370201170945,-13.24353342417341,-10.125946662481574,0.30276793241500854,-3.4301957338582723,6.443729741360557,14.427610688297742,6.394077781522483
205,-3.055707237434603,-8.626526179970528,1.1016083168430943,-2.111391237159618,3.807454001335871,-7.036256210928833,-0.9002090715455697,-6.0985240419590525,-7.058145508132247,-0.9969927317124471,-1.0362717741853977,-12.722937902255984,1.8635870275674042,-6.494444312099871,-8.671249926337676,-10.242943413181012,-3.5534709111920426,-5.159592262801083,0.8541454005428604,-0.8931485176777717,2.452745091890866,-2.2157510365563127,4.461398843894987,9.45897856512956,-3.053172182683882,1.9204526227044862,4.681152478500378,1.758483796978796,-2.0920765860684245,1.4727506197607267,2.1916098294025366,12.112923931006504,0.776223491861665,-7.043273626181942,-10.705994527535424,-2.214218912667462,-5.517219673600048,3.843965371207145,12.636036140246512,10.334677038855894
206,-1.0662191399621748,-6.373915217588751,3.243601062199038,-1.0199211136652873,2.2238550360004106,-5.621723432043517,-1.1056724145049368,-3.831486611034167,-10.743380840450142,-2.6332245969791503,-0.4437940246844418,-13.297103389307042,0.2852440442751955,-7.223763246995372,-11.245293344711246,-8.415114519524508,-3.729100709965268,-4.162803361784681,0.4097705129061254,-0.4954149568664659,4.474996880610327,-4.459091581469375,5.485832591030758,8.265306788867553,1.8478830892065736,2.9659580972926745,0.1558985183575402,9.023514542208371,-3.2997133611870937,-3.9866197406468062,-3.315919730288923,10.578404743899254,1.165288322487799,-1.8417563699185848,-10.950824892214257,-3.351707209598805,-7.099439898580313,-0.7319610839088758,6.161453905565017,8.542857059784103
207,0.05552068370187917,-0.8534866133514716,3.924215894401743,0.6841531068086624,5.147734471729824,-1.6747473383171332,-2.7323285256192755,-2.1235132740509934,-10.941170806316512,-2.9210842399232066,1.5444947582664628,-9.276267065675599,1.0611813185391603,-4.673829368303052,-9.27756762828994,-2.712134907906615,-4.215268909122672,0.05141056446051689,-0.9743896200874735,0.16951875334855207,5.735275798487938,-5.123134641742481,0.7276334770185291,4.6153892257572275,5.936517173914533,2.2282161629793555,-6.278851361179644,13.377963372115982,-4.734369210423473,-9.867760334722345,-8.217854713605455,7.381913114939749,3.3588047451457057,0.4914815959592278,-10.43167992566272,-2.2491034214411463,-7.5490771135315295,-4.319693621833205,-2.1487671854034036,3.1913821678935435
208,-0.015641844431064787,6.129947598187291,3.6575835842136923,2.378151559141966,11.646642557921863,3.313695588224643,-4.0895949150644135,-0.954045769412383,-6.971227422164428,-3.1544322319017346,4.931826629739984,-2.798190573182472,5.317451360049071,0.8242138171618855,-2.4477612744618167,3.5759905246294537,-3.235894286616163,4.259344511390646,-2.0258798169605625,0.6821522688128284,5.3649068577589745,-4.041078110961325,-6.435109853309121,1.3394418820343186,6.5147729908165175,-0.23282583342300905,-10.882861043777934,13.97390499095011,-4.636240099007303,-12.376750440158276,-8.08993498457611,2.3517981962692263,7.451598794770842,1.7337540969825709,-7.96441418277489,0.02096868269677673,-6.063905630267691,-4.215682198946503,-8.062649833426665,-1.5451983531054698
209,-0.7784742604418577,10.133028120410685,3.589054167647375,3.2793861834260705,17.094969811893645,6.78075977798545,-3.7802172621065724,0.6027189411667887,-0.8217780820596667,-4.562648159993806,8.04723972598554,2.733549540748646,11.223252759791082,6.416361885686481,6.148602708789255,7.358161721732364,-0.5228532692417502,5.591563923491372,-1.2265001695395121,1.0196335042644407,3.6611934248625633,-2.703721765265868,-11.239896096911961,0.1514194842460936,3.5966022798889563,-3.1191314628417315,-11.186721417093022,12.343263026035531,-2.4279779872104963,-9.581364762766086,-2.7223258355924904,-3.003837863685212,10.902672435172654,4.557089984166221,-3.1796905407951574,1.4403003673548145,-2.765304693058133,-0.30411840983848465,-9.068485953374458,-3.0608973230142693
210,-1.2202748587498298,8.153662615740785,4.033391890405112,3.3935934531000944,16.82056007214955,7.281131008337881,-2.171076976040851,3.033778995230529,4.2293269009392205,-7.110528089405544,8.447113766247485,4.938883521573145,15.114741062110772,8.847590748151463,11.965675107131256,7.84549677201323,2.0761590450592746,3.738617544601247,1.6055026802466001,1.5008007692768401,1.5643628754463919,-2.709963111364372,-11.12939958298008,0.4270797958679959,-0.15427589906673683,-4.8255738760364,-7.781643484450557,10.470208732692223,0.5410201451098196,-3.2803775331312948,3.3584133298931236,-6.506068537983557,10.676646680391135,9.062102374047614,2.5690696532703288,0.898751347299133,0.672483296263963,4.615346858156595,-6.180791621856979,-1.9232549617687862
211,-0.5027339769679025,1.8245117063016383,4.164460296146153,3.6663239969657018,9.965019539708184,5.648481536455251,-1.0677631266637524,5.5028567517997535,5.94615870081572,-9.562392692402053,5.230746272931654,3.8062955417050426,14.172307184614517,7.063584712057097,12.185350218712184,6.43703843678176,2.2181808636856397,0.8526994244577327,4.670284019206381,2.2789664695749887,-0.1850450184986609,-4.107572719910923,-7.12565136444827,0.4641430914006402,-1.8069020866563446,-4.738684156128975,-3.6802513672530286,9.040599578752198,2.1829546921804672,2.3949345490617757,5.034406355097274,-7.121916616456988,6.277930309354257,12.344936930502836,7.040554475997518,-0.8264826210056032,1.9421719557791948,7.057321584487327,-2.8529205651743323,-0.45890804532675716
212,1.4684944679092498,-3.7294663768641803,3.2002570511815085,4.9494071381023295,0.2842193416186741,4.044354869354819,-1.8836101747270841,6.446635144798196,4.508917979542088,-10.736146388329876,0.5493429801057256,1.2574850836487252,8.516789172313832,2.9431149936469927,7.675969114822655,4.8806823696004615,-0.6993105171227848,-0.5519337378642112,5.263216109369612,2.964168205780467,-1.3358742304974132,-5.331246383857449,-2.283576139770794,-0.29814025878378775,-0.5323745206635642,-3.7264376622141646,-1.8820338947641337,7.424099093459172,1.6647243257706974,4.432235715101408,1.3869108449329028,-5.83646921217682,0.6046699321038332,11.559767820084325,8.922691797017093,-1.8510499388139163,0.06965365894138813,5.733548242099212,-1.995744384388362,-0.15670732571062637
213,3.973081864920978,-4.432329473123715,1.6301372428738585,6.807192301177062,-6.752553655987694,3.8606527467239395,-4.133480117704941,5.114307931792985,1.9675345653150644,-10.569564875391787,-1.6979528033524436,-0.49946588289795196,1.0506435367796156,-0.4395572554722831,2.1578267444186325,3.67330207911908,-4.874984579078935,0.2751843704346039,1.8082357165474576,2.852497731690708,-1.8374121906200132,-4.710637815188041,0.9646698745117515,-0.6082314829119538,2.1991473883390427,-3.2742605452653777,-3.1774083415697687,5.046478917978329,0.18949915035374493,3.206304811241646,-3.6140753801484893,-4.728476601126402,-2.416467177845976,7.198458003166777,8.794688109224632,-0.9513696873001755,-3.4275189105793835,2.4279775292080936,-3.7629498129587438,-0.5331095784946144
214,5.91276874440423,-0.7746070713489032,0.9163055052598834,7.5550735759047365,-8.093504474276589,4.532393102911678,-5.766929684151242,2.472958806954239,0.46815600572523497,-9.834103659885393,0.6573030287941928,-0.472145963855495,-4.730111609302737,-1.343246827959209,-0.7868442481479907,2.1586330576901265,-7.594967121565407,1.963023117361626,-4.808079285216211,1.5998181779148806,-1.6366881617840907,-1.9889997379642534,2.2487307679911517,0.9444276943670965,4.457482530882484,-4.00749752327367,-5.871065674658202,2.4794990089019584,-0.2615419662047068,1.5167493694682783,-5.151060658052933,-5.132738970031125,-1.2490451745141078,3.0116523341633954,8.257753401323914,1.3238781662072454,-5.548180166315287,0.06943386935868026,-5.92873094978927,-0.2694110560138323
215,6.4352519660513865,3.067883490299692,1.8509002643731538,5.717828623979138,-5.08235803317456,4.359616582810476,-5.034885372747597,0.4716617514940246,0.8014417247521499,-8.875955035089488,5.5867533873786375,0.7917156752282783,-7.065885224938393,-0.3962075184036449,-0.4119658134740217,-0.06730780122000411,-7.381791289609212,2.5190542618890377,-11.646582510832905,-0.33303210583093007,-0.940501519546655,1.5276340741240595,2.701534640528377,3.8070153046267485,5.619436605098216,-5.012784638747387,-7.405370189779741,1.0640622205907406,1.0329442859070073,1.5544040046307122,-2.2023891417448187,-6.611020905870026,2.0600671254121896,2.452742159151687,8.167864012948186,3.159778411643846,-4.293522033598274,-0.060873101740162035,-6.227510364197973,0.9620568208690536
216,5.373641818222417,3.4534232373140297,3.404872112096486,1.5472203894876517,-1.8589735683940707,2.4168188722955213,-2.09734215605448,0.2962236106099876,2.2653913701448354,-6.9282004898623635,8.162920497042476,2.0628837684343098,-6.5648666573343455,0.5689917758100893,1.0412525197016798,-2.135162920259231,-4.836833880456922,1.1781228890364197,-15.453250566109787,-1.9606758062295693,-0.49381944834044156,4.088720980852451,3.4468127705802676,5.403297910120635,6.308877450659087,-4.679259100426529,-6.359828646426187,1.5331574521292854,2.8021779292531965,2.905916463555432,1.853633050244948,-7.605995409838531,4.030180760980153,5.1708000348522685,7.8323038303535855,3.0496500302638325,-0.38894932918250563,0.7870848605915961,-4.340397474036288,2.05852886685851
217,3.314193285597126,0.5652173188115869,3.5322351382340282,-2.9611823593194666,-1.775577270736297,-0.4043930974361059,1.1340321646308276,1.3071380285913032,3.5891408785080006,-2.964890854187621,4.919220993315022,2.5997341839690957,-4.936849630734435,0.4822304996636671,0.8101057479522324,-2.452281977461037,-1.6779516371591323,-1.0330222064051136,-14.395138214914327,-2.5628193384228446,-1.1940513934326356,4.66675835342551,4.642560270640872,3.5441707498599997,6.911734754905889,-2.324488341591912,-3.2407041501048153,3.145249821453787,3.113195210134135,3.454336178738207,3.0872705389152872,-7.020647747955029,3.0722038288827704,7.162165106166727,5.981842418767249,0.9951061001845769,3.383537294268608,0.6506635913075843,-1.8186965115956153,1.7855661477000393
218,1.3117130633730154,-2.2845808017086617,1.2828683821337947,-5.66510947868228,-4.903018482029438,-2.211749888050395,2.717693377790083,1.7392043198874219,3.9239411549199197,2.6950895157657637,-2.648184277698713,2.6471358141667207,-3.285716616610686,-0.16566109798244527,-1.5870188480153735,-0.2880481451635337,0.7834867365596877,-2.360335539812329,-8.789662880038247,-2.2380083538207813,-3.1418638557688086,3.2437056238944955,5.657546070695569,-1.0514127522443248,6.624093109839841,0.9378056835800533,0.27602286946508414,4.2494068540133245,1.3913461006944026,1.9697346506566091,1.1731378955166203,-5.169917955474955,0.728632857944785,4.606564569788484,2.423298578867797,-1.6370243078071092,4.606417957507074,-0.6569137282498266,-0.35304237517720855,0.22109290465102557
219,0.37590752526848026,-2.2424368478300774,-1.9887049469385254,-5.9789355705850395,-8.519879875438553,-1.8732965511987238,2.336377700429354,0.5231024753278668,3.1784279805281024,7.854662233598267,-8.94821811092909,2.9404632903371977,-1.5629863004441615,-0.26564796690552217,-3.845154634371015,3.2814244579669483,2.237178467746292,-1.927139844452798,-0.7807392375496438,-1.6911456499671198,-5.135751401955598,0.39295716110193346,5.837879271064842,-4.916624406929564,4.281025578512957,2.9685254652068576,2.6897465312407793,3.6878230448541696,-0.9576115069217263,-0.47124697005047517,-0.4769503433634489,-3.2981719023622302,-0.26194918013232593,-2.2466642362280536,-1.4417025453839272,-3.303291196929557,3.116662770695984,-1.1582240090666203,-0.2680286476686438,-1.3226761021242852
220,0.9118389899576951,0.42400474344589273,-3.747985067932992,-5.075997177511454,-9.825195785966658,0.06817546177252724,1.4161731806347397,-1.5445605151241661,1.7474706224646301,9.866016124797405,-9.068203066253947,3.7531645738810204,0.5847966791061615,0.4648197470484553,-3.1855433340222192,6.128103568567244,2.838286390261991,-0.44312868647677,6.544723489562872,-1.4849898547471798,-5.444484231686683,-3.0828300323934665,5.0419330362392,-4.9060027269663005,0.0763058872207215,2.370064732011918,3.4375490472834853,1.6154580884639111,-1.9631772745579918,-1.6919916979049596,1.3671618874900597,-2.301170822907833,1.0295332480503732,-8.893269028013142,-3.809722365050837,-3.389601674952677,0.7025490629673005,1.0090460975964863,-0.6168714174817104,-1.7927354851802975
221,2.3858729584049856,3.07255482673645,-2.7439080546871666,-4.508993635713481,-8.335255224257708,2.128968091134133,1.7271582518579132,-2.469337854427883,0.12653594182449437,7.883426717766995,-3.182924326213579,4.4117258388647915,2.771383210837289,1.1478625875520143,0.7096461650685191,6.847692162974337,2.575021124475605,0.519168402942547,10.276532227920397,-1.521363912265479,-3.3952238566645376,-6.159384168619317,3.631263449372891,-1.338490225045027,-3.888212491022913,-0.3228283632407545,2.746247020601495,-1.0014445267243093,-1.070696844723247,-0.8354027520527664,6.001633509131502,-1.977839645281758,2.735896856844926,-10.348249421275865,-4.108990841224742,-2.379847190358809,-0.8365939361811615,5.011009005066079,-0.49290509946120065,-1.5865830164729504
222,3.5049275074807857,3.643056048042312,-0.30629086902030234,-4.718879458938654,-5.951467640343166,3.3401843632093153,3.816148429858818,-0.988366139811266,-1.2710859475154725,3.789515566462621,3.5108087409987414,3.7943481232048613,3.8910215925287317,0.8067317483443264,5.055359166198001,5.812102758934378,1.4101525730975382,-0.03232189395618393,8.948024618444103,-1.2712560098656673,-0.24093948812777055,-7.675174819696531,2.151950603160696,1.9945532083511353,-5.151086318845811,-3.0674591456458775,1.1420159329848787,-3.5378311675395713,0.3623390717891719,0.6712836974655655,9.204420267673564,-1.471777815231716,2.16333629804499,-5.462680809844572,-3.3403674311684353,-1.1813252996693233,-1.1918603167310358,7.373904742396854,-0.03308207368148543,-2.049867745292814
223,2.9615927517447806,2.5498303351353626,0.9375365102517136,-4.883002999998056,-4.894264769696054,3.8671385429585605,6.62471249471627,2.057989299851156,-2.165024860022915,0.7749136828508982,5.328544415888333,1.441515623373234,3.1968835082870943,-0.42237087351590946,6.410246637605158,4.47518232448141,-0.13104951029622947,-1.6022173028681927,3.565383860605017,-0.4873386065370029,1.7616365273979089,-6.903865919285522,1.0329024574428152,1.2629045844078064,-3.1922274804919173,-3.936858446754639,-0.7418943399483441,-6.210558638434503,0.5505282102409891,0.6433164998712247,7.437971313460922,-0.3249926138399304,-1.3618553450698925,2.041629149363591,-2.8096988546599144,-0.3650670824093478,-1.2155260609090328,5.061585140814184,-0.1139702777237272,-3.7820787014581305
224,0.3534008939476574,1.7315037536377809,-0.30194214826679966,-4.059881326649338,-5.563608405845506,4.287003057930191,8.470734318996321,4.252503161227479,-2.494010245190963,0.7708714181778898,0.9462651583173919,-1.7187873988121845,1.2212617405034878,-1.2908185047122676,3.9682651180017916,3.694651508630987,-0.9447667546324677,-2.5797166167490784,-2.460288224864732,0.38325722940919016,1.3858919991358716,-4.260689098398817,0.42516825622633886,-3.6456330902215126,-0.15834547775356392,-2.52459058480886,-2.060129479327999,-9.40535299213572,-0.8144168755522769,-1.5016090378971094,1.5175575147236675,0.9773328666156833,-5.665235879979715,6.591552624711767,-2.681541114590367,0.059492503223674637,-1.4247935696667993,-1.2531976293758187,-1.2075209039996173,-5.632585571177456
225,-3.3950412537717174,2.2465405331886545,-2.669696191262998,-2.262376479804516,-6.301015487384229,4.529297655536416,8.399197716460522,3.6148115601859794,-2.4841397396983607,3.0405981688014565,-5.789859096286818,-3.8009902967613227,-0.5486889094942146,-0.667594368273795,0.46381160113754305,2.84787212516176,-0.23484073595686272,-1.5755931150410825,-5.058502566693398,0.56844904604992,-0.3684184792169666,-1.2858150491467881,0.1894941724398557,-8.68710537083381,0.8962110614306048,-0.02731667081844757,-1.8545060297017175,-12.64141196795016,-2.21998017852557,-4.075777747966986,-4.012721679920007,1.48001651711546,-7.696249574172397,5.093804322039852,-1.9550526093817362,0.34197465102587427,-1.1980590273626148,-7.107707507280326,-2.6871871362184123,-5.610759497636504
226,-6.517211734102323,3.1788245904810575,-3.5629193115602718,-0.3208835700383553,-5.169585453612464,3.792046626910215,6.748309299071778,0.31681116582089713,-2.5020569383304396,5.132456112928521,-9.574597096652107,-3.3467861553743914,-1.0104870115165356,1.304512525883478,-0.3617141232301732,0.6874850526368818,1.6047552283239233,1.3397325960726574,-2.212230874159312,-0.21685141712888,-1.2149252457066058,0.420285756215073,0.06458563200737301,-9.152861549790982,-1.2694455240914402,1.8785028088358675,0.38216143590540974,-14.444977284643237,-1.9024978998783493,-4.8385795868099954,-5.155916257953841,0.7081869452165953,-6.286058092302008,-1.0058431181196983,0.12707749555348583,0.6016819651318448,0.3782808621972799,-7.869029828243786,-3.2976143623529466,-2.905595028500634
227,-7.501102722203569,2.9249158854387245,-1.8414661503616678,1.160992626272715,-1.9791974893638067,1.5627455800847225,4.609620862306833,-3.417655215822302,-2.6947745340284963,5.191794650644136,-8.231307471272038,-0.5605533283766826,-0.470483337059893,3.328662410856703,2.571419620645882,-2.970154473277111,3.245945500066647,4.478689029384618,4.312456460924923,-1.3557764419076062,0.1303757173348204,0.5188504926284705,-0.017444118913609086,-3.9652780819255695,-4.917888104817585,2.3008012548175976,4.09592898615116,-13.48733623875253,0.2901755584302557,-3.268307901671478,-2.0999159330178885,-0.8613687885952168,-3.0217604667042233,-7.275860569278638,2.8380857912098865,0.7111181447016341,3.0079010360408573,-2.9347147531093767,-2.2646919999605237,1.0394847070640334
228,-5.960782970474586,1.2386834542362057,0.9165023651727465,2.4472253881967987,1.414461062068031,-1.4487098946764663,2.821684110687295,-5.118434542030323,-2.743738793994814,3.4682997098354282,-4.044198389406557,2.702212653443265,-0.29833067169895877,4.1860927299445345,6.427980030649702,-6.584101074900707,3.75636163055078,5.636378507718615,9.89986800769259,-1.7944240863482976,2.543924632214609,0.25718537855448076,0.2789224669129671,3.1859857595764693,-6.805534660816193,1.563318758831974,7.714018144033438,-9.979450909847488,2.645772802868028,-1.025074276599531,1.2984670726351502,-2.2107329049512097,-0.5724771862395671,-9.794120859498015,4.358437891079299,0.45701756022870543,4.8641258860938255,3.4222917976874814,0.05516592011268713,3.580118669360353
229,-2.6361850942084692,-0.32934753018982554,1.934352516893198,4.126276460203987,2.8556972901735986,-3.6338301139908866,1.4055826544636554,-3.9949386317325515,-2.071930911668229,1.7762800879848348,-1.0558849379183755,4.286060747825256,-1.5307271176466235,3.771818697191004,6.96640025678596,-8.11900117277433,3.6128240606880615,3.6888943281010422,10.368302595664554,-0.994526769274596,3.4545954698875145,1.3591201734612357,1.47036423447366,6.939684900826058,-4.9326459994833725,0.6867532777093753,9.517448158557613,-5.903586735938514,3.189368713797152,-0.19221011810782285,1.451919742082515,-2.6039227395574898,-0.2947128778245269,-7.723385482216075,3.4999842212903776,-0.23227463394403458,4.072640316486359,5.5621329460050415,2.5170675051023266,3.122495330630513
230,1.3273586360442693,-0.08674012154948954,0.04226458938059847,6.036763607882536,2.0324324724220095,-3.876623612325135,-0.17041432646228305,-1.3768138366087495,-0.4242404871546323,1.6401039515273836,-1.2761347666481342,3.354571831331759,-3.798863318345199,2.8997004552668817,2.5395722698241583,-7.036768233746956,4.157481302271832,-0.4762573018955545,5.1681985676591164,0.533189669251442,1.3406346737143096,4.408261266393104,3.6150034025957343,4.786501133863905,-0.1261558582221991,0.5388004042795584,8.704474079828321,-3.657403284465301,1.5262114045027035,-1.1876499942685892,-1.6267117880100062,-2.040462516396698,-1.4210505072935289,-3.322072716304459,0.9759243508243868,-1.156789028325251,0.6314170865185952,1.3332776558581896,4.061276471564002,0.4498550008753674
231,5.037715693202493,1.8772999639337768,-3.038405711061499,7.003434809841789,0.9306266948225952,-2.6146241758629127,-2.2584611405131976,0.5737835998508459,1.7029815376218822,2.945860632961778,-3.3265806899539063,0.9362077583016833,-5.621403932764574,2.1959679265179344,-4.195998911268157,-4.982898626955195,5.901490337609385,-4.436822207723084,-2.1506354136364108,1.6466159952574015,-2.6460804394089483,8.183183029208484,5.800812591109483,-1.0048745173004876,4.787857865620601,1.3185513282959886,5.767723109184598,-4.158182140876794,-0.8649446804809021,-2.4795718219756826,-4.748689965275694,-1.022903909738027,-2.3134294292193,0.1090561579196499,-1.1621847443066993,-1.8538523508182594,-3.223549961820245,-6.032126351620046,4.288833100594945,-2.077999685433481
232,7.868740679279004,3.5847767077538433,-4.238225172953994,5.860146170396071,2.04557314373198,-1.44477437060276,-4.530862778856127,0.6601365084441561,3.267665478456553,4.217734794108455,-4.307681552710987,-1.0329008702775673,-5.74769997458767,1.3609207222817112,-8.526449836048252,-4.2814255577808655,7.492039392118926,-5.856605636833728,-6.698085400356254,1.5665455724367123,-5.5605974230813615,10.544233004114544,6.4214869614909675,-5.602684289381831,7.2688744621057255,2.578790027725499,1.9363921791132241,-6.015750334540892,-2.0754020608587496,-2.2713459012552786,-4.964149248132036,-0.00039593658774443293,-2.19126562786312,0.5813667643098877,-1.4048330272125662,-1.757176029426711,-4.7463369715213775,-10.650152398448196,3.4026964099519934,-2.597357122565222
233,9.071029121654606,3.0079913610706526,-2.0311100281816854,2.7565977463355433,5.914836513854208,-1.6317619465140474,-6.1389676370282675,-0.557917601793408,3.444255789135775,4.028244257644058,-2.625692810616875,-1.3062404912935384,-4.239110317564121,-0.3666598443445322,-7.80645864131101,-5.567086748820444,6.6826131496128145,-4.110714645620964,-5.998316008276141,0.5270608175526729,-5.267104100350333,10.064083208245803,4.288844084522857,-5.771684020889544,6.753769490083582,3.5789149896516097,-1.7062578387329914,-6.5160166448367205,-1.4504908477910892,-0.30422256732857883,-2.367683929352721,0.9387837948270844,-1.5362758412644142,-1.4613745857674916,-0.0935297509673324,-0.51043312226023,-2.972865564431995,-8.893648775765437,1.8532680024438575,-1.1155088830314446
234,7.762088165327705,-0.015411783694004526,2.0972178245612074,-0.6912610254608668,10.268209023135048,-2.997419480762973,-6.373264835508012,-1.4959925630211528,2.30253577712805,2.145610769509886,0.9256833146329939,-0.19371676502503765,-2.3052702785918004,-3.054923505270602,-3.6415874975633797,-6.9077906693493185,2.59761710687039,-0.7057485411450324,-1.6593093514196613,-0.4968167470249626,-2.3090708186114886,7.000608201668144,-0.23511573162229715,-2.258688357155935,4.54153576610904,3.6969583151993417,-4.615890002689478,-3.6591196339889613,0.07293163215016721,2.0457319377601655,0.3466226058311699,1.921889430269653,-1.0342890010410999,-3.7164573829907637,1.1293461388426196,1.682815295798438,0.5368387812189758,-2.20984246246374,0.1472482338134668,0.9289261797771173
235,3.6586311613272757,-3.6472269552094594,4.955357113989133,-2.699785737521373,11.702430222006072,-4.2516544232069435,-5.257273256320006,-1.0050802648119543,0.7789492527067307,-0.47810134004166654,4.375834869940287,0.952869835007229,-1.1618249229810855,-5.542490574251231,-0.20559334304060004,-5.469146872116201,-2.942535309264293,1.8501597598366353,2.295778777393593,-0.684994385491327,0.68516294637488,2.9228192552674357,-5.142622373670905,1.4144535623820482,2.376189024824845,2.7522608009611425,-6.509500234404956,2.3242033852378747,1.102122463009741,3.2966845736024193,0.7677903504780501,2.967541362874318,-0.5108421372578424,-3.726256575005559,1.0884038226205819,3.95775751256517,3.1390342135727405,4.393826447227449,-1.1459606518623418,2.2127136570559434
236,-2.0798731352375373,-5.693324438163212,4.430482627528332,-2.824374276284988,8.511146591887588,-4.3351594155805335,-3.5746391655932834,0.7231698519913563,-0.06589690137595411,-2.5958110816848623,6.393853717394883,1.0383416142440447,-1.0586510201295216,-6.221607745297857,-0.41931207505539336,-0.31294191356061557,-6.563766307391963,1.8874562677295728,2.8320202506738266,-0.03983613680664104,1.4201119095657977,-0.48234058640701777,-8.006992082431589,2.263905868329833,1.1604344054664437,1.1402796989778266,-6.990519995978273,9.069190524601737,1.1036701785969434,3.276055081293298,-1.0040828415061818,3.8586478403405002,0.8392071741781816,-0.6173616338234681,0.2011500059767743,5.1712086539609095,3.322548609515652,6.584359657661668,-1.4956771213742994,2.555684971704818
237,-6.978907376662638,-5.353818710057103,1.1713479205840425,-2.168816827581479,2.216328584012531,-3.363636351064653,-2.2970468049952344,2.457144360049726,0.13524430609559493,-3.504670327409527,6.900964868880769,0.09290172322578369,-1.3218351173697522,-4.466637589477909,-3.57983795454815,6.302164015948106,-6.1015225314832,-0.2808372509376756,0.1089424267789434,0.7459829599097294,-0.1419316988252817,-2.3516983806044296,-7.652767213505488,0.1671575830705398,0.728297062610325,-0.33627089525329495,-5.693446680903435,13.604099417906566,0.6267896043029555,2.980051196277481,-2.846530400647605,4.300653031635759,3.226745518808793,4.205371068038333,-0.15153993531714202,4.634675178527832,1.6932141287624836,3.9004109104759848,-0.7435017206203709,2.588456638375221
238,-8.679924893163449,-3.533885738451262,-2.212793039911416,-2.110143844124216,-3.536325804002228,-2.284702628850937,-1.8746614256706924,3.014063434265885,0.8615448363790554,-3.2433222767917913,6.351517973181905,-0.9750558397406263,-1.185714919368426,-1.3205027644446976,-6.432314592758984,10.468900273881811,-2.4572567234818754,-2.766851327428416,-3.162000621484621,1.0036860352247645,-2.054492560247409,-2.756809747340728,-4.921728577822354,-2.5873649794179783,0.46347434936385407,-0.9418257424120957,-2.8629828574353016,14.142826933642672,0.43597108888669744,3.2224539325235013,-2.947635393251072,4.152562584984453,5.542930761813929,7.922808934289676,0.7494294757436709,2.662529117097812,0.03592346139252186,-0.5569344608263037,0.6416400815648183,2.7149874272358696
239,-6.670751275115423,-1.732426072869982,-3.472404603909157,-2.8730983511759685,-5.752528727054596,-1.756898820286969,-1.9708619426949812,2.1539303020087783,1.2538919292098385,-2.282673016166572,4.951667192357558,-1.3432637976296844,-0.4948102484698649,1.2650044545731067,-6.352201037053912,9.75155771161591,1.213739236141299,-3.6743073881357566,-4.293315601152212,0.6603031616139504,-2.3854576670475502,-2.246884467601559,-1.9134419225040973,-3.6405062378441864,-0.04744146064561056,-0.5186998862695892,0.3578998924581551,10.965836453329585,0.6407138949657584,3.678332576376211,-1.431623741430192,3.5062638221011646,6.108422961624089,8.244655848982243,2.1074958472389884,0.41990303645176547,-0.41905001912731676,-3.165374052007879,1.7812083670502104,2.6267907267643347
