Timepoint,32,34,40,50,53,61,68,69,78,85,106,109,110,111,112,113,117,118,120,122,132,138,150,197,200,227,228,237,243,258,260,262,285,287,288,289,296,300,318,330
0,1063.2707102503712,1045.3429484464684,998.159124481544,862.988420691857,751.8000895182291,839.0388898076238,742.3930566132958,809.5324733690506,661.7168861873566,665.5650755523485,887.8769019394324,861.2771174685365,815.3513220327872,765.5877816483782,869.7034563015308,773.6453927322473,780.1529326386504,864.074951756503,954.2110394318091,758.7313164386553,352.85741314577416,803.1191116199549,860.2617469055365,964.5516524863455,627.5605071720324,916.6410451548722,973.6400026660756,1045.234547364645,894.9003602351105,946.6643222758169,829.5804241590264,820.3791291610054,1039.4889870010504,1067.016407599816,1042.7096110156879,1051.0663251604353,862.4182604980468,1131.3175523546006,918.6673966592817,1030.5649628220942
1,1060.382376968591,1043.1934347347337,987.3655464086639,849.5609811636118,743.9520300002325,835.3862188184584,738.2152509546992,803.9962250056382,657.9353307693724,657.7711567464748,890.0398162357391,853.3620277723699,820.1871427182798,762.336322475124,866.4956306936116,771.2411799084541,774.9113105522407,863.0120264981441,959.4644341638245,757.661002114876,348.6181778268339,795.5655169695528,860.0035878467855,964.9132112486172,614.7244052886963,909.6325154284718,972.9316589729917,1039.9298997591327,886.3565933036006,945.8905754306511,820.4783693423941,813.8549599025561,1036.64462870109,1055.713084734403,1030.0289657936219,1048.9938553292411,849.9484765625,1121.27206432591,910.2373563851883,1028.7772898534586
2,1070.6085992183082,1042.9456699916295,988.0358159783182,855.6755357008714,743.5070749918619,837.0905349319046,739.7602725811859,806.9473330971549,658.177958897182,664.5005008538053,895.733735503343,861.7058262472367,815.2103092334888,765.3012074650945,867.3139844380621,773.7972035328103,774.2175641741071,865.6871042068891,961.6936819008764,761.136629532293,349.7287229523348,793.4492808083404,853.8589341485464,964.559630267388,619.4279983420121,904.9418489448262,963.3360037774396,1036.7953501440293,893.2159561731826,949.8132869713221,834.2374338197315,819.099107382954,1044.7962600323333,1055.1476060427153,1026.8287857889745,1045.5082120186942,858.9682403564453,1127.3106497695162,911.5184411738219,1018.3599914193851
3,1066.6570909595057,1043.4693815270248,986.9838848328322,856.9933358999399,740.2596893310547,848.72463721198,738.8538952727816,809.4544730665117,659.1073389204722,664.7578236558429,894.0971312346281,867.3359490790168,809.7321707831488,764.4842959223566,863.7993677568612,778.9116250150031,777.600842151013,870.6278794094977,963.4789565033113,762.432211025474,352.6108182253052,794.9568723005734,854.8305354162635,957.4399721938952,613.659795058401,912.3233634980388,970.9355989233848,1039.6835961368497,893.934878552808,949.8582167218261,823.8201248547263,821.9728767284448,1047.9382208816144,1056.9543398343599,1042.3469412947775,1051.8868071637835,852.0585256958008,1125.6633497216235,914.013224424838,1012.8884329991034
4,1072.7203242099124,1044.1989434689892,994.2074603820115,851.3591148963342,747.0866844540551,840.6931499790501,738.5060534121385,807.4179331865516,660.6777422465975,662.2239073250455,894.2270197792659,862.2408915332659,807.1697060479058,763.8904000359613,866.4681858189432,773.126580776449,773.3437147874099,861.3571939870316,960.250244140625,761.4495013423801,347.9179553254811,795.161139174036,854.2275237564701,959.6850164632882,616.0013404645418,909.3847787944113,969.8750677752348,1049.362745743224,900.0972588830413,952.6169607318103,825.0244534074768,821.1205101566038,1047.881919540277,1058.357890202449,1039.699280766429,1046.9171140834264,848.8077621459961,1127.3518454599198,912.5813049121198,1023.6515093351666
5,1070.4739788625036,1054.5850717972735,991.7309513734967,856.5720139723558,743.1863926478794,855.508500279607,742.2153730250117,812.0038203441809,662.8029100932772,672.7768749730764,896.3446752961981,874.1309709456956,808.9492410730433,769.5158366641483,871.4924814146823,775.8098105318719,778.1719098772321,863.8521570666082,961.7768951261104,768.0301291623066,351.9791311327068,794.4854718978481,856.4208723605602,960.1274651721516,628.4090990769236,907.5649538158876,969.2202893590635,1040.2922731538058,902.7512947625196,951.0364429683793,828.0862411625129,821.0236347585485,1046.0127586557085,1063.6165997431829,1045.5079359440942,1054.5531562151227,852.091764831543,1127.3112299542775,916.0819828383196,1022.9100943225169
6,1073.9322755563312,1050.1787489287708,994.028778419066,859.8285874586838,746.4707271030971,847.3509860683132,741.9149985242245,809.7490298066388,661.6007816980756,670.3509677384061,899.3074070360294,867.7036097486686,804.1367470635308,768.2321752599768,868.8313645929428,777.8546335230992,782.2765546526227,873.4137042400024,965.9748423619924,766.1424758360558,354.82559861077203,799.6144265933913,861.1764609511054,967.4913286867395,622.3660849521035,911.5456099767408,974.7000380439993,1040.4255787087552,897.5011846949366,949.931176896792,826.3399809529959,819.2002001776211,1048.5716278332623,1062.8201427459717,1043.5267932560666,1046.377973109654,859.7126092529297,1125.4630049782238,920.2266934197595,1026.303295916284
7,1070.7080843135782,1048.4401500468352,996.8175724329574,856.6403954139123,751.2396799723307,848.2622255892367,743.1570261485541,812.5690969978536,661.3960228571816,668.611962444146,895.8126143198165,866.7203606608597,816.747277323405,765.4554729977169,867.4251855378661,780.0599036190097,775.6186292040479,871.7917852292115,967.5045646241474,758.6275431741144,351.72472696560095,799.7440763868326,861.7737500453512,967.4676686514796,620.0275535583496,911.2334802398049,968.5362077022622,1041.2705275892545,898.3301335418573,948.0444207381478,828.5088611949574,822.6833814538044,1054.224779657957,1061.61673443134,1040.3799446326743,1049.5357038225447,852.6889389038085,1126.4797487222372,921.2016036434214,1031.7528880158363
8,1063.7856268559106,1049.5694816745058,992.727402933528,854.8932002140925,748.0862877255395,847.4506703969595,744.6003714034806,809.1958163647972,656.6465836782304,666.3021421279171,897.7536712323547,867.6236904917039,808.9773846096463,767.1826854396511,871.4955588478003,770.9222795710217,775.8097624726348,862.7970351880538,958.7982732317774,759.5452203259026,349.4611391276692,793.7683685569652,857.5112312246033,959.4650511615044,625.2809058741519,903.4645188201018,961.3221566603959,1030.9395959950027,899.394202324137,946.4016892724517,823.1910249063791,819.6781140755916,1045.3494201147255,1058.4822907081018,1036.5570753287657,1047.7993178013394,851.3098742675782,1130.6012931034484,913.9728599499538,1024.0584416082727
9,1065.6372730375954,1048.307140116789,989.0970807021923,855.0542090782752,744.979234241304,845.3331151395231,740.111797503571,812.1103007281448,654.4715263730004,663.8582553740866,892.28091802042,864.4107966285043,814.1359187938549,771.5005913811762,873.9306278017614,769.9742663506023,779.0329385275369,865.0268838816676,955.130550171518,754.8407992628432,350.8804631415912,793.7300825647293,855.6714897037659,958.2690100205683,617.8954674570184,906.0893777554461,960.618429921156,1037.8959795562914,898.7509004600876,945.2475573197714,822.9503758958549,820.1967844202899,1042.986575599478,1054.3118713085469,1034.5189246272735,1044.5975345284598,849.6753326416016,1125.8411781047953,912.0852222239284,1024.0102503369426
10,1066.7716779752016,1044.2537436971859,990.0504899614313,853.7292165902945,745.7417195638021,844.5459174078863,742.22699020158,809.9442890802211,655.2913499862428,666.6044564078475,891.7202895230087,864.6695841209681,813.857810691551,769.8415966549435,874.081394322244,771.1041026195335,775.1293895008799,870.9915718867861,966.4403193904664,759.0725240805714,350.69370852941756,795.0773573450027,858.0994481892777,956.8622928045493,621.7540675715396,900.8587309651355,955.8495674367331,1033.5808045797507,899.200272181044,948.3521088051841,831.7148397146178,816.8892828899881,1033.5786514923352,1059.4687232971191,1032.335182901364,1046.3357327706474,851.6727383422851,1126.7869889416456,910.9680680720282,1023.2261152657849
11,1072.849845782664,1043.7548448212292,986.0956556341621,856.903943340595,744.6957085019067,844.7065422470505,741.562825444919,816.6771841327904,655.8803142365955,669.0291621616033,890.686187582672,866.649450565841,814.9009768450702,770.697696582691,875.9332036655328,777.0195307385322,778.6919297438401,873.9371003483448,960.8304929781686,763.3491602533871,352.05377110667615,796.650322916904,861.1180325440209,959.1092756153208,616.1067397468969,904.3923940064996,965.8906886562979,1034.3556690748844,895.5388403218161,944.731286180992,827.3714508813275,817.9450568599977,1041.5575543571922,1063.195729475755,1041.1132288500428,1053.080509905134,849.1995028686523,1132.9153367550437,916.484909090152,1034.406706603647
12,1073.2104309910562,1057.9018536003268,993.1539171197442,853.5408386230469,745.2936270577567,848.791781554351,741.4980530240642,814.5469578812052,655.2707784138029,668.6247149073426,896.161223800094,866.3310662665168,812.3393947460033,768.8821778168549,873.8753434635177,773.3847270944265,779.5090130816449,866.9417545713227,964.7629001055877,760.1854736288798,352.0326189282297,799.6016754061418,858.7997496991703,965.531489819552,620.6331285175524,911.7889348580135,968.1381981972536,1040.8324642927287,902.0275778032247,946.2290076123695,829.8003181898889,813.8012757232224,1053.4923623990612,1064.2058557363657,1035.3619414203804,1048.889356689453,849.3726266479492,1129.1008548663494,916.8317436755085,1039.9113035146256
13,1079.2117000251874,1052.9978606554926,999.0320035098644,856.009079683744,750.4854409354074,851.2331764633591,746.9758968068593,815.5896895722483,661.1422208150228,670.3098515820274,899.5429841702577,873.1999916003065,822.5477889449509,774.3685298610378,877.830513704307,773.3490817107302,777.9166410676726,867.1125209998354,970.0902858676039,762.0984086105505,351.95939027852023,799.6720437808913,868.0943514702859,963.5226110947871,630.0318918730084,915.8660384688635,972.0350285629553,1042.4527686774397,901.8283116807498,951.049751643664,828.9315901827221,819.6835369165393,1042.321801193622,1060.526001563439,1044.2959056989173,1049.1177641950335,854.6951672363281,1137.0587244728058,919.3779145913846,1040.4259593584384
14,1077.2279069305005,1053.4100889867666,995.1774984638342,859.6579580453727,750.5697246733166,845.8395774428909,744.896633774487,812.1812942194666,660.7075576782227,673.2868773776236,888.4905276020999,867.5984146755991,811.7789893256294,768.8777954513962,868.2933673929025,772.0375874268942,782.5795177417797,870.7662821217972,962.2802384274866,759.7238108054879,351.38981860487854,799.5817420892744,866.7312404762481,961.3408008676714,621.2071384630705,915.2954294038511,968.7410173474645,1039.155464385475,900.374173599307,948.9817938035534,833.2031981413029,818.9494547083758,1039.1437247140068,1062.6358098250168,1041.0028849414691,1048.0633107212611,857.1118627929687,1125.8368214574352,915.8713715315373,1041.0330526786938
15,1084.3863784997172,1044.5568860112405,991.416642264034,858.3808002178486,747.5986066545759,847.1514127576673,744.6830676633921,813.6777155293291,656.0868790641664,673.9015531999888,890.48429806018,867.3846055794376,815.1827740139431,769.1061852944864,865.9197955254699,777.1449056444221,781.822268307864,872.4742928574368,963.5248722909066,761.9912008747613,352.5101349015802,799.631755506332,867.7364955465122,965.8978033825359,622.1432314922935,914.5863981761379,970.6318014882094,1039.710574869337,892.1646722131194,948.3353041010066,830.9195632304042,815.7538474262625,1054.2199853207885,1064.886636000413,1039.7086693864926,1050.174818638393,853.1956869506836,1126.7212671740301,918.4086253932799,1033.695122969778
16,1063.450475356158,1049.0541008151308,992.8527519997587,861.3839374248798,743.1884620303199,851.0629964261442,741.7061378137389,805.6457827397193,659.8729752434624,670.5682537716684,893.4256051684183,866.6568946961038,802.8407402321144,764.4971901146141,866.4292426865919,775.1746648863041,779.324447464157,865.5962472966804,960.1170511778236,761.2705760739514,348.45691585175376,797.1714126097565,858.6023542563613,963.4698108234237,620.9380759690937,920.1742001608694,977.3600355277032,1040.728307798588,894.7243791524337,949.2860730513223,833.1243281088584,817.9428390281788,1049.4688861750756,1065.157963679387,1039.804207853949,1048.6767820521763,851.4866467285157,1124.710569418253,914.4221025153772,1022.1239517836543
17,1065.1471118495474,1052.7240469796318,995.8827795821629,862.0915851299579,745.1504356747582,847.2636684727024,742.5064790640305,807.568390663273,661.640823788113,672.7779829632431,901.4160236984334,866.5340079647935,805.0472886827257,768.1895036439638,874.5675037567026,777.5700115864503,780.4640570001288,861.894957560689,966.5044524681749,763.63020434822,349.4701342509624,802.7234871644667,859.3083611361383,963.3144633875484,625.0788765455547,917.8651778984861,976.1480061349694,1043.2810205214516,898.0541600183464,950.3309576334944,830.8515619955772,819.2355304662732,1046.1181104644006,1068.2688393226038,1047.4382755978697,1050.7901241629465,851.9780172729493,1122.4195285373264,919.8707647587953,1020.8112107661732
18,1069.1446958515978,1044.4941094846142,996.2932236917903,860.338078894982,745.8281853085473,845.0739337818043,741.643948227612,808.9295998298228,659.9959401932973,670.3191167211993,897.587819013646,866.5700302859977,814.198900406449,765.2257382160908,876.4345847267066,772.5320417521386,776.2267171000386,869.7761410534154,963.3778113350651,762.4460836267963,351.54943479340653,803.2692129062841,858.7640598167206,964.5215761978014,621.4214995032862,912.8629044022302,975.3954890900594,1039.943738202143,896.4389931906218,954.6829990336294,827.8805799247805,820.7704848137455,1044.4569091796875,1062.9432020920974,1047.0849627037908,1049.995614188058,853.5360571289062,1133.0599767458393,921.7869397063754,1027.3446888170745
19,1065.7525132123162,1033.727440036073,992.4437487312917,851.2041602501503,743.5069115048364,846.1540293306917,741.3003013952455,809.930305902658,657.6425730992877,664.9929889942672,892.4317807798033,866.750932208978,815.4670058638961,765.3306010478252,874.0029654977947,771.565504191308,776.6318755097442,867.239002096242,959.8435994259597,764.1376403828257,350.79016756006587,801.4472726538299,858.8473480508054,964.1426623859237,611.6425915266339,911.6145746381451,968.7186226874041,1038.5374789957227,895.9236885613477,948.8890978471152,824.2101516093104,818.6736534229224,1042.355418742204,1065.491998232328,1040.4160909867364,1050.7647617885045,851.5967623901367,1128.1392476165888,920.4278363063137,1025.7420470477546
20,1073.7365269725678,1048.5065114546796,995.5684766447946,853.3305462176983,742.999513171968,846.0029570089804,743.5830645205369,813.5209198628174,660.6029813251798,668.0955652178675,893.9702203336847,866.4649183267182,824.7268043800636,767.27735756539,877.6024052806446,775.8145030783542,769.9378668816535,869.3842354843899,968.3327534477118,765.399320572922,353.0277389036741,797.2220371346432,860.8258538497122,960.8557831080614,623.3820808812192,901.8976805121077,963.173421099142,1036.3708390390407,898.0301632422284,952.1612350782361,836.8052892763752,813.6212133877519,1037.256450749245,1060.3826798659104,1039.7478461066244,1046.347788609096,852.9222216796875,1129.7695144127156,917.1232266619261,1034.288473742747
21,1069.6336921243108,1048.8059175452408,995.1080543432342,857.3275249774639,744.9847913469587,849.1014782673603,739.5513822640945,815.7929629916006,655.4520898243737,665.1986057735332,893.1470107628555,874.5606112464831,815.2370507134332,768.126672693201,871.8490030774332,780.7752832167641,777.2106544578469,873.1701678864343,960.8225549998017,764.5579750070867,353.6236797018526,802.8940375414256,859.7816228246542,957.4263456901617,621.7907584340949,905.6362851724585,971.229922803633,1036.5291458215127,894.8449443992711,948.1477830224517,824.852094161609,813.252784618433,1059.9733555897944,1064.8713826399583,1042.5746895645975,1049.0811401367187,850.0163391113281,1129.3097075831388,918.6822765813962,1037.1061294287965
22,1072.2540426815258,1051.9176735391422,998.5419537833567,850.2928678072416,745.0490511939639,842.0597596039643,737.6724279602962,809.0985113093026,660.0094833979531,660.9116963144284,892.977553110274,861.0103072874799,812.0831076162833,764.5542590167072,874.5735921824551,770.8028835531054,776.175058553507,868.0232858475141,961.0402193795605,756.1595824723391,350.52497494357755,805.812893614477,857.4170825119727,963.9638185754286,616.5100030397114,910.3495014871304,969.4265469978192,1052.296824535178,897.0772171339729,953.4438375802375,828.3018269184207,820.9547700743744,1049.3914856469933,1062.3111655895527,1035.7078606216087,1049.9499576241628,849.2033056640626,1128.972088459351,918.3606643188737,1028.5470198246471
23,1077.0211430200086,1049.367046745456,1008.6905821039436,861.0326519305889,747.1496996198382,851.4215899287043,744.3372866502449,816.5642813036675,665.0080767434741,675.7539031942557,902.7820888297267,877.507446485317,820.8578347665292,772.6847688829577,879.3294189002681,778.6868908418624,779.5986415318081,873.8133221038,969.0358232991949,763.2628291071076,351.7543926220744,806.5323798621708,854.6968053103232,958.3329111284914,625.56999236659,909.5673868646265,970.3357880949243,1055.25995537955,901.8104904366338,959.976843470188,832.3679254705256,823.213073288185,1046.7951190852318,1059.2968631157507,1050.1236621329256,1052.0921196637835,850.7666546630859,1127.7308553059895,918.6199854543722,1023.8985712597942
24,1064.2489712400134,1058.1401136748646,1004.1192870407962,860.1008723332332,749.2769768124535,856.9349081709578,742.2476462748514,814.3790194185443,664.3501683189755,673.0599238650209,902.3283651039084,874.4414560986485,804.9691258183232,771.3520390278584,875.579218677929,782.340258891356,779.0076924418355,875.4343866224033,965.1149673074635,761.5867097918521,352.098618520174,809.7945232780612,860.4160301751766,965.132688269151,625.9498731713546,910.9198598268121,972.7313423390768,1057.7636575539018,900.3320543616387,955.4025281294473,830.2428452673037,821.5642525493234,1060.1561492150572,1073.9893672649678,1059.152999043848,1056.022455357143,849.9645501708984,1130.2479437466325,912.4221995339465,1026.9261440700955
25,1071.1644394818475,1052.7754292390784,997.2746571744426,861.0054016113281,749.4131607782273,849.9932853080131,742.4873750601242,815.7710690383233,662.777697729686,675.1663579051518,893.388497165902,863.9851474577974,811.4172241776077,767.8185228914828,872.1009532745474,775.2985621617493,781.0707477946858,861.3162833612084,959.7542210302983,763.3454926382635,353.3211913784802,802.8031196260591,856.3260685120574,963.4105667519358,622.3789221111097,909.0981174326537,977.1393604863641,1045.2848619855315,900.5327892862105,955.6892051624392,828.7075654337228,821.4718176800271,1054.1908546255415,1070.1626063126785,1052.267949438555,1056.1968038504465,850.8219036865235,1132.0815102295858,915.9178882590743,1026.467997233073
26,1066.731009781091,1041.0673105668047,997.0040300347832,862.4062514085036,749.9638911655971,842.1151415850666,739.5876437514576,812.6795348248609,661.9694894457621,671.7278030554965,900.0055443496301,865.9855929555617,809.1089757283529,765.115351496516,861.6174561898207,776.2437667420456,781.4873382233002,870.8727964203933,963.9277854958161,765.7293081099225,354.55670281845033,808.5369411279439,858.0164668316443,964.9861039693377,625.9502102701288,916.6040943193237,982.1759591131854,1040.7890038516935,896.9455442548297,953.4692767322402,828.8609129850529,821.0125869529835,1057.2799690310694,1058.7581889812764,1043.8956614797905,1047.835995047433,854.7078576660156,1135.9402769826838,927.3427798468421,1025.3124757287098
27,1063.4118906426754,1047.8335515236367,993.3965339232027,855.8223567082332,754.820085797991,844.8603007342365,739.0218430704145,807.6523350251524,657.4276898701986,665.2409287970933,895.6279412325097,861.9346912052854,810.8358440823025,759.4346480498443,859.3904603627335,777.580608517098,778.0419086833576,867.5870924909453,957.5771691956496,763.9576360712347,352.3151988361987,811.3513756576849,862.710996645523,969.8059281880877,614.8424494893927,917.2669315575564,971.5445133513468,1047.4182142545392,890.6997227369492,950.9244823709158,829.2015865105243,821.9559852489526,1052.7786398494945,1052.650359080388,1042.1691419595306,1049.250090157645,851.2474594116211,1124.1511104189117,919.7422204902177,1023.7650543569821
28,1064.7317256323352,1049.3320050920759,990.9199681657084,850.456642972506,744.6357007707868,839.588862960403,738.0286141011252,809.9118104568734,657.9967314705016,666.6628554580296,892.2007390582372,858.8447765092758,812.9363872951932,763.4797736502983,870.3607432235211,776.8735360086963,782.0986297942779,868.1964418842418,959.662007753014,762.7214479544728,349.3952290445452,798.6296650967167,861.3269598520947,969.285545686705,621.0410637604563,910.4057665306503,967.5568578053105,1038.4408736415417,895.9688105244018,952.4626650149727,824.3052327810241,821.7317584493886,1050.664113533597,1055.2221735440767,1036.8632522043308,1048.358624267578,845.1420001220703,1122.6199558301903,910.5135373438853,1029.7887517025597
29,1064.7257916894973,1030.556943932358,986.6758436567328,852.8572514460637,742.0694652739026,845.2305499927418,735.6620558553667,809.5467370407706,657.9573186238607,664.2017294156973,897.0196823039383,866.814231946154,796.7309789021809,765.2021066820299,869.6675951067372,772.5112185345016,773.410167652172,865.5603967425467,958.3256210094781,762.1554434324048,354.3372489118028,789.6871774745753,854.5428876847305,959.4376020853498,617.6861019134521,906.217893988265,962.6198449632142,1032.3514515114896,895.7125355229717,948.7058657912195,829.233930099109,821.3934279732082,1045.5850971125756,1064.264100441566,1041.6384432384823,1048.8695103236607,850.0073657226562,1120.4672613034304,909.8284303709896,1024.5933143660338
30,1062.243803136489,1032.7386387416295,984.6815353565001,854.1989572378305,742.771985008603,842.8617294930123,736.4667142042473,810.6790768963864,654.5590915982685,660.319549999053,891.6316382191169,863.1581499400246,810.8371203952365,762.744005357897,867.0452205193438,772.6568726267894,776.3393148904319,877.237349937702,962.4713949600452,763.0973046342123,352.0948488264705,790.8221641963147,849.6939574439459,961.9646282364837,616.5369073466251,906.4856222952055,968.5014494913487,1038.0485197099229,893.3646341108378,947.7741319341496,824.2385607002195,819.3340916288072,1048.130646777754,1058.6275517390325,1033.858472621709,1046.5514932686942,850.0758798217773,1123.9855893891433,914.5583486658678,1019.6358431096662
31,1070.0644937230452,1036.2111853774713,993.5798420423872,856.5477463942308,744.0337429954892,848.424052676639,738.8752855898729,810.2819149303315,659.6447176252093,665.3488246942256,901.135823002568,864.945283552458,806.251129885073,764.6445959967535,872.3502764825012,776.1336197666616,777.8270485008156,872.675440061138,963.7826851007297,765.767671904613,353.3388690583094,795.7065819387186,855.3723530016447,959.6298223174779,622.4622932735242,908.9184945134207,967.1044315267926,1039.551603690206,896.742369200894,948.4447939907125,823.8482635750258,817.000363557235,1049.1818193708148,1057.3885638897236,1044.8548201288058,1052.1094192940848,849.6869161987305,1128.4084793032357,915.36438199757,1017.4564902322334
32,1069.8455158768736,1053.042928890306,993.7343165365497,853.4118854229267,742.5467681884766,847.2188814524058,740.0167580220236,809.3863737089358,659.7436745658754,667.6893074428153,898.8299925466063,865.5021190581981,816.9365184642651,765.1154619165369,875.4980000288284,771.9935936954435,781.327880859375,869.6957247796187,964.6800512323525,763.4932311883907,350.4814048032651,799.9504890108248,856.3768282202375,960.4834853990943,619.5963044417532,909.2239744574202,969.5124758854965,1042.3290352421766,895.0629907073336,951.6278263794177,824.7585212140044,818.0040681258491,1045.8075102477515,1061.2237852536714,1040.2842193309134,1050.0759052385604,849.7626718139649,1128.0975570971025,913.1181426221119,1022.0365989640442
33,1065.6173645295708,1056.7132917131696,992.6636618282018,857.1866530198317,739.922865368071,840.315609699971,737.6659393310547,808.0900860874898,657.5665289863707,665.9988340764183,894.2363512957537,857.0551918741207,816.1125582094546,763.6502174171242,875.6610170484029,771.180504143571,778.6780536358173,871.5636125469573,956.951029356361,762.4605386576702,350.13662581060123,797.1566853425941,860.0194637900904,964.5981542536642,620.4560640234696,908.7955459024896,966.9441423474645,1032.097557195738,893.1409682269874,949.5616640384102,826.7221901633523,815.4567002006199,1038.049398726776,1066.1362966390757,1041.4001315690314,1046.786975795201,855.3556109619141,1123.4530202346743,913.2519300904102,1018.1936648184793
34,1069.6448132268983,1047.1888925980547,987.8733395351453,851.1431034968449,741.945318312872,843.947105201515,738.876122318097,806.7443951675822,657.6846717955574,662.8569865947368,896.2509206943411,861.2334802756355,814.6033697057653,761.4462768967087,871.6937679276695,771.0581668448848,780.5730463384272,867.9495260304418,958.4294083493616,764.464043892536,351.7243433252148,798.7903724425736,853.5382199125024,962.1535536504425,610.2293226342452,912.1501897914776,971.741615716665,1037.797346573302,897.64477768902,949.4216658358782,825.1145105283123,817.4535321221836,1042.8109182149421,1064.9955523564265,1036.5111074171648,1044.4941326032365,850.1830792236328,1124.2019643966266,915.3760149209484,1025.2643563789234
35,1068.8722128199236,1046.7662764568718,990.2758566181311,856.9476116473858,745.9149409702846,844.1771296939335,739.303398701682,807.1205529742501,660.7825547475663,665.0114766117844,890.6013873064959,859.9345679574458,810.5013535111038,767.6191699053791,875.1498397320399,770.9127833190577,776.4502704326923,859.4087096466416,958.7103166144511,754.942836073256,351.1049552018615,796.6869961485571,858.459409542497,965.159200752731,620.2417618099012,911.8667589876167,970.3806654105157,1037.783313261064,900.9071421603279,950.8462731725125,824.2421663142433,825.1137781557829,1043.7452972155659,1059.0320481520432,1035.8198461992565,1045.6330018833705,846.9775897216797,1123.854224895609,912.3587679669802,1032.4484113726699
36,1068.266533346737,1048.7823006766182,991.825039295668,853.8665151742789,746.6247987293061,843.9315773216454,737.6221329418581,810.3503811701735,656.0481171380906,665.5980372597551,889.639486807364,861.654609115944,814.8791736744068,766.730588758314,869.9157408541859,775.0002511306848,780.1261724115728,869.8080418612309,967.7374558811865,765.1877591880326,351.79880338793055,796.2504243100002,856.3851212539909,966.1126622562915,618.9167623017963,908.4471861020163,968.5816762725268,1035.4921476055124,903.1064615289537,952.3886005321988,829.9897914918001,820.1593382462212,1049.978043756565,1059.0817878429707,1033.9797848029918,1047.2055603027343,855.5621136474609,1129.6843411383502,916.1592137188292,1029.2370582268252
37,1065.5034160355096,1038.3707213109853,987.7648258852155,855.2733713003305,742.5211784726098,847.1577880446976,738.75439088736,812.1444922353897,656.7108939034598,668.528315200683,895.2200200318028,863.1665221579206,799.3659388789424,767.1839847049198,868.6537205319563,779.2386435396844,777.6805319314475,865.4268141706328,964.4187042701063,761.81669508059,350.8002934181827,799.1817345799927,858.1067724080277,966.256527520914,613.0383626034385,908.319526640706,968.1689153565951,1036.5760932794497,901.3701323824448,953.5566230209322,827.4392104976433,821.3711937061255,1056.0020472422368,1066.4378405350906,1036.423303340409,1045.7224762834821,851.1516763305664,1123.013066200461,914.9281167556991,1027.4565306546394
38,1068.628193989059,1044.3325027154417,991.590478104152,849.0195814866286,743.2601056780134,847.536064457249,737.2662961589756,809.7983209738435,657.8230234781901,666.6341672970934,899.1355717573216,864.6032657929939,797.5237965901692,764.9157001392261,872.3460348769747,770.3433089442759,771.9960538423978,861.7965761382004,958.4790119616513,764.7029142232285,350.5151320051873,796.2121913009065,849.7675316400204,960.2917275217782,610.6943633932816,913.5948749716351,972.5964980798265,1041.6511203190469,902.0186060183217,953.7539786351474,824.5111492566826,821.8784721485083,1047.1030137518874,1055.4917784470779,1036.2424650038936,1045.1454971749442,845.010544128418,1127.0180201037176,914.3270344683357,1023.9641488950853
39,1070.1561748798076,1045.999582096022,997.6840357405416,853.6205702561599,749.5676581973121,845.4845610953666,741.6186660083372,813.2832589252477,660.5757671537854,672.0962249822555,900.3424185293692,867.9438862202635,816.2300116079825,770.0981492738466,877.2776782046385,774.4955527875677,778.574471274575,868.2605620051709,961.6168364703958,761.7792923819159,352.44162915766924,800.5496587725492,856.637986693958,961.2904954758366,622.012066138418,914.2287790132261,972.1912759418136,1031.758629143571,904.1665809024827,953.9344759222679,831.4418652747288,824.8630068129387,1050.948745599314,1062.4825867872971,1042.8782933471286,1050.4015717424666,850.7095245361328,1130.5078548270624,914.7376264234596,1025.8783004493043
40,1077.1524812862344,1052.564516651387,998.7809100204639,855.3853787935697,748.1200336274646,847.7262385600322,742.3572182726505,813.1420906047506,657.1189095633371,673.2702242247161,894.626209319584,859.5833989477618,818.727082824707,767.782898980218,878.0098730558839,771.7871415974707,777.6441566551125,870.9489447933504,965.6387821720336,760.0269224127543,352.4683083117693,804.2969635276684,854.3871231315305,958.265119974592,620.127676486969,914.226745098953,970.7344502642111,1042.6829665200005,900.9350565507323,953.1294920485205,833.0394216490185,821.4897255275561,1045.4025712213597,1064.7674091045674,1041.1591449504497,1048.1045016043527,858.2231170654297,1135.1832055570521,919.6664992212486,1022.3249970374749
41,1066.3558766636913,1049.6385292520329,997.1387459401334,853.8973844088041,745.5398486909412,840.9170433250633,742.6847912233267,811.9410153041194,659.7677622598316,671.874465088369,894.2005750060712,860.4094089127814,814.9695028234411,765.1244673857818,874.7451255207133,771.5133622664979,778.3134172041338,869.0923751889518,959.9501048441466,760.7652205345557,352.9147696951797,805.0811473079048,858.6810136446643,957.2846155757397,615.2546787261963,911.5295627958052,970.495442583517,1040.5268912714953,900.4578181949121,951.0371853504506,825.515832822185,821.0235058328379,1044.2154689756762,1064.212934934176,1042.9824903678282,1046.057085658482,852.3986343383789,1129.83389668081,917.3462428761952,1026.5871891668664
42,1063.1691325606264,1040.9056589554766,991.5881243073538,850.5789057804988,746.9788847423736,844.7219492938068,741.883189187121,813.2686227849357,659.0650315057663,672.6066601284064,890.3559836735801,861.6192199118268,814.2532668502242,763.2106411908123,870.8902948245791,776.1227754560929,780.3775889637706,870.5359113554388,963.3452281661445,763.5240752033352,353.5182986624853,803.3346124320962,862.0738379888859,965.1428827606471,616.4621092143811,914.8003942719139,975.7474050697374,1040.8760203782406,898.6844008697127,954.6440418105876,830.3798353967588,823.9109793400419,1045.4086670434776,1057.496578363272,1036.3952089168633,1051.6924843052454,850.6252142333984,1128.5520690684118,915.4063169239427,1033.609394541958
43,1061.3525506619415,1043.6584018006617,992.2754874925935,854.7324012169471,742.1099570138114,844.079140637372,742.2834884871298,815.6190350931208,659.0480528331939,667.3721118402634,895.4293149917845,863.4547764818002,808.5314589323821,763.9183805311048,870.1991516338503,771.5359749394422,775.3293892996652,868.5944448887617,969.7735694846526,766.5288185286768,353.95101837362824,805.3578768805235,863.592375669686,961.840601558179,619.6393447173269,907.957196880673,969.7146104683906,1038.2471785731823,896.0859784880442,952.316145895102,829.3861472389915,820.2970780082371,1054.5281397715337,1066.5154069753794,1035.441441968323,1047.570615234375,858.2028100585937,1131.1435813465337,918.9451648248538,1034.485932645742
44,1071.617460915406,1040.0988520408164,991.4954629962364,851.6611858661358,748.9993613106864,847.0326035989298,741.8511250054659,814.4000490811455,655.1843416123163,660.4389470980482,892.649827341554,863.6198316371709,807.6678487989637,761.1072429966282,867.7364560510839,776.0801483665765,776.0103283557263,877.1780262212644,965.5354384988698,762.7883983444922,355.6307524136657,802.7270574986761,859.1393256881289,963.9037119097414,610.7585538562976,911.447874457015,972.5258556904237,1044.2993580056302,895.7961474302922,949.7314799415545,831.460763978564,819.4207708386407,1052.6126370470063,1065.8850991175725,1034.8518531529467,1044.1659020996094,854.2763098144532,1131.2175720916398,916.1315192118891,1029.9937948483473
45,1071.2930032721472,1051.447782555405,999.8582888828234,863.2516033466046,750.7313341413226,846.9808423841322,741.2868588575676,814.8958049565744,660.4546867249504,663.5463167356141,896.1787371761584,866.3533813869071,819.7509172227648,769.876065847036,873.6697333642038,774.9644446346347,779.2867300851004,869.9207882935973,965.3653604730132,755.0130189964452,353.74178636485135,807.2763280395864,863.1638319647349,967.5554210021432,629.0279193175467,908.6770310777846,972.4547575968174,1048.6929658857803,898.3691033399255,950.5124088989489,830.6511523033962,817.4584967571756,1054.3809793937105,1059.8387850247896,1042.0596939528486,1050.3746779087612,852.1235583496094,1132.9423404854376,919.3336278594124,1030.4786786531147
46,1069.1844612225148,1047.0782757194675,1003.835555001591,868.7365121694711,751.4552997407459,848.4690285760004,744.3076871046379,818.938245809669,665.8841764662001,670.7950511086026,898.9508126072152,870.2409076261367,812.6083406236437,773.0767517089844,873.5334393828557,777.8394782210196,778.3761486011547,872.1909502402119,961.0467786450072,764.6459144316998,352.7155634525635,812.73129450406,865.2599589344887,959.9501764078055,632.3387552562513,913.615060386816,980.5049288697038,1051.9488111101716,902.2060872480959,957.179010554102,834.6979153215393,819.4150233614272,1048.5834622423188,1061.277037840623,1052.5569083161677,1052.39408203125,858.4956628417968,1131.3335791109166,923.1275358220407,1032.8911572729635
47,1073.2971743760604,1043.2015137964365,1002.7230279472437,863.5677945650541,753.5375475202288,847.6938105402766,743.1903176378848,814.8489648511177,661.9189025636704,669.9675783237077,895.4178955239594,871.7317018171599,807.8445277461299,772.2701166513804,867.0244539267902,781.3830095855883,782.2743278754937,872.0936410253532,959.6595864852673,761.6745669964663,352.7243191656938,809.467420038607,863.4772677111552,974.462582208414,624.7161529942563,911.7088939619263,973.0717567490653,1046.377897976497,895.7525210839435,951.9844150724176,833.5150418872676,814.1396219004755,1063.6302854393712,1068.117162851187,1054.8932316525572,1055.5142429896764,858.2689871215821,1127.4549965109404,919.2292209779785,1031.09099681475
48,1076.7541647518383,1048.6789974290498,994.4864128198517,861.8772038386418,750.221907842727,841.4226861902185,739.9281800682865,813.3373144554516,660.6524386330257,668.7915242155265,889.4510104063327,865.7333479019607,816.0108670835142,764.9470907675253,874.0134477791311,770.9521518472852,776.8927692790608,865.6062057319729,951.1006816728466,760.4135264858758,350.2991368377802,803.6181767855719,855.4282115074134,967.6381754917381,616.4588262156436,912.5977565401323,971.1760358751917,1041.2443169108983,893.7848557986973,952.0465658864667,825.0456724560951,816.5045729927394,1044.845045586594,1060.4925234867976,1040.4462831748644,1047.2673062569754,849.9747351074219,1122.4243870293044,918.6517693818505,1020.5294889929698
49,1075.2239923951852,1055.996925198302,994.6465231220374,855.9794719989483,755.4183015369233,850.4050214612806,743.7742933586462,812.7181768114413,662.1550204564654,671.929559851766,902.0694157030216,869.0869935455813,811.9982888115777,772.2140812229466,877.8403876610788,779.3041700650859,777.2399342295888,861.4563299303311,961.4862646112588,761.259637336141,353.334501292057,802.1337313193274,861.8898241733988,973.8272186549364,623.7847987225181,916.0801698043633,970.9228815184049,1040.9876475414085,901.6834206042429,953.2997404094891,831.6486357381522,819.8267242873924,1051.1255195681788,1072.004842904898,1053.8892673112189,1054.2138588169644,850.7240130615235,1130.3037198238446,918.946908328579,1030.2832016080445
50,1070.1469022310698,1046.07403875857,991.182944479953,850.5706162672776,744.1758154006232,841.4417975142195,741.6743842736998,807.3323479668157,658.5004541911776,667.8732625065893,891.1278093126085,864.3901239622061,811.4487727412471,765.5641988805822,864.5482891688048,768.4496976543405,776.8416915725876,864.2731849407328,956.9525183663151,759.8058810086594,353.4205560538047,800.7237112862723,857.0045502370356,964.5805312975318,623.5578941044055,908.1918598349164,965.5464968067006,1027.8887277954784,896.3094284504527,947.3630958282065,830.6226685579159,820.0290923187698,1044.759738441275,1053.7401460500864,1042.5987978625528,1048.66320539202,856.2897131347656,1120.1464364355095,912.5951615843945,1030.6538841738338
51,1067.1549121977516,1049.5724543357383,981.6961568768105,855.1274169921875,746.4452311197916,844.7157086552801,739.061994638016,808.003103990567,653.7205548362126,667.7554297370542,886.8023676796565,864.1643721896353,800.9693456579138,764.0029486578863,859.6197426433492,773.2029596254147,774.6716979309753,862.8930375256301,955.8133486055481,757.4532743532633,350.24113272707126,796.9475925100788,850.7425975504306,965.0258248928374,611.738388663844,907.0052186324883,967.3302919352712,1030.5909384615595,889.7724352720891,944.5823238018115,825.8211654789192,814.4744444031646,1048.1862828871783,1058.2180833082932,1040.404840500025,1045.5626553780692,851.4925915527343,1119.6978815889906,914.0752864748176,1022.5506242897078
52,1061.5482815703656,1039.55562046596,981.9942707533247,842.3312654935397,744.1608835856119,845.5944978868639,739.0503485380714,803.3026172633092,652.054314870683,660.0959122403258,893.1188587814412,861.4570594125239,803.5920213487414,760.709776801032,865.8159659410314,772.7870606150707,771.3358218014895,862.8194136930151,953.4825318622105,758.9804832222535,349.2399209705806,792.6240171204503,849.2082789748815,962.7044953202779,619.2790076105218,906.0748144126037,962.1675366360718,1023.0921474009252,892.942862538613,945.2840719784008,825.1114905491348,817.8590903904127,1049.6963044495142,1064.8967855893648,1035.5435496633843,1041.0948156738282,846.457117614746,1126.7815989059507,908.4188075604469,1021.8071026718408
53,1076.052406276513,1028.1273286780533,983.2907558826918,846.6835064227764,741.4006616501581,845.3173024976576,736.7255583805825,807.6459386551699,651.356324574304,663.5059888569872,892.8007370883195,862.5223437735506,814.2701096146195,762.7826525713947,873.9588913583227,766.4321766432437,770.5736905611478,864.2601886617726,961.8548066579751,762.319590391572,349.6036751041924,789.6177062098556,850.9966959761392,953.2214296053996,619.1666530809904,903.1712038665391,958.41948713993,1023.025339478221,893.0793965231924,948.2824907393338,828.7306528643143,814.8737052143484,1037.636941348805,1058.0542590801533,1034.4512081820865,1044.654283970424,851.0908316040039,1128.0869753315073,909.4997075127641,1016.1030368024145
54,1073.6722105552708,1041.9808860311703,987.5962080366156,849.6850477952223,745.2534760974702,843.9124035190891,737.221200971461,808.6497230093543,652.2087930346293,662.0296098518985,887.1086132715619,863.1181538572648,813.4215082804362,761.5390323948216,867.9575166033643,771.275216384973,777.3907621614226,866.9073266508022,960.4075704661723,762.7632550603336,351.8574277231063,796.2017693255455,850.258929084329,956.6007425763966,615.1450400101511,905.0130230282352,959.5199188045198,1030.5716158904177,895.751101441962,947.6450012322847,824.6401821168001,818.891517970873,1039.987106195017,1060.964190849891,1033.1313241057073,1045.2364786202568,848.7634844970703,1120.4708721993984,914.4726268386028,1023.6111240498503
55,1068.2696000181172,1048.1367081622689,988.9083017070642,848.9736407940204,741.9831492106119,844.9415003802326,736.3828878829728,808.0065422639761,656.0302534557525,663.8451524041474,888.5290742097078,863.681555254283,807.5328984013311,762.0843334713497,866.7934459953731,769.9308599546634,780.8645961887233,865.4125229408002,961.3258471803616,761.8154866277557,352.29632281526295,797.3096542135967,852.5721594276074,959.3904505366772,614.3518188376175,906.0699227360769,966.5046019758914,1041.7408512051545,897.36191204502,951.5666364926767,823.2132971897598,822.1820055090863,1047.8621031176142,1056.0771469703088,1034.303225992577,1050.15095929827,849.9941006469727,1127.0815179466745,911.8183295406512,1028.5626451815779
56,1067.1006867421697,1048.2674168178014,991.5916355433089,858.490676175631,747.159679594494,852.8119743965767,741.175071602437,812.4019888038102,656.2983515905955,671.8453771953031,895.5565930724774,865.236229212721,803.2260094536675,764.8374879166887,870.625244140625,776.2376328793318,779.3163224104997,879.8919240432681,968.8384213520186,769.3635107610644,352.22509383059094,803.1045683479865,856.2374620939556,960.4622105961353,624.4220202596564,910.812334369327,971.5522771730014,1034.5293268811104,903.0059885958748,954.4247475900958,835.3691522267239,821.7821644216344,1054.9761008895746,1064.365772687472,1042.083626995516,1054.014432373047,853.8046359252929,1130.6309475368923,915.0689339058232,1023.533817581266
57,1072.2290433995863,1048.0683251205755,996.0402312546634,853.4382352388822,746.307132539295,851.5037454141153,740.4315923434585,817.1462397011899,657.3776876056005,672.4669018497037,898.1222991943359,861.1181290310678,809.2999312506781,766.3329238891602,868.6831768641173,774.1300977994609,778.3856868534298,873.3535145726697,962.8608795011104,764.5341161206826,354.98540541769444,805.0768086958905,858.8960255720298,964.1139601985965,617.3502988313373,913.711905704989,967.9302270807372,1033.0546926146778,897.8568812414193,957.0647151013253,829.9189120205966,824.5666744950889,1055.3208813066242,1064.0186447730432,1040.2365129967595,1046.407416469029,850.4757424926757,1134.23090722095,918.7518357396889,1031.3782251369187
58,1070.390195820666,1050.775069256218,988.6936566642161,854.3793489896334,742.9243629092261,840.7968547924145,741.7586868058389,811.524244126704,656.2433965168302,667.3941776990124,896.0657665918744,855.8190114306484,811.4076292249891,763.324103071883,875.0467387407028,766.2760171730425,775.5004537393759,869.3577520728568,959.1436098360168,763.7432277767929,350.3797818655255,805.7721835211485,854.6140894461712,961.7621200696557,618.338499872308,911.6484911906769,969.8200649893357,1035.2137573924144,903.3059858378007,954.3885444771406,825.5366135274083,821.4070332845052,1047.9158799628249,1061.0858634068416,1027.909888755087,1044.5339786202567,850.3908462524414,1130.0823958239794,918.2735685173636,1030.30897200735
59,1077.2336387116445,1055.2498499033402,1002.1513934189014,857.9029418945313,746.3492533365885,850.1605359670278,744.2443064219916,814.806922922292,659.333379715208,672.6381770376224,890.1539317136088,863.7347994985305,812.4928750497323,769.5998568148226,869.5877901759975,775.3732195806236,775.5736191298936,872.4279285883995,967.1868905779069,767.0316655168829,352.39090506418455,803.9425898515796,860.7703987806574,963.2736308680171,628.9721043235377,912.7727737110185,965.5383225891487,1037.94513894193,905.6227281642259,958.1295320051219,835.6983304614863,824.7782376054405,1040.576484231388,1062.2367233863245,1037.4094403135048,1049.3789481026786,855.3715606689453,1127.439133450446,916.0470877771438,1031.3453164797777
60,1076.5427047246183,1051.0069293586575,996.1852732454793,858.5975853553185,751.7008587065197,843.4229497136297,742.7035153517082,818.69749472011,659.7304461040194,673.7576339145182,890.7570086282398,867.5906138527432,810.1508642691153,769.0206648336874,867.6483025920347,774.9217773096522,783.2124573424622,870.6020781418373,957.6632752394313,765.735621727619,355.6190319134358,810.2146388017749,860.0974763569079,963.0965705804065,618.6505539793717,911.6954282388648,968.6362851382764,1038.860379522739,904.9098385607348,954.9787068376053,833.563031661609,828.7244178661401,1048.002802744633,1072.2442301236665,1041.3777041910546,1047.5262601143972,853.1594244384765,1134.7200527848868,917.2088236534265,1030.5382230881362
61,1076.542863250318,1059.825096286073,996.7008440682058,853.1338233360877,747.0064210437592,846.8013878899652,743.5158736954874,816.8784923529231,660.8953490484329,670.8736664873228,892.1801958033648,863.6293159313141,806.455739734791,769.3256202903954,866.6758920592135,770.1452014432939,777.4557592371008,870.4673098275488,962.4608693389118,763.4013959058781,353.92662092917726,808.4193274495206,861.17676178073,968.3042932020879,625.4906314046759,915.6398236919736,972.8616812302291,1042.3328461886783,903.4206548076295,956.3593848443801,826.7241826333291,822.5245186626047,1047.6276740066144,1061.9175015963042,1039.8946611704935,1047.9436432756697,848.8871304321289,1130.351732743654,918.2703107821662,1033.032996015939
62,1072.72010133493,1044.1268709143815,997.087898168671,862.1876845139724,747.3769320533389,849.0411256326212,743.9635861524895,818.0342979479624,660.3835400778149,674.0248467423908,896.2051444886223,871.4387141285986,810.7621504607024,769.1673379846521,868.0795085386156,774.8949139983961,776.5907294304816,877.6235916313084,967.8832896276174,768.9685651985641,355.7126991365148,807.3048514763746,862.1524686547625,961.7702912187154,626.1616374567935,913.4356177872147,966.9527655291411,1044.3825206223812,899.932692140715,955.4031718360858,832.7054039821152,823.2251122516135,1052.6635683203945,1067.5695447188157,1045.2275294460285,1051.9179146902902,853.5166857910157,1130.7075015247096,919.6008877296691,1025.486397726494
63,1072.4716280423677,1061.2765440648916,998.993226983574,861.991803917518,744.9977460588727,849.846057479446,741.8720035837657,815.9269477815155,661.1472678411575,673.506416026419,898.8246140252976,870.8549151159942,803.3559850056967,768.3607886030867,873.1549042986768,777.8912021061561,781.4958764380151,878.357057768723,964.9922051599183,767.4049967048095,353.8440327269821,809.3038756256549,862.7728762789038,965.9408742178858,623.4997851221185,911.1490336691196,969.2448509543951,1041.3610570470714,896.6706877512912,953.5020369759548,826.7380729233923,819.1728780995245,1053.980910357307,1072.4360102139985,1046.5956613227868,1054.914552001953,852.5676675415039,1129.6289527863835,919.3654711953104,1025.942377993935
64,1067.9397420063278,1048.82568359375,995.1613346056992,858.9213078425481,748.1194893973214,841.3551483154297,741.0757136558419,811.5636700408431,660.623469700889,669.2888831524987,899.915613487284,862.7173698400761,811.9669589007342,764.7778740960199,871.9457005574694,770.2780824799778,779.0444071004679,867.0877447018678,960.4935281046756,765.7671701121576,350.7445486404887,804.5033339786808,858.3074934165176,966.0592910631568,625.2615074860422,920.0280252670351,983.1243256176907,1042.5649175377532,903.4348814896459,952.7804941832454,827.3488487054494,820.0991522747537,1054.5665152413505,1063.3599901932937,1043.084586287618,1050.5409057617187,851.5004370117188,1128.5482042100693,918.5675705379006,1022.8277632506968
65,1068.1405935158018,1052.5371355329241,995.5502648514308,861.8902503380409,751.0511525472006,847.9817080111117,743.3614898226155,812.8423677611685,661.9106557936896,672.6731477903016,897.2444429750796,869.3973459323503,818.2650039672851,772.572176340464,876.7789401233856,770.6997399356778,782.5848757565676,874.1160826701314,961.6757465498097,763.2531443477906,351.6762510862387,803.7370874165794,863.064553275566,965.5724681752973,617.5212839904584,919.1851525524345,980.459399264283,1038.0901514831203,899.0476762460365,956.4124579818697,835.8587843209259,821.6817759638247,1043.6699721392463,1068.5428256988525,1044.1029511969955,1050.0103159877233,854.7042605590821,1124.4787410575311,917.7072915929213,1031.983351501108
66,1076.744566766385,1060.8256742516342,995.1705833177888,860.1094646747296,747.4973035539899,848.128211562698,743.0883711629839,812.4252641864472,659.3648802742125,669.4436135798022,888.7357218908885,863.3388711125905,821.1052570484303,768.55046040303,869.5003860304716,770.063051703256,780.7874329954714,870.2766089896132,961.6156910542909,761.9575994727538,352.9073732456485,804.2289433159564,865.9567102012988,967.056584991185,616.2980731662951,918.8521148555012,977.1346712638996,1033.3778246661138,896.0473906066128,950.5943133301707,832.454154022469,819.4627632472826,1035.438077269482,1066.3279765202449,1043.5785351719503,1048.1773170689173,853.5192947387695,1132.045846990242,920.2518649884124,1023.5964159156844
67,1066.343199302708,1058.326816480987,990.3917959834753,855.1531188964843,749.1157139369419,847.0051863386824,743.2228115708081,807.6297226679219,661.7106912400988,667.3468835990145,890.3498089502729,865.9098420465108,807.8004049513075,765.8103142815668,865.153681343332,770.3889451692891,778.9050956977593,869.2682628412356,960.7700371911683,764.7996721857602,351.67469042562436,803.2993991507038,863.721348434779,962.5485126866704,621.5451551738538,916.2238810052515,973.0782642949579,1042.0465053792773,900.1056916943155,951.9008707991135,824.0516836623515,816.3679230178611,1042.6430274258141,1054.860610961914,1039.4058539583752,1051.1213066755022,846.5552890014649,1123.857323189805,911.698607487465,1030.9728153518765
68,1072.849184890678,1054.5103784677933,997.4519113262048,859.022800386869,742.7542063395182,845.7133473576727,742.3208381311217,813.1354938298654,660.3996064927843,669.2988009498818,895.6626031461847,868.6664073490253,816.6875231142398,768.5990501610008,868.896102848968,775.7272173492602,777.3443472726004,873.3393077631106,964.332558259141,769.8660837202957,354.0834602597116,802.8878452312147,861.7323801141036,961.859739050401,625.2034695524918,914.4077021808545,970.9547564734711,1044.0016767619043,902.558312835055,953.7049271006285,833.2111781096655,825.5750124281731,1056.0586604270613,1064.7059163313645,1037.0584396902004,1045.550013950893,853.9525988769532,1129.0931950711656,915.5155690402619,1028.1231533295927
69,1068.426739308629,1053.1015027104593,991.9420671784476,859.0195983886719,740.98729742141,851.890481278703,739.3479803284603,815.1664032505913,658.0846259101988,670.3557695897829,896.1260444600746,871.6886145294287,809.8553025987413,769.5996741217535,872.8458533480599,777.6100791206572,776.9188799176898,878.6264499942005,968.545538423025,765.0560864640265,354.7793781803029,803.4186738128217,861.8834736826988,965.1162120177682,619.2660532499615,909.5865025183966,969.9427613802483,1034.6507853076444,899.7498530304083,950.3188395491135,824.4337248999225,822.3071888356969,1052.9561059775472,1068.9610108595627,1045.0560355723096,1049.3221543666295,849.1828469848633,1127.0577217189746,912.4503524877878,1024.5285077011376
70,1063.5071386276866,1050.1436281788106,992.8666196673104,853.5912560096153,742.1468992687408,843.3015628505398,737.4874588695925,811.8086476840997,658.9060592651367,667.6102066898652,895.0564270019531,861.8361670196631,806.416182341399,764.588949564341,869.2075967823887,768.7640977571797,775.3394258939303,877.9936558515176,967.1800673431551,768.1338387420496,352.5363415064026,803.8463811846585,858.1105811529484,962.2775052501037,621.7384804675454,912.8907313683221,968.9797748963525,1038.2702677636173,900.6063061319136,950.34774762901,824.2267728442988,822.9915382274683,1054.1910908162092,1067.209583575909,1033.732500180554,1046.3113940429687,848.7402444458007,1128.5192632565554,911.9852733815403,1019.7015841300027
71,1070.0934169303239,1048.8096332160794,995.7020237954815,859.8958895169771,748.917965116955,852.4726169689282,741.550527771907,814.9142214279466,661.3278688703265,672.0606985674793,902.4827606362641,870.9104597576178,816.9196899414062,771.5264582247347,879.4182716735614,776.2306866352784,779.6712005950592,865.5472199304808,966.8182896647961,771.5727217713583,354.9889771545527,808.8954997159997,856.8803845101465,965.4753909490805,623.5948450690821,912.3418282789808,971.6963212650978,1043.1488995259035,903.9210939287641,958.5459287813537,831.1233041306173,822.3082980833192,1054.4142809956013,1069.060758443979,1047.171435978635,1053.0989294433593,854.5093585205078,1134.6954198376886,917.3746140730152,1027.427050852636
72,1079.1344665251167,1047.305675273039,1003.694094368581,865.3736412635217,747.230224609375,844.9267523482039,740.4452883592293,815.8981421105894,659.2471712506007,667.9317540969113,894.9547251544932,859.766917139771,816.1690169157805,765.292113639213,873.4343874322532,772.9834872624061,784.1077441540393,879.1357782005807,961.8635269397406,767.2763026915875,355.4529363551816,812.5164116506327,860.5847562902114,966.6062962354812,614.5661929281134,917.1763100525155,980.6257646244728,1044.361743777824,903.1940435305798,956.5483894130989,831.093781778635,821.0260211004727,1050.4657308113676,1070.5431588979868,1043.309647440527,1044.7362322126116,853.1524728393555,1126.712090853987,922.0014081357131,1024.4340474982012
73,1075.4872743080105,1043.9873476612324,1002.6981737801199,853.2129333496093,747.9957696823847,851.8111827953442,740.2503475360016,813.7927630326345,662.572641645159,669.0412187238982,894.3353307007482,869.9098008330612,815.298456036603,771.9158007647541,871.7867638844846,775.7735070596194,774.8658598176726,864.8012544478494,967.0990015020225,761.244652905415,352.8664345686463,809.3835421637266,864.0074498793658,969.3567164598313,619.6200723648071,913.9096208627788,979.6381944527656,1044.8167777461047,905.8311182764285,955.5727929363214,833.5094468298037,824.6401796202729,1038.8705829011292,1067.5161282466008,1051.7739047820162,1054.2490286690847,852.4108343505859,1128.5715243167804,916.4142906660718,1030.373118707311
74,1073.1668941446019,1042.536473488321,994.980659913481,855.2364403357873,749.1475452241443,844.7901843302959,740.636539060678,815.4266882027574,660.8120433867924,665.4712185997672,898.8906833709233,864.3130237051912,817.5302167539244,765.4481302209803,869.5134108427266,779.7076410900947,778.5463055621136,871.1288687168867,965.0265403786286,768.6008413599939,354.8374160861604,812.2237673389668,857.8431980381071,962.3902852556347,621.003374300505,914.1317516026161,972.8470709865079,1040.5346724014707,899.8196787814217,950.8330786920363,830.8636207265303,818.809438954229,1051.4868084562927,1067.940950540396,1042.0543356156427,1046.9864869907924,852.6645483398438,1126.0830763308938,916.0763663676248,1029.0512500785248
75,1067.7645918211786,1047.293540487484,993.8212986635358,858.7264169546274,751.0621454148065,855.1086485579207,738.8410296084276,817.1613332610269,659.623543148949,666.7842508297641,896.2917132503771,869.6970326708828,805.1229336773907,766.4730976207836,861.1820469254498,780.7433178438155,777.0077974088899,870.781799082555,963.0709615794535,766.0095565392799,352.97183105315287,809.001976079913,859.2651818809863,971.9864890849695,615.8145622956125,910.4763446981976,968.7358593150882,1041.6108449584278,894.8609943469698,953.6003988942792,830.2208388147276,819.9586347497028,1061.9910073160124,1068.3067823556753,1039.4605057400522,1048.536592843192,852.7199771118164,1129.7855046882482,916.5174951614347,1036.5946749860084
76,1058.8110970199377,1042.2311893385283,992.1539676966293,853.575932429387,743.6463041759673,846.5911526035618,736.9653602713969,809.6613182542891,659.0416488041953,663.9591885103673,898.6731594832486,866.1475698587595,804.056864533601,762.4451879552893,873.0136565599055,773.3677448294017,779.263901930589,876.686474796456,962.1713266130631,768.458860330975,351.4350989659627,804.4477866036551,853.8042534512263,967.1029906146294,617.6646539788497,910.6983847717032,971.3057419478528,1046.3960905448018,899.7714502821408,950.2225175021496,821.3417423973399,820.2913499915081,1050.550056521632,1066.7376892383281,1035.6775712874924,1047.2946815708706,843.852264099121,1122.9585119956298,914.9963715315373,1023.0968236198203
77,1068.7374825456025,1047.2218958017777,998.430591026049,856.7147287222056,745.262949625651,849.5203352232237,741.4598192812791,812.6339429445763,662.4045873369489,667.7720025114692,901.4583178323413,874.6237429897885,815.9353823061342,770.6542323344463,872.9563657190527,782.3594004029002,782.4036338722312,870.2440558539497,963.9395268629045,768.4382490079428,353.0538150414653,805.7500264248417,854.5935230550382,961.101857953367,619.5985432173077,913.0928830981749,975.7664678842743,1046.2781634623777,896.1460549581999,955.1492947717771,828.110764684756,822.5095338683197,1055.3682525378315,1064.849939786471,1044.5126743132662,1057.917622593471,856.215697631836,1127.0440802446271,913.564596342888,1025.8118022004066
78,1065.800398468432,1049.9793944066885,998.3597919592696,862.3568861741286,751.1646917433966,838.7024813471613,739.6009573865292,811.0801970543673,659.4981496296232,660.6960233461435,895.1723163746021,863.8205809761857,821.0493092854817,761.823844909668,871.5226460699665,771.8478303195378,778.7729133354438,877.7962911905457,958.4563812410771,767.3307028111723,351.2822666679762,805.4826541822783,855.1102223115809,958.2249242731955,620.2059842159873,914.4326759433351,977.4262991127061,1040.5249222909938,895.6379294934134,947.5458778222101,825.0133505576898,818.0559873719146,1043.0381849272912,1066.4343361487756,1043.4056339570564,1043.4928615025112,851.3700869750977,1133.4575623260148,917.0161534941781,1009.4094028584441
79,1064.4468416930324,1051.0725409060108,992.425114320905,851.8079824594352,746.7047017415365,849.8323941617399,738.3133182810313,810.2204440430735,662.07641964867,659.2810093183609,892.2120174024471,867.1530090528286,813.448661465115,766.7818325145824,868.9953764179976,778.0090410456311,773.649187360491,864.614050737286,963.4522640015268,764.8703602663021,354.0951598430502,802.1953968904456,850.9804880242599,968.2776613488661,619.5806159973145,907.8092408239594,969.0727726286906,1042.4609496047376,889.6898132068842,949.5098227224042,825.995270027602,820.4091299305792,1043.7440893349528,1065.1241604731633,1046.7607796721136,1049.8655269949777,849.7858200073242,1125.7016971047353,911.7592498519019,1026.9743170487254
80,1064.0107211980344,1037.0466968769929,993.2983647035749,853.7575505183294,742.6823330833798,837.625616640658,742.2252356685809,801.1320989916558,649.6583003695049,648.225216135718,891.6436560090888,860.1917801148638,812.8475615889938,755.9861047074602,867.5718604506602,776.3887714407298,774.2021859975962,869.6081851652299,965.5813827901927,763.8943325121378,350.7143427348228,801.7848924464456,852.4354181909708,954.9604319344579,620.6302198610807,913.8679032068529,963.2208667591306,1032.7404355523306,894.1894704906512,934.438840109664,812.7443852700478,813.9244484279467,1044.4515137231651,1068.5874460660493,1026.9953483753266,1041.6034122140068,837.9407864379883,1127.0063565425946,913.6015861202151,1015.4835346065767
81,1051.421843791979,1046.0057740503428,982.6686612247081,841.0073913574219,744.9027608235677,829.1329308587152,710.3643723672895,758.051352756602,633.4046744089278,606.0188013549019,860.1398451063368,869.131472179744,748.5851862589518,755.5115279120367,785.9523973077866,763.6808804133751,778.1053641183036,856.6650240960249,938.5100850526452,724.1107630434725,333.6404316105605,791.3244870911534,854.0117391580399,955.5377148653554,577.8714874167191,900.1453316716238,942.5367206971338,993.0795276151689,852.2662676567812,908.0072364300432,804.2729355993349,779.3034031080163,1043.0939456715303,1030.3852093036357,1031.7394348340786,1040.8056583077566,849.3884460449219,1112.3682875359195,900.9394755739647,1036.0349772492348
82,1057.3534272483032,1037.4203192263233,983.0327058427789,852.2377619816707,729.1375143868582,704.9247045774717,655.3999636066494,728.1381430734976,598.179325527615,587.8483193510982,841.2651780547288,760.6109571058267,760.4168562995063,663.4377829061972,806.1552826716012,704.0959644850406,764.6888501513135,819.4849228548364,945.7451069633368,722.5228175428725,344.856380630727,788.6746015632118,835.6196341972233,924.639199045907,591.6617111908762,879.7458052892408,943.5567728054305,1020.2803474298403,796.1275784161301,917.8493326900127,820.5675406968298,772.0969171938689,1021.244709175174,1027.3034804417537,931.1313140967268,958.3522602190291,847.5687258911133,1099.115378661174,889.9880583220199,958.6479460063733
83,1077.9527621031887,1056.5985275579958,1003.9329809981786,862.7206373948318,747.7084205264136,820.7783117552061,745.3346639604711,817.7964366248784,653.6127412584093,680.3832353181011,900.7440284042762,850.6345709405144,838.0328549420392,754.4383753183726,879.2333042947129,772.7764543075135,782.5212771237551,883.0555016528601,977.5440354710303,779.4731810461615,358.94139517130066,815.951127121817,862.4972524731521,932.0488632337182,649.2698199121576,920.2734022971506,987.4290063776122,1059.2514723452775,905.9981331925013,950.1830592580719,838.307160684885,821.8013210573058,1029.756432284828,1063.6971972538875,1021.5216682654868,1040.2284273856026,848.6138842773438,1150.8242765112398,924.5828081793877,1004.0933941400539
84,1070.5717624301824,1041.762299206792,997.8558894811051,855.071977351262,757.0857376825242,861.169674950677,734.9208941103807,812.594508528558,659.7209673684741,675.1381964422882,896.8451202231109,870.739953731034,804.4196495903863,771.040821797139,858.6204442098132,786.714648198815,777.1529101696643,860.3668001255313,955.3290959856837,759.3032981734915,357.7342706512217,809.0893189900123,869.1991221897373,975.4592787480988,638.7155754189743,910.77571048974,978.4036648054065,1043.8282893516498,890.6885785857005,956.0584814082513,824.3487135201447,814.8892256142436,1066.1154018370044,1053.7050110743596,1066.8382629198277,1066.1260668945313,851.3353836059571,1123.2482493901161,919.5247245739772,1048.5144829108701
85,1070.428647416749,1037.0990762515944,994.1665609981237,862.0121798001803,753.8706083751861,829.4522049362595,737.4732825435809,808.1593161828939,651.7166841900538,663.7087520587099,888.3399567780672,850.5482461322159,801.6641168099862,747.7740849675359,863.5944639536727,773.0323511901514,773.6320656577309,873.6088487179343,965.9729577079037,767.960913402518,355.9831979905052,807.5285708591472,858.640374056695,956.551650865943,639.4440404992355,909.1104738860704,974.4932730271041,1034.8504792112212,888.0460263814887,944.0912143193341,827.7153824735279,808.5248386548913,1040.5852004620208,1064.6004612262432,1036.8752462994248,1035.875859375,852.5247335815429,1123.2140042242877,912.4198566753981,1017.6401581345943
86,1063.1692847342513,1046.2887598154496,991.274640544077,857.5801856407752,753.116200764974,850.9366339606207,734.2251609688375,804.7241754980221,658.7669886028956,663.5831691904467,896.5579647488064,865.0767164812977,808.227668705693,762.2738550547007,864.0866104632726,779.4913442601039,781.7173860990084,869.1957537771641,955.2179580920844,764.2658331320458,356.72343817159134,801.5507063796152,859.9979692110705,957.4108227755116,620.7654006857621,906.6442802714114,977.619094942245,1037.2399997817738,885.2704590354505,944.897702645984,825.6206569198735,808.5042879408684,1042.7051132586823,1057.4593033423791,1044.4707404133592,1048.2789172363282,851.5855062866211,1121.8644324993265,911.1454853960701,1024.4041470533225
87,1071.0473003128534,1038.3944004603795,991.7585125183791,860.4454603928787,743.4932461693173,832.5369799845928,734.0745018346986,804.4279662329784,655.7961629231771,659.0657134838043,895.6829701580068,855.3370826451342,811.8140656647859,752.723337121912,869.7849474692257,768.4234883398983,777.3017329960079,870.4500520786563,962.116677531131,763.9812063335144,353.1597463856255,801.5224252595151,854.5620398742865,954.6961426861518,624.4785035785876,908.5552960787571,974.6567330389666,1033.3831708684313,886.3928377159469,947.8155014935662,822.4471536431431,810.8347822548686,1043.9259120396205,1055.7200998159556,1032.6674677122062,1042.138327985491,843.5253930664062,1118.9108559327108,910.9682373827709,1010.703747933371
88,1075.1676307091345,1035.205550836057,989.7480148143983,859.4536761944111,742.5599699474517,843.9582439113308,734.7122422403364,807.1223262025865,657.8688511924138,664.3061691679756,896.4000769721138,871.0050209756832,814.554140387641,763.4080183699324,870.8631578283556,777.1980372594055,769.8413411234761,866.4786069438832,956.2777124395225,764.9502632593371,355.68440572512105,798.4938849624323,855.4642659001306,954.1410479250208,627.6416331341392,904.7858709438214,968.3360303633052,1035.5175617580308,888.8816774759332,948.6595412657881,828.6032356703577,808.8072445634483,1034.8667451233423,1061.6552631671611,1045.013424790557,1051.3799651227678,853.1733248901368,1120.8979945858775,908.9968849296,1018.75398602402
89,1070.4169546274038,1044.1427593620456,989.3453727464997,851.3944411057693,745.0799967447916,833.8989233068518,735.4534515836345,810.0951420688266,651.652464972602,661.3318286846688,891.5310209566954,862.8706663076517,813.1918691564489,755.0080806629078,871.0958932123501,774.0669011803312,779.1528944078383,871.1519135807666,960.4625684089467,762.7778853288631,355.9450080440419,798.9603394266468,853.9807355662249,959.1946729811947,622.6798995168585,905.8822925615112,972.8278284365414,1036.4565946269968,892.3265952904354,943.752309259925,820.3298476037901,812.3615631988083,1043.3955862862724,1059.86464544443,1041.2707574482515,1047.7098631068638,839.8076998901367,1124.2750948032656,909.1456001135332,1023.8907619721708
90,1073.783425447628,1054.8924168178014,992.2597894561425,853.6311584472656,745.0860690162295,846.1247437966837,735.3332246239505,813.1986369771606,654.4642670646547,665.9922935510372,888.003195626395,861.7767518463626,809.7142875671386,767.4896784601984,870.4795097548143,770.8583280254343,771.9676054231413,869.6999750246947,962.9208721025341,764.5101555598151,357.3624132602151,799.165469200201,861.2103441551374,962.5743121932038,626.5064970066672,900.8239814473386,967.0855720379601,1032.1958439150337,895.0284574500687,945.88362599324,826.5185536786545,815.3747912420743,1046.9261731059612,1054.7379159193772,1033.2759685945664,1049.392857142857,843.4470809936523,1125.7394654723419,907.9623264727562,1032.7868423908078
91,1071.829404805041,1048.0633196149554,991.1849060058594,856.2666203425481,741.5674017043341,843.4885048737397,738.1273767272038,816.9682970156058,650.6341523670014,667.2675282886174,883.3981303865947,857.5575992302113,809.7696011861166,763.9471570607778,865.8658154477052,768.2146043830744,780.2529112428099,869.8265598340967,964.3098596873017,767.3010528308829,358.54238766637343,803.3827755319134,863.246476211784,952.589184246232,626.5797064429835,903.1595496973061,964.3982603857122,1034.0819040650097,898.1822903046548,942.3078539158859,821.8127703706095,816.9056235050809,1041.4985595190224,1050.8094504429744,1028.5683189465685,1043.8755960518972,846.5513711547851,1130.1719764914092,909.6761336987461,1031.9933028193245
92,1070.4911932621606,1054.5542969995615,992.5677966857224,852.3476416954627,743.5086321149554,844.4870350811932,735.5539830905288,814.7104390688439,654.4076154799689,666.7485580689654,883.7105004043176,856.850590451354,813.3897116767035,764.9536059611553,871.6791325530443,769.9091721859725,778.8235698322674,868.6502369847791,961.6988565667632,761.8636855390884,357.5237070920367,806.0819933477018,862.7609570388086,961.3991272512791,621.3704561434294,907.9803441471084,967.3961320186685,1035.5327954851716,896.1538626060326,946.102486945194,826.1030460073928,819.7246783712636,1047.3834079774488,1056.9903306227463,1026.6623246662102,1046.0767874581472,843.4167514038086,1126.2734873103,908.3702506124338,1033.2221274571111
93,1071.1459593621853,1058.0817752760283,999.2308042719123,853.7540386493389,748.84008425758,842.4399170746674,740.4236798642287,817.5819785422261,657.2099715338813,672.7492609116042,892.1115551499463,858.7305655034792,820.6185086850767,764.8236182960304,872.3304114535287,772.4017443097504,782.1053882640797,879.7768822447093,964.6602993882852,766.7082142829895,360.56503952143294,807.9535432598681,863.9606075700223,957.6802740856609,632.9082227255169,910.8170090038252,972.033252926692,1040.568970579009,899.322664524222,949.7064036418184,827.1519528223463,820.286196059075,1044.9850050982307,1054.9819717407227,1035.3952014591916,1052.6399098423549,845.8555078125,1133.877098814281,913.1050125479952,1029.1314940870855
94,1069.065141910881,1048.1935100944675,993.3887361676506,849.8032221867488,751.1060355050223,845.2135106679556,738.5175731146513,815.4901324106141,654.5223666599819,665.3071173272332,888.7864265240058,866.5008413431345,807.1237705371998,761.363842113598,864.1709540673288,771.0268365444417,774.9751895443424,875.5802882402793,963.0696541258526,763.6925987853217,357.2058223600132,806.5108456625535,866.1399220564048,965.898634648956,628.796829374213,912.0414193181082,969.2760889720332,1036.4660937772783,891.3335871357299,948.6709663058142,825.9812949945119,819.4643742658089,1055.6613636177128,1058.7648256742036,1033.9770798269192,1050.2686167689733,848.3017388916015,1126.0782269591116,908.6097721514672,1033.2580277292352
95,1055.9833081275629,1054.2522010024713,990.5046122690266,854.352455491286,741.6133226667132,838.6159076175175,736.8389546408582,815.0736597587072,654.8757197667682,666.8859161977982,895.4877891742364,859.4175584799224,801.3942937215169,756.3820672937342,869.3943380095423,771.900002079969,779.5238878857958,880.5736654581239,961.0477155501467,770.0262511145208,353.92900875519064,804.2623260320102,858.2148301446401,957.4955736008366,625.6513210095858,908.9516624355712,971.7469961716354,1039.8517655527125,891.46061840616,947.092662948811,831.472564949477,816.9781345975572,1049.609849176487,1062.9781291668232,1036.9515657578252,1041.5925315638951,847.3828466796875,1131.3914439468092,912.3259044395072,1028.1807223314431
96,1065.0372063131892,1043.4480129942601,987.5806809328915,863.1188208946814,743.9081028529575,848.0169811764279,736.9977202913655,812.2774036315375,657.848265996055,663.8007167589243,894.693216152292,855.9937398732667,809.4272628219039,758.0810631416939,864.4181786568843,772.6646648385671,778.3072459461924,874.0231858761374,959.9491976820273,767.3544155150345,358.3164042398847,802.7853848649183,863.8665792270342,962.608822442789,623.4245350486353,913.5137952116021,976.209458801644,1031.9628081081967,893.4517760975092,946.727583304302,827.994341385266,817.5923771512681,1048.8820013479024,1057.5613569112925,1036.4584258346313,1047.2099361746652,851.7011962890625,1122.793788866065,915.6437473907146,1032.1804296482376
97,1066.3036664729743,1031.967265849211,989.5129137360648,856.4585139347956,747.9282691592261,834.1950869173617,735.2460705202017,810.1407757750612,658.0425525846936,660.6752907087565,892.4871099562872,860.3506764108345,812.5550178810403,756.5643572420687,869.1104375972959,765.7395041694854,775.7040143694196,867.3585635364284,955.8974290257178,762.9211091896923,351.35971448247915,804.2444643070677,854.4420052637626,960.9824402395603,628.1935834382709,913.0161763424695,974.4247567580521,1031.0485538077753,890.1197651499983,946.7633175931347,830.0450020782218,815.2099766385728,1036.2476360417213,1054.9418370173528,1028.4525486004698,1044.9196107700893,846.5442254638672,1123.2148039953006,914.0295187618686,1023.2871122304459
98,1075.6696691728825,1031.3466796875,997.761837219924,854.4752727801983,744.0523260207403,846.7069246446764,735.8514502226417,812.4031086089196,659.5701105026972,665.0991400016466,891.9711826062077,867.6032964086993,818.5533819127966,768.4088091463656,871.1713031613958,775.964075013912,780.825215098622,870.402746324795,960.8948581134002,768.8550396850428,355.23760103539945,805.3962888578632,854.7110533345225,957.0063098468612,629.3121542177702,911.0310246004603,973.7872995949962,1038.3615939177614,893.4226526236434,946.213208424751,824.177341934078,813.0875140203946,1032.3100550034467,1060.3869784428523,1045.3245963436998,1050.9436910574777,853.0781646728516,1124.23154095763,917.445673440311,1020.1740209568313
99,1068.7007653421945,1037.2476787956393,993.7255038143544,857.9702688363882,746.1641671316964,839.1915773958773,734.0378688983063,807.9757136498806,652.148007408021,658.3896898104064,885.6901438072244,867.7378314346363,809.0492350260416,760.8549087112015,862.5589394657375,768.7980087536007,778.0465158315806,871.4625317803744,954.7971498131147,760.7645322760355,354.45417677488365,804.4343299976938,853.056508539631,961.0825886684181,623.5982033578973,911.4649498650642,973.575854342408,1038.450045111459,893.6410789330135,947.6273399512274,823.7805967725013,815.5791670204936,1034.0585932370996,1048.531267312857,1033.8020209898136,1044.3345558384488,849.7324432373047,1122.4972531841177,914.5133899290171,1023.374508595606
100,1065.4826049804688,1040.6481503856426,994.41662203328,853.8363929161659,744.3987412225632,843.9751234312315,735.3615285389459,809.0368867217359,658.5540007333907,663.7938515151045,892.9739511479777,868.4825218666788,809.5508084897642,761.791644843849,872.1276037912967,780.5275928348136,773.3686248443939,872.3077586674599,963.0196009602039,764.9404608638016,353.9890881461659,801.7804181068353,855.8179941088791,955.7810944413717,628.1479428441901,906.7711807187662,963.0635746680886,1041.35348323204,893.8950279586984,950.8166456421593,824.0356394870222,816.5364828800809,1043.6671783703716,1061.514036325308,1040.7682614832445,1049.3785595703125,850.0376654052734,1124.6684935120331,911.0847116889222,1025.5087100023416
101,1066.3834242324483,1051.1577111069037,994.9764378579815,851.6596886268029,747.8656558082217,843.5300400192673,737.4139882557428,811.9469015516502,657.7697124178447,666.7146445455276,898.9467783125621,868.495289106461,817.698090673376,760.9060076120737,871.1220766187154,778.1114452511239,784.9868589967161,872.160916383239,958.3115835431869,767.4400248871636,354.6752565646994,804.3334509401906,856.8210456777283,960.1137030947525,626.2528448104858,910.2618978033422,970.0339269345524,1033.6420267627225,896.0250665513042,950.880812237792,818.6405180623709,815.879688207654,1047.1930598411238,1066.541694347675,1041.9636363921825,1049.4158998325893,846.9949490356445,1123.3635609360033,910.6086669791736,1023.7386131955866
102,1071.7686803481158,1043.1467945332429,989.4410419249803,852.4197331355168,747.2289704822358,846.0646803572371,736.4370980333927,811.8855890179528,658.1514030940949,666.3052253171179,893.3748617020864,862.7946496699784,814.106197724519,764.7291934039142,873.492122861292,773.2307947254714,781.4511527595939,879.3083738129715,964.9597747337999,769.0672941011252,357.5183310600076,805.8359032455755,856.998445209704,967.2506405990736,632.7433979134811,907.5325983451115,968.6383056640625,1034.059736198553,893.5399209505345,945.6684379215711,828.4904220202737,815.9552742778391,1044.2249714827337,1062.4934249291052,1040.8366730619473,1045.795003313337,854.809084777832,1124.080728231262,912.3694407253631,1023.5942265025357
103,1060.7360502907593,1042.1758808992347,992.4498795070006,850.1019141564002,746.6006280808222,847.9024879867966,737.6225674757317,807.1468058953292,652.701786949521,660.5590707098173,891.8278347600705,864.1630160708903,807.536797756619,756.1046907579577,866.3424160102197,769.9389297229618,781.5814128498455,871.0147965822183,956.8828134294694,766.0728345605515,354.6915365338782,807.0476777546608,862.5898008553236,961.2709469415445,616.9200342077958,909.7432942370656,965.749321124305,1033.4041644048425,891.0817865986205,950.440940089651,830.3680071870158,819.3850986646569,1039.8107199789094,1062.3724682147686,1037.0552627220031,1043.2509692382812,845.7520205688477,1127.3586198945611,916.3606447004306,1030.8189395659151
104,1056.4436278192165,1055.6165634466677,994.9746817256628,854.6368455153245,754.9874340239026,846.0262452202875,738.1628538672604,810.0233182313331,655.9908017355298,663.981985779054,893.694594368102,862.0565487778838,811.8142479790581,760.295337573902,868.4709026716732,775.2151963217964,781.8094814426296,875.2193258585145,959.4253431600968,766.9145651945133,353.80338377879497,807.744365147182,866.0769160126016,961.7635368414685,634.6820111525686,905.7512355187127,968.5923154866038,1035.1707376661248,891.1634538083895,947.6412482071647,822.8778550329287,823.7757435674253,1044.8741260175946,1055.8989706773025,1038.3688307391103,1047.1290855189732,840.2329809570313,1132.7504805641613,907.9227086699593,1031.491203263489
105,1061.5914696050445,1054.8984038683832,999.9851331389352,857.3585815429688,746.2718476795014,846.6924219904719,739.0361628745919,812.2170505499446,653.416052984813,669.7990950679473,893.4296125785384,863.3880689811093,811.7101583410192,761.5303618972366,866.2584958234836,772.4009907472067,782.4530512212397,868.4938871303281,956.8332023814245,766.3577489656271,359.8253178212835,808.2209328075887,860.4448867656129,955.7578227625484,625.7579853660181,913.012771036615,971.9534279290884,1037.0176178489983,888.9075756631636,950.4699495087539,826.0184285818053,823.5158945719401,1047.4351186031054,1052.6476428692158,1031.6226005922176,1043.5697051130023,848.7277340698242,1131.2482297466177,913.2454293257138,1037.156152379443
106,1068.1342798293447,1061.0462166922432,1001.3152738421151,859.9127577561599,757.9162830171131,847.3421821594238,742.0736938021076,813.5524415206424,656.1143152146112,671.1980606551339,895.5920770231378,870.1188067960586,813.6811916210033,765.5568439380543,871.4541774623068,778.4782638123581,780.3078361762749,880.8598538102775,966.7310837489094,771.5983124270881,360.04446172166143,811.7212630291374,867.8147193743348,967.3461498159223,634.6077018035086,910.9711220135828,971.5537817083253,1041.0726669567257,890.9212435798166,949.8741106471256,830.0106256658381,824.8977095009624,1049.3726881011194,1064.730517754188,1038.7096836298608,1046.7257831682477,847.2489166259766,1131.9818613337375,912.511135955355,1036.705503051044
107,1067.5404011307799,1051.006459761639,997.5817214451479,860.8698087252103,758.204579671224,846.3412028132258,742.553665616619,812.873600834964,654.6982543582008,669.3276564116646,891.3715523210152,863.9595590082396,803.0752775404188,766.0274173633472,862.0765166898495,777.0228738624957,780.0663891467419,884.4306452374806,961.225670519214,764.7544176750577,359.26771482928046,809.5025685479968,864.1103691360898,961.9841648878249,629.47313163155,912.0352747747017,970.1185048109184,1044.4988062341786,891.7322079965759,952.0676429357655,830.2094872845106,820.3839600051658,1062.4370045381434,1064.3586943699763,1038.080778949897,1043.2670108468192,851.5461038208008,1125.800317289272,916.3274642521385,1035.1851729900516
108,1063.3452316905577,1049.5113637496015,989.4419082470155,853.978745680589,749.3760492234003,843.0842055243414,736.7284404697702,807.650216215296,657.7412294054789,663.4537357318056,895.3029290254784,859.420914235989,796.7888616491247,759.0939139288824,863.4830678116351,772.6342365968161,774.3815435053228,871.9603098434507,957.3583782989966,763.8173463172519,352.5676501080451,805.6657252631452,863.1707563370743,968.8918818921114,631.8187784144753,912.6946808747731,968.6083261688794,1033.534044319025,892.9925686505051,947.4087535995686,822.5716688928526,816.2649129231771,1048.3170201918658,1058.4877692002517,1037.5678597109877,1046.4933820452009,842.9175717163085,1124.9124175908464,908.9041843048291,1027.3254457886455
109,1069.7749401800233,1022.2013767787388,986.5349115950338,855.8711106520433,744.2038545154389,845.3078590599266,734.7607016492245,810.4254094697014,654.058609493195,659.857478837875,895.347922188895,862.3000698273588,817.105253064191,759.1395822473474,871.1966050489362,774.9146522223616,768.5403569818853,872.4744867200595,960.2843237552546,764.3799241154464,358.20612899371037,799.2940305036984,857.2849950642777,951.6658044325567,629.0813532377545,903.9245212918989,963.7553089352473,1029.0962954047006,892.3311024430407,943.6058814032481,824.5369424110602,811.1269792197407,1035.940301718832,1062.6037269005408,1033.9517912542706,1043.6624370465959,854.235626525879,1125.6263654570014,907.8229510016533,1019.0960599665057
110,1061.6605765916643,1033.5565870635364,984.7351717145256,847.8310072678786,746.6886029924665,840.4754946940654,730.4681890686946,805.831152182825,651.9583548288497,656.6754396812709,889.7259190473607,858.270314109287,807.1047520955403,754.8238876961373,865.7065871122578,768.549296970474,776.7549079643501,872.133548312717,959.1174489907202,758.2169170674589,356.12116217978615,799.3643286346346,853.9253532480529,959.7070409724142,616.7869220030935,904.6443828408649,965.6484491079132,1024.7593714538234,890.1278631617334,944.4197700399149,819.0911068246385,813.7112864618716,1035.1099602194392,1055.3783202538123,1030.6854770083903,1042.4156581333705,841.6448141479492,1127.107365283016,907.3427899976783,1026.7335599486591
111,1072.9436109724088,1028.414974913305,987.5853934984528,845.8357144869291,744.2661161876861,839.9701615410883,734.1822409558652,811.3105338870948,653.218618362669,660.5706304997876,893.605863379423,857.8779901338927,810.229892928512,760.1618782249657,864.7564841407691,772.0497779206856,769.5158017336668,872.0009514234989,962.8624180827649,763.749630141504,355.61503378002124,796.8513508343488,855.9652143070941,955.9346875216054,624.2725981913114,900.8028283336845,959.872471347177,1038.5580769970431,893.530458458298,943.9169903344402,823.744010483923,819.1639851003454,1038.9778555220917,1048.957194841825,1028.2441282609652,1043.8298570033483,846.1617379760742,1123.0455259125808,906.2130396991396,1023.5655072307029
112,1065.438411108509,1022.0505626444914,990.7004301949834,846.032087120643,744.1647585914249,851.8976977580303,734.9785488754956,813.2788513067262,654.6992867484926,662.490057285959,895.7955440945095,870.8032923266052,810.0572430928548,763.8885968182537,868.5715550496569,774.6470577303924,775.1729196401743,879.4169082349288,961.2258635390228,767.5160593691561,357.66611001112454,800.469637589969,849.9277132111068,958.6240839325221,627.3701208014237,901.2317772069907,962.5757963028423,1037.1290573034873,894.7389364202651,947.5318376515803,826.5819434804365,816.7623127370641,1049.0936394699481,1060.9442116664006,1037.1178188507963,1049.4681830705915,850.3969384765625,1131.3716107949442,911.4194566608746,1016.9176157454998
113,1070.121897425587,1030.9422202596859,988.0084449682342,850.0806297889122,745.7578255789621,843.4155308491474,733.5978812602029,813.1054021309412,654.9073364621117,659.830623228067,890.9683313117456,859.671872350564,812.1590390523274,759.7615846169962,863.4251461240199,772.131720004801,775.3223715981285,870.9833293344783,957.8354538660969,760.7460988329858,355.9695882322231,800.5150995727183,850.532368284999,958.6772639181762,623.9875713398582,907.026622471473,961.8513078748083,1026.7203730577862,893.1353058755149,945.5670911872184,825.1839887130359,818.4928467239158,1051.4430831780955,1060.3680735367996,1029.8126660313253,1045.6495183454242,846.1247229003907,1130.988038278631,910.9597927980077,1017.2561845389026
114,1069.5764521948352,1030.1620383749203,989.2724703670888,845.0991656963641,744.3355829148065,842.5472786362106,733.0423520216301,814.2408731259416,653.3931002541194,656.8765262959471,895.0072929745629,862.3124195356461,813.6374188458478,756.7039992873733,869.919869173057,771.8340667213141,767.7018207927326,867.9886382238161,959.6768969230845,763.6548992235636,354.3644559648302,797.1403816601278,850.6918767686968,961.1215809509818,633.199446075841,902.9917192261248,958.1234370506614,1029.5426199289673,895.7619061968816,947.2156057050152,827.1510231711648,817.1970756641333,1041.6222921419544,1048.8965704991267,1034.3873793427201,1040.052893938337,843.6135882568359,1122.6089344243894,908.4299262723943,1015.7280872188813
115,1064.2945095424739,1043.9458225795202,990.2081069089054,856.6806166428786,741.8558189755395,845.6450465434307,736.2657495754868,813.7257815340423,652.740395621648,661.0052385422194,890.3701485931558,865.2676034418333,815.4792448820891,759.7264608434729,869.2736052903742,771.0300964696447,775.5441223815247,877.4117942605438,957.3508241914856,764.5839093985016,356.39112173277755,802.6878789784957,851.592581639718,955.4515067581582,632.6816988493267,903.766828734845,964.0093005595763,1033.8322881773197,896.2534834730077,946.7360435645087,826.4860970993673,817.0563871964165,1035.834149272502,1059.7772791935847,1036.660149184837,1048.3353229631696,849.0425445556641,1126.763910637048,909.2810069004864,1017.4768978364286
116,1077.2382494896246,1041.2730351662149,986.6379358527365,850.6286949744591,750.4371962774368,838.4542755951752,733.400833585369,808.8458749608739,652.7365513756162,656.424190827888,891.6284681047712,862.9587510283737,808.3982468781647,756.3278453930004,864.2222204454711,767.8220832014883,770.916246015947,865.5468670490601,952.5589131776452,758.9208265874804,354.7270871478479,803.3171712803075,850.0785475220105,962.945552319552,629.2328327078568,907.2993014640333,959.1914957432659,1036.7688579878993,892.5105252445493,948.8286509215267,825.7207177532606,821.3248423700747,1034.2688090861345,1061.3587784400354,1031.0727175991635,1045.288397216797,838.6441348266602,1129.70935105364,908.3526845740865,1016.1176823844687
117,1067.801523061899,1046.0365893305564,990.8916967156229,849.7492840106671,744.2402605329241,839.3748654545965,734.647290585646,814.8417015366512,654.1078875102694,663.4819777080867,893.563470749628,867.9463648167454,807.2087542781123,761.695080937566,864.6569801696552,771.4641362195574,775.1707347827953,877.4811331211836,965.4810341772089,768.0867865257657,356.7311367166453,800.8707125916773,850.4300563564242,963.9750949555794,638.3093924773367,905.5402983985996,959.529713636527,1040.431736439966,895.6869326794996,953.6504941647148,826.5026567947766,821.9148999642634,1055.4861527130383,1063.7404911334697,1032.418465666449,1046.3294587053572,844.9642907714843,1128.4201257932232,904.866676932459,1014.8272450764974
118,1063.5383400205035,1040.131860227001,989.4606918163514,852.5954110952524,752.4635983421689,849.3076694591625,733.4185734079845,812.2371866306174,653.6822904556517,661.25015114358,896.1831628708612,864.4089582142723,800.1712131076389,760.9699150291649,867.2696242666773,775.0605770515996,774.8468171842806,873.456288655599,960.1872326226404,763.1360014197753,356.5488913232796,805.5628087791688,851.2229434742648,959.3622382510025,630.4214408774125,909.5209267010828,964.4695153733704,1035.648399992362,894.5652516895757,950.8895013508806,824.0729697991994,823.2923935599949,1051.6019930799469,1061.733288691594,1035.7161845608923,1045.5910138811385,844.4210531616211,1120.7696395230932,908.7553204046384,1015.6522966351425
119,1065.5063714074872,1056.8628290915976,990.9571709793605,852.2179987980769,748.7387288411459,840.6371501200908,735.9271943960617,810.594560836443,654.2719435313392,663.5256744458361,892.5562254890563,859.6117226947159,812.3815584535952,760.7243971953521,869.9891607418272,771.4561714726453,778.3106709574605,870.0087606495824,958.1377135920645,761.4704863459793,355.50357559905655,805.7526671740474,851.2435363202641,961.2602917156388,633.8508491014179,910.1589125004052,967.15836376354,1034.3840938973028,896.4016283107103,951.9335430224887,824.1434598560176,818.8644296397333,1042.4721579671907,1058.108087833111,1033.3236535369774,1046.061126360212,847.01029296875,1127.494457727191,910.1124974232492,1015.649128339444
120,1071.0690177813915,1045.1651605100049,993.5752169148305,857.8811772273137,744.7285984584263,846.465588750066,735.9621005841155,811.3088106497119,656.0678630405002,663.2315398519829,890.6637733903511,864.9524816776778,813.0066946806731,762.0118980407715,866.8200832240256,774.1871140123079,776.1092281131954,877.5897300983297,959.9093717778395,762.2801903203591,355.5608851151448,804.720081118036,855.0899299172794,957.0656090120299,633.3050629465204,908.0476953023697,967.7959092965156,1036.4785077824938,894.737967774459,950.4926110399742,824.0041397977467,817.8582328022391,1032.744177553834,1062.607174213116,1037.1316129923634,1047.9734735979353,848.4074078369141,1122.831526833019,916.054974781679,1018.8244570905005
121,1063.5014612534467,1040.7191629215163,993.8459628673082,855.5092843862681,743.6086592901321,841.2628615095808,734.6805087416919,807.7495925641575,655.0831970335945,661.3815885586754,888.334133652783,860.1037980352568,810.7494097391765,754.5520616479822,868.5066706245676,777.8660939818654,778.0007032457289,875.1669741809596,964.966047412853,756.7188860804764,355.39215835803316,806.8530073694168,854.118690514343,961.8251153726493,620.4385915555453,910.8576647493354,967.5679134064657,1041.5007107697386,891.5678324041007,947.621137991802,821.5676995900052,822.8283224796903,1040.0425666360295,1054.0188158475435,1027.5842294968977,1045.6618008858818,847.0362014770508,1129.765287786608,910.742846490986,1028.785257261399
122,1070.703967892746,1051.1884485361527,993.7439498044132,858.3491370567908,743.8451014927456,845.1857758599359,738.4328795475747,813.4194803116736,655.6845486958822,666.6251548900482,893.0915891455595,864.5334651247865,807.9576891016077,762.7011279544315,869.3005553523553,778.8779194581442,775.0728323800223,882.4454889407103,961.5601245860763,765.6510620215504,355.6316917938291,807.9113365151097,858.7613629320458,961.5303630997649,633.2879945855392,905.094081261346,966.0060544628307,1043.9589250447364,895.4299594767423,949.3684302082098,830.089729750452,820.6145554694576,1050.964848109654,1066.612023280217,1035.1554661594403,1049.4336776297432,851.1918670654297,1126.5775050605394,905.7463180119041,1025.967853479218
123,1067.6270511678981,1045.1652495715082,992.6375571261631,856.255861722506,744.9806017194476,850.9476848292995,736.9094454637215,810.4765110985296,656.0594116089836,667.5537367449696,893.0248527728692,864.7105604950638,799.2384236653646,757.7913732786436,865.1067779653627,775.5136643734725,778.5241095574347,873.6850259715113,957.5849978064523,765.5529082288447,357.06317288300085,805.9038719644352,849.9418920747266,960.2920364784983,625.9074255290784,912.886743822533,974.5610872046348,1045.0828898339298,893.8500172124249,949.4258654484034,824.2386666290031,818.4728347114894,1053.6398066672957,1068.8335562485915,1035.931934418019,1046.1067168317522,848.8516003417968,1128.2179415764936,908.4579454434197,1017.9960719772249
124,1065.5477543481336,1052.5948492556201,993.2045745849609,862.1914287860577,744.5383547828311,846.7477244815311,735.4054449280696,813.3579679680597,658.0794581458682,670.4850941010993,895.6571856301929,860.1822001466414,809.8324833622685,761.7250719843684,874.1065471128344,771.5950777703823,778.7739442259401,879.5577578489808,966.5370015565514,768.6742579912402,354.87295383283464,807.9225113760278,852.0332719076529,964.4274210972069,636.435513897946,912.284948578514,979.8130811445552,1040.89199266487,897.0445846493773,950.9098568650305,825.079724524632,821.5319653939509,1047.7811820406873,1064.4863893068755,1040.380580693579,1050.5733597237722,845.1006900024414,1129.3103321996227,910.6776607489027,1019.0583200733564
125,1068.4094119525064,1056.632348508251,994.646305555708,857.5368549053486,748.8408769880023,847.3996752146128,733.847705442514,812.5630763295039,660.4869207957435,671.6794820951112,900.5369612274977,867.2243105774907,813.1899528220848,764.9234225298908,869.2985506515222,774.7797766317868,782.0745319743733,879.3226914679867,962.162950544793,766.6969770549499,356.84199037771117,810.4419724711871,852.5522767058098,969.1728213149889,630.095472536589,914.5675102012286,976.0195484746454,1046.0482897199065,894.6996714061274,954.2133522685158,828.273725020984,820.5964899477751,1051.1683503479517,1066.175017283513,1047.937084332923,1047.4554595075335,849.6598367309571,1129.7448087378023,913.3476690686842,1022.354922467505
126,1062.1881365883944,1048.8953197245696,994.4018237510423,857.9927931565505,749.7508406866165,839.9208105963629,734.7398736298974,809.250702650756,657.7953643193321,667.8714704360226,891.9728239352111,853.9241152453652,817.4827849211516,760.6164647695181,870.8212658646362,768.3321664479857,781.2479975773738,870.3308059867771,958.6488551415767,762.6020194574729,355.0639258079602,808.1175719947926,857.3400115494388,966.7945718680863,627.2735464196456,908.6437208246888,974.0270426931556,1046.6282713479836,894.5587993286643,950.2567269544221,822.8030087809917,816.5887053116509,1043.1357101312205,1062.4288227374736,1042.8949133575538,1045.6894961983817,843.3623672485352,1121.7605646944594,909.710357015321,1019.8628528438813
127,1075.5132852269514,1030.089232152822,997.6024360228121,855.366729266827,747.9522399902344,841.4137514475229,736.3302077108355,808.474657434369,660.7726077730694,672.1193173521968,898.263413686601,866.2233356831541,815.1759785404912,766.9637871819574,868.7967756771073,778.7657651421744,772.0594901619377,867.351205760035,958.8973029277047,759.9162735103332,357.26749070850826,803.6983873016981,855.9036474080277,961.972420751521,628.0204297115928,907.3983422750259,965.2339129301668,1043.6379421809531,899.8980682245358,954.1826559859389,829.4573212930978,823.4675323928611,1046.10225696724,1057.9077210059534,1045.7958958861911,1050.453661063058,853.5394580078125,1122.3057337501496,909.6088677835363,1026.2661525436313
128,1073.9975909064797,1029.9949832838408,992.8932383676594,850.9379671536959,745.2743958972749,843.2204550665778,732.8115029406192,808.8983562813629,655.4936357528444,664.8864494519985,888.2971009753999,866.1123810305089,811.4360160545067,762.9636472753576,864.8003652650052,775.2370590124716,776.2313584547776,865.8303180563039,954.8192033332011,764.4378183305878,355.50691563507604,801.0906497966444,851.3345297231763,958.2521956452226,614.6271797481336,904.8675904333344,973.2028786126822,1048.6342388131766,898.3137959117171,951.5311666123102,827.9925325251808,818.1047480486442,1043.68176013081,1059.9029460320105,1043.6611663720232,1044.746329345703,846.1147930908203,1120.1904916580609,906.7169767920651,1022.8896625362642
129,1068.2327549446761,1030.8425878408004,993.5957766757922,852.5690439077524,748.0703306652251,850.2936671488994,735.4485473632812,804.1671442664411,660.5170630197676,669.0138312244721,897.2789390604332,873.6276676877135,802.453692316126,766.5931432569349,865.6772490216357,776.9557102991882,773.3162523206773,863.5344889556768,955.5207754996827,760.4308664774157,353.5342239876816,799.5531736768717,851.2435939540804,956.4544240225733,630.4742940099616,909.7516033758267,969.4551050853145,1042.0163546940469,892.7914745378694,956.4029860668436,819.8511352539062,817.1605184803839,1047.8051983488708,1059.7030801039475,1044.7575365661426,1047.1326771763393,842.2115365600586,1115.6717145780951,908.0212959989047,1017.310118290416
130,1062.9625338040864,1033.4452327806123,994.522740224774,854.0312368539663,740.6563582647415,819.6433961198137,718.3091111823694,787.4279921990943,652.9974172077482,650.5391492812963,894.6832867173291,863.438627776609,780.6626603020562,756.495350090233,862.2198848935511,770.9842754342702,780.7622781271463,859.8148390963617,954.3522846977118,757.0030518512136,356.7523916909521,802.1532797410259,855.3672789582527,958.2631841338841,614.9689921328896,905.66552734375,969.3370327627732,1045.5526805003929,878.4841299655548,947.7228266156828,815.5808302193634,802.0061152361442,1051.2145198533515,1049.2901587853064,1034.3380138728396,1035.904158063616,843.947234802246,1111.8481721256885,905.2265698528494,1019.1861600820084
131,1076.1268097890447,1047.5751828563457,995.1970346857993,862.2207247220553,746.5527038574219,829.4243803282042,730.8722638941523,806.9941157834199,650.0874297732398,660.5568982458575,891.1283557225787,854.1327690296234,807.2053055798566,755.4655053422258,858.5678701928621,772.003996268331,781.8793472457718,875.8467195591251,968.3287672633447,766.6817391090786,356.73350968123395,809.0330678422666,854.0118232467227,959.280401989422,627.5558630290784,912.4142185068724,978.159473629817,1043.0299358687587,886.2973937988281,950.0723568881938,833.0482419857309,821.3455171446869,1052.8747040564272,1056.1472338162935,1025.5921597496106,1039.4060784040178,855.162006225586,1129.8069958449323,914.5711286988086,1006.6928814447414
132,1072.8544883210195,1056.4110730229593,1000.51202341144,861.6292569673979,755.9622831798736,849.9413487202412,735.064400060853,812.044620722343,658.7296322413853,671.7045512920024,896.4788647202588,866.5487635572623,814.7662207991989,766.1905004140493,866.7753302655096,776.9632389345649,778.7040505880838,863.8377824688323,958.7870576345376,759.1234803052292,358.65063562064336,809.9768310635848,859.7195564955011,959.6568355053927,630.2620517329166,916.9592786606911,981.2067687613833,1046.1648259509209,893.8121851198842,958.1210968770383,827.0890346558626,826.8645488352015,1047.3858052742582,1067.3753436161921,1045.0591397300793,1049.9648845563615,846.1784494018555,1125.8935584291187,911.9369543600184,1024.5905504728619
133,1066.9065303198352,1051.0052066725127,998.2286104352287,860.5130535419171,753.8016560872396,844.7505378723145,737.6821282230206,809.823223848355,659.1279853336395,665.3897668372397,892.6636677091084,861.823815839467,813.4634019357187,762.8723220825195,866.6309035185078,779.7730627645993,777.5535865196815,878.0964426793358,961.3216896638047,765.6027206637195,354.93933927967174,809.5821435333341,863.2748658738269,964.3650982612003,637.2433374806454,912.3540261929461,972.7125483787864,1041.8600849172922,895.4131702119835,953.1601943535416,834.6472576551201,826.1273288450379,1056.5007347299272,1061.466300377479,1048.3547647850307,1048.7722154017856,852.8822534179687,1121.0126017720306,910.4739584526274,1038.3918815746642
134,1063.6901493676648,1047.0848955426898,990.9948913917112,857.0316115159255,751.1625526064918,849.4892526575037,731.7815141820196,805.1405673529929,657.6850674341596,663.3824436396264,896.0219102486101,861.1919042458488,800.500075615777,756.5356581404402,865.3257885471921,775.9607279686954,778.2488161862551,864.0535284166592,955.5994609697216,761.3809381367005,355.09247580341906,805.3339792145932,851.6980067391883,959.6601573302682,619.6501054763794,914.2325880121888,969.9805110627157,1033.96509368726,889.2443700814347,951.0082614037299,815.7519521161545,818.0747654127038,1047.2101073705849,1058.4430189866287,1038.8706761203778,1045.803902936663,844.1694482421875,1112.7675944945822,907.4571134327317,1018.0895170691417
135,1071.6804411875178,1043.4562029157366,988.6891916682212,850.0384174053486,748.8272196451823,839.9929883802259,734.7827895434934,807.0457248033381,655.0948158143059,664.0135508564891,892.8558549830523,855.9239854229992,815.0942841141313,756.7381950584618,867.6621273927583,768.8838523140166,778.4209497472742,870.9764412481666,960.6523353847755,762.1515056374146,354.81334646816913,801.2364192328718,849.8693222187621,962.0926486665169,626.236107575266,911.9104920699883,964.99452181389,1024.318267992755,890.3890291477347,946.6162764894895,833.4401255205643,817.7160113790761,1040.819958855124,1050.630170235267,1028.998135974553,1041.4780998883928,853.8234149169922,1121.1502021409542,909.5913197206281,1013.4166754114698
136,1068.520123650046,1034.1167210170202,990.9386133772604,854.7335186298077,750.2557111467634,846.800198013718,733.0002020081478,807.7005011571862,654.4080975244916,664.0660831138636,891.9399222722129,862.6318822535671,810.3384190029568,760.7301085188582,862.6330638477283,772.0914228215564,776.9058160467462,866.5786461373399,958.2402281785374,754.8206489307364,355.9725756809629,802.3136658070733,856.9256601245041,953.8173903743777,620.530259483739,908.1011099281153,966.0259009987299,1028.0070405246158,894.1716887023159,943.4405358909881,822.4229640487797,819.0792924079342,1032.536221800732,1065.0327453613281,1039.004529554361,1045.9332568359375,845.6385824584961,1122.3151044005178,912.0994152077226,1013.3244525396336
137,1063.883195005391,1043.929878701969,990.7480602478713,850.2863163874699,744.6857575916108,835.203957841203,732.1252593994141,803.131176804345,653.5802565075103,662.4116250311064,891.1653303519759,857.113393703841,805.885506467466,754.4906117207295,862.8146765452029,769.7920765796853,772.1532223879636,868.6638206978868,956.2252584544535,761.2073194759408,353.3453623323605,801.0087716683702,851.5432848856545,958.5285860584901,632.5497017408672,903.9470222441487,963.3287649330186,1032.0780387324328,893.3843362081999,945.559770211323,829.5346730129778,814.5501198146654,1039.3385143119747,1051.9967622023362,1027.6519506521931,1037.5064899553572,844.2474603271485,1126.362937488775,907.5117536923016,1019.9183487920036
138,1065.688731474035,1037.9112573740433,989.1718689993526,856.6957106370193,746.7300182524182,845.0814458486196,734.1529846191406,807.4685078127715,656.012884412493,670.1140236133931,892.6847283903253,867.3655776241585,805.3217440004702,763.8670808946764,863.7790126448627,775.1000202541245,778.4919061346368,867.384842562036,960.4736504724183,761.7689341024026,357.67529876387437,805.3554589185353,850.6980881823844,954.009731056416,631.6735727912501,905.8092106862681,967.3561142997507,1035.4438965866686,895.8303488248562,950.4009793768346,832.8296700469718,820.5535926265993,1039.6449602912453,1058.4504470825195,1033.7771170760275,1045.3117494419644,849.6691732788086,1121.3105870974018,907.9000828464402,1019.3598984389278
139,1069.3518317727483,1039.3737543845664,989.1877770584621,854.2523221529447,748.9830344063895,839.6436549006281,736.5173517483383,808.2693700342045,651.7283360314748,664.3944563175704,890.1728860360605,861.8704443437877,796.8591932508681,761.1573268787281,857.2039758886358,773.74246983022,778.6405814034598,876.942556797773,960.3169468913586,764.8924517582373,355.0967855862274,808.1069000955921,856.1986114218508,958.7073499291344,626.5813368245175,906.3814271792337,966.1400217629649,1028.4756473136347,891.3751070030563,947.2905567610738,831.3901836300685,821.1237030029297,1049.9531652626872,1050.4478453122651,1031.2830308135299,1043.2503050013952,851.0782971191406,1122.8733237547892,909.5998639267391,1021.9248288695575
140,1061.376037045302,1048.589643828723,987.725696692306,851.2592341496394,745.2535029820034,844.926127253352,731.6084594726562,804.6673180835826,655.1542598179409,662.967141240356,893.702971604766,858.8124818464568,785.4952717816388,758.3019161739865,864.3912817472901,774.675367472558,773.7319832267342,872.383155676597,953.9781559203482,758.4919838561225,354.6133938420321,805.438614291978,852.3016661652839,964.6823654849973,628.8008350071154,906.7815354216643,969.6859520286139,1032.1649019891324,894.0861733408652,949.1460807554183,821.9102525947508,824.3461104683254,1048.666359524767,1052.3670536921575,1033.3082628648765,1047.2114413016184,844.4354574584961,1121.9751348385867,910.2048170663146,1018.3996333964387
141,1062.5846193063312,1041.935225506218,989.8580346268214,854.6188063401443,743.465074085054,839.2022420522329,735.2220846147679,808.6584241980974,658.243821583097,667.8089095664561,895.4103763317936,858.3204743118531,804.9649398521141,759.47617185438,866.7582266832189,770.9772512766236,781.2304462810139,876.4514924849587,963.9160648868774,765.5098530877497,356.46039478806244,808.0794863686965,853.3904887574377,959.2428253984029,622.7494831587139,908.173154712218,969.8274629745015,1030.6477823097612,894.7987727081427,947.37250751879,832.8634174441503,819.2772097380265,1040.8099429346935,1048.9323751009429,1023.4796470323176,1046.9558330426896,855.2353030395508,1120.811770384339,910.2578993026635,1018.4208417747453
142,1065.5942761175233,1047.773736447704,991.5912827052427,859.6323411207933,751.4363228934152,842.9716279313371,734.6299581954728,809.0106788741891,656.9069479684981,666.3634276436073,891.1855543025587,858.963943923018,804.9685713591399,758.9826427150417,864.9664561141461,769.6639496361078,782.5120276147193,876.598878356232,957.925380029049,759.866954056258,355.567637710279,810.4189797893557,859.6311335607948,962.6323247588841,620.5208546989843,909.7692154373865,971.6728388312404,1033.0099497534043,888.4934217381178,949.4533964732566,822.485687003648,819.3177532251331,1042.226785098805,1048.9841923346887,1029.844338371056,1043.1315944126675,849.6237307739258,1126.5751151015475,913.7361638571408,1019.3701613576789
143,1065.864568788002,1054.7894853864398,990.2200559123179,858.1885493351863,743.3410906110491,834.3503108668972,734.0363134127945,806.6815244033648,656.0624548291403,664.1244333641322,887.4683141960669,851.2674898104652,805.4615309256094,755.4130693384119,868.9871700047566,771.5480653560361,774.189449436062,864.0994896431993,960.7808549755116,758.0328125806199,352.3428562792782,806.8844532424438,855.8358758979538,961.6781286729121,626.7829865405434,906.9351454612131,969.7787726466642,1026.7633685746007,887.9527174179524,948.8568046902795,826.9170915587874,810.9051007256992,1030.4347503405659,1058.7431171123799,1027.7148804495955,1042.2473355538505,845.6057208251954,1120.42725006922,912.1175069910631,1016.1820026420013
144,1074.2464287529165,1045.7301181092555,998.2736531804117,856.1381596491887,746.1267060779389,849.4116762522104,738.5360430817105,809.4895935107065,657.6829787360298,665.543779695149,895.046470440254,866.4095812242514,810.8434523970992,764.5724003766034,868.3615893824954,777.1064207620461,782.4360834478022,874.2202376442394,961.531286249306,761.4583377444867,355.9137480505582,805.2336790568627,857.3368832614768,957.7744000190128,622.2863260570325,909.0881314732721,967.6160926116756,1037.181725528653,890.2751988367057,949.5975946357626,824.8252926660963,814.4441183338995,1036.2615469283417,1065.200325012207,1044.9639600158887,1050.957410016741,850.5866903686524,1124.765943505298,910.4957106860716,1017.5797801770663
145,1069.5619633877438,1039.8496168486927,993.6969390183352,857.6430232121394,750.0432157970611,838.1513172871357,732.9551842532941,804.5516475522381,656.4253919086759,662.4965751470094,886.3332869110915,858.9196373059435,805.7733366789641,755.6422018102697,868.9724431900081,776.4690343760911,777.8652115706559,869.8430266983207,954.4872349772961,760.6989554670669,353.11552083172563,807.863012641929,855.7250980341767,967.623458457204,621.473650530765,911.7152428844657,966.4224172018788,1037.4602049076357,893.9599305476105,948.3693050840548,824.7347840868737,816.2396706843722,1033.4743442054555,1044.6850967407227,1033.1874016764846,1042.2784835379464,849.0475769042969,1124.868561843346,911.4820841644872,1022.5562633492096
146,1071.0200327877544,1045.255703050263,992.9051616540116,855.6961397611178,747.6317124139695,844.9240678323282,734.5451723924324,806.6712655088044,659.1907350449335,665.5423939695695,892.8049020111246,860.0868891381757,812.6310586999964,760.379139152733,865.9157133771045,776.8490714813744,780.7160027472528,874.0772952960368,957.9685027611437,766.5872446040518,355.8205607828053,805.8753801796248,855.7356705326044,962.2148124222207,624.9764589008532,908.0778205839924,969.0044477029812,1036.0064976868016,894.5058397109539,949.8000905219699,823.1603317891271,814.9867261803669,1037.44901256401,1051.43007175739,1034.8496617749572,1044.7680255998885,849.3013790893555,1126.8050817730782,908.6900270051285,1025.8304142645227
147,1069.3332185356865,1038.6025122817682,992.3590790823604,859.2128549429086,744.9005904424758,838.2734299737054,734.3970960930212,805.763513635347,653.7352418445405,661.3578053195376,888.9166193563472,858.1958832081491,798.5016216984502,751.6598993249842,855.7929689752219,774.7371292540481,781.7630752731155,876.9160923281848,961.8636930049373,766.638871070036,355.6503579927701,807.2488121722251,855.8626720322175,966.7062783030282,630.3114711861862,915.5636052175181,970.2355563859998,1032.3570031533693,885.6052930504707,947.0807830984271,823.8827005181431,814.6726021144701,1043.21992197758,1050.67901127155,1025.0571534380651,1040.0491993931362,852.5835287475586,1125.5448416640475,910.6448834059335,1024.8273840117872
148,1074.3141487777502,1040.4988727180325,991.0282759077094,853.9942866398738,749.3386201404389,844.9132655375713,736.0404861222452,809.7476772565248,655.5522924756247,663.4266024770461,893.4280351911273,867.2115541317072,797.6765619066026,756.7892591115591,865.0038010713359,778.5065329780791,775.050288273738,883.4196122560464,960.9186627538071,761.8012592374664,353.8047043847855,807.0195648816167,861.8464262876718,967.3603537230365,621.1592802750437,916.6964417770196,967.0725015277511,1031.2575260780377,891.9644102471643,949.0314912452191,823.9991404635847,818.1528023982394,1042.8197793399586,1058.1868203970103,1033.0384823716338,1044.969079938616,850.809201965332,1122.2816164447886,910.7471174878607,1026.3492610105993
149,1067.6640901177177,1044.5311167191485,988.5054197847173,849.8844397911658,746.1742335728237,843.0008570696857,732.0001753622026,808.7830735852485,652.4745285397485,657.478534600359,892.8138087842831,856.2148364885827,814.3538551613136,749.4920476965002,870.3207028096892,771.8425918664346,776.612538767385,873.7248864886404,957.3504620082488,764.4635054401516,355.37795566324985,801.3187539236886,857.3759329119703,962.3647925452849,619.1408296886243,912.0315009785886,965.0548473896424,1031.081086398503,892.8996744195787,944.9173959228979,819.8943713479791,813.5116150344627,1041.382192916229,1050.9489421844482,1032.0119691707696,1041.0891585867746,844.5804675292969,1124.676884559836,910.1239275901811,1025.567992450201
150,1072.5492269248446,1045.9085325902822,986.2666684268565,854.1606534517729,742.5513574509393,841.8193828479664,733.4180343400186,809.8905621059665,651.5390878102136,658.4411153394693,888.0536754143932,859.3736223913849,816.3916264851888,753.3167848329286,867.9622449135868,766.795939866391,778.174557864011,877.7731730143229,961.7637673005235,764.967020742672,354.552968244443,797.1862875713203,862.8686066146237,957.7086597543902,618.03268904435,907.8650692508428,964.0414147874329,1029.4360337923358,897.2753043074987,943.6386680530642,818.8345856469525,812.0198282435321,1026.0699275681952,1051.466927601741,1026.2288529865227,1041.195277797154,845.199319152832,1122.2065495165828,906.0057867249446,1028.2653346368445
151,1068.002841034626,1047.5343970473932,984.9532021511807,854.8796461838942,744.6126912434896,846.967363202894,730.6989855410447,807.9236677671479,647.2472466362847,654.9344347374232,888.6132588865896,858.1829671093122,806.7762891981337,754.1060949789511,858.6003546345278,770.7416117577579,777.0896495777172,878.2764513739224,953.7232951052903,764.0167992631185,355.4486424447933,800.6580124123799,859.2575209295786,952.9474579127489,615.2196381719489,908.6284465868938,963.6045094121454,1027.6775613283978,890.4177249924409,942.0304485516485,825.6086022243027,814.4888858518739,1033.2354390120306,1044.739771769597,1026.1744298413635,1044.3853182547432,852.6803909301758,1125.3310726940404,908.0798199944404,1032.469072219224
152,1057.5222524237308,1037.9501143474968,984.3417126944895,848.4860356257512,746.674071539016,848.0041075010557,731.9679838721432,807.44784163944,652.2864259992327,658.1461404389507,895.0736281783493,854.8875024924324,807.2074074074075,754.2115940403294,871.2318831440267,771.8721374852697,780.1538991404103,871.6341380853762,956.1075953759517,760.952087333522,352.2801768715811,801.3460756529872,857.1616815620163,955.8915216226493,609.6238719538638,905.2316881868354,965.0187658766296,1034.7876788091394,893.1290308740847,945.5510625676367,820.9496581022404,813.7748908443727,1042.7760886825433,1050.8985165816086,1027.7984065702874,1042.6918082101004,847.4225317382812,1121.674930031729,905.7449601098165,1028.4819937365794
153,1072.561382034785,1044.1133796536192,989.7281512999803,852.6024165226863,744.9972585042318,847.1074509491791,736.0958028764867,811.8328281000275,657.6404543074351,665.2090125620557,893.227924246006,863.8898977788698,821.8363906295211,756.3223295469542,875.0294293055235,772.6288723226367,777.889150430868,873.1964119512916,962.3491604412873,766.939244103186,355.14361961408594,802.2917461784518,853.8142753105045,954.4826049804688,617.9928744466681,909.8423464446641,970.0633020693539,1034.7730997607694,894.7447127976677,950.0273130586975,829.7824918888817,816.0189706553583,1041.6662754090894,1056.4625860360952,1033.5896182535546,1045.1630226353236,852.724817199707,1126.6084599403587,909.0347749429471,1022.6696257117198
154,1067.8692022125106,1048.221611801459,995.1888223712364,858.6328998272236,742.1166018531436,847.0407392140982,733.5346579480527,807.9576975132943,656.3794877794054,666.3830427157534,893.008395644092,862.9545193883768,815.7107155693902,759.1234101991396,865.5839089256372,773.1680163165045,783.4700642680074,872.8968920945208,958.9597418925484,760.5718188187511,354.3952419237159,805.5306287937888,856.2490566950464,958.1024299554065,621.1450272610313,911.2310568148664,972.4789559768021,1038.070855167325,893.7906744410303,951.8589126615868,824.5302956321023,816.8703790194746,1039.7859063669414,1061.073756144597,1039.5964037536426,1046.6605303083147,853.3469235229492,1120.8459980113296,914.9833481388051,1023.8592595329062
155,1062.1896947800303,1048.4227892817282,997.2084263147933,860.9341491699219,746.7071751185825,841.5612521815945,731.8372340415841,802.7989193408583,655.9274091569204,662.9920898511095,891.4781822729364,860.7268368638213,806.093734854239,756.0384770986196,862.1813712595134,775.5268445574371,780.9621592091991,869.4720333873997,957.4161274711493,762.0148427904267,351.3998641602381,807.6179174306442,858.5165637698336,963.6795087156042,621.6095595108835,910.8256537093166,972.0032348632812,1043.8404733668492,890.7394769261572,948.388543666427,824.2849428791645,816.4681962607564,1033.559835994945,1053.2873071523813,1039.7760131443429,1043.1802913992747,850.205576171875,1116.2408851828154,914.3736307758259,1026.2193103812592
156,1068.0189769624046,1044.9526230169802,998.5785447024227,854.2931748610276,749.0716480073474,851.3653195355389,737.5508354528627,806.3033055713852,659.3591360667396,666.4086635871715,897.4155696485409,865.6418225450915,794.4573162220142,758.65202290303,867.8345625198195,779.9234782810317,779.6382603907323,874.762473504662,959.0001301257138,761.1202256409164,351.8887814415826,808.1992001992273,853.8626727880708,958.0428050893598,622.1366354289808,914.955945280083,969.5303696708445,1044.6754832347679,895.7259622358378,951.1007311710597,830.2117945143013,815.7473776997,1051.1135092342602,1062.3406819563645,1044.8119848318806,1049.4829895019532,849.809108581543,1122.7226801028196,913.9450273330787,1025.144445229692
157,1069.211295149445,1050.6691776197783,993.8491756139176,859.5852600097656,751.3044811430432,851.2830452790131,735.5064936395902,806.7899412060632,658.7861177959139,666.322150135347,897.527006199751,861.7331027800631,812.3521707040293,757.7105809804556,869.0825765124106,772.0859410802746,780.0393384996352,872.4291434452451,953.6936620721963,761.5743802552371,352.1836282234082,805.6883569834183,850.9290884862374,961.633296460177,621.3175289756373,912.8844113171842,965.172666959236,1036.47750666954,890.5977624869247,947.5199564114015,827.105012247385,812.587453648664,1046.243968033991,1056.7105283003586,1039.033610549387,1046.1250840541295,848.756735534668,1124.433345400054,911.2391850648404,1018.4990516350283
158,1063.3642357183257,1050.4963111098932,987.5244702971384,857.7605285644531,744.2928495861236,850.7093897639094,734.89175118973,804.4728231442172,652.7649316333589,663.9146844152469,887.8471547283193,862.9632691999724,810.3605204829463,757.5657364097801,866.7578724090464,772.2083273093793,783.4082819341303,866.3206156880462,955.7631386693964,757.149390771217,352.3558814680896,804.0804444249101,856.5585880811001,965.3656302933144,617.8471831271523,914.8867605375551,965.6882369152607,1029.2251667044015,892.4740134522506,945.5059087127164,824.984536919712,816.3879516159279,1033.3211964839647,1061.228121830867,1035.9184215091816,1042.43222429548,847.3454052734374,1120.3102639150802,910.4139302137818,1023.6679178873698
159,1065.5252992103542,1048.144814627511,986.0807443683067,854.5198082557091,743.3973606654575,849.34910707216,736.1003149231868,803.9031659432106,652.2944524250333,662.7538154753842,888.4733126201327,858.0381891673784,802.1341052020038,757.0886073756863,862.320981184055,768.687621729334,783.2546990363153,870.042689531699,955.3509177580703,757.7319030073501,350.6635676855328,802.3129559842213,854.3499009454214,959.4082992688744,622.7501820012143,911.131541145293,962.9134240647767,1033.1682636964254,892.6879638927252,942.9685902894108,824.7190541669357,816.4802060334579,1036.5715567965467,1041.2649634434626,1031.2323543634445,1043.7219503348215,846.5026132202148,1124.7876619653227,908.834176297381,1021.606890315898
160,1071.6513832057763,1036.935756138393,984.060262444314,852.6222125713642,745.7387927827381,857.6749785139754,735.1568749271222,806.925195051724,651.9037404136052,663.230130223216,890.7961256239149,861.720879557815,790.57404361301,756.3435862773174,865.6965847789581,775.0314806719732,776.3927551940247,873.0478935387856,961.6061478822969,757.8456726811596,354.23704514192895,799.9274585601539,853.7818085756095,959.7653468309251,618.9509305452045,907.8465968721636,959.5983789362059,1028.3871661138269,890.1970843071718,938.9865774773556,827.2117183464618,813.2645093392634,1038.9721056513426,1053.4809144827036,1031.6266408840559,1043.9336985560826,849.3796179199219,1124.2180535912057,911.5071691582198,1022.5691881681744
161,1064.9324680518241,1055.5061197086256,981.0380022713308,852.3677936260517,747.9471675327846,847.454347146524,732.6860848042502,806.4465473398017,652.4772755456349,662.1168223561965,891.1645257536065,857.6014562281765,813.2093072396738,754.1773315635887,865.0638806107299,770.010896991751,779.5116952749399,877.2953305299254,951.6719505968433,756.4590591352011,352.698093978838,799.4904335844968,852.5185669701166,961.2132822222414,618.2747972388016,904.8579734707274,963.5792034125767,1021.9254206652082,886.275442211199,938.196562157184,823.1814075816761,812.1134670091712,1046.0164551294151,1053.6947006812463,1029.2391237706618,1038.6889191545758,848.9152993774414,1115.7271106471503,907.9723862767983,1018.7072807445861
162,1061.7816786269796,1045.2020612444196,983.9141761694061,847.7303870567908,741.5707295735677,844.5911032186972,731.9091571409311,805.3394076130442,650.8814791724795,656.2279532576681,889.1442543312355,855.3173031331642,809.5021798593027,751.3982466620367,864.7621500500894,772.5849827601257,774.907703441578,875.6950606422863,955.3490801970971,756.1391138882981,353.2405961098799,798.3839867594638,854.16357195119,958.7489397167104,612.0403680299457,897.5645480967162,951.009205824027,1024.9871936989896,887.3479277159878,940.0319930769687,822.4273146952479,811.9513923534448,1032.5825372263164,1055.0914130577673,1021.2365969936948,1040.404038783482,846.0530114746093,1119.4769467174779,907.6549327988614,1016.6694238673874
163,1069.5980815628534,1042.1629458057637,988.7159248952115,855.4813485952524,745.731937953404,848.5289974728146,734.7088969216418,807.3858708886967,652.3746330624535,658.7772778391454,892.6278278007709,861.4514067916625,810.724752581561,754.0680405900285,863.3236955593433,773.3020588965389,779.3754292582418,877.556196190845,956.4404014935953,764.3482521489724,353.4364399745547,797.5419076635956,853.6565909843326,954.1943245946834,613.5910026148746,902.5771578080427,955.6352078490462,1031.7016156585523,891.8344892557694,942.5205795027499,820.0040787625904,814.5472432012143,1039.6012162921809,1060.66360106835,1029.8166344940087,1041.0152863420758,847.9756506347657,1128.0519935344828,906.3542121285315,1018.4920856855069
164,1065.736409044913,1043.0775258589765,985.4067026202598,852.4557678222657,748.9016592843192,851.1205310306034,735.2631849602087,809.9013369474205,651.8596291920495,657.7695372725607,896.511655131345,860.570256076825,799.5894989578812,753.4948578911859,866.521113209179,769.8094509700157,779.860115135109,876.413662497568,963.6564470475096,759.923127700373,355.2564471635782,801.7038586674904,854.5871733201916,962.5378039874862,617.7196917282907,907.5725095123671,956.6168415092983,1028.2179183533738,893.604370627942,945.5622878246561,827.3380762525826,816.9049213796422,1054.5870545972296,1057.7537731757532,1027.565411239575,1040.058091517857,846.332794494629,1127.775885687934,909.7740450535756,1024.6769460934645
165,1061.037114070012,1051.0716216418207,987.9087584420537,847.9207261305589,747.3715144566128,844.3249138497017,734.0631975771776,805.7447834717727,653.6962556990367,660.2531471559089,890.7411013002749,855.9607042515009,816.8691401728877,752.3367921983873,868.4893562345047,771.3718527682,780.5312939318982,875.3999498155382,958.9853933886224,759.8621659131394,353.5882517533284,805.8429796758268,855.5502616008368,957.3784871059181,621.2355566526714,905.634810704908,957.24813824051,1033.4648023211091,893.7776376891834,946.9481213911661,823.746577491445,814.7885600656703,1034.2124469660912,1059.3874083298904,1029.7454612216766,1040.4284608677456,847.2248397827149,1129.7067662966206,908.1727165433643,1018.8891279432509
166,1071.654444353613,1038.5116950833067,994.0665478652783,854.0985013521635,748.3511505126953,851.4256740260769,736.7345865733588,809.6308901652296,653.2355549524701,663.9171509050384,892.369221197865,861.186075780936,805.583080122206,757.8431771768106,869.8114826723219,773.0217539185252,784.1834941486736,874.9611237624596,956.0986721600373,762.609262938352,356.15076686909345,806.7394919437153,856.1033491483045,961.886889972518,621.5327871222245,907.4078361542888,964.8957208738736,1039.6096193111143,894.5410554638468,947.4444908996235,824.4014695853241,812.6854250258293,1040.9958383255646,1057.3265034602239,1036.629888111372,1041.7543985421316,850.0297076416016,1127.1549217253353,910.138776441627,1027.2149366412245
167,1070.5923343157876,1047.294565628986,994.8659847988172,850.3935204139123,748.6350751604352,852.6734558311668,734.9479780054804,810.4891393290693,655.5378506978353,664.3730753288391,890.4230841581153,861.7666663264922,811.3529235274704,759.2838374988453,862.7806754587322,778.2381866284588,780.7678993979653,873.9724830832062,958.7784138790847,762.9040335650296,354.7315914530407,806.8310971273972,856.3092921584753,960.7823048819483,626.2276187695956,908.5257773498282,969.7222866690232,1040.818508382616,897.3677590342246,949.8128832359241,824.9081824436661,818.8243843852609,1048.6750329282104,1063.388974263118,1040.8811949702322,1042.5521271623884,850.6229656982422,1122.5830442932831,911.7354442214153,1024.8093077007093
168,1068.6008201357465,1056.0964492486448,992.8519391692087,852.9173546424279,752.0557338169643,851.9150322579048,735.2654869876691,809.5786117180481,657.0226531861321,661.6990498193207,890.9276834316355,859.4500569530622,811.6954759950991,757.5920167871424,867.9913237737113,772.3085211215739,783.5413352211754,873.9587716873579,960.3366504030179,762.2412138476814,352.5033984531388,806.6120995613298,853.2430253634143,964.8425492818377,612.6608177988153,912.3978048617414,966.6312989779045,1035.0031462088643,893.227642234898,948.4143507666108,821.6929876154119,818.726183462834,1052.3737049263066,1066.8513283362756,1036.4521727730607,1042.0111193847656,851.4770150756835,1127.7997420153856,910.2099954243154,1023.2458290858575
169,1066.9179806256186,1045.7672822913346,989.9064725382945,847.8707082895132,747.0266781761533,846.131541484111,734.1198728191318,805.498558907224,656.7162161327544,656.7189480208124,895.8401332633205,856.7392308275033,815.2546961466471,756.2008773185112,872.7477838157288,770.1687978392873,775.9408864450978,866.0997534273228,958.7213295873652,760.1078905616839,350.22455940027345,804.5725046052182,853.8303919930945,963.0335633944621,618.983746076885,909.0491695166623,958.1776553663008,1037.4852840487517,896.1801298133499,946.1120113249748,829.5129530725401,821.7975003892097,1040.9229202911633,1058.204401749831,1032.7347490611185,1042.8552641950334,845.07455078125,1126.0592225758053,908.8749194114702,1013.0770710727625
170,1064.1712257074555,1037.859386210539,992.5025317588548,851.7834768442008,746.1609685988653,847.5658932247677,733.4486571354653,807.6969731681078,652.4809104071724,659.5024650756186,893.2473887287119,859.492363932815,802.1356137311017,760.4799771695524,863.8644393414149,773.6625874268942,775.0227885822674,873.9253644102835,957.340136223033,763.8086871117661,353.8281561241296,803.4026236575825,852.8632219155137,957.2449675703471,621.734516946893,905.044733704373,963.3752516296013,1039.0092672848834,895.1363608388223,945.2206842469536,820.3065029175814,818.1528813458871,1038.8795296805245,1055.8195750896748,1027.0427681778788,1044.4700090680803,848.25734375,1124.030876305825,908.6120667610087,1017.3248672931514
171,1071.315353462599,1031.9202002700495,990.506994526038,856.2340369591346,750.8199731735956,853.6700173455316,733.6641711334684,808.6804680818221,651.6017935011122,660.5862480973124,895.0205620659722,864.8696913151879,799.177934773763,757.2490112717087,863.8977931399187,776.4928016023263,774.1832654345167,876.8384594679792,966.5536588872145,765.5448328883377,354.34926870134143,800.9176578354906,850.6902123796682,961.5744493872719,617.2583905270225,910.1872887829032,965.7899424547066,1039.6418757092354,893.890699953215,947.5149443479824,827.8147093717716,818.9536802872368,1043.561696028509,1062.012473179744,1030.357181070702,1038.030443812779,856.52453125,1124.2948659845695,913.8756325402494,1016.0557695355332
172,1073.817653189957,1042.0044680225606,993.146972484803,856.4823279747596,746.8026689801898,851.8961980665052,731.6589041183244,810.5803470369216,656.5707409571088,661.4303165202739,895.011558573082,867.3149386586867,817.5459647849754,759.738840773299,869.5929783895007,778.1663784261523,779.3888878455529,875.5814030088227,962.241575909145,760.2187912193771,352.0844303364955,802.5419638052626,848.8606293385981,963.4028887453333,616.755837992618,915.5019997244553,969.7509859237202,1038.887678604552,895.5026365144482,949.5958778916997,826.4792192947766,815.372032718382,1048.9227956563484,1067.6549582848181,1037.70105902865,1040.7077798897878,850.2943920898438,1121.52604634369,913.7600268788938,1018.8644087942023
173,1074.1143848540016,1045.8547656000876,995.8975183722678,849.2176278921274,748.0514351981027,849.3754565264728,734.4544445436392,807.2093332234907,656.8828865535676,659.1296746569815,895.2801798664073,861.9053270149844,808.7204626860442,758.7579452927048,869.7463982501154,770.444342416092,773.4067986456903,866.2196392190867,955.3911842307464,760.049742263617,350.60797687714125,803.0816976919814,850.9881593686508,965.5337092306762,617.5033928720575,912.0444847518478,965.2592264187117,1035.8711600703234,895.9205411647653,950.3276690314798,827.3889346792678,818.8253487849581,1041.1024564855238,1059.948674422044,1036.9211847728473,1043.4980111258371,845.7603900146485,1124.5621436108117,910.3475475514622,1019.7676794933296
174,1067.0327278240773,1039.8665248325892,995.6276443995787,852.3956111027644,748.3371000744048,850.2982410740208,735.672741790316,808.9290495682247,658.9128298078265,666.3457234772072,894.9631096572473,863.6553554718901,809.496277364095,761.2805173719252,865.941628769315,775.665584969121,777.2188378637964,872.6898578044555,956.3054936597795,764.0907740193544,352.77118786632786,804.2765602578922,856.1590610185275,957.2491827770672,622.2608515086927,907.4732177227859,965.6360050505656,1047.285710681084,895.8209351096692,949.444650841845,828.0756265939759,817.8974374964617,1037.2204423151097,1061.9435618473933,1044.6525003611084,1044.7676227678571,848.983405456543,1117.366693840173,908.411449895993,1024.1642478362858
175,1069.6930843025311,1042.528304742307,991.0160524175408,852.379433969351,748.561757405599,852.5247791393383,734.2243517975309,808.8364542630303,656.0934089781746,662.7736815792955,894.5849301777189,863.1647489983169,802.5258476822464,760.8126374322015,867.7304507322417,772.8272055514032,776.6249507023738,870.6027926740975,958.6064189775341,760.480365005965,352.4525900544791,804.3106822911922,851.8695136386175,965.8765096748824,619.9674313193873,910.0259624813602,966.7036881710122,1039.4990012738958,896.0145467973654,946.1141803314383,823.3687744140625,817.1308239923007,1045.631880303391,1055.8981973207915,1039.7642047060265,1040.0867367117746,851.1036236572265,1120.9650280247247,911.3272244386327,1020.713943570678
176,1069.7211994153881,1047.5463599380182,988.0422375282545,849.0626305213341,748.8543679373605,848.5609169006348,731.1294505560576,810.6097245707142,655.4494702778165,661.235388482882,891.1109867802372,861.8972477069622,809.2696079395436,754.4971109338709,865.5840611756947,774.357645897892,778.36279632233,877.599576285059,957.6288755775103,760.0088211678967,353.3566793618988,802.8597090028812,853.8873508323456,961.3157100171114,615.3386054791903,910.3158237568076,966.7928009969326,1033.178870174472,893.953758207824,950.2096634055903,830.0604132029636,819.2524221669073,1050.5454227223115,1061.8684921264648,1040.0382468662078,1043.0710923549107,850.2167419433594,1121.3930252484436,910.2479728910206,1026.6467962432325
177,1067.241661934831,1034.506774279536,989.2298289095418,845.460305081881,745.6334969656808,848.6668431050068,734.0403048387215,808.7971129169003,656.7181274777367,659.6023989551703,892.9464523073227,863.6222469415695,813.4224852667915,760.7768501075539,867.3350012522342,768.0782544013508,770.2552268898094,865.9478317786908,956.3211505715617,754.4347649038452,349.5642783413445,800.829874022014,853.5702856672068,964.7189557911021,620.5415858218545,903.477872856425,961.3074138617955,1032.0389184365724,895.0749036717116,946.7896276832306,823.9287280878744,817.19201748613,1039.0261461273963,1057.1507220635046,1035.9712283021001,1039.3720164271763,845.7724362182618,1121.8896624685704,907.0040468976442,1023.6749421058342
178,1066.0418668030613,1041.4627318090322,990.3789401965195,852.0095224233773,748.6816871279761,856.4815326381374,736.6016522307895,808.5105862647787,658.2989125327458,662.9342445767577,896.8713189987909,868.5872182570087,812.2788231178566,761.7276003038561,868.0410746331585,772.158289222078,780.3616460443853,862.559647834164,954.279910634617,758.0670022374576,354.1987135656949,801.4361761777116,856.4278804436557,953.2919036055033,617.7988500093159,902.524834977146,962.3139719582774,1034.4843548822669,896.6889993196751,948.841437265588,827.8273577729533,817.6672507023466,1040.0774210441011,1058.6053934830886,1042.7123738868443,1047.114994419643,845.7409869384766,1125.4039159314386,907.3230218622984,1025.7605039362322
179,1068.3142222408794,1045.0355100047832,989.8314673605929,856.3544795109675,744.2842567080543,847.0603685121279,733.476181941246,810.9301157688398,655.7183777945382,662.5337478416909,891.2443528755632,858.8782223029918,810.4004938196252,756.0982651581635,867.4413909349055,771.7824418904395,780.907474056705,874.4249599646791,960.7643036043584,764.2613375899718,351.0405872133043,806.0544571946035,859.3286472946497,958.4488671226839,621.8862194262052,910.1500829166397,971.9875293567868,1039.2864874301677,891.8433462486107,951.4727062826139,829.0805714504778,818.6218286044356,1042.6231081666065,1060.189225270198,1035.8191326178155,1041.9669414411271,850.0417568969726,1127.3123713818547,911.5113975671309,1026.1325611315276
180,1078.291059260994,1046.5234038683832,996.9380251423696,858.8480280949519,750.830079578218,849.7088706557815,736.7261721482918,810.2837525431961,660.7139564393059,669.451376065564,893.2803016945168,867.0685248175618,807.8196960449219,763.7045838639543,867.1729089941045,773.3489899875066,779.1723005693037,875.578172237937,965.220224448267,765.512764807829,352.29873273199087,807.1714005094923,858.5703672993662,965.2410694223589,622.1819416849237,913.9620877974261,972.7335133932851,1044.536045351508,898.4845508272178,958.3920910019124,834.3805526859504,824.7945852970731,1043.0286247189306,1070.7678193312424,1044.1096122717167,1043.2793008858816,856.5972406005859,1131.8285791389787,914.1169514279884,1031.8618702135589
181,1063.3710835314444,1048.148705930126,991.14430493987,852.8282949594351,752.415523710705,844.9146743980614,733.4594487432223,807.3097610328218,653.9764588976664,659.113647226352,889.1125526226386,861.3933849273387,799.8817641081633,755.4259633244695,859.326469843678,773.1379907703932,777.1557265061599,871.0049470046471,956.0895912441505,758.9528535026865,351.8590682530312,803.5426832816344,857.9487346259433,962.8922254174156,609.6871801677503,912.1907343567655,969.5856562889427,1042.4583508368978,891.3866061286448,952.0623112195357,822.4001252986183,821.0627702353657,1050.5825615890888,1061.4913246448223,1040.2714951689986,1041.7655123465402,847.5022750854492,1114.2468338889637,911.5823012882713,1030.2341810081437
182,1057.3710026115314,1044.1870827188297,989.3559649178152,857.6659841684195,751.1728050595239,848.0546850256018,736.3102831484666,810.4589341392663,657.7830434526716,662.3573803303709,894.7912776079128,857.4017191699846,802.4364422833478,758.7214322476774,869.1402587890625,773.3998723376396,777.2814294165307,874.7058619941331,960.6484560893877,765.0094314801324,349.72288160945266,804.9617397653118,856.9282861479296,964.9060134212527,619.2335494192023,908.4598844536113,964.5397346356164,1035.8161431850667,892.1798403432679,949.7391730350154,825.3759715182722,816.7302978073342,1055.1414428198036,1061.1191975520208,1039.280933245202,1048.4343790108817,846.8759677124024,1129.1456528002275,908.3404744032349,1024.6051138716134
183,1070.3688765996183,1045.4168389768017,993.1341585309318,853.8237379807692,753.2153930664062,848.7226641886944,735.0223764448024,807.712983449805,657.2900980389308,661.510217267984,893.9315541585287,861.4484146952245,819.0444800482855,756.0229567450446,867.888320979157,769.6153833826161,780.6112234933036,875.6820433167205,960.9234523095455,759.021769575237,349.85796833403725,801.7439729117791,852.510451939822,957.09956616427,617.9760416934365,905.7181492722381,961.02669483021,1028.6858985943502,893.2746922959842,950.9773758774238,827.7190067511945,813.9719808827276,1044.6752996364562,1062.6475821274978,1033.355595137912,1043.9157523018973,849.9143432617187,1120.0678598688937,907.9022233714935,1021.5476488258406
184,1073.9591614045708,1046.0633725536113,990.3020964204595,851.3351651705228,745.1150854201544,847.862265612628,734.4317811425052,807.3619791804002,655.5120018247574,662.2171843902858,888.4358476911273,858.0277517631506,801.839764602096,758.0119818610113,867.3540077350236,773.5056317718336,778.4427500295116,874.9870794888201,959.1281450145741,760.0204847178509,352.31812596960543,804.5672030879874,854.0771186757752,957.8647568964325,612.3236910167493,909.2585558119652,964.0499859207247,1028.5101144460327,897.7649117314168,951.4694606484227,830.7628673206676,817.6444664554319,1037.7434823172432,1062.9684800368088,1033.8970682322022,1041.697006312779,852.4628015136718,1125.129876030816,908.5922532722132,1020.8095591584145
185,1071.2505915715144,1036.8328041543766,992.8207414605645,855.2616440993089,744.6277662004743,846.4593794539168,731.5639996884474,805.180843423555,650.0370362296937,657.1960797877174,892.6512314730851,861.4800556342318,802.9110961631492,752.2042337366053,863.4708531228379,774.4629076739263,778.3280364654877,877.7694179491065,958.4776468809486,763.1636589040461,351.2104051706891,803.2758539939414,850.9125595801386,959.8156208949806,614.0991369548597,908.6302857458344,969.5099277613353,1033.5811426599598,895.5641464169554,944.4283220265803,815.3227922423812,816.6316316024116,1045.4577731605336,1058.2431925260103,1033.6526430381457,1043.5776787458146,846.003625793457,1122.2939665929568,909.2202600019573,1022.9804335030896
186,1070.1594807206236,1053.9849143514828,989.7967777895124,860.473281625601,740.9970172700428,846.9314561792322,734.4200498666336,810.432127177791,653.4005733671643,668.9997407171121,896.2683958830656,860.6450134473598,814.7927269829644,761.4062006151354,873.3957118636127,775.7796269422137,785.2768524505279,871.5070761026551,966.7803834247105,766.4153133962573,351.6534337047416,809.4657042033471,853.7896484752927,960.8017286452572,614.9587355161968,914.8923094183577,972.5970414050518,1037.4967912215761,899.7127412293247,949.8815641167946,831.0984653441374,821.2973838474439,1048.4083418645778,1064.1060713254487,1036.2055255853095,1046.382638811384,854.3870248413086,1128.941987604017,912.7041023433336,1022.7132297984341
187,1076.0568021886488,1051.7107170260683,997.9733074059648,857.8650836651142,751.9256635393415,853.3758983096561,739.7534147803464,814.0815812999139,655.8643493652344,672.2877255774005,895.9276913436001,863.059841536249,819.7718358357747,763.7126026669064,869.4598089126644,771.6378042551393,780.5817203731327,877.5192208125674,962.8165518668702,766.847214727672,353.54763119430834,811.1052349301885,859.9042706090969,966.065553918349,615.3821070821662,919.4998105630835,977.0798388522095,1045.6468161471064,902.2571020405661,952.5265216863585,833.7329495012268,825.9133519711702,1051.8395260081572,1072.1044847048247,1039.3063896154667,1043.6214264787945,857.5867413330078,1126.4727140112398,915.2795080254073,1023.3958606385348
188,1071.4932585150948,1060.7226020657286,994.9625250998507,855.920219538762,752.1115184965588,848.8259828928354,739.2304710274312,810.6602289061685,658.3727635580395,667.4718569666626,895.5954765037254,861.957440146296,812.2078434131763,760.0844201783876,870.4228434545088,770.8713228875698,781.6359655359289,872.2324616296995,963.4548798381979,760.6431001043811,352.149373025273,810.1507091466609,858.0895786344452,965.4565580925055,617.8695147664923,919.0742086196836,972.022597985765,1039.1701247572232,901.0775624039782,954.7670469917427,824.8510611037577,823.5266602004783,1041.6248235622375,1064.044208233173,1040.466177691984,1043.473206438337,848.9699230957032,1129.6884206720695,914.4111263055537,1024.426779585275
189,1060.3864536199094,1052.5690731126435,992.2648354862513,853.9773803710938,752.6213175455729,842.5385367934769,737.0504451011544,807.5063118068206,656.3736879863436,664.3173823157307,896.038087390718,864.70609982604,805.288100913719,759.9398024275496,861.2370517632178,774.0275418585239,779.3522030337826,873.5242180952167,957.2907677664974,762.9002683162689,349.7149207491528,808.2196014671215,861.788380153408,969.6246462121474,618.8543182172274,914.1462921522465,967.4163556245207,1046.9928246183767,896.651323134929,954.223162714399,827.1950164038287,822.1297722415648,1040.7945820784369,1057.054131287795,1036.9274441145624,1041.2855334472656,850.9486712646484,1124.3881314449384,911.933737813791,1030.7304431402194
190,1057.760991023137,1033.8509527712451,988.3100973407874,853.8695814866286,749.8998027983166,852.3155758831952,731.6989577563841,807.5616118202064,656.7599996536497,663.2992828712586,899.2199975069237,862.1301135096903,797.5992870189525,755.036706151189,863.9656101803938,777.7304010657625,785.611572600983,879.794324385252,960.1515623760707,764.4772175120324,351.8005296626767,804.3778724781625,856.962649885715,965.4498350430379,612.7467444570441,914.7500319104967,972.9342351808139,1039.3773517288976,894.5679516652638,954.279622550255,829.2690601191244,821.6616288337154,1045.5058303961232,1065.9846848707932,1043.3489646788962,1046.3485180664063,853.4304278564454,1125.1061857376976,912.1014870844924,1022.9336526435718
191,1063.947908013115,1043.9674209283323,987.8848852950536,850.3853304349459,747.1995697021484,845.9215738451159,730.4148015264254,804.3941342621625,655.9776378207737,657.1713309702,897.0151497169777,855.01346875157,823.6002220436379,752.1856037861592,864.6450057927093,769.0007545854792,782.0698728456601,876.7593408343436,961.9823512353267,761.0468956858841,351.4215325651498,802.7274444846996,854.0964381923617,962.2134971956236,608.7402997267874,909.9636488791818,969.0307920491038,1039.5529549881066,895.330364019801,954.7707102592801,828.7507727756973,822.3542537965636,1045.5812936991204,1062.9662296588604,1029.3416157320764,1037.5216681780134,850.5462966918946,1129.4412189352101,916.0764967017591,1019.872613471851
192,1067.3258948692908,1046.4467300103636,992.7645860307672,852.5884704589844,745.3651399158296,845.6054250356314,731.0729962249301,805.2249772145757,657.0531636798192,658.765851612643,896.7757459368024,861.7293656033335,814.4823750248662,757.1730012635927,864.005987075862,770.0814164657166,777.7322102641011,877.2626014212539,959.0892485797708,762.9489138740854,349.7184218666106,800.9107208696815,853.1154411953669,961.9927584217713,610.3905965403507,910.9681105237779,965.8024497939034,1037.8634125267326,895.4365567642276,953.3068443457587,827.0412880133006,819.4075854757558,1035.155353706424,1066.4991117624136,1029.139079691896,1039.0679833984375,847.5803759765626,1122.9213453270922,910.5448276544176,1018.6366532532095
193,1071.826560732466,1038.8581567881058,996.7479104031338,855.0894798865685,746.1931813557943,852.7124206955368,734.7676660338444,808.2934180020983,655.4738082280235,659.4875179946997,897.5073153379733,870.5237146113847,813.072472748933,761.2057954942858,866.1162566575617,777.2673222206158,777.024892953726,876.6030230175033,966.3443680971407,766.9213378257358,351.9642025081591,803.9017984373577,854.259669726109,958.2708961689367,611.7379606146561,911.9360571896882,968.2094501893213,1041.124439772281,899.3105397244377,951.5698338314976,825.0867047270467,818.9943794582201,1051.7461842769335,1062.9131692739634,1036.6738033969302,1044.7282568359376,851.1032238769532,1138.4852947366649,914.5123363893423,1025.5457172059175
194,1075.614428766173,1052.0021306251992,992.2365556352594,850.731340613732,748.7811773390997,856.3210559535671,737.2226122955777,812.7676034609881,654.726813906715,663.4182713806055,896.5027934886791,865.4938612566883,799.1451614945023,757.8065000998007,864.197233868701,773.7784110127881,784.4384544288719,876.7259219816361,960.11357837038,761.829025838793,353.2987921178569,803.5260579189824,860.4533011138254,965.1599180508504,615.8599466022692,910.6415098831367,969.5790292938794,1038.7994227915503,899.1512292837997,950.1068732534911,826.0764306438856,818.2536287169526,1049.7016673368566,1067.751515021691,1041.2206895834381,1044.8002167619977,853.7469827270507,1124.4806366551425,912.5540680387127,1029.4329324465746
195,1069.383306857148,1046.6389502700495,988.5158991438619,852.3932189941406,745.216074625651,846.4068657127586,735.1095098239273,806.7210459375926,656.9355938623822,657.8036151039639,896.4196942849134,859.6616732974528,813.8886674103913,757.215740822457,871.1180016774533,767.7526812846435,773.2169259878306,871.5994089645444,963.1065305138602,764.7327974162151,350.98686301205805,805.8780177703056,859.6087487755176,958.3348863989906,606.2881291540045,911.5986264810523,968.6718004846865,1034.4367498472416,892.3270188335595,953.4290723999718,830.9350207620416,819.3033577739328,1043.5583883333607,1057.8988227844238,1037.031714926962,1040.0348815917969,849.8396264648437,1127.7361256098839,914.8200532957943,1025.7069661101402
196,1064.443701282346,1051.8110227000957,993.0850862653068,852.8071641188401,747.2851141066778,851.0861504013474,739.9668809122114,811.3604565127226,656.7118191189236,666.1959483155867,892.875652575619,865.2943898289917,816.8135272555882,759.7762788308634,866.4293471895901,769.9737117490289,781.0054680122124,876.6367482152478,965.4638665678538,766.1144791337632,350.9405560203439,803.5633706851881,860.7100573087994,956.8767824426161,618.7769236313669,909.8189573169249,961.9181462387365,1039.1096525565206,894.3702944192926,949.2180649469655,821.5074261121514,815.6040390678074,1029.3902323746881,1067.699517763578,1041.819981811131,1045.8038082449777,846.2549456787109,1127.3188902171635,911.364883975942,1024.358722352145
197,1070.727696207314,1056.9887975575973,987.0489963145739,855.90030470628,743.9848138718378,851.567474880734,737.3996361120423,809.1740702686043,657.1622543334961,661.7217571396153,894.5725892082094,856.9209512299664,812.5292938232421,755.5582367149559,863.212200544857,771.2399726739809,781.263929429945,882.1440437872291,967.5473781527602,767.8503651569799,353.7476246128594,808.8318690085898,860.2929872684066,964.0720668556415,610.4285324498227,912.7120700693724,965.9542513420246,1037.36025438362,889.6592778800422,949.7631966809846,829.883823363249,816.5655225670856,1042.550616352498,1058.0940582568828,1040.9742080345031,1040.4994342912946,857.8554840087891,1133.5481925175109,915.4904538542985,1029.1299124377513
198,1069.1998760516826,1057.4512889628509,988.4027456219277,851.3864943284254,748.7327721005395,851.3130237476246,733.3539752106168,812.4044266231784,654.6062628730895,663.7130162462928,892.5074507294509,858.7904310809071,795.9295455367477,754.6438535741858,870.3017233535372,774.0785604295784,783.1918026431576,871.8439942575505,955.4940166957488,761.0435435501571,349.24667462717986,806.3289521776205,861.8830592861117,967.6822688009887,615.5438384005898,913.4808349609375,969.210058294191,1031.6252983562108,892.2374189688072,949.7617113377609,823.9951989039902,816.9349712427112,1048.8413350081244,1063.777841421274,1038.8844535803105,1042.0201136997769,845.9038613891602,1130.7181267866229,909.0297336863048,1026.6580068130938
199,1071.8291579026443,1057.177206856864,987.9694596194149,853.1098351111779,742.7624766031901,850.2364713307974,733.0078758125875,806.4328785839348,655.9253573341975,658.6655829941728,896.3963501945375,857.5651912382561,811.5369684290002,751.0517792572846,874.7997132473766,770.7402821119937,778.420640211839,872.9591357936348,955.8423796523041,765.65851240006,352.0547690610776,809.6965451254441,859.4776626445191,962.8261048983684,620.8291283155743,914.9199874687986,969.1914781441718,1031.251749219841,897.2356864897278,944.8169860260763,825.2872723035576,816.4982350667318,1040.130035913291,1057.5013087346003,1033.1219504009873,1041.3781783621653,849.2973593139649,1130.738692828065,913.7801753127499,1021.8691005595247
200,1063.2647456518664,1048.6456940320074,992.6041539224346,852.1867887056791,745.8675493512835,854.5362171482395,737.225816869024,804.5875580628915,654.715949770004,665.2334047421765,893.4501505049449,862.840792836867,810.4717276114004,760.798500267235,867.4613552867706,770.3275969947516,780.3370492117746,861.0931944865376,952.2768272748453,757.7774423323956,350.8302327006256,807.5150050394042,862.4048660325561,954.4137351787195,621.1674935190301,912.5239338855031,969.0968848854486,1027.1990076842922,898.5717077534567,946.1581257597545,822.7174324477014,808.1959765890371,1029.598260703207,1053.9494169675386,1031.6771316773638,1047.2610076032365,844.2485989379883,1115.594382801275,907.992368393107,1025.5212089137028
201,1065.6135397518383,1036.9462815888073,976.1923656677932,856.2941542405349,746.0656767345611,819.583014720195,715.9399778451492,772.7910346354736,633.5352082025437,635.4714501187732,873.3108486599392,825.9159154370667,783.5996001632126,714.6099184397104,850.7753453553822,746.6197843924581,783.3944812816578,833.096214323665,918.3898798753768,748.956849019552,349.54735609032645,803.3176646107487,859.8442237310734,955.1489484668833,633.7567412727758,896.8845684637173,962.0582088166219,1002.9679047142328,859.9729263114131,928.8291297058453,824.1803755326705,794.9683008608611,1022.1669219201352,1029.9973596426157,1010.2882551088977,1004.4227523367746,847.4156698608399,1097.840380438443,905.6546676407999,1025.408760472348
202,1075.9748852760004,1046.532153693997,981.8658802161056,859.7588623046875,752.3961370558966,786.7327568466599,714.8628114159427,780.1436397693058,622.292058611673,622.5294602139586,867.5120389423673,820.2657722890185,795.5090828789605,706.9516068535883,849.7728390852023,740.3817055132135,780.013414320055,871.0883024369163,956.4677288229695,758.5144350602454,352.3694742922582,809.2129543960616,851.7552735886707,953.5504490675124,628.8160749736585,915.0922504599164,971.2943845409557,1022.3316493540502,863.4700802599535,935.266989662706,838.49312774406,802.1851267054461,1033.684589802718,1051.9111383878267,986.0117544683229,1001.3070910644532,856.0513134765625,1137.8434022633053,913.7197186240255,1022.6384868064122
203,1064.2012052924385,1059.2824445452009,1002.7966406318578,868.6589679424579,766.2684718540737,848.999222832757,741.3565999500787,817.1337709826769,658.9587231590634,670.7389979224496,899.1192651173425,872.0178984123794,807.3929107666015,765.5632845904377,870.7706913684127,787.4076650608852,781.7813204251803,886.5878356699743,963.1849755611516,773.8593206602274,357.8003046064998,822.7319799484386,862.0791590073529,965.5498614015833,637.0960262700131,914.5312064396395,975.3658001671539,1045.1124103908433,900.7568884175192,947.9990639731825,828.5240241436919,821.3989622696587,1056.2029695911567,1067.6295151343713,1047.3305773965033,1051.2528069196428,849.5705413818359,1134.9710784561332,917.8424821215143,1028.9184590836016
204,1058.7772771913003,1040.7504745794802,995.157105692317,856.1078749436599,758.0279700869605,846.1852307706266,731.2930161205691,807.7104445945807,659.959968930199,667.7074301741131,891.0119045197017,857.0423106104614,808.1732626738371,754.8969519331648,864.3335891104273,780.5261743641432,770.5426313798506,870.1120866212808,954.3879287642271,760.6195643513473,352.56305231993224,811.2171384405464,854.8960157459366,968.1830212078263,629.4120355907239,906.8995568999611,969.3542484213239,1036.7334959573586,889.6868154613543,947.3435595981084,826.2170041927621,813.3867457293082,1056.6390383423877,1053.3184535686787,1051.553498393853,1046.4124616350446,846.9639837646484,1117.3136089222642,908.9999186306366,1025.8568927251804
205,1064.3641108862414,1038.857217594069,989.8871799426132,856.3243868314303,749.6054367792038,839.4137938215925,731.0301960048391,803.2946202376291,654.4522867959644,657.0362341641613,891.6644644762473,860.0810883451504,807.0614446569372,754.7125872019175,865.2082654664438,773.9037649484986,773.990977192973,873.9208294514038,957.9820101200627,761.2413218488398,353.26145559435145,804.5282701319925,853.31250283445,957.7026253759334,622.0490255857769,901.5814444514231,966.7010434390577,1029.1504059690337,884.1821613391573,944.2185313389468,824.3690795898438,809.9735799595929,1032.5143004345293,1058.3482419527495,1040.5756588656802,1042.9595806012835,845.3133053588867,1110.7277408760626,905.4565808391775,1011.9266526071649
206,1056.1423118902007,1033.0695034727758,984.3235986259547,865.009814453125,748.3758167085193,842.4285976306812,730.0230640012827,797.7269173880242,655.495964050293,657.7986651294867,887.4552176339286,864.4335641155673,795.9756388346354,756.5889784323202,864.1259355720998,775.4919477920959,778.406257713234,878.1514594417879,951.2651673912397,759.2880152279569,353.8447562433294,804.6581241173925,850.0778080140105,953.7111692175401,621.5102127978677,904.8935364529304,970.7496064542993,1030.16157710752,886.7235172543067,945.6196374766514,823.6598011363636,813.9737272400787,1031.3216283461627,1048.9995492788462,1035.6118419193378,1039.734787248884,849.1736209106446,1118.4328487001617,909.297026807057,1009.854363157038
207,1069.6446591200333,1031.6675452407526,989.3599760934209,855.252287879357,743.8004847935268,841.1430060927933,728.5592885942601,800.854140265924,654.1367685832674,654.7664381560788,890.9082606078456,858.5351150365505,802.8860456678602,754.8351207423855,858.7274757751239,772.2642810331376,775.5106077089414,868.6873297563458,952.9560804028197,759.9032501400131,350.8592536604724,804.7950578695136,850.9779134933425,959.4504216286988,621.5358206598382,907.917901383396,972.5711595032112,1033.37092019193,882.188383222125,943.8553467955037,826.165109681689,811.480067598647,1030.6463228113512,1047.6636888063872,1031.3606308326844,1041.4081098284041,844.7040307617187,1123.3932885648646,907.5832204269702,1010.0076442071569
208,1069.8899616224194,1034.2629855408961,989.2002198294307,856.170644906851,741.3923659551712,845.06925222036,732.020895886777,803.3765240975832,654.228102245028,662.3844104165817,889.6363681207889,861.9205110310742,797.4975404244882,757.3363440230086,861.4325514226822,777.2319146694417,777.8756381862767,886.771312377462,956.0617694370637,762.0243174759383,355.19285750480446,802.9349496913721,846.191793813794,955.2692098701949,632.2417156821803,907.0163201929622,969.0547380505895,1026.6747630881198,887.9713943034535,944.8831719935959,833.9385930841619,817.6340924691463,1040.1717965262276,1051.2540786449727,1036.489221309159,1040.5558248465402,852.2906872558593,1117.4694669876976,908.5472414061459,1007.7566434625994
209,1058.993512598098,1035.587472721022,984.577493046107,854.0614483173077,743.6322544642857,844.516635069976,725.5588900437996,801.3497795676943,650.7172612992543,659.5695111927879,887.8101260069186,858.27781662527,787.0477953734221,752.0593992697226,865.3440218429284,770.5703576796548,773.0815637609461,871.8485645279574,954.7285215116394,758.9693708886805,353.58976770452153,802.995428858276,851.3214810492453,962.6140617438123,614.1853739587884,906.128482549517,966.5302300014379,1030.145957222198,885.88147087576,950.0100882890329,819.8203039248127,813.1433972344882,1038.9747891466156,1049.5994661771333,1027.9632729288082,1045.3052941894532,843.3817407226562,1123.4163051327525,904.88481953505,1008.3244075663606
210,1062.1192845133096,1027.550493512835,982.7383908046766,852.7773522010216,738.8513699486142,842.1186728606353,729.9283167141587,801.7183659612905,654.344159746927,660.4584990728323,890.4798828609406,857.38737934272,801.0352579187464,754.1437404735668,868.7435104539034,772.5759831433855,773.7711171579884,867.6597116989194,955.2811350556194,762.2872779369354,351.02523798595445,797.0564180157274,844.0029515127649,956.9929123599973,626.1422408756457,902.5038989055206,961.6505404045246,1023.7650644313023,890.1330376150219,949.1056775666731,829.1520723705449,814.4423567177593,1030.694564947561,1051.0580018850474,1032.1446529278035,1040.48541469029,852.3604705810546,1120.7902761875898,902.8631078398812,1003.7472681413617
211,1062.4153011546416,1036.4519977180325,987.7613180782018,857.699962909405,737.5581759498233,846.6672724130991,730.4679351351155,802.142364991514,653.2548675537109,657.9176246728928,886.5726495167565,863.0228432413082,800.7325080589012,753.4995402774296,860.138290348968,771.6417529569658,777.4282692710121,868.9866470980005,950.8957451370162,756.1704740794663,353.245097419768,801.5852170894167,847.4286067242224,955.0167106695935,614.0673873299047,905.2604858904954,965.356723153518,1030.971904392349,887.9148818778193,944.6843365953362,826.3235029740767,815.2173161161119,1030.439970641577,1057.9093055725098,1036.5736517706869,1041.147007533482,846.4665505981445,1117.132023486141,910.6397207296733,1008.8735639784071
212,1062.386732558859,1033.770301040338,986.6129781315835,849.3100510817308,741.274158296131,840.3455157924343,731.0834651206857,800.9521503375779,650.295232682001,652.7451162859558,889.0897149787378,860.1713774947875,793.1539582429109,748.4122958827663,861.6055239293848,771.990073774114,773.6496692699391,870.042399556244,959.3959232853149,758.8464142219308,350.1939778748143,799.5311270399621,850.1212435979223,954.3706022279453,615.507594560322,906.9100268352081,961.1758714921635,1027.5404066373517,892.5998542817566,943.1677452246649,828.1202170632102,814.7914123535156,1020.9662360183331,1046.3274678450364,1031.1316591121758,1043.6446327427454,848.2808654785156,1118.9051052985064,909.1743156579512,1017.805016500908
213,1061.5687797166643,1047.5945428342236,987.4617832483871,855.0813401442308,745.0620916457403,846.9758725552946,732.0530329462308,804.9848164724425,651.9996910095215,660.4088762481113,888.7093457418774,860.1315523497161,798.5040933679651,753.4468092016272,869.6567414343577,772.442810229083,781.9540002843836,874.3247987009099,953.5768606118139,764.1651137796874,352.13045949650166,800.8870523080186,849.912680800116,953.4592063701258,615.2048362932707,914.4515499890592,968.4210444725364,1031.2443946540022,891.0813436468276,941.7797702159556,821.3124858761622,812.1968952123669,1035.1556617031579,1051.5165673769438,1030.9205620572498,1040.5679021344865,848.3337881469727,1121.865065768304,908.5469590046766,1015.6129957054094
214,1060.0776684791254,1037.7191666583626,981.1838826383098,854.2450369027945,738.1503666469029,847.2081148302233,730.103826038873,803.7442730245626,650.3465610685803,656.6522426237248,886.7928482136398,855.1771867267572,801.184454063133,752.2340801342114,863.6265215996887,768.6659886876964,780.1363441551125,870.6204656257484,961.2931657975096,761.6499028107555,353.0356032820954,802.8721906923344,852.7218393615155,958.4132166499585,621.6254883314434,913.8715696216124,965.285043166459,1027.1391942541027,893.9698006218946,940.7062084914611,820.6985872126808,817.5735869476761,1039.322434882156,1051.991765829233,1030.3077005956718,1039.261487688337,853.2077099609374,1121.783567231277,909.3160979508846,1023.8303841931081
215,1053.698945334594,1042.7646334901149,980.6990692481565,849.3114473783053,739.3280770438058,841.5339995719291,728.5348975338153,804.0467835379222,648.0569943019321,655.2474238159572,885.2658753571687,853.6440616129296,799.6203586719654,748.4929065188846,862.3021641129498,765.686266339691,780.8385932000128,876.7803219616185,954.2680648571344,755.3444372649045,350.57082789154344,802.3169585024998,856.1306199584583,960.1168288509402,619.0439336676346,911.1528008805271,963.6678740144507,1019.6882849325681,887.6411989603082,936.362313026269,823.6034697225272,808.7709423562754,1030.395923261883,1053.7597286517803,1022.3263078793835,1038.5528301130023,849.1467404174805,1118.7339119746766,908.3750904465535,1022.065436201486
216,1050.2604994277608,1032.9609250438457,980.4827891146199,843.76358595628,744.3028034028553,843.8470447643383,728.9609252018715,800.1908986819897,649.7673056466239,657.7756808149086,887.2652282714844,857.1951747293258,795.8897340562609,751.3709649781923,860.4605611540735,767.6946949878884,775.1564056061127,866.5206600496139,958.3028762739928,755.863868615062,347.8595755200733,800.7911043306134,855.0838725087075,960.0004553330683,621.0425194690102,902.2592932989983,955.0427942568539,1017.7888447852108,889.5671819583142,937.7455220810602,825.1302757578447,813.6974905262823,1030.8969580385865,1048.288705972525,1028.2700609409542,1041.213162841797,842.2245587158203,1128.173091727655,905.8216536141662,1024.863918014437
217,1054.2387841686404,1048.0902996452487,977.6126698697551,850.2825819749098,739.1237509591239,845.9266287313925,730.2203676593838,800.7750945521431,649.9488127572196,660.809836667067,888.5580441106564,858.7225424223774,795.7463052255137,753.9881105165224,859.3348523805063,770.0889882348769,783.5380671574519,877.1026030207959,956.3892995766577,762.1206560872265,348.48033761795455,800.693278943832,848.2825614055243,956.1218828859583,623.6597631354081,904.9829527035788,959.3762858572181,1024.0742818310275,887.9551254974748,942.8200098721759,824.0632056874678,813.4704543403957,1040.595958036535,1050.9449393932637,1028.0797350720961,1043.3793823242188,848.750993347168,1124.2874269448935,905.2557037288447,1017.8453710901807
218,1056.451035167297,1041.8120391222894,981.9005879605754,851.1378896859976,741.3359425862631,849.4540211445576,729.2767208725659,798.88593597606,653.8641546340216,661.8353526634419,895.9537661113436,855.5716980569232,790.4075724001284,751.8756440652384,865.9019079454711,768.5791634501026,782.3725072839758,877.187709062949,959.2422916005711,758.482036178874,349.666440557246,801.5648981656,848.3750929699594,957.902827710177,620.2712139832346,910.9316664573068,959.275674457199,1026.5862111352676,883.5461960796532,942.0259144618344,829.0102554195183,814.4284652488819,1038.507683505531,1054.0454543187068,1032.2863170954959,1041.2691338239397,847.9797454833985,1125.5983751085068,910.0695374576268,1008.2454485976905
219,1061.9591514621925,1041.9804942851165,981.9631834565923,851.8287151630108,744.6292717343285,845.6396118370262,729.0350660637243,798.6779441094308,652.6822405618335,657.4300591968647,890.429594816985,852.3941834869876,804.0732266461408,747.5804852666082,865.7767550197475,763.5556391710676,775.9263171520862,877.3176171313758,963.468658292354,759.0705211580414,349.24309502661913,797.3960140662012,843.3398617959982,958.2268147426369,614.2153255061099,904.9784751037345,960.2937910395897,1022.6177006726824,886.9213205760493,942.1201170716838,821.6217817826705,813.8549461917601,1041.868515655774,1051.6542871915376,1025.736468839492,1037.1222237723214,846.5088946533203,1125.422479271432,904.7537453332181,1010.3099310802437
220,1065.6331450173218,1044.496649917291,988.9087640998068,852.309963285006,742.8729625883557,845.6176036113018,731.5553634415811,803.4340799566751,650.8033325558617,654.8485895123129,891.0406296341507,854.3271325408838,807.2737703676577,750.5713586549501,867.3855365598333,766.6497311725296,775.1303016746438,872.0500977030202,957.8841388528117,761.4388813530047,348.05373300720447,796.1194787206177,849.7993640250097,955.0721981082343,613.8343317132247,903.7559801790229,955.8765479713861,1025.279462590564,888.4455069697551,942.4303456836678,826.3864685563017,815.7602742513021,1035.4697968298647,1053.9653707650991,1027.7995448465133,1042.3106497628348,847.2580670166016,1126.850440248219,904.801793795913,1014.1155223288731
221,1067.8793564187995,1040.041900011958,984.778954495205,848.2152174729567,743.487553187779,848.5607619414459,731.8493791267053,803.5702176221292,649.9933564322336,654.7748257523564,891.9720372598638,865.376956853836,794.9864920722114,754.0720622088459,859.0186008580057,771.4362584971849,777.8101558475704,876.3765299713018,954.8040653751586,762.4261975239233,353.4266883541341,798.8742105912189,849.9779315393406,955.2250884739699,618.3156890869141,901.8650784947565,957.2489294508483,1022.7176203381416,890.0867024824709,943.186100476607,820.3440677863507,815.2430669812188,1034.596218589975,1048.131844153771,1029.3179058308003,1042.4212557547432,852.2625128173828,1121.3613543163315,906.3260382223231,1016.4215354696352
222,1066.9501398008872,1049.0269214863679,984.6803758599785,850.7702974759616,743.5091429210845,846.4052364246265,730.1633826867858,801.7436076991894,647.1681666298518,653.038441599757,889.1361466665116,853.4833770457572,785.2265607480649,746.5869859231485,857.9363027199608,772.4049730354182,778.1896040361006,875.8524925261165,952.4044053130949,752.7065157497052,349.8839109976173,801.6755963205943,848.492476613898,959.6764137470617,614.1173426979467,905.7451090832469,959.7475203999712,1026.7184738073936,889.1278220460006,940.9027145935869,821.4086066632232,812.7021535237631,1039.8286645712972,1062.4309340256912,1026.8249036782806,1040.9364986746652,842.8647076416015,1124.11683274777,906.338139971182,1016.692681831226
223,1068.9778555615455,1037.4730922154017,985.3463808552602,841.8217843862681,744.9608277820405,853.9823496019518,731.5377625422691,807.0591364161335,651.8888799879286,658.6492061262345,889.178790541553,861.3128398147044,795.5566740813078,750.7850549027727,865.0817485964167,772.2530619871683,775.7958058786916,880.3822772146641,963.2402600903197,761.2652919562821,350.5115872014071,801.381877487672,847.6379942524912,961.0509465310425,620.1649648766769,908.477934904613,961.7348389420773,1027.3379809843095,889.8730959074268,946.7662058184223,825.3830097293065,816.4897069516389,1043.9364231654577,1059.7918178851787,1033.890470743946,1042.993656529018,845.0341830444336,1125.6518281081628,906.984961666278,1011.360318189476
224,1071.7049566070418,1034.4014780472735,984.9502532616091,851.7245539738582,750.0289560953776,848.8802738705197,733.0235495496152,808.0674491843547,649.886406974187,661.3546604021569,888.9441546889209,859.5845837363092,803.9091983371311,750.9726875923775,865.6440999499106,763.8058684791266,777.1527927943638,879.8040675605394,969.8248634919297,762.6952323569465,352.22259492252977,804.923959003593,851.6152882295496,966.0798491081305,621.2219140906083,908.6686885089795,954.5152561679208,1027.9630270164107,890.5291464578157,943.9359486415219,828.5025851667419,815.7989756266276,1045.7563209854254,1056.256027515118,1027.043212105607,1035.7934252929688,853.6367645263672,1134.464984060704,912.4247711767266,1014.2136143913046
225,1071.1040768170249,1036.1792976223692,997.5990679451589,853.4003126878005,751.1491190592448,854.723278458054,731.7846861881997,809.2612088892936,648.0457845415388,655.9493567782583,887.960118934591,863.986626431873,803.6035932187681,751.3424124846588,864.2963693766576,772.5560659056936,778.3303900079413,879.6336883895699,963.7082535022406,757.2528115252859,350.681694891261,806.7630606337121,852.7760070233891,964.9299219182108,621.6977103383917,907.8792637235396,964.0257527170006,1029.0497668388834,886.9874645536415,946.3555294377076,828.4871074581935,813.0606315723364,1043.1779887736345,1061.7777971120981,1027.911124962319,1040.1505147879463,851.4083972167969,1128.1070512208903,912.966670510103,1018.9039745665433
226,1073.5736639100503,1032.190889319595,997.5139576772625,846.3079082782452,748.5721166701544,852.471432763177,733.9374576397796,806.8756757552014,652.6832445538233,656.7500483675402,891.7325160919673,862.7067521760702,804.7475475735134,752.1999081792059,862.9828223196782,773.2827353024616,772.9968825120193,866.0704536291831,958.3385087221407,757.2950394350229,351.1038875141363,805.7090538625467,856.727772432215,964.8434988376314,621.1616406691702,905.0114090155764,952.6670213945073,1035.59855643331,896.6103622883434,948.9846365130603,825.993077301782,816.1312470366989,1037.688632740694,1060.0296982985276,1033.3407437732365,1041.8862859235492,849.1664846801758,1123.0193684895833,908.6405791585634,1021.2926543832523
227,1065.040769827312,1042.2720131387516,996.619012211146,850.8398141714242,751.074449085054,853.5715372240221,732.8059644556757,809.7143423596665,653.5633745950366,660.9377038072544,894.0394895846251,865.9019999120779,798.9105819702148,758.0786629754144,864.1269279001384,777.6625071264513,781.2979602184924,876.8067884189416,961.2595313987151,761.0960421513037,353.9095831710267,807.2036198652173,853.5560673102506,961.0368646942409,626.1713949504651,904.6735178840605,965.9813674271472,1034.9202348932874,897.6979537389268,947.081450084129,824.1480324485085,817.7034248683764,1051.199509564568,1064.3513563596284,1039.1276731828402,1043.9920070103237,845.713869934082,1126.938577820058,905.9295095350188,1022.1639015242371
228,1067.8320765430572,1048.6741301867426,993.4704396108563,851.1732548640324,747.8155851818267,851.6467895507812,732.8580349594799,806.1771529681195,652.4347410656158,659.5354093876682,896.4785684252543,862.8249027951354,795.5199054859303,757.9597564903465,869.3441923359663,775.6808502367755,778.3788696959779,880.3660532048835,962.0430728505711,759.3342349504687,351.954692606725,803.466820007858,854.3676196591404,961.8515976087182,623.7283942573949,911.6988966059388,964.0904080443587,1036.746607945618,895.7543486910386,944.0739383588932,826.7336925159801,819.2029078386832,1055.8600671591878,1065.8782725700964,1040.1214052059258,1041.6396786063058,854.9395602416993,1128.5806562051005,907.0877198176597,1023.9638414884869
229,1067.2583999288568,1041.462333834901,983.2032997045624,844.7527860201322,744.3069254557291,849.6588445096403,728.1399634062354,805.001870394056,653.1503510248093,654.022778753299,893.3786694561994,859.389090191513,807.7503668891059,752.7854861697635,869.9914830056504,772.1497737948455,778.6673111129593,873.2211652149185,960.3988731113183,758.2076931638816,350.8199709822848,800.2211811744089,852.8539685701069,960.7812705250968,619.5391717208059,905.2792386256807,958.3809469960219,1029.8065628818958,894.2182924917054,946.8358185567258,821.0656107752776,815.1538271696671,1049.84989147026,1062.4068415715144,1032.3494761181798,1044.8555247279576,846.3794107055664,1126.8971941133111,902.7476958252473,1019.6336926019679
230,1071.5337681835053,1040.024453299386,986.6805042738325,850.0432532677283,740.9568466913132,846.6155113014015,733.8543193304716,807.7651892641449,650.6989526900035,654.9954664285543,891.4895876929874,858.079716624171,809.0882221928349,756.5045477377402,867.3523681190181,766.5235183119108,777.743164397858,880.4986430785665,959.6152709341292,756.3219595938614,351.6605706306253,801.3098704168469,855.4031949353292,954.43329397556,617.427051744963,904.8408813476562,959.7143172749712,1029.868544253557,893.1862648680619,947.0807764969016,827.2027290281186,818.7303769761238,1041.1768334653198,1059.3842444786658,1033.9951968668358,1038.778651471819,849.9733416748047,1130.246830381196,906.2500011061809,1015.2413751256396
231,1069.6941346043375,1053.5353250308913,985.035017892216,848.9534705528846,742.0662914457776,851.3135664656355,731.2634714610541,806.26489197708,650.6265947251093,656.4662158818874,890.5237823163391,854.5130623084556,798.273721991645,752.2313959276354,863.6126031066219,768.8390417685056,781.5316759046617,879.8616021985752,957.6417183658193,755.6690914852103,351.9430339921023,802.8567295352502,855.2056907441225,957.498642102807,616.3060299722772,908.7575836814785,960.9946330251869,1023.3857786722024,895.6740185087197,946.2020245141277,820.3560488361958,819.6822983009228,1041.5458984375,1053.9317905719463,1033.5856539122162,1038.4055428641184,847.172587890625,1131.782519344169,908.9846263633353,1021.6714695266813
232,1071.5002013331625,1045.2658473423548,985.7456375293517,847.6486994816706,743.5778721400669,846.0140832437052,730.1556414703824,804.6310353442705,650.8632207598005,653.4719635696656,890.6405310252356,857.749217533222,790.9648122716833,748.8061694583378,858.4504939568438,768.2400894591262,772.318829546918,873.3123964039302,957.150204731123,754.5728939488992,349.4322092469168,799.3225578107917,852.5533195944394,961.1912744572733,616.4453654038279,909.4493104293633,957.3476659856691,1027.1491815151448,894.684874594461,949.2225779582246,826.9564536859182,820.7893345045006,1037.3366989007518,1051.4831713162935,1023.8173684859199,1039.6372593470983,847.6696755981445,1125.072143086985,906.107225950847,1026.4665709378426
233,1063.8490727627438,1039.043135662468,988.5215268938729,855.7229792668269,746.9917638869513,853.0503349304199,733.2535562088241,806.0604145675329,651.6150779724121,660.6250466840444,894.3973325699095,866.224342272596,794.8305867513021,756.361861048518,867.3812787383245,778.2010513390909,776.8845637394832,877.1690533517421,962.8101472031647,759.7233955958454,349.47708102661073,799.61507653773,850.2801662952908,955.6471816881568,616.733102296528,909.6834909272886,961.225421180023,1031.2394071610947,897.0928031889465,949.4382209560677,828.9757806446927,818.9944022358328,1045.3650166487494,1067.1978255051833,1039.1867881848498,1045.4931471470425,848.2034585571289,1124.7169785773617,907.4343833028635,1017.979884275916
234,1061.9855338394373,1037.7215376873405,981.9256811249122,850.5980924166166,743.4689127604166,848.1849487923287,731.6857365850192,801.7327003097292,651.7055420648484,659.0095390491547,889.5415986076234,857.271637846036,809.669925265842,752.0535916508856,867.5237570899878,771.5322908369523,778.9100861601777,873.8344663422683,956.0024702198009,758.0694924187414,350.5279821687275,800.2402173812466,852.2470180641387,957.9272963262238,617.3153024974622,909.2419615939446,964.2485654866038,1019.8123571299974,891.337637929238,947.2096615525305,825.71728515625,816.510214542997,1045.954762434759,1058.12756054218,1034.3424880834255,1042.0503304617746,844.5174935913086,1125.078812990152,909.97779712799,1014.235072888826
235,1067.3216196465817,1037.699157092036,982.3314911917354,850.6686420147236,741.2650059291294,847.4502394392683,731.0488631974405,800.5220536737309,646.4198949904669,657.9446083019784,884.645102041739,863.2868970276076,800.8035503246166,750.613563125198,861.608717351822,768.8827432813591,776.7065657730941,878.4090868485841,963.3898981549413,761.3114245521654,349.4350814088551,797.2714283223055,848.2461368336398,954.8556988471378,619.2720181314569,906.5918829826893,959.7829174205569,1023.520386083166,889.824021598784,942.5943484224903,823.4106475577867,812.6137407828069,1030.7640904017858,1057.854719895583,1033.893318397056,1037.7787060546875,847.7583151245117,1124.7316796313758,910.745284025603,1018.2322593822814
236,1062.6785548973946,1045.566157749721,984.2798215030284,852.1347998985877,743.1380542573474,849.4533745018211,730.1206063797225,798.3194454149491,648.4167324247815,659.7139477112669,887.7404493705305,854.9047246117301,789.1779061776621,748.8594543869431,854.1437832878084,770.0365881893222,780.9982645223429,879.4928639145189,961.3178246202808,759.7509568450378,348.62515133824843,799.705332319521,848.8204195477276,956.8897364793626,613.0520910965769,912.3278395783357,959.3721613035611,1027.6798508287143,888.7263548783178,943.8890444558305,826.03223564211,812.2925140823143,1047.115393887047,1056.2188359774077,1026.7366176004195,1036.4369029017857,848.7439837646484,1126.4996326198066,909.3171044453375,1011.6622823971754
237,1070.623874025647,1040.6214574697067,983.5391036472963,855.4544381948617,741.3048807779948,850.4601649722538,732.2951534897534,804.2033858680967,652.2985686650352,658.6869967110526,887.1494939894903,855.7144256297415,801.0813845033999,750.9068809715477,866.9350396751038,771.5609316692672,780.9905754340874,880.6319493553191,962.4162337404822,760.6390670107812,351.8479440349272,800.0877507601813,849.6197334029727,956.1429178693653,612.9409230884753,911.8389163195345,961.8923901516968,1023.1975092541572,888.5733868586967,944.3609790548654,824.674770386751,812.4406108026919,1039.2629868964186,1065.1661965296819,1029.2417863557575,1041.9086443219867,849.3810461425782,1132.7562999506106,909.3181009190931,1012.7182321827314
238,1060.9028842287366,1062.2741761499522,984.9064574509524,856.8332322340746,747.6548214867001,848.876907142433,729.1650281308303,805.0190086970638,649.7049502418155,656.502189633164,889.6803648610594,858.496932639953,805.9958481400101,749.4054545840702,863.3442288219269,765.1444918669802,785.2416308057177,882.0373612327137,959.8035758546162,757.4935662414609,350.10301030184576,804.4668401601364,855.6717551972475,962.4403059967851,621.6052592428107,910.7291624457015,962.6152077891344,1028.9646633723594,886.5529811970858,942.5942062001527,825.5639138970494,812.8388939456663,1041.9060540720195,1057.4908579312837,1029.346019487289,1034.451258544922,847.5117227172851,1126.5800423457704,909.6608417567923,1013.0719244884468
239,1060.624768563525,1052.0048641282685,991.701363209928,855.0742394080529,746.974364507766,853.0044072125409,731.4116522945575,804.3707782885929,649.7543699476454,656.6786789664118,893.9290103004092,857.2262343624398,799.8720885100188,750.4679831427496,867.3898013632236,767.744551163146,777.2690617487981,877.4752178557532,962.7659933796994,754.2063861433993,349.863837603865,805.8531452323535,855.9419774861527,960.3991958483131,619.336924753691,905.6440270135017,960.3407611495878,1032.3269523748472,892.8846333395986,947.5773709204889,820.7307012889011,815.4081668577332,1035.0030171370306,1056.0597757192759,1029.423561807614,1039.3984446498325,846.6411474609375,1124.0472246075042,909.0763390059155,1016.6884148134823
