Timepoint,8,9,36,39,41,42,47,51,52,54,55,56,100,101,102,115,168,188,189,216,219,220,221,222,231,232,233,234,235,236,280,281,282,284,295,348
0,1.6471320877269822,8.468751518340895,4.285296046374632,5.859584300493707,-2.2793445663184535,-2.5255260923687293,-2.489098531555156,3.7840194891073873,-3.0018615825861996,2.174991172795393,2.097478966323697,3.246157725854796,-6.773744569141037,-0.5716086291536993,1.3548392887626375,-2.519654546161087,3.7041544281706518,1.7027352902354027,0.19857686089009655,0.006693268308834154,-4.3200090308578645,7.6219058048968416,1.3775272527519538,-0.040984365670960775,3.7624941966971575,2.223943648289661,-0.6461836543998548,10.665862115062012,3.174237076117068,2.9959974712217035,-5.476098091018443,-4.3486588098564924,-8.859160551003047,2.5736477250347334,-4.8842768863755825,-0.39236224184230883
1,4.235845907306184,6.646815228523041,3.0785197919728806,5.184574731986742,0.7758434159415108,-1.0836682708895937,-3.1122290447962526,1.4678880412663733,-1.0927872463148467,0.03166383626509686,1.5206262045064751,-1.5421642487754628,-10.65979613941543,0.7169800388569735,-1.1866474863217802,-3.4174129606357644,3.8388496089954764,2.2183960530222677,0.9144096386675932,2.641218684157547,-3.50060757264799,4.210782706737518,1.4672032725446078,0.8763338947782711,3.1460684023569434,0.697903220370716,-1.0745683202938157,7.998025451387678,2.2973680658151907,-2.707657604193201,-5.40667668243452,-9.911556185964418,-6.862667780122434,0.8823606371879578,-6.973164761553005,1.0216174289888265
2,4.261612962950402,-0.40108833994184223,-1.579265118861685,1.9160375883992837,4.327386524756344,1.173721775108454,-1.9453162452472108,-1.544876894685535,0.7218588201367125,-1.6647250317797369,1.338135484225896,-6.840256242423641,-12.148815091775388,4.887951678159285,-1.907697573000071,2.0477349822010313,3.3780644098106696,2.1313728927349556,2.074182999377348,0.8608245848088848,-1.0468289865827074,-3.3892539878594405,0.8997230566277796,2.6211226825811424,0.08884320027974187,-1.4261483714288594,0.10195082608534366,2.866491672335839,1.4115555519048049,-8.700013450213842,-2.3364838823980216,-11.474865669498639,-0.6798745357260412,0.3138354530139845,-6.994148012326688,2.8486704339786453
3,1.8220757501465934,-7.901868246039566,-6.501043212048861,-0.8082560493933911,6.488287312035658,3.2983547722806734,2.0908402551193626,-2.2576581812938867,0.7854945407230027,-1.1603378166957778,2.3750067192833035,-7.6193037361514815,-9.120924613913711,11.295266798564366,1.4372107988717604,13.035448916104375,3.7886564129469344,1.661898989154368,3.919051778559782,-5.405395629454632,1.643835041595965,-8.229114665060628,0.7209607282159279,4.446117647448364,-3.2505281214811363,-2.646486622946603,2.1826966344093788,0.20160245895385742,1.6705120558641395,-9.899883144972275,2.653961203536209,-7.2982776092023265,4.289392758997119,2.2006391895060635,-3.694782366101839,3.6196176622595106
4,-1.1597423322346745,-10.558016210186238,-7.492991712932684,-0.42287465253350687,5.653311185690821,4.845572994679821,7.819201843166838,0.06081085332802364,-0.6587914860978419,1.4099957714883649,4.263348290468661,-2.383808642017598,-2.2089316990910746,15.61905116694314,7.242483136605244,22.936822341412913,4.913651574022916,1.3790106603077479,5.832299647890792,-11.134628815918553,3.0185462205993887,-5.187320500916364,0.9514302556612053,5.332593823536014,-4.499262603265898,-2.3126839955850524,3.055871817530418,2.1137188034398213,2.678002699601407,-4.942690128574566,6.977888856615339,-0.1849967107480886,3.4568564770173054,4.949697706772357,2.1591313688122495,2.0365630693125483
5,-2.907332550202097,-7.191446633971467,-3.421105478491102,2.0698043561103394,1.510153774248094,5.873217574187687,11.71080704732817,3.0184941535093346,-1.9203964520473868,3.914630948128749,5.473886045570276,4.93714997476461,4.686266070421861,12.709331339719345,10.54626812679427,24.010447915415373,4.478464174939662,1.460740134728198,6.525287431873838,-10.63890180843217,2.2589359079696694,3.515862696633047,0.4830938383024566,4.706285880536449,-3.1270090536195405,-1.2143390029668808,1.2110476262715397,5.765494898873932,2.7938344226199754,2.1450389959678358,7.835774021793385,5.064358849914706,-2.4489470622977434,5.029543224646121,7.791319285728494,-1.8270492915596281
6,-3.1994392064457036,-1.4693443775177002,2.285268567046341,2.784003524299787,-4.232694639235127,6.368706304199842,10.31871951812384,3.491351016626066,-1.7654949541830895,4.045821609545727,4.510513169881032,8.203018261233764,7.048388453162446,1.7476470604234813,7.204297394472725,13.981694099246239,0.3171941782442891,1.308925318170567,5.1793330469909975,-3.284516163930601,-0.27045016705381625,9.954748524695027,-1.3110068458683637,2.844893098637766,-0.6365786231293971,-0.6633487894218795,-2.4761237441277015,6.307353376734014,0.8616838844455018,5.388448477551645,3.9554264715739658,5.917095036454955,-7.7903241446735905,0.4095279337192068,10.253858436431203,-6.102752480579882
7,-2.8733821580452577,1.8453807735017367,4.529327026435307,-0.9495897258118707,-8.25066001317939,5.926241379307241,3.514188309561233,0.8212679121263173,-0.6310903150208143,1.4911012965805677,1.3556425352485812,4.561691354732124,3.669130161176531,-11.423041632983415,-1.9030008812491992,-1.3508122587690548,-6.682660472636321,0.12101385423115321,2.531489369820575,5.3199781687284,-3.1901565896613255,8.098768265879883,-3.2181565405762926,0.6606662626169166,1.2104672911215801,-0.998383955079682,-5.184782077919464,1.9546511781458953,-2.420648953288185,2.3457788642571895,-3.206085802340994,3.780564342226301,-7.209597088852707,-6.859367649165952,8.70284771493503,-8.031565216731051
8,-2.3354319872296587,1.235321575433624,1.2605030533610557,-7.196436028091275,-7.542704104160776,4.139463189609197,-4.5941074423644,-2.5363341050070463,0.12399418591236581,-1.6078150220671479,-2.169398621123816,-2.9606488225411396,-1.893834955838262,-18.117598043412578,-10.891986282048176,-12.301259039616099,-12.251724272358175,-2.043969350201743,0.6105389947793922,8.2084639516412,-4.821340024927441,-0.17921114621721967,-3.0446740096929124,-0.970421412769629,2.195218578893311,-1.1637561521968063,-4.67239477637471,-4.048271479047075,-4.963341613205111,-3.646381041225122,-9.825043773164554,1.6719350425564512,-0.7318294948461105,-11.842306059233996,5.040744125234838,-5.7689912205904115
9,-1.0665001191046772,-0.8928785494395665,-4.597255756660384,-10.620945563881982,-1.8973853138028358,1.2554088618074144,-8.532915474200735,-3.6070715173774834,-0.06218021864793739,-2.4680603666573155,-3.669886821994976,-8.279164138497139,-4.214168242045811,-14.166296927296386,-13.654054178571215,-12.985917062175517,-12.109439472154696,-3.907801316100724,0.975993214821329,3.465566764300575,-4.170851065302077,-6.951868554159087,-0.15737757512501307,-1.8173548874198173,3.5334385329363296,0.04422352964780769,-1.4935751873619703,-6.70119565238758,-5.177457761085991,-6.6933847687074115,-11.897625321636395,0.8278492728286252,6.1436265986792895,-11.058528001667286,2.19174076099785,0.12656118675154082
10,1.2308569790757433,-1.4596985329170615,-7.957063262930558,-7.613874204304754,5.234582538507422,-1.7485248067853403,-6.04419779899169,-1.9876298685463107,-0.33669236606481123,-0.16750312338069995,-2.1570613939239056,-7.782378105484709,-0.9632830656304652,-4.020755616986022,-9.219816121519829,-5.887960781856459,-6.198568237071135,-3.973103108454724,2.9514960683121974,-4.033800535664266,-1.6677469307062578,-6.237121354905551,3.095227145418829,-2.373107319279593,5.99693944959008,2.311760242496218,1.3970818291513287,-4.419080952600557,-3.4047331493728015,-3.905258378204034,-8.093910136317112,0.14065361874444143,7.501930677008872,-5.972859060277744,1.4979795558112008,6.688279120593655
11,3.3815215505203424,-0.11145656571096303,-6.339424794729875,-0.3507828361221722,8.841341659730794,-3.875111437573725,-0.226351298847977,-0.1616089909660573,0.35935153888196364,3.466833779702381,0.9709966784837295,-3.3119474260174497,4.733646175082849,2.843539750089451,-2.6034155761709017,0.6587654242710191,0.5521125687020165,-2.0767879771942996,3.7573426329359716,-7.183723246868776,0.9430378931289425,0.028651970989850103,3.133367478239293,-3.3322473588038464,8.379564172151138,3.6185008603699353,1.439198947074462,-0.6818780445930909,-1.4587069126416226,2.1019961891923935,-1.1249196143174658,-1.2228164113297755,2.41650637193602,-2.0235119784364897,1.6520434356465632,10.233781825218882
12,3.3015950901471838,0.8641148148750772,-1.877705935236751,4.625416887962088,6.280198578019531,-4.889287466981581,3.0712388461949875,-0.7441616009692756,1.7423808246242756,5.429122674221895,2.936977908528429,0.09407190765653338,7.091882978775064,0.4687376143980999,-0.11043686039593754,-0.2534080050429519,2.3283465261362037,0.1356166589016817,0.8911556346075875,-3.0063580098200817,1.7327354653757445,4.269848484926078,-1.2172870143335692,-4.858773129631062,8.17419935975756,2.0187461364025974,-1.0516879552481126,-0.34477743962589574,-0.7971434456353285,6.063748146806445,3.8865675290628356,-1.6153494885989599,-4.363173936094556,-3.6529031529718514,0.18395218313956746,8.737861214851847
13,0.23043021620536336,-0.2917183235819851,1.2675681983938023,2.387021037388821,-0.227721846833521,-5.321185037493706,0.5166115949348528,-3.635903396928797,2.268976847127992,4.128036211948006,1.8387440230165208,-0.7319542528415213,3.2131127636043395,-7.980535850232961,-3.433454261902644,-8.470452912912076,-2.0786712457787018,0.5776882743729013,-5.17230745480985,5.1838505386698,0.09642316051283661,1.457482129943614,-6.906751400353957,-6.237418806674529,4.028193852122949,-2.2386106617596684,-3.2417185352164872,-4.405171824961292,-1.2250834618295943,5.24757161432383,3.2586001098531354,1.6058567981330716,-6.896955713933828,-9.811323109938174,-3.9237957992115797,3.2480655387804216
14,-3.7661757569532006,-2.365605731399692,1.1958237186986573,-5.541574839730652,-5.123864699383171,-5.69263381571794,-5.630972105021379,-6.123894786348148,0.9245893266432139,0.6398357013050391,-1.768850594454882,-4.204043259426039,-3.91969286323506,-13.067476762800801,-8.184068674943886,-17.42236740491828,-7.741068983564571,-1.1896181754311737,-10.626860043224024,11.359461454826654,-2.5853205779377295,-5.42822438600112,-8.979904723410703,-6.2668943329125035,-2.4493956727032757,-6.476153983449449,-2.6819886504387367,-8.75340751482516,-1.402762619816527,1.7644867340520936,-2.114089995622635,8.108222027214206,-3.304437921971691,-14.322033527554298,-9.014098717241872,-2.7518472428224525
15,-5.11755996820878,-2.346627951884756,-0.22898583509484116,-12.411378404315638,-4.213947401971233,-5.849944918511474,-9.683262079345937,-5.765921248465168,-1.3380294530367365,-2.4388471890468986,-5.342383271577407,-5.88714323481735,-8.055119745585383,-7.966989742249859,-8.329673979203312,-19.965341682336767,-7.95141222464795,-3.242585917554644,-11.136316445409035,12.065504627568382,-3.914128667846018,-8.54883176939828,-5.220305251831911,-4.197869871952096,-7.524141484377336,-7.724187065752185,0.16909935420417055,-8.35700121993313,-0.4929415553960265,-0.0748961695602962,-7.1642353005555215,12.906479400943736,3.062636433511364,-11.134838543984355,-12.086201380710213,-5.690616288963629
16,-2.1011182899985994,1.063393977831821,0.0019683228159437373,-12.5620338770808,1.493755813764066,-5.166122459027232,-7.997026151540328,-2.9184793525812576,-2.378281333008591,-3.3477209107,-6.419183363738869,-3.0166531060727273,-5.526037280656854,4.90732140732663,-2.2725433688990924,-14.041386569641075,-0.6745695672473129,-2.9116556528879673,-5.624673980839399,8.333720050448058,-2.494858113022483,-3.7824271406446184,1.3820570599363775,-0.5258937867320314,-8.287477266860707,-5.292491353287989,2.414514035290601,-2.619814851454326,0.8968581494172009,1.6204578628649517,-6.636973101265577,9.969161755576426,7.20433586653398,0.13391915511111824,-11.368309642435337,-4.309310968433108
17,3.0545650100221438,5.62933737891061,2.402933355496854,-6.682981943597599,6.521091802235769,-3.3644447314495944,-2.4916350148162065,-0.22780756317839332,-1.244346290066534,-2.506616344257277,-4.436848482307123,2.9017269745164986,1.299103206517745,15.786371305584908,5.356596533133059,-3.5834050890134304,9.068971266551893,0.6068776827685687,2.3800813841006283,3.2595067492553165,0.704361515385764,4.386265212175798,5.062943181213067,3.0599044999297784,-5.070186761569004,-1.2675373718446614,1.7472750118800573,3.697012304689507,1.4951734713145666,4.52834332152745,0.5262125018908053,-1.638574696317011,7.019627181851134,13.427365354129247,-7.689197876015488,-0.3141570541323448
18,5.784486320249888,7.694031622945046,4.404997888876467,-0.8028686323336193,5.911515257796463,-0.9730693466809331,1.3145703198958416,0.2565255140771671,0.5042598855738737,-1.7329368712950726,-0.8126181966188003,7.738773369667482,6.360050778607933,16.153616843174916,8.009062382639671,5.295725580989098,13.422833368486287,5.148787870699046,7.3639457578561744,-1.2594051669750894,3.0479344768183574,7.136799483883138,2.5996263994246114,4.687502819056413,-1.079171745144591,1.5734489450649338,-1.0648745955253134,5.098427541401922,0.9646307129640969,4.808677566902978,10.208029245843692,-15.332546781520454,4.537009022369677,21.018208459931977,-3.484451100534322,3.2140295797464797
19,3.3568619117901033,6.07072113059005,3.398432756565055,-0.03298458274529905,0.03104939995979776,1.163521864584514,-0.07552728938813112,-0.8570320010185242,0.284584782257372,-2.2903938196143327,2.484746466333769,8.675976565601875,5.777777753922404,6.062463298135874,3.530019769559101,8.94001218494104,8.725553100510519,7.212867054404045,6.345147810572264,-5.043479846448315,2.60712299298267,0.6263365331961184,-3.504509688079433,3.5968988689841055,0.40968773230834277,2.328893701032716,-2.8464811384981994,0.8821450198183254,0.4741145134428326,1.2758418114817873,16.480959634391628,-21.55809293352828,3.15291622706822,19.57400668640526,-0.5910070343893401,4.341068956316734
20,-2.368109695765437,3.425961519382438,-0.09045356876996098,-3.398154862073003,-5.435117160787388,2.7594264198322684,-4.421758443421247,-1.2603828274473852,-2.540992952427086,-3.7218896917694684,4.309432612998145,6.470574473620069,1.5159863154498898,-6.3424834803659085,-3.595920201467008,7.868219946720163,-1.2552462013400332,4.948980145308436,1.3159875115569757,-7.701576405641984,0.134139071465755,-9.334639259747096,-7.105034229706745,0.7080172713921995,-1.2577727561702534,2.4227002494189205,-1.2199428242688277,-4.085032680204937,1.4808752211380978,-3.324571299917844,16.36079415618157,-15.648776809171755,4.045925420157763,12.20219636085082,1.0046376525139322,3.6089300233490613
21,-6.45491085551223,3.439984289359073,-2.75216227161641,-5.011879140625195,-4.593803936729626,4.267015684624107,-5.780134966178816,0.26524192703013516,-5.4603748653008015,-4.474952991823761,4.470670423337391,4.14161015712485,-0.7223899315814583,-12.112303845736445,-6.242447193711996,5.086215573305986,-8.88496186173692,-0.23680509248634382,-2.6514173665521095,-7.561781942844391,-1.3439767808482355,-12.466372930273717,-3.8981835665751476,-2.051336482471349,-3.8716058980445474,3.5667582044796067,2.904564022067554,-4.183555699732839,3.9238941563027248,-5.117740491215064,11.729863929505251,-1.6553817768486179,5.313050152391804,4.988875713883614,2.4898697685222237,3.053994872132126
22,-5.411775889597377,6.630862808957392,-2.099009024853609,-0.40557465702295303,3.0152349459121424,6.0455212241836955,-0.4793808180458692,2.4114445137734317,-5.0219530128702825,-3.521548468847664,2.9871849545410702,3.8437511993914235,2.7594882967520733,-8.567308241463437,-1.1220286969019442,3.3465645854570427,-9.461588740348816,-4.927033889962702,-1.971185366109926,-3.419676804116794,0.774363890442313,-4.2110006201023955,4.790937247933174,-3.1625520842415944,-4.545653653388121,5.529418912469124,6.11449459195137,1.3944878420051263,5.785500696727207,-2.9259229591306375,6.899354050620174,11.514613375371816,4.318486486162458,1.5681475911821638,4.645766637459094,3.8651921469338086
23,-0.39013000383821067,9.357336467626144,0.6674049788591813,8.45863276720047,11.557261216397189,7.450322570849438,8.803475310607832,2.8597969832469006,-0.45346413491940013,-1.3257580758167469,-0.22200530159230136,5.18522785938516,9.909347595000753,-0.12781777552195958,8.274125534660962,3.7181711355034186,-4.6933591414471065,-6.570321216266983,2.3724630827806434,2.903046443754313,5.993431655728087,9.260755789523222,13.289591789055539,-2.5210963913372586,-2.1853434479966456,6.245972226468885,5.774491901300391,7.898414839287193,4.678686189408205,0.8117326723069561,4.400118704809218,17.79269116752002,0.5974995381369883,0.750344130457664,7.090582867057956,4.942394295517279
24,4.041092529018619,7.300797304328607,1.8491297630327088,14.673295506409236,13.811284671632611,7.04615489864836,15.029057356167813,1.0105875053119904,5.116766582946388,0.664153014138645,-4.635433419626587,6.312632488961122,14.759916989778986,6.729229239784941,14.841551000974617,5.795706164471957,0.16682551162583487,-5.321532746967004,6.015663508857999,6.843399930213179,10.62553601970478,16.427763990601715,16.45482674157437,-1.203971451642562,1.876013892493686,4.2594452013774795,2.4838659447066638,9.725881851449305,0.06706070778321246,2.754662042369648,3.1352599688938687,17.978857065037804,-3.5555250547370134,-1.0190764738588918,8.908116379562689,3.8551170290732872
25,4.30589689861755,0.002223012398700325,-0.59938289255512,12.979971810871241,7.463442840746471,3.997165258745758,13.130242788061803,-1.185535146569719,7.408994051874901,1.3230461867488161,-8.395621381243881,6.099374919521566,12.928422145697535,8.864854919667147,14.005423272142606,8.362761070381621,2.1110674383080736,-3.330427418557965,5.4707294951896275,4.928545768163642,10.62695827776072,11.056172052208257,13.506747212336988,-0.2787184082731909,5.260118586068251,0.8018077879535909,-0.7119832130110993,5.759189661972377,-5.979833339550058,1.9891648751740554,0.479618565160401,16.60941274798646,-5.1535179058508,-5.271168039769543,9.646521323797653,-0.5765943965133355
26,1.0720920869890525,-8.19846795164809,-4.461916463715689,4.911456291772882,-2.9232584262380796,-0.7103462784874196,4.6802125065302365,-1.2684019086312275,5.140201573773306,0.6446355739418341,-8.976249656811053,4.940647249319116,5.447642457728484,7.493519546121967,7.227219653372862,9.697592867120187,2.9182485816430073,-2.468534158200634,1.3794614881733243,-1.5031881484260061,5.025397443345615,-2.228056941713606,7.621017265304619,0.18284778266536947,6.365465105302175,-1.017923821600116,-1.4168974568269082,0.0651712356781473,-10.232189357280731,0.5430079620255499,-4.1472309681834005,15.61921720115506,-3.0862801403415445,-9.674587896892003,9.460426581149198,-6.558874032935318
27,-1.7403800688227828,-11.871835156362884,-5.244051870338771,-2.612780442043227,-9.95791693609588,-4.620903003884822,-3.570560467220387,1.075128315662851,1.3230529780290565,-0.5652018025213358,-5.25461867634131,3.5966703648469887,-2.52367779430078,5.166477385832339,0.08057782053947449,7.94473692166562,5.986712769586212,-2.8017670591266786,-2.282097106077233,-6.957914732548655,-3.060819928401283,-12.639804638161952,2.3695981147870118,0.930929607274581,5.058261931246641,0.5837293918035469,-0.03985156027638182,-2.451349843825613,-10.63334273318855,0.8093586345108188,-8.146176433684875,11.860959396982679,1.08924357562649,-10.39757236047667,8.424957382435702,-10.328079525001195
28,-0.9931372039837345,-9.231276154518127,-0.9198724323389481,-3.770400747656822,-9.66603141931855,-5.656986849724638,-5.847955065950448,3.698459561990232,0.22991875087728306,-1.539852643499569,0.8891475370952061,1.840578015969724,-6.497096796425021,2.794869661179124,-2.806893766534572,2.2065181805163014,11.232701311610183,-3.0667183005384038,-2.1738221748751037,-6.771618718243375,-8.744623502298277,-13.28815375937491,-1.1786347104578603,2.4149316355243933,2.113276088724331,3.7636218670071386,1.1040633383150003,-0.8210920612422787,-7.493583297566036,2.821308902027656,-8.308485366860214,1.161156449086812,4.497371971607208,-6.089118911295521,6.1706817045199625,-9.225737269739716
29,2.712197035551071,-3.3434512658158737,5.521418723828939,1.040051440803372,-4.29928179161281,-3.8188712244131127,-2.306039862486781,4.363767993085238,3.0173401510228914,-2.028493527855192,5.435152874537269,-1.2515365347570302,-6.205537892421898,-0.30106592178344727,-1.187292672845782,-6.140283092552302,13.992267258617343,-2.282545620794123,1.1664938233336624,-1.6073565312794276,-9.044342127381539,-6.735486942894605,-4.183181341813535,3.935238287156942,-1.5353028543141423,4.378958887743707,0.561983256923909,1.5255654758336592,-2.746552215546978,4.266996917675953,-4.382789953207901,-15.516037129321877,4.97557906806469,0.5518659924974247,2.5688997676253926,-4.09070885181427
30,5.942959755050893,1.0640387754051053,8.6177231357718,6.298331336099274,0.45661589533698804,-1.1247360064857164,1.7880049467999108,3.1199561977873045,6.506604241473334,-2.1123757508336283,5.347336738389366,-5.648869023031118,-4.828360618453245,-4.265885422424394,1.6267548352479935,-13.407361595606318,9.591257752204427,-0.6853582758684548,3.932432325062703,3.233015795143283,-4.82855286966173,-1.1644032117055387,-7.609320693478292,4.096271853057706,-4.920034966906723,0.044516958752456974,-0.7303769533731499,0.6988612979042287,1.7050064942058252,3.0800670957078737,0.20932509339585595,-30.554420439564453,2.206874727594609,5.073431473605487,-1.2929805258707123,1.3345753708664252
31,5.980988288412289,1.7604103660096928,5.709927467211169,7.1947192841646626,0.8127695857262125,0.1621177395691677,1.523089078007912,2.0138586698746193,6.435725292380975,-1.836185743614119,1.3013851827352632,-9.43814922682941,-5.247012615203857,-7.605233503847706,2.292658702299303,-15.657655516449285,-1.0251776030173108,0.7884265374468298,2.84053623843558,3.145696693233081,0.3796181462096925,-1.699123422710263,-10.646501916251621,2.2711046076550776,-6.853585620315707,-7.022193105853334,-0.7935068631658748,-3.621014023389743,4.937895184268757,-0.2538158467837742,1.4304150756524534,-34.83315657717841,-2.4543279342505397,5.0461618810017805,-3.3171487626980762,3.5522237082525177
32,3.2705549065555846,0.13430862828176848,-0.3544830647962434,4.120332486775457,-2.3089741927628613,-0.64786860225152,-3.0105625689029694,2.4920851894635327,1.866990354596352,-1.1649026913302285,-2.6945356603483765,-10.077744382984784,-7.319106808730534,-8.501949478168877,0.07420199014702622,-11.655260627975268,-10.798162712126363,1.5826940080341028,-1.6451498787013852,-1.232950777423625,3.377910020400067,-5.768998585185226,-11.563873142004013,-0.38258999983342934,-6.263563569102969,-11.464891084754953,0.7899194426682531,-8.102502472546636,6.707563180400401,-3.096379877353201,-1.5840922362950383,-24.86744142065243,-6.860951484466086,1.6703743253435408,-2.1186877574239458,2.129478719769692
33,0.4860676612172808,-1.2464996735964502,-3.9082509522535362,1.4653193074829725,-5.1572640501723,-2.419208130057977,-7.2423721795179405,3.5207813046872616,-3.7958661305661106,-0.19818959065846034,-2.742436779472901,-6.860004200010883,-8.61943261393783,-6.821536503276047,-3.4052566423708077,-4.170401885801432,-12.376937374776723,1.864577294308312,-5.7841594346932,-4.96945925604324,3.382947551352637,-6.66985972681824,-9.730739009623624,-1.5856750142209384,-3.1496019983778196,-9.503241567739419,2.0606107751325684,-9.322707192326078,6.777339379398191,-3.2700866941286595,-5.874915225165231,-5.5211114980736555,-9.009251447052371,-2.033594386918204,1.2809314968026415,-0.41382727361455257
34,-0.42931600789330443,-1.5582441967360827,-1.9347501670827671,2.3974477600078195,-5.28085335906671,-3.5115897448695437,-6.89123243397596,2.7053568005865936,-6.21535756269812,0.7951704772303299,1.4921239383366642,-2.0507719048431943,-7.372883471907402,-4.283874599301085,-6.175330058044317,1.8724199645981496,-4.851861559310738,1.9412915986411425,-6.198834497709663,-4.190367569253609,1.777621441957902,-1.0114710233649429,-6.39060990907708,0.05928547102577832,0.8252162857323276,-2.4796114444580613,0.746736039008413,-7.007500014743027,4.972821901495359,-1.1619339269034716,-7.788673034736088,13.597457632042316,-7.821612214099388,-4.2590733322562,3.7799555546775157,-1.4196327273942986
35,0.004592588209376043,-2.0351199162363702,3.0940138661131567,5.313214324867919,-3.646498750971288,-3.2143729935799326,-2.0458634467985557,-0.717516149945405,-4.391334628420217,1.653283065679122,6.550959057345683,0.7167041076499284,-4.327649115299692,-2.573828328020719,-7.280897004263742,3.196495015706335,5.291451472765291,1.7228771180522686,-3.0859180150591596,-0.1145383180404196,0.3054046700803601,7.750996925392929,-3.3922097663186035,3.514783817894605,3.1263111349271266,4.234572057821313,-2.972177789831648,-3.726196826112514,1.9270604876231174,0.7333120277949742,-6.601256292693469,24.259178356248505,-3.684714912151804,-5.503278355209195,2.7158847203364176,-0.7327215256435531
36,-0.09242629244619487,-3.8108341388252316,5.775453345507992,5.651090099191179,-2.960432314142889,-1.9760111797677011,3.3088337766880893,-4.422223863248923,-1.3834239049073385,2.5083136631517995,8.391616527523313,-0.5033211367470878,-1.8280476939921477,-1.6627902032769457,-6.53048098330595,0.7683062206725685,10.119225458222992,1.0062275437676176,0.09523244063388936,2.5197652803391826,-0.36404664662419534,12.921193382569722,-1.416334225596594,5.822209609406335,2.244369140084909,5.9774845187761345,-6.149651729254698,-1.8140013084879942,-0.6167686716938505,0.22079872598453443,-4.854424601914931,23.29601556670909,1.5734427960551516,-6.871745357708055,-1.6277910556112016,-0.5116975380449879
37,-1.5931924800483548,-6.126463186375949,3.12693436291753,1.0191741689127318,-4.3595994501089566,-0.5363399021479548,5.41594519542188,-4.9780643655329335,-0.8507503988031222,3.5050292877214297,5.933442225109558,-4.293993086839209,-1.3856589969779765,-0.3293781037233314,-3.7972224118302065,-1.1897155837136872,7.344379106346442,0.13552754968214703,0.059470157234036196,0.8546996603206712,-0.6220696337369024,11.117373422700531,0.32872598390189967,4.487280381729408,-0.9110507528696742,2.635933954496773,-5.840927578356801,-1.1039294077425588,-0.8035480769313111,-2.6575417999102147,-5.124899859939303,12.45536857721757,5.525158925019965,-7.809674501419067,-6.091001043514329,-2.4820960510750205
38,-3.481380139078413,-7.031081117537557,-2.535382178897152,-5.848939468665999,-6.051606347366255,0.8433000931934435,4.129567261861295,-1.4130522588990173,-3.1656392861385734,4.307678780993637,1.5799836492812147,-7.154115365171919,-2.3608306958055008,1.8160047628441636,0.6813787387645974,0.8855000225713059,1.6676204204559326,-0.03300567914028557,-3.142031720706395,-2.7840452790260315,-1.0120297049989506,5.044892058688767,2.753917776808447,-0.2770236803560841,-3.5718171462720756,-1.981735689907658,-2.198102445018535,0.19999232466275596,1.6365604351977914,-5.8522500274132705,-6.769677138754299,-3.380849764055135,6.454634320979216,-6.03791580638107,-7.500803070408957,-5.601681852827267
39,-4.274888809086109,-5.641738985874215,-5.869536813424558,-9.462656925527417,-5.19108462367891,2.2241155692205137,2.3254994470245984,3.4311458295097155,-5.213211251460776,4.106442211461919,-1.5481166097582604,-6.512982138565609,-2.871150854898959,3.3651733477504884,5.286794494609444,6.383446532244585,-0.7076554523438824,0.9176650341524153,-6.242218168414369,-3.346219453694565,-1.6311402133837039,0.1867568200948287,5.540915972724253,-5.504006793361385,-3.365837587993972,-4.279440319051548,1.4546151495709712,2.832088741720939,4.667271696791357,-7.16564096723284,-6.278495243617466,-17.621587641993347,4.236760946864984,-0.00602099846820442,-5.692576740469251,-6.760568032763442
40,-3.876298189163208,-3.221173021942377,-3.5539598230804716,-6.873495848355245,-0.8907132048387917,3.327288582008712,2.3991637993223813,5.399779490366274,-3.9768158016460284,2.399082699600531,-2.634081634331723,-2.7117615986843497,-1.6675925932976665,2.5670932251579908,7.044409603488688,10.618456916940607,1.4218260001163094,2.2059628708021983,-5.89788972966525,1.3073588548874369,-2.2964805332392606,-0.5942724766779919,7.321045587257463,-7.773402621247331,-0.3388035455528571,-4.11615178901322,1.8876201434783182,5.216450795835378,5.264839330498053,-5.845842857065858,-1.0594358006302191,-23.624401530440974,0.13017505042406977,8.683338121492035,-3.6581549340364883,-3.988833130926502
41,-3.581816147480692,-1.7726691255764084,2.755453661692386,-0.526213100674201,4.742479726976278,3.4007320685350164,3.763070035041595,2.985932164046229,0.04597946153763605,-0.1529429839277754,-3.303328180191468,1.6834226586684888,0.9773762955957529,-0.3570612547348957,3.6632297624434744,8.765267040428459,3.425607302055067,2.4495769225212993,-1.7378610190080137,7.683961965295733,-2.903857336968792,1.0408078401672596,7.076437040251129,-5.883895252736247,3.108815643328185,-3.9336338823243064,-0.6736219586158285,5.119013188748943,1.9495307886782958,-2.6813904903068835,7.2439553907939365,-17.84429693282867,-4.225978749138968,15.638405726880443,-4.492407418635427,1.1203321279311667
42,-4.250819732948226,-1.7760423455311327,8.12341958284378,4.157412536898438,8.46987572129892,1.9472719816376969,3.8752688798977406,-1.276875992210544,3.3109190494430307,-1.8628523667552033,-4.9381676814994035,4.302140306453316,3.910262234661044,-2.8392308220571403,-3.860930196484741,0.4425303633799966,0.34877768584660124,1.2546660592969583,3.48454286735885,9.906862828804522,-3.3557866690110187,1.822593627535567,5.112910516408025,-1.5906982434039214,4.355591538305185,-5.056133945985716,-2.653599095663854,2.2885975500150604,-3.649842560766455,0.9982885018903382,13.506213717314662,-3.103138653599486,-7.658259633624432,16.875925349945923,-8.048128100682279,4.49943445166763
43,-4.8915088921785355,-1.6978575599436858,8.761441315923419,3.9350703285664927,8.679932018627925,-0.4944309862900753,1.4304178850535227,-3.4328196964473747,3.0470210040862464,-1.3468446196342,-6.339970703027686,4.743347582768421,6.146379590034485,-2.3288681358098984,-10.8765755695652,-9.125874369728322,-7.222658192016641,0.010348196938510376,6.480028814199019,5.6418978584056,-3.2630393623697516,0.8081967417074709,2.5767072244566314,2.104194768229309,2.831574352914277,-5.513125772378882,-0.8030365717654325,-0.9642377033525583,-7.75577528014475,4.1971335006611685,13.455609781401497,11.754368835565995,-9.536427707088237,12.007829123005575,-10.6915717812217,3.433561305610501
44,-3.5238180780897337,0.13448089726117193,5.002271455617583,0.4750130568079802,6.353796829754601,-2.516733298496324,-1.878217653352387,-2.045383493511044,0.24501936289728904,1.1044183001682466,-4.5941167873691535,4.254716919392956,7.146692538139772,0.924277590549722,-12.141916810249796,-12.81995670527828,-13.293940723550563,0.6501070522532171,6.058001354640844,-1.4596908639508241,-2.1249474172803517,-0.03341423187937055,0.23758213676284162,3.409884999753261,0.37392691385989285,-2.0636055402609768,4.202074848875707,-1.995673609631402,-7.310249371796238,6.376735634493585,7.430332697471794,17.518414595905615,-9.409979708644808,4.462586367008638,-8.626025770391736,-0.5962807169013029
45,0.45551547408103943,3.43382967369897,0.4553871158966605,-1.8721422735525637,3.582227126676209,-2.9396876832660364,-2.9468702163015092,0.5616056286558813,-1.4793338635746314,3.572087535753428,1.5008441921399565,4.025541454857709,6.452587513291106,3.7382251206709416,-6.183692200451481,-7.499099449691724,-12.601184443551666,3.373309118559166,3.4323493169278514,-5.327814206024822,-0.09820110092357713,1.1906180612894954,-1.9527743420734698,2.7334559340866242,-0.5854017095906394,5.590076699548838,8.016198040271291,-0.47620900800185545,-2.381943562201091,7.209068499961678,-0.0662042468178029,11.838526009905095,-6.966164739764467,-1.4134896008335813,-1.7087881346138156,-3.0592674692066346
46,5.062235191160319,6.052024747035941,-1.3640178709614033,-0.7414846104018542,1.4396884155516723,-1.7567434435596272,-0.49439276374724445,0.9466615203691988,0.045292175089826386,4.157643997547578,9.078971557471217,3.976112875137098,3.699403563324286,2.987239242816458,2.9668139784919974,2.874392552339301,-6.3156218650389695,5.827405539094185,0.41407569315360515,-3.338571831888082,1.5396959293557673,3.527705185875601,-4.079429251198866,1.5781256738974123,0.7541705667972565,13.114442087557851,6.725890250838533,1.4150305583464855,3.924985092513415,6.556000784951813,-4.450631244450199,1.3264342947882048,-2.50437084631044,-3.628001336540495,5.947514105816277,-0.6572100514051865
47,7.2360866148861085,6.208320520970286,0.2682336234316534,1.962085529097489,-0.5929585005327755,0.022468282860152577,3.4757573508790562,-1.7465497026224717,2.981897315200494,2.72870884774899,12.796131134033203,3.132965098838417,-0.6280927566849456,-1.1039026096007045,8.681810329155047,9.919444282444156,-1.1112968447257061,5.08378285260833,-2.2614444658464317,1.4791413642922226,1.1634599931386052,3.963388139191939,-5.402977313314166,0.7910866877254175,2.981611885586563,14.7736291515888,0.8449440476845722,1.4484059993101626,7.931156608523155,4.680142326622593,-4.714646283461123,-4.283351671938994,2.7243506713789336,-3.2996291922671452,9.310763471284691,5.326110227375614
48,5.6807045377030665,4.347674521864677,3.2499442076196474,2.349960391466715,-3.3254598744061528,1.395026567639137,5.496246504540346,-4.847434943579898,3.336852555980488,0.9752437691299283,9.30443508314843,0.9602444986907803,-4.656111801765403,-4.6799214993204385,7.169248209924114,7.623543116511131,-2.2307290374016273,0.7878883712145747,-4.780498931602556,3.8807895408601176,-1.5360881722703272,0.919374094325669,-4.735909442512357,0.04186796958615281,3.9695019077281564,8.836267429346941,-4.821701513261211,-0.22303687431374375,8.046834107716473,2.2273508073115837,-3.275105909425385,-1.0128516566996673,6.992315807512829,-2.6530353877009176,6.686130028598162,9.950964554231994
49,2.061597607269579,2.528619963295606,4.669375750179193,-1.129300785916192,-6.328377649035989,2.1190363418082803,3.8504627909587352,-4.8509116768836975,-0.5910181415324308,0.6050929749498561,0.45193733274936676,-1.8321006048698814,-5.951703415233261,-3.457564183643886,0.7517040826532305,-2.264943302894125,-7.603516383438694,-3.7764216039557845,-6.8887597608323,1.6536335190948175,-4.629114410706928,-3.513946073395865,-1.8590406793720868,-1.1226119648437112,2.9232647253238424,-0.1979840300521072,-5.4955858246100195,-1.2805063025075563,5.423936527602526,-0.1892924035082058,-2.6676868276328456,5.9683202161472675,9.150845332413304,-2.651788670189527,1.0216585032793941,9.07332164414075
50,-0.7714263077597229,2.0421371277497737,2.8716753164724427,-5.851409546375199,-7.90337871653693,2.4709661154418576,-0.04089957171556901,-0.9060401472510123,-5.882590529870014,1.4737894310026753,-7.967033736559809,-3.771053316185669,-3.4558102354711417,3.4580958390190286,-4.057767317839423,-11.088492973726623,-9.341098621487617,-4.251948297631984,-7.339448404859524,-2.6988600370835285,-5.075518893952272,-5.270230088915143,1.6641891803972575,-2.1117568666837654,1.045127661860719,-5.117882197608753,-0.862883028935413,0.1562642753124237,2.308149033663224,-2.369700299708971,-2.820628249523591,8.004277181564545,9.246219743271263,-2.665549307833521,-2.7908056399651935,3.1124569676360307
51,-1.7000943385824865,2.0051805562510783,-1.7954089607359196,-7.537166399006941,-6.55883727389939,2.4852404582257175,-3.2852565114367374,4.380448450847548,-7.446858670638532,1.6619249045544742,-10.883717462420464,-3.8177188464573453,1.264329803233244,12.556219514535398,-2.177779858209649,-10.20675247360249,-1.5799421741037953,0.6895053777463582,-5.1087820031205,-5.124085036467533,-1.2789172104426794,-2.318819278965191,3.506264255363114,-1.594043228091026,0.2959367672399599,-2.2476593195175636,4.598272496340226,3.3707373580154107,-0.11907348169812135,-4.377821865434549,-1.6815935494948406,2.145213747187993,8.040761060860692,-2.093806542912308,-1.9755854518437872,-3.44617958944671
52,-2.273893624164012,0.6138205382288718,-7.5073585596163666,-4.554917055125139,-2.4260155424779777,1.7367780274350424,-4.344911079017484,7.410398867665505,-2.9703814058887716,-0.41795624579702106,-7.774527869054249,-2.1182812598286844,4.973040716076384,18.489470153438802,5.597357161191045,1.5382939677457421,12.946698574387298,7.653276859497537,-1.0539945826238515,-4.247506041916049,5.226496194242214,3.169000689472471,2.681644096970558,0.8777216688102606,1.5426003028239523,5.3904664261000494,5.69959339012905,5.669768692887559,-2.3298437745139307,-6.0029007439710655,1.8145286963910472,-5.4997346038569,5.997539028829458,-1.6814301579582447,2.367016927928341,-6.255218243188396
53,-4.614284821462874,-2.2907137283865286,-12.002132752416085,0.34071335987168916,2.767889160282758,-0.0012808904355886032,-4.133801157985415,6.66934030639882,4.574782763816873,-3.996164142477269,-2.284596321230032,0.25560604704886064,5.403811294205335,17.90445689279206,13.237745327456873,16.274194741735652,24.31088778057269,11.1209456248551,2.1540269352951826,-2.1831322640788797,10.74169109427199,6.789049641210205,0.6071087523382537,3.750372796642537,3.838070589668897,10.945135448356064,1.1712202016188173,5.132351712304718,-5.097569541055329,-6.524688073566982,5.9311256533374594,-5.857930548945252,2.956669426694208,-2.735182965288357,6.991852740852201,-4.89555954902756
54,-8.503969289210378,-4.316094622320058,-13.581388979542012,2.587989037666394,6.989284151214726,-2.0556263167943274,-4.486006431433619,3.4690659003598348,9.432540504299865,-6.237443633073447,1.578082100469239,2.155186321054186,3.211814135313034,11.451010234501897,14.602751437498599,23.15689805332495,23.810107128960745,8.107650334129529,2.2764457926458244,-1.5369285722168124,12.35561770124703,6.024574699450512,-0.16085247604214414,4.405821540454706,5.3695773032246805,9.851966798495578,-5.401723467573827,2.59091399290732,-7.829622286923078,-5.220721213565189,7.566853643680106,3.650180013812318,-1.034654206767374,-5.040413369937819,9.580757900160187,-2.656564362803284
55,-10.863987284047264,-2.5806851922249305,-11.842237087080674,0.19830961753519213,9.086332074884439,-3.113805029313175,-5.854157499816953,0.09281862816032098,8.170886220980664,-4.834838760142424,2.770971450422491,2.9939599292618886,1.2833252792455712,2.788034372791952,8.49844437997256,17.132742869610688,11.606109212855904,0.5838358383625746,-0.14268946708465108,-2.333735857691084,10.194444521349304,2.364286855775483,1.5645026272656966,1.5641527601650782,5.021406657841741,3.4579243623480505,-8.954633738313403,0.7897568340508305,-8.534018705085833,-2.2145818769931793,5.407566793110906,15.929628445177663,-4.726516941372229,-6.083925408368208,10.084493238098768,-2.7502316522354984
56,-8.416528006293335,3.180948936817597,-7.8682586973419,-4.310758950758953,8.889782338118067,-2.363631235701697,-6.747826284291793,-2.342437963096463,2.495050603029679,-0.46263953921746237,3.0320661031470006,2.8035978869516023,1.893502868407843,-4.142542978938745,-0.696018677584979,2.9411392433910954,-3.499252796477201,-6.487743971603257,-1.9103418667705692,-2.307257526383108,6.838023183297138,-0.6036928040640694,4.3171984328679285,-3.1958092645722993,3.072770506181583,-2.957025715282985,-7.279829276763663,1.6192824724985628,-5.680840236800058,1.213332669467342,1.3571431752370329,20.53724816745641,-5.950883588620594,-3.0632705834447123,9.437953092005788,-4.893598990210769
57,-1.0098465213894237,9.700398875134331,-3.606834350191817,-6.272237995449378,6.582370519942167,-0.31408410473745696,-5.439324444654036,-4.150558531284332,-2.7308549617930336,3.431480677456272,3.930789510814511,1.9323723480409505,4.3501540711719775,-7.400664777171855,-7.108763794509732,-9.080755292152872,-11.741192955143598,-9.432827159762383,-0.07754022977790054,0.0651083885102856,4.5305600865763065,-1.0138444401779954,5.28045822649586,-6.552524157932827,0.5694509683823099,-5.424249010426657,-2.413523591446633,4.248380576469461,-0.17144806652652975,3.2836861440113614,-1.343906730413437,13.075767811463804,-3.3834987513873043,3.9016478511751913,7.567394721264741,-5.683341647897448
58,7.70566804859103,12.592471051276947,-0.6603182158908065,-3.2537304892831918,2.4161226074306335,1.6736249367193299,-2.048308795660126,-5.690813847950527,-4.036288255635573,3.513609778573166,4.632903146804596,0.7762252523050625,5.4373170718246575,-7.601974891764777,-8.26515134902937,-11.63521815684377,-10.250905969997449,-8.362140913246845,5.047913180322063,3.488186640398843,3.0361200060163225,-0.4938002383830596,2.961845116347683,-6.378202654877487,-1.774041576957216,-4.601868408751123,1.7460328395269356,5.945024784730405,4.715252634974158,2.8688972093621077,-1.3551194400203472,-1.5904062238274788,1.7761507545198714,10.701316049512553,3.1500098267380072,-2.283067976941868
59,13.004008173942566,9.921954818830198,0.6405564643898789,2.6487223265730604,-2.8063128589063275,2.7055580737639446,1.2260242466415678,-6.332302386359292,-2.009847127661413,-0.5020297373435936,2.8302198450784295,-0.32524324132471666,2.394372820854187,-6.8524560089014015,-6.428934847821995,-5.929045325639296,-4.137398886437318,-5.88701549719791,9.83493724282907,5.163927292033118,0.3482476399869335,-2.1327765656977284,-1.372239415742913,-3.693088559471831,-3.984117143312279,-4.284204678876059,2.924793155217657,4.619480101201607,5.715470746463659,0.2346332632765478,-0.4331860311177312,-14.746271967887878,6.085605092194616,11.997394305102679,-4.539353132399977,4.371811643394889
60,12.69439669531219,3.609520051552325,1.090052026580563,6.67822254099408,-7.26529419726255,3.0732808234740276,1.9928410685792262,-5.071385467539028,0.130504487728586,-5.627820158491329,-2.2448751222418277,-1.1310329893413855,-4.241415035967925,-6.989111271439766,-5.5473053041769536,0.5859424642154148,-0.6162995769053089,-3.9623103905089048,10.535752891277781,3.926984139090898,-4.498611712942318,-6.814061663588699,-4.889973556204718,-1.5949092218462302,-6.279708331184728,-7.084145563293476,1.8321207336017065,0.5603003149129906,2.3240808780704225,-3.1157112364866295,-1.3569220097697512,-21.449166935317372,6.292986300526833,5.77204586535084,-13.766699897999667,10.0838469011443
61,8.387423905080697,-2.4548417976012034,1.568138954590778,5.63816212178493,-8.709623722093445,3.538439908197948,-0.19649785240085757,-1.9743782357901942,0.11469572174305818,-8.262480214694325,-8.080810399992126,-1.5416197000185445,-10.562234329325813,-8.184589375532708,-7.021452475567253,1.6197820926199153,-2.3569517731666565,-2.3642024090703653,6.803610154104476,1.54951432651403,-9.55127896794251,-11.713575859459079,-5.781774918035585,-2.0664545805478585,-8.337314987973292,-11.743911956646004,0.6655427035020323,-4.082444131374359,-2.6439896700333576,-5.261885682234959,-4.76528171982084,-22.53026576188146,1.9826305983017902,-4.476535833611781,-20.666206311510535,11.089649418178869
62,3.5944028779560204,-5.572164251792188,2.1964167782238553,0.5988120573515795,-6.037584164312908,4.005613511086119,-3.49758618948411,1.3933025586361787,-1.395766597621295,-7.175532238824027,-10.497149231482526,-1.5717597676783193,-12.17683074608141,-8.761913435799736,-8.368656792202774,-2.4810958601990523,-6.139492188789407,-0.10128163515913244,2.079156614687978,0.7087754655857476,-11.209290858434171,-12.573336325129684,-4.654517380558715,-3.801721505583169,-9.255034831409551,-14.4619793849332,0.7897239068941194,-7.169650398042737,-5.345265684687361,-4.805272085934269,-8.17524707074068,-20.24919870434975,-3.9227218846885528,-12.196272146945097,-21.741442777672592,7.3087228127584165
63,0.781148182798405,-5.72469542038684,2.544602651985324,-4.238829018510118,-0.5154015792875873,3.230931561820361,-5.392175334752823,3.18382737884412,-2.0770165004900525,-4.071710923116426,-7.234125940775384,-1.2292150557041168,-7.652186734335763,-6.502661492447464,-5.862106697291744,-6.001983194935079,-7.126800726871101,2.350941468866504,0.37070952872840723,1.9493806920565513,-7.649844040676039,-7.622462590434114,-3.4135359738554274,-3.360061208204347,-8.270055226221377,-12.510945652820626,1.935138539392121,-7.833716545330018,-4.113323641674859,-1.5460974097023814,-8.15898456378859,-14.136887185427607,-7.336638959086671,-12.950592308628316,-16.33023130650423,2.114467075892857
64,0.07642729914918238,-4.464359423335718,2.525172524610344,-5.304700171308858,4.7440057491161385,0.1592786020162154,-4.614429785280811,2.8408319194402014,-0.6843352029290126,-1.4766912939293044,-0.10209582472334103,-0.4489133041732165,0.341466094462239,-0.7174410713570458,1.5628138160218998,-4.04266393306304,-3.756687211747072,2.9206341821320203,2.5048063555542304,3.1057592916245365,-1.040016244868843,0.577701772354087,-2.8930482771627757,1.286036554952057,-5.4724128986803855,-6.5022794399030355,3.2269816763547,-6.263731421256552,-0.7386334884379592,3.2823466494375344,-3.490771933705831,-2.664856653432457,-6.044392232384,-7.727219294528572,-6.897134380833227,-0.8739088877123229
65,0.28433818537361766,-2.891036380386474,2.774041350626824,-2.5821392665408096,6.936219083411353,-4.410874870358681,-1.6801984583844944,1.3521567388456694,1.711090441261019,-0.28065021853057703,6.371641674212047,0.7655620465473253,7.046957348074232,6.547950598050137,10.859438689387574,2.68528829667033,1.4735701029588069,0.2541931645602596,5.495284365147961,1.827783151548736,3.86314495364014,7.095480580110939,-1.7725273772161834,8.236283230842377,-1.8148668073877996,0.5017142095127884,4.406795393447487,-2.913049585965215,1.3031234686471977,7.4154652892326824,3.7303234753864154,11.472685874724874,-1.1242403047425407,-1.4700879430284306,2.8397831337108297,-0.6924152313446512
66,0.5587011332984786,-0.9351028581054843,3.896266242071074,0.7979164742460778,5.637210750610245,-7.769016883811172,2.085888867323496,0.030376026216818362,3.00992497132749,0.6128747406966832,8.547021056924548,2.104305099467842,9.071670195886067,11.49514557451618,17.076328971100097,8.87023573383993,5.213200170166639,-4.192076103115569,5.62879769777765,-1.674834972437547,3.6588068869040935,8.5790582214083,1.9809231514833412,12.792097079510592,1.5089335745694685,5.589328848636871,5.760981377936443,1.6039761122392149,0.030987080262631785,8.681358550276075,9.80320157445207,20.068736253952494,4.171005124948462,1.6325931135489016,10.038102291068252,0.9878414340165197
67,0.8932105886692904,1.6642857723090114,5.378157646072154,1.6619824900919078,2.9612966958357365,-7.292670848190176,5.691007530810881,-0.7178138117400967,2.2187430778024146,2.4435173738367704,6.2807636400874784,2.9495201414945176,6.535331666469574,11.303381944189267,17.00194625951806,9.845620987366656,6.384889404764589,-6.926971012232255,2.1931199522650973,-4.777723280750975,-0.8255242376911397,5.64415332492517,8.47653684962769,11.392689453704017,3.6604949681430448,7.658137450412828,7.062740849597113,5.93590692111424,-3.339074273498691,6.3935767424349885,12.109764849044838,15.788040114908803,6.838035273308656,1.576570295557684,13.42618719412356,2.22633242850401
68,1.326925388100196,4.230315979950282,5.572833783316369,-0.37415060340141765,1.5953270336803125,-2.796212792282506,8.609452302358589,-1.3245245181784338,0.17490924742757058,4.761674246921832,2.4122493254895114,2.7717781740487837,2.4174090216354447,6.348548391643836,11.012633817536491,5.556124799105586,6.034287994613453,-5.603129367135009,-1.849746040239626,-5.282544423122795,-5.426469588766293,1.728183273758207,14.719622746718173,4.771583114351545,4.2738431859381345,7.104420428373376,7.083226355362911,7.961963631668869,-5.626789200062654,1.9863935997899698,10.363011490325539,0.5763260916787751,5.8407348272751785,1.5311514212160695,12.722158378484298,2.6898071932682424
69,1.280654629882501,5.372018024933581,3.1149977019854953,-2.853113295928556,2.4075125109176247,3.0425723547838173,10.134828080936353,-2.0301819086378936,-1.5706939443337673,5.675859038318906,-0.0677099764259171,1.6239013842173986,-0.09805527329444885,-0.22178365046880683,1.975774990898386,-0.38070694189898824,4.8615728884327165,-1.3658962804748087,-2.885336148495577,-3.7021700907118467,-6.44384485848096,-0.291229962086191,16.316512809724223,-2.5894817722087002,3.2920881692244084,4.732927408449504,4.540624990755198,6.0794952329324214,-4.595472936727563,-1.8871093459275303,5.861673164124391,-13.547577615295138,2.1473176175234268,3.658463173678943,8.21703917639596,3.1436761204077275
70,0.0637263929357334,4.3201791099747835,-1.5273303730147225,-3.0323582997127456,3.749815254795308,6.717372759733568,9.15524779229748,-2.3493505241919537,-2.2001225498257853,3.918306703926349,-0.4554637016690507,0.20375715348185325,-0.027733946941336806,-5.303518580538886,-7.117782675185982,-4.803648864432257,1.9457851709151754,2.1735109017819774,-0.321070294865236,-2.394078125759047,-3.7779929370296244,-0.5024570080698753,10.874233925753103,-6.179734437745445,0.987058163601525,1.3935188774627691,-0.4011555660744103,0.8926239062328728,-0.8368181470705538,-3.3231189522169986,0.14261924642689375,-14.090779505213913,-2.343937922497185,6.185146196764343,1.283127829128382,3.5684482321447257
71,-2.047370015966649,1.8080206574225912,-6.0284369989317295,-0.527529983192074,3.0825608496611214,6.595316559304388,5.034168523983384,-1.7638751122416283,-1.9053483416839523,0.46630629547396485,-0.3762651901616126,-0.684331516906315,1.0889508182905159,-8.329461132081187,-14.405614097507632,-7.589476685134732,-3.60814244528206,2.389752839292799,2.7551806456580454,-2.55910060281048,-0.5744753102866971,-1.2619060747781579,0.28296446800231934,-4.93119035569989,-1.803908994003218,-1.676306158912425,-5.757510557466624,-4.562992740650566,2.9517550358966904,-2.5515755779889164,-5.526513655969341,0.31284027440207346,-5.857618902258727,4.911417446270281,-5.129421908028272,2.500313270000779
72,-3.621088614269179,-0.5229743393708248,-7.913243981040254,2.404377484199952,-0.5220887235232762,3.8940969081025343,-1.1533431240490504,-0.7106028187031649,-1.1281511734943002,-2.1022022051774725,-1.7610269213209346,-0.8000040434452952,0.9838051649988914,-10.89156435217176,-18.709201063428605,-10.225210567518156,-10.19237550667354,0.01799266059331748,2.5718187787094893,-2.5966365536560816,0.06348439382047069,-4.221515682278847,-10.126819452004773,-1.4439238495364481,-3.728564743180664,-2.9879163479318422,-9.052733922491269,-6.816319087330176,4.404248057579507,-1.3776288470443414,-9.860637004886355,17.996873410000486,-7.233536391842122,-2.1341004106311168,-7.481911858733819,-1.2942477026764228
73,-3.282109411395326,-1.5462339721163925,-6.416609538452966,3.087196689479205,-5.241263029526691,1.2380126799855913,-6.511481255711037,-0.41146151873530173,-0.04323914464639158,-1.9551570348593654,-4.7916365764579,-0.5878054995317848,-1.0973501029063244,-13.905191443404373,-18.87696046002057,-12.65958489112708,-13.80715903396509,-1.8937782473786144,-1.6584214677616043,0.16732961243512678,-1.9733151863424145,-8.025586619669077,-15.06664957197345,0.8471955677722486,-3.6313509001795734,-1.8829645380681874,-9.162637072862411,-4.720661710719673,3.3086468285443833,-1.135303379321585,-11.548470184511068,24.736850251956863,-6.070619090479248,-11.537232588748543,-4.086841170885125,-6.602144514419595
74,-1.165365484296059,-1.423544172121554,-2.756933725610071,0.9767983165018412,-7.796500992410037,0.3287016337509362,-7.957442994020423,-1.4594641692784367,1.055551796543355,0.3063108072597153,-7.586921583633034,-0.6025810667446682,-3.6607946942047196,-15.538789453251022,-14.379287488606511,-12.572732592115598,-11.371343964824872,-1.1909003063124053,-6.992135264739698,6.153499329576687,-3.9295398446978353,-9.020440773088104,-12.847649334644785,0.6280175070373379,-1.512423540864672,0.5707943743588973,-6.953613006338781,-0.4964438165937151,1.3328508018344944,-1.231890076885418,-9.98955515696078,16.72218341273921,-2.810295348264733,-16.350295008445272,3.043229904938109,-9.82168259682628
75,0.9764978836993782,-1.10580283768323,1.231129736829625,-1.8462050301688058,-6.145718803819345,0.8473584950730508,-4.515230833267679,-2.7626966432649263,1.2431148144663597,2.3170556632839903,-7.74540335015983,-0.8599323472198175,-4.382283480799928,-12.606479832104274,-6.65995022748616,-8.167410578730763,-4.00921261797146,1.4485774124611397,-9.580102302590195,12.257953880392776,-3.0621288706149374,-4.561093620347734,-6.4097660530586635,-0.8666201781253425,1.2297656000876913,2.255762976043078,-4.256719266273538,2.0428553986914304,0.2650568013136484,0.06219336268853168,-5.965170156590792,3.224451376467335,1.3412705027327245,-11.782898672229173,9.091179778989481,-7.918824373459329
76,1.2535705152823,-1.3577163839826778,4.491588627121279,-2.624181885804449,-1.3177158796057409,1.2568620747069315,1.6693215029580253,-2.352960464905719,-0.5557468843703367,2.269742377558533,-4.378495381802929,-0.8691964775932078,-2.4444283198337167,-4.426394692793185,0.7334594396608216,-1.19953972070801,3.3821625004009324,3.7045463729573758,-8.219490938040675,14.17133457320077,0.630149997010523,3.9827249433313097,-1.126440247406765,-1.8286612645095708,2.7668597187314714,1.9557811459716485,-2.3542005666056456,0.6219802287464239,0.5961084888905895,3.25118572736273,-1.2345071593109442,-3.5756802735280018,4.85866018491132,0.26951660428728375,9.905247552054268,-1.6641766562753795
77,-0.720032599507546,-2.414225767461621,6.756844481643365,-0.4168428109616649,3.180202998068868,0.35634508485696753,6.628483148861904,0.4511993186814444,-4.235987168869802,0.5553361714190367,0.9757324426758046,-0.3705122750632617,0.333993031054127,4.953844195421861,4.2764443670000345,3.6866874106380405,6.313882384981428,4.324334783669637,-5.202612322203967,10.046539058490675,4.3840137343017425,11.40953527178083,-1.0065422882230914,-1.8374826635937302,2.337678744324616,0.5812184997277134,-1.4362860504461794,-3.7310249488658216,1.583757563076001,6.253992972933516,2.734105509458756,-1.055145037417509,6.538437181589555,12.13683988245166,5.258646460212007,4.266752558703325
78,-3.61669970659197,-4.342669726026301,7.563921360337004,3.168406977337234,3.9729397426910547,-1.933732228467659,7.30916530228391,3.8026996887460047,-7.8181319863212355,-0.8298956012087209,5.251842579671314,0.06702136544852841,0.787639678740988,9.197459535635247,3.336836570379685,3.2478571254379895,4.661501398500131,4.208206429773448,-3.8089363512640095,1.9446169308253698,5.222812219998058,12.342380846337397,-5.965728750034255,-1.8096770032936214,0.9174900194820093,0.16173286310264043,-1.2246360097612654,-7.746628320946986,2.3178763367159636,5.890056973817397,5.5730050974050345,1.9160579132790467,5.876591181268497,16.253269402348266,-1.0391973631114375,4.977476542701527
79,-5.71059160384264,-7.210203494344439,5.938966140759234,5.566720809255328,0.4098771908985717,-4.921570240234842,3.644623826961128,4.6614850650028306,-8.545873648962196,-0.36402079767110396,5.973349854045985,-0.5790563043282957,-2.7737203739127336,5.201507425886028,0.9341586998530796,-0.8150255680084229,2.4239241006423016,4.763921764432167,-5.053285524553182,-6.079632802277195,2.602884760924748,5.583498082446809,-11.993257785330014,-2.373224027911011,0.36030496516721133,1.5330199706463181,-1.6631823480129242,-8.706141114234924,2.5098837443760464,1.1276385860175502,7.514977675159367,-4.622438678936082,3.0170945537333584,11.064216982953402,-4.375757354140585,-0.2986630614922971
80,-6.290993202097562,-10.52416672998545,1.5725788214072889,5.544837420692249,-4.8874533641703275,-7.800610772505099,-1.5983120373317175,1.7473412840342035,-5.091444506937144,1.5878345698726422,3.123774290084839,-2.617598759884737,-8.629073332767097,-3.4628638150740643,1.1839670454513054,-3.11579906301839,3.4828916179890537,5.651541849180144,-6.849590218188811,-11.017629117381816,-1.1990779419334567,-4.4852816334792545,-14.007180510735026,-2.800445242803924,1.7587379503006837,3.301033002381422,-2.7098458065670363,-6.4465338806716765,2.3976026463265323,-5.163334817796642,8.32948168564816,-20.031103312360997,-1.3710399866104126,1.92417198024234,-3.018428799449181,-7.264599228391842
81,-5.816337198627238,-12.679054075357865,-3.7542060687264893,4.043206058328553,-7.960737085996234,-9.819430404779862,-4.955203096781458,-2.7714782191478475,1.1645494364962286,3.3254194518133087,-0.6482378633654847,-4.884655476832877,-12.519540098248696,-8.950520414478925,5.465260908311727,0.18238223815450863,7.626313449168692,4.771925533912619,-6.22146753267366,-12.178072827811144,-3.099346487497797,-10.902842965965368,-9.399897561389572,-1.8257505163854482,4.538624210017068,3.430965872443452,-3.5965670006615773,-3.004639649944266,2.2746086382136053,-8.137646188541334,7.201932048311039,-32.43022125662894,-5.962976618080723,-3.67904515412389,1.0191745910109307,-10.132179398165674
82,-4.93127751532866,-11.616805666563462,-6.554081212044979,2.958825265570563,-6.479560760515077,-10.123904442946825,-4.646045066568316,-4.7867617436817715,7.075133531601454,3.543120342857984,-1.877546266633637,-5.431948220547365,-10.941025838559987,-5.718897682063433,10.887469073187331,7.320149397363468,10.819735400530757,0.7352081856557301,-2.256938488203652,-10.243660678668897,-1.696739022220884,-9.382788607052394,0.10744780773410992,0.6147537392621137,7.066495583677779,1.8015518577731386,-2.8203870810720386,-0.571282620332679,2.372467107310587,-5.199873234544482,3.901147141292387,-29.91059715042309,-8.744266216852226,-2.3425987934579653,4.415459193745438,-6.5938566314930815
83,-3.661812200229995,-6.707950077494797,-4.22437426143763,3.2436194213069216,-1.5197363556647787,-7.968320728564749,-1.4723600693503205,-1.8275061194994011,10.039208414603253,2.3714542492311828,0.964298642411524,-3.321818901568043,-4.23507312730867,4.577561141276846,12.680622278731697,12.288872339287582,9.359168011315015,-4.960967699636002,2.985837150593193,-6.111197518146768,1.8183400059232906,-1.6752868170032695,9.48039291373321,2.8425008283205786,8.036058554843981,0.6785681594391259,0.5835603905879722,0.20809924298403215,3.0447953705276762,1.3847148594807606,-0.22712863951313253,-12.180577008091674,-7.815781660834137,2.89561491170708,5.596517760534676,0.275831223750601
84,-1.7189603116439314,-0.1512791560012467,2.327257973198988,4.179407024870113,3.169106814326072,-3.438380703025935,2.1582821996844546,4.561167530563413,9.546609685737259,0.8221082401518919,5.932906890402035,0.11559663606541497,3.2456615372579924,14.416270994410223,8.431652753937001,10.362125002912112,3.618996084952841,-8.738436017717634,6.242205543177469,-1.1014237744467599,4.801698905517102,5.742029280078654,13.515127302432546,2.931523364417407,7.208438764421308,2.166391392751616,5.563899828463184,0.19626498952203866,4.595548223476021,6.163217426714849,-3.060198111193521,9.010678600291817,-3.0343648170938295,5.800128490645058,5.350892712875289,4.8367231926139524
85,0.5924308111473006,3.965159913715051,8.799407133034297,4.3254515263346995,3.888579644110738,2.062869996060522,4.037116880623662,9.912322945132548,6.757645013875195,-0.4651564189365932,8.80421218458487,2.0088907561588045,6.302044509624948,16.790339384760177,0.2825399480227913,2.361219018089528,-2.364361193107099,-8.2104963137179,5.629711398056576,2.3673998445880655,5.156301700339025,6.708512843643525,10.03513776404517,0.7612168796512545,4.941137863665211,5.2466756981246325,9.12144304781544,0.4014004486403903,6.581515578895199,5.114263071089375,-3.8882709064958045,20.687419831752777,2.870982644509296,2.6270514848280926,4.723969809254822,3.7453398874827792
86,2.1518789979876303,2.788882776790736,10.768275201928859,2.9461890775330213,-0.254564175040138,6.342346105344442,3.378049671649933,10.475892773696355,3.0070390166068566,-1.63930579457356,6.410355702346685,0.35806452884928003,2.9459918834725203,10.88549358382517,-6.867374685041758,-6.416794413206529,-4.895300907900139,-4.553230581843123,1.8110042129244124,1.7200810188541606,2.6499143692911886,0.20101470515436057,1.1547547305116848,-1.6228009488015456,1.3751794774921573,5.992380205009665,8.414258706326388,0.8412308498304717,7.439361555235727,-0.9742588011585936,-4.564883387894655,19.564444182478653,5.381435108732204,-4.764524055986988,2.9125069148686467,-1.5320782564124282
87,1.997388285337662,-2.5198056564039115,7.370410172914972,0.45932492188044954,-6.560692405214115,7.744120571078087,0.8365156490887914,6.172313881163695,-0.9576908349990845,-2.8439933377869275,-0.48132635805071616,-3.8977612910830244,-3.953972129797449,2.1859808190896803,-9.343291674341474,-11.184584726864585,-4.026217616334254,-1.363307808126722,-2.8448319094521657,-3.1146109070704906,-1.1420144897942641,-8.852669203463865,-8.037017076371276,-1.8971342091657677,-3.494798772189082,1.4287042675577863,3.2935438370522188,0.7106799203522352,5.394075996413523,-7.377706165216407,-7.765965337655982,12.657519767479021,1.4746722092433853,-10.805285765979516,-2.1095912941560453,-6.548548298222678
88,0.5320739185019415,-7.115259110319371,1.9664896227875535,-2.273685118069454,-10.521399876292872,6.166391934667315,-2.25069190653003,0.3899225179790234,-4.3956568478321545,-3.389552293991556,-7.3421977381316985,-7.173292488467936,-8.804777163784115,-2.5576542451673623,-7.161045557382155,-11.350242659145472,-2.97725787576364,-1.0646661842355922,-5.909975935001762,-8.127307665895442,-3.916636946858192,-13.33439341400351,-12.419093229636854,0.23834899394791953,-8.834816985288445,-6.6694651830523295,-3.101872312019066,-0.4891165751127564,0.28899727107918993,-9.529580279576535,-13.571734895511549,8.328152241755506,-7.295263249655159,-11.04715431952963,-10.589166499218162,-7.957637943783585
89,-0.46486538162036817,-6.1249111124447415,-0.9452069991705369,-4.707608146326883,-8.948843137342102,2.908337022577013,-4.60002211891875,-2.917086150269119,-5.878877981432846,-2.1813536073480333,-9.29677540626453,-5.952231404580632,-7.466170062824172,-0.6435661045264225,-3.0324754105234635,-9.491166199956622,-4.390668451633989,-2.5853123543213825,-5.978206943340448,-7.5291682968334275,-3.9575122880692386,-9.256406503995615,-9.616288992215177,2.7113878897258212,-12.43223946123403,-12.357796659274976,-6.524014994197962,-2.112631773462101,-5.449746433602722,-6.449380650204056,-17.968289688533666,7.933782331797541,-14.952251439800067,-5.5538265346264355,-18.924382995890113,-5.927184173343133
90,0.6991854595894716,1.242592464904396,0.25329359826080655,-6.484253984628891,-2.235060053212302,-0.37488448863126794,-5.31262137771261,-2.151050259872359,-3.953909845072396,0.8209270348354262,-5.062851384586217,0.22537699311363454,-0.1512311712211492,5.362016579782476,0.5787550879984485,-7.431588706389373,-7.427819694791522,-2.7373613070468514,-2.90433657792758,1.0449524500540324,-1.033660511087094,1.4322466683783093,-1.1074926196312418,3.0909784034806855,-11.82604880113991,-10.650214883745933,-4.880535804799625,-2.697461183886139,-8.198554674885711,-0.6612368226051331,-15.589840189154659,6.395781575417032,-15.131250343760666,1.8172810354403086,-21.38004054098713,-2.960765460316016
91,3.999353845508731,10.731680846335937,3.0683260468804106,-6.8156923157524085,5.897457093152465,-2.5738689634872944,-4.006063652129805,1.2627525429944604,1.1140724266974293,3.7826523720001686,1.993482689468228,8.070996468164482,9.066281184858205,10.579751694688992,3.2290710095240147,-4.147886896619991,-8.658599898523214,0.18505111519171266,2.2609965095714646,13.198385627902283,3.468102301261863,12.474779040229564,8.808006534923097,0.9570774891204676,-6.541268780523417,-2.4662893426661587,0.19265935615617402,-1.1730546598531761,-6.159155029423383,4.610804344926562,-4.819352270693195,-0.258282977707532,-6.070004903540319,7.0481661886585005,-14.734279689740161,-0.8316020551992922
92,7.511473040191495,16.25817196466485,3.4995875541044743,-4.6021581109689205,11.011063590341685,-3.255709163996638,-1.0193646921187032,4.47872789797126,6.506354286962626,4.1145530361302045,6.698065411071388,12.858244284835397,15.433785117402369,11.511375943008733,5.659311783633062,2.217453208504891,-5.670756717117465,4.432496736852491,7.431819716278388,20.33371137964482,7.256080753645119,17.845774794111446,15.530376363773735,-1.7399475909009272,0.7277274302073887,5.720996707069631,4.789988419231103,2.138967397261639,-1.3053161491240775,7.823394658614178,9.58696192138049,-9.475769075203916,7.681531037603106,8.949477761071556,-1.6959886788105478,1.0373215529383446
93,8.948340237748866,14.725605964660645,-0.09065220124867497,0.3240305679489155,11.049504416937731,-2.36755393171797,2.4546506818459957,5.342877845374906,8.437764572853945,0.846422012515214,6.349571353926951,11.906348903872528,16.714428949112794,7.456484632224453,7.862396673280365,10.839906066123929,0.3965624339726506,6.55021618428279,10.193900154561412,16.76241687852509,8.405526399612427,15.692889296278661,16.76977420461421,-2.633325223487859,5.604172783238547,7.663980788722331,5.9069627493011705,5.6099719447749,1.9367518157375103,9.059317639287638,19.458760695189845,-14.713974965470177,18.52103571745814,9.05237915077988,10.455188826638825,4.234970151465767
94,7.524451482356811,8.402679434844426,-5.485499480245065,6.065765828198316,7.622472499478228,-0.18286307216907033,4.734241009366755,3.410106973988669,5.212127885039972,-4.00345677259017,2.6711670902310587,6.432498860800145,14.09058991926057,-0.3002348365832348,8.558572268607666,17.60395742527076,5.899295104401452,4.975549993466358,9.248909876054647,5.080308264615584,6.489826778368074,8.977762523354317,13.747726944028114,-1.184010354231815,5.339314480065083,3.1238498073451373,3.5885369403629888,7.419956415283437,0.48913914208509485,8.527443328682256,19.64985075167247,-12.476325440163516,21.381220722685054,9.145882888716095,15.29328184833332,8.778973688884657
95,4.459610166598339,2.874198419707162,-8.738177022763661,9.301198795133708,4.496087555982629,2.4812798627785275,4.593477957102717,-0.33049654352421665,-1.0809046313622777,-6.6821150658081985,-0.195477799189334,0.3922542090318641,10.552478391449062,-9.512244101689786,6.7003912524301175,18.52451717610262,8.060578064042694,1.663013650446522,5.659349923535269,-5.60498637774465,2.795478694597069,2.760772001986601,10.15015058858054,1.0072664700600567,1.0874828465130864,-2.0850361173174212,0.38659751111147356,6.836573268077811,-4.511188078291562,5.982725094775764,12.201368569415443,-5.680698510031311,16.940160272072774,9.286088889958908,12.116537455393344,12.282764105164276
96,1.7566659109933036,2.3330532336721617,-7.741974413623007,7.736254443927687,4.437457914863314,4.40597675567759,2.1779819763246544,-4.23295544114496,-6.112178031507195,-4.7696080694393235,0.3441413400732741,-2.561589011124202,8.411478871289564,-17.14668700646381,3.127844518544723,13.659434147027074,7.176586641036734,0.054128234483757795,2.440735754005763,-7.535178609648529,-0.5995207404603764,0.4222902290675105,9.316215659282646,1.9847068241702355,-3.0623489920886193,-1.9808050296744522,-1.099368464277715,4.708426855048355,-8.643381956280495,1.7912050035535072,4.278796891776883,0.11741678112623644,9.982702357428414,8.198960685000127,5.959093057075325,11.962561658450536
97,0.48390357774131154,6.1851244895738,-3.922155978728314,2.264968473084119,6.895881295204163,4.780073814816316,-0.965774162083256,-6.664180541525082,-6.907275411243341,0.6290676051712766,3.105887950987232,-1.4788941071957957,7.847602081542113,-19.710385789258442,0.23042840951559496,7.1981193289464835,5.629803803046139,1.5862057616516037,2.2412692375329075,-1.1919274111183322,-2.2311339445260105,1.5782812195164817,11.504081904279943,1.3713394786630357,-3.573706422533308,3.552762739512385,-0.29280552465696724,2.8400610162287343,-8.262696459889412,-2.108905074699801,1.7352435759135656,2.8753325112011967,4.863016843900312,5.271330925883079,2.8207262474663404,7.51290502961801
98,0.12077703980766998,9.756722720910092,-0.7158296266380622,-3.485987620086086,8.4261959622405,3.9842147872764238,-2.967930814745475,-6.578776851296425,-4.162219212979687,5.647056803107262,4.540781529582277,1.8341198441933613,7.257587683444121,-14.927314029056198,-0.2612986777509962,3.4667665238435172,5.0881871197904855,4.395588061487188,4.878201976418495,5.298221846928402,-2.069392333225328,2.984791934490204,13.401253880286703,0.5012760040711384,-0.3300630401591865,8.637361361208011,1.3393684896279354,2.716384539190604,-3.87625608395557,-3.2695005706188325,4.3268682464044925,5.454235599509308,2.389688665009275,1.6729009504220924,4.521102485456029,1.8362221787778699
99,-0.6070359556802681,8.41683550878447,-0.4981761462226206,-6.202937814274004,5.611168432673106,3.311737802259776,-3.009971930664413,-4.077832436683226,-1.0904125748772402,6.80642191396684,2.246784614056957,4.704225678871176,4.8095336836211535,-3.9397979393905525,0.9959460592695645,3.0290694340151183,4.972887227729875,5.435585217816489,7.156940253413453,3.85309173291245,-1.181540581644798,1.534656939457874,10.66676756891669,0.7858812781620998,3.694146090472231,7.358087992181583,1.9825741612181371,4.4715509622985,0.47077973886412017,-1.2346946537798764,6.943866330750135,10.9711487554774,0.6125260421207973,-0.7607420813672396,7.757422390032787,-1.3267055719482654
100,-2.355043097722287,1.6135835793553566,-2.7763624033149408,-5.763622305831131,-1.8243655313034446,3.607900721686227,-1.7974594746317183,-0.5678388047583249,-0.022755838170343518,3.7908639980822194,-2.7778396661184273,5.569109045729345,-0.003918894699641636,8.405175251620156,1.6967849186336508,2.9599754171712056,3.651398220232555,3.614497733093342,5.566238588216353,-5.903741286725414,-0.6619679392600546,-2.9896364367129853,1.8628266246951357,2.1545243287573057,5.466210646288736,-0.14774368612133726,1.142844114148495,6.802813525710787,1.2305048070087725,1.333160262326805,5.3048239070542005,17.85827332704651,-2.0216948779261843,-1.6542352839392058,7.870396741798946,-0.7151794153816846
101,-4.527493060243373,-6.534584086768481,-5.003733430589948,-5.0273794568314845,-10.286341653186447,4.190553467492668,-0.6931685969537619,1.9593235351601426,-0.23726641396250653,-0.572571751053388,-7.07876191242617,4.533728154642241,-5.787817389381175,16.392796540746883,0.4372678654534476,0.7987444412951566,0.7928721187066059,0.6478250528476677,-0.37190382806014044,-16.15069078152277,-0.8136773109436035,-7.534440972367111,-9.427405461364863,3.180824897727188,4.589296229639832,-7.5922563664463105,-0.1350729164420342,7.873435958307617,-1.2055625830377852,0.7732472796829379,0.28476908498880815,20.53155377628852,-4.7626862568514685,-2.709346115589142,3.474062166651901,1.36835222888966
102,-5.808574480669839,-10.560054951784561,-4.954221429873486,-6.5452971738972225,-14.705200618018909,3.4359776402006346,-0.34234558927769565,2.272228917297052,0.7784916031725553,-2.967511357853607,-7.767393394392364,2.5350125299918713,-9.960624413222682,17.4392909711721,-1.6281746958895607,-2.3340020897437115,-1.8399202300577748,-1.046075139194727,-7.262039914042974,-17.94181789913956,-1.1917550229296392,-8.15634833914893,-16.516319875814478,2.624699476041964,3.1250351512310455,-8.54622149224184,-0.43493786150095415,6.574586652675453,-3.1371491213842315,-3.824021824920664,-3.3408040921298827,14.961102121946762,-5.7374540628219135,-5.796716669384314,-2.4112483822569555,1.3073316587477315
103,-5.227537441010377,-8.117319969498382,-2.4872575376410873,-9.440788421694341,-12.26095426873285,0.7100619947423741,-0.14432245736219446,0.7849107129233224,4.009338833239614,-2.3787031185870267,-4.7876841158283,0.30135271743852265,-10.37002712974743,13.647154520969002,-1.892104140349797,-2.9982657140615037,-2.090409570810746,-0.8941517064766008,-10.516164875304213,-9.226338936966293,-1.2508581273865944,-3.414087840032821,-14.592717731485562,0.6749749899062575,3.0107729173436457,-2.583182061205105,0.7024647242256573,3.280597680381366,-1.623048983058151,-9.098486680689515,-2.176734903029033,2.8797830513545444,-4.5272798696342775,-10.328935595191254,-5.485252640685257,-2.3336363361806285
104,-2.841868130528197,-1.90059694647789,0.5838066972031886,-9.836449572170267,-4.526579243188002,-2.3829059156836294,0.8977652836819084,-0.9301269042248629,7.14520143124522,-0.5678113878381496,-0.6334207248778976,-1.9068852121732673,-6.8496648006293235,9.330119909072408,0.8701995805818208,0.2994686912517158,0.1807851821792369,-0.3743260733935298,-8.233071641046173,3.459551034837353,-0.8659091218545729,3.9651177562012965,-4.926667548716068,-1.35101767401306,3.924589625426701,4.455761148005116,2.4218081746782576,-0.39973438394312955,2.2212927897973938,-10.18569854692537,2.0675291996829364,-9.83172155642996,-2.994579300588491,-12.865002680189756,-4.262303105422428,-7.347728920226195
105,0.349010670063447,2.596082877443761,2.085406009031802,-4.766852468556287,3.6398862101593794,-3.107528189007117,2.829355453350106,-1.652625820162345,6.481503834833904,-0.060586511784670304,1.8310939822421999,-3.8800206389658305,-1.6179362340849273,6.8079104034268125,4.856157614184277,4.660655874378827,2.5158658441232173,-0.8762968527723332,-2.731866337511004,10.822845025330174,-0.3081709353291259,8.744440606662206,5.391589216431793,-2.360828437139185,3.8057083998407637,6.154260603140812,3.30485698702384,-2.667393618776482,4.2165274042256025,-5.455938578868399,4.2265594419167964,-18.295383504458837,-3.299903482806926,-9.927075021120967,-1.2099940190661926,-9.816701346514176
106,2.9987911294613565,1.6403613712410539,1.1111328547098198,4.182922958719487,7.531189854047736,-0.3409837101187025,4.350830632204912,-1.6061899096381909,0.8093535170263174,-1.7315655630462023,1.37786865312302,-5.187453072898242,1.9831077164533186,4.526702810306938,6.555277211325509,5.136712658922283,1.7970786003433927,-1.853202037969414,1.6094411754486513,8.552756054060799,0.10530059495750739,7.120134120388907,8.419238339881508,-2.3605155738032595,1.3280798032575725,1.4312279339955778,2.495064515848549,-2.642268732190132,1.5465054785718724,1.4690838670548128,0.9150073613439288,-21.397688464242584,-5.305034282370185,-1.6900629407289076,-0.1351612700643588,-7.620439012553923
107,4.061750897643518,-3.652923439534343,-1.4590948114589768,11.37784570333909,5.653349983829017,3.779979569571359,3.9111266993746465,-2.0180183977496866,-6.6408876147197216,-4.2201574012941245,-1.1658170825364638,-5.519723831390848,1.7212925346530215,-0.7330002030547784,3.8146074231790035,-0.3652093483477223,-3.059294513293675,-1.4657689849941098,2.076652002273774,0.1443913870928239,0.23257595391906039,-0.17404480308902506,1.291232136439304,-2.0263705253601074,-2.436851455849044,-4.976115233987113,0.3436411534036909,-0.8356301605093236,-3.8866235394867097,4.738865433298812,-6.0499696244998855,-19.830541319080762,-6.3853001843909825,7.112968245027017,-2.6157813323091488,-2.2973749172322604
108,3.228589914282974,-8.31994347426356,-3.707439590473564,11.751383993698626,0.19608929145092868,5.321698637337101,1.282037150190801,-3.582706741532501,-10.466078181656039,-5.480796283909252,-3.8773252685003134,-5.208098347089728,-1.9391630301061942,-9.851916528477961,-2.2832314578854307,-8.719449964408971,-10.020699617814044,1.014701961254587,-0.5475098962078289,-6.997423420755231,0.059768309465096314,-8.294206903297074,-11.621162428539627,-1.6887920997580703,-4.99236135823386,-7.473020900497023,-1.7911909630103988,1.218173778330793,-6.8015579806298625,1.6591754350431112,-11.436109530758493,-13.239683761888621,-4.12912435920871,10.457823808704104,-6.866590193339756,2.37166128596481
109,1.063028985140275,-7.8074964783629595,-4.029585568272338,5.363715603282409,-5.083082819471554,2.098107005868639,-1.9815986903802472,-5.449466712620794,-7.750624073403222,-4.751778057643345,-4.990201300504256,-5.129771538534943,-6.230638707170681,-19.56203055625059,-8.393098956468155,-14.289507559367589,-15.240469051867116,3.8641910017753136,-3.4113011314552657,-7.928797809597181,-0.3804808289420848,-12.057351230358591,-22.021988177786067,-1.0246726432625128,-4.9709978450317776,-4.773115498679025,-2.4059757565965456,1.843056707661979,-3.5273189133375276,-4.7654648642150725,-11.599914663908432,-1.2534088443736642,0.7986055776400833,5.9465004932515475,-9.74516419001988,3.6617685586442144
110,-1.2391553910411135,-1.8674981443553555,-2.1706663139012394,-2.487295368192147,-7.565638678414481,-4.050701511149504,-3.7613696504232226,-5.871641927531788,-0.8123074295569439,-3.0361871324023424,-3.7036983407273585,-5.851660274729436,-8.253574553801089,-24.560636919371937,-11.582435665081958,-13.958782228888298,-15.505131780340964,4.325777639539874,-4.423152582986014,-3.2937886860905863,-0.9457174527401827,-9.917703854794405,-23.688708195880967,0.22039806751572355,-3.5117111750403227,-0.34425543567964006,-0.8716961540737931,0.09487305034180077,4.187525911294684,-8.66188607364893,-7.577633361123046,12.504830508816,4.7442362959287605,-2.9607264493801155,-9.58160684394593,2.0732577677283968
111,-2.4827637642013785,5.258169877395148,0.6917748712763494,-5.8544683176643995,-6.958239968942136,-8.626323145263049,-3.1781657486631327,-3.9456700037936776,4.659579854838702,-1.8335130190362736,-0.4949858879708514,-6.82149136309721,-7.173793404686208,-21.51735389384688,-11.143822502116768,-9.42266800695536,-10.012755311265284,1.4130861765267897,-3.5702639587071476,2.6955621060059993,-1.336702565833622,-4.740363158677629,-16.37081163391775,1.483702877042245,-2.975170918569273,1.6582706521968453,1.9751580710313759,-3.7432335273039583,10.402463192842445,-6.73719912524126,-3.369852443434754,19.566004279316687,4.2871880385340475,-9.556077133712112,-7.108230362133104,0.5330410219576894
112,-2.2255042760956045,8.487052768468857,2.8326147405468687,-3.1874628669145157,-4.482220732435888,-8.368759735506409,-1.2687188614996112,-0.6917325150297613,4.507650748807556,-1.5849877110093225,3.008656576427878,-6.585277481954925,-4.59857852239998,-11.452999151482874,-8.236481734684535,-4.727461705706557,-0.6346466006064901,-2.897068229256844,-1.8456197561962264,6.499832118348199,-1.3126824187989137,-0.8226558681653471,-4.931003584165354,1.6990251340428177,-4.3710349144376055,0.3715181024555041,4.121632685770794,-8.187859574750979,10.244143269499954,-1.0517925632243255,-1.5923684318454898,12.669858885054685,-0.4704719012489124,-9.225394105424686,-4.045712816471956,1.5226007389778993
113,-1.1091563236348483,6.138530511333018,3.180742337995646,1.8150913897825747,-1.3322173922645801,-4.030263365341389,0.08676017414094234,1.6661807675750888,-0.37419756395476206,-1.4154901206493378,4.773181831350132,-4.0825109868025296,-2.876635658497713,1.1244021337859484,-4.367678222607593,-2.056589662116401,9.019635575158256,-5.430856262238658,0.387318881190553,7.52820585607266,-1.049502161084389,-0.04307423805703922,4.79512238137576,0.47527821149144855,-6.2371606042190475,-1.7745519542724502,3.5606562975718052,-11.12237763222383,4.2438918662314515,3.402095008793534,-1.1970606096545044,-5.904947497406784,-5.802373569078592,-2.990638863067238,-1.2692391799420726,4.7849767551738385
114,-0.3906658316145138,1.0536437618489167,1.9281494368095786,4.110830244969349,2.032245305727939,0.5547363222861776,-0.09846647117971158,1.5851146300152248,-5.072700060143763,-0.29609721290821933,3.6605906238665384,0.08975737617940319,-2.9328964395182475,11.009633931730475,-0.5575666421530198,-0.3352056498430213,15.087254673242569,-4.7697518391876805,3.396259570000123,7.090196067581371,-1.1714025942646726,-0.7351845829766623,9.609644793126048,-1.216472216729759,-6.1465124256756845,-2.3541641332665266,-0.274454766390275,-10.801129105900015,-2.318891688269012,3.6285432382505767,0.5416397233398593,-23.09648811695527,-7.600794135307779,3.625759387502865,1.4586186530638714,7.580110684341314
115,-0.9188851559990827,-2.235376294778318,0.110729061675315,2.0141309013172073,5.389342618992134,2.052900803332426,-1.2017733281364247,-0.5143947575469406,-5.224288946207689,1.7048819274926672,0.47381200215646196,3.736579237049636,-3.617200150855399,14.702067915274172,2.288599038610653,2.191113917195067,15.079813507138466,-2.394856724203849,6.537224883935889,6.126855363042987,-2.2129555248788426,-0.12727622566174487,9.529165384416677,-1.820101326065404,-3.2339405411360214,-1.5401963822695675,-5.864575570943404,-6.923625205852548,-4.3251990505627225,1.072870702159648,4.260929904726087,-24.615127996522553,-4.871786016590741,5.191483941613411,4.222365160377658,7.1341685008029545
116,-2.3627862547125136,-1.5218819033126443,-1.3524190181372118,-1.7841519652580728,8.006172924321525,0.32817493770651673,-1.8874080813660914,-2.7030674048832486,-0.919409272622089,3.40908099862994,-2.372241365666292,4.63653357418216,-3.0534498947007314,11.411432817882421,2.9565603106605765,4.7516720063832345,9.211139682300237,-0.9730142999668511,7.460481547579473,4.452607469899314,-3.9441821514343727,2.3582008523600444,6.05294484690744,-0.7958991107892017,0.8918801394614334,-1.2857455513915237,-10.411192824645918,-1.130734845995903,-1.2494456409191599,-0.5734478186587898,7.270576404065502,-7.690980580388283,-0.23671725422752146,0.42901841596681245,5.943596297380876,3.0959635386053397
117,-3.3966026253694173,1.5645208310107797,-2.168439601148878,-3.489721675916594,8.734123879549454,-2.149253579426785,-1.5696208343213918,-3.1869688181928835,3.5452721034537773,3.720431674271822,-2.697519632170395,2.3886016561668746,-0.5825019685589538,3.132070470829399,0.592787606375558,4.19320825532991,0.6160354821049437,-1.6894239357539587,3.7793744939322376,1.9379484519666554,-5.3306310487036805,4.42557642380802,0.6554030289455336,0.6596443814282514,3.7206626920675743,-2.4608809114718926,-11.671501580549746,3.6353868425500635,2.9278675052432384,0.4883296380237657,6.2731828653082555,15.455892567731896,2.804166457786852,-7.32960645215852,5.045766121878916,-2.0468423637580506
118,-2.7756498072828566,3.670767228214108,-2.2713710728044414,-2.1449836005969924,6.985552926452792,-3.138057456941021,-0.9062218471449248,-1.5845767259597778,3.7040606287060953,2.741265424964379,-0.49186576507529434,-1.0873585842093643,2.565014046065661,-5.838249494226611,-4.011842061670459,-1.4182734732725182,-6.1836958028071995,-3.3513637464873645,-4.003660313328918,-0.28784360964687505,-5.358704054157953,3.517222351993301,-5.111521046988818,0.7165761954930364,4.169182520739886,-3.5086508191057613,-9.458529777672826,4.8008756509849,3.8763988256758575,2.5602287455480925,1.1115085421776285,27.874435016087123,3.017410623175757,-13.046140845941038,1.2500740277523896,-4.855317965453985
119,-0.4518398357821362,3.060081063484659,-1.1764042426128776,-0.2310149572333511,3.5649327976363048,-2.578104225348453,-0.8973132481380385,1.1453093229507914,-0.9989243569422741,1.6600537190631943,1.9499087920602487,-2.9311039070693816,4.384252290944664,-10.447219299038453,-8.189179921636777,-9.65655073782011,-8.01418440317621,-3.9443340848903268,-11.52348634463792,-0.4147891244109796,-3.997514322400093,-0.12822090347810666,-8.951092474314631,-1.132679901408906,3.2816449999809265,-2.2124655030819835,-5.587408413692397,1.8848113831208677,0.912385102437467,2.864561679240848,-4.547410312963992,22.684466972034805,2.0234339650796382,-13.455158155791613,-3.416722954992129,-3.5698260205740833
120,2.205807315451758,0.8058629413040317,1.813095592722601,-0.5880866190608667,0.37365092671647365,-1.8643730396062743,-1.6547397946824833,3.7159686365297864,-6.728774017825419,1.5629659696501128,2.0781769338919194,-1.5197041886193412,3.802494056218741,-7.715522215682633,-9.038902753469895,-14.738529675012948,-5.1021972760862235,-2.760624418453294,-13.301530221591191,2.1013821801360772,-2.2728468935024373,-3.34656484029731,-8.449167339473355,-3.277921608516148,2.788723872936502,1.5266453769742225,-2.313954170869321,-2.9984061304403813,-2.8601857368283126,1.0587828207989127,-6.452765875324911,8.142025380718465,2.0897522310213166,-8.602464011737279,-5.6630570049188576,0.5425510701476312
121,3.316674221839224,-1.0727275448794267,6.398546527843086,-3.108550792521968,-0.9103007724090498,-1.7167697609687338,-2.2012735090161466,5.338520533880409,-8.670544045312065,2.4107065337653064,-0.4836154382447807,2.3359826584251557,1.3943817625392456,0.7261779332647518,-5.716000867133238,-12.103292395873945,-0.6636438089974073,-0.8697404306457968,-7.252672677137414,5.373618994440351,-1.2701350797195823,-3.1458940688444645,-3.123706279056413,-3.3454467097715455,3.2742471314814625,5.1822479513226725,-0.619005846125739,-6.419037946024719,-3.9444667295533784,-0.16666704051348627,-3.6745389858070685,-1.8407173491254145,3.613990150240003,-1.0736062988942983,-3.3154211562811113,4.088338709759469
122,1.8642496478800872,-2.1700547319285723,10.39199660718441,-4.7173194082415835,-0.07052612639203364,-1.2906887745674775,-1.4967925555395836,5.778528611384789,-5.177730403384384,3.193094680503923,-3.523785657724556,6.1098151425926055,-1.3053949067787247,9.003489304562004,-0.17046549490519933,-2.29330681294811,1.82748920576913,0.279898000006773,3.1968313601552225,6.216813322840904,-1.0543562999489355,0.16611561604908534,4.214606460259885,-0.5418761798313686,3.909058777349336,6.04853267511543,0.19614025524684361,-5.930392609262953,-1.7346075764115976,1.8730881750887753,0.748589715179132,-1.7741254081531448,4.8274074768533515,5.80859560869178,2.941204264455912,4.009390872047872
123,-1.467837013152181,-3.9540068251746043,10.660949472261935,-2.5925370278407116,1.548162968791261,0.5306367129087448,0.43446372601450706,5.044838822617823,0.9908798628923844,3.0246163509329973,-4.357327228297993,7.519346143518176,-2.952162648646199,11.076206389738589,4.483643106355959,9.43237667302696,1.3997515403494543,0.34440502037807386,11.626500450834936,2.7888577864030184,-0.6829857097900643,3.195612386781342,8.884508716816805,3.275813456092562,3.7896651333692124,3.968403690323538,1.3750363028779322,-1.747825842730853,1.4231185499502688,6.512233745078651,2.930232121019947,1.3118880108302953,3.808565785082019,9.58015817038867,9.871132673049459,-0.15011698980720675
124,-4.610181759814827,-7.416749987979324,5.742782946752042,2.789717142071043,2.1256680664967518,3.381669970191255,2.469304592633734,3.3618136211013305,5.264022591162701,2.006560135556727,-2.4177394126142775,6.0987880527973175,-2.9287793052439786,5.712535803415338,6.454893556784611,17.122333224938842,-0.09030283531364129,0.05414667056531322,13.674504681509369,-3.645623238567187,0.6397165291163386,2.9286570664571254,7.986295162415018,4.956883697485437,3.1245443754050197,1.347684999357681,3.2281564787334327,3.4525518513151576,2.989833347043213,9.843676593838905,1.7272591092148606,-2.349561491791083,0.5867449583447709,9.629715519292015,13.71829857540374,-5.7847715740909385
125,-5.39132237312745,-10.905600033244308,-2.1306217762888693,7.922777776815454,0.7054828192506518,5.43015259261034,3.4306522838923397,1.4200331304146319,5.215651372257544,1.005174000462403,0.30071546228564516,3.22489217227819,-1.1967857626019691,-2.160677653794386,6.27931865958535,17.94191450914558,-0.30750174516317796,-0.001964209791348905,10.050298384257726,-9.501853546317744,2.5071742060233135,-0.14581448022200136,3.0859850550792656,2.7167223637201348,2.843289571453114,0.4880891442298889,4.7512335166031,6.467023450197006,2.6804016043945236,8.405870890130801,-0.7568195346666842,-12.657088007473824,-2.801072422338992,7.457408065698584,12.398700121714144,-8.981379692651787
126,-2.978534753073235,-10.984879580079292,-7.961365178835635,9.498275761701622,-2.2399999493238876,5.2252931254250665,3.068401040775435,0.2836395709642342,2.379592700880401,0.6796272853199317,1.409482524559206,0.7935901834648482,1.8112328387036616,-5.552785513960585,5.582943357679309,12.782523840057607,0.885307176988952,-0.12473199029966277,4.90175494004269,-11.588028158460345,3.578926750591823,-2.633059035758583,-0.9250551982193577,-2.2595145678033632,3.1781190165451596,1.220530468894511,4.637420682274565,5.756617969700268,2.1678071946513895,2.742679679880337,-1.9212846020046546,-18.519010253706757,-4.251270857392525,5.77378820643133,6.461795351943191,-7.357139908537572
127,1.4581471079466295,-5.93455848827654,-7.717862540361833,7.269421784245238,-5.299640189628212,3.1965574503553156,1.9899433052965574,0.6287303229375761,0.48546471496169663,0.8552379419608992,0.6272013746962255,-0.2337835163486247,4.898384715829577,-1.666491721357618,5.1213812429685985,4.236803244571297,1.1294558778101085,-0.8844826027313818,1.444449178038203,-9.42889421357184,2.977230236998626,-2.0525059724340635,-0.22112582715190188,-6.667159974575043,3.039896153445755,1.4083598031073201,2.619577687613818,2.267766607963309,2.7239775846199112,-2.840660841033167,-1.4959453465987225,-10.201832371782892,-3.5258063838189964,6.36966395621397,-1.4903392183537385,-1.9726422739272216
128,5.365234426697906,1.6800405006019437,-1.8006927267629274,3.775485788681069,-7.128745110971587,0.9941256868329887,0.7643419406851943,1.9177856907552602,1.890325699533735,0.8885562000226002,-0.04682000133456016,-0.3008767396819835,6.038401773997715,5.453765056723235,4.184255956843192,-5.274780881648161,-1.9801443988571361,-2.027312536628879,-0.706952902735496,-5.301600661812996,1.3012228367888197,0.15088479813872552,4.225847564105477,-7.6020264151145005,1.0939976098586102,-0.35818943366104244,-0.1601570034209563,-1.6208847441843577,3.591704335139722,-4.16343142525578,-1.45315554981329,7.923255532371755,-2.319621719876114,8.076439080037632,-8.301990589317011,3.221791749097863
129,6.43623483363463,6.475802256136524,5.079156868311824,1.488111977218365,-7.193434178220983,-0.5395305789246851,-0.6885325565021865,2.5315310769543355,5.470735439840628,0.5401711326320561,1.3147122041911494,-0.5856505129153707,3.371962398898845,8.604207101175847,1.8076297344297778,-13.61867420770684,-8.098304814221908,-2.4259477805118173,-4.031794487213602,-2.1223563491081703,0.06803740654140711,-0.17718528978032422,7.283597383572131,-4.618868856557778,-2.5956470601412716,-2.9667812100782687,-2.018918081813929,-4.0461174760546,2.8882157939429187,-0.885962222303663,-3.3242250097041226,18.842115105414877,-2.5199935855914135,7.03632910397588,-11.788143038749695,4.2393292091330705
130,4.241786448931207,4.913858596159487,7.828084869044168,0.4899040621762373,-5.85114677463259,-2.236026920834366,-2.7142049901339473,1.1019987439622685,7.791248289906249,0.31032734105781634,4.242543136891054,-1.9088617721382453,-3.017285220020888,4.164121008345059,-1.7302865373845002,-18.359500184351084,-13.808969148567744,-1.2935258928610354,-9.336630089550603,-1.1049837944458942,0.11824815370598618,-5.36058582030997,4.4690796985309955,0.20588297970897082,-6.258697999983418,-3.888118981250695,-1.9271656104496546,-4.885159272320417,-0.02268485268767999,3.4989911117115797,-6.033324781729251,8.834291516518107,-4.391012922689622,0.08227630415741279,-11.577588203001996,0.1968687827489814
131,0.6589907432089046,-1.1949059196880885,5.259365840834015,-1.0019391502956956,-3.8926213873284206,-5.080557246521419,-5.031901453222547,-2.0150273271969388,6.3727070652708715,0.8157468146207382,6.181680676280235,-4.075360679504823,-10.13454926378873,-4.444870243267137,-4.819232420045502,-17.32834069126723,-15.225931522645512,0.7593997394552037,-13.93294251907845,-1.1434385058831196,0.7747476499679745,-12.587369877464917,-3.349711185815383,3.964043996771988,-7.916240727262838,-1.8921259082093531,0.019515089842737938,-5.328294018093421,-3.373856792036368,5.178321879737231,-6.702741761596835,-17.497135668384786,-6.3188493993817545,-11.18412211626692,-8.904158536648872,-5.762686439922878
132,-1.4128269279489711,-5.984006185920871,0.7681373284787548,-4.075627520984533,-1.95789250092847,-8.059020584943344,-6.4493672233455035,-4.623196030149654,2.036494705750018,1.902485306773867,5.232307039961523,-5.994546237040539,-13.356304545791781,-9.866250879910528,-5.851224964522586,-10.351604647782384,-11.13581085022615,2.199149081141365,-13.846055666707,-0.26228914029744205,0.8088295751688431,-15.519338862020142,-9.921187413590294,4.8459237488556886,-7.122786154552382,1.670658458860553,2.9960989465518875,-6.2901997529730505,-4.449496784988715,3.4424844549930826,-3.6137100896056817,-38.8921056523615,-6.200520995928317,-19.826714749238928,-5.473985922579863,-8.741772504485382
133,-0.2829313588385679,-4.750663298125169,-1.2160834470877842,-7.425853784595217,-0.21791561525695177,-8.257296183887792,-5.659777573176792,-4.339657043924137,-1.8007056322328898,2.5508220113661824,2.3952943296456826,-6.358279804794156,-9.553166448689845,-7.477697440556118,-4.472551577249352,-0.13498880668562285,-3.8210478923758684,2.185963472845603,-7.8683356752201,2.2977748026653213,0.20244945494496092,-9.775437373287824,-8.744664326006053,2.974333181064956,-5.101775570183384,4.357423440534241,6.013179717623458,-7.144393422165695,-2.2760489017379526,0.7899225153485123,1.8142211552025105,-35.615312118919526,-3.156713840542171,-18.38623206956046,-2.1815856038307655,-5.958446834093834
134,3.0496325784800002,1.707051043455698,0.46843978093594923,-8.373199772469851,1.4963401300566537,-3.7614443350811393,-2.412377009586412,-0.7435872944033876,-2.2201755229307683,1.7957361790598656,0.7558412837738894,-4.433975372387438,0.271605591384732,0.6878667075415047,-1.5385238582990608,9.196240260740932,3.029790469578334,1.512741902653052,0.728559095032361,5.243255877525223,0.585908867874924,2.682695534764504,0.9419451763435286,-0.07612276685481169,-3.240734622481146,5.067917653492519,8.075572806049367,-6.017613734517779,1.1731280678389024,-0.03286182697938413,6.12013864410775,-7.454783777801358,1.8046799642699105,-5.744396896842791,1.2474288347804425,0.8898759253171026
135,5.505994906839059,7.78225960536879,2.8340627538914585,-5.53930524174048,3.2352095304095014,3.5098876572993336,2.080911851659113,3.9229542539283937,0.5403268632231927,-0.2589042022520182,2.2418503274722976,-0.6016739194034314,11.145636859596992,8.189275875383494,1.8420912234150633,14.82116466912688,7.210530172197187,1.6978064428786843,6.699173612254007,6.34690787232652,3.5074274913997066,14.446222047416532,12.717471221271825,-2.389202439055151,-1.7578113723774345,4.6306583743770515,8.152918071771154,-1.5566135085358912,2.550800483445732,1.1395232896415555,6.870882668057266,25.514950966348454,6.482674799403366,10.343899760927473,5.2426974615272215,6.846193183441551
136,4.358435659992452,8.182813987439992,2.0228226574099795,-0.41986239184530416,4.543142677569876,8.465755389661204,5.885872019188745,6.323041198204975,3.290538255961574,-2.441366715698826,5.303931337382112,3.6209661984930235,17.241452120396556,9.981832673355024,4.859852562145311,16.55251489366804,9.062750684363502,3.1623241682441865,7.210189311480035,4.485092442862841,8.1795982335295,18.232892210386236,17.66883642819463,-2.6746352214594276,-0.0686473627479709,4.047375099847511,5.554996958192514,5.2839329397800014,0.06759252475232494,1.938908864040764,4.639533805603883,40.15318274437165,8.80779232419267,18.494045364613434,8.916379145517642,7.638559071689236
137,-0.41402176387455997,2.677897171820609,-2.653692985979878,3.7187392480519352,4.59154505024151,7.068945495449767,7.540393637151134,4.695766475127668,2.794938338882461,-3.5979651729671325,6.124163417620775,6.206175479657796,15.644109888116317,6.095740623924197,6.660830969104961,15.561655807251833,10.109542357678317,4.57497816061487,3.938040263798772,0.7468661893995441,11.318205221575134,12.353709843693947,11.449066834182155,-0.7412784923704303,1.7380380399373112,2.7667349005232054,0.7116003474410699,11.138273424792047,-4.915634047316045,0.05273981118688778,2.0614314592462413,29.39043045773798,7.879196423657087,13.046265378290293,9.854651141531614,3.1002605156022676
138,-5.875703815294772,-3.8975217494429373,-7.969679388160608,4.513098389518504,2.904960718081922,0.26970161375950796,6.740152660681277,0.3964481037490222,-1.2233689711714277,-3.6500911852534936,2.387222997996272,5.756032079344197,7.974711610954635,0.22247837970451434,6.059632851153004,12.234877468371877,11.015217329166374,4.236337216380908,1.0346950876469514,-2.4079801461526325,9.7985627274124,1.5837345050305736,-2.187369400749401,2.5377673543229395,2.372357332584809,-0.6242222889345519,-4.490085320718283,12.30721342441987,-9.008344705007515,-4.409671605241542,1.1277288800599623,6.197904101439884,4.292424411189799,-0.7459743837920987,5.99634191211389,-2.8403286161471386
139,-8.336880170569128,-6.152107007953585,-9.944464968175303,2.2414198967875265,0.13368736237895731,-6.405967140684322,4.227414899334615,-3.0724502741074073,-5.689237704690622,-3.4858351070053724,-4.103377478311256,2.5650080849929733,-1.0869263288926105,-4.437616334429809,2.389183520662541,5.90089673898658,11.011452910851458,2.0632248271484763,1.1496865384432735,-3.2116898917117895,3.828513219648478,-6.828877726379706,-14.251176701440494,5.690835449160362,0.7783765178553912,-5.875724802211839,-7.58491402681993,7.665781387413035,-9.484672137060944,-9.014547801139404,1.5006786815974178,-9.681510047036774,-0.16357427774643413,-10.948298277903577,-1.744170340956474,-5.578630145715207
140,-6.22450270366912,-2.75554434438141,-7.563035142969112,-0.756913286386704,-1.9582186179729748,-7.5672600920103035,1.316843606987778,-2.840344026684761,-6.764185221067497,-3.78374305549933,-8.69647213314869,-1.229014942840654,-6.909184558050973,-7.421835096514955,-2.9932670732675004,-3.0996739913006217,9.16022470046063,-0.07530072422660126,3.384829322969047,-2.0067120449883595,-2.6198319658941154,-8.287478454258977,-17.247850410792292,7.384685308957587,-1.9518420188402643,-9.852204656114383,-7.224870801580195,0.06509209796786308,-6.151159720761435,-11.18851279847476,1.3726427535317383,-8.609286916499235,-3.2324158041452873,-9.27862617799214,-8.80111812093124,-3.6626375694664155
141,-1.1981604993343353,3.004336460360459,-3.3214476880978565,-2.1135755412432613,-1.6051113851824585,-2.5971153414979273,-0.5248313955772592,0.971967203276498,-3.1339662683253384,-4.067475497722626,-7.973416925693045,-2.8324552604130337,-7.283845955011796,-9.51254542628113,-6.447860132194865,-11.584809570896383,5.88027303361771,-0.20734817580300935,4.878618991192506,-0.7027184902405252,-4.967912034492712,-3.115628507672524,-10.202403653641136,7.081526650039821,-2.7030996558617573,-8.719768524778132,-4.214709611571565,-5.229011293272583,-1.013709396123886,-10.214140794106893,-0.2553956463020675,3.574927101329881,-3.173573759745578,1.8444474181350397,-9.687932510765231,0.29916283089135376
142,3.385327765223931,6.740705817329641,-0.3173719437754884,-0.9861428384498065,1.4672040170918657,4.179341177855219,-0.13379355748088992,5.234973965858926,2.8682659578566647,-3.1217769153264103,-2.7647850212393976,-0.7548172689822256,-2.8350120655127933,-10.122251408440727,-4.2522850857705485,-14.742411052694125,3.007717582036038,1.598350492058968,4.058187149008926,-0.7686899048941476,-2.057430885276016,4.92021090157178,1.7230859532648204,5.204427195598885,0.9132229107983258,-1.8701144675819241,-0.7777886694411233,-4.235132816494728,3.534311965868181,-7.311294969247312,-2.288023431690372,14.164998560535665,0.2833910554039235,12.17718080720123,-2.4448302877800807,2.3253043500744566
143,5.21332554633216,6.801547003187696,0.8154888907257392,1.8784268632227061,5.4757678143832145,7.781239799090794,2.65986147218821,6.182813839644802,7.189848710687793,-0.448962682972149,2.723020806927614,3.8638761061794904,4.028658399168326,-7.249155926461122,4.039914695584044,-9.994030125287114,2.2808147535032157,3.1372913815537276,2.154917278460094,-1.6924223522750699,2.7703800000706496,11.634855428520513,11.907396682481073,2.7081058372040183,7.648623063400084,6.510656585802837,1.3836312245349496,2.6453862148051965,6.18307412765464,-4.167547718450731,-2.4671512769193065,15.66109082406881,5.535305745139414,13.680844093539886,9.033782474848689,0.7838675714268977
144,4.5320825029392635,4.868222445933794,1.8886989607494704,5.0115551243022995,7.649273177190703,6.957106156616795,6.472903673137937,2.3252780894482776,7.243330376488822,2.7804191477444706,4.7018194247265255,7.772458237500823,10.403349071132894,-0.3470647427804616,14.149554301281364,0.12194113585413718,3.7564305827325706,2.2505057156276034,1.6091254973898128,-1.4858259218079704,4.683035077489152,14.424851706745674,16.802692015256202,0.43049819387343463,12.776021046906102,10.418123258315788,2.365228791322027,10.69022454579874,6.771040152720347,-1.6210903938935728,0.4843802573729534,9.842018320852397,9.728226329599108,7.93843270686208,17.33270546763527,-2.2590734496408578
145,3.2765198900383345,3.370050011848917,4.32741411912198,6.951442101628197,6.220412456259435,4.486008758447608,8.771901536960991,-4.354866182317539,3.6057881846719857,4.456611327370819,2.836506601346999,7.877049443673115,13.805363056611041,7.378280031437776,19.45085075193522,9.2704742969755,5.686571595620136,-0.9313661484998099,3.2269515164044438,1.1267585121855443,1.6789155456484581,12.591100172120697,16.808667664625208,-1.248827336394057,11.809914876003655,7.1684393166583416,3.382594863979184,14.257723276712456,5.462957964867962,0.3777892388859574,5.5392797528481,2.4919418047885507,10.320499545457412,3.7316293789415944,17.043299108135457,-3.1870467224899603
146,2.927305641831184,2.8548124760617406,6.9001832096552365,6.539828063882127,1.7074699311004,3.587739574665926,7.506490052354579,-9.80668889624732,-0.9739876505063505,3.4133586263170046,-0.16151510148632284,3.6702686804821907,12.889512732320902,10.569810255449646,15.754340988032672,12.103160622168561,5.942643012319293,-4.013228724197465,5.11050119205397,4.946746557342763,-3.807698561220753,7.004938514865175,13.846668004989624,-2.2895299758838146,4.601256286611362,-0.18190937534886964,4.888122955755311,10.967492009912219,2.302504329657068,1.950629667968166,9.95435563277225,-3.2442570669310435,6.73049187873091,7.380018704095665,8.91893756055102,-0.3479772304393807
147,3.265330358427398,2.0060971359513244,6.722194312786569,3.2826223519383646,-3.591727553581705,4.528949904198549,2.911671671332145,-10.791738969939095,-4.0190271857593745,0.6405318330745308,-1.5567149057680247,-2.1329849520508124,8.108985998192612,6.364097094049259,4.651578805884537,8.257187468664986,3.690703042915889,-4.60188065013107,4.4617295776094705,6.871416809759578,-7.378463042025664,-0.056992893620413175,8.896913611159032,-2.7432451944570153,-4.145856441055634,-5.617625329871567,5.625432005950382,3.350448338961115,-2.315814200408605,2.807330554237171,11.150857231902833,-7.665337578982723,0.9006032688277108,15.778318967138018,-0.9718348820674785,4.372462947757876
148,3.076226613959488,-0.14859344278063094,2.5622457227840716,-2.0121977049477247,-7.373414684315117,4.906429417279302,-2.246380993602227,-7.043686827226561,-4.925300809801842,-1.4754193145401624,-1.0171462096730057,-5.4577941049118435,1.8179626312791084,-2.438386985233852,-7.45722029266917,1.9731865950993128,-0.05603455159128928,-2.476465192680456,0.44922299287757095,4.563244444603215,-6.669339600874453,-5.32292343888964,2.0520561189979922,-2.742736999477659,-8.6797717688035,-5.572866366605978,3.876238856996809,-3.320558488064883,-6.9619676695794475,2.62084113456765,8.402499108898397,-10.55543792460646,-3.82332438283733,19.360211818802114,-6.356308452937068,7.302830835994409
149,1.7908249333196757,-2.613595510623893,-3.198193185639625,-7.0128064414068145,-8.756073662212916,2.8756108451254514,-4.637696391161607,-1.1784475901905371,-4.590653503123595,-1.2724424697914902,-0.2395699428660529,-3.9518524384012026,-2.8196110774059684,-9.20934332633505,-13.935508534616353,-2.0526368417301954,-3.297081637595381,0.47561747869666743,-4.6852189009743075,-1.1443231400786613,-3.071689227101754,-5.940178096294403,-5.595824425165751,-2.6431634115929508,-6.935820905529723,-1.8016647468416058,-0.27029564623169755,-5.161493331193924,-9.377642435078718,1.6618469857743807,3.2739035432436028,-9.108832209085932,-4.918937641138933,12.034376254191203,-5.6038412997613145,6.31496629666309
150,0.171116830743089,-3.288411336893938,-6.334297092099275,-8.905200471683424,-8.248757361149302,-0.5344867463014564,-3.1239651405081457,3.3687915002204933,-3.9610504824288038,0.705148713321102,-0.6408863627180761,1.086078514858168,-3.851041309430967,-9.006103035138578,-12.404866599610873,-2.490781386287845,-4.498018669230597,2.2732204673241596,-7.371784876803963,-6.481349499249945,0.11744664031632092,-1.4906373495350078,-11.115305474218058,-2.9006837331214728,-1.8833439155500762,0.8987424361462496,-4.198441127467216,-2.3575010944385917,-7.805337452462742,0.8107005042993293,-1.299800588160145,-1.2212718159568554,-2.50009346190764,-2.1636015347072055,-2.171472864491599,2.605823502856858
151,-0.681695641303549,-1.3313447176193705,-4.7227277682752025,-6.402052678623978,-6.683469316789082,-2.60034308506518,0.16252043843269348,4.647247060221069,-3.201959914508827,2.2829149660882444,-1.8251496856005824,5.525990690503802,-2.074735991808833,-2.6693295344178165,-5.765995388584478,-1.4953200440017544,-3.5635277178822733,2.5444749350450477,-5.732362344556925,-7.692499782966108,0.869839603195385,5.062279413625294,-11.630264038752232,-3.5671079669679915,1.5726841940563552,-0.3805284135195674,-4.826449069593634,1.6247284605490917,-2.429902032930024,0.8291042361940656,-2.7388178426392225,9.802256652287074,0.7021800376931016,-12.744753914828204,-0.7020718844569459,-0.606510586884557
152,-0.8056486601732216,1.6493558810681712,-0.4800222509977769,-1.0952575194592378,-4.464227671525916,-2.0831276981198057,1.5848803144632553,3.038129813208872,-2.161614171096257,1.7061850051490628,-2.3671385694523246,5.4497219336276155,-0.6338077801830915,4.323661895126713,0.5983760515037848,-1.6596792376771266,-1.786331126124275,2.221716140910071,-1.194958402186024,-4.217607618898762,-0.27068337159497396,8.823604201783938,-7.336204773309279,-3.9157911910086263,1.0013713184363988,-4.024810115901792,-1.7180173810647459,3.258381719796025,4.405392656216816,1.6399543677665749,-0.5017522275447845,15.646738804116541,1.3637393377341178,-13.181297185469647,-2.7502553891770694,-1.083583568431893
153,-1.5599350000218468,2.973163136414119,1.9963764075417907,3.3593760649768676,-1.8401022906206093,-0.6701696308291688,-0.8305872131367119,0.33138945364222233,-1.2027093956665116,-0.8290365618102404,-1.7660735979372142,0.1207105845821147,-2.6232693091947206,7.021151128472114,2.836188880764708,-3.2963437693459645,-0.9206890652374345,1.8914818702911844,2.665728888940066,0.771266024027552,-1.5932500310318203,6.20710854901343,-2.2367157352213956,-2.857383905624857,-1.9539530094789,-5.933062590506612,1.9858180777150758,1.6365935717310225,9.584087143138964,2.383000448042033,3.2605822128908977,9.560456015625778,-1.7975222261584536,-7.34685475972234,-6.043273022284313,0.5957005388882696
154,-4.120506894147518,1.466660840398803,0.2613472403312216,3.9406506515735265,0.4948214687863175,-0.9917141272097217,-5.676192895490296,-1.8359789608084425,-1.129243434083705,-3.5576882435351003,-1.1924167740709928,-7.391651706427944,-8.436897184319642,5.188573058466522,0.8098844536104981,-4.621434401492683,-1.9584069300671012,0.9240721988738799,3.0469152285736434,3.073700647877187,-2.274146791623563,-2.359604078810662,-1.1048501778622062,-0.06362425142481011,-3.8775945757420693,-3.807288140818781,2.2264839544588204,-1.5257165292087866,11.191294010804624,2.2308903798765067,4.835330126236896,-7.0908883627580135,-6.830115588343873,-5.162806699470598,-7.422078979258635,1.9465177770780058
155,-7.814498984083837,-1.3961099830208992,-3.810871864764058,0.6957288810185024,1.6267271011459583,-3.4824388903014514,-9.459023580259206,-2.7946894631093864,-2.155763437553328,-4.88513361191263,-2.1164772379763273,-12.388876411151521,-15.04103676153689,2.7528005120705585,-2.6549148081459713,-4.050535027774012,-4.325960888926472,-1.5355307964646085,0.1940321849316967,1.0881655132588075,-2.7120661613892536,-12.38757676737649,-5.092426872593636,3.2311577438091743,-3.066178554174851,0.7736315727233887,-1.9301950140875213,-4.054389338104093,9.529079260722716,1.2150131196391827,1.5983779053298794,-25.186162690727077,-9.915691969041921,-11.762881508591224,-6.0659617501862195,1.1627477991337678
156,-10.186064254264442,-2.9356352261134555,-5.837275854787048,-3.2540184803763212,1.5068779800619398,-5.716847049946687,-9.661257596344363,-2.553705837045397,-3.2034527788660965,-4.659732274254974,-4.357695744353897,-11.8310306522311,-17.957236530829448,3.4743534436031265,-4.294041074964465,-1.7890014088883692,-6.098508805036545,-4.9302492790988515,-2.7682917020758806,-2.8292574356405105,-3.142407997530334,-18.068345807644786,-10.296354014654549,4.801059552601406,-0.7016646047027744,4.341368040868214,-6.862117485124237,-5.264413420034915,6.437425268851981,0.31128892180870993,-5.529308124236306,-35.146054591451374,-8.407514308180128,-21.41786536483132,-3.7648947117279987,-1.1756927091248182
157,-9.0163849592589,-1.818246962312533,-3.1383732374833553,-4.262370712903081,1.5388120467565498,-5.063210951734562,-6.7143321645503145,-1.2194304250332775,-2.649354920095327,-3.8237474767529234,-5.823701718632056,-6.275685697793961,-14.570428787445536,7.269144274750534,-2.703159411646882,0.7989915711235027,-5.322475078154583,-7.111412168765555,-2.328441689209062,-4.473879106494845,-2.6739652102090874,-15.905195983088745,-11.150421562243482,3.2148405739239285,1.0261692997752403,5.126551566075306,-7.3969063799904315,-5.914872927325113,3.627339380128043,0.678373424982538,-12.050913704901326,-34.130409406155955,-3.1428897472060457,-22.85320904242749,-2.414935669120477,-2.809831569389421
158,-4.470301636627743,0.7825935356775109,2.679056234505712,-1.1328785121440887,3.473355530171978,-1.7108721390974766,-3.204342475959233,0.9672508616836704,-0.05160592298726646,-3.088419567261423,-4.436958219171787,0.8302542019863518,-6.255301879376781,10.520216622674951,0.9111534770654173,2.795228051591893,-1.7136454168631106,-6.1431667882264875,2.4625782078626206,-1.5117808775025972,-0.29236485641829824,-6.855743543225891,-5.79630525623049,-0.6766912943246414,1.4207399244211159,4.364113496274364,-1.7798759943368483,-6.63588748233659,1.518236797683093,2.611892954427369,-12.998100089783572,-26.440450287595088,2.0046445541844076,-10.939164597769173,-1.8229194219623293,-2.077548873363709
159,0.7581787592902476,2.4221904369033114,7.111584880826425,3.983427868205674,7.288470708898136,1.3746262217054561,-1.3357415430399837,3.080581482575864,2.9387299570502066,-2.2384621060016205,-0.37935706456096807,5.727829769557836,2.344265101420484,9.599518424546233,3.688933124347609,4.148731968232563,2.5828481943023447,-2.3131458333560397,8.823226511478424,4.422471182686942,3.238516632391482,4.2228758116157685,1.7429919626031602,-4.097326291154842,1.6737463230989418,4.192319319029909,6.113938499470146,-6.808812070029731,-0.48781922459602356,4.99806116490948,-7.098202854699018,-17.634773474566792,3.190405288369072,7.066590481874894,-0.2932533188437929,0.507535205051607
160,3.581328327862584,1.6726130411332967,6.677211892239901,7.424759689642459,10.325248616082328,1.6097945844640538,-1.2053954009802974,3.466153169164852,3.7210116374249362,-0.7966462495375652,3.6718234611409053,6.714146848844022,6.422896827666127,3.9714483886158893,3.101252674904405,4.600591277589603,4.0981451449345565,1.8519908965242153,11.887102772994917,9.00782229158343,5.122328111103603,11.342036106148544,5.058181307753738,-4.516983908049914,3.010783286118994,4.793857228048906,9.764008455130519,-5.190616890198874,-2.7435398241695093,5.763776054187697,1.593766106178566,-9.089343051825251,-0.1509681477838633,17.37889868127448,2.8250567292680544,2.8275657673271333
161,3.0107927590000387,-0.7303709515503475,1.754974214398131,6.91437783472392,9.192929318136706,-0.4130437142234676,-1.3604204478312512,0.8693100773558324,1.148665773017066,0.8853192652518652,4.710231135314216,4.655261330458583,4.289243991277655,-3.757128137715009,-1.1663306975851253,2.9635225186238485,0.5549795566772928,3.7566916297893136,8.181290088867655,8.733719876226115,2.8681618851058337,10.758483369131477,1.5249497601572348,-1.8277965893550796,4.91731599642306,4.118964254247899,5.755339320825071,-1.5456855540372887,-4.484796896880987,3.2238474914005826,6.531582216219026,1.5017328578598645,-4.667783371343905,12.249958082121246,5.737106045289916,3.2036253913324706
162,0.7227279774996699,-2.764971431420774,-3.958373070979605,3.1029829392019583,3.1699549638267075,-1.6354816235906007,-0.7090116342415616,-4.0094600840642745,-3.071196360456548,1.5891755722006973,2.0139604712627373,1.6482246810076189,-1.52147325934196,-10.18292739683268,-6.646772702129519,-1.6956359772961966,-7.018671141747309,2.976640974380532,-1.5277741344607607,3.6633069153342928,-2.8957455958030662,3.146715386485567,-4.7682540228172225,1.4849294886202076,5.504116617903417,0.5203891243044363,-2.948799260416809,2.6020114561732934,-4.335624469482169,-2.42629742352482,4.026431122300576,15.093039471275953,-5.780486433937842,-2.9346382289516684,5.804656729102135,1.877064076005196
163,-0.7351319056588739,-2.953734757274161,-6.511511794462496,-1.2965138190406926,-4.199093354295711,-0.00331174764706164,0.35025750131023176,-8.215984615763384,-5.513297751241801,0.50499703085088,-2.1820956917137515,-0.7522607959654867,-6.073895926378211,-13.201677203178406,-9.493097256640999,-7.966332365245539,-14.410339807977481,1.3485414253889907,-12.284571949012426,-2.703139005875101,-8.268152200445837,-6.682008148456107,-6.498358325804679,2.45765049056131,3.563725486093638,-4.700488738867701,-9.361753877024261,5.049257969369694,-1.7978505841931518,-8.581585409689923,-3.4757140475724424,27.979296648038588,-1.5385082023484367,-14.858010682220362,2.58765654174649,0.5521503078694247
164,-0.28463723525709034,-1.4033221663260946,-4.483914051737104,-3.772277842370831,-7.422794167484556,3.1609500669399084,0.6188721583814037,-8.380056203932178,-3.8666711695948424,-1.5505270836304645,-4.514019265466807,-2.2724990838374204,-5.498147909130369,-12.254500646980441,-7.183356715708363,-11.813643269202842,-16.816011545001246,0.9121508479726558,-18.151670576358327,-6.148369353644702,-9.241787815580564,-12.571652403899602,-0.0578921339949783,0.23266747213748037,0.0018895049484408631,-7.848631602768996,-8.44215368920443,4.797133140018856,1.7416450358067201,-11.41775731681561,-9.338188850149816,34.188423646956075,5.640391451971872,-14.562167716421643,-1.0777431106080815,0.5570659967405456
165,1.0242854837252169,0.6604361112172507,0.530643907090535,-3.718875243955729,-3.7208374008840446,4.568887705705603,-0.38454204463228886,-3.512008635973444,1.0733277627399989,-2.496058695778555,-3.136099798338754,-3.321020094715819,0.3478269686504286,-7.529814222789541,-0.5996800466459624,-9.371372558632675,-12.145139857214325,1.886241154707208,-16.3487719236588,-4.7429609481169255,-5.313711816254927,-10.865510951803655,10.549499028799485,-3.177339948561727,-2.913316578281169,-6.199223821032412,-1.3075623256819588,2.8143618447440013,3.6568191799582266,-8.409601209115008,-8.460055392615649,31.034846957849,10.888841203280858,-4.956010682242257,-1.5080993487214556,1.4913896005980822
166,1.502149114803392,2.1086565207461923,5.520587041974068,-2.399245554999429,4.183658206493271,2.6227080551337223,-1.8252146779274454,3.724933014232285,6.083862490191752,-0.8357784206769905,1.049037556563105,-3.9777033888563817,7.878669062439276,0.19242130934583898,6.340252925090644,-0.6963039922470949,-2.5889709325773373,2.7092560486563917,-9.142533866726623,0.11283730730718496,0.09206839057863975,-2.848461059283237,16.79680534284942,-4.611337274892674,-3.6430379660153878,-0.8129908216699046,6.021990136224396,0.9085389831844641,2.0646554128247865,-0.516896305339677,-1.7534556680796098,21.82691889149802,10.840073505834658,3.189377784729004,2.060521635930149,1.693474027879384
167,0.7751535821934136,2.6535557392908604,8.055662704365593,-1.532728637055475,10.003281516821257,-0.7972662625264149,-2.4301724348749434,8.751094034131693,8.214666992425919,2.7847386184623657,5.363053539577796,-3.698039955022384,12.386452716224047,8.800325799049164,9.474408790754268,9.255664861323883,6.738079891521103,1.9351141154766083,-1.9266733952930994,5.082096922154329,2.9362393763600565,6.096955639975412,13.102218774508456,-2.4400192559981835,-2.6171576922037163,4.1246092428966445,7.9985846744052,-0.0924777379449533,-2.509973462747068,7.846596828224707,4.714155902819974,12.891303976275482,6.21191804749625,2.0874186413628713,6.200822347889141,0.048171012985463044
168,0.14906661425318038,2.6308441697334755,7.317241654104116,-1.8373983064476325,9.07496258069058,-2.5063080036518524,-1.7506653769892089,8.639126307654138,7.016496794412331,5.977966269668268,7.404467960401457,-1.9788684005639992,11.297712767610745,14.7179395106374,7.42934571966833,13.961390112127576,11.102681024646273,-0.12304157383587895,0.9847782187315882,7.32860949483453,2.32186112598497,10.277135972465787,1.8325442959535487,2.0829156612863344,-1.4882548573065777,4.906212316521881,4.036183554907234,-0.9414899349212646,-7.327253185972875,11.528380659769992,5.1769399004323144,8.107602408954076,0.8694158074807148,-6.19380733431602,6.099111842865846,-2.677112983197582
169,1.0424566220264047,2.307546452448076,3.9852564892902667,-2.623674144626272,2.1345136490251337,-1.7683643497982804,-0.4341745122658963,4.473239776127192,4.374481760725683,6.704698001243631,6.429631043605658,0.7939068805806491,5.684132904726631,14.643467370876852,2.3544593319600944,10.409864021807302,9.081928775626785,-1.7051615394195732,-0.6066322278003303,6.105296619388522,0.8973580763048056,7.701470336135553,-8.79187448778931,5.823647720473153,-1.4002142834420106,1.4152593150430797,-1.756515928373045,-2.7575488317073606,-9.456393229718111,8.300600508921685,-0.7460855621160293,6.4370878436127486,-1.6564361264511032,-12.865390693654819,0.010958875928606306,-4.3585011107581
170,3.183259292524688,1.4828872619842997,-0.44519471544392253,-2.571977255295734,-5.731761366737132,-1.3002195492082713,0.62012986747586,0.3247923449594147,2.3769276300255133,5.040553312672644,3.262829802113072,3.274152755129094,-0.968025269861124,8.246052343018201,-2.173018626412567,1.4941256754100323,3.2138082695250607,-1.4354741889603284,-3.3415611770992375,2.6011669054931525,1.5825233508129508,1.211418120836725,-11.897547127640976,6.150732209943995,-2.1146138316514542,-3.111173062908406,-4.850650973465978,-5.344456310783114,-7.9641788638367945,0.6308483359765034,-7.931749741641843,4.350045775880619,-1.0452332046567177,-11.38740301094189,-8.814015547839963,-3.507805952004024
171,4.53958659512656,-0.3084764827270897,-4.415122074740274,-0.9763858722788947,-9.772844495745947,-4.099018902764941,1.1198320559092931,-0.338860241126041,1.4320515327307644,2.898975659389885,-0.6929394158781791,4.035472086497715,-5.540270429788803,-0.7605804533374553,-4.05221051783586,-6.404452683974285,-1.8920860903299586,0.29746063388123806,-3.6948884768145427,-1.3820315602482582,4.167784330796223,-4.139633526227304,-7.5782880710095775,2.7661927749916,-2.655693142997975,-5.208370036920723,-4.255917279695978,-6.924819514459493,-4.41632455009587,-6.043486655974875,-10.535464537386991,-0.08051275173012092,-0.02485769226842997,-3.012818593988005,-14.637857519850439,-0.8609157571455046
172,3.1997451368643315,-3.2526688419130383,-6.915499507316521,1.4941432506454235,-9.31224649688419,-9.390843235412422,1.325878203029231,2.3743659533864383,0.36703736623939204,2.0647157276315347,-4.27219804330748,2.6406143788172276,-7.262376683174955,-6.806029828531401,-3.7803285389530417,-8.472309503020073,-2.6573965768424834,1.7655891733510154,-1.0090787276929738,-4.635002589043306,5.4773218577005425,-5.196118292759876,-1.956283535884351,-2.246141892876856,-2.4655885536755835,-4.091139734399562,-2.59728826764895,-5.721705993827508,-1.328586790102477,-7.348214156165415,-7.131889276358546,-5.755945188050368,-1.563884205964147,5.803860226456,-13.958865848274863,1.0518189425371132
173,-0.5979949138602432,-6.830582523832516,-7.790237084639315,3.083525757400357,-7.156737791032207,-12.347932414132721,1.39266921306143,5.083171244482605,-1.8649166384521796,2.5817622087743817,-6.697661109116613,-0.04236049311501639,-7.408421341557892,-6.605180044563449,-3.159514907671481,-4.840150326490402,1.0862375718294357,1.5478958888929717,2.4452887137933654,-6.782076561937527,2.9679232136327394,-2.837638889040266,-1.026135414838791,-5.920998555969219,-1.7802474790689897,-1.7727078721687501,-2.7729982782383353,-1.872602903892343,-0.019712677111431043,-3.140661071757881,-1.5676838183889583,-10.52619486226111,-6.090313039263901,10.214390266914757,-8.251568352689548,0.14249831133959245
174,-4.328293535782366,-9.822110309892771,-7.526906643595014,2.1466706297835527,-5.811788451914885,-8.480703100562096,1.1233912706375122,4.36632715621773,-4.785184183291027,3.0777488204897665,-7.404389935488603,-2.51511131029348,-7.358585031665101,-1.8370242079301757,-3.349087714540715,0.21566318249215885,5.90106137674682,-0.31479306336568325,4.029853963730287,-7.74356255227966,-2.1217582627218596,-0.5503166415253464,-5.356205903753942,-6.281850881732012,-1.1158944356198213,-0.7194941287138024,-4.846389551551974,2.2828270087436753,0.2153162229426053,2.6931123420292016,0.9228947779961995,-13.503737284820907,-11.138074218010416,10.554772544880302,-2.4400168298458564,-3.159698418512636
175,-5.188856223408057,-10.811939537981335,-6.633731398047233,-1.5341329100180645,-4.7891762512070795,1.4399596586519359,0.5038893624227874,-0.06924348826311072,-6.712225563063914,2.513558206813676,-6.092389120739334,-3.683008984035375,-7.098552914906521,2.1166932363899384,-4.323501506630255,2.000053517824533,6.980284766883266,-2.6320547148281213,3.164339440209525,-7.261721289279509,-5.602494560030042,-1.0435950305997108,-10.40647538032915,-3.4568889103639795,-0.7829816025130603,-1.5749267947917083,-6.191242673567364,3.9733613562218997,0.9904514970828076,5.501950177154979,-1.5440611772391262,-14.96018748502342,-13.474379339996648,9.834702427289924,-0.6827726266822036,-5.996717083819059
176,-2.4472466488273774,-9.012284914145665,-5.147501979555402,-6.306064667446273,-1.83242901369017,11.060627255512744,0.22027123704248544,-5.125674870549416,-6.355763548795058,1.3739906053762048,-3.0844105755796236,-3.398259268731487,-5.593847706609843,0.5344041357843243,-5.831645286204863,-1.2676296585372515,1.6173796556433853,-4.229001146037968,1.3437178074097147,-5.088885428193881,-4.482050895082708,-4.066246519891584,-11.475828428657687,0.4639932598386492,-0.9993677984695045,-2.9915962535507825,-4.417242865021131,2.2750743627548218,2.9672367931628716,3.398080189009102,-6.205115201521893,-14.597657910415105,-11.64271724710659,9.21346317626992,-3.2153402007355982,-5.47943597423787
177,2.012674704498174,-4.9373818587283695,-2.7929244607078787,-9.554474713242783,3.5464507961759764,13.52247708549305,1.232246922062976,-7.0527074683685695,-3.99598300700285,1.0212417147597488,0.47808776187653446,-2.2193689078700785,-2.4355786923243077,-6.743323931888658,-8.11057344383123,-7.76298816714968,-8.327064514160156,-4.684177159806904,0.17137092686429314,-1.6069312789002244,-0.13107544666498291,-7.1280161017666055,-7.985950341030043,2.711774628153261,-2.0943313922200884,-3.2847558703957773,0.08636996210837851,-1.1540430341372077,5.068849557820632,-1.7282026606250782,-8.519548678884702,-11.171532225243899,-6.809470172553342,7.1063430270522225,-6.701552493231637,-1.3880376925273819
178,5.372866840995088,-0.35221710192913913,0.3541725308311229,-9.429376482355352,8.434073113665288,7.378748745942603,3.6413162381065134,-4.59818126534929,-1.1351427896594515,2.0066455724288006,3.065795967773515,-0.8030425399085697,1.2044979650147107,-15.105253395985583,-11.10267712632004,-13.711047850093063,-16.978250367300852,-4.146494491976135,-0.17429694594169148,1.920363828235743,2.985612003170714,-7.998978033357737,-3.0657907395946737,1.641224389477652,-4.070403865101386,-1.9869151261388038,4.479359688807507,-3.514062673157575,5.487306169709381,-6.1338971670793025,-6.1092686368798725,-4.5215301367701315,-1.557910264754782,2.56478913128376,-7.324106844104066,3.303454448982161
179,6.157519913753685,2.7159828239557693,3.478146106004715,-6.097372932093484,8.936083966371964,-2.162832039351366,6.167059023769534,0.18481563974399956,0.870233343648059,3.291616923878996,3.718334807425129,0.4736821377763943,3.5079743606703624,-18.795848272284683,-13.172988422975248,-15.65596548270206,-18.19587343414219,-2.843077546327698,-0.40404903280491733,3.9692475497722626,1.8990966639652545,-6.450552877114744,0.4457785212719927,-1.9696327222853292,-5.847187371886506,0.10367970138180013,6.109613283708388,-3.1643699565712287,3.4743999893568,-7.097636488019203,-0.20117159096562132,2.53602663351565,2.016373902255175,-1.8160495952684053,-3.742992004569696,4.768826443625956
180,5.034407299696182,3.337446303582009,5.474240945310009,-1.4816671013832092,4.254271195251114,-7.771417748867249,7.094823418375181,3.9138682037591934,1.7736199353726543,3.3019403089217993,2.8285714295901814,1.4699073848029485,3.905266614592805,-15.363737618740725,-11.497993130084811,-12.064424955115026,-10.153917862444509,-1.007590897229253,-0.44231747425332363,3.8517052665048714,-1.6274402377252677,-3.87645695312899,2.905756881042403,-5.156108275436017,-5.445050564955692,2.0248804697576834,4.710596513079137,-0.8078999476773399,0.20151814940024396,-4.393170501504626,6.108553098172558,5.6147384874674735,3.36165890036797,-1.6856738018746278,2.3218903249623826,1.6521861839051148
181,3.6123683039022954,2.3183362268063488,5.863530595539784,2.3160665047412015,-2.0478760928523783,-6.027755000457471,5.911819299873041,4.6103600579865125,2.206018976867199,1.6701093947096748,2.0066356863636448,2.0902839996376814,3.791694836957114,-7.347924313983139,-4.6393528033276,-4.000762070015985,2.807822154492748,0.8632798389512666,1.0578450432845525,2.2701711350557754,-2.6744175669642125,-1.676131190390003,6.599802900333794,-4.7557002302943445,-1.6580291478609552,3.5095189374168307,2.1538406291178296,1.3185074986243734,-2.108013810247791,0.2956319554727905,10.445459465591275,2.99876889890554,3.2471053101578535,4.105744721938152,7.802089726438328,-3.5593373653840046
182,2.647670398865427,1.4433987677781557,5.184323585155059,4.536473305249701,-5.261681864456254,0.40961725310403474,3.873113525157072,2.7970105459039307,2.7711267031881275,-0.2958097834976352,2.911436533441349,2.259004151334568,5.045220596449716,0.012593426722653058,5.061522359750708,5.129554668251349,12.962190761858103,2.079947467665283,5.085144950000911,0.7050233154880757,1.8341192931545025,-0.21759431094539408,12.00523681300027,0.046271022485227,4.1318203095270665,4.787985101646306,0.38196726546299703,1.3944393727852373,-1.972995391305612,4.841354614617873,12.093322573875895,-1.6429054664105784,2.9048319337319355,11.135074457039638,10.468054197842674,-6.480351972032566
183,1.511236955012594,1.862482458657148,4.382148863101492,5.8809376419806965,-4.088766411250951,5.923752617471072,2.720501785755766,0.36894942941714304,3.528422268677731,-1.0114089451274093,5.819219111179819,2.044924519499954,7.735640991707237,3.0175882310283426,12.289441056397497,11.010220452839015,14.83002568386039,2.343386790582112,10.273416701628237,0.12943594431390568,9.639608738373736,0.8787342991147723,16.053552628779897,6.660060015716115,8.203271701019638,5.814456309895126,-0.18228729616622535,-0.5618630270568692,0.2033385442835944,7.5965377937774266,11.112460245891493,-1.7790999947762003,3.287300406061873,12.97920755099277,9.92117029428482,-4.543350638175498
184,-0.6542763532120355,3.0722463585588398,3.858984975790491,7.224792532774867,-1.7393928692505067,6.907710354090954,2.8034858898240693,-1.3140173262479353,4.23737264166073,-0.40278516679394,9.100880765185064,1.6986322883440523,9.542742493331945,2.1978559463608023,12.898465678932107,10.850829325160202,9.234954691967186,2.1649915849675936,13.133668033444152,0.2938855351233969,14.71908771383519,1.9667112460854101,14.693281658145846,10.738330141622193,7.361426073677686,5.943902205599814,-0.31503000125593067,-2.8327175847121646,2.5570020335821475,7.53952817284331,7.502306707659546,5.705082589266252,4.646468712815216,7.519155210378218,7.144313512103898,0.7342722973957354
185,-3.451193684217881,3.5205832634653365,3.283170730939933,8.33499449613143,-2.247835981754624,4.039763484682355,2.669566017936687,-2.274042604833233,4.7851380687587115,-0.10158900886165853,10.239076243979591,1.5044658068491488,7.850880154845666,1.3622743523850733,7.806801285062518,5.489608686797473,2.3433503338268826,2.4109673260578086,10.938745735707332,0.3310657937307747,12.542816077568093,3.1961275108006535,7.324933037465932,9.525940783169805,2.134424343401072,4.463610893609572,-0.5267098658547109,-3.401671665055411,3.293010706196026,4.411148462976728,1.797160528144058,16.395091300107996,6.3437182866797155,-0.6639165933034858,3.541458839664654,4.989340129859594
186,-5.121741236586656,2.323471894069594,2.390153622482808,8.028893482928373,-5.770942293867773,0.5159314329526863,0.7254531596388135,-3.1999337970450217,5.147328139263756,-1.7382197283132343,7.794642916139291,1.6273406695346444,2.6677357274658826,3.9365708073791192,2.6308006960518506,-0.7055786385828134,0.4444612191647899,3.2694604580803794,4.6692807376384735,0.06231419057870398,4.102679285467888,4.889914237723058,-1.5585195108183794,4.187630097476804,-2.9524785182913957,1.4327415331285827,-0.3158746687125187,-1.4399773899693877,2.0309072669063295,-0.7414568989556662,-3.721214472031107,20.978361151656326,7.024470324723088,-4.642848559180084,0.41379943033870387,4.75094507049237
187,-4.08415569729951,0.395555136155109,1.75720819405147,5.7024946139783275,-7.944381456594078,-1.2517026656744432,-2.719697786837208,-4.216908981605452,5.021377773917451,-5.086728257184126,2.7780386372184265,2.1399814234096177,-2.6467005245539608,9.735368100964294,2.8931316636046587,-2.664883298229198,4.965529990439513,3.81253974230922,-1.1063976713589259,0.5236049318800167,-4.937029097761426,7.533495873821025,-5.557166086319758,-1.030138019092229,-2.8857485317454046,-1.9969346295205914,1.0585550744922794,2.173777318730646,-0.01734012471778052,-5.3231076008203075,-5.255787520992513,12.91688091961705,5.431486714251188,-1.9420834901381512,-1.0072037157963734,0.43089347212974516
188,-0.6226471233732846,-0.24873395226135545,2.4232887966292247,2.5821651046981615,-4.310715278800653,-1.181578433331178,-5.308125662522352,-4.489969813702058,3.837469937850018,-8.039149232664887,-1.864747302872794,3.121821755961496,-3.9429923081580474,14.916668521354394,9.10741065716257,1.7007267304829188,11.960040141125114,2.8639687051502416,-1.759076852579506,2.9090880824595082,-8.966585981602572,10.96563764859219,-1.6194824404558357,-2.26396898638305,3.398451141556915,-4.096125529432784,3.342951363902919,5.5442758385015996,-1.0292287569264977,-6.269157288025837,0.05474273161012299,-5.598909051138527,1.6217335248175933,3.2889353118988933,0.4356788250864769,-4.043883792751906
189,3.025917756922391,1.5309356073943936,4.544650230860832,1.1114228614130799,4.5303333188806265,-0.4837605681006645,-4.758172943884013,-3.010676758629935,1.4014915650596425,-8.501930908280976,-3.458656623655436,4.544944249245585,0.016714094852914616,15.190060124105337,16.426533523870972,9.924784482133632,16.148593217742686,0.41472817866169676,3.5212304321858956,6.835761986824931,-6.64263932558955,13.663495307066002,7.4394218173562265,0.8365002420483804,11.762620444200477,-3.5654337965712255,5.175660853483239,7.081100806137737,0.08612627642495292,-2.266148016160848,11.238228279717115,-24.827042095515193,-2.412330387806406,5.004849105161064,5.244239753131204,-4.602403034056936
190,4.427189727142757,4.690010877592223,6.599165374527172,2.7104870044455236,12.466420971617406,0.12714008652434058,-1.180503480288447,0.24954657043729508,-1.5240836155657866,-6.310397493595979,-1.74897770492398,5.935157230922154,6.205620509021136,9.564970488450966,19.16618816828241,16.867186972073146,15.44319048561916,-1.997334929753323,11.034958429482518,9.825087423227272,-1.1352496556937695,13.349608697453323,15.30344099619863,5.063909360036558,16.158768006353355,-0.4223135024005053,5.341473263137194,6.519716858863831,2.889544817562006,4.622628132299501,22.96982035588245,-34.67264331360253,-3.687325583428753,1.8342737251398515,12.301661503558256,-0.4348240798833419
191,2.968804415391416,6.777137761213342,6.3442604614763844,5.998985319797482,13.010140848098969,0.9245819276084706,2.8271339309154726,3.9158834681218986,-3.593344476302059,-3.2628633872586854,0.9155107371661128,6.258316013581899,9.744972083033348,1.3828908316030795,15.733546235123459,18.425120244524916,11.760284706341977,-2.5963687714265316,15.617393469323916,8.952681241371687,3.112851538828441,8.857014077050346,17.014304058892385,6.644197129017236,13.557349774302269,3.740008751956784,4.011427436556135,4.952890423487644,5.617322118914857,9.75068218854009,28.511728899059246,-31.505088056836808,-0.4710331863286544,-1.5809820933001382,18.466984473929113,5.4627436192668215
192,0.26245203310129595,6.199485773942908,2.897469392844609,7.476988768784747,5.2948322211753345,2.246864986054751,4.4773363264239565,5.93379269144973,-4.100162343711269,-1.3459636027715645,1.6625604390793918,4.494478766407285,7.959076067622827,-4.355229312059831,9.25836229111467,13.988155394184346,7.8928722757465986,-1.1723457722335446,14.499966142128924,3.4516844165568448,3.7626729309178737,1.6134626354490007,12.032064353248902,4.436263639099744,6.0666813619282784,6.387326708253549,2.530121304550949,3.8661133184724923,6.252731267286807,9.047033612711394,24.17182906367341,-19.131663667912385,5.909983776053604,0.03002435333874761,19.672929541492948,8.891352071445816
193,-1.4227869385967449,3.81192498220777,-2.1227427159949226,4.459847127144434,-4.843946800548203,3.6214428396743474,3.180997113184053,4.936657932339882,-3.7999029110889047,-1.036133047269315,-0.3398645906424036,0.6867972922568418,2.406651625827867,-5.116623272701186,3.7910283341699715,6.004663182764637,4.206330984982909,0.5476111219245561,8.61222022528551,-4.181345545515722,1.3964493882899383,-4.879010767352824,3.473458873982332,0.4459551260331456,-1.4474838661904237,5.467820321190722,1.9151654382217296,3.9100844427487074,3.845542523325706,2.228088023711224,11.868010153575819,-4.286178771330386,11.530237292148628,6.243884790916832,13.457267176435918,7.7945185151635386
194,-1.1787435643526973,2.193217101145764,-5.769619628787041,-2.2376876701505815,-9.815108130172808,4.02843790607793,0.6717255916826579,1.2945517035467284,-4.217905616273685,-1.325623023266695,-3.1956392553996067,-3.5001413937734096,-2.8073527131761824,-2.788347995098756,0.4521724174217302,-2.2238527852661756,-1.1562119320947297,0.5364864625188769,0.7724392350230899,-9.889522588374664,-2.013993720010835,-7.385857112553655,-4.7980063934715425,-2.542628223798713,-5.641772363867078,0.946177103081528,1.714386683945753,4.414567083120346,-0.7456233355463767,-6.6673848277756145,-2.179270938951142,8.324179335516327,12.672241529639887,10.636890421108324,1.3905847883042024,3.5476566784235897
195,-0.03757126903047367,3.1674426003378264,-6.326143959347083,-8.46477561094323,-6.632871007432743,2.8760031233636703,-1.0646501879911034,-2.917308041027614,-5.876436077818578,-1.1896176380770547,-4.182620469404727,-5.5745185447704735,-4.634924339092508,-1.6577593501733274,-2.416732813630785,-8.213546454298253,-8.90470441141907,-1.4443459987868459,-6.795740769833935,-11.254833766297267,-4.847137609306647,-5.147843349420903,-10.232371170910037,-3.6491384287269746,-6.750488329298642,-4.677850135735103,0.5519490625177111,4.1139456432084645,-5.279003397542603,-12.096902501826383,-11.573841784234938,17.162537010348572,8.84596989683959,7.163016387090391,-10.786627501857524,-0.5629004781343498
196,0.3110249760199566,5.878419567127617,-4.779414117792431,-9.920973873868281,1.0913165226882817,0.5181789550246024,-1.7198659041706397,-5.130677099130591,-7.254240170425298,-0.7338913971064042,-2.496124788966714,-4.081843278237751,-3.2158236297569713,-4.191344945406427,-5.785658790140736,-10.475594791830803,-16.094828113305326,-3.4826733422826748,-13.114200171159238,-9.312925050453265,-6.298700783325701,-0.13491774578483737,-11.694789060524531,-4.231135196831762,-6.922248362886663,-7.657878451353433,-2.1331420102897956,2.4981031041516335,-7.589532506481117,-11.045391625895792,-13.620359063148499,21.67387074840312,3.349980025875325,-3.2790567862744235,-16.30656864874217,-2.016221005089429
197,-0.7364861670197272,7.298304857648149,-3.703061875488077,-5.748737063334913,6.94901798574292,-2.124220036882527,-2.447775031306914,-3.9975928638358504,-5.860755589543556,-0.8000170424276468,-0.1707952588188405,-0.0546520826767902,-0.8980618107075594,-8.477160709244865,-7.673068615855003,-8.250056039922091,-17.814333358589483,-3.368879329489202,-17.360208688950053,-7.272238794638186,-5.987888937701984,4.604927401153409,-8.945530372006553,-5.79069945793979,-7.214729431940585,-5.590408311054414,-5.03373934267735,0.5144239262658723,-7.104968060644305,-5.061391091468383,-10.36745608826073,20.586498739768047,0.6254487950734946,-13.028630385593493,-12.150278451491376,-0.6125167206842073
198,-2.2558444695813313,4.820920474675237,-4.634754751105698,0.6204341285082758,7.351645295109067,-4.20594659508491,-3.993644063494035,-0.44305877417934186,-0.7284235954284668,-1.6510893909298643,-0.17714398491139316,3.404918666396822,0.37210511165309923,-9.786852487629014,-5.197023398718056,-2.0506313795946083,-11.894779711353536,-0.847200334072113,-18.226417899131775,-7.334898278345259,-3.876274897127735,6.8599831991049705,-2.973963225982627,-7.900562564937436,-6.672903019554761,0.5467671502609642,-5.884077458965535,-0.19750795551404662,-5.20100327170625,1.2458408458196386,-6.507672169987036,13.187600944419296,2.4912741798527387,-14.703485693250384,-1.8102976509502955,1.9653314729126132
199,-2.9936106430024516,-1.3363326754497022,-6.586418744860863,4.195703995471098,3.789001007469333,-5.155881074238188,-5.495419948836979,2.86059725831966,6.044729296041995,-2.3958295747941856,-3.4414830762816937,3.364131828237857,0.5149620515959603,-4.945878233228411,1.140444159203646,5.456494740077427,-1.887231707572937,2.0396383751411826,-15.090508478028434,-8.644623482713895,-0.6970526004324153,6.036226065183173,3.3292128008847333,-8.457208289175618,-4.232978583902729,6.750540297326385,-3.5870720804954064,1.0213671822328956,-3.9756224301396585,3.867336003147826,-5.938270988056854,1.9846515546039658,6.509315219403682,-8.165546608214475,6.77242945377924,3.6731320285067266
200,-2.8247675567257162,-8.034441184024422,-7.166103164760434,2.439278948671964,0.3175635495964362,-4.551695693512352,-5.412601242260057,3.454813628476493,10.452821349154929,-1.8920564043278596,-7.701043467132413,-0.6171932962475991,0.4885501156047899,4.476289148233374,6.13890638612971,10.021534997589734,5.176522622303087,2.9026949466491234,-9.668050436341034,-8.29142050110564,2.0332395148520566,2.894610205475165,5.98108329760785,-5.981631462671319,-0.8876785397225496,8.811113012916579,0.5340234363565639,2.8794646114110947,-4.369906816251424,2.188922628152127,-9.33969480225018,-6.93848439321226,8.00073676449912,-0.5010983238414842,7.198129244604889,3.295428581687869
201,-2.8543429417269572,-11.49316034390002,-5.10123947072223,-2.8336183818019167,-0.5458896171909814,-2.268347083305826,-3.482576088029511,1.103007703259283,9.666849108374848,-0.09444198225225721,-9.431566799363615,-6.058564614580602,0.5856090358325413,13.153774517531298,4.00344647163031,8.486498258855878,4.607099435767349,1.2955878781420844,-5.631432242539464,-4.331141530251016,3.0097378869445954,-0.8531617467500725,2.655975269723912,-1.443272587900259,0.7118420029173091,5.477306795363524,3.684428560490511,3.030619668717287,-5.267552281520804,-1.150332813360253,-14.12774988583156,-7.405056437667535,4.040032042532551,0.880725807073165,-0.0992775121513678,0.7472695287088958
202,-4.035426113070274,-10.023608060515656,-1.5481788126789793,-7.176758120254594,0.5437459556423888,1.048283474785941,-1.317939053992836,-1.8662120249806617,4.298952568550499,1.7626922909094362,-7.107630629928744,-9.435464844411733,-0.007076892925768482,16.331387775284902,-5.677285335805951,1.6155505739912694,-1.9395394459062694,-0.9542879681197964,-5.698068037325022,2.135950822307139,2.317385495925436,-2.8791908621407893,-4.831206511478035,2.426298496674518,-0.9767073867272358,-0.6698039234900961,3.9203850399626763,0.2551033563759862,-4.466008212341338,-2.8466052443397287,-16.53164546594632,2.0480689512831822,-4.0454801743736075,-4.856048676432396,-8.001246303928141,-3.121047556400299
203,-5.819752263171332,-5.056898277633044,1.0928577555685628,-7.237320809948201,1.511124878361517,3.905233384395132,-0.7719694674775308,-2.409053663970256,-2.248183442621815,2.4462967168311684,-2.6841791085138613,-8.783430961930023,-1.9756349890815967,13.54341140085337,-16.344810987005427,-5.901102611300897,-8.146397879537272,-1.6438548470638237,-8.84050509881,7.776867480416383,1.3666897793205417,-1.224816450050899,-11.204846947472923,3.67166384750483,-4.3292777927554384,-5.411383850842106,1.6546830037722782,-4.085924162548416,-0.7472728128944125,-1.5903563018964262,-14.319263928892966,16.25005418183852,-11.858218220423678,-11.712186560338857,-8.72739913998818,-6.791604595524924
204,-6.402978582041604,0.13165328758103506,1.522134667756606,-3.280050210502683,1.4169447300385456,4.807613708535019,-1.8326783680490084,0.5777093038267019,-6.688268742999252,2.054938961656726,0.17000256661249666,-4.894880611677559,-4.6204650353412235,8.36236539178965,-19.636380122632396,-9.004775500951373,-8.82466819091719,-0.3432650772892699,-10.831458425035281,9.832634505568718,1.3683817179835573,3.865599296530899,-11.80419477273007,2.840741777146349,-5.753669338871021,-6.251581093334422,-1.0396721835048603,-6.906617014991994,4.792888877191106,1.307508582971534,-8.379034523453031,26.25307469465295,-15.706618474454295,-13.072459382670266,-0.8249838172781224,-8.546872762392978
205,-4.471232736901361,2.773885359569472,0.5947076406101791,1.4445296398230962,1.0004034128648287,3.4309965564432194,-2.514456780893462,5.106506260073915,-8.225526828546913,1.8493191393054262,-0.5505398477674747,-0.3286093248396504,-6.248706359036115,4.578566135192404,-12.82422675526872,-6.528919745464714,-4.301133386942805,1.3393311661725142,-8.195318650226204,8.216841877723226,1.8926227112509766,8.772134148952912,-6.690973960623449,2.0799877567558873,-3.2107471118167954,-4.045667754752295,-2.548053430355325,-6.040167758735467,9.388241099459785,3.4788769483566284,-2.096704589469092,24.90818285455509,-15.560340118043277,-7.985478452273777,9.156930673487333,-7.362488006450692
206,-0.701465542219123,2.214344865205337,0.13392674010627123,3.642466106585094,1.1377448311873846,0.8791773927455045,-1.0615037716164881,7.620185150175678,-8.262779649423093,2.698697253149383,-3.385913870772537,2.635641714748071,-5.907875638835284,2.577704984314588,-1.3885785411207043,-2.1612150644769472,0.5851960620101617,1.5007598928879111,-1.8690444194540685,5.13023142294236,1.237939496429599,8.09150645927507,-0.7900311776569912,2.587823409130987,1.5417256349203539,-1.6578542237379112,-3.1191399126332633,-2.307851794118784,10.66487345890123,3.612404132680017,1.0794489686282314,11.176684608264845,-14.524706019430745,-1.484798173515164,12.187985066248446,-3.7858661252397057
207,2.6135189872311084,-0.17482006184908808,0.9533968263742875,2.556222318386545,1.501320662547131,-1.3839818162425441,1.9016702679955229,5.970006657498224,-8.083751468691139,3.88421160651713,-4.853373984293062,3.301046390580584,-4.474517861191107,-0.564664460566579,5.884440835641355,-0.9804209854111684,1.5168427055587574,-0.18712543468086087,3.3388938134422106,2.9352249734255733,-1.5420420042106084,-1.026481070080582,0.47619250325524076,3.2000105525461997,4.466266723311677,-1.1448847329129979,-4.201988288334438,1.0221742890319045,8.30471371509591,2.298741737190558,0.14756365394105717,-9.41134696659081,-15.370042878602233,0.8385886890547616,4.794776348435149,0.1572266030980616
208,3.584314765978833,-2.3455687955554043,2.232293571136436,0.11627157853574169,1.108237241299785,-2.8247065049196993,3.767187456695401,1.214426410869144,-7.1735579833692436,3.714505295972435,-2.721068103702701,2.3542336407972844,-3.728058936036363,-7.380096036560682,4.609251660617943,-4.704899426625699,-1.3513234827895553,-2.3092823232315025,3.382680925027448,2.4957494579103527,-5.085663319660389,-15.116592042300166,-3.797718101618241,1.7041976854813343,3.1660141367085126,-2.1506709280062695,-6.466476010690842,1.0539290289185486,3.956860166043043,1.1377106810710869,-2.790613893343478,-27.84318990458031,-17.405848982382793,-1.7154332581831484,-7.667059500606692,2.382733090799682
209,2.429668034826006,-3.020758738323134,2.7316222630289135,-1.1312816501880179,-0.1006149917232747,-3.8798323370972456,2.651933957119377,-3.3897451849616305,-4.0166368183432795,1.4339083229400673,1.9564753396778691,0.8807094912139737,-4.324698982646271,-16.3444264044567,-1.9896008595824242,-10.135038305302055,-4.159304180923773,-3.1798726887138065,-0.7432973935287825,3.268525323089288,-6.5503608645225055,-25.330200815383268,-9.090231099907232,-2.451478830405644,-0.7031955019551881,-2.7921562102832356,-8.58625033421784,-2.178990927277779,-0.2646964206835445,1.166968169869209,-4.294600299426487,-36.09527667687864,-16.762186609968847,-4.706132261120543,-15.664691284146844,2.4609330138381647
210,1.134725622338604,-2.289555752573877,2.274834640172063,-0.28900132100192866,-0.8567578026226589,-4.707652056029028,-0.46456985228828024,-5.237762320102478,1.5723421255848846,-1.6192711044330985,5.820655670701241,-0.28535304750714985,-4.964198420242387,-21.986260968203446,-7.013425805738994,-12.213525910158546,-3.544572487777593,-2.279881353433035,-3.572012767955965,4.412940284427331,-4.2954400134824064,-23.65152922211861,-9.657157151066528,-6.980782415185656,-2.994787405340039,-1.8396215409952767,-8.124373994235482,-5.810147135233392,-3.1545807859119104,2.06724031877761,-2.3589405539084454,-30.814291260680374,-10.051920733889755,-3.251278125509924,-13.93176161999605,1.9407095191430073
211,1.3657306201603947,-1.1745228451125476,1.7544254599975384,1.3689917520600923,-0.09242540126552387,-4.294387377646505,-2.6023535199311314,-4.401596516978984,7.295622806539949,-2.9856238073232224,6.130124760981725,-0.6044923009312883,-3.8585337844430185,-19.039314970678213,-6.5604521206447055,-8.675142876955928,0.206204498300747,-0.29275144302115147,-0.4064141457178155,5.37133638165435,0.22861392522344784,-9.80167571500856,-3.979924656298696,-8.552231556602887,-1.0902730725249465,0.07681525240139085,-3.8062052994358297,-6.818320751798396,-4.547370353067408,2.691010057926178,2.122909767287118,-14.85506710288476,1.8210909947448848,3.2097437989955044,-5.963021746095346,2.719800146258607
212,2.744435266572602,-0.6784151184315584,1.7630078318167706,1.8423213837098102,1.3329564839297412,-1.382951946891084,-1.8617024166243417,-3.036814414725012,9.929849614598313,-1.347507999867809,2.90536388146634,0.13832272315511898,-1.0431848515053184,-7.13598252741658,-2.4818309265740064,-1.8675972758507242,3.963554873758433,1.9411528688304278,7.750284153587964,5.4889087052065495,3.469683035599942,7.438614837977351,3.667167955515336,-5.911298890807191,3.5765775004211737,1.261333974648495,2.9171711930206845,-4.767099890173698,-4.559666022962453,2.2161282858602247,6.394953797058183,3.9499615747101453,13.323122395544637,10.452366108188825,-0.4604239098879756,4.897565780168907
213,3.27160022514207,-1.0549905360961447,1.614385804959706,0.35103346194539753,0.9636148597512927,3.464463694971435,0.5643247765850048,-2.9664304593996125,8.20188516176933,2.1801807564132067,-1.423211244448107,1.438510614390276,1.0677932549496085,8.096337800123253,0.8411952432016937,3.706200144728836,5.1124241609050305,4.139837990001756,14.570704584523122,3.734543496685825,2.884709055326423,16.486476052096304,7.0169985263931505,-1.2004022707744522,6.891574901889782,0.687530910026054,8.531548699554133,-2.039680696567711,-3.1519916434677278,0.7787187586025316,8.309194713222738,16.584733027584697,18.10779344640216,13.180136375281275,-3.1708014820303236,6.334548098700387
214,1.5110401742312374,-1.7966469185692924,0.07657760062388011,-1.9607358758850975,-2.8162679720898063,7.135592377003358,1.693366734748136,-3.941045415682756,4.033630007991985,5.055467841880662,-4.169495618464995,1.8665212915868175,-0.19477282008346247,18.64890208536265,1.4966508499061575,5.395776012722327,3.7038088571660372,6.202415830018569,14.037372028341098,-0.4783647411635944,-0.7992819073248882,11.971472504035551,3.4347704472590466,1.9616504773041423,5.870954241071429,-1.1453250345526909,9.90755073026735,-1.4159024661901045,-0.5780982198763867,-0.9073784047243546,7.890232684660931,17.636289631833836,13.95396205478785,9.154650831404997,-11.798747662378817,4.6277365426019745
215,-1.6999453925052468,-2.267971525386888,-2.917296703828841,-3.1028465756348202,-8.704912258654225,6.114209259042934,0.039520292865986725,-4.2158913826759985,0.7538738439277727,5.597371899351781,-4.238053680682669,-0.11699878439611318,-4.884347957007739,19.623685344141357,1.302959208585778,4.07013220081524,1.499651885154296,7.461161942506323,6.104205512878846,-5.9735767792682255,-4.366841857226527,-1.237247758982133,-3.786167324805746,1.8617649066204927,1.215654224765544,-2.893757149881246,6.560679902835768,-3.3646721012738285,2.0177113511124434,-2.3997687113528348,6.644267054236665,8.313048523299548,4.615165807762924,0.39407466382396467,-18.570339743276033,-0.2805309295654297
216,-3.8355133422479337,-2.3828503428673256,-5.606878984790789,-2.0871495963359368,-13.139310946878123,-0.025008534290352647,-2.6941350743326606,-2.628155708921199,-0.00847138023498107,4.27189269068898,-2.281788694615267,-4.542126879514176,-9.767324246922318,12.306757250610662,2.49767346832217,2.318646035480256,-0.3621269148223254,6.792100894664015,-2.998433486387438,-9.744676166955305,-5.107844233512878,-12.55882584562107,-8.393268294176277,0.2483403402931836,-3.6130635102792663,-3.6122054250872866,0.9481753852902627,-5.626660409402483,2.9710026246552563,-3.8873153280238717,5.571735832155968,-4.549830746285769,-3.090618323306648,-8.697458919593874,-17.653595016927135,-5.52548821909087
217,-3.0660242079472053,-2.6427802638131745,-5.792109207231171,0.07937759343458682,-13.288645471845355,-7.304380037042559,-3.446864802618416,0.11182008227523492,0.3885646964214286,2.8098876932445838,0.4050237037697617,-9.04226259795987,-10.780500952686582,2.615415187514558,4.249477680848569,1.5929174058291378,-2.114794535296304,3.7410294742000345,-6.126929592113106,-8.939749985325093,-3.042641192066426,-14.67606489390743,-6.51253683104807,0.5040008542793137,-5.5676222674700675,-3.234121065054621,-3.3386028528365554,-5.406690051988224,1.4656006931042185,-5.677645075077913,4.123547618790549,-13.106673907260506,-4.532228329960181,-14.027125561115692,-10.205248577254158,-7.589099312315182
218,-0.06256586526121412,-3.406263243178932,-2.9905136604698335,1.1371934499059404,-9.466814462019473,-10.145844174891103,-1.2318247918571745,2.2061264283803044,-0.5590786976473672,2.2646483329637928,2.8755402431196098,-10.101060988951703,-6.456431349929498,-3.5876555248182647,3.362897177283861,1.3167378865942663,-3.90203130488493,-0.5511941870256346,-1.2511818921383546,-3.428997570154618,-0.32655240260824864,-8.903302712099892,0.427845835229572,4.15516968831724,-4.311202656857821,-2.085958850627043,-4.0236164745019405,-2.029867039043076,-1.4231577758886376,-7.395626035271858,1.2345474009611168,-13.464903047194285,-0.4312960722920846,-13.450230394090925,-2.4985571628322405,-5.362347733153372
219,2.6479616311131693,-4.070115682269845,0.9126695394515991,-0.5085899185161201,-4.551151662589792,-6.1937607745735015,1.6216383141522506,2.627837889048518,-3.4686280662307936,2.1106357258193347,4.637125402993085,-5.916013497175003,0.8717461325684372,-4.563440390995571,-1.542804989279533,0.3959483329434784,-4.4484308806000925,-3.852664054656515,7.279220703913241,3.5893579094993826,1.2514957323366283,-2.4871480048311,7.415918386712367,9.06101257171558,-1.804246787666058,-0.3521164269471655,-1.4576778570000006,2.40606451095367,-3.3274825835714537,-7.856260153712059,-2.7941064059126135,-7.311301384653364,4.576606069292341,-7.207482153815882,0.49874420616091514,-1.0197865503783128
220,3.191844721229709,-3.1395141871608034,3.323793727828532,-4.250407954868005,-1.0714264192751475,1.340153834041284,1.9283071215055427,1.9659856305438645,-6.063546264354064,1.201460630309825,5.304962281669889,1.572598003003062,7.166643590647347,-3.1879101827436562,-7.386458593211612,-1.110996667219668,-2.13995263999214,-4.539062446477462,12.965952371228106,7.894411760933545,1.9086244064478242,-1.0433262854206318,10.18321387211279,11.052055459545583,-0.13712606381396858,1.758984313327439,1.9618747368911091,4.8567169777744885,-2.579910564635481,-5.9523553872595025,-5.868472626318737,0.6976987336363111,6.391880791406242,2.193429837421495,-0.47668937517672166,2.161457499679254
221,2.2046992578068556,0.5233319280098896,3.2924056138311113,-7.447318849514942,0.971690621455105,6.314820191994006,-0.7416042746329794,1.4222271624876528,-5.343970936171862,-0.6709446846222391,4.593606495127386,7.678865541742012,10.024993915947116,-3.8387725386692555,-9.050371980180545,-2.2134226888931376,2.3310181267407475,-2.905622233237539,12.582292705166097,7.543487788463126,3.030351457547168,-3.636928919018531,8.16897922146077,7.576153595228584,0.07554472952472921,3.523818710172663,3.621897563642385,3.847231139143815,0.1994528697461498,-1.8401981350414607,-5.951936993063713,7.088231183436452,4.7532830019386445,10.654605062640442,-0.6912078015050109,2.8186885410425613
222,2.1075292180995553,6.191226494555571,2.1801420888122247,-7.327754311415614,3.348566717031051,5.05096430757216,-3.28025476809363,1.2506796255403636,-0.7702297867864979,-2.4489006509586257,2.736956388366466,8.55859010560172,10.143138437855,-8.349568780587644,-4.705668957865968,-2.58856287659431,5.098234170553636,-0.799332928900816,7.88780321272052,4.101156270929745,5.042421398114185,-4.915527706243554,3.9688780976801503,0.09573541764093906,-0.45456900766917635,3.858551088948639,2.414698752517603,0.4813136421904272,2.537476704588958,2.7423218902276485,-3.4296627105498803,11.53301739692688,2.5588143200290445,14.209019366575747,3.041032914300354,2.2867201548449847
223,4.456587524742496,11.004243396374644,2.0163583300855694,-3.240117510970758,6.883473833604735,-0.5494393085946843,-2.165964569364275,0.5317153480588174,4.8308420692171365,-3.0434008070400784,0.6886903655772306,4.347678594747368,9.787277163291463,-14.228556696249514,1.7391612027980843,-3.272802231263141,2.006780497881831,0.06074408730682062,2.775488788376049,0.6727269522997797,6.553279730738426,-1.5078167110225376,0.5110567759494392,-6.843219078773139,-0.8087433479270156,2.3324155710181413,-0.7147491492178976,-2.655898234065698,2.29448763570007,5.518142090464125,-1.3299621690292747,15.35769739442942,2.281104636435606,11.373393902973254,8.914081648144187,2.442516425434424
224,8.01985701006286,11.625038222390778,3.3062340343485075,2.551814083542143,9.877354599383413,-5.082228540765996,2.6681480013708376,-1.4253406600684535,7.661557657682166,-2.623514093572692,-0.370825569848625,-1.0574832649863497,10.094730525600667,-16.483596344383397,4.138364282479434,-5.284899076484904,-6.925486370921135,-0.5653112944291563,-0.6702348498665557,-1.2013546806208941,5.818804915766327,4.1541092493096174,-1.1279680193686972,-9.012105193673348,-0.5264310043837342,0.011170081338103937,-3.5664636383251267,-3.444908186489222,-0.4013563114769605,5.331930998636752,-2.7030657018933977,18.761089738534423,3.2841470594308815,4.390100187184859,12.186079000940127,3.0748887135058034
225,9.608145511272003,6.805873415908035,4.567413158562719,6.329274272204054,9.545061793862557,-4.8142061574118475,7.381292941618939,-3.729810719321273,6.3274619287374065,-2.378497139531739,0.1505226094503792,-3.466783870239647,9.996920585632324,-11.618081878642647,0.3050975361648871,-7.707669250819148,-16.073978193560425,-1.6168080562231493,-3.2790043536497624,-2.6049627564391313,2.8992357536846276,6.456951198681277,-1.607730549208972,-5.513150070090683,0.5557495617136663,-1.052149436911758,-4.175133803669287,-1.3880618559386657,-3.276352588011294,3.0409019045835857,-7.429840766045512,19.90194057566779,2.767703038089129,-2.148676490297123,10.300838123170697,1.8357187400058823
226,7.004041451447624,-1.2057594483604237,3.99918826350144,5.680229638304029,5.071596148632923,-0.897743641721959,7.889682014681855,-4.358675895524876,2.8754197439672997,-2.9557633843957163,1.9378336318293397,-1.9094588221335898,7.713153291721733,-0.6949748190081849,-5.495824701932012,-7.7564075321567305,-18.044343725759155,-2.0295165275432625,-6.550542249971507,-5.249629447075101,0.0032867410657357195,2.78799647822672,-1.7266738240782893,0.895886805592751,2.5090202518871854,0.46241554800344975,-2.026733640505343,2.5478746989855963,-3.9312800406193245,0.8425941928004732,-11.640106927375404,16.699370265919335,-0.7373643140403592,-4.612167515316788,5.617570496943532,-2.914004695658781
227,1.2225964288322293,-7.804465787751334,1.466497741183456,1.4573755778220234,-0.9483218217382625,2.333642027815994,3.99185472787643,-2.1587918431174997,0.5571202064047054,-3.403213541726677,4.237204056005089,1.069966699395861,3.1114259988677744,10.970997731296384,-6.565027580881606,-3.3177849735532488,-9.850528435439479,-1.7067068251899957,-9.998068477122152,-8.685043407946218,-0.5624139689061106,-3.224461838907125,-1.334381353566233,6.112291988061399,4.959026783096547,3.7868843559099705,1.6980984848068685,6.7224813630538325,-1.8391432080950056,0.5817578166191067,-10.636940064630947,9.188616245680926,-5.114995440658258,-2.8439710943066343,3.01243608095208,-9.332041701644052
228,-4.1047967459474295,-9.074525034549286,-1.2609421787213306,-2.704846807888576,-4.370542209367363,1.9835196712187357,-0.3302315074418272,1.7180888911291046,0.664538853022517,-2.016388460081451,6.5159257097663925,2.448653469128268,-1.5673886403745534,17.3768174368508,-0.392222990186847,4.474721141007482,4.226654820296229,-1.2869932760997695,-11.069960100310189,-9.914487380154279,1.2281168873364827,-4.852525855205497,0.2310870326295191,7.5836522269005675,6.685975687996465,6.531022548067327,4.926513614399092,9.45525062023377,1.435239933279096,2.438428747410677,-2.8722867351405474,-0.22737487238280626,-6.277533148016248,0.3827943214956595,5.003268043605649,-12.655789293500842
229,-5.732315264794291,-4.488374781091602,-2.184347000505243,-3.0951057021715203,-3.0036434979767215,-0.6566383662272472,-0.8517559146394535,4.651700651767302,1.6150945832534713,1.6162100964016757,8.542079592997931,1.9276521595156924,-3.409684650752009,15.974155376152117,8.798942284924644,11.511747768947057,15.972306094607529,-1.232274232166154,-7.643723711675527,-6.148874944570113,2.9654889727125364,1.2412529624238307,2.940761691757611,5.623024322852796,6.130703049882943,6.691119691547082,5.981386809324731,9.440608102448133,3.740115358361176,5.007690444740714,8.58405373777662,-8.864474957086601,-2.296409637344127,2.3740554756047776,9.45186017362439,-9.126004108094744
230,-3.464311504850582,2.793816660131727,-0.8963275957776575,1.1843124506424885,1.5840417684949175,-1.856600053456365,2.6739182466146896,4.980269620613176,1.0486644920037718,5.568052141642084,9.872828668477585,2.021023794704554,-1.3478551738116207,9.186909390955556,14.14371954604071,13.95307934953242,19.836318290963465,-1.3915019579687897,-0.4051827265291798,1.9356156694037574,2.1673472259117634,11.528234209029042,5.575608211512468,2.5047675553633244,2.7795054547640743,4.330136406786588,4.519752083688366,6.298802382483775,3.967065120686074,6.539261247544569,18.350911225591386,-15.804448563225415,4.102721888191846,2.9817196106424135,12.01195220679653,0.26500739126789324
231,-0.11399965102271158,8.189191824927622,1.217541630778994,7.431251838499186,5.618561260554255,0.38358779707733465,6.294568798827882,3.535665505698749,-1.4091472345955518,6.88214017542041,9.543736608356845,4.971662609856956,2.8343185843253624,2.1542953496076622,12.664975672656176,11.439258445282372,16.787277382247304,-1.4479923643627945,7.277666118680214,9.841653192529874,-1.188373895932217,18.510202252134984,6.526828375397896,0.4064134754696671,-1.8930321579076805,1.3215160728717337,1.5546674314810305,1.157924317688282,2.4115140908682835,6.183767758613946,22.633244188464417,-21.61574544103778,7.500039298923648,4.124676302987702,10.554781779950979,9.937118847759402
232,1.0794194000107902,8.745692881394406,2.3856908034305184,11.334021439509732,6.442777756525546,4.192457735538483,5.836168662625916,2.6211662693899505,-3.6552500431330834,4.176195852002319,6.6054977318462065,9.742098745034665,5.856009505232986,-1.3820571017508605,7.662095712763922,7.132058537736231,12.142577127534516,-1.5228390772731937,11.748287065904968,12.496457226118263,-4.5387828851840935,17.188396242732296,5.128542867242073,-0.1294760486605216,-5.177701417831894,-0.5288620612451008,-1.3581020607023824,-3.47123428631802,-0.02012046259276721,4.288449596385567,21.27137486955949,-26.152394528291662,4.678697505471658,7.041870866503034,6.984646697737733,13.97157819295416
233,-0.846171187198892,4.7887211609061575,1.9098944369019295,10.191766740108022,4.459451440645724,5.855478860856015,1.026683510262139,3.4420022453580583,-3.3633744880861167,-0.964530382837568,1.1572028544484352,12.343781238611864,5.388559609946167,-1.6201635951898536,4.780251586923794,4.5721894928387234,9.919806959069504,-2.0561075639359805,11.422223213223779,8.292514858501297,-5.168181256372101,9.093717986223648,2.273500472915416,-0.21701746327536448,-5.2155697476498935,-1.062717268205419,-3.118934875848342,-5.015684362728985,-2.5665814558766327,1.780263493711851,16.553141647455643,-27.152573089210353,-2.1494461377056275,10.323249576043109,4.8305846075622405,10.730602421322647
234,-4.087957476170695,-0.757660920788743,0.35234204542880154,4.836085066807513,2.1183829441362496,3.743606119739766,-4.334520433326157,4.702547001595399,-0.5656560562094863,-5.233864776029879,-5.20189002460363,9.422866505095545,1.5663813620197529,-1.663114255788375,6.06626204933439,4.5035073854485335,9.373405104997207,-3.063388393849743,7.243897548439551,0.29952668292181833,-2.7728759489801464,0.4810035277386101,-0.21911168159270772,-1.3640600379024233,-2.5448573572295055,-1.5139181455787347,-3.562198601206955,-2.681802466207621,-4.578570090994543,-0.5683045679209183,10.553688694019707,-21.682149312934097,-7.050896458783928,10.921359638778531,5.42109236425283,3.7546054907143116
235,-5.9661452061667735,-4.547054721384632,-1.358613246557664,-1.1882783350895862,1.299201530765514,-0.005430679540244901,-6.162798462321564,3.9330006521575305,2.1762626155906792,-6.351661609447732,-10.152561982067263,1.6721930406531509,-3.4273593401422304,-4.068825945562246,8.166337192210616,4.730346956423351,6.822469476686448,-3.749180589631504,1.432780078479222,-6.335979849100113,0.3469221008067228,-3.176801505137463,-0.9172757562934136,-4.023177620099515,0.4223935762230231,-2.831683469061949,-3.191070250102452,1.7245402874387041,-5.175633563374986,-2.349266030122431,3.847678138285267,-9.392272971114334,-5.628238852534976,7.176837931045008,6.686801350846583,-1.654295813064186
236,-5.255158511959777,-4.830341888781713,-2.701275998232316,-4.3914161519128445,1.7584402013798148,-1.717042158452832,-3.892020207886793,0.2412851805589637,2.221220524943605,-4.7342507161048,-12.118261668146873,-6.322271801075157,-7.040946981128381,-8.234481412537244,6.297522289412362,2.891664220970504,0.42588935093003877,-3.133481327406302,-3.929364092800082,-8.339812796943042,1.5493273236313645,-1.232456231603817,0.27784944386506566,-7.07142862267032,1.5490320653331524,-4.45201076255465,-2.5499012336439018,4.9697704765261435,-3.5268876516089147,-3.302616060996542,-3.4499769082901124,5.686710599733859,1.0162991358309377,0.7357419619754869,5.630938730829833,-2.8250004612669652
237,-2.904894826363544,-2.1424020504464907,-3.49827927867977,-3.769031336721109,1.9066833738161593,0.10369923321188104,-0.5752049441620404,-4.385601466559634,-0.5724106358022106,-2.642287247034968,-11.15349544919267,-9.78202837066991,-7.882615488402697,-10.969425900250066,-0.37435812001325647,-0.88031789842917,-7.2217395378618825,-1.1387662247431523,-7.428773916497523,-6.194871908852032,0.25346241009478665,2.7210890261494383,2.1968529990741184,-8.590536093225284,0.7012945340604199,-4.83519388887347,-1.8239341153174031,4.811466354496625,0.1988245746006771,-3.2129916264390457,-10.02863559187675,17.04046372004918,7.310280398446686,-4.654932864010334,1.6435291244059194,-1.1631648339787308
238,-0.8199449092605893,1.4269252930368697,-3.4891768061384862,-1.0671352541872434,0.7474385317491026,3.401052623378987,0.4954444644402485,-6.684993030465379,-3.729229116926388,-1.852070333350602,-8.55012548699671,-7.573612396206174,-6.185023532610159,-9.575012828622546,-7.570865577580977,-4.117333221192262,-11.286826730990896,1.090234859865539,-8.273891920337872,-2.774113492089875,-1.8061048529890118,4.698182433235402,3.3148796704350687,-7.3417467286392135,-0.5284049547448451,-3.163111066331669,-0.9344728339691551,1.673813744467132,4.297374408464043,-2.1592909608568465,-13.413264115854185,20.037602242158385,8.23226199466355,-6.314758346397049,-2.84133509470492,0.16365044457571848
239,-0.11679602128320507,3.657736456819943,-2.3850264798621743,1.0399653345954663,-1.1355004520440588,4.793165504172141,-1.022235050493357,-5.109498727686551,-4.559159255757624,-2.2034781338000786,-5.678281186186537,-2.72415171715678,-3.276877391095064,-4.442135932494183,-10.01542481886489,-4.619389593601227,-9.307381301510091,2.136269770638675,-6.443432090233784,-0.5235166269905713,-2.4962193090088514,3.506698798160164,2.7975778607081394,-3.788539855455866,-0.648368628657594,-0.3595579600493823,0.10627077732767377,-1.8690929108736467,6.390046741281237,-0.75807251370683,-11.964623477994179,15.105345979028819,3.6126988548405317,-4.68270572966763,-4.860119163990021,-0.434058386452344
